8.426031713566474,28.859749681737828,11.1
7.130067272208122,28.741425630399167,11.099999999999996
10.001897720605461,28.52712212623026,11.100000000000003
9.137871407039837,28.83344797639324,11.1
9.196546242679473,28.8010975350903,11.1
8.386403936744436,28.806869221967226,11.100000000000001
6.772392410222745,28.11198353109076,11.1
5.969336701246217,28.669595932356565,11.099999999999998
6.596359029873338,28.032405184240307,11.099999999999998
6.318036421696312,28.284783410389515,11.100000000000001
6.16357443691768,28.662006899719177,11.1
6.772094533714915,27.87056448323673,11.100000000000003
5.153714176041791,28.566462196419227,11.099999999999998
5.31075938261375,28.185980575560365,11.099999999999998
5.301477692532521,28.322736523127542,11.1
5.248135840794857,28.450750331029884,11.1
5.533962782959947,28.354417192779096,11.1
5.1193104748189535,28.243766162205585,11.1
11.579996290371113,27.77191296154405,11.099999999999998
9.232877635484229,28.56319555432122,11.1
11.414726667928019,27.68479116284312,11.100000000000001
11.462986962484262,27.757613589706637,11.099999999999998
11.45767905084016,27.761762191637775,11.100000000000001
11.100855206676394,28.14819841999755,11.1
7.806159111819607,27.282158673331505,11.100000000000001
6.044392404467703,28.36709529031378,11.1
7.280023198939714,27.327206186614866,11.1
7.497785220110708,26.437038726429925,11.099999999999998
7.1764603135622655,27.87394746793985,11.1
7.252667756456985,27.012101651828264,11.100000000000001
5.444246562319005,28.01695550176122,11.099999999999996
5.217448652665845,28.064033879492666,11.1
6.160100318465582,27.48100891412805,11.099999999999996
6.465555397297247,27.45072526968426,11.099999999999998
5.640977763229689,27.106773740595507,11.1
5.839341358429502,27.832329841488257,11.100000000000001
8.099968884854315,25.560949552668394,11.1
9.195468851293867,25.921403906830832,11.100000000000001
6.836073320348964,24.5164732521101,11.100000000000001
8.766151914126922,25.886776685448147,11.099999999999996
9.241618757139452,25.471995978711753,11.100000000000003
8.78634173522451,25.9819969099736,11.100000000000001
7.535265799671178,27.729653309024076,11.1
7.7112529619828445,26.40548973545859,11.1
7.457009725120584,26.123682083463592,11.099999999999998
7.641590626275209,26.26734754118653,11.1
7.15139209381791,24.485906214941828,11.100000000000001
7.0187034191955044,24.417759998636868,11.099999999999996
5.946802596420749,27.02844880792407,11.100000000000001
5.719241380487142,25.55085738497548,11.100000000000001
5.628704649011626,26.612207316608757,11.099999999999998
5.718240761210452,27.25047454363212,11.100000000000003
5.560356626290078,26.353503274057182,11.1
5.691494872618808,27.252385697320857,11.1
10.415009520766862,22.41537356257848,11.100000000000001
8.707960274604641,23.837012153580837,11.1
8.355353867579899,23.67025629310777,11.100000000000001
9.23066777152589,23.774389086589082,11.1
9.618713924598799,23.89188385152693,11.099999999999998
8.656436918608454,23.835558304696722,11.1
6.522930377888658,24.165308004260154,11.1
7.047537254424906,22.607970910572732,11.099999999999998
6.404389210276702,23.86249242161284,11.099999999999998
6.869335827724748,24.455830451261924,11.1
6.6150106906537145,24.678830386823865,11.100000000000003
7.318577021899858,24.26041452448997,11.100000000000001
6.104945527494985,22.3317904969426,11.1
6.263834691630699,24.380186031025477,11.100000000000003
5.69097085271708,23.716896897210674,11.1
6.108490044037825,24.82302445950972,11.1
5.700090258891102,24.45412304727426,11.1
6.087452759269009,24.04685932165921,11.100000000000001
8.753231058479768,20.376318513464312,11.1
11.810479828776408,20.602940398108675,11.099999999999998
11.930549733763991,21.248486679149543,11.099999999999998
12.084901214699103,20.645264097799412,11.1
11.16234353326435,21.05809501695505,11.100000000000001
10.042016962844523,21.273009382548683,11.1
6.933342282546182,19.902839558508568,11.099999999999996
6.985636852704917,20.38556846969056,11.1
6.944151367607115,20.67795576973522,11.100000000000001
6.501144127419068,20.441153008864774,11.099999999999998
6.705947854003879,20.45383642040139,11.099999999999998
7.11730888038137,22.071820372106703,11.100000000000001
5.897553364782357,21.805169000704517,11.1
5.665614213583126,21.94462871101745,11.099999999999998
5.522877171265592,22.318937036679962,11.099999999999998
5.78143144385065,20.746524605229446,11.1
5.8763264328317595,21.70611618600639,11.1
5.9261792642257864,22.21716950760951,11.100000000000001
8.925344219642426,19.517897350096646,11.099999999999998
9.722558742085086,18.61756022130109,11.1
7.68846503953056,19.226516910285444,11.100000000000001
7.806822001549144,18.72052704506602,11.100000000000003
8.121526619280955,20.181866479728154,11.1
10.276607485196937,19.81107036780352,11.1
7.114570750528646,20.1244729309832,11.1
7.410444449999393,21.899043769596002,11.099999999999998
7.7415450414113325,20.15091828339251,11.100000000000001
7.40288553713318,19.852250582200117,11.100000000000001
7.462092481109012,19.957448125203936,11.1
7.646322650111745,20.179398860868133,11.100000000000001
6.729480967548354,20.21280364107025,11.1
5.7911845084509945,19.678099073814177,11.1
6.198446128693196,20.16066299194867,11.099999999999998
5.924291959204636,19.7119092479035,11.100000000000001
6.148620989463663,20.638260498159212,11.100000000000003
5.298643811503924,20.18530339158705,11.1
8.807003670412191,17.09190395794316,11.1
9.119294373280635,17.285602423899658,11.099999999999998
9.656784084993246,17.155098482000668,11.1
9.709230270286493,17.12101743918735,11.099999999999998
9.16190807797758,17.270631012223017,11.1
8.515026470105806,17.30946352217827,11.100000000000001
8.80966210206108,17.221243897534123,11.100000000000001
8.625809615582757,17.330768888226086,11.099999999999996
8.86863095299789,17.09711768401179,11.099999999999998
8.888590179722613,17.468007838664796,11.1
7.960190089871733,18.25989170753858,11.1
9.220846755929655,17.562435909869993,11.1
8.731202291272734,17.986533580201872,11.100000000000003
9.140212585318078,17.742561697899454,11.1
9.57259806516722,17.607468002977743,11.100000000000001
9.049700775708484,17.783743335490204,11.1
9.787324238037431,17.680402964989092,11.099999999999998
8.90147260772463,18.180391989332044,11.099999999999998
9.610826734663858,16.94809073267369,11.100000000000001
9.661826554422824,16.902638665500927,11.100000000000003
8.790660944245944,16.969632716981103,11.1
9.112562471960906,16.973207859139915,11.1
9.789077098167096,17.06034961346408,11.099999999999998
9.717096031601745,17.055344396879036,11.1
8.232909597927591,17.09442637029133,11.100000000000001
8.199089100141805,17.009830012382587,11.100000000000001
8.07734850015342,16.997197899026855,11.1
8.169126833324661,17.075658663119587,11.1
8.391543238479413,17.17891524097002,11.099999999999996
8.446077788910662,17.094234305638064,11.099999999999998
9.280998698031711,17.166309697617145,11.1
8.7504387619632,17.21675143367757,11.099999999999998
8.743136379933555,17.118478005042803,11.100000000000001
9.253794932662345,17.137231146691576,11.1
9.699557645213218,16.96790486816164,11.100000000000001
9.112523767335484,17.01012810854835,11.100000000000003
8.175152540193345,16.808856352839033,11.100000000000003
8.249904927141664,16.883043210529497,11.099999999999998
8.105490351072987,16.81058427737718,11.099999999999994
8.317131120473531,16.876269662707497,11.100000000000003
8.156807592189361,16.86353207789566,11.1
7.77271048372229,16.864148121563037,11.100000000000001
9.859943965283612,16.85215764684516,11.1
9.198128381774865,16.78709879536082,11.1
9.350708519458578,16.78752604310643,11.099999999999998
9.57002066807545,16.78845666045868,11.1
9.858287403218375,17.029617328063992,11.099999999999998
9.87406097576462,16.983020879395617,11.1
11.909153955707506,17.842550080315696,11.099999999999996
12.495534494806261,18.35291051028884,11.099999999999996
12.01422493228234,17.79076471723937,11.1
11.89838359237368,17.676834820474657,11.099999999999998
12.068851284892062,17.870889130562176,11.100000000000001
12.022729880863285,17.7734774076404,11.100000000000001
8.659649106478865,17.47766010359718,11.099999999999998
8.196434748175651,17.147348076597158,11.100000000000003
8.416817269793764,17.166707401601553,11.099999999999998
9.199220667459455,17.541599735027532,11.1
9.071774525248832,17.30133172455394,11.1
8.817144702443626,17.155575444150635,11.100000000000001
9.826754126500878,16.807042094376445,11.100000000000001
10.002637685558117,16.92581875528075,11.1
10.301359497068804,16.979366855907514,11.1
10.6089959642475,16.972395642328934,11.1
9.483107391882934,16.951982093712815,11.100000000000003
9.310552011837665,17.322983077966857,11.1
12.03381313735684,17.679139033901365,11.099999999999996
11.88803344513267,17.799384211512205,11.1
11.822762856165122,17.55441160600164,11.1
12.065412700799367,17.729999561531738,11.100000000000001
12.084311079425785,17.771236355106012,11.099999999999998
12.023933877785822,17.736383588236617,11.099999999999998
7.151718221740125,21.5486163771604,11.1
6.846390754729233,20.963161255116297,11.1
7.189310864232855,20.574562793564215,11.1
6.867415540926889,19.93720364303159,11.100000000000001
7.176297051066732,21.291838136398386,11.099999999999998
7.691766571809775,20.534632304296267,11.1
11.959481095195683,18.403947009732196,11.1
10.67756782510063,17.637265710826856,11.100000000000001
11.402946614362282,17.904054621486722,11.099999999999998
11.092244414396646,17.796510180532202,11.099999999999998
10.061560988940887,17.087522032221298,11.100000000000001
12.578592338337558,18.031021064425662,11.099999999999998
12.438424261035289,18.57467589336916,11.1
12.724806210476956,19.52227152355826,11.272173680511246
12.62454084494345,18.6587795452168,11.099999999999998
12.580078472216778,18.686163776294595,11.099999999999996
12.632263309845921,18.586900833807086,11.23269594694628
12.552193949629988,18.748091629086122,11.100000000000001
9.190569953458652,21.49208850796443,11.1
8.386768834868677,20.611178841255413,11.100000000000003
7.317938871063696,20.550534368190558,11.1
9.655073210025614,21.08299743262908,11.100000000000001
7.880224945448185,20.711268749070495,11.100000000000001
9.091466723840412,21.25068755909853,11.1
10.104288997732974,22.632060301027643,11.1
8.971335830898337,23.180592232622097,11.099999999999998
12.139787747088178,23.110462525607556,11.099999999999998
11.203408021031885,23.218080106134746,11.100000000000001
10.963554778177555,22.296393352757086,11.099999999999998
10.36328518342329,22.399705749081207,11.1
12.82802374672895,19.848753007201054,11.100000000000001
12.904457880000002,19.640734035506014,11.1
12.90445788,19.942828759503566,11.100000000000001
12.904457879999999,19.309155627527332,11.099999999999996
12.904457879999999,20.69761154795554,11.414414578746587
12.90445788,21.031058090971893,11.1
6.938636946123156,24.14314014882125,11.1
8.272755765899596,24.88673942314616,11.099999999999998
10.164761157542491,26.041262500456746,11.099999999999998
9.047999760826594,24.955734282660302,11.100000000000005
7.169717593240078,25.537007835882434,11.100000000000001
8.163781342783956,24.923565309321557,11.1
10.850528286062985,23.07422116509167,11.099999999999996
10.209416896142095,22.99020876581621,11.1
11.78139996209534,22.87539256980605,11.100000000000001
10.92315171271166,23.852805840588758,11.100000000000001
12.198928446188628,23.440875861897798,11.1
12.25913838110797,23.684566083429747,11.099999999999998
12.904457880000002,23.020780294951507,11.54928106114054
12.90445788,22.25071771310637,12.78584614154461
12.90445788,23.073408277589674,11.819408088173473
12.904457880000002,24.54700936464557,11.261309017925944
12.90445788,24.61377190765283,11.277063263796364
12.904457879999999,23.72647163811946,11.723265958593528
9.096463415548088,26.515464485726316,11.1
9.005700630468333,26.823615535927427,11.100000000000001
7.520248927377249,26.260795174107564,11.099999999999998
7.64372813766873,25.807989911930353,11.099999999999998
7.9432078331385485,26.416896144876272,11.100000000000001
7.943400024537092,25.845735048827752,11.100000000000001
9.81395320471665,25.44339607370355,11.1
11.632076721741926,25.103130640409315,11.100000000000003
9.282553641987077,24.950272775094856,11.100000000000001
10.653828354236815,27.102300630521167,11.100000000000001
9.753212225632007,23.55485820701642,11.099999999999998
9.874343340805982,23.765339401007978,11.100000000000001
12.90445788,23.45305014076647,11.769723367948869
12.782150190086652,24.941271655680385,11.1
12.792775026945591,24.90248582272539,11.673290588623939
12.904457879999999,24.850790102373175,11.664116692192989
12.669319735512651,25.439370827850432,11.100000000000003
12.904457879999999,25.54241878932323,11.80129803335031
7.295082077186131,27.58627065252768,11.100000000000001
6.383234271950456,27.721552652071058,11.099999999999998
6.95811073860644,27.683673280373558,11.1
6.900630794570976,28.0383700793347,11.1
7.27414074998351,27.7612773392222,11.1
7.192088005256565,27.801604390022593,11.1
7.190512317976053,27.871837089111594,11.100000000000001
9.572225324843108,27.987771010254328,11.100000000000001
7.581175221507414,27.40207693281577,11.100000000000001
10.438074344520441,28.2474655379716,11.1
9.519755156730145,28.00488276935157,11.1
8.718194973739076,28.005314884554515,11.1
12.506979226314742,27.806423073936536,13.833154167010736
11.770567753081266,27.911354747003113,11.597879086642152
12.609236015259741,27.647656053429415,13.10258852760845
12.639754833955374,27.826304385010715,14.141109857218506
12.710782257201906,27.570003333268446,14.006865227144402
12.325380185718195,27.859509576145747,12.308632767831332
6.617158832513243,28.42573537326542,11.099999999999996
6.611772407933904,28.57597434524118,11.1
6.594719304973526,28.809504120767443,11.099999999999996
7.450101131843462,28.435623821383373,11.1
6.76499731234299,28.75366462107768,11.1
6.779352896776886,28.26588422050888,11.1
8.821588957315646,28.83214986965786,11.1
9.755230370230183,28.6505739339989,11.100000000000003
10.316077181436258,28.554745605420134,11.100000000000003
10.505080496123629,28.460268608490974,11.099999999999998
9.855796561940593,28.639285775196985,11.100000000000001
8.485462698536855,28.734188762255755,11.1
12.70907121241916,27.565433429955714,13.65212828084728
12.904457880000002,27.274686903386105,14.484441882407479
12.90445788,27.25608122233674,14.621609415025487
12.90445788,27.301948603516834,13.547386866609134
12.723810103013143,27.544857064271735,13.285986317927657
12.904457880000002,26.82111713126188,13.742272535004261
9.461384654125162,28.185853305507415,18.499999999999996
7.975848460683265,28.934302172598315,18.5
8.93279226847688,28.752639788170427,18.5
7.059747030060026,28.808608237409388,18.5
9.00709384411942,28.82042089968163,18.499999999999996
8.207522510568996,28.877027725420284,18.5
6.397349270449414,28.536099593794514,18.499999999999996
6.288805753771145,28.73419356230286,18.499999999999996
6.325488078921458,28.43339371404878,18.499999999999996
6.489806212355401,28.735178278980275,18.5
6.306694607539621,28.430572617377745,18.5
6.313437901284659,28.78035785048805,18.5
5.940174927991826,27.743880777054144,18.499999999999996
5.860398781441664,28.447248611756613,18.5
5.8188134659303365,28.142751519924843,18.499999999999996
5.558611059987821,28.273786910877945,18.499999999999996
5.972766562742867,28.25858616869019,18.5
5.761649628740958,27.86200927521183,18.499999999999996
10.998267042368424,26.997767820372193,18.5
9.984403830821716,27.54830172927545,18.5
9.51537540381808,27.41568619535033,18.499999999999996
9.701297345388046,27.53929396998783,18.499999999999996
9.427883536757024,27.93485157512246,18.5
10.431947872393557,27.61131658650867,18.5
6.073697502288748,28.2929549156938,18.5
6.681126554772286,27.136827075498893,18.499999999999996
6.212944719446354,27.610413720555123,18.5
6.281046789165846,27.639529617116544,18.5
6.290923323851864,27.608596930304486,18.500000000000004
6.230036294768025,27.443367156021857,18.5
5.533246737693214,26.05565818044409,18.499999999999996
5.477836593173396,25.57528753479547,18.5
5.487455031345707,25.583793264538023,18.5
5.521466619310977,25.613615934018103,18.500000000000004
5.914135452802604,26.419356965891886,18.500000000000004
6.376300291587431,26.323767948600008,18.5
9.79428842470663,24.57124334646363,18.5
10.677896024983074,23.854332129149086,18.5
8.98249490018943,22.895308003972307,18.5
8.920087390415038,24.45504915776879,18.500000000000004
9.27581602080392,23.458469907311862,18.5
8.780782708723681,23.690606111502564,18.5
6.960908230219901,26.630940875775313,18.5
6.295199308323576,27.488310895160282,18.499999999999996
6.66589780677837,27.421784643149802,18.499999999999996
6.597634071890669,27.46389020933902,18.5
6.977148257200502,26.984537494016287,18.5
6.871711131025252,27.109170517840578,18.500000000000004
6.770121381037228,25.658781598255356,18.499999999999996
5.955730218045502,25.628833459082784,18.5
5.908113647998635,25.377824772340873,18.500000000000004
5.497915363639075,25.846144063938674,18.500000000000004
6.795596611636984,24.7450202696818,18.500000000000004
6.025623970195418,25.15751042223177,18.5
8.91342564620896,22.97698932335673,18.500000000000004
9.79643916323211,24.338839862585047,18.5
9.476328069057805,24.24373209977798,18.500000000000004
6.811785728815805,23.179668823654197,18.5
8.52367944287324,24.13927899310112,18.5
9.706446462126564,23.500943424762234,18.500000000000004
7.277328301247812,25.462430115431108,18.500000000000004
7.885203069671699,24.811098957834464,18.500000000000004
7.4655171550989765,25.46400737996362,18.5
7.5875818423187225,25.465016109769596,18.499999999999996
7.268399430819261,24.73060166749438,18.5
6.972051558628099,25.79221897983424,18.499999999999996
6.719503924850299,23.343591973665212,18.500000000000004
6.686231675891181,23.881938118919813,18.500000000000004
6.80722248577528,24.08871505550945,18.5
7.190867927502218,23.414733975073904,18.500000000000004
6.1348826848489875,24.053781751106875,18.499999999999996
6.6034030216417445,24.440358770364668,18.5
9.155490877593243,22.922578791936562,18.5
9.290635703696331,24.221446979929734,18.5
8.408050865699735,22.783290416828134,18.499999999999996
8.911320782854391,20.427865078493607,18.5
9.268702589635822,22.731543654936534,18.5
7.494322331567726,22.964283596956378,18.5
7.745908770884188,23.783465323704835,18.499999999999996
7.92284232799943,24.751763910808176,18.499999999999996
7.774415322661255,25.051075047686936,18.500000000000004
7.700331582333606,24.76127127770105,18.5
7.588524329822401,24.880586568982554,18.5
8.070646295914862,25.196723160351212,18.499999999999996
7.0902969821687,21.958986816860826,18.5
8.135534908634256,21.46038797833982,18.5
6.853657345630501,22.894313924206205,18.500000000000004
6.929278274761688,22.605953203031223,18.500000000000004
7.154555498779224,21.932949450564216,18.499999999999996
7.312196666827042,22.84745930071668,18.500000000000004
10.357159307750367,18.239267259127683,18.5
10.166917494298835,18.890715165720135,18.5
9.901891549852825,19.749144585614573,18.500000000000004
11.16405703630477,20.096639066532383,18.500000000000007
11.874759031448162,19.58980909372996,18.5
11.850297761042844,19.61520160958134,18.5
7.624562554597718,22.062611395519838,18.5
7.3841468806396975,22.214029942526988,18.5
7.4351648927888805,23.11175661221085,18.5
7.465596972396737,21.991673379175424,18.5
7.903687116535709,22.866391941193562,18.499999999999996
7.596368534067049,22.73358402759696,18.499999999999996
6.392475497329972,19.698337919728566,18.500000000000007
5.7311741008377455,18.651328926852585,18.5
6.4298501089900535,21.18497296801776,18.499999999999996
5.529607200519148,19.309564790599183,18.50000000000001
5.639227183607347,18.58265088598557,18.5
5.3746655794655736,19.025780803457334,18.5
10.38779134249346,18.02379490814289,18.500000000000004
9.260556098952893,17.815046991452956,18.5
9.305746339005367,17.79890494486615,18.500000000000007
10.420793146612214,17.852333002590555,18.499999999999996
8.786363958831435,17.603805795479687,18.499999999999993
9.572928468845436,17.833716268253486,18.500000000000007
5.453099354225107,17.641383126644023,18.499999999999996
5.798998916742082,17.59369494617794,18.499999999999996
6.356381716316617,17.73976888073627,18.5
5.941794781495821,17.50081766027367,18.5
5.982097025086567,17.801652423995485,18.499999999999996
5.705293639751781,17.97998901317145,18.5
7.26191984841147,19.034970638794746,18.499999999999996
7.318980279734263,19.131846284314754,18.499999999999996
5.906817500352252,18.124854680348275,18.5
6.132690073361991,18.408116534625876,18.5
5.932624476330785,17.716503862736275,18.499999999999996
5.644348182444199,18.07048465845908,18.500000000000004
9.1465326603474,17.41287247498908,18.5
9.466122886206792,17.501055136462124,18.500000000000004
9.03307350619358,17.42282969032531,18.5
9.06318548693937,17.43312471820462,18.5
8.64920486114361,17.318939695096557,18.500000000000004
9.397888126933509,17.426550355331237,18.5
7.348936479963452,16.87652189690127,18.5
7.18267502816685,17.02268839209579,18.5
7.293729690158388,16.93837175538591,18.5
7.117302058424924,16.93623826292293,18.499999999999996
7.366816808546759,16.888291617152074,18.500000000000007
7.219714473230914,16.918712622977758,18.5
6.27619713271644,17.39213204376925,18.49999999999999
6.973483921176569,17.224667266735963,18.5
8.50557891348001,18.34056499838654,18.5
6.444725342834916,17.347689245011303,18.5
8.043530154424849,17.336675811051602,18.499999999999996
6.984808806705348,17.07550633115845,18.500000000000004
7.265200309650549,17.028592868447042,18.500000000000004
7.159587976349451,17.221505766080618,18.499999999999996
7.299043774614231,17.490105891043605,18.499999999999996
7.640261965536241,17.417614887137884,18.5
8.533954882107679,17.210815304311794,18.499999999999996
8.090032221563678,17.32926355764813,18.5
8.89563240017953,17.356973318839795,18.499999999999996
9.26304003064463,17.264294077379883,18.5
9.554270567691141,17.25477185389726,18.5
9.34069813828707,17.242618840830183,18.500000000000004
11.736843040375769,17.804391008439648,18.5
9.89722478680636,17.278561868353975,18.499999999999996
12.639909898383362,19.45647742776798,18.5
12.418394717766878,18.962824650575023,18.5
12.428146356835686,19.05792939000021,18.5
12.625869924876094,19.446290920952148,18.5
12.53887753356801,19.292870244311267,18.5
12.338631115142684,18.83318502920967,18.5
8.519751625285508,17.578684873187214,18.500000000000004
9.08570736234564,17.58856254720687,18.5
7.882528260592709,17.900206273399558,18.500000000000007
7.056144175281416,17.798420791738383,18.5
6.724288595971503,17.57823076369666,18.5
8.158158855517618,17.350875725145606,18.500000000000004
10.98461067809503,18.252129180101136,18.500000000000004
11.019231243765612,17.656523005760654,18.500000000000004
11.514613836282656,17.7586730263651,18.5
9.771514966846736,17.906984041432366,18.500000000000004
12.13063639412741,18.19101538844453,18.5
10.843893438723896,17.652212987088145,18.5
12.375509902670833,19.578201058159113,18.5
12.26119954803086,18.84843727718316,18.5
12.207256556622859,19.122993554995798,18.500000000000004
12.173463857212353,19.07658014559893,18.5
12.237893967802954,19.20626935414357,18.5
12.08251050635578,18.751752966195664,18.5
8.503529899960565,17.878518592024417,18.5
7.325715061361995,17.438258613318098,18.499999999999996
9.451114833766287,17.75525647610988,18.499999999999993
7.687622971406299,17.40364111216237,18.500000000000004
7.089745508592761,17.119256078947853,18.5
8.980101212715283,17.675026082294686,18.500000000000007
10.673792036060949,19.695776686935506,18.5
8.57605977767165,20.60441259401374,18.5
10.768277008993506,20.80040377813592,18.5
9.6977458033637,20.40807714441533,18.5
8.431831054981009,20.65195494519928,18.500000000000007
11.834790564541164,20.786650775909088,18.499999999999996
12.345138696408693,19.005392424878384,18.500000000000004
12.240694277777045,19.055220612166092,18.500000000000004
12.454147767718679,19.263223949448303,18.499999999999996
12.229367567898136,19.11644076419303,18.5
12.643368317275641,19.398390353001318,18.5
12.07994303374493,18.84894160175015,18.500000000000004
7.410770253283897,23.35674514060797,18.500000000000004
8.487554068963327,23.657669498725575,18.500000000000004
7.5870610261609315,22.084787039163864,18.500000000000004
7.65691856629934,21.513108065821175,18.5
6.963804549240569,22.147564423587507,18.5
7.727424048275835,21.28982828591464,18.5
10.448558607868954,20.76605398823375,18.500000000000004
11.341087369207697,18.904051501179367,18.499999999999996
11.850128257197992,19.660018900973643,18.499999999999996
10.811405770239984,21.179384456824735,18.5
11.999286802542667,19.887774067212916,18.500000000000004
8.803690546705969,22.34324830683826,18.499999999999996
12.51483522603037,19.999703148293055,18.339880079115318
12.738612392260002,20.08957658808757,18.5
12.64201427985812,19.957812671872873,18.5
12.82175768851425,20.25211437380478,18.199188387708073
12.746230498034441,19.907588967054213,18.368420284896864
12.124050082969365,19.591480202983583,18.500000000000007
9.217749513032611,23.98708553223605,18.5
8.30805282762733,24.53173598907025,18.5
8.46785545399298,24.288596651858484,18.5
7.334336877943454,25.405706982596854,18.5
8.460183363270284,24.71627340321543,18.499999999999996
8.555770154029291,24.515474857786778,18.5
10.701734833549054,24.854115782287316,18.500000000000004
10.634403773360434,25.09537534899787,18.5
10.659643962748369,23.78186119845134,18.499999999999996
11.186713550041638,24.81532844122385,18.5
9.921605859700563,24.127840001414853,18.5
10.508694517940771,23.230189298909487,18.499999999999996
12.90445788,20.9684540604371,18.32283242304147
12.90445788,21.687339937629805,18.5
12.805120999561751,21.62822721245823,18.499999999999996
12.90445788,21.555304983994834,18.500000000000004
12.904457879999999,21.752242420322617,18.5
12.904457879999999,20.844618631098243,18.499999999999996
8.248420472016827,23.737376384011394,18.499999999999996
6.741834512363233,25.882222810476225,18.5
8.392579247046333,25.843567560615767,18.5
6.8976405624419765,25.733842388314915,18.5
8.350866211385819,25.192567391570496,18.499999999999996
7.251290172854681,25.563064826380206,18.5
9.385091098386946,24.50962017331383,18.5
11.085358541906201,23.85923299295146,18.5
10.247062454051708,23.512446866023726,18.499999999999996
7.476401771234643,25.480774572121433,18.5
10.740807941387201,25.06436218202798,18.500000000000004
8.856035421466354,24.34308961339251,18.5
12.90445788,24.307585741314515,18.316861702516697
12.792491671557,24.194020519064473,18.499999999999996
12.90445788,23.063298830300802,18.499999999999996
12.90445788,22.838743222113767,18.5
12.90445788,25.62401756237324,18.153251890379007
12.904457880000002,22.964694487749718,18.499999999999996
6.573925384710135,28.867578659075313,18.5
6.284969699554107,28.54485216624761,18.500000000000004
6.142338290822243,28.413926360179516,18.500000000000004
6.4764387575052265,27.877956025081826,18.5
6.085476392746398,28.363038667646332,18.5
6.319514210133996,28.48819900931545,18.499999999999996
9.21960438457275,28.668771242190772,18.500000000000004
9.694500336229531,28.70584193856343,18.5
9.257380950136621,27.94477204580171,18.299132001659473
8.636925210496207,28.46362823530965,18.499999999999993
9.02514578935831,28.90708566780486,18.31982572943684
9.285415031596905,28.8415120731821,18.5
12.64947448708599,28.041730035479823,16.099467234775506
12.289520517537794,27.37601115865987,18.500000000000004
12.795973937418083,25.1030973153186,18.500000000000004
12.90445788,23.954906997935407,18.108852859391096
12.90445788,26.582289110438126,17.67866505521794
12.796147339594059,25.172322359873156,18.314650688368488
7.172541548354574,28.97916423536015,18.5
6.512148386775114,28.787810255860144,18.500000000000004
6.318165825824932,28.680189484743384,18.5
6.318982586938111,28.58069965138591,18.500000000000007
6.509093952796419,28.819756345016728,18.499999999999996
6.628913563644568,28.86574274213197,18.500000000000004
7.6951891180905605,27.986818733149708,17.437053724415588
7.449000795772364,28.88599070724842,18.31025055213797
10.029564814080823,28.60822444398985,17.29019018068396
8.872500087552481,29.060458080308834,17.425913911179826
8.33554816652602,29.07385675915895,17.528798187406863
7.552703548523877,28.961632770906483,18.5
12.904457880000002,27.72328282393311,16.16541723025776
11.433855423042488,28.75171480305612,16.325410334306664
12.435043833159938,28.102154512387052,17.448295340297193
12.678800521103815,28.17853065528024,16.291826110159192
12.90445788,24.747782222045725,16.449418028901462
12.904457879999999,25.59609582841278,17.264941503136022
9.848946155636911,27.71871884956132,11.099999999999996
8.484059985978467,28.440871363696523,11.099999999999998
12.245065168394932,26.554768528061278,11.1
11.351530481267146,28.05685648667642,11.099999999999998
9.944344085054404,28.17155217176474,11.1
9.740313757634269,28.64675627636229,11.1
5.697759551953861,28.5721164610994,11.1
6.504602696390339,28.444679269730887,11.1
6.376720769598854,28.497071207960776,11.100000000000001
6.662280378826124,28.60223089643246,11.100000000000001
7.0727439108511785,28.682096996354197,11.100000000000001
7.057712966487708,28.698274264301638,11.099999999999998
5.990126800858383,28.511412293522525,11.1
6.24398275832774,28.203523001187147,11.1
6.968411504910783,28.717097823090217,11.1
6.254926346679584,28.46596362273267,11.099999999999998
5.726888255036082,28.304945864405475,11.099999999999998
6.456564666821135,28.243546486012377,11.100000000000003
12.233673672942006,27.20415557955787,11.099999999999998
11.900078886129306,27.597741422620068,11.099999999999998
12.301116597173868,26.154261692171367,11.099999999999998
12.310670724434232,27.17930840095136,11.1
12.542540735027092,26.553417733585604,11.100000000000001
11.633711896471539,27.348325998821196,11.1
6.748349046627964,27.406985515214462,11.100000000000001
8.852092879118334,27.781006046625823,11.099999999999998
7.705128962847879,27.551133339424602,11.1
7.392699174072624,26.61510380849896,11.100000000000001
7.135097043878496,28.200276469324706,11.100000000000001
7.405977353878117,27.27503153968769,11.1
5.2004014390174875,27.765407960292837,11.099999999999998
6.801787768275278,27.584235227083887,11.099999999999998
6.04714549361661,27.91984185933591,11.100000000000001
7.234118685593058,27.237644817469185,11.099999999999998
5.856906632928928,27.658184160610915,11.1
6.411671772708868,27.503965492785778,11.100000000000001
10.69727567957868,27.104702200583557,11.100000000000003
12.787906958641564,25.10936547076021,11.099999999999998
12.638983853701411,26.90695688057671,11.1
11.256935702119689,23.916858402080745,11.099999999999998
12.45649018301102,24.141655656023833,11.1
10.964736683475579,25.467941900599534,11.100000000000001
7.2480874504057,25.59436551684482,11.1
7.629313667002808,25.555730270731754,11.100000000000003
6.611049147650239,25.653355843058947,11.100000000000001
6.1356727187471,24.791231437526566,11.100000000000001
6.581224485652503,25.284275818418802,11.1
6.595899926615745,25.78826116001124,11.100000000000001
6.035734277363133,26.794488605970553,11.099999999999998
5.777412214026066,27.8949627108605,11.1
5.72810513451197,27.903834387947043,11.099999999999996
5.497907006474566,28.003849879816848,11.100000000000001
5.405274937314471,28.103118941947162,11.1
5.742876822553469,27.932672379462378,11.099999999999996
12.715078994150337,23.93090860115879,11.100000000000003
12.736392942700496,23.05473577273331,11.099999999999998
12.819408954968656,23.173847763098067,11.099999999999998
12.810644022988207,23.841226854295634,11.100000000000001
12.904457879999999,23.09510169945286,11.1
12.90445788,22.990488809894423,11.100000000000001
7.467989953982655,24.716574714626795,11.1
7.019662164090321,25.61535718225929,11.100000000000001
7.372056713388637,25.0838796193406,11.100000000000001
7.421256704521721,24.3241687684963,11.1
7.2264567991226905,25.644880670792013,11.1
6.922844323237899,25.589575401713258,11.1
5.944162463488357,22.163901325207796,11.100000000000001
5.596961789814511,24.351670117569324,11.1
6.080565139858242,23.822281983004814,11.099999999999998
6.240580072228108,23.821763534952133,11.099999999999998
5.888328603720398,23.638893587575094,11.099999999999996
6.025649404140536,24.42606906624666,11.099999999999998
12.904457880000004,21.910376742509506,11.100000000000001
12.004297301698552,20.708906337337602,11.099999999999998
12.904457880000002,21.231042913193306,11.1
12.79835767586173,20.34792351372481,11.1
12.21839696689675,20.41061953369652,11.1
12.90445788,20.43293150318534,11.099999999999998
7.108850261415848,20.77938349735947,11.100000000000001
6.55945120678931,21.43912844785477,11.099999999999998
7.24758014365595,20.154141417970518,11.100000000000003
7.581230350960967,20.506894929743964,11.1
7.662887260030171,20.7723964788764,11.099999999999998
7.55111651509484,20.747665734090745,11.1
6.527546786180773,21.77475451498914,11.1
6.42474719289459,21.076028092801042,11.100000000000005
6.457666672505246,22.132961914875928,11.1
6.420945402778251,22.13873775563858,11.100000000000003
6.395807143046791,22.750097871668178,11.099999999999998
6.77851491733021,21.545954865587476,11.100000000000001
10.747223013622229,19.271521171080398,11.099999999999998
7.936056932139948,19.570957233596175,11.099999999999998
11.312208353101392,18.88999714400988,11.1
11.051423031296203,19.119584295240585,11.100000000000003
11.675150285836763,19.52429973302241,11.100000000000003
10.041972257672537,18.63580508368834,11.100000000000001
6.7577091063736825,21.09480847363153,11.099999999999996
7.546126793554498,19.4253868926756,11.099999999999998
7.39579198069167,19.641091982100445,11.100000000000001
7.727892339282128,19.660364263121284,11.1
7.338429148787307,19.750823773407262,11.1
7.574422841320317,20.039977047785502,11.099999999999998
7.097858452129797,19.491723699680268,11.100000000000001
7.6012387714158205,19.446234262542983,11.1
7.587335983079001,19.416555988816988,11.1
7.100076829201104,20.11671407912731,11.099999999999998
7.310416137095768,19.887233809947688,11.099999999999998
7.7020228923124625,19.06314198360916,11.100000000000003
10.85797727391428,17.31674933822646,11.1
11.323381736825421,17.34767893868954,11.100000000000003
10.635076213300788,17.22319507838528,11.100000000000001
10.75322255529474,17.192032108956816,11.100000000000001
11.330749071293862,17.146417831352732,11.1
10.615451206378431,17.127896093248534,11.1
8.487141668536191,18.698314586697045,11.1
8.527178157736438,18.099179081619855,11.1
8.887932618568925,17.832658261057418,11.100000000000001
9.38442400016962,17.38180795221231,11.100000000000001
7.553143197195008,18.524365670761078,11.100000000000003
8.986102858527214,17.91046040566178,11.1
8.596646549870119,17.745213025721235,11.1
8.923826913764895,17.928303822510475,11.1
8.647564224072735,17.81675648036884,11.1
7.42306516441508,18.973962628101113,11.099999999999998
7.3446568650156365,19.36062287756023,11.1
7.913838289491466,17.94884672250511,11.1
10.918419718059745,16.974432470206537,11.100000000000003
10.775377347739715,17.068134290023483,11.100000000000001
10.390081144009127,16.897010975068067,11.099999999999998
10.94745665549368,17.051468287824058,11.100000000000001
9.298382810874912,16.957744695878404,11.100000000000001
9.769488935650266,16.799717184375552,11.100000000000005
8.29230588493068,16.913473288821816,11.1
8.926266406409239,16.807785995352603,11.1
8.376514273171855,16.814146348223098,11.1
8.841327853710515,16.858915027979243,11.100000000000003
9.136798377272324,16.810875118942644,11.099999999999996
8.995032836064393,16.75258580072526,11.100000000000001
7.427960773206587,16.987149541406165,11.100000000000001
7.150390771431498,18.363019844054314,11.100000000000005
6.984965556293756,17.426632312409165,11.1
7.93646279578537,17.081088777650372,11.1
7.2611230057405,17.01995313108092,11.100000000000003
7.164610223952909,17.04982750769745,11.099999999999996
8.586467488749342,16.79026502642022,11.100000000000001
8.812554167482807,16.756980820429817,11.099999999999996
8.03690153324102,16.792666779357674,11.099999999999996
8.497629232385798,16.85316728528013,11.100000000000003
8.529343765129852,16.811112223573776,11.099999999999998
8.55351529006776,16.784878113649,11.1
10.429067210921684,16.904501765200493,11.1
10.137855882115817,16.898312504968477,11.100000000000001
9.984413881399508,16.978872339565545,11.099999999999998
9.720673553680706,16.792776821561375,11.1
9.918410798230948,16.83924810033867,11.1
9.931477818559689,16.825615961389275,11.099999999999996
11.495135024355108,17.406848972773385,11.1
11.695594606262462,17.748865090537297,11.100000000000001
12.12730286508831,17.932508684387678,11.421580433151455
12.667102178375746,18.850626165802293,11.449631127653635
12.312398509474805,18.02786247944384,11.099999999999998
11.980387615754942,17.808399495351356,11.1
7.890063622779849,16.83133726475135,11.1
8.470986560950582,16.828336091514004,11.100000000000001
8.26135337087701,16.84939113138263,11.099999999999998
7.7836441585002625,16.910789200887486,11.1
7.934170196938502,16.87634571340169,11.1
8.438694433192666,16.95193501555573,11.1
9.495484786108205,17.021471966723606,11.1
10.877403835362385,17.166382864274652,11.099999999999998
10.290976527386196,17.09071504984237,11.1
10.66098627201205,16.973896903149022,11.099999999999998
11.246365744819721,17.178391063963975,11.1
10.874701219048227,17.26618590009556,11.1
12.474966791788729,18.690987540991394,11.100000000000001
12.372555303248213,18.365172618411894,11.100000000000001
11.911505783841525,17.90075815476871,11.100000000000003
12.378970088246279,18.25475796375488,11.1
11.684927217427829,17.588391993197977,11.100000000000001
12.398646695165041,18.196464484785757,11.099999999999998
7.224862922158069,17.019857622800792,11.1
7.742760227946524,17.059104858360314,11.100000000000001
8.24849782660531,17.226547373097933,11.100000000000001
7.837696310481144,16.97643858570189,11.099999999999996
7.55725216748161,17.195350674312966,11.100000000000001
7.710879488203959,16.926238763161166,11.099999999999998
11.220497009152504,17.023777795239525,11.100000000000003
11.697794779904724,17.698731878263605,11.100000000000001
10.870027835163048,17.182061682536446,11.1
10.990561620778134,17.139030389022146,11.100000000000003
10.457257321044393,17.113789142966063,11.1
10.916086530196829,17.147034250038647,11.1
12.217976338612226,18.075591075008578,11.1
12.409168154757765,18.663827585381608,11.099999999999998
11.252425553672007,17.589871819039352,11.1
12.672376384844425,18.76036755795516,11.1
12.069814030179899,18.06293916350824,11.100000000000003
12.708578155025503,19.026442878506295,11.100000000000001
8.134350355162312,21.729576178515327,11.099999999999998
9.58413156164655,25.49127128691702,11.1
9.006686745603517,22.41465565623825,11.1
9.140179241275664,24.98651108592611,11.099999999999998
9.340436746836396,25.926305212708517,11.1
9.902440987659237,27.487147026927573,11.1
11.405657517911617,20.145154627657885,11.099999999999998
12.735978126444989,19.99681079873785,11.100000000000001
12.31808592740971,20.015343489156308,11.099999999999998
12.356409632995474,19.91572551016765,11.099999999999998
12.702002016121359,19.71109081943003,11.1
12.050543283325018,19.12122235756597,11.1
12.90445788,20.482555557696312,11.468115124006568
12.904457879999997,21.670186564924567,11.099999999999998
12.904457880000002,22.494922289626743,11.1
12.904457879999999,23.39237914353113,12.374691587591366
12.685131681509782,19.651006261032425,11.099999999999998
12.904457879999999,20.18834133293109,14.178679918664484
6.871802933028504,23.176398196670952,11.1
10.663667767353203,25.69512444233154,11.099999999999998
8.69573698221181,25.74257050311999,11.1
8.426552898115105,25.894389178651224,11.099999999999998
8.20659966366112,26.398884235042864,11.099999999999996
7.4604073584909205,25.370692084886226,11.099999999999998
8.82715352047489,22.4900054153546,11.1
10.72188410492032,23.840145305594643,11.099999999999996
12.548558450627809,23.39811497050845,11.100000000000001
8.772114488847341,23.775747438039108,11.100000000000001
10.17579410604879,24.168708063386266,11.1
11.056975309229163,23.671708355743103,11.099999999999998
12.904457880000002,19.916520177114553,14.782216366280517
12.904457880000004,24.292863971279235,13.30006922360329
12.904457879999999,22.062653536107323,14.02313178724635
12.90445788,24.441270175871598,14.3341335883069
12.904457880000006,24.122693691667056,11.906163927332482
12.904457879999997,23.074637770849467,11.1
9.128444849505625,25.91921882376719,11.099999999999998
8.19622810563498,25.795749959901197,11.1
9.185094457494912,26.519027933804526,11.099999999999998
9.158249824251433,25.840539460351426,11.1
9.679101530623374,25.841592632628846,11.1
9.454086828925803,26.537307204099154,11.099999999999996
11.464500704229591,25.848085679318576,11.100000000000001
12.005083971352924,22.484234816631528,11.100000000000001
12.66875505217198,24.652701066977766,11.100000000000003
12.132958188590411,25.645871282006254,11.100000000000001
12.13561272900932,24.38845167722159,11.1
12.788314369634485,24.719422170311077,11.1
12.90445788,25.602479614950717,12.653385003742454
12.90445788,23.44022954093007,13.925879160613427
12.90445788,24.48211709121603,12.986579734145677
12.904457880000002,24.887480760344218,12.52114942623486
12.90445788,26.405026926877785,14.160663045069905
12.904457879999999,26.61251665466288,13.22548277209004
7.403638874076783,27.388803285960055,11.1
7.516107869963435,28.50952698465893,11.1
7.333064915117665,27.617860958922872,11.099999999999996
7.154159305250868,27.988862292222144,11.100000000000003
7.708257262810758,28.099526809550923,11.100000000000005
7.33321177504507,27.77126825559735,11.1
7.8339339156679,27.617955829243684,11.1
9.440795389332632,27.330054274154165,11.100000000000003
8.993864981633442,27.311502954129967,11.1
8.293655956773696,27.48293252113831,11.100000000000001
7.8487218153683695,27.085688807534673,11.1
8.316462133637984,27.520012788659116,11.099999999999996
12.665766020420104,25.976794243956316,11.915211924938202
12.491787832692113,26.91320495113187,11.885174169504383
12.670946288538929,25.956637065941432,12.161178678924843
11.942921652516524,26.908465588279515,11.43303220714107
12.565435399117504,26.576716804977593,12.083169564695295
12.436224399803745,26.117639857969333,11.099999999999998
7.11578786905941,28.177578839999278,11.099999999999998
7.006241537000911,28.067621670731306,11.1
6.92879928383763,28.2176251838007,11.1
6.969214917186016,28.27981902765101,11.099999999999996
7.0799589740440245,28.67316290019124,11.099999999999998
7.821701391178847,28.67532451033155,11.100000000000001
11.156990170704194,28.206848648235944,11.1
11.295807333811837,28.25414209283258,11.100000000000001
10.83762150550289,28.454401052705073,11.099999999999998
11.316623512828581,28.138955709616617,11.1
10.834801985654828,28.37226163313358,11.100000000000001
11.206611240398976,28.175332205318828,11.1
12.66651610269755,27.419822792789958,14.673825197201987
12.692094799826762,26.993372881713377,12.87465481896699
12.677864351058457,25.96043705799261,14.579055382260677
12.470297963743535,27.155414001803297,13.438794052909465
12.265676605840993,27.534417813652563,12.806660085631853
12.80361959113175,26.114397570949862,14.327776531199014
8.756284468620485,28.24405573208239,18.5
8.719680183627867,28.69710780910522,18.499999999999996
8.575098953334653,28.870722684721688,18.499999999999996
10.06705994190457,28.85209694427393,18.5
8.139939984674669,29.10770847420443,18.5
9.959314213501735,28.897566737124098,18.499999999999996
6.411941467134345,28.806477935525375,18.500000000000007
7.175698105536822,29.064757353920776,18.5
6.66188028829189,28.968256271931928,18.500000000000004
6.351544064977278,28.845821163890044,18.5
6.483125985588651,28.788431470491183,18.5
6.330228080660894,28.603732761750692,18.5
5.983383743232285,28.78450263041461,18.500000000000004
6.072411064756844,28.673450182992738,18.5
5.989698830967476,28.585996590186014,18.5
5.897777996028146,28.58994442490735,18.499999999999996
5.837798764991799,28.722945640568113,18.499999999999993
5.796246993982778,28.472782951455983,18.499999999999996
11.428270787639008,28.094588201315638,18.499999999999996
12.29598992328128,27.936576457255462,18.17508273505328
10.982947317689236,28.619593576354777,18.5
12.90445788,25.264327978193144,18.5
11.856776909992135,28.28186915642476,18.336455016355043
10.62624120466952,27.969423681137844,18.499999999999996
6.645788671382228,27.99921640642906,18.499999999999996
6.898765607783693,27.290042661010116,18.499999999999996
6.8931744942029995,27.400551508021334,18.5
6.315466849737936,28.226631404028044,18.5
6.771925543116902,27.21841225989557,18.5
6.7296132069098995,27.81997501675585,18.5
5.720542854547365,28.92377294820557,18.499999999999993
5.878547790535944,28.555870281966715,18.5
6.317928669056969,28.893681626100378,18.5
6.009046444338614,28.48974452516971,18.499999999999996
5.980091650454283,28.665112209318384,18.5
5.699216734573148,28.336880246624478,18.499999999999996
12.697604885324562,24.79144337854956,18.5
12.382540413257802,25.12786860991225,18.5
12.067772785960734,25.634039571277214,18.500000000000004
12.056669375300302,23.839125527938506,18.499999999999996
12.532814719322477,23.73592959382383,18.499999999999996
12.08626989544949,25.85987864050723,18.499999999999993
6.999788373644988,25.54387303958575,18.500000000000004
6.834302532191625,25.830218831925333,18.5
7.213544878781428,25.833963147013765,18.499999999999993
6.605768251624373,26.864035582053447,18.499999999999996
6.9880606078662755,26.090420595612034,18.499999999999996
7.091963828651519,25.64920819894217,18.499999999999996
7.144431670056433,26.913269528960377,18.499999999999996
7.05951406857033,27.073755343500004,18.5
6.86940555723327,27.1488887029872,18.500000000000004
7.131512462480871,26.628580320664557,18.5
7.212900994002451,26.361204590274973,18.5
7.364251097890388,24.966894598720554,18.500000000000004
11.606561708542756,24.93415025982424,18.5
11.722585707494913,25.06944059114447,18.5
11.246924232167643,23.04837561679045,18.499999999999996
11.010572280443103,22.828765235563715,18.5
11.379864034297004,23.252476989078364,18.500000000000004
12.07134673214733,25.28092958188427,18.499999999999996
7.856816474793363,22.808547137096113,18.5
7.868161376167507,23.978439764926737,18.5
8.445676926099821,23.68342871401586,18.500000000000004
7.363348441548986,23.42717929591187,18.5
7.6919759306222115,23.314549690636664,18.5
8.748396005001,24.525326487960893,18.5
6.475212542984808,24.89245406612087,18.500000000000004
6.321359562187329,25.4003673276757,18.5
6.618827809497912,24.91020623661182,18.5
6.7869274908747395,25.036644559965445,18.5
7.016636214694999,23.88471442839051,18.5
6.985646338359288,24.921392237441026,18.499999999999996
11.801947892069181,20.965430266175467,18.499999999999996
10.785879722234748,19.78982545396703,18.5
10.933302898741385,20.895670165168017,18.5
11.149611302843166,20.111640238693695,18.500000000000004
10.837537050708553,21.4504138082595,18.5
11.508946920438454,21.918231638594097,18.5
7.7441220430776845,23.448704071183975,18.5
6.755158723113585,23.31547337850911,18.500000000000004
6.776861543650872,23.2775179750299,18.499999999999996
6.820304685788462,23.32310144720358,18.499999999999996
7.161610812566955,23.503807943992168,18.5
6.796647035803563,23.64108571472441,18.500000000000004
7.501216053459466,22.84121433895258,18.500000000000004
7.3196502299382145,22.734171140311556,18.499999999999996
7.512693673922745,22.337450681119165,18.5
7.833261892558413,22.530045489981724,18.5
6.826690835001658,19.95042116822656,18.5
7.10546068892429,20.193404536023447,18.5
11.234661163166093,18.825826018043106,18.5
11.920837110911219,18.798605315110237,18.5
11.978482275881966,19.73153184076126,18.5
12.118154026519527,19.240733633297474,18.5
11.70222188869893,18.959277867536727,18.5
12.301695887876217,18.708565969389355,18.499999999999996
7.263486043369037,22.7677977504877,18.499999999999996
7.5571321989631794,21.751805885716923,18.500000000000007
10.317471967708794,22.767695542168692,18.499999999999996
7.417156460174267,22.200575943853206,18.5
8.133669433387483,22.119652183621216,18.5
8.407928824593801,22.377480652160088,18.499999999999996
7.990598743817218,20.597908724551488,18.499999999999996
7.440662253196729,19.86617900565932,18.499999999999993
7.963512608368766,21.652611253023146,18.5
7.999975524766583,21.367568522742115,18.500000000000004
7.441549311146192,20.915715702896563,18.5
7.194322910392332,19.685871562319097,18.500000000000004
11.74569362619712,18.107930649316014,18.499999999999996
12.36640158338065,18.485123985896365,18.499999999999996
12.157168816133147,19.04487580582634,18.500000000000004
12.152203892322264,18.906724442826537,18.5
12.101355236719208,18.70196982356365,18.5
11.705677309442557,18.44378007972229,18.500000000000004
6.385471013864608,18.134588691162147,18.500000000000004
6.3903397732879,17.480109647214494,18.5
7.079493327339339,18.468768896987537,18.5
8.238572352107935,18.74632652322758,18.5
7.874079377200274,17.441135468995572,18.5
6.31889797752639,17.688023710112848,18.5
6.1957662191009595,17.59162267069564,18.5
6.01288273089729,17.33492944049887,18.499999999999996
6.294315558944662,17.42489303702199,18.500000000000004
6.40724357784304,17.283945754264327,18.5
6.0514335557649295,17.217041670943132,18.5
6.1335959029341796,17.46585163655051,18.5
9.688919139161273,17.809787631331023,18.5
8.662723580291386,17.588309106200633,18.499999999999996
9.113924384331433,17.392240462939785,18.500000000000004
9.354009733837383,17.622426918127747,18.500000000000007
9.362052926327134,17.697957556751557,18.499999999999996
9.458941536286044,17.679940388969353,18.500000000000004
7.259963683947533,16.87002339890514,18.5
6.69594086925085,17.016272767984454,18.500000000000004
7.119963654486484,16.88449467199277,18.5
7.261441906373495,16.823055964664068,18.499999999999996
7.170078839404606,16.91437956348936,18.499999999999996
7.1737684039958465,16.89474419975414,18.500000000000004
6.3528316573503965,17.106324786281565,18.5
6.474487497964608,17.23120805638547,18.499999999999996
6.458135845511432,17.017657550058114,18.500000000000004
6.680838635757625,17.530465528026028,18.499999999999996
6.79339795343365,17.055383033617403,18.499999999999996
6.885362228636699,16.906211252578576,18.5
7.545251257078564,17.79149626645677,18.5
7.823717848257128,17.05407741580189,18.499999999999996
7.4417639896534995,17.07205468780858,18.499999999999993
7.196078932794075,17.187783033908435,18.5
7.81111832029586,17.037865221948955,18.500000000000004
7.806729176353231,17.05516270433205,18.500000000000004
9.997148198309016,17.493649350395927,18.5
11.091644899805512,18.127683290668752,18.5
9.8059770949351,17.52599591912619,18.5
10.836450459690463,18.214511801676224,18.500000000000004
9.629963295404186,17.535802225635024,18.5
10.464130041883275,17.86590171522286,18.5
12.489708942474948,19.435106626195093,18.499999999999996
12.193509109125966,19.28714079592507,18.499999999999993
12.270122060229872,19.323786655798624,18.500000000000004
12.452545822900479,19.6824533418882,18.500000000000004
12.345779753462056,19.46268726213663,18.500000000000007
11.895265281407971,18.60494101170329,18.5
7.723213028241358,17.172296966595322,18.500000000000004
7.805286085056505,17.39697627499675,18.5
7.6363526522772265,17.108425885463863,18.500000000000004
8.50809675397831,17.65382286292129,18.5
7.523069306855282,17.33327663853091,18.499999999999996
7.684924350458381,17.804904174149616,18.500000000000004
11.569245216958944,17.90613027167697,18.500000000000004
10.94902523482968,17.620054548826946,18.5
11.490521648222526,17.818085592562113,18.5
10.664309646268181,17.48813801853895,18.500000000000007
9.743883813288406,17.365110346795138,18.499999999999996
10.90945184590803,17.562879901044376,18.5
11.941210978017612,19.068015935296046,18.499999999999996
12.013561414210153,18.92153784163112,18.500000000000004
12.041802538456514,18.87751372287954,18.500000000000004
12.333054279055151,19.8813611629837,18.5
12.34892499015387,19.583385236020362,18.5
12.267038669954855,19.173804919832122,18.500000000000004
7.360717959659968,18.58960309967653,18.499999999999996
7.7588021940941445,19.53778267579128,18.5
8.97328562194074,18.2562133450455,18.500000000000004
7.4367856803328385,17.647162991869994,18.5
9.714144266557327,21.478208247656134,18.5
7.394910480066671,19.025960807181278,18.499999999999996
10.470954151850561,17.449723331933022,18.5
11.638616054025075,18.115744943679935,18.5
11.931319980154301,18.217989195479948,18.499999999999996
12.2693894294869,19.09943955582714,18.5
11.186902499638556,17.997385361775116,18.500000000000004
11.824977237081471,18.082702608035643,18.500000000000004
11.902997278871732,18.529903667836404,18.500000000000004
11.851154161968926,18.724229736709763,18.5
12.439712231973324,19.72483454576232,18.350490120478838
12.207898808915662,18.754971301736404,18.499999999999993
12.304171699129249,19.68585691258686,18.5
12.560699738995632,19.726319967921974,18.499999999999996
11.066840429022552,23.539511476144238,18.5
10.366588914496484,23.413673240230896,18.5
11.527117199363047,24.79902856351743,18.5
8.519038161911608,19.71286494033342,18.499999999999993
11.733138929305715,26.54736555173467,18.500000000000004
10.953013658976852,25.733135867944043,18.5
11.472129357301101,18.096229011350523,18.499999999999996
12.47282763856256,19.12837053238654,18.5
11.882669316065176,19.251371080795998,18.5
12.024682018083046,18.363655400961942,18.5
12.452382996408616,20.32742127655865,18.5
11.661288477995804,19.87437604414037,18.5
12.620791510188393,20.312718979340552,18.5
12.706134262565223,20.76989254602187,18.5
12.90445788,22.371554930190303,17.711854135126153
12.904457880000002,21.59736564364692,18.500000000000004
12.453475569335158,19.983888246407428,18.5
12.904457879999999,20.632281855767108,18.332360589683297
7.075372411336611,26.325915411010786,18.5
9.51885924704521,26.20044675612203,18.5
9.654721933267595,21.875993243097163,18.5
8.580691641298955,25.071577056808344,18.5
9.34954691622572,25.622660511104,18.500000000000004
10.162230151938495,25.767188810715496,18.500000000000004
12.323891524785411,21.568952659600328,18.500000000000004
12.792917730327778,22.04571967062555,18.500000000000004
12.79495065830142,21.985593178339112,18.5
10.802805868188484,21.591272337745842,18.500000000000004
12.161404395201929,21.002192837444944,18.5
11.88079465894068,20.161318424913024,18.499999999999996
12.904457879999999,21.26004329295801,18.320313211624804
12.904457880000002,21.4485801283914,18.5
12.704356725597286,20.400061406394247,18.5
12.90445788,21.872517286920548,18.320449957536194
12.90445788,21.872517286920548,18.320449957536194
12.90445788,21.872517286920548,18.320449957536194
7.226991563704695,27.495637745358874,18.500000000000004
7.302681130911061,27.965298314072463,18.5
7.530686267211425,28.050551584318193,18.500000000000004
7.324860645086975,26.40806048777288,18.5
6.959121372645983,26.707843527171597,18.5
8.502495247901798,27.610929377210603,18.499999999999996
11.167486115322657,24.858785532860704,18.5
11.587469973959777,23.08320953880436,18.499999999999996
12.077789802872015,25.172976309339273,18.5
12.010519670409183,25.38525278128691,18.499999999999996
10.867522690649043,22.184379302764874,18.499999999999996
11.123601732117342,24.976154071698733,18.5
12.904457879999997,23.498657087514854,18.067138784373853
12.904457880000002,22.153137489592673,18.5
12.904457879999997,23.504645621479117,18.300657028267793
12.90445788,23.74312714199593,18.300506184511043
12.904457880000004,22.912971600486987,18.5
12.792746854589986,22.766023958698902,18.500000000000004
6.251420208048629,28.009623323646125,18.5
6.2646938597591495,28.365547644724888,18.499999999999993
6.666595888732738,28.2366589212703,18.5
6.7162427510960905,27.801883984230873,18.5
6.311351806556041,28.290383689677896,18.5
6.492238578376933,27.85389874969982,18.5
8.882587696745334,27.333360993866638,18.5
7.804331555874255,26.830588329226902,18.5
10.170161089453543,27.88649072596371,18.499999999999996
9.850150300963875,26.574132847196054,18.5
9.349892959362487,27.41506709976641,18.5
11.952995403514642,27.9785454624687,18.499999999999996
12.904457880000002,22.529796780749397,18.111617554342498
12.904457880000002,24.053110117274386,17.633874877933586
12.90445788,23.192117793743986,17.425998538761494
12.90445788,22.46246443208935,17.879871772983954
12.904457879999997,23.28597652796467,17.15884673359901
12.904457880000002,22.722410024695208,18.0940127903322
6.227200736321872,28.389936410659974,18.500000000000004
6.235638062806085,28.412012636924327,18.499999999999996
6.374488719069807,28.005435499855015,18.499999999999996
6.364585004033755,28.40668164264584,18.499999999999996
6.399613143210037,28.201953763709163,18.499999999999993
6.167113049068843,28.481711383906077,18.5
11.334288821994361,28.81420831308017,17.396664131160218
9.594683755113172,29.09520245955691,18.024937218132365
12.431656271279806,27.61629278714696,17.23327114248931
10.962637017029426,28.735792208398646,18.121369828081647
10.38992687079552,28.64767496081441,18.5
10.54811766180397,28.796065552435167,17.89184885004975
12.90445788,22.338236541218695,18.499999999999996
12.90445788,22.259057754707577,18.317275636384014
12.90445788,22.31477634516375,18.5
12.90445788,24.94652935189451,18.499999999999996
12.90445788,24.50061084179436,18.499999999999996
12.90445788,22.665079411781612,18.06480398955751
7.73704059533393,27.813850188013816,11.100000000000003
7.067150328237597,28.3085861164758,11.100000000000003
7.024238184228862,27.996025266853113,11.1
8.95691500135626,28.134413123458724,11.1
8.116320919549525,28.510559055863073,11.1
7.818031112132772,27.767657506053702,11.099999999999998
7.138411245193119,27.525434677611333,11.099999999999998
7.614091038266261,26.178451628146156,11.099999999999998
7.271595001783562,28.562489540209107,11.099999999999998
6.901735838652996,27.530634249513984,11.100000000000001
7.303232388192572,28.374783936857288,11.099999999999998
6.789031066163276,27.532266617656525,11.099999999999996
5.2583491377899625,28.567924075673748,11.100000000000001
5.655510796798405,28.438281381760902,11.099999999999998
5.113973844641333,28.362929848279048,11.100000000000001
5.419026132741683,28.469113200627177,11.099999999999998
4.949544598573955,28.70466119286817,11.100000000000001
5.036979008356985,28.65282535153513,11.099999999999996
9.482550498171175,27.656255328930264,11.1
8.468693958944431,26.294601549075,11.1
9.48565691129195,27.579863278035116,11.1
9.91124845983981,27.58395162115568,11.1
8.879231765499236,26.573008225066598,11.100000000000001
9.263632931755778,27.608643290789068,11.1
7.668442538736302,26.22310884811435,11.1
6.922839967924896,28.34120201141247,11.100000000000001
6.712046919303373,27.689324790611078,11.1
7.046095926225073,28.375619495087072,11.100000000000001
6.880544524782521,26.789187099425018,11.099999999999998
7.644871076512193,27.455205302955495,11.099999999999998
4.861712745675023,28.530649208815845,11.1
5.4783735489900955,28.120412793370463,11.1
5.078192919300959,28.29596199837389,11.1
5.538020472940706,28.30327433422486,11.100000000000001
5.183742189826827,28.175194600654674,11.100000000000001
5.461950429362081,28.158628328914112,11.1
7.221982331076661,25.473611859620885,11.100000000000001
7.540710232407079,24.919352641851116,11.099999999999998
6.625831643442657,25.46813927267119,11.1
7.847131754286212,24.692689886777178,11.099999999999998
7.771420108847141,26.132188824679957,11.099999999999998
7.357427282616746,24.951084987888198,11.099999999999998
7.105555559978677,27.1217461987804,11.1
6.9121199772149495,27.021116007129624,11.099999999999994
7.240957990906635,26.224599145353917,11.1
7.326759435326142,27.60453935347503,11.099999999999998
7.218459031454288,27.12943333723096,11.1
6.91183100722378,27.254069251808083,11.099999999999998
4.7502916218727185,28.266714154250657,11.1
5.452507248046918,27.863573094673832,11.099999999999996
5.896007377564979,27.850345670219046,11.1
5.700431764317057,27.946832222287433,11.099999999999998
5.516177125717681,27.8829420048446,11.099999999999998
5.917937631025957,27.22066380803188,11.1
7.193276688240613,24.606493026230527,11.1
8.47695230105686,23.33832046788366,11.1
6.535601184578842,22.542710899839182,11.1
9.078641557977464,23.555847170900826,11.1
9.135831347979646,21.70036873445958,11.1
9.981030413543303,24.862530788125728,11.099999999999998
6.910986800975958,24.37755629176049,11.100000000000001
6.7508992079328,23.869454983312384,11.100000000000001
6.774639660001186,23.132074709277294,11.100000000000001
6.814192332136687,24.171881455763106,11.099999999999998
6.640637031672905,23.107921051975342,11.100000000000001
7.42742426945923,24.256324634947916,11.100000000000001
5.367074198928868,24.10606769548113,11.099999999999996
5.218411602685709,25.557512428188733,11.100000000000001
5.515422631008898,26.01251086680492,11.1
5.173338201045786,26.09087304270027,11.099999999999998
5.140315680172778,26.024427483134836,11.100000000000001
5.883128925516051,24.384501147319302,11.099999999999996
7.702391671777459,21.79809899691288,11.099999999999998
6.612777279303986,21.987183343610536,11.100000000000001
6.270165008292287,21.278845827258493,11.100000000000001
6.414743867466301,21.28021450577252,11.099999999999998
6.747797941276324,21.41914459271612,11.099999999999998
7.1868320566206885,21.413359192431756,11.099999999999998
7.458272245549946,21.344654401477737,11.099999999999996
7.218461900888037,21.96367344803913,11.1
6.949706676626437,20.628306549010855,11.100000000000003
6.717661763688546,20.00015856060644,11.1
6.329380048408055,19.94058221706074,11.1
7.454228226677608,20.92351859716564,11.100000000000001
5.567880828483115,23.114365830494755,11.1
5.663438919807855,24.07206709467821,11.099999999999998
5.537940588985886,23.904101267973605,11.1
5.513017062527956,23.299796806396,11.099999999999996
5.788826707840396,22.630594531899305,11.100000000000001
5.85442436548607,23.295639357309444,11.100000000000001
9.638771763839538,18.490723310622414,11.100000000000001
9.318984434588852,18.55364899696506,11.100000000000001
9.28127172920778,19.00725900812374,11.1
8.69273241055263,18.41014523634289,11.1
9.203660380740427,18.90272625911283,11.099999999999996
7.583932983966385,19.23626296861451,11.100000000000001
7.728263836899196,22.975105804056426,11.1
8.229428395082095,18.33139364470693,11.099999999999996
7.8143582125157875,20.081603931902315,11.099999999999996
7.649477486353777,19.169732515531603,11.099999999999998
7.930593589135736,21.704310943260424,11.099999999999998
7.37721795068804,19.99449652055896,11.100000000000001
5.853234871981435,20.17521066299781,11.099999999999998
6.199504354422291,21.524919407527406,11.099999999999998
5.923515146617275,21.37735168752645,11.099999999999998
6.206746709897329,20.120006501553068,11.099999999999996
5.952622453197486,21.629507705141513,11.1
6.54682618903397,19.987224766612364,11.099999999999998
8.847218453952697,17.148221215979053,11.100000000000003
9.232398206243804,16.893017142620323,11.099999999999998
9.385326646090672,16.9955316338971,11.1
9.35091446241731,17.160311462631146,11.1
9.196842423946007,16.93111363339799,11.099999999999998
9.143244004231947,16.989277578850675,11.100000000000001
8.988091478607165,17.148341944401544,11.099999999999998
8.9001734709806,17.107172131412636,11.1
8.210748762429128,16.912747912174208,11.1
7.740676120274319,16.89315816055187,11.1
7.106682833742809,18.78893462701152,11.099999999999998
8.393578820147603,16.973336794618913,11.099999999999998
8.350159866073563,17.190291576041343,11.100000000000001
8.973498892951808,17.594387676861672,11.100000000000003
7.830871376758403,17.564872189553448,11.099999999999996
10.657471035333833,17.52432063787988,11.1
8.29850668119474,17.709572783405328,11.1
7.8984430542010235,17.407625023644723,11.1
8.875951121818625,16.806490294166746,11.099999999999998
10.070378398491508,16.857772451752993,11.099999999999996
10.090138085918834,16.829261684363082,11.100000000000001
9.686184021044232,16.819439374007093,11.099999999999994
8.730803511901698,16.810276542788717,11.100000000000001
9.232776037858722,16.73202413899814,11.099999999999998
8.404188303067013,16.958713798430207,11.099999999999998
8.811505357824876,16.90668347584231,11.100000000000001
8.424820642907042,16.75132572178577,11.1
7.557321919876744,16.794480509112944,11.100000000000001
8.074439651403528,16.826240920954113,11.1
8.211425294035944,16.871191446838797,11.100000000000001
8.444414804727268,16.776587984194787,11.100000000000001
8.043582235334387,16.84361633440669,11.1
7.1972168886499475,16.888395464232477,11.1
7.434899649489133,16.828347485616217,11.099999999999998
7.92543011847082,16.85211272180166,11.099999999999998
7.696276146687389,16.753025441938586,11.100000000000001
7.882964932692393,16.84052959357173,11.100000000000001
8.334261850655219,16.690803269999996,11.099999999999998
7.733504675122111,16.765518990820325,11.100000000000001
7.813787689235993,16.768835091965798,11.099999999999998
7.543615712351944,16.779449235873564,11.1
7.808068423633028,16.810489073804792,11.099999999999998
9.279973672305685,16.814136046580185,11.099999999999998
8.127607192174198,16.766504526445146,11.100000000000003
8.782738001891445,16.760937571516855,11.099999999999996
8.91124725242732,16.744900338479457,11.099999999999998
7.668499760061088,16.795283444748062,11.100000000000003
8.423343529643164,16.71975996604029,11.1
11.947136777764378,17.68129912204853,11.1
11.69030357073184,17.442471148104318,11.099999999999996
11.610253047100697,17.354507265798055,11.099999999999996
11.584881629493681,17.405213576060245,11.099999999999998
11.850757095221839,17.52398234746117,11.1
11.358095157417058,17.22235270780668,11.100000000000001
6.858373838789436,19.060450420846085,11.100000000000001
7.244828590514979,17.92803890134102,11.100000000000001
9.138765286731175,17.43518433862694,11.1
8.994250135016692,17.298970267908867,11.099999999999996
9.041612685647461,17.621901644368528,11.100000000000001
7.98937005838543,18.009372322786668,11.100000000000001
8.494201889955898,17.24639567761849,11.099999999999998
9.196966361433695,17.119733844243797,11.1
10.233371503554157,17.058746992063732,11.100000000000001
9.158184178764948,17.578647760621383,11.1
8.967642888092122,17.21848584979275,11.1
9.000553381924068,17.115193055969044,11.1
11.68662690002128,17.35509709566984,11.099999999999998
11.91760976173668,17.406393220724336,11.100000000000001
11.746354489356987,17.31007078448436,11.100000000000003
11.862004727236954,17.365205143745527,11.100000000000001
11.677640781682577,17.48969200902307,11.1
11.702270478244772,17.209577419997675,11.100000000000001
6.935664505013371,20.425045245340808,11.100000000000001
7.024274118896387,20.040539463100384,11.100000000000001
7.387002243010567,20.71595190133988,11.1
7.46814403821191,20.868485962055164,11.100000000000001
7.546628016628795,23.233892215724484,11.100000000000001
7.396538091276639,19.763896096550422,11.099999999999998
8.686009765245245,18.52203055420228,11.1
7.571089898840288,19.677809969264892,11.100000000000001
9.35377781628033,18.028180820790553,11.100000000000001
9.091639271927658,18.717614650837696,11.1
10.34332329261037,17.697331316957992,11.100000000000003
9.014129904009376,18.615663500963127,11.099999999999996
12.63018935650013,18.362182502478138,11.100000000000001
12.306765834148642,18.171775555121137,11.1
12.904457880000004,19.82024430230387,11.100000000000001
12.793789821498919,19.11789424981963,11.1
12.304806409758715,17.912168075784166,11.1
12.273012752250455,17.807251427768467,11.1
6.6903191498803505,21.179442156262986,11.099999999999998
7.015372879219147,20.684710584055203,11.1
6.5935994002723115,21.075326323255187,11.099999999999998
6.4031630308254055,21.119296441088906,11.099999999999998
7.0664654068435295,20.811925504075777,11.1
6.4604155980984475,21.05481025259808,11.100000000000003
9.696949992264013,20.9140987822091,11.100000000000001
8.643828538830299,21.7152955822184,11.099999999999998
9.869284853530516,21.32939616142419,11.1
10.369849803200452,21.1443852488084,11.1
9.439726522196663,20.93227081750928,11.1
10.144165283717383,22.297947865136493,11.100000000000001
12.634289334522235,20.42164529505905,11.099999999999998
12.520640614748284,20.932721515283255,11.099999999999996
12.820096186801857,21.751730464163842,11.1
12.733903638416686,20.655214376138762,11.099999999999998
12.602682414244791,20.62076707405397,11.1
12.817857401455456,21.033648268110554,11.100000000000001
5.868693901729523,22.02673578298232,11.1
6.359875593901314,24.695682302647253,11.1
7.259168333334889,23.338000481460806,11.1
7.561974908254208,24.489419551718424,11.100000000000001
7.543442032858481,24.319522942266865,11.100000000000001
8.426562289336193,23.74022211020429,11.099999999999998
8.509762867044103,23.50566881955552,11.099999999999996
10.529823350669503,25.89567718984505,11.099999999999998
8.829582931294903,23.235149682398717,11.100000000000001
9.858735368259016,25.310800832869713,11.1
9.979723991732584,25.26046304862014,11.1
8.141270027172999,25.148788538122023,11.1
12.90445788,22.865413725318028,11.993730950521341
12.904457879999999,23.314183091364963,11.729900590054163
12.90445788,22.98753341134451,12.013432006970868
12.904457880000002,23.87995440029513,11.976098437749778
12.90445788,24.721611574157222,13.50553890204672
12.90445788,24.46310750040479,11.444987831869586
9.932764214554322,26.692758539493934,11.1
7.244567820281993,27.231127925791107,11.100000000000001
9.888949399216267,26.833048370530758,11.1
9.524233399064478,26.266612695184318,11.100000000000001
8.880728228126214,25.988073599561737,11.100000000000001
9.713002292321862,26.772696283456924,11.1
8.14378120856306,25.62859102350604,11.099999999999998
10.070785053288057,26.44715544454356,11.099999999999998
9.465175605258144,26.28848200411693,11.099999999999998
8.73787738361673,26.249156363467403,11.1
8.484997338262595,25.62144257276091,11.100000000000001
8.65708066672819,25.49864545440574,11.1
12.286660458294277,23.390638690625426,11.1
12.65932135335445,26.297123551519945,11.876240360455178
12.904457880000002,26.085006911533345,11.675479311280197
11.327918095814875,26.44750761941996,11.100000000000001
12.327235243808472,26.77599066003618,11.1
12.55428817956382,26.715898949701387,11.100000000000001
6.537301150869627,27.939327136536097,11.100000000000001
6.2607952326740355,27.788956065000125,11.099999999999998
6.633979878813547,27.610595113540306,11.100000000000001
6.402343778738236,27.86432555956051,11.099999999999998
6.119180718467874,27.916525602870372,11.1
6.835224255655359,27.56241163432621,11.099999999999996
8.46915353949036,28.157798165625262,11.100000000000001
9.196338527275215,28.346298393643266,11.1
9.132580066230332,28.074185959171405,11.099999999999998
8.209674147286117,28.28035427741966,11.1
8.383150873891108,28.273329124870195,11.1
7.705175394892093,28.131154953265867,11.099999999999998
11.476975639899445,27.576963699686214,11.239902168311557
11.413266071075242,26.884764490898256,11.1
11.91246555574539,27.492652091589157,11.230623732791297
11.27806565702042,27.575674274068067,11.694434743220171
12.035769817413337,27.317784471518053,11.910571812434283
12.410901471738,27.520507787934,12.095200898369402
6.295321707656813,28.6021546834688,11.100000000000001
6.705302298149075,28.644046075568827,11.099999999999998
6.142325427242749,28.874517135914935,11.1
5.818142576353224,28.847503005909115,11.100000000000001
6.310784240918068,28.900703000653476,11.100000000000001
6.951412249666732,28.837986527970298,11.099999999999998
9.053992103531511,28.65688743699136,11.1
7.350126777445582,28.61027940252122,11.1
7.7414576988641315,28.738536965326546,11.100000000000001
8.133649887926286,28.49583010219825,11.100000000000003
7.873235523375243,28.58048664375263,11.100000000000001
7.704340038519842,28.728090638171267,11.1
12.279940159106443,27.346082196176944,12.142577639672558
12.822994039303445,27.857064810271286,13.817857024003173
11.97921227432535,27.931035732567715,11.100000000000001
12.099701722351368,27.788925484760835,11.242789884687927
11.810884411223421,27.98489434715091,11.100000000000001
12.305283405125497,27.944114735426158,11.257523090394969
6.134464506114819,28.622405390202946,18.5
6.286099323236564,28.174256561476913,18.499999999999996
6.357421017618262,28.38983538682813,18.499999999999996
6.114061037902852,28.59935938450054,18.5
7.301881717697363,28.28128218848461,18.5
6.081314583113533,28.47561481075729,18.499999999999996
6.259167924267756,28.457180587745853,18.499999999999996
6.175400169154252,28.68375630581465,18.500000000000004
6.292690000375746,28.540540418520592,18.500000000000007
5.731437821031808,28.500890754441922,18.499999999999996
6.2269789789013075,28.497246662690376,18.500000000000004
6.459045129460211,28.16881069618307,18.500000000000004
5.907247307536337,28.653276359091773,18.500000000000004
5.701067959494305,28.5819906072269,18.499999999999993
5.52937572536694,28.628896196804362,18.5
5.7166507075911355,28.460224474392522,18.5
5.641771480604074,28.678573322550935,18.500000000000004
6.113407202483532,28.811971375062875,18.5
6.80445302460028,27.61086970570628,18.500000000000004
7.360016023719019,28.43680647624695,18.5
10.660547277898447,27.67319556155429,18.500000000000004
7.807803597490573,28.17433050369998,18.499999999999996
6.122277864093393,27.945024153194858,18.500000000000004
6.035625117214558,27.766865910120956,18.5
6.796191085914462,27.79438834459308,18.5
6.51138021470952,27.89341398079607,18.500000000000004
6.548325499543956,27.926580585904276,18.5
6.540077170373686,27.80220865112839,18.499999999999993
6.873567226454366,27.327427580129932,18.5
6.76909381372981,27.829675701008785,18.5
6.092845376193037,28.553492149355723,18.500000000000004
5.754393820813249,28.5902234752026,18.500000000000004
5.984323493931099,28.69287746332111,18.5
6.074046516957557,28.675122385968272,18.500000000000007
6.061292880837816,28.755196560444436,18.499999999999993
6.143664142470951,28.16806518276005,18.500000000000004
8.023626704172763,23.466978895309946,18.500000000000004
7.822597086614407,23.945728339751206,18.5
7.561636172928339,26.371091859413895,18.500000000000004
7.115567492390094,23.95500067943631,18.500000000000004
9.115409848401654,24.191565159637157,18.500000000000004
7.271761395584942,24.374618956481655,18.5
6.610635465480337,27.721800772950413,18.49999999999999
7.0811916229589045,25.384815366195216,18.499999999999996
6.6024071093168555,27.221081959415507,18.500000000000004
7.157962385622975,25.752013180381592,18.500000000000004
6.584708610696649,27.710440161296788,18.500000000000004
6.4219035170352345,27.666957689442015,18.500000000000004
6.87397469051381,27.475742972987238,18.5
7.444338354996375,26.454454313750098,18.500000000000007
6.8860377037749885,27.488306491591626,18.500000000000004
7.448844860690371,25.953273220603226,18.5
7.456902884112076,26.085258454213225,18.5
7.587349736778801,25.903923346506474,18.500000000000004
8.198594431358364,22.558728223409314,18.500000000000004
9.800161112789384,21.659660661680917,18.499999999999996
8.1866267323893,23.354151926595836,18.5
8.352612581233263,23.646528196276126,18.5
9.497658432895632,21.80399179618821,18.500000000000004
8.016553808685307,24.269122420125473,18.500000000000004
6.767548576276137,26.34804673830707,18.5
6.861161218199174,27.063821937071808,18.5
6.599080405414537,27.51911865906332,18.5
6.5975381432565285,27.50416030836751,18.5
6.556251889129546,27.90183154032032,18.5
6.463702918867883,24.654727235436727,18.5
6.875081251610319,24.132750056245953,18.500000000000004
6.994906078963759,24.313492995968154,18.5
6.4679241540319055,24.07302096990272,18.5
6.030743344741677,24.807685112081877,18.500000000000004
6.840239257684112,23.367116995644636,18.5
6.9969244229196725,23.868321027118757,18.5
10.107359606702259,23.630790986707158,18.5
8.641956124103855,22.980992768725436,18.5
8.658302274379539,23.233389698401076,18.499999999999993
10.162820332801951,23.812372891977812,18.5
10.35473699297881,24.391472272508377,18.500000000000004
10.233742289686923,24.24519087400506,18.500000000000004
6.899585498740748,24.050150473390865,18.499999999999996
6.809639164054145,25.391939963005488,18.500000000000004
7.260901444975172,25.574805099679622,18.499999999999996
6.985221439624151,25.613902618091267,18.5
6.960792630350304,24.87928517594621,18.500000000000004
6.798331789334822,26.173593560242495,18.5
7.313514303015126,23.250227609079495,18.499999999999996
7.143220227054318,22.932450121786296,18.500000000000004
6.852543834804407,21.47491871544181,18.5
7.326201821343127,23.262606720723955,18.5
6.776278262769879,22.042250923110423,18.499999999999996
7.478873507862401,22.99047508388166,18.499999999999996
7.329858208648314,17.945302370233016,18.5
7.453862460742497,19.53707572901943,18.499999999999996
8.346906018274616,19.224020127406575,18.499999999999996
7.375598088667884,19.394087881607597,18.500000000000004
7.72394923851846,17.84738846579667,18.5
9.456533374461973,19.32622537351752,18.500000000000004
7.794898618924252,25.007403606032007,18.500000000000007
6.51298353838236,23.02276681074865,18.5
7.193506423037331,25.093362764457492,18.499999999999996
7.6291509582013,24.184889283287273,18.500000000000007
7.224419276210412,24.414615058687566,18.5
7.407098490611528,25.787405065909027,18.500000000000004
8.389253739495679,19.993107363575778,18.5
7.424343650233549,22.704330334356033,18.499999999999996
7.414996563294855,21.544837317688966,18.5
7.353774257437822,22.064107557657508,18.5
6.333093022129361,19.861147071183176,18.499999999999996
7.369914238624061,20.906198288318095,18.5
11.186085508092368,18.96658314834085,18.499999999999996
8.036989800129062,17.644637551425177,18.500000000000004
8.406201607858193,18.689598063080176,18.5
9.6147790791411,17.881999033273154,18.500000000000004
9.107108957908562,17.519293675122668,18.499999999999996
8.049190486829273,17.276466126609563,18.499999999999996
7.503857966664074,21.528455480539048,18.5
7.048737023427393,20.507817115591738,18.5
6.749455341791664,19.255447537826708,18.499999999999996
6.208225056568596,18.417053144309705,18.5
7.061997308575319,20.191204444224386,18.5
6.553491952590243,18.37624545906095,18.500000000000004
6.374629879458376,18.90192662146846,18.499999999999996
8.010508858490516,19.58827834697471,18.5
6.08004225763843,18.31812404240026,18.5
6.224344273800761,17.638566431309282,18.499999999999996
7.668107177528729,19.32147936851569,18.499999999999996
7.006685066855751,17.45519347291412,18.500000000000007
8.330708376831346,17.27454789560878,18.5
8.083573486283099,17.554645995536635,18.5
7.899648131418076,17.105964621770326,18.5
7.638161030700878,17.216008287574944,18.499999999999996
7.762762661109817,17.348964016464024,18.499999999999996
7.126797653869589,17.014267124669033,18.5
7.121259298745314,17.47731973976249,18.5
7.17484702411427,17.69715825689047,18.5
7.119659918593925,17.096343638450527,18.500000000000004
6.925304442649271,17.389982681538584,18.5
7.37068955192823,17.967919086412394,18.5
7.440995474262123,17.60800761315693,18.5
8.192017963275834,18.126703977822007,18.500000000000004
6.806574208738217,17.349318449067905,18.499999999999996
6.76616091297798,17.675413501249142,18.5
6.095436945178252,17.183573003363072,18.499999999999996
6.960086427089827,17.355124285002766,18.499999999999996
7.237275738732112,17.392531495947804,18.500000000000004
7.400843667284213,17.65177571239687,18.5
6.736305481080333,17.069288562076736,18.5
7.31084803128217,17.17171419006694,18.499999999999996
7.1716364728039785,17.152219163705222,18.5
9.137513194702331,17.683816040388756,18.5
6.7950470230730575,17.130802821211677,18.5
7.700695562264374,17.032231374888923,18.5
8.985176273602551,17.17244305900167,18.5
8.088600854293851,17.089317833386936,18.5
8.834384985210743,17.45104694545592,18.500000000000004
8.175506358808839,17.07872587145212,18.5
8.363148890450246,17.108700478262353,18.500000000000004
12.483735423385223,18.24471976337715,18.5
12.429708613143465,18.269596595075647,18.5
12.419479945206431,19.192612968913977,18.5
12.647071896735103,19.088913291856908,18.5
12.349904138846698,18.68810907767714,18.499999999999993
11.706681470534498,18.066731234193785,18.5
6.202244096389558,17.56889622957647,18.5
6.698772917331557,17.420784026091994,18.5
8.028478157656771,17.81067378832752,18.500000000000004
8.114837586757401,17.892645429424736,18.500000000000004
8.856960676409992,18.46458766593151,18.5
7.170362046121652,17.991686985516665,18.499999999999996
7.561663062330387,17.473699839434016,18.500000000000004
8.396390482596846,18.23043178561425,18.5
8.667750430246269,18.056552707600755,18.5
7.328097467737543,17.47839674490225,18.5
9.398568627442899,19.473766577696992,18.499999999999996
7.152523977104671,17.592104186244963,18.5
12.564337306903466,19.366777510237135,18.499999999999996
12.096682752000987,18.468499974317236,18.5
12.387387297768687,19.053758201364417,18.499999999999996
12.343196955951239,18.933796000501307,18.5
12.549512973582974,19.024185017076206,18.499999999999996
12.445683186924686,18.901255777586716,18.500000000000004
8.800863564759736,18.373250236074835,18.5
9.66821371532947,19.034478425045666,18.5
9.245697395620468,19.269254976333105,18.5
9.431156282049882,19.09286903145119,18.500000000000004
9.35982717147633,18.68633183477656,18.499999999999996
9.618529254184546,18.67579637402832,18.500000000000004
9.09822150326171,18.273616285159285,18.5
9.089149343730629,18.315721224630277,18.5
10.190658357208,19.203363166398947,18.5
9.465232947663699,18.616427574754827,18.500000000000004
8.79755749931067,17.53162879293127,18.499999999999996
7.148670377523228,17.81607756180686,18.500000000000007
12.44281362757551,19.146276965560077,18.500000000000007
12.124426916942852,18.93197436730786,18.500000000000004
12.162547577358694,19.097907238155305,18.499999999999996
12.755534242128203,19.741612291030027,18.499999999999996
12.36653541367091,18.48341683450115,18.500000000000004
12.109931902779449,18.861616620353914,18.499999999999996
7.953626440903236,23.613110966776127,18.500000000000004
9.434657467171716,22.97932712840999,18.5
8.454562909848944,24.488057492813137,18.5
8.693261310958746,24.04954491311853,18.499999999999996
9.845330271628807,24.391182066132462,18.5
8.72454053776262,24.20328898796876,18.5
10.263036521602285,20.830394786455233,18.499999999999993
10.589349768483478,23.883863821640624,18.5
10.07827569706798,20.30563793855254,18.500000000000004
10.907449050281134,22.193368776493728,18.499999999999996
10.789893697920466,22.663125671478888,18.499999999999996
10.862028705452236,24.47610540807612,18.5
11.82618447493323,21.298352025129212,18.5
12.567392519344894,21.278882438320892,18.5
11.990619885959159,21.88162513309413,18.500000000000004
11.842438478021936,20.106596824975313,18.500000000000004
11.89085249831932,21.249611958012256,18.09903961560355
11.645233084488108,23.018986209626263,17.844312629952615
8.894795806662785,23.09161665980732,18.5
11.139005753135061,24.18862000243905,18.5
8.716485394120738,24.055130224098434,18.5
9.37461386447562,23.747561222619616,18.500000000000007
10.269509786499032,24.231445507958373,18.499999999999993
9.704784351517128,23.746290471234236,18.500000000000007
10.995304492746518,25.19850772983052,18.5
11.78891094678415,24.996945933694303,18.500000000000004
10.878638599354218,23.38344657627419,18.5
11.773926025557401,24.280869615205056,18.5
9.161453140884614,24.132058070876575,18.500000000000004
10.922709756384023,22.90663076808456,18.499999999999996
12.59936536709976,21.47398772130096,18.499999999999996
12.795700546799134,20.977716053969974,18.5
12.697882353590208,21.04747953352409,18.5
12.671250130091867,22.678307470352912,18.500000000000004
12.904457879999997,21.985587115670135,18.5
12.623668443274488,20.60935626244281,18.5
7.067173250740505,26.215837293826592,18.5
7.360642347235658,26.189793795100133,18.5
6.96841320054722,27.187603017227445,18.5
6.199145970552412,26.901648089245327,18.499999999999996
6.004494234455422,27.50132145055973,18.500000000000004
8.760394936672132,26.16584296028687,18.5
7.738774809063382,26.670975810939716,18.500000000000004
9.556487404627333,27.421539054922253,18.5
9.48585014933113,28.191970009840308,18.500000000000004
9.228012733548754,27.985525359870714,18.499999999999996
7.092112627353594,27.934768646204223,18.5
6.536523370694867,27.739483212024354,18.5
11.624747989354649,24.25671962812751,18.499999999999996
12.579508111923763,20.861714061711336,18.5
12.799974535345081,21.827850261148576,18.500000000000004
12.019482079933363,20.038828655349093,18.5
12.424869560631391,25.27644039532788,18.499999999999996
12.66487382879146,23.654069050455128,18.301313174935252
6.490879649840336,28.605048024203533,18.5
6.359025624757251,28.082292706626593,18.5
6.231700519595171,28.2988088992988,18.500000000000007
6.540234797849753,28.63842335907569,18.499999999999996
6.362880828278957,28.618092726092566,18.5
6.494807063097615,28.16954192406785,18.500000000000004
7.125921408072453,27.978141137819676,18.500000000000004
7.763759276637544,28.527455224821125,18.500000000000004
7.797265128127833,28.395592545060744,18.500000000000004
6.454022186388372,27.970378189701183,18.500000000000007
6.689856313136679,28.717127540804437,18.499999999999996
6.428915493096754,28.60112851464927,18.5
12.403013300329366,28.019971924424908,18.33345489897223
12.78243208895309,25.21487815185951,17.84945259423221
11.59954422251948,27.957331504047875,17.666888349252268
12.765992736881186,26.99882675666579,16.444775566046715
12.45003207129521,27.907707089397245,17.625289114860582
12.44228787233978,27.59999553274196,17.705332956912564
6.359763665873302,28.875142731811266,18.5
6.393245948443694,28.865514293511286,18.499999999999996
6.787006357200678,28.909387326777,18.5
6.410036650914369,28.58456674142022,18.499999999999996
6.66941891510766,28.85645933681323,18.500000000000004
6.022561067352156,28.79488252094954,18.5
6.577738175597192,28.43467607097646,18.5
6.392832716293086,28.594739060430253,18.5
6.422175912953502,28.53828403180641,18.500000000000004
6.781234399873583,28.71468865303093,18.5
6.211643503068967,28.35638199514703,18.5
6.6127227946821225,28.512420737614843,18.500000000000004
12.346264200947907,28.209782704968788,16.719438504177344
12.080828219121438,27.131208876456704,17.430811642840514
12.59318557595318,28.00302915239348,17.358006426358745
11.033453189375525,28.70988074606908,17.933816098215587
11.911580300388161,28.140150542084644,18.321641185788746
12.278738299914963,27.70787164004919,17.689965881879886
9.496368006337848,27.772128283464735,11.1
10.048451929154988,28.195414020544085,11.099999999999998
9.13077707325273,28.155263944626643,11.100000000000001
9.259974176348363,28.41846396492496,11.099999999999998
9.114067734199576,28.165183873921755,11.1
9.960428247262458,28.25415080840049,11.099999999999998
7.637445712988546,28.260924662104348,11.100000000000003
7.528081806529693,28.406358364236418,11.100000000000001
7.48062232428182,28.342745550393712,11.099999999999998
7.306406949271551,28.349268666207273,11.099999999999996
7.338352716423703,28.407210180069047,11.100000000000001
7.274180192252098,28.488972063990214,11.100000000000003
9.50042875631769,26.539549827504274,11.1
9.811430969195502,27.15543880166532,11.100000000000001
10.25360232220921,27.442356993664966,11.1
9.073808657351387,27.28557225665058,11.100000000000001
9.290002988193798,27.811310299879768,11.100000000000003
8.92922751109853,27.346409235955456,11.1
6.709839841773815,27.23952644789935,11.1
7.717714734598438,27.766869771515125,11.100000000000003
7.368934085315093,27.43409934349812,11.099999999999998
6.787241885536535,27.268818689544897,11.099999999999998
6.4173389963490255,27.27327401928282,11.099999999999998
8.192211646416613,27.168738933527216,11.100000000000003
10.696115669609178,24.17933008481791,11.1
10.483426750877571,22.887867684945295,11.099999999999998
8.914467886119278,24.679052905885342,11.1
10.621784837939014,24.153513510473235,11.1
9.322347699598799,23.60073188070856,11.099999999999996
8.236052190381596,25.259618249068637,11.1
10.83400244157218,23.832689302849055,11.1
9.114157159296427,24.158430707475553,11.1
9.437337441621185,24.377182816813963,11.099999999999998
7.072987823614727,22.72348104382475,11.099999999999996
10.139771052505877,24.582252496635686,11.1
10.364019143184661,22.679700659235593,11.099999999999998
12.057190061771408,20.76816097149552,11.099999999999996
11.705801842178849,21.245234244795796,11.099999999999998
10.862421355008589,20.68756239918133,11.1
10.777875188559625,22.419202869432176,11.099999999999998
8.50796475751626,23.204782025160867,11.099999999999996
8.703551246401435,22.53404892744519,11.100000000000001
11.637296028190011,19.580206538144424,11.099999999999998
10.058760632625717,20.056642443517863,11.1
11.718323071220988,19.25158555646475,11.1
9.87507992435074,17.57709052687219,11.099999999999998
11.926685053110925,19.042338387864834,11.099999999999998
10.493737966908903,19.23495338332093,11.100000000000003
11.089510957322716,18.189188167380316,11.100000000000001
10.555856552595616,19.553895156346776,11.1
11.457058333740159,18.554065427509133,11.100000000000001
10.844154308642787,17.65229285662413,11.100000000000003
9.806684202630146,17.332208525670367,11.1
10.63676083328539,18.375460628111586,11.1
10.22716924033421,19.15870973313482,11.1
9.868230515030184,18.97906192105562,11.100000000000001
9.339824946264285,19.06371654141647,11.099999999999998
10.432956043579868,19.360275005596712,11.100000000000001
9.655775390132707,17.821328702026676,11.099999999999998
9.187893539488195,20.16486568753154,11.1
11.614337141314337,17.53853016006263,11.1
10.620830147864197,17.177254250536194,11.1
9.966460397551954,17.895355496842004,11.099999999999998
9.493669956100284,17.268911569821565,11.099999999999998
10.476597785561015,17.08697811585163,11.1
10.523404885361069,16.884661199848477,11.100000000000001
11.340650270484442,17.06575037476601,11.099999999999998
10.150105451919437,17.063689577793795,11.099999999999998
9.461411650220612,16.8822923880197,11.099999999999998
9.511867709244646,16.802991583935263,11.099999999999998
9.616274439038785,16.885110470971657,11.1
9.780528380836321,16.86845347542472,11.100000000000001
10.716549366354833,17.151954099393667,11.1
9.74625766641712,16.81940329563303,11.100000000000001
9.76796014450132,16.906563895136635,11.100000000000001
11.365910845154001,17.252294159302043,11.1
10.3039207378018,17.08605780334238,11.1
9.852871105837218,16.87816727139714,11.099999999999998
9.47693049790264,16.787498969224313,11.1
9.092110671784393,16.84083995571093,11.099999999999998
9.35006813924931,16.790527091029933,11.1
9.3017337093895,16.811173371288834,11.099999999999996
9.396533177117105,16.78763499876689,11.099999999999998
9.363640399072425,16.787653886695786,11.100000000000001
8.32395731718914,16.795338807637048,11.1
9.089690389374137,16.803789035773452,11.100000000000001
8.440000078376537,16.80509898306708,11.1
9.037332603350713,16.798757403267192,11.100000000000001
9.300502837974026,16.796063583556062,11.1
9.255595922106524,16.798676056971235,11.099999999999996
8.708378709675191,16.75242008883377,11.1
9.059212536308573,16.79245866573437,11.1
9.127088181419628,16.77203060470745,11.099999999999998
9.098255814719202,16.789503114688422,11.099999999999998
9.229258216850466,16.783577422521034,11.100000000000001
9.288531023828295,16.783957358707227,11.1
8.398050317392446,16.725507795806514,11.100000000000001
8.801785147787012,16.734921026744196,11.1
8.708982265901582,16.72803166205919,11.1
8.731047089007053,16.77121977962229,11.100000000000001
8.944874442034559,16.81151380927041,11.099999999999998
9.029793838431257,16.7744610885762,11.1
7.10331453310202,26.814931944419243,11.099999999999998
6.9162147017345115,28.400915528257276,11.1
6.866892101795299,28.382750805206346,11.099999999999998
7.058299690058499,28.37974352330814,11.1
6.869824492804775,27.930680791149026,11.099999999999998
6.9750724463956955,28.344030845414,11.099999999999998
7.74463513287759,26.219079336135334,11.099999999999998
7.225765179687394,28.346004796287477,11.100000000000001
7.503244197681057,28.04052836172695,11.1
7.207286449458966,28.340459961210893,11.1
7.269164332890109,28.374277269189747,11.100000000000003
7.330244219746126,28.474369963354526,11.099999999999998
7.411798673888489,28.145384965837533,11.1
7.0990607025537145,27.99079367384546,11.1
6.993440134938076,28.19689799850584,11.1
6.750723796502993,27.895331514968003,11.1
6.7771532268805394,27.646411789646486,11.099999999999998
6.987071221710385,28.191565839065053,11.099999999999998
6.699090205798977,26.769758788119997,11.100000000000001
6.866707565360931,28.413510809148672,11.099999999999998
6.933677997386983,28.34704658773093,11.100000000000001
7.095596747376049,28.085414532660895,11.1
6.886230960954035,27.89058672749729,11.100000000000003
6.765190521801322,28.276966806844666,11.100000000000001
7.512559517849926,26.43951539710694,11.1
7.200090064265965,22.338234006293856,11.100000000000001
7.63049160006139,22.959751887763645,11.1
7.512574851143959,24.27694049257827,11.1
7.424834158908438,24.738920248652924,11.100000000000001
7.4544694103233775,24.61734528845843,11.1
7.173580172832342,24.324427018339097,11.1
7.586199531470725,20.800754866068488,11.100000000000001
7.172583468481007,24.28677862334554,11.1
7.263816625476501,21.14372357293448,11.100000000000001
7.58173457544949,24.93182337656941,11.099999999999994
7.771139455839714,21.41571964260233,11.100000000000001
7.400176436120697,20.306768716053238,11.099999999999998
7.340939381626808,23.18907229857403,11.100000000000001
7.501595372108343,22.200857247471525,11.100000000000001
8.004830763567785,23.049902718516286,11.1
7.634920010490784,22.842518589574095,11.100000000000001
7.079135774294024,18.565936054673116,11.1
8.33218188586909,18.54009186829161,11.1
7.4153653113039075,20.624922026882473,11.1
7.056332330408247,20.40670325324716,11.1
7.255673474144491,21.061170116449805,11.099999999999998
7.4318527549194435,22.360159269403916,11.099999999999998
7.301990809239374,21.755514468471777,11.099999999999998
8.375843058834128,17.485184925858967,11.1
8.287295533231603,17.262055966910644,11.099999999999998
7.390614043901759,17.134492185980275,11.1
7.8344998381238655,17.02565195634929,11.099999999999998
8.014177505602403,17.075445753572012,11.099999999999998
7.539384592173821,17.479136329362,11.1
7.707423931054384,17.023323713439385,11.099999999999996
7.942486131974385,17.596748839960785,11.100000000000001
8.064032759225869,17.151499335480494,11.100000000000003
7.743367460777543,17.071139101196184,11.1
7.885053900684424,17.07620216105297,11.1
8.15597816373663,17.083913796049476,11.1
8.085918351366855,16.887907818412486,11.100000000000001
7.927237284156751,16.840394552406817,11.099999999999998
8.236434286520367,16.89745360858329,11.100000000000001
8.374059621527767,16.89508376409762,11.1
8.452055275848618,16.979115302006605,11.100000000000001
8.12825174776745,16.889973972316586,11.1
7.8688829325322915,16.907339629195,11.1
7.631199374347641,16.86197296190493,11.100000000000001
7.691967549600439,16.827291786206093,11.100000000000001
7.662869942640128,16.864359804870457,11.100000000000003
7.478680104788532,16.811442328958243,11.099999999999996
7.71832365918102,16.789228264527416,11.099999999999996
7.873089128227172,16.85945835055322,11.100000000000001
7.572635808683823,16.824578086327158,11.100000000000001
8.15433264068165,16.836572369297194,11.1
8.266026185073661,16.837912029358307,11.1
7.9892416727430255,16.903625916129904,11.100000000000003
8.082286594428405,16.914787050468135,11.1
8.111594316473463,16.85505651370649,11.099999999999998
8.035636735635762,16.85936027302441,11.099999999999998
8.07821874752916,16.85264112898916,11.099999999999998
8.154367353310372,16.888995569120087,11.099999999999998
7.871269497343753,16.891834225184343,11.099999999999996
8.044228419693239,16.891312369268324,11.1
8.074143633606486,16.854898981768503,11.1
7.9114461107896465,16.851524735776774,11.099999999999996
8.23982860457498,16.790362494945143,11.1
8.207837956987346,16.839566579671676,11.099999999999998
7.730521873633844,16.861669796921113,11.100000000000001
8.248322364162252,16.831713019122173,11.1
8.32830855505201,16.824483807540897,11.100000000000001
8.535024545523727,16.826471446312627,11.099999999999998
8.307515978409809,16.87279808250879,11.099999999999998
8.623621471123867,16.825618041229706,11.1
8.557049370981197,16.825595896922014,11.099999999999998
7.490910028515474,16.827884259102536,11.099999999999998
8.553018383356804,16.758400115758235,11.099999999999996
8.550045541294738,16.722701619616085,11.1
8.383090302653727,16.756828148287155,11.099999999999998
8.487212492288378,16.723328569377554,11.099999999999998
8.666054450724392,16.72425067417346,11.100000000000001
8.450105214788621,16.722960082394152,11.1
8.263578013499364,16.82645654090724,11.1
7.817646252303989,16.78239846459477,11.1
8.60657646518116,16.812300940741892,11.099999999999998
8.25772275112971,16.820460491360638,11.100000000000001
8.181918521436204,16.84488935169881,11.099999999999998
8.18471363045107,16.847425504190305,11.099999999999998
8.583879102775416,16.824018067318743,11.1
8.427453901563364,16.884104528624164,11.099999999999998
8.412556548424444,16.874673201942223,11.1
8.565842962126714,16.844248163359254,11.1
8.319978862214525,16.839292829503965,11.1
8.412489548490347,16.873053915293646,11.099999999999998
8.539202962288151,16.905546768440495,11.1
7.818731363755821,17.159447750523746,11.100000000000001
7.998545488561337,16.928753861032128,11.100000000000001
8.14154671827901,16.931245312736277,11.099999999999996
8.097644581389792,16.892695973282805,11.100000000000001
8.330699077300164,16.91247378549303,11.100000000000001
8.81713166376106,17.054109673494644,11.099999999999998
9.161999479678196,16.983530354066648,11.100000000000001
9.264725633789434,17.017638289412098,11.099999999999998
8.932042025196711,16.94042578416009,11.1
9.06216829609994,16.981291932298806,11.1
8.893024337883562,16.933871933402237,11.1
8.367878492527117,21.401201103414895,11.1
9.110139376319324,17.20235098662406,11.1
9.229162347506376,17.95011326119058,11.099999999999998
8.225766364243354,18.900747933020035,11.099999999999998
8.528728883543625,20.064873269496363,11.099999999999998
8.370035343577356,19.804426331648617,11.099999999999998
8.985079762472397,17.236374734792058,11.100000000000001
9.342417972082853,17.918261107911373,11.1
8.70018555719355,18.223878747799457,11.1
8.263453045483097,17.41117139607373,11.1
7.721764222946604,18.503982750059684,11.099999999999998
8.163836482103438,18.318280022419902,11.1
7.850958494185395,23.65141750447817,11.099999999999998
7.533059132951073,20.91055974072876,11.100000000000003
8.7715275215353,23.170961544545538,11.1
8.496450819231402,22.743758300813376,11.100000000000001
7.992290573942771,20.88710631047869,11.1
8.261133971717545,21.398024624807867,11.100000000000001
9.996195919357193,23.480554332079365,11.100000000000001
8.638551538937698,23.431097062760944,11.100000000000001
8.466187271648423,24.09591124616246,11.100000000000001
9.046137912413032,22.297597501427724,11.1
8.532417647642717,26.458997566941523,11.100000000000001
8.187549862740877,24.344401686545233,11.100000000000001
7.207219567807002,27.129486714185724,11.100000000000001
7.074426542698746,27.23676696060454,11.1
7.480387743751463,27.84012750016776,11.1
6.8185867549366375,27.680156023923573,11.099999999999998
6.991818171154848,27.7156660852287,11.1
7.49948820673166,28.08141019440652,11.1
7.361019262593552,27.942368487498463,11.099999999999998
7.3021230135433655,27.96781336768561,11.1
7.635474153426747,27.574791228912574,11.1
7.836503726338838,27.542658869844637,11.100000000000001
7.2877992181076126,27.88520652322576,11.100000000000001
7.7469852084347455,27.484322771093133,11.099999999999998
7.138403901608758,28.024496834766374,11.100000000000001
7.0038356822322605,27.362136528425353,11.099999999999998
7.572636319691764,27.477161459474708,11.100000000000001
7.295687113766759,27.709031238719685,11.1
7.248531254341557,27.51286147093564,11.1
7.339240292663775,27.60513772595277,11.1
7.576048850972758,28.477265157888578,11.1
7.3159967810716,28.50145686914354,11.100000000000001
7.323863326994137,28.459238693808558,11.099999999999996
7.219237474234686,28.382194178414082,11.1
6.89032887365163,28.26546991007724,11.099999999999998
7.117629164750814,28.42855569334496,11.1
7.195928701225547,28.3962602832787,11.100000000000001
7.242986716022181,28.27311879104198,11.100000000000003
6.86482670020098,28.306423521048067,11.099999999999998
6.918503333124811,28.42316094888912,11.1
7.161750331900385,28.359586851217276,11.1
7.310434538852516,28.2794196216327,11.1
7.12752323090333,28.421158238635396,11.099999999999998
7.372345934592849,28.535972175446126,11.1
7.212967140411508,28.475685489106187,11.1
7.041513820747375,28.434079747503933,11.099999999999998
7.247378216390676,28.48144255010309,11.100000000000003
7.212544914636068,28.406306067510936,11.099999999999996
7.093557567387548,28.60655916625184,11.1
7.274111475058919,28.632874015756357,11.1
6.928916492183431,28.715450148381855,11.099999999999998
6.793804696349538,28.583499156055833,11.100000000000003
7.025880117600666,28.709845204617185,11.1
6.918393715272713,28.731777349212912,11.100000000000003
6.847519191799202,28.76989308692323,11.1
6.861371459862985,28.51679305994244,11.100000000000003
6.8225667837731585,28.753342506750947,11.1
6.69561668077162,28.66118428289711,11.099999999999996
6.851687491154816,28.72924817653119,11.1
6.753010242295837,28.368976655562427,11.1
6.994174650381756,28.44691619052235,11.099999999999998
7.458464618725458,28.604920887939382,11.099999999999998
7.476751587067071,28.407305501209777,11.099999999999996
7.442261684220969,28.578529517899103,11.099999999999994
7.157676392701967,28.49021895545225,11.1
7.54786547595166,28.593140734030616,11.1
10.150153303190262,16.833935202907092,11.100000000000001
9.705202767012198,16.791076639087272,11.1
9.52002914429057,16.78472644828911,11.1
9.285905346644505,16.815087987803988,11.100000000000003
9.12144797571232,16.793758192415652,11.1
9.343315895905127,16.81413910607768,11.099999999999998
9.600920761630238,16.86506449016329,11.1
9.467507308330104,16.975082062922876,11.099999999999996
8.967175585804723,16.980311560009856,11.1
9.232984355642868,17.060918890409532,11.099999999999998
9.088833878578196,16.945036724045917,11.1
9.317815602596003,17.072010528056833,11.100000000000001
10.096328880230498,16.96504789717466,11.1
9.812627869591797,17.04239664062946,11.1
9.990225601340235,16.988787111256993,11.099999999999998
9.87895742514398,16.925842709790736,11.1
9.769432041190708,17.03613348827284,11.099999999999996
9.755918606076621,16.999925001125682,11.100000000000001
10.798365696453509,17.37850375874995,11.100000000000001
9.468268276873804,17.060239506858764,11.1
10.199726199938501,17.316423136340664,11.100000000000003
10.354338237852884,17.412033496407116,11.100000000000001
10.227934646070262,17.435078308535267,11.1
10.017721216462242,17.049984422722595,11.099999999999998
11.288249683976373,18.238657157548637,11.099999999999998
10.5365791205988,17.879194985111774,11.100000000000001
12.11484164214515,18.38009265533963,11.100000000000001
11.504462422780168,18.2049463654289,11.1
11.736028477790232,18.72114544378944,11.1
11.225950930586476,18.036273036795087,11.099999999999996
11.705151549095971,18.912291761497954,11.099999999999996
10.72275087227374,17.698789198222926,11.1
11.60810084592713,18.3867980374541,11.099999999999996
11.21926685842605,17.904708837835273,11.099999999999996
10.528924033972633,17.730407474118326,11.1
11.479619948666048,18.150465698038666,11.1
8.011930473957474,21.986984755705453,11.099999999999998
10.87205386943709,21.489721857637985,11.1
8.495264198831526,21.00686598948864,11.1
8.767232866911748,20.746402968550104,11.100000000000001
8.623325198956165,20.01635617130501,11.099999999999998
10.631939631084641,22.734013055046702,11.1
12.167282334501797,23.34556892714114,11.1
11.904656001967197,23.914713927502586,11.100000000000003
10.952249835013106,24.745097830136935,11.1
10.904448655408626,24.298604454160667,11.1
11.794542639917138,23.034449181283534,11.100000000000001
11.043047201284203,24.0751334815357,11.1
9.492715642533014,26.07600437974939,11.1
9.555836476341849,26.250078665923247,11.099999999999998
8.49067285997241,25.923571447199105,11.1
10.465799594513337,26.320062399628103,11.100000000000003
8.274401830569365,25.387859708106124,11.099999999999998
8.89766089815548,25.11173864170729,11.1
8.732228098335808,26.148942095691517,11.099999999999998
8.202701062613498,26.587979300668376,11.1
7.483333520925555,26.079278164887622,11.100000000000003
8.66847172531006,25.918773803810936,11.100000000000001
8.076368086103313,26.60464080689456,11.1
9.235951756061969,24.297086131826266,11.100000000000001
11.941857082827472,28.02979169435295,11.100000000000001
11.017777108063322,27.531986485263282,11.1
8.967220349425798,27.93511581481092,11.1
10.876942321172713,27.81466768640526,11.100000000000003
11.722266502788672,28.1985767391347,11.099999999999998
11.080662959339747,28.12496863803974,11.099999999999998
10.041224796151603,28.189309007990676,11.100000000000003
11.225178812728588,27.63697590689675,11.100000000000001
8.840375963924442,28.153085204011607,11.100000000000001
9.926788856274815,27.92139439926056,11.100000000000001
9.985425241796637,28.24067500957262,11.100000000000001
9.478615943283618,28.312221749727122,11.1
10.082647600587654,28.707422841246863,11.1
10.625731583686179,28.46555775139243,11.1
10.570421017416288,28.42737140503742,11.100000000000001
10.492274556939423,28.52130915218269,11.1
8.10350233767305,28.2855660917545,11.099999999999996
9.609307839801046,28.61083736518141,11.1
11.422741821987396,28.116938030700425,11.100000000000001
10.357451646334527,28.1103516704569,11.100000000000001
11.081433701588935,27.9660768716437,11.1
10.605209012287222,28.375602618348076,11.099999999999998
9.739468886859706,28.349430291875617,11.099999999999998
11.100946794636878,28.32286248040118,11.099999999999998
10.98896771949641,28.504297521193156,11.1
10.292366953837757,28.752812691416516,11.099999999999998
10.250734912727223,28.631465207373505,11.100000000000001
10.83966352409171,28.451866874444004,11.099999999999998
10.529487561571495,28.531471963976813,11.1
10.32487960136782,28.790215218020503,11.1
10.492623693830476,28.46262047938378,11.2518095187976
10.249773262948038,28.681874460560813,11.099999999999998
10.011703610492283,28.514962073723837,11.099999999999996
9.93846762083856,28.629296458451627,11.100000000000001
9.021521297480573,28.663093012702593,11.1
10.398147323030036,28.373700963532922,11.1
11.47526872620928,28.480852811847022,11.654171487285003
11.731488591066759,28.22204677906213,11.099999999999998
11.192662599081961,28.381774723211933,11.100000000000001
10.31211480466464,28.366663346193228,11.100000000000001
10.459573989397317,28.031189000991393,11.099999999999998
11.193593726451601,28.057909568145863,11.1
10.33510101593629,28.02507655210094,18.5
9.520862503375618,28.360003080929335,18.5
10.31066617477741,27.721708842776458,18.499999999999996
11.410428742710332,27.502283005781493,18.5
10.866622257778703,27.13878008785495,18.5
9.227416043831404,28.133092323555918,18.500000000000004
7.290418986930502,28.43741385493996,18.5
6.82416850774967,28.219899395047147,18.499999999999996
7.2639850209366585,28.401835076936905,18.5
7.630242672433326,28.339278625040173,18.500000000000004
6.652031313839428,28.414770062917093,18.499999999999996
6.69421509977173,28.52917098467954,18.500000000000004
10.2066177152943,26.03148466433534,18.500000000000007
9.747224613128227,26.63058677992704,18.5
9.807894403665374,26.174657644398756,18.5
9.39560078015734,27.684557757274256,18.5
10.665211868721796,26.473783888014456,18.499999999999996
7.725705476440727,27.86303364094295,18.5
7.363170466632994,27.011244930482164,18.5
7.188632647027805,27.53145527895026,18.499999999999996
7.757410696587125,27.043339492861346,18.5
8.457539922457041,26.831186183986812,18.499999999999996
8.265652628987404,26.15232487931245,18.500000000000004
8.364363335550154,27.05220333954757,18.500000000000004
8.980558906181436,23.483733831292447,18.5
10.45916722068358,23.93310128777384,18.500000000000004
10.408530437754976,22.148688562923294,18.5
10.766228171740197,21.100855811520304,18.5
11.57390399981912,22.196236870768708,18.5
9.565503598691942,23.94195690381025,18.500000000000004
9.834312457198646,22.211455742422203,18.5
9.922906955549365,22.176287559578764,18.500000000000004
10.570315343795379,22.475318673075815,18.500000000000004
10.256064323985179,21.41036900605177,18.5
9.824940790580758,23.062183642047522,18.500000000000004
9.963803656485437,21.403204975623787,18.5
9.298633828154598,21.569319752881075,18.499999999999996
10.12569202696402,21.766254518353136,18.499999999999996
11.0174466950685,20.908083477001643,18.5
10.753761808136309,21.166401077152138,18.499999999999996
9.628430138750126,20.765475840044957,18.500000000000004
9.213022312768587,19.688199910270107,18.500000000000004
11.447651602619004,21.572636705175203,18.500000000000007
10.86104262059495,20.743171621966443,18.5
12.683711716994058,21.967877188169624,18.5
11.952987736344207,19.796444854309648,18.499999999999996
12.799086303757422,23.56872053011418,18.499999999999996
12.077340676965274,21.827946712297997,18.5
11.691475036049123,20.355564596854716,18.499999999999996
10.994246193063612,20.28648172153922,18.499999999999996
11.87169313550883,19.894697490638737,18.499999999999996
11.419076697198877,19.56577392224005,18.499999999999996
11.224017201724871,18.93344003156501,18.499999999999996
11.462334839817881,18.580376120038242,18.499999999999996
11.120709661771883,19.266736908270126,18.499999999999993
10.753740392748504,19.49888564502328,18.5
11.312245617110543,18.441466333431393,18.499999999999996
9.326657308036543,18.33542707267827,18.499999999999996
10.675456607401486,18.649322704971286,18.5
9.59502736055745,18.26565417295437,18.500000000000004
11.193486935930634,18.079293495829102,18.499999999999996
9.108026804423162,17.58042774726828,18.500000000000004
10.087992345622062,18.37213679457481,18.5
10.797855051065953,17.990552612786058,18.5
8.779726684947347,17.876942121989234,18.5
10.631789015033295,18.24336426603757,18.5
9.58243144049249,18.640037012751677,18.5
9.20836325773148,17.95850662699368,18.5
9.669273023256329,18.376801896271484,18.499999999999996
9.410850691762603,18.254315497722782,18.500000000000004
9.374712267269933,17.722352756396692,18.5
7.7688701720639655,17.963692971354263,18.499999999999996
9.69224151663961,17.43533684051324,18.5
9.503230732936007,17.318227133998786,18.500000000000004
10.065079750092552,17.612277324386227,18.5
10.50252950746104,17.511110490605404,18.499999999999996
10.058027036802947,17.566477674569693,18.499999999999996
10.663789182061045,17.722457703746645,18.5
9.924899046291761,17.508574371102288,18.5
8.547676887857198,17.53524948716074,18.499999999999996
9.323634973425332,17.434929442044687,18.500000000000004
9.494546482120489,17.40455248683221,18.5
10.002702330477337,17.31981486701162,18.5
8.941724694096228,17.29195810700599,18.500000000000004
8.612609945139369,17.212176206782825,18.5
8.121980707448204,17.098003899674698,18.5
8.722623775469314,17.08206550622517,18.500000000000004
8.166991759785247,16.990450349767904,18.500000000000004
8.528716889005993,17.136514104230756,18.500000000000004
8.151617352890918,17.067070249544276,18.5
8.07922936535364,17.112695832378915,18.499999999999996
8.42069529014675,16.981487224833387,18.499999999999996
9.069971527935774,17.135638083133035,18.5
8.450497335652345,17.085299454257,18.499999999999996
9.098818223345576,17.139161003131914,18.500000000000004
8.746359529233004,17.097655271025854,18.500000000000004
9.69442728446753,17.445985617403313,18.499999999999996
9.794700320303358,17.386150533528497,18.5
9.705431675470175,17.369843586713227,18.499999999999993
9.462432605744217,17.31868266395323,18.5
9.449211634670878,17.306509836910053,18.5
9.109282863159272,17.3790002267867,18.5
6.470483980386681,26.39196210308701,18.5
6.277846451692125,28.32836222129944,18.5
6.55020803868103,28.060853167334187,18.500000000000004
6.055134628376395,28.273405304092183,18.500000000000007
6.189959090578942,28.305240138611943,18.5
6.190073802271769,28.31381484254874,18.5
6.79508630849642,26.600427466180587,18.500000000000004
6.740646942064125,27.409816484885898,18.5
6.807326438658066,27.17880906228914,18.5
6.978781547648026,28.32933386080112,18.499999999999996
6.485997187174407,27.55533212967011,18.5
6.584773522938356,27.36781879520908,18.5
6.504013636977404,26.58969410093066,18.499999999999996
6.730331214248858,26.69699237266176,18.5
6.7843955641780065,26.196598773688706,18.5
6.827087905238584,25.43173744191613,18.5
6.560770071614225,25.145376428930533,18.500000000000004
6.668682578391053,25.603986168852167,18.5
6.711353292962228,26.70371476697967,18.5
6.602879044927917,24.8293216745553,18.5
6.765710499326284,25.519358818073652,18.5
6.7387259667865935,25.09917391784229,18.500000000000004
6.770257734453151,24.52235153526867,18.500000000000004
6.478404805499928,24.854697593529373,18.5
6.738839595920948,19.251794791833948,18.5
6.604237800530282,22.386735666849948,18.5
6.505858387097668,22.056965717252048,18.500000000000004
7.231640300140565,21.021376663383208,18.500000000000004
7.431384802885097,20.540684486468795,18.500000000000004
7.62763754474336,21.621607859407746,18.5
6.214330948169075,20.136675493863457,18.500000000000004
7.121087449396588,18.606309297366867,18.499999999999996
6.961803741612063,17.76685019083037,18.499999999999996
6.9204552375503186,18.22263564256082,18.5
7.09247482964041,17.88817504677921,18.499999999999996
6.927704624482387,18.802602411694586,18.499999999999996
7.374503351661776,23.42794568458252,18.499999999999996
6.6908360675011105,20.565911347273733,18.499999999999996
7.0626266483864475,24.265722906054908,18.500000000000004
6.581176569637575,20.97567209762788,18.500000000000007
6.922264013511948,21.22466848702155,18.5
6.655675200564444,21.27776168387629,18.500000000000004
6.515303446761889,18.907617426536895,18.5
6.958786751366693,19.11737926521134,18.5
6.754155804159087,21.268105718040907,18.500000000000004
7.777654509061618,22.013494416338887,18.5
6.481919825501891,19.108891841948342,18.5
6.64411787481565,18.951371892177416,18.5
6.650899399678469,20.760462671492398,18.499999999999993
6.194417845118047,17.219547763246563,18.5
6.755746166301266,17.569148805245373,18.5
6.401003752536356,17.864197035774453,18.500000000000004
6.759780841088893,18.2608456678082,18.5
6.64241444077008,18.699244788221883,18.49999999999999
6.89786947561846,18.13955314400778,18.499999999999996
6.894570721283732,17.81585720788586,18.5
6.717364382425641,18.188885842404662,18.5
6.716456838120595,18.158565805938107,18.499999999999996
6.546857406321208,18.885185805398798,18.500000000000004
7.107873282196802,17.922614979845896,18.499999999999996
7.798481901462872,17.328972418860253,18.499999999999996
7.37377982939386,18.75296053356706,18.5
6.480489265596331,17.246619460230374,18.5
6.603765830735504,17.80019581813756,18.5
6.723663378550626,19.275864255177936,18.499999999999996
6.733665091406906,17.512701406517362,18.499999999999996
8.871275350317852,17.407735590588125,18.5
8.24256975333468,18.68467955797664,18.5
8.067215652207823,19.18929504326016,18.5
6.965664567325661,17.36942016634541,18.5
7.343538409789963,17.133526660357127,18.500000000000004
7.147809120764254,17.184995430986348,18.499999999999996
6.931995454856452,17.092069520754087,18.5
6.974983451316502,17.22057340042919,18.499999999999996
7.03451420333532,17.316987144651865,18.500000000000004
7.487994027497713,17.06031556912506,18.5
7.116721647374752,16.988081273715043,18.499999999999996
7.452042429621091,17.028978926497015,18.499999999999996
7.500064068047734,17.045899010899788,18.5
6.885503662150503,17.31402773227968,18.499999999999996
6.697227014831105,17.249122294660246,18.499999999999996
7.070109387044281,17.07222571049037,18.5
7.33331022811264,17.134651721284445,18.500000000000004
7.385617763443364,17.162764681321583,18.499999999999993
7.588806795380416,17.000869126177424,18.500000000000004
7.747111283379185,17.03402113522164,18.500000000000007
7.569882067329129,17.00462571594664,18.500000000000004
7.630186324560871,16.982722635488976,18.500000000000004
7.695073976968889,17.038343266413218,18.5
7.790967298741991,17.043819906209617,18.500000000000004
7.331404987395323,17.035185558937595,18.499999999999996
7.431104063845954,16.974793987454465,18.499999999999993
6.974658514751253,17.419824155632096,18.5
7.324254468434796,17.001832344738325,18.500000000000004
7.340624336717398,17.007422539050726,18.5
7.1746431564029,17.233519396770554,18.499999999999996
7.121992869015197,16.959838851625346,18.499999999999996
7.423005687746454,17.063461446251477,18.5
7.548389590311898,17.09301512041233,18.499999999999996
7.69026078315715,17.054727747034253,18.500000000000004
7.552505809672628,17.093227388114986,18.499999999999996
7.551467797123697,17.090432930431245,18.500000000000007
7.614365239807819,17.09124196987927,18.5
7.560351208091185,17.167594459641247,18.499999999999993
7.809221771392849,17.086513465586613,18.5
8.022302393022397,17.141191996925613,18.5
7.966797973410977,17.16514097262164,18.5
7.811130943714002,17.136560051635797,18.500000000000004
8.36641858571461,17.09459215527349,18.5
8.414368751094361,17.036561508577925,18.499999999999996
8.340464005122408,17.084399322623753,18.5
7.809995506347744,17.229373536471204,18.499999999999996
8.285910872934949,17.084608732438433,18.499999999999993
8.260053746375668,17.120209457499108,18.5
7.937745405173501,17.31021688821432,18.500000000000004
7.054916598781805,17.034057115127965,18.499999999999996
7.526123235038594,17.251359153083435,18.499999999999996
7.434446282610041,17.129754308638038,18.499999999999996
7.4280472159680695,17.155795885338428,18.5
7.316605625090813,17.117872372592736,18.499999999999996
8.714222415841977,17.458216524405152,18.5
7.913366385696829,17.48468598981748,18.500000000000004
8.071961879769834,17.175752281142003,18.5
7.95709945760151,17.289974715438913,18.5
7.829910868846019,17.568988684202637,18.5
7.526948421225656,17.176892187257963,18.500000000000004
6.715290823684431,24.226474269321034,18.500000000000004
6.485010324974763,24.034782936747916,18.499999999999996
6.488785134499304,24.127789607070824,18.5
6.433219200445219,19.504928497378714,18.500000000000004
6.814763091275826,19.319443632865926,18.5
7.38860668528219,20.168473442572843,18.500000000000004
9.293349708369997,17.91968284979606,18.499999999999996
9.000970891315713,17.806539649554946,18.499999999999996
9.547834304373739,17.821235596426973,18.499999999999996
8.17500570006149,17.58245042115802,18.499999999999996
9.342317703532487,18.248615997446592,18.500000000000004
8.622990680704817,17.537618823813936,18.500000000000004
6.250847169279981,28.08437185059328,18.5
5.842000788373136,27.36135465149992,18.5
5.994931429467162,27.86922159715632,18.5
5.764724202157894,27.004630361476337,18.500000000000004
5.828092878828904,27.20663489579738,18.500000000000007
5.8691990361426605,27.75858106775314,18.5
9.670184921808978,25.823421656134897,18.500000000000004
7.949391702664315,20.43042820717901,18.5
7.234927926456755,22.874601632481294,18.5
7.216287865208435,27.637346505341764,18.499999999999996
7.683049443895624,22.22312241748084,18.5
6.9614363625493185,22.904584936411364,18.5
6.00490454834765,26.709330639926193,18.500000000000004
6.4867762441608345,24.189325846618512,18.5
6.405123121976157,27.62010438930326,18.5
6.2306506588169075,27.53506290716787,18.499999999999996
5.892003292849379,26.287654107328567,18.499999999999996
6.231739146471877,27.346851084437795,18.500000000000007
8.27846760206233,24.82259212622811,18.499999999999996
7.425728216854992,27.499834715360468,18.499999999999996
8.332855387972119,27.51282375896491,18.5
7.643029756540374,24.254651122478876,18.5
7.131518853979356,24.069532427930767,18.5
8.538276717429945,27.622989029615013,18.499999999999996
6.188950683224446,28.32531011968628,18.500000000000004
6.561520011187121,28.48232364437548,18.5
6.200063164663644,28.37999955539905,18.5
6.065933307599309,28.386807769975803,18.5
6.314259325035684,27.932043385800167,18.5
6.765200936728194,28.22049895772631,18.5
7.330764026053787,28.47466285484498,18.500000000000007
6.264224643219516,27.165684977898085,18.500000000000004
6.711103844168575,27.207404039022077,18.499999999999996
7.0316956055331525,27.12959552852192,18.499999999999996
6.994812719468288,28.06697745220045,18.5
7.333158950468601,28.237742756252228,18.5
6.314158041610274,28.290676066361197,18.499999999999996
6.022030543074336,28.428256385325227,18.500000000000004
6.295134701744693,28.340137738720763,18.5
6.322688239148197,27.795667742370288,18.5
6.041913961329446,27.339986347686818,18.5
6.1216826567879785,27.487288081173833,18.500000000000004
6.905751730570927,28.23740643149684,18.500000000000004
6.978305818568924,28.461982846076133,18.500000000000004
7.197446258575812,28.20078936761133,18.5
7.461830574291515,28.519852261740635,18.499999999999996
6.37976540388287,28.363490290982842,18.5
7.973977230189768,28.305222334848324,18.499999999999996
7.1572638641384,28.54529562139389,18.5
6.184494372757888,28.414266033608726,18.5
6.070568139833507,28.3556927446731,18.499999999999996
6.182158004964228,28.404225872476584,18.500000000000004
6.272019385737111,28.42091561588523,18.499999999999996
6.182133113400112,28.418582516422315,18.5
7.012487097619294,28.50746934101385,18.5
6.894228780424641,28.433738042043913,18.318257997116017
6.435226172270806,28.325811131799895,18.5
6.266569106890429,28.28273651772557,18.5
6.277483877582402,28.434911712903073,18.500000000000004
6.278919682302404,28.43228965267128,18.5
7.2390620267334205,28.286084731647215,18.500000000000004
6.639263716499182,28.52977186385136,18.5
6.219574697250828,28.437756392161848,18.5
6.241911552426661,28.445997408399435,18.5
6.667431561489984,28.396022748952262,18.500000000000004
6.782109631464544,28.587908036005132,18.499999999999996
8.787518457446746,17.26802418429026,18.500000000000004
10.329352447947521,17.98515732033881,18.5
10.53692626684012,17.905934347736554,18.5
10.23329492431322,17.870339420987097,18.5
10.273752033478845,17.828650434020133,18.500000000000004
10.426857797062045,17.907226554089707,18.499999999999996
8.77195046548162,17.25972323526245,18.5
9.127371761754276,17.329908475322835,18.5
10.081821650010356,17.540142666581204,18.5
10.261192550446173,17.503623504263054,18.500000000000004
8.869566786276145,17.17974627246073,18.500000000000004
10.065909526624612,17.568960980626564,18.499999999999996
10.392531498331678,17.791495904619723,18.5
10.863476497942376,18.011062797499005,18.500000000000004
10.422714763026418,17.989332584905192,18.5
11.070114593756074,17.801994395169157,18.500000000000007
10.980820054768886,18.01487989965305,18.5
10.283837044320151,17.639529411898092,18.500000000000004
9.752259626713888,17.576417174592663,18.500000000000004
9.468569335308295,17.673931172466848,18.500000000000004
10.17919980251202,17.69189485485762,18.5
10.461077228327525,17.892140783468818,18.499999999999996
9.942507616736341,17.738394716966173,18.5
9.495233667971231,17.9198472415159,18.5
11.192323268738317,19.419242703722343,18.5
12.368051934607193,20.604750059693867,18.5
11.962125921530474,21.182937923467502,18.500000000000007
11.964825321616777,19.33167113686984,18.499999999999996
11.356088074593169,18.556096955103218,18.499999999999996
12.165137592226353,19.230242837466037,18.499999999999996
11.244598999879821,19.325510795087414,18.499999999999996
12.068675237067897,20.302075949851112,18.499999999999996
12.12470679940359,19.978042378346068,18.499999999999996
11.984147559179162,18.94595546241026,18.5
11.866934323100416,19.423252774757593,18.5
11.751916072859563,19.23319266937068,18.5
11.790982460483942,21.014132690404118,18.5
11.475648481956798,21.393774336772356,18.499999999999996
10.329896035116175,21.2724269559405,18.499999999999996
11.930829830265303,21.812305451083528,18.5
10.964268074109672,21.702984491609435,18.5
11.342178953436834,21.32817710518228,18.500000000000004
12.376006121381439,20.39680748954111,18.500000000000004
12.603274458092377,21.21423011465249,18.5
12.563087115577753,22.148717324674994,18.500000000000004
11.643244505835145,22.44651878947341,18.500000000000004
10.848583965197761,22.157909592959516,18.500000000000004
12.697362004835979,20.967649379826245,18.5
12.589945671626424,22.301398328084492,18.500000000000004
11.830509848409452,23.79654620931068,18.499999999999996
12.681972492028393,23.323095189785047,18.499999999999996
11.261215932439624,23.224840787657556,18.499999999999993
11.099417906036216,24.97087728945682,18.499999999999996
10.097915829662345,25.731343068042264,18.499999999999993
12.904457880000002,22.216428085025598,18.5
12.904457880000002,24.260508228127375,18.500000000000004
12.904457880000002,23.1030964240415,18.500000000000004
12.904457880000002,23.1373102176994,18.500000000000004
12.904457880000002,23.42871386142642,18.500000000000004
12.79200694334619,23.34108671465235,18.5
11.195461777750307,21.456939035945457,18.500000000000004
10.061563536028814,25.991022770378738,18.5
11.81535118486243,25.307585172942456,18.499999999999996
9.246083140792335,25.70881700188928,18.5
11.801786429081767,23.90205381149634,18.5
11.51616738518402,23.39407581377478,18.5
9.966771380469577,24.449464117111866,18.5
11.488579904748136,23.836728131330467,18.5
12.69463662021524,25.89093029538637,17.988066985335863
11.098907005664795,24.34720434717909,18.5
10.713883963946257,24.501329555057954,18.500000000000004
11.864001919702691,23.947892873291956,18.499999999999996
11.077801463895458,28.16395119886631,16.932356944769985
9.16775921083479,28.35385402296294,17.355220649285677
11.772509617130872,28.05310719874156,16.948330227032603
11.25918151499962,28.017594963947456,16.647756500331155
11.356737029251082,28.134048856220517,16.90420791207979
9.393283413687312,28.405378477150624,17.648444181931556
11.74659376677832,28.049475731816347,18.5
12.77858070540607,25.80677339481336,18.305172084327385
12.0940103372963,27.105151811677146,18.30779245676126
12.429744441740555,26.77442373543735,18.308811701227462
11.587990083569514,28.294228679144467,18.034210124879998
11.656503926764952,28.183355380120787,17.4505142589107
8.479534099980702,29.065906105011905,18.5
8.452709147657767,28.790303968342073,18.500000000000007
7.988308692792419,28.615873982118146,18.500000000000004
7.555737568004826,28.664296509849805,18.5
7.887821846512667,28.742077419019175,18.500000000000004
6.893292020040321,28.720888398249368,18.5
10.443134790463843,28.859219053317677,17.438394518402795
10.606845022234307,28.911368769873743,16.539565401242314
10.61791716175321,28.77970507699279,16.214011398255792
10.743066415625592,28.792096227759394,16.001771952569023
10.966924655730537,28.6190875487922,15.748099360277669
10.489172670877153,28.85302483398242,16.517877899841647
9.876571228167569,27.895303348215673,18.500000000000004
8.365584511784686,28.90620063973374,18.5
8.419414901961645,28.438939609598986,18.306687340071726
10.322544178603009,28.07242692728969,18.04390015880211
10.129436988636003,27.988575464477652,18.499999999999996
8.831993619625568,28.698002020367948,18.500000000000004
11.716859666489448,27.825542231549626,11.710780770768421
11.068626447035522,28.244207032613794,11.830404616910936
10.48824954983414,28.4810799322849,11.099999999999998
11.817562064414675,27.892234745497,11.494508508872341
12.374407934642855,27.18212962440021,11.975061264854801
11.845436625364874,28.387220709489792,11.386425899246875
7.5947952110075905,28.661089063544456,11.1
8.176149562230682,28.753013993838426,11.099999999999998
9.179599778762533,28.806375126505177,11.1
7.205919686135582,28.81282234206809,11.099999999999998
8.442805973878649,28.908832144586594,11.1
8.867554840949706,28.939054949654004,11.099999999999998
6.106083541049116,28.81132967191727,11.100000000000003
5.899524271110307,28.644590249879414,11.1
5.801790901373312,28.771513302016356,11.1
6.442794776397424,28.729409478120772,11.1
5.934619166458733,28.851617246515644,11.099999999999998
6.686233083492221,28.7365987449805,11.100000000000001
12.517082445133651,27.110872877271724,12.610793620244834
12.251458059975961,27.68628637035724,12.857129635933346
11.462597589884279,27.841808589492505,11.099999999999996
12.275392270260925,27.455649601670785,12.41471173819985
11.689904418703769,27.689884121517863,11.264282182563946
12.017126263180618,27.88282841826126,12.293498067846468
8.575678946919517,28.76014287038521,11.099999999999998
7.8689506017021476,28.285952362739696,11.099999999999998
9.395804879194856,27.84671009036173,11.100000000000003
8.153777801794845,27.91667349259182,11.100000000000001
7.63454436565577,28.35770312801215,11.099999999999998
8.863456484844107,28.152758371319216,11.099999999999998
6.514237639770652,28.063803964137726,11.100000000000001
6.872532366570121,27.729586165093444,11.100000000000001
7.6802376831510974,28.055802237853236,11.1
7.687697413610388,27.657932528686196,11.100000000000001
7.207022174675755,27.527000923958965,11.1
7.584952029991404,27.984899938590644,11.099999999999998
12.904457880000002,24.280797410102267,11.285104632658419
12.904457880000002,23.924345951029117,11.1
12.904457879999999,24.309694041764153,11.280628755661585
12.904457879999999,26.058439548944197,11.268317443575993
12.904457879999999,24.78459699160036,11.100000000000001
12.90445788,23.750255810152073,11.279224181806148
8.055231558496516,25.858780178234966,11.099999999999998
8.027295700980718,27.17855417675537,11.099999999999998
9.301265411505767,26.103214120947236,11.1
9.670749739783314,27.07050785003928,11.099999999999996
7.574803267449572,26.356201817782885,11.099999999999998
7.954248383847873,26.707063762358956,11.100000000000001
6.397646613118722,22.226374643185366,11.100000000000001
6.7198131563887324,25.033227881474176,11.100000000000001
6.985468995829861,26.624260575086,11.100000000000001
7.821248342755327,25.68423271166971,11.100000000000001
7.697305912806018,24.453580038913476,11.100000000000001
7.788298834525989,26.19882827899537,11.1
12.904457879999997,22.89387705859286,12.944910242822292
12.7879872789613,23.75748813149253,11.272515792209704
12.90445788,23.390451625893693,12.259615861990044
11.847478305220491,23.397852595975262,11.100000000000001
12.500616503091893,22.622832258107298,11.26515530525266
12.904457879999999,23.649986651765474,11.454757216071041
9.326970651926644,22.771485534807955,11.099999999999998
10.34718634972526,22.676477155535267,11.1
9.373465142773616,24.407629840091804,11.099999999999998
9.200066386555587,23.72302836995313,11.1
10.082355121353366,24.026034668876477,11.1
8.76476920164522,24.36969534691459,11.100000000000001
7.2775611333173975,23.014742594229215,11.099999999999998
7.236057833255516,24.077466086003362,11.100000000000003
7.128124318472452,24.939085905612085,11.1
6.927477023851644,25.44285590453135,11.1
7.508255832898064,25.112365393322445,11.1
7.300455336641809,25.183422361896202,11.099999999999998
12.90445788,21.10102701939527,12.86499332626673
12.457862215838242,19.89417540185304,11.676197235015868
12.539927226598113,20.22001289815253,11.099999999999996
12.904457880000002,22.512586260531865,12.736184194564643
12.90445788,19.7014336229029,11.100000000000001
12.904457880000004,19.967081346183267,12.414029985153888
9.956742033951455,21.452354253242436,11.1
11.953023357465101,22.731794776618536,11.1
8.61994994903571,21.92561553540345,11.1
10.811054409002102,22.26442868403855,11.1
8.765997793755103,21.083132922423356,11.099999999999998
7.9945330717001735,20.259260209046708,11.1
9.288196855290398,22.786578587425787,11.1
7.107961109340566,21.38402756205877,11.1
8.213709807900317,21.216908908754416,11.099999999999998
6.084828207372227,22.47966952043109,11.099999999999998
9.077218868913212,21.389559173075963,11.099999999999998
6.676685608367096,21.610436500905386,11.099999999999996
12.665792579088167,19.193614755893716,11.100000000000001
12.686881042345627,19.20647572383993,11.479984072649959
11.874634610862627,17.807655573567548,11.1
12.300819632177022,18.18560529813402,11.099999999999998
12.180543948737759,17.73787985936181,11.1
12.500308733495624,18.40611085259813,11.100000000000003
12.22211835860955,18.456273440214265,11.100000000000003
11.28187161593895,18.657739081385746,11.1
11.847647952872,18.27758077149452,11.1
12.06850005742322,18.28591068910091,11.099999999999996
11.95938934693393,18.36680901122017,11.099999999999996
12.108481516098294,18.878050018420463,11.1
8.327370072303735,18.26588850920336,11.1
8.482151006121184,17.61044536588347,11.100000000000003
8.970518817427953,17.868579023693073,11.099999999999998
7.950543464940903,18.758050142038215,11.1
7.288365694080866,22.472045691947212,11.099999999999998
6.6962316146262095,20.226074648232814,11.1
11.560829966821823,17.347521872728517,11.099999999999996
10.502097148436045,17.152167432032424,11.099999999999998
10.91596659463942,17.265730305653946,11.099999999999996
11.20010479289774,17.358626436122407,11.1
11.161669838045427,17.431796683968624,11.100000000000001
10.13952753693223,17.113080450345127,11.1
8.855455877383443,17.17166598105032,11.099999999999998
9.943818998505689,17.01546802833507,11.1
9.288024154776886,17.03896767966166,11.100000000000003
8.89014361842443,17.227145817795932,11.099999999999998
8.935731492214694,17.04550947350112,11.100000000000001
8.85107196168215,17.102610007510314,11.099999999999996
8.272403911750796,17.06511683879238,11.1
8.828910797108483,17.11862273489254,11.1
8.771034086588724,17.234707065654607,11.099999999999998
8.267504756103394,16.961169831670794,11.1
8.716979565853986,17.250611476810935,11.1
8.327253285667819,17.169034835367974,11.100000000000003
11.120597740164039,17.27396307060286,11.1
11.212604172060946,17.289057504942164,11.100000000000001
10.532957528549467,17.245286559449447,11.100000000000001
11.324829317237791,17.472014784783646,11.1
10.842013305029251,17.329467026616392,11.099999999999998
10.932832105057546,17.21774287898177,11.099999999999998
9.329302292135658,16.903473763178642,11.099999999999998
8.940098575109303,16.82797047084706,11.100000000000001
9.590225105147264,16.79791540707405,11.1
9.584235774607121,16.78729052925524,11.100000000000001
9.803506134748229,16.803148371332778,11.1
9.712016191671632,16.92763677480334,11.1
8.609537025742434,16.831954079884138,11.1
7.729232466212286,16.925901438779288,11.1
8.404542663982493,16.816934567693824,11.1
8.256215406085495,16.83707232441633,11.100000000000001
8.569644351803303,16.7580006145698,11.1
8.170020894982105,16.87709878231974,11.099999999999996
6.9303421507157825,16.822297026964215,11.1
6.9784736208499405,16.821260458377395,11.099999999999998
6.5654374060657466,16.96242108648751,11.099999999999998
7.379872574084022,16.830750843391254,11.1
7.137150441092141,16.926778330991556,11.099999999999998
6.907193407870822,17.026058872156145,11.1
8.676159052517095,16.754001720045345,11.100000000000001
9.113680094176393,16.76019591008858,11.1
7.9834989602289275,16.758325195656653,11.100000000000001
8.369307012151173,16.724345538975676,11.1
8.416230595276579,16.690803270000004,11.1
8.536164664692128,16.722205505316964,11.1
9.919833178112183,16.89364262874571,11.100000000000003
9.612554314944697,17.007604555178386,11.1
9.67069066113519,16.92691125480693,11.1
9.100903511783313,16.901465108306247,11.1
9.240648360065698,16.997701039331684,11.100000000000001
9.707667157054791,16.879808493447875,11.099999999999998
8.934588017107187,17.356369296962317,11.100000000000001
7.281093482311738,18.52207116450905,11.1
8.237325546823367,17.61741435750184,11.100000000000001
8.207596126498464,17.603057593369446,11.1
8.31919526430116,17.575364628817454,11.1
7.9487975997635125,17.66541575110806,11.099999999999996
9.347736317557398,17.063624647398175,11.1
9.366073787695813,17.032625576406872,11.100000000000001
9.712357053488155,17.10440601417613,11.1
9.227692909237348,17.05742135247732,11.100000000000003
9.795591434674373,17.06364308127339,11.099999999999998
9.215310465712612,17.095216069355686,11.1
10.371748855012864,17.07832665358403,11.099999999999996
11.033258839120641,17.358722337519847,11.099999999999996
11.195534772709605,17.65285140259306,11.099999999999998
10.418931378047251,17.3342099186698,11.099999999999998
10.33942512790004,17.11824741729935,11.1
9.521193307369527,17.160236354994023,11.1
6.41848964255098,20.459415316907517,11.099999999999998
6.23856271802747,19.683565431176834,11.099999999999998
6.798394797052278,19.721909858748727,11.1
5.929240108786811,20.69638889451424,11.1
6.579979320279176,20.07711960838944,11.099999999999998
5.6627312482079235,19.48306877902438,11.100000000000001
8.57986312668659,17.54807553737602,11.1
7.6396875442170975,19.097152359159068,11.1
7.829069871752524,19.42828439910684,11.100000000000001
8.03151728668467,19.47847416743569,11.099999999999998
8.644687331632516,18.394095338039886,11.1
9.363038635096743,17.403335557446987,11.1
12.706988576494316,18.91605523584645,11.099999999999998
12.805023704133847,19.914454733608576,11.099999999999998
12.411551479332408,19.60915894084835,11.100000000000001
12.80227104508998,20.299871100144852,11.1
12.704016338093897,19.739366702637646,11.099999999999998
12.904457879999997,19.258112957093967,11.1
4.917913348916049,20.099398151939173,11.1
5.749718734647519,21.541259849975322,11.100000000000001
5.742409655239386,21.116600282803525,11.099999999999998
5.4348975009177884,20.888721637099486,11.099999999999996
5.878333920440568,22.146683917784173,11.1
5.669220067147127,22.158310039317232,11.099999999999998
8.36364260000014,21.86591240484697,11.100000000000001
7.167911420973568,22.53715344254415,11.099999999999998
11.032466584864283,24.389880595791457,11.099999999999998
7.356614312164958,22.18403979225291,11.100000000000001
8.872884240751654,22.32489674026061,11.099999999999996
6.688455640835444,22.958168705462203,11.099999999999998
12.904457879999999,21.613225475752092,11.1
11.810636438896282,22.464103479267713,11.1
12.73133799512604,20.529034821316532,11.099999999999998
12.368413204454273,21.03615221051759,11.1
12.721124314971638,22.24111193625012,11.099999999999998
12.602711394783169,20.931435463826315,11.100000000000001
6.459497625323847,24.952187875257923,11.100000000000003
6.395466402134291,24.8372293667975,11.099999999999996
6.55118170097509,25.168860572865317,11.1
6.406269126328536,25.67273773206557,11.100000000000001
7.2182631818856295,25.538676135889013,11.1
7.04275676774587,24.93572416471055,11.100000000000001
6.951434833244489,23.595954068956342,11.099999999999998
7.227481453481657,24.905620471130362,11.099999999999998
7.077839250716803,23.85999780047416,11.099999999999996
7.167357289429856,23.861797098569912,11.100000000000001
6.9268415293847525,24.03256635884826,11.099999999999998
6.653553031846406,23.230370809138293,11.099999999999998
11.294628889735407,23.453258543647625,11.1
12.497566680435947,25.181833297927167,11.099999999999998
12.904457880000002,23.89584243584021,11.1
12.058348450637233,23.36230865610987,11.1
12.90445788,23.900703134565372,11.1
12.704126635703895,24.447709658066316,11.100000000000001
6.643849775661999,26.21859195567919,11.099999999999998
7.216915044104444,26.460021664799644,11.1
6.840472967808668,26.322668440273077,11.099999999999998
7.092877124714553,26.646322922468133,11.099999999999996
6.94959051075252,24.967993187900444,11.100000000000001
7.221919175567073,26.97177509702474,11.100000000000003
8.489792984096898,26.38680230185588,11.1
8.267096265267956,25.43320397711103,11.1
9.31713909282753,25.37361528292148,11.099999999999998
8.188340723307899,24.83459379030895,11.099999999999998
7.485566694165674,24.715331771414064,11.100000000000001
8.445547925726482,25.196722967750908,11.099999999999998
12.232460535167453,26.49216970250121,11.100000000000001
12.764347958797593,26.032540973424208,11.1
12.276135197175892,24.312849386714948,11.099999999999998
12.415476557580345,25.162555745386108,11.1
12.771786370664636,25.882730327341,11.100000000000001
12.572799081707382,24.72526254302957,11.099999999999998
5.766407981469081,27.764701918785626,11.099999999999998
6.4015686800835905,27.69522946645767,11.099999999999998
5.543372243855119,28.196464898400947,11.1
6.334185617457531,27.47394107644339,11.100000000000001
5.918482444196581,28.25862433814307,11.099999999999998
5.750530432226426,28.07202132680726,11.1
6.526745546904792,27.619921495206523,11.100000000000001
6.882845108506596,27.594419371869584,11.099999999999998
6.529374573034333,28.15134614893472,11.100000000000001
7.115730936261569,28.140366843504804,11.100000000000001
8.000631781319443,27.68491781338192,11.100000000000001
7.069487666891189,27.905481724874907,11.1
11.889791549152768,27.586630779691195,11.258549448103254
12.060555588005416,27.178876532625758,11.099999999999998
12.304758001764144,27.768607359689053,11.82312388010075
11.549381957670365,27.804025662548643,11.1
11.37595446821316,28.117604248787874,11.438841255956593
11.421478866930837,27.843748249698137,11.242537525367197
5.596396069053439,28.62088594473829,11.100000000000003
5.745777766976258,28.637601402683504,11.1
5.839443320191093,28.29218023083825,11.1
5.720865290749303,28.527548512368632,11.1
5.460754078422392,28.46185666208575,11.1
5.915228535642166,28.525508816124876,11.1
6.481709935228913,28.474375844198494,11.1
6.195338915694813,28.79266328144459,11.100000000000001
6.398869111999901,28.607277974074805,11.099999999999998
6.755290985981058,28.554957222304186,11.100000000000001
6.57416047133348,28.79185481066432,11.1
6.512611755482411,28.72692419424721,11.100000000000001
10.702513853841324,28.480413369252137,11.100000000000001
10.624564823113984,28.2834780602652,11.1
11.551338558842206,28.04055187948189,11.1
9.227831885628081,28.788772821106512,11.100000000000001
10.290900698349137,28.6089857450811,11.100000000000001
10.511221078017968,28.396537547076285,11.099999999999998
11.977127374577297,28.052601460231905,17.706098760305558
12.003873560522075,28.387434681949987,17.676595292891633
12.189678081533023,28.407187848850118,16.523418211377585
11.616407357817911,28.498758907388115,17.922320760779563
11.716957540051894,28.61542295871535,17.710189072985557
12.413734553385353,28.413277425589925,16.886941395319933
6.956893808909433,28.85864985026627,18.500000000000004
6.677451816091747,28.85736073520585,18.5
6.483590251281564,28.688440185642904,18.499999999999996
6.9563985976852845,28.498438143166318,18.32960682118899
6.563949053598372,28.368299298698616,18.500000000000004
7.2961722178037185,28.92741724093018,18.343921568545724
6.953617753673879,28.728998263449007,18.500000000000004
7.410587677005678,28.987063893468036,18.499999999999996
6.726197031895271,28.737065122949886,18.5
6.26363852116598,28.623809989056568,18.500000000000004
7.02349173416592,28.80201977877359,18.499999999999996
6.438630272992928,28.850202040159285,18.5
12.904457879999999,26.391157093954583,16.573228060122087
12.787323684645477,28.106462222477084,15.231769674508236
12.790532759135772,26.179958344460722,17.306126329859495
12.78991304437883,27.8532705567524,15.43473086582338
12.680846354707416,26.636144247059857,17.92348377530526
12.452068661581631,27.068423346349633,18.12248385789125
8.286800714887972,28.167601425027097,18.499999999999996
6.7942781538140595,27.725101084566226,18.500000000000004
6.895908527959093,27.850139823886213,18.500000000000004
7.765959428679812,27.252740257544804,18.500000000000004
6.901438533369428,27.84445071538392,18.500000000000004
6.508301037535657,27.98508437842466,18.499999999999996
7.698614569734463,28.4288013461211,18.499999999999996
7.271910127792854,28.54654769296043,18.5
7.515683514312327,28.603337163234883,18.499999999999996
7.865348734779478,28.65510150710571,18.500000000000004
7.530280582168062,28.520265820460402,18.499999999999996
6.6533000415953,28.279152208132274,18.5
12.904457879999999,23.708043393022102,18.5
12.904457879999999,23.83067977504677,18.5
12.90445788,23.813045612854566,18.5
12.65566432500666,23.68736115325806,18.499999999999996
12.904457880000002,23.94746465156493,18.499999999999996
12.904457880000004,24.09400161901175,18.5
8.625673798480078,26.39285469158381,18.5
8.30250441348615,25.05200926724804,18.5
7.42775854516995,26.818701915682556,18.500000000000004
10.435731173858606,25.421448698981806,18.500000000000004
9.425737431699913,24.696709882316693,18.499999999999996
12.189668320624612,23.091608764800135,18.499999999999996
6.692166612890352,26.422846673293815,18.500000000000004
6.4372408493985835,27.466982295846517,18.5
6.553534230510606,27.420010250537995,18.5
6.5677395894450665,27.554083565988478,18.5
6.476526125361631,27.43673064877836,18.5
6.74604196124383,26.803072990490946,18.5
12.709812767537898,20.420912169065076,18.500000000000004
12.710553470621301,20.71910503081462,18.5
12.79827431805817,21.733129682891313,18.499999999999996
12.90445788,22.45997651081872,18.5
12.904457879999997,21.631395185315995,18.5
12.90445788,21.7154121615684,17.76455939274258
8.810676181798588,23.97246223339915,18.5
7.71284690794792,25.256034506793245,18.500000000000004
9.859930871066698,24.078947019974567,18.5
9.037027030845499,24.794457958532572,18.5
8.861528139935173,25.049240048754896,18.499999999999996
8.612827225514613,25.73326217659886,18.5
9.749637483454677,24.357975469336605,18.500000000000004
7.534280417547139,24.451975980381818,18.5
8.44041723175222,24.698458891512182,18.5
10.380567700860393,24.68255143521749,18.500000000000007
8.049849709666196,23.837423740922752,18.499999999999996
8.636750520924613,23.100030050985016,18.499999999999996
12.624363606018644,20.325665322701965,18.500000000000004
12.721684142261465,20.45222321495585,18.500000000000004
12.607643574376254,20.209703375189918,18.500000000000004
12.568878716156828,19.634751168230828,18.5
12.710600269333698,20.18716388772188,18.500000000000004
12.62897122206038,20.140668478188783,18.5
10.469806173976684,21.819032022616938,18.5
8.917810936599198,20.804129537499218,18.500000000000004
9.22287971229166,23.422960412270744,18.499999999999993
10.8026584139765,22.572962161052565,18.5
11.176925926633338,21.12052352523391,18.499999999999996
10.695941430866515,21.0376679685728,18.5
9.953419699442192,23.45748627105605,18.5
8.218859164088828,23.28193404804853,18.500000000000007
8.979031331279065,21.914388944070282,18.5
8.882949632085529,22.480676778219543,18.5
8.260362906876503,23.126265215240586,18.499999999999996
8.319177578739417,22.137463727975312,18.5
12.04073357834318,18.606208457081816,18.5
12.102822154919508,18.750512281101198,18.500000000000004
11.317472098729596,18.344107055390246,18.500000000000004
11.90665653485253,18.80613599007412,18.500000000000004
12.108936637622739,18.96866017423721,18.5
11.327687801219072,18.670958558584406,18.5
10.672724529518307,18.628427688623898,18.499999999999996
11.180465979543989,18.7825120486668,18.5
11.16384835117253,18.705549755926622,18.499999999999996
11.431862568555502,18.949486821147723,18.499999999999996
11.16152209441232,18.794912879396986,18.500000000000004
11.65928483603756,18.43023322518863,18.5
8.294155877491466,18.92166450590772,18.500000000000004
8.153231565999723,20.85317181584571,18.499999999999996
8.400135076500906,19.208823237984614,18.499999999999996
7.853753536983314,19.905194013421717,18.5
8.421383172224964,19.645283801961398,18.5
8.571138000159745,18.066217293159664,18.5
12.026727396799604,18.381112940811246,18.5
12.313133195842726,18.72967993940669,18.500000000000004
12.478416280650737,18.586127705477836,18.5
12.257245509808834,19.02381883507057,18.499999999999996
12.196459381308415,18.790707595622802,18.499999999999996
12.275109832792596,18.85651046315274,18.5
8.397643120109828,17.410561852244086,18.5
10.575308391036225,19.812295024217637,18.499999999999996
11.523462164381524,18.463711095034515,18.499999999999996
10.999051295436274,17.946970562612897,18.500000000000004
9.171805555927254,17.629538287094256,18.500000000000004
9.975843971776131,17.740758461480485,18.500000000000004
8.619124995632525,17.829048916278023,18.499999999999996
7.75149244274367,17.565590000886843,18.5
9.161180251589096,17.75833738539052,18.5
8.347679452089663,17.66003180009841,18.499999999999996
8.246766949305881,17.44522969534716,18.5
8.067223876653472,17.91021319254242,18.499999999999996
11.180651455334084,17.872835233245713,18.5
11.17432239864212,17.958753825976977,18.5
10.88941996956089,17.919455629245977,18.5
10.593366258241817,17.697976686690883,18.500000000000004
10.723482027053182,17.862490003074,18.5
10.887035956672458,17.772513502713142,18.5
8.685157991153543,17.139104594363165,18.5
8.629316238032603,17.13316041555212,18.500000000000004
8.709502036610347,17.234794388620625,18.500000000000007
8.049526268446352,17.21881181871991,18.500000000000004
8.214717464424162,17.08206843143746,18.5
8.011822325507396,17.124725343887924,18.5
7.835981243116108,17.073597529442683,18.499999999999996
8.029644463248541,17.12490072125308,18.5
7.683172301168914,17.13516179959377,18.499999999999996
7.5477043242262924,17.105215894252623,18.5
8.862606702293842,17.53076182257219,18.500000000000004
8.020248971553729,17.33854768686915,18.499999999999996
7.033753521786652,16.929486414573635,18.499999999999996
7.148158498671702,17.395987387280307,18.499999999999996
5.827422856366334,17.081189478036148,18.5
5.952361032621676,17.48233180658526,18.500000000000007
7.41684605764872,17.864299812805186,18.499999999999996
5.577890087516137,17.636345434200162,18.500000000000004
7.635492647966632,17.15493094973283,18.5
7.721060079769946,17.272368003779764,18.5
7.5698462741612715,17.26954563606497,18.5
7.287920744544057,17.012937311391145,18.5
7.386197671215946,16.901101353222273,18.499999999999996
7.74449815763992,17.01231275182645,18.5
11.08724954486334,17.84218981444009,18.500000000000007
10.818635956050226,18.234217340671485,18.5
11.537047135603029,18.748740703763797,18.500000000000004
10.563688786109026,17.556145299390934,18.5
10.529899717288435,17.414110189654842,18.500000000000007
10.474053147397674,17.54524834565881,18.5
9.34033652349496,18.623807453158275,18.5
7.535326641543673,19.257525293915148,18.499999999999993
6.685600502720253,17.588025443121605,18.499999999999996
6.331374403670138,17.23048410212317,18.499999999999993
7.274990281685451,18.787339607400682,18.499999999999996
7.563578425895285,17.643109637233927,18.499999999999996
8.304575447049887,18.05510879230477,18.500000000000004
7.8949573694331425,17.800620869142747,18.499999999999996
7.589080790312139,17.882108629765895,18.5
8.225465543315785,17.624704235420932,18.5
8.186214080362818,18.83372911863527,18.500000000000004
7.726442869721684,18.25186768666409,18.499999999999996
12.237838347773751,18.195681885354734,18.5
12.090270526054288,18.10621850863515,18.499999999999993
12.25871540693708,19.26754624547651,18.5
11.164861039647715,18.17460750231175,18.499999999999996
12.048457120886024,18.214316110023944,18.500000000000004
11.025587276674573,18.241308639128384,18.5
6.512043231523706,18.75182653770651,18.500000000000004
7.771082402486217,18.648437258841746,18.500000000000004
8.099693433358583,18.920175082785136,18.499999999999996
8.868276183655647,17.967348041681554,18.5
10.109057248902015,18.624525149026145,18.500000000000004
9.088663240434228,19.360778930915142,18.500000000000004
10.737367300896222,19.394078948790906,18.5
10.380153302601176,19.555942241829474,18.5
10.870113284338851,23.65870643641492,18.500000000000004
10.3962941618102,20.47715046101228,18.5
10.49732838928163,19.765472655633594,18.5
11.107299925367386,19.743712836777128,18.500000000000004
12.018405752231349,19.225345202634212,18.500000000000004
11.097050231885735,18.099873487694182,18.499999999999996
12.153983312461554,18.85615713718475,18.499999999999996
11.480087162042457,17.91626777419838,18.5
12.083848775657803,18.917009819596316,18.500000000000007
11.838918000469375,18.900648178057892,18.5
8.416075686288341,22.12160501141307,18.5
7.611783640930701,23.177217687314947,18.5
8.46140181563761,23.546967493111637,18.5
7.731291458692382,22.760305230029363,18.499999999999996
8.838601485111795,23.411507778455686,18.500000000000004
9.371483156930317,23.258241658538505,18.5
11.43787503100928,24.63968794460193,18.499999999999996
11.096539756766681,24.370204634052666,18.500000000000004
10.02434832238189,23.477215449831224,18.499999999999996
10.575649124282387,24.055463532159425,18.5
10.356363849005245,23.4195230137567,18.49999999999999
10.217383572173137,22.17535764582388,18.5
12.796740408958392,22.264597066639823,18.499999999999996
12.699806394488384,20.62659018375072,18.499999999999996
12.802093464559265,21.063252663583228,18.5
12.610512090049932,20.017683182455983,18.500000000000004
12.63536673205733,20.07273435879658,18.499999999999996
12.722379655468563,20.42575658327997,18.5
9.980457804223441,25.672481027776733,18.5
9.175592873892045,23.70236634903124,18.500000000000004
10.27160805815287,24.961912856501577,18.500000000000004
10.339468327412101,25.33943716261697,18.5
9.018415861915525,24.8694666057029,18.5
11.689208809513282,26.797993511433088,18.5
9.879188647444554,24.751438024997313,18.5
7.6080469901569865,24.10008992901379,18.5
8.255551634517758,24.659417925769667,18.499999999999996
11.260975961518193,25.161701739836904,18.5
10.315330393915124,24.753866381246628,18.499999999999996
8.640758160653858,24.803574740757803,18.499999999999993
12.268318263593658,20.293706329949877,18.500000000000004
12.789977356921646,22.430419277825532,18.499999999999996
12.70523733825974,20.87395287025832,18.5
12.780111886518059,22.00949380879118,18.5
12.795697401806997,21.909196459027356,18.500000000000004
12.7878449786019,21.15118047899455,18.5
8.565607153201846,27.530744958986794,18.5
8.502525758914764,25.204929816858154,18.5
8.611017093071109,24.936929860423007,18.5
7.0059426442437776,25.864575347420054,18.5
9.927082608808291,26.03017345233359,18.5
7.448800484753362,25.081194690505864,18.500000000000007
7.086688647611809,26.853646936190355,18.5
9.033336472867834,26.513122400629733,18.499999999999996
7.9822946491259295,25.78112775922115,18.499999999999996
8.484385842530875,26.142929548585847,18.5
8.585435424212562,26.17236075682895,18.500000000000004
10.336598398158483,25.30398747927655,18.5
12.482923268289717,25.199951919067068,18.499999999999996
12.607142726649352,25.472905395838122,18.32802050496053
12.90445788,25.024116848090234,18.500000000000004
12.809831040369689,25.165581315650495,18.499999999999996
12.472172353165384,25.32390752729423,18.320751836054136
12.799512327709518,25.914478846186768,17.961069960776115
6.672024575945368,28.677431474384466,18.5
6.597747241298082,27.285557601213004,18.499999999999993
6.58372845200221,28.79392432520651,18.5
6.602154317227587,28.701178208554932,18.500000000000004
6.53267320526793,28.90577233324252,18.5
7.041818572249414,28.826548020493767,18.5
7.563592731141023,28.233697845556737,18.5
9.885646557804886,27.580086884974865,18.5
9.888060548619757,28.070531745728097,18.5
7.4242616704596545,27.50362537733568,18.500000000000004
8.405332053825061,27.224149715641545,18.5
8.273203654845913,27.48525645607705,18.5
10.654221993036364,28.319545926457327,16.427518708236107
10.547264564865502,28.672964518900276,17.455605976931018
10.580308225442423,28.88194954066423,17.84157120678646
12.793935688859241,26.992986218418245,13.34787500731891
12.90445788,27.187833983926645,13.08045530138462
12.904457880000002,27.30087901068505,13.490728335598973
6.393024608456939,28.771352292560525,18.500000000000004
6.899327661667104,29.023400306243627,18.500000000000007
7.205116366694106,28.985609009628472,18.500000000000004
7.277106089191367,29.016186753269942,18.5
7.316895624636557,29.020449530192632,18.5
7.030199059891282,28.997988334138892,18.5
6.852243577729287,28.978176424358143,18.499999999999996
7.094200779017837,28.469291755496577,18.500000000000004
6.227302343809921,28.513107660371656,18.5
7.63541007249172,28.90633386121076,18.499999999999996
7.56753119706404,28.75447079487238,18.500000000000007
7.640219969597846,28.663570141699786,18.5
10.50025182154934,28.444608693136153,18.305235391815216
9.659954923584861,28.62058710114619,18.5
12.201185663765187,28.278866774060496,17.322556027674537
11.321496557128793,28.71297904442659,17.71611116055125
11.173879743064713,28.787907047433624,17.86244494962626
11.43033575275518,28.717850934011697,18.1441344671769
