10.71914561796252,28.537443466671967,11.1
9.890662490291447,28.20449502010799,11.1
9.087916988732255,27.976911562694347,11.1
8.79559519283072,27.756086826113915,11.099999999999998
9.61787503292103,28.09086865706605,11.099999999999998
8.804549978935366,28.205685240671038,11.099999999999998
6.324257975643231,28.31808043522893,11.1
6.867285722876497,28.432245228340058,11.099999999999998
6.604795042625952,27.988496584971266,11.1
6.881394827624751,28.1024503135789,11.099999999999998
7.1392999402495345,28.542951280980095,11.100000000000001
7.150952713946774,28.211557769696753,11.1
4.1253779,27.634986750396774,11.1
5.216330922974901,27.981617862845276,11.100000000000001
4.940273225768275,27.40193636198314,11.1
4.1253779,27.420784889424247,11.100000000000001
4.672898922664801,26.750762394703635,11.099999999999998
4.1253779,27.1902352405198,11.099999999999998
9.887854480762769,27.193709948007605,11.099999999999998
9.61815192110152,27.529354376667055,11.099999999999998
10.162158261557828,27.306680377929045,11.1
9.073006954890001,27.308061426421396,11.1
9.892430029450033,27.531686577421276,11.099999999999998
10.15658201063502,26.85828259243552,11.1
7.4122750615061275,28.088597558022652,11.1
6.708391085703748,27.524240391914148,11.1
6.321538804070226,27.195262993838675,11.1
7.692199420887183,26.747090306583026,11.100000000000001
6.5836092404450826,27.864590661407977,11.1
6.5949237277888155,27.75460427816293,11.100000000000001
5.220692108027843,27.080491587360974,11.100000000000001
6.040438690336608,26.413989794686714,11.1
5.486083437271343,26.856580985931824,11.100000000000001
5.489810784131612,26.74783273545833,11.1
6.049339035289421,27.531474255179553,11.1
6.045742985865353,27.64328778504368,11.100000000000001
6.317422593430094,25.183561559099676,11.1
10.436566506707852,25.41060166273204,11.1
7.415001873937484,26.3016760980836,11.1
9.615929231746216,25.412013739258825,11.1
9.616497477415784,25.744717724702458,11.099999999999998
9.890570928220995,25.522435783848874,11.1
5.415536247399728,25.845140847996266,11.100000000000001
6.595118294734844,26.416240597657705,11.1
6.31798129581945,26.522341668467924,11.1
6.320696397722078,26.634369927463787,11.099999999999998
6.04348954785516,26.302037160603433,11.1
6.045406250898441,26.191245534653905,11.100000000000001
5.217183900041902,25.63056588691495,11.099999999999998
4.395203520983602,25.518392527634987,11.1
4.66818622252219,26.29465175456462,11.1
5.210839825216761,25.407773448524875,11.099999999999998
4.940253184433244,25.85561214267373,11.1
5.212091229667427,25.513761217283413,11.1
10.710810140537045,24.514717039716032,11.099999999999998
10.989960045591385,24.842891546248456,11.1
10.720154479751475,23.398871219419465,11.099999999999998
11.252904858304516,24.627193647930785,11.1
10.714639201701152,24.625648369704095,11.1
10.992591335619482,24.956932765405305,11.1
7.413613124823071,26.30120510458669,11.1
8.516496323042098,23.95351293382074,11.099999999999998
8.239322074057092,25.297208275543667,11.1
7.223340255446075,23.948348876921404,11.099999999999996
5.501453976535057,23.395886789365555,11.1
5.4960087416435774,24.5132164955687,11.100000000000001
4.125377899999999,23.95936776117737,11.1
4.1253779,23.96078242825981,11.099999999999998
4.638423227149446,24.159396056012227,11.100000000000001
4.398752122431743,24.84778120296489,11.1
4.394815493206174,24.409204435319722,11.099999999999998
4.1253779,23.96095884949041,11.1
10.160159233336447,22.612724320738298,11.1
10.985209545930667,22.388938819375674,11.099999999999998
11.257773972630345,22.612610034900957,11.099999999999998
9.33826121965002,23.509540537290295,11.099999999999998
10.436264525106182,23.062103661862775,11.1
10.987306119155589,22.945658359352795,11.1
6.045284365180769,22.05528449309328,11.1
5.503221851208948,22.610434319309938,11.1
5.49213479083432,22.61196749121091,11.1
9.877317020542886,22.947265246188866,11.1
9.077937645265703,23.839222870584862,11.099999999999998
7.417895185433344,23.508007883992732,11.100000000000001
4.674299864511484,22.946142530509896,11.100000000000001
4.673992318952685,22.614053273563208,11.1
4.671241344180823,22.6116606181173,11.1
6.307934628856418,22.61233087119037,11.100000000000001
6.870796392305909,21.83299287706034,11.1
5.7630974147182705,21.826534201170084,11.100000000000001
11.25324178717227,20.268084782579624,11.099999999999998
10.987959890687373,20.602882919207538,11.1
10.992459014251407,19.932530801811637,11.1
10.710822919630179,19.48640094726689,11.099999999999998
8.517134129976531,19.37389911341201,11.100000000000001
10.425044473878108,20.489640110630745,11.1
9.060184212803009,19.814821968338293,11.100000000000001
8.787676959899196,19.705281979518276,11.099999999999998
8.514938376506509,19.9323083199008,11.099999999999998
8.230137692493683,20.273838842876316,11.1
7.412459270785691,20.16098051412295,11.099999999999998
9.882920912851983,19.372491440315937,11.099999999999998
4.3971423899441815,20.824970885806273,11.099999999999998
6.305860455293347,20.6087862016169,11.100000000000001
4.672656777207862,20.712500390077185,11.100000000000001
8.24137664849461,20.937993291085135,11.100000000000001
4.6706140900740065,20.264856269711665,11.1
4.945311656735214,20.48758527999751,11.1
9.066225889441831,18.81636352448799,11.099999999999998
7.681868835300122,17.696449454454843,11.1
8.787927337334049,18.59079231868971,11.1
8.241702855150841,18.480254504740053,11.1
8.510872394182535,17.696411784361313,11.1
6.5911269070904215,17.695235959461286,11.099999999999998
8.516701964608018,18.81526304165026,11.1
8.51568574927958,19.14741063425891,11.1
9.059637465383663,19.59353156164906,11.1
8.241263206015942,19.708765689574047,11.1
9.060537942089955,19.480684687221306,11.100000000000001
8.516645763966103,19.03842324790444,11.1
5.2158259307589105,18.92099285771691,11.1
9.60365737195163,19.370709039921486,11.100000000000001
4.1253779,18.91929563029035,11.1
6.5840164275895745,19.14318223697989,11.099999999999998
4.1253779,18.587210669896507,11.1
5.756385442447505,18.916766607226005,11.100000000000001
8.24996502254273,17.582769929351898,11.1
8.523057796519,17.13692784642695,11.1
8.2455747064624,17.471202842545555,11.099999999999998
9.341560367003275,17.47343511193705,11.099999999999998
10.71090539619545,17.695060082879547,11.099999999999998
9.616684728397807,17.583487221349507,11.1
6.949165491914471,16.899597533264618,11.1
7.964782207926545,16.80190779864412,11.100000000000001
7.679630306279298,16.690803269999996,11.099999999999998
7.967920187460093,16.690803269999996,11.099999999999998
6.860672363290871,16.912102573533446,11.1
7.143745316529902,16.913593687510307,11.1
4.668567058007059,17.133722287235493,11.1
4.398353364101539,17.3631836599588,11.100000000000003
4.9390358830145695,17.137671184812852,11.099999999999998
5.480655511722043,17.578691668003312,11.1
4.1253779,17.471201002928883,11.099999999999998
4.1253779,17.913205979308067,11.1
7.957864469265906,16.800572724270204,11.1
6.858201870760765,16.690803270000004,11.1
7.140038864789661,16.69080327,11.1
7.139405181897105,16.80116252103654,11.1
6.857571285042459,16.690803270000004,11.1
6.857598017537058,16.690803270000004,11.099999999999998
8.782837201121733,16.801648858671754,11.100000000000001
8.504355616187397,17.017926866092413,11.1
9.331162846241034,17.469198844277862,11.100000000000001
7.968639981104252,17.13372413894446,11.100000000000001
6.865836972882619,17.241442361566865,11.100000000000001
7.690732529873996,17.801132450663705,11.099999999999998
12.90445788,18.470434350668363,11.100000000000001
12.904457880000002,19.244007500505866,11.099999999999998
12.904457880000002,18.58579484992078,11.1
12.904457879999999,18.47136335309011,11.099999999999998
12.90445788,18.47627896490595,11.1
12.90445788,18.249571298226403,11.1
7.142040393850573,18.255560224207013,11.1
8.511194327862473,19.040723651477588,11.100000000000001
8.241460941845958,18.81423692632991,11.100000000000001
7.6956814581984405,18.592912234478646,11.100000000000001
8.237595305268341,18.033015579312753,11.099999999999998
7.965289895170189,18.594177289578848,11.1
7.9721550208246565,18.266094765517977,11.100000000000001
10.424521309625394,19.48528642093268,11.1
10.427747269767748,18.705364858929112,11.099999999999998
10.42627537968785,18.481495595399153,11.099999999999998
10.4238186171824,18.148488982602597,11.099999999999998
10.699551921696253,19.040362263242695,11.1
12.63340251503358,20.037545440461795,11.100000000000001
12.904457880000002,20.138463870144697,11.100000000000001
12.904457879999999,20.490392496074566,11.1
12.904457880000002,19.594455255972285,11.100000000000001
12.904457880000002,19.36788555795206,11.1
12.90445788,19.695732291164187,11.100000000000001
9.875146362238052,20.709668213273776,11.1
7.1380367341509885,21.71713461847024,11.099999999999998
9.607312918675392,19.820274306533836,11.1
5.493924804248613,18.030273383685472,11.099999999999998
6.864366229845309,19.037732509874758,11.1
7.144504457003732,19.709090056844868,11.100000000000001
10.428083955564887,20.490032108083952,11.099999999999998
10.431473284334555,19.935334236463525,11.099999999999998
10.700986911065723,19.9342342699952,11.1
11.248962715682403,20.268242379003844,11.099999999999998
10.428949488734704,20.82465849897722,11.1
11.254038781044493,20.154261091868843,11.1
12.90445788,19.934517541970664,11.100000000000001
12.904457879999997,19.591985708521563,11.099999999999998
12.90445788,20.490617088196267,11.099999999999998
12.630249057426196,22.153223456773336,11.1
12.90445788,19.930837393372645,11.100000000000001
12.904457880000004,19.93482522634466,11.100000000000001
6.03794970838839,21.83080276974989,11.1
7.418079710210916,20.602146636858212,11.099999999999998
9.888806982217128,20.377230146308037,11.1
7.965810755428481,22.389091285467412,11.100000000000001
8.239397153956364,22.053319770349052,11.099999999999998
8.240819178548536,21.383423963994996,11.1
10.435010140404533,22.946013357334156,11.099999999999998
10.428738374952896,21.380383387594943,11.1
10.157472197736203,21.831766694886152,11.099999999999998
10.431940377227718,21.04771625995246,11.1
10.422025594225824,20.715906166552724,11.1
11.526279990608826,20.266045619381053,11.1
12.634653502106888,21.386856853855097,11.100000000000001
12.90445788,21.720611899493093,11.099999999999998
12.904457879999999,20.833033490662196,11.099999999999998
12.632256134119238,20.490294265371432,11.100000000000001
12.904457879999999,21.49150103414301,11.099999999999998
12.90445788,20.610369014559243,11.099999999999998
9.33722667237711,24.067682223920464,11.1
8.241073192476561,24.51274696148593,11.100000000000001
8.239808780767556,23.507481774763015,11.100000000000001
6.868119245047726,23.39635046946175,11.100000000000001
5.497474529725023,23.058767236470352,11.1
8.786915086860056,23.84324137986878,11.100000000000001
9.064613574773253,23.506655553473742,11.100000000000001
9.03540843247266,23.948999615943563,11.099999999999998
11.528199571976295,23.730938231038106,11.099999999999998
9.610326304819015,23.845787368690758,11.100000000000001
8.787382838585371,23.95608241306112,11.1
8.78726696152335,23.955602258717715,11.099999999999998
12.904457879999999,24.062979573313775,11.100000000000001
12.904457879999999,23.510025764759483,11.099999999999998
12.90445788,24.179598039806343,13.879685357137866
12.904457880000004,23.27895143787816,11.557047055472268
12.90445788,23.731936598153638,11.1
12.90445788,22.831396834162735,11.1
8.519198159236515,26.412767734807453,11.099999999999998
9.071798941529455,26.414352234380864,11.099999999999998
7.1478519391836155,26.863338608971475,11.1
6.311367685509961,25.40876947797195,11.1
7.961828130041333,26.526780278105416,11.100000000000001
8.786471805144267,26.971308566692542,11.100000000000001
11.251868174726622,26.076745143887095,11.1
10.427848986017096,25.96620593324419,11.100000000000001
9.610761878174596,26.525033795375506,11.100000000000001
9.880308992330578,26.524325502341373,11.1
9.883621158884385,26.413576212128355,11.099999999999998
10.699413591666755,26.411312010046917,11.1
12.90445788,25.401472485743433,11.556955829165759
12.90445788,24.624590356157448,11.555527690396648
12.90445788,25.96514845296061,11.099999999999998
12.904457879999999,24.84979318316194,11.099999999999998
12.904457880000002,25.182125789662827,11.100000000000001
12.904457880000002,26.41224174707791,11.100000000000001
5.758621546123,27.531810942591513,11.099999999999998
6.559674034335381,27.974830033034767,11.100000000000001
6.580419875118908,27.42416368923907,11.099999999999998
5.760127920563148,27.75557908107194,11.1
6.573037157760455,27.641785026578653,11.099999999999998
7.733530481084092,26.480092270891575,11.1
10.42414478187741,27.970975152674658,11.1
10.716325756540007,27.969990909975092,11.099999999999998
11.248269372045122,27.86084397946557,11.1
10.161333309372717,28.08222606664294,11.1
10.15736636848688,28.19633071656507,11.099999999999998
10.71285984095076,27.748663579640937,11.099999999999998
12.90445788,28.085826015367488,12.0045422829865
12.90445788,27.414567147125577,11.1
12.636944126082081,27.745802912211477,11.1
12.641322085895041,27.75137220015223,11.100000000000001
11.82434496278842,27.525343214251166,11.100000000000001
12.36424539210069,27.634976751872085,11.100000000000001
6.856202667126347,28.651294877899133,11.1
7.149465330354921,28.87417384775675,11.1
8.502654367453168,28.652304309484908,11.1
5.221373516900277,28.20835690101485,11.1
6.31966365921997,27.646519969595154,11.1
7.133755846969583,28.20580240821554,11.100000000000001
8.223128956613335,27.863818379792853,11.1
9.334785893914352,27.980187030111015,11.1
10.155692505146895,28.091243282944976,11.1
9.330125968242688,27.981187540555084,11.1
9.882753354932957,28.202580569138,11.100000000000001
9.872967556667692,28.093238491531935,11.099999999999998
12.904457880000002,27.65956561197378,11.55559118488862
12.90445788,27.32852528916877,11.558933599488011
12.904457880000002,27.87701267476786,11.549074056021697
12.90445788,27.87173254833519,12.012038714800285
12.904457879999999,27.988670292663684,12.00812779267279
12.904457880000002,27.663282176626993,11.55809748188051
8.230809995772093,27.75230528383732,18.499999999999996
8.253920354373108,27.978160258199523,18.5
7.691459246898285,27.30651072003561,18.500000000000004
7.961180086121079,27.640117100841067,18.5
9.624419763401296,28.093441330058873,18.5
9.067250119759517,27.416016370188515,18.499999999999996
6.862424423331126,28.99069438157673,18.500000000000004
6.855806829335731,28.991483434226964,18.5
6.851917672414862,29.099615517122324,18.5
6.869498272859124,28.875385403269764,18.5
6.597714232739612,28.988016678542937,18.5
6.865538897134635,29.097984534138995,18.500000000000004
7.998227347694681,27.525384730505642,18.499999999999996
7.132959863167239,27.872412613345045,18.500000000000004
8.518953821820372,27.64197157309401,18.5
7.409693971339216,28.091713568550205,18.5
6.599923530536389,26.973629249735573,18.500000000000004
10.711459398582315,28.09108219243112,18.5
8.231511632217185,26.86227786001664,18.5
7.427666845127607,26.192744030056755,18.5
7.696534891269566,26.975977952457388,18.5
8.248211244495371,27.197172443156404,18.5
8.801878538058991,27.419779080571924,18.5
7.973682626238897,26.303905231707787,18.5
6.596967266486888,26.86258922717485,18.5
7.4163642273332595,26.74996113406275,18.5
6.593406007009985,26.747928680412546,18.499999999999996
7.140289941949489,26.97118573394871,18.500000000000004
6.869812508289048,26.973235604374576,18.5
6.8640380601736855,26.077040087261835,18.500000000000004
6.043012892744855,27.754616416325156,18.500000000000004
6.04387405881503,27.41856943447472,18.5
6.588719545901556,27.41967621125057,18.5
7.7388051768328445,27.63079159845786,18.5
7.147392823468264,27.30837671049762,18.5
7.147266754524214,26.750052494078485,18.5
10.161067532638691,23.733037381355302,18.499999999999996
10.074732714770258,23.528571952492236,18.499999999999996
10.162232536151176,22.950196374402346,18.5
10.989069958133959,23.50836813040453,18.5
10.714751348936385,23.17350516079977,18.5
9.62265232168796,24.06609071377779,18.500000000000004
6.875310368342369,26.521771881365094,18.5
7.686712579302463,27.0819902551997,18.500000000000004
7.147146131058888,26.51954801762029,18.5
6.8714440815482725,25.740258847470912,18.5
6.319933954723122,25.968302557370887,18.5
6.874091382802708,26.744606725892133,18.5
6.874621866876172,26.86159143357046,18.5
7.142027245000145,27.19658596968984,18.5
6.043199953516695,26.748505258539268,18.5
7.1442477942424105,27.196018898750935,18.5
7.142088541669466,26.972888526056973,18.5
6.593918271249777,27.19488029156558,18.5
9.888555642396817,23.28559049887729,18.5
9.621702734415852,24.066850597953614,18.499999999999996
10.4413403703216,23.395987328942894,18.5
10.985696322825449,23.17359080943157,18.499999999999996
9.892526551440422,23.397623135246363,18.5
10.435347472203976,24.627500512546963,18.500000000000004
7.1383708256489715,25.40754681586492,18.5
9.064795771084839,24.960464541303054,18.5
6.705937810139501,25.316675771395776,18.499999999999996
7.688851215718861,25.63083664191089,18.5
9.339150543179123,24.28945357299501,18.5
10.16233945177273,23.845204487369934,18.499999999999996
10.434300025914904,23.395778459782772,18.500000000000004
8.23690157643463,24.737177962680907,18.5
10.577569768759528,24.054676912904,18.500000000000004
9.612700589064707,24.179197136875686,18.5
4.949379605209785,25.518001476307642,18.5
11.533008935641474,24.291068564747498,18.499999999999996
11.53854713733757,23.392766255178437,18.499999999999996
10.719130459847038,23.282919432847113,18.040468177301445
12.357065286740365,23.953559179796123,18.5
11.25832404675008,23.395251538205507,18.5
11.263879927771638,23.51077776045405,18.5
10.168076994577335,22.841507387258996,18.5
7.965109342528306,22.276889297691007,18.500000000000004
9.060507741227422,23.281100200747755,18.500000000000004
9.28973231772226,23.527953473362338,18.500000000000004
7.964826302903599,23.507591898853903,18.5
6.869241257684327,22.39083375595684,18.5
9.3311726616633,23.060859061028925,18.5
6.591385823137332,22.725919641405945,18.5
10.710476504105513,23.397302997916913,18.5
8.784006037451718,23.506767068409804,18.5
10.153349415197454,23.39594150307353,18.5
9.88887973038522,23.622169530599137,18.5
11.534103804337187,23.51022985403522,18.499999999999996
8.516608062904426,19.93179202465409,18.5
9.337279296857233,19.039447967837145,18.5
9.337537796926007,19.710122881757208,18.499999999999996
7.141369693986868,18.478572053963795,18.5
7.690830889310354,18.367192316582457,18.5
6.593102182689464,18.478411915236183,18.5
7.141941410751853,22.274274354974274,18.5
9.058427639657882,23.061425129230503,18.5
8.51208807326129,22.83700210299181,18.499999999999996
9.337118513342755,23.28769700179798,18.5
9.059786850006523,22.725536689833344,18.5
8.513604985040331,22.83687068626305,18.499999999999996
5.499324969693838,18.25210705182152,18.5
7.42021382477628,22.50446235459571,18.499999999999996
8.790931119334147,23.17537934921046,18.5
7.694038517019658,22.838259303002236,18.5
8.796689808235518,23.28922914858756,18.5
7.968049947845753,22.05587255270768,18.5
11.80630749616549,21.046134368884232,18.039751650708297
9.897132470089227,19.70577814611169,18.5
7.694130858489813,21.275583150731503,18.500000000000004
8.78384820156472,18.81650605435128,18.5
8.517682439859714,19.262985297537845,18.5
9.61231670587581,19.711017717104227,18.5
6.588225397510545,19.935461683050885,18.5
8.496432731532638,20.71918227803777,18.5
8.784480019429056,20.602066610420188,18.5
8.783749831322906,22.277792301661645,18.5
8.243153312304427,19.598042989563382,18.5
8.498113064402597,22.385432159076117,18.5
6.044544986986671,17.696963478239965,18.5
5.495708059102004,17.694881376954726,18.5
5.765919562773803,18.139125615496127,18.5
5.491496417962033,18.027545793173473,18.5
7.967026746699009,19.704144025950846,18.5
5.766521667992,17.80536601221422,18.5
9.882864919582682,18.36776811274523,18.5
6.8712497125639835,17.58384846175389,18.500000000000004
7.1441592739071265,17.69717591120954,18.5
7.693523185643552,17.584663212052508,18.5
7.143219601757481,17.69674020554122,18.5
7.690035169449361,17.473877991638645,18.499999999999996
6.048982366864605,16.91306433143749,18.5
7.146371506442309,18.244687804065773,18.5
6.050713532448738,18.025643190838522,18.5
6.056104173231853,17.577202074866417,18.5
6.715032547155688,16.900291231620372,18.5
6.325167182613619,17.57685780442291,18.5
6.307703908172119,17.35667322905352,18.5
5.7590881493876465,17.68783475510989,18.5
5.215146179680976,18.13297285100341,18.5
6.030816277810708,17.57841493418401,18.5
6.032628161021351,17.577345704808046,18.5
6.313747369380721,17.13666974607085,18.5
6.58715311766764,17.804373428672513,18.499999999999996
8.22919635612622,18.573890488062737,17.124565040993105
5.771744126363837,16.913315294451415,18.499999999999996
6.0579731408163635,16.910915731996095,18.499999999999996
6.866334482720719,17.24533903650703,18.5
7.129512253496559,16.801631903393222,18.5
10.703187676567858,20.482690385363632,15.272617930514922
7.421821261891877,17.35959660475532,18.5
9.887206932979877,19.930492046259644,15.725807982694333
9.060311701768711,18.91750456773117,17.11969753158743
8.786987743723659,18.47441482588996,18.040748220493178
9.884919605263926,19.702143887398346,16.65369700208457
12.904457880000002,19.695866683710054,18.5
12.904457879999999,19.23823253668809,18.5
12.90445788,19.36553069689231,18.5
12.90445788,19.359118534981665,18.5
12.90445788,19.13064897667477,18.5
12.90445788,20.013252613489016,18.499999999999996
9.886281240162322,20.830324865871606,17.5686014809092
10.983216698647233,22.05568896527857,16.64685139843694
8.514232807244202,18.699411469469936,18.039682314220318
7.688891306856636,18.141841366571896,18.038529962554453
12.084109942480838,21.947134839759304,16.176728497430418
9.067498721882462,21.266895872394983,18.039367261559498
10.984561973609386,18.700764899867163,18.039550837123542
9.614266663587731,18.700648519269365,18.499999999999996
10.154766589937799,19.367822647182393,16.657323616025504
10.15922966086596,18.92444028564025,18.5
9.337361835125057,18.814574762859575,18.5
7.140166562078408,17.80818520501533,18.5
12.90445788,20.367758334700603,18.499999999999996
12.904457879999999,20.255200671676302,18.5
12.904457880000002,21.036921073893808,18.03937120879211
12.904457879999999,20.383398704128957,18.500000000000004
12.90445788,21.27404978582477,17.10927300729139
12.632467408497734,20.60112465857998,18.5
7.41464505593324,20.71542676396763,17.57509441758784
6.863303318266769,18.259604038995768,18.500000000000004
7.686262671744785,20.268955011450025,18.5
8.500057075088606,20.151741400181894,17.579468447214868
5.492964226573003,19.484097996386122,18.5
6.866596192813921,19.59723263912236,18.499999999999996
10.980971558925654,21.829659432810093,17.578487504148306
12.353276683811417,22.17041055048992,18.03743473696001
11.53543840414025,20.601329284761704,18.5
10.71493762180121,23.173952040052864,18.5
12.081407106160956,22.054295612351194,16.652925356093096
11.533256556417399,23.73102402963828,16.18891099796325
12.90445788,20.265663010966264,18.043228868067402
12.90445788,19.593593835112845,18.5
12.904457880000002,21.49360845698388,18.500000000000004
12.904457880000002,19.71096414186249,18.499999999999996
12.904457879999999,20.605505449232723,18.499999999999996
12.904457879999999,21.21789859681323,18.5
9.882988957688568,23.173707371358443,18.5
9.294377866753328,23.526310935620337,18.065664243430216
8.505233598522453,23.28302249829006,18.5
8.788671876888696,23.396473311826078,18.5
10.16059293270631,23.064805859872767,18.5
8.23728488978578,24.06410918639253,18.500000000000004
10.71569090216701,23.621507795233832,18.5
9.623794302779684,22.94827387824759,17.573535173452868
10.989257756796931,23.280361430973628,18.5
9.892218761062113,22.725399376940366,18.500000000000004
10.435448928937232,22.275864373029638,18.5
10.164294647044262,22.725284927108184,18.5
12.904457879999999,21.82055972501786,18.5
12.904457879999999,21.38845079826181,18.5
12.904457880000002,20.4937116470454,18.5
12.904457879999999,22.05928901548809,18.5
12.90445788,21.723371482902397,18.500000000000004
12.90445788,20.59870307861123,18.500000000000004
9.619704234142397,23.84262008379033,18.5
9.617613906060011,23.95448075194593,18.499999999999996
9.889775524827131,23.39795458882519,18.5
9.891347657639955,24.399055131797414,18.5
10.168425987694961,24.400061043139676,18.5
10.169017905954181,24.28856191586585,18.5
10.7062518828994,23.395374056375367,18.5
11.536966443646106,22.83675777773014,18.041459288098668
11.806000661862662,22.835424330213073,18.5
11.529357424174012,23.39365448511003,18.499999999999996
11.258502415617098,22.83814991226574,18.5
11.256048802895302,23.50401283102316,18.5
12.904457879999999,22.296289926420002,18.5
12.90445788,22.494168073376684,18.5
12.904457880000002,24.516629810859538,15.732119429763333
12.904457880000002,24.295753344593656,17.12934146235793
12.90445788,24.183476170006944,17.123357381780398
12.904457880000002,23.395400666681773,18.04179943584726
10.436660899702972,25.96617919268106,18.038272025593404
7.691242994870087,26.97417480011192,18.5
7.968283544589997,26.63793104996836,18.500000000000004
8.51926655487777,26.638958133290696,18.499999999999996
7.972368964187175,26.083025313115517,18.5
7.69261841414073,27.196917423871685,18.5
9.882575095548072,25.85901777763104,18.039789330682
8.242270230053595,25.411214257456372,18.5
9.617305773647248,24.178321947506134,18.500000000000004
10.438494708850044,24.289778035606737,18.5
8.794146793457006,24.849669237018137,18.499999999999996
9.340288637346276,24.85060728841891,18.5
12.904457880000002,25.29365744862355,17.58185536469592
12.904457880000002,25.294660091636445,15.277109879685431
12.904457880000002,22.505305797758506,17.116975843215386
12.091734216898404,24.741176964525106,18.03395215571021
12.904457879999999,24.40261478642807,17.583183751097444
12.90445788,25.855534434020004,14.805730337758336
7.687416953814184,27.53006122726072,18.500000000000004
8.23527238589649,27.420640085977873,18.5
7.41868323364899,27.197789678885307,18.5
6.334588865187381,27.417689785174307,18.5
7.1324423079105435,27.08471919585148,18.5
7.412386855358611,27.19738448172192,18.499999999999996
7.417773944658301,26.863270396694006,18.5
8.240111170727268,26.971688570644897,18.499999999999996
8.24051488661731,27.529462510116787,18.500000000000004
9.058010542323979,26.640392172665766,18.5
7.964887185226244,26.859579618514264,18.5
8.240604578498917,27.196320694151215,18.499999999999996
12.904457879999997,28.311589200902674,17.135414196969556
12.904457879999999,27.76323118454971,18.047622745757995
12.904457879999999,27.64464631545052,18.5
12.90445788,27.753547521312306,18.040768086218975
12.904457880000002,28.36919085006313,14.612531693383882
12.90445788,27.534342076454458,17.579059860715706
6.031279955721519,28.433033967856367,18.5
7.104884885056516,28.98813636925637,18.5
6.034337109627658,28.766232128652682,18.5
6.8537201916255235,28.987082784895904,18.5
6.020125085352398,28.763768869824098,18.5
6.310030524681604,28.76541191111927,18.5
10.720429272201367,28.425850025533048,18.5
7.96354889659255,27.42045451174015,18.5
8.785552678768004,27.86582052797598,18.5
11.258615739751754,28.53634935734995,18.5
11.25674839834881,28.31646359357793,18.5
7.971417385463696,27.979346041176022,18.5
12.904457879999999,27.760745391561098,17.582867536037426
12.90445788,28.205353512647484,16.654308981645016
12.90445788,27.766414781703975,18.045940780771403
12.90445788,27.870759547611144,16.1952169721622
12.904457880000002,27.75810277619854,15.279892903987761
12.90445788,28.205546756899583,16.666663492559422
10.16586282759831,27.75216612502962,11.100000000000001
10.169184245537588,28.316255058995793,11.1
9.888768237875833,28.536563397734554,11.099999999999998
11.261003218437915,28.539004294428373,11.100000000000001
10.156690265571504,28.425600345346044,11.100000000000001
11.262620720670697,28.320804555808536,11.100000000000001
7.681862614294903,28.539535094008144,11.100000000000001
6.858987157544513,28.43063780596273,11.099999999999998
7.401818094068656,28.430466474544424,11.1
7.400735107728474,28.429518785027287,11.1
7.130214779625127,28.42961019680886,11.1
7.138514131884258,28.42876360072459,11.100000000000001
5.223419497356309,27.636191033538893,11.100000000000001
5.488793959265835,26.29509945070425,11.1
5.221093796820391,27.30686331623229,11.1
5.218866628871263,27.421037985392434,11.1
4.945212057614786,27.978446310066612,11.1
6.04498691995936,27.98300416703624,11.099999999999998
11.538361764183017,27.080840348913014,11.100000000000001
12.360919539029995,27.083839910343848,11.099999999999998
12.63182197375419,26.30248076356753,11.100000000000001
12.359173370428502,26.525169352067497,11.099999999999998
12.359504896403465,27.083472994245966,11.100000000000003
11.813271371682497,26.641248225530457,11.1
6.307493042404225,27.529877991598653,11.1
7.679562156373099,26.864151256242593,11.1
7.136286393732669,27.642388060541577,11.100000000000001
6.313182431035448,27.52778348725129,11.100000000000001
7.1283469690974375,27.30713740513294,11.1
7.126369401519243,27.08553056302043,11.1
6.319019404091859,27.9772197718227,11.1
6.319522947016263,27.865435393915433,11.100000000000001
6.593652355532001,27.866305225813388,11.1
6.044637959084398,26.970839422043074,11.099999999999998
6.041680092466671,27.643424896211517,11.100000000000001
6.320314875623457,27.978073944848678,11.099999999999998
10.705230891351135,25.523438679919522,11.100000000000001
10.973102105517233,26.18923280501526,11.099999999999998
10.979118965136514,25.189089209981496,11.1
11.256538126677585,25.63226379550406,11.1
11.258089100929734,26.52604772637326,11.1
11.259146750498852,26.746131851178397,11.100000000000001
6.04037028143065,26.969947490727655,11.099999999999998
7.1398867597918185,26.751848675959607,11.100000000000001
6.598672257124004,26.406463717172272,11.099999999999998
7.130663866309511,26.75222420496026,11.1
4.957036631739178,23.27834095256352,11.100000000000001
5.770720355161394,25.963671566442606,11.1
6.319119681348591,26.748546991919355,11.1
6.322479684826408,26.305054360120334,11.1
5.916689866825337,25.94314132198638,11.1
6.036108415480465,26.29792372709533,11.1
5.220936743961253,26.526591153771186,11.099999999999998
5.767219281859763,26.184999526221915,11.099999999999998
11.537805726802127,24.73498791683099,11.100000000000001
11.813334593750437,24.06457955275888,11.1
11.257268600209395,24.737827909997044,11.100000000000001
11.530371900741642,24.848971291335452,11.099999999999998
11.532993938112375,24.73730370617277,11.1
11.532787245768475,24.84869518362974,11.1
5.22636038181496,24.06594024561396,11.099999999999998
5.501335529266821,24.0649289935663,11.099999999999998
7.140500611012684,23.95069516248998,11.100000000000001
5.496484551693573,22.278986973488784,11.1
5.5002957988329975,22.613809360885906,11.1
6.595649619253903,23.50418013155632,11.1
4.400410452530226,24.06809452213783,11.099999999999998
4.673521244283333,24.179286766642637,11.1
5.771345632767382,24.178380327079907,11.1
5.223240041529041,23.953620384049422,11.099999999999998
4.670106452596957,24.180797805401788,11.1
4.397733325495574,24.40445887971748,11.1
11.533738947341737,23.061256243850146,11.100000000000001
10.430034470550263,21.716645231413256,11.100000000000001
10.430993407364104,22.0502201320531,11.099999999999996
11.52856989188004,20.711229767052174,11.1
10.70063022994798,21.380666912747174,11.100000000000001
10.981664795589257,21.38252785712137,11.099999999999998
7.1239082240186065,21.60008650359283,11.099999999999998
7.960418188621026,21.605021086966836,11.100000000000001
5.498399137022309,22.269376942431307,11.1
5.498319053112275,22.26870140290622,11.1
7.959875575924772,21.493115779227587,11.1
6.041827161373492,22.04567716920125,11.100000000000001
5.494579052522544,22.164806561887005,11.099999999999998
6.3187521040982295,21.382973368963146,11.1
7.128537881101419,21.49029607852829,11.1
6.856460463221155,21.49030844517087,11.1
6.855240282300929,21.489767593041886,11.099999999999998
7.396073562208903,21.48915133065152,11.100000000000001
10.714033451860338,19.820320135067618,11.099999999999998
9.879166249014343,21.04680322692836,11.099999999999998
11.254031602456191,20.046829200125256,11.100000000000001
10.97987748787617,22.04977936022148,11.1
12.078639920783388,20.93360002638049,11.1
9.608288171341636,21.384432448911312,11.1
8.791359378075967,18.92757735897217,11.1
7.9687885970650845,19.821874756796632,11.099999999999996
8.514469666489994,20.937738327816188,11.099999999999998
9.336968846648087,20.938646950620715,11.1
7.692851364814697,20.602614251246457,11.100000000000001
7.691033442193707,19.934344657528836,11.1
6.038318237281966,21.387377469707467,11.1
7.415308669350464,20.044677631066307,11.1
5.492454555280183,20.6045714413466,11.1
6.864663860484778,20.379891996416806,11.100000000000001
5.763358619626322,20.71687003825748,11.1
6.585318542686952,20.490843612185145,11.1
11.263519953731356,19.26341525561259,11.099999999999998
10.981670278873887,18.814728127729058,11.1
9.882513613341027,19.71137914492627,11.100000000000001
10.98826329503549,19.376270950856995,11.099999999999998
11.532264513429965,18.814173159027998,11.100000000000001
11.253421790752613,19.711458743508622,11.099999999999998
8.789616167250298,19.370895735777594,11.1
8.516782300525893,19.038474739177463,11.100000000000001
8.513920197757741,19.48460441188856,11.100000000000001
8.787911590483606,19.372352024443842,11.099999999999998
8.790219219037276,19.0392382353679,11.099999999999998
9.061076813808294,19.48423838842858,11.1
4.125377900000001,19.141535456033814,11.100000000000001
4.944273594300228,18.587986636974684,11.100000000000001
6.028041495109851,19.029059252184986,11.1
7.124106172986968,18.918431930029435,11.099999999999998
9.063709408998452,19.59789082062074,11.099999999999998
9.06319376617531,19.486792142684436,11.1
9.886585795636838,17.474957565069804,11.099999999999998
10.717290537859483,17.358947745071383,11.1
10.985716745863385,18.026435185679812,11.1
10.98328574390344,17.69498416603381,11.100000000000001
10.98697205329993,17.025923653672276,11.099999999999998
10.438235930910203,17.4721880405279,11.1
7.973582771138431,16.69080327,11.100000000000001
8.243097059042821,16.690803270000004,11.099999999999998
8.234970946833785,16.80179823299956,11.1
7.1371363322206856,16.690803270000004,11.1
7.683447727768655,16.69080327,11.100000000000003
7.422194824180339,16.69080327,11.100000000000001
6.5748287582284215,17.580921618280357,11.099999999999998
7.945565225057546,17.35822989284329,11.1
6.868957650357245,17.36243714935934,11.099999999999998
6.851506347703605,18.134426043739097,11.099999999999998
7.956031467322159,17.69401389302422,11.100000000000001
7.690800013445042,17.473652019920983,11.1
7.399828095402661,16.690803270000007,11.100000000000001
7.398919159750784,16.69080327,11.099999999999998
7.410650214217051,16.69080327,11.099999999999998
7.40659289707698,16.800792126951755,11.100000000000001
7.122334113756976,16.69080327,11.1
7.1300173162100915,16.69080327,11.099999999999998
11.53260729536803,17.360442474817177,11.1
10.976535721072468,17.581555509839514,11.1
10.442395219903036,17.695804888093818,11.1
10.437596631284798,17.58440703129718,11.100000000000001
10.96242415751117,17.2459056161355,11.099999999999998
10.70610816286888,17.137240425471106,11.1
12.90445788,18.915094538317444,11.100000000000001
12.6375608338885,18.353848494559283,11.1
12.904457880000002,18.464068574463887,11.099999999999998
12.90445788,18.240958430507575,11.1
12.904457879999999,19.350013062419038,11.1
12.904457880000004,18.466517442927078,11.100000000000001
7.140118504153195,19.034279871939933,11.1
6.59400873333872,17.472447101555304,11.1
7.134963838158272,17.692180290323975,11.1
7.146653520772849,17.92094200660873,11.099999999999998
7.9627287667722975,17.693827964029683,11.099999999999998
7.413147926581434,18.141502558636585,11.1
10.706816498029934,17.471356890650622,11.100000000000001
11.268523359861836,17.58152629772715,11.1
10.707651435829959,18.36885852686451,11.100000000000001
10.696563462595572,18.591553448569996,11.099999999999998
11.260898721539217,17.69493143178742,11.099999999999998
10.98306779388179,17.919373173285646,11.100000000000001
12.904457880000002,18.921588441040704,11.1
12.904457880000002,19.258985461614962,11.100000000000001
12.904457879999999,18.68584831634326,11.1
12.90445788,19.137589283501917,11.100000000000001
12.904457879999999,19.581157406770515,11.099999999999998
12.635608355397014,19.471609743898952,11.1
4.944406184823572,21.609372894269374,11.1
8.78754050870389,18.5962515932841,11.100000000000001
8.788837294526008,19.154729251294807,11.1
8.79287654748782,18.93012326741554,11.1
8.791344425164512,19.037724227156524,11.100000000000001
8.792320511165652,18.928738315348255,11.100000000000001
12.083777224590083,19.593901795624596,11.099999999999998
10.965138788887804,19.597075126449802,11.100000000000001
10.70233516881501,19.820484790352467,11.100000000000001
10.699109740859903,20.048313605212705,11.100000000000001
11.259532418604389,19.373219594775552,11.1
10.426232638409056,19.932090882015196,11.099999999999998
12.079390628801573,19.37115402430535,11.100000000000003
12.90445788,19.92829393609759,11.099999999999998
12.904457880000002,19.702473594514004,11.1
12.904457880000002,18.697428995991967,11.100000000000001
12.90445788,19.699634918502824,11.099999999999998
12.904457880000002,19.252482941139764,11.1
9.062741061443392,20.93784991231854,11.099999999999998
7.417197863219175,22.505121122444017,11.1
7.96384179952474,21.830054139975122,11.1
6.596075788151328,22.61344339934313,11.1
7.144693364822288,22.27695620713617,11.099999999999998
7.692317276619936,22.16812075535732,11.100000000000001
11.256672065462874,21.827910811986698,11.099999999999998
12.082238599403551,21.60732481180075,11.099999999999998
10.432863028329045,21.60705462628134,11.099999999999998
10.981484792611967,21.832543444497677,11.099999999999998
10.989553121233554,19.92764118113926,11.100000000000001
11.532801048761083,21.49167464879169,11.1
12.633451724410941,21.60420829343691,11.099999999999998
12.904457880000002,24.190416952953694,11.556945855242791
12.904457880000002,24.064818746297476,12.949022618315858
12.904457879999999,23.169334305870056,12.023870216899734
12.90445788,23.50849110002753,12.486539804042579
12.90445788,24.188693113492683,12.962040914818179
4.673210476928654,23.616266801623464,11.099999999999998
6.035728115064785,23.731126514683538,11.100000000000001
6.315179687980872,23.73155359283902,11.100000000000001
6.318999748420738,23.6199914051847,11.1
9.619239412568264,25.96723126964154,11.1
8.247544206648366,24.069802082750403,11.099999999999998
9.89120593371846,24.179433404268355,11.100000000000001
11.536661121686018,23.846438579694826,11.099999999999998
11.257309221467503,23.7310161623236,11.1
11.261739355004664,23.503678965410742,11.099999999999998
11.532524284846875,23.95143331030563,11.1
11.796445304150089,24.627558714277782,11.1
12.904457880000002,25.177779239300932,11.1
12.904457879999999,23.7271178076839,12.02272206587944
12.904457880000002,26.393874985176364,11.099999999999998
12.904457880000002,23.954251719416614,11.559743503037623
12.904457880000002,24.9664522079712,11.099999999999998
12.904457879999999,24.0600208539311,11.099999999999998
5.501182332901693,25.187337190558345,11.1
8.235330535393508,24.28891644429102,11.099999999999998
6.8589538542087505,26.301179884496154,11.099999999999998
6.591536163897878,25.969048430974354,11.099999999999998
6.043877989805136,25.858314014302657,11.100000000000001
5.4965796247849905,24.404043107262535,11.1
12.07792532859109,24.961176124854532,11.1
11.533961581492859,24.95794623110621,11.1
11.81086921356372,24.73741843255345,11.1
11.533544731833084,25.0717048028629,11.099999999999998
11.535178929233222,24.95704993338335,11.100000000000001
11.533095236117356,25.293691233738727,11.1
12.90445788,25.63091868082264,11.099999999999998
12.904457880000002,27.190326918835737,11.100000000000001
12.904457880000002,26.53035021290439,11.1
12.904457880000002,25.061989644216276,11.559717303740234
12.90445788,26.63733831118919,11.1
12.90445788,24.95410642111901,11.1
6.281284443353245,28.193893571399702,11.100000000000001
6.021123061665122,28.194603667093443,11.100000000000001
6.026043273855125,27.976751887412416,11.1
7.652318022281114,27.97476894122355,11.100000000000001
6.85462962389367,28.200230757206814,11.099999999999998
5.753600247282532,28.085745661565216,11.099999999999998
9.326305792251928,27.75239840621773,11.100000000000001
10.169081591671699,27.860209007232825,11.1
10.435040177666583,27.639994191707473,11.1
10.43588245763609,27.64095611107212,11.1
11.259132972784647,27.858973756037926,11.100000000000001
11.247028258934227,27.75148663377709,11.100000000000001
12.90445788,27.888640072568023,11.998843098348885
12.904457879999999,27.86656977127694,12.008665979352886
12.904457880000002,27.319134594586114,11.549837882731529
12.90445788,27.773059947069655,11.548491044625763
12.904457879999999,27.985080027567214,12.004642088818798
12.904457879999997,27.323479258310403,11.099999999999998
6.591366439602085,28.43280530671225,11.1
8.510372021153273,28.42950473324948,11.100000000000001
7.9584321226928285,28.316953681692688,11.099999999999998
7.951558153390356,28.429668066502398,11.099999999999998
8.215739273182601,28.540536288191348,11.099999999999998
7.400950477491187,28.31740212267069,11.099999999999998
7.691905849926265,27.532963907591384,11.1
10.161271774657333,27.534046296430063,11.100000000000001
9.610976799883245,28.08668087024184,11.099999999999998
11.2573398480214,27.97827098304235,11.1
11.259646112436078,27.75237869084815,11.1
10.702116302655652,27.755638545818165,11.099999999999998
12.630648893757744,27.4229897909277,11.100000000000001
12.90445788,28.321154315345723,12.943245923469409
12.904457880000002,27.246282469338052,11.100000000000001
12.904457880000002,28.21619440815259,13.848161389176488
12.904457879999999,27.66458657658889,12.911193622271389
12.90445788,28.007877818936745,11.996244385258716
8.800810700407208,27.752721842373113,18.5
9.346410872736142,27.98096256304385,18.5
8.254908213744207,27.644656233754397,18.499999999999996
9.617426988534444,27.64483885854807,18.499999999999996
7.961754666392073,27.080304137938978,18.499999999999996
9.057503119165549,27.415006897074193,18.5
6.587426988172439,28.765469403520754,18.5
6.586857256797481,28.98782710087807,18.5
6.5786235753815605,28.99029790447542,18.5
6.860594406151045,29.097759026227713,18.500000000000004
6.856448138336281,29.097570464486576,18.5
6.866030279802212,29.207532019999995,18.5
6.5919692942372325,28.428124299822322,18.499999999999996
7.138531366442276,28.539445853925475,18.500000000000004
7.135406443635265,28.427972307174215,18.5
7.1367596057584795,28.314837380054453,18.5
6.856450922882545,28.986692910414963,18.5
7.140693734062504,28.985038604595967,18.5
12.35795208168772,27.53239705429384,18.500000000000004
12.356776991225832,27.645960033988978,18.5
12.35381661555494,26.636888635024796,18.5
10.989965606257062,27.418809295865007,18.500000000000004
11.254244934949714,27.083048158505335,17.116861722484817
10.983433730580174,24.624860234250807,18.5
6.8676054610667565,26.973445095312034,18.5
6.595099988257235,26.97305150995019,18.5
6.5959615737703094,26.97298835547398,18.5
7.145276963727611,27.196192755838094,18.500000000000004
6.594092575114907,26.972256376707616,18.5
7.6841525216998035,27.086492638850707,18.5
7.148465218857934,27.5304231128768,18.5
6.3200184341915815,27.979610646856113,18.5
6.045745167263691,27.75708540559277,18.499999999999996
6.592424143013676,27.9797142176117,18.5
6.599752396264871,27.754639184310744,18.5
6.875503240316255,27.75282734952342,18.5
11.6157180075552,23.949493479827574,18.5
12.083159124898826,24.06750997827095,18.499999999999996
11.531983699787796,24.51082801377173,18.5
10.433342220074028,24.400400106258974,18.499999999999996
11.614831148719084,24.159756785871593,18.063834455200595
10.98877480797713,24.065728889339283,18.5
7.144109113671843,26.972046153313464,18.5
7.96309740722813,27.308320112670824,18.5
7.962981682135162,27.08365130460888,18.5
6.8691302513582535,26.527820102245755,18.5
7.146128047889715,26.97504835067249,18.5
7.417553003478368,26.97398320676524,18.500000000000004
7.416039521169999,26.973206109911978,18.500000000000004
7.141183248539588,27.30827129442876,18.5
7.139768683826057,27.30836250002667,18.5
7.957070447265427,27.197765309622618,18.5
7.1416538181163265,27.086691555469077,18.5
7.687428204749491,27.086531314712026,18.5
12.357984775995465,24.29217492585978,17.582008154784155
12.357824531100626,24.73642481409131,17.58167708644021
12.630004076322697,24.51308492569423,18.038550616812525
12.356968280921963,24.069591263398912,17.575979516974737
11.811247565550904,24.180400856153682,18.5
12.358056776172548,24.293030676697683,17.58003868750881
8.792187120071546,24.291741964205894,18.5
8.519506978409499,24.962244998192837,18.5
9.621435069468912,25.29514421660155,18.500000000000004
9.338960804488371,24.73720589130447,18.5
7.412453556280366,26.747057728382853,18.500000000000004
10.16173270556267,24.849166792070488,18.5
9.33794168215186,23.28539537811388,18.5
9.337907644437246,23.397198246002816,18.5
8.79029044051469,23.28552218811947,18.5
8.790282130617834,23.3971739313182,18.5
7.697471503776994,24.400277715154317,18.5
8.237239673103684,22.837715971194896,18.5
12.355945739977846,23.510009374273437,18.035639835402172
11.806106061388187,23.2830757695114,18.499999999999996
8.792674480976453,21.162689897830187,18.5
12.35647452467978,22.280530708207795,17.109265742550726
12.356790536014453,23.514060174861573,15.719349149622918
12.083875192891492,22.952859451217797,17.572555522073696
6.8691197571216005,21.719379106517238,18.5
9.887632496636975,23.39608450936247,18.5
9.33506395961573,23.060941753584427,18.5
9.881378529228936,22.725100941113798,18.5
10.166439615436918,23.620828198417204,18.5
9.538762548023222,23.210952434725442,18.5
8.225898529962556,21.500503429882748,18.5
8.778532513126406,22.61385478257376,18.5
8.786173352800661,23.50740729674454,18.500000000000004
9.338059299499518,23.39587930446565,18.5
8.245523319264285,22.790983462369397,18.5
8.239526129019367,23.06073180886482,18.499999999999996
10.43696331638318,21.609704176728638,18.5
8.514989668323738,18.59119583003424,18.499999999999993
9.338439967799923,19.595459254674893,18.5
10.985655400764578,20.378007376123925,18.499999999999996
10.707543573770423,20.268082408682623,18.5
9.337127254023594,19.929946185831177,18.5
9.349733398706118,19.807655040325187,17.582992844862943
8.515216582672796,20.04463905648819,18.5
9.332604176878515,20.825045158322098,18.5
9.611275905688617,20.266407808026127,18.5
9.33174381145722,20.158780426807315,18.5
8.781371877136795,20.715959401196248,18.500000000000004
5.7701230256601175,21.719419663001045,18.5
7.416315837781546,18.811522986404334,18.5
7.9705559273955435,18.587687786983206,18.5
7.419290332392156,19.034972905776616,18.499999999999996
6.97668036139932,18.578964665987602,18.499999999999996
6.600938056702022,18.587916230536983,18.499999999999996
8.242259685294947,18.367397512439606,18.5
9.341060771440883,19.14932802382205,18.03763402682461
11.254932599782407,19.484011665665307,18.5
9.615829276151043,19.59699230724906,18.5
10.160460861723621,19.03871474748648,18.5
10.162239946626269,18.705527975231327,18.500000000000004
9.625184566214664,19.696147256829452,17.582380050123366
6.867070793213133,18.922889207704348,18.499999999999996
5.932244343712298,17.952345186507447,18.5
7.685361299024926,18.254745769933947,18.5
5.763650628070391,17.694829480749018,18.5
6.0415717443916375,17.809017718639872,18.499999999999996
7.4139795869096625,19.146781614103528,18.039292090016232
9.331909580775326,18.814695453310726,18.5
7.14186365972642,18.480328244056135,18.499999999999996
7.4150665324318386,18.478507959525157,18.499999999999996
6.321218266331334,18.14289277146728,18.5
6.5950448337220635,19.93153499214941,18.5
7.974572404155361,18.031019437119856,18.5
8.515759390960085,18.143771232911142,18.499999999999996
9.88520464506564,20.262287792233348,15.730751879926354
6.591694504626877,17.921607047406958,18.499999999999996
8.517398617025986,18.698507445502734,18.5
10.712645771879195,20.943017112201105,14.793121249308848
6.87059522712474,16.800475428333215,18.5
6.874121599604007,16.800251644568505,18.5
7.406001017892376,17.02037644558426,18.499999999999996
6.872799405092319,16.800360504418222,18.5
7.408635308039067,16.911432765005575,18.5
7.681284773207758,16.910967301897056,18.5
5.498341586753786,17.36309316248588,18.499999999999996
6.050587875745242,16.913004253398263,18.499999999999996
6.590704880156422,17.36378295051637,18.499999999999996
4.674243997032248,17.13826135316279,18.499999999999996
4.6739394850761835,17.138288013811344,18.5
5.497141093626718,17.026363940837896,18.5
9.888469746073904,19.045417499231718,17.566781817222022
7.684052687739024,17.794734565726536,17.586284567903203
6.869391643152847,16.800191193413532,18.500000000000004
8.76700911285895,19.656986694724957,16.225822004918868
7.400576082019436,17.239054870807607,18.046216372097692
7.1379967179812205,17.348529107683028,18.04618258176916
8.508411933666531,19.58695083116608,16.195086874219477
8.787385278752057,17.694138616746926,18.5
7.694613903912459,17.696640101875527,18.5
8.509932616514329,18.36443206945636,18.5
7.961012791036527,18.24307338156273,17.583541356944735
7.683497211375684,17.8012089049115,18.5
12.904457880000002,18.587195572797256,18.500000000000004
12.904457880000002,18.922280344573366,18.5
12.90445788,19.469463088824078,18.5
12.90445788,19.251040138780652,18.5
12.904457879999999,20.03428426442548,18.5
12.363764103236404,21.14588930167751,18.041680726727172
9.33096627804499,21.926392467731528,17.109724283643168
6.324438474166586,17.02128289962376,18.500000000000004
7.13668589845246,18.2339684900818,17.587207246269685
7.679147476079071,17.13289586278117,18.5
8.779434381481444,18.911391844571884,16.66203593758178
6.600394401427781,17.021439673004394,18.5
10.157864184053597,19.368077052126118,16.656469163342887
8.789289795477082,17.920959427347892,18.5
11.535951390720019,21.391020500011813,16.64500380454662
9.888708745751241,18.594201035016646,18.034633509278077
10.436345408847346,20.604307721380053,18.5
9.063955675043115,18.367202889443334,18.03958594802471
12.90445788,19.145833457663286,18.041107830419264
12.90445788,19.464590797781398,18.5
12.904457879999999,20.029758892675247,18.5
12.90445788,19.032874078054988,18.5
12.904457880000002,19.030973166143603,18.500000000000004
12.904457879999999,20.042065996259502,18.5
7.13840848167581,19.592214434271238,18.500000000000004
7.408645636747234,18.47733826244406,18.5
7.6850980638655315,18.589768997609045,18.499999999999996
7.4179343636998,19.932181048478988,17.572794167369523
6.592949788830852,19.264915980527384,18.5
8.507002480104147,18.92292281289035,18.038973106773387
8.513912847991993,20.153229778852225,18.040420357345717
11.25541837628809,21.490052642390076,16.657149011386636
9.883287740280167,20.377728335139373,18.5
9.611284410879069,20.49105501063074,18.500000000000004
9.88517458436171,20.823546671218566,18.038606438721605
10.433893573145655,20.93822017280925,18.03885767201763
12.904457879999999,20.037927047985924,18.5
12.904457879999999,19.707000109043854,18.5
12.90445788,20.249005048072796,18.5
12.90445788,20.259662715418965,18.5
12.904457879999999,20.709771746920048,18.499999999999996
12.90445788,19.70371260910798,18.5
7.9644546074122236,23.396398460967028,18.5
7.134063766373705,23.39294760121502,18.037921438577328
7.138587619308768,23.169223082450895,18.5
7.1417831690070015,25.297580698629094,18.03869809170105
6.320173921697485,21.94002249236174,18.5
6.8614700310876735,22.72611398239603,18.500000000000004
10.711855729815037,20.268458473427394,18.500000000000004
10.157293307860332,21.609492052393126,18.5
9.886859555146408,21.722689579265072,18.5
10.158478457160875,21.723966087488623,18.5
10.702114344468134,22.501956895076688,18.040558344306206
11.524796806266316,21.159566112726512,18.5
12.90445788,21.381113887092205,18.042375752700533
12.90445788,22.38672600091969,16.66368876415001
12.904457879999999,21.38965694448521,18.5
12.904457880000002,21.055162270328992,18.5
12.904457879999999,18.593328805100807,17.583451258988394
12.90445788,20.04050438372256,18.5
7.136612130097936,25.63217948320366,18.5
7.139679754766888,22.835176188162308,18.5
7.96571084706388,25.518263223680176,18.499999999999996
7.411385626118121,24.17633117731153,18.499999999999996
6.866754701938916,23.057483182353852,18.5
7.685339371451088,23.396543973336016,18.500000000000004
12.353533447441931,24.287443188800452,18.038423119426014
12.354392703726239,24.29296573320485,18.037395158758812
11.534448338862376,23.619060021855027,18.499999999999996
12.081585014489114,24.396907219457255,18.042037168747513
11.26037747203643,23.283778514928343,18.04016826524004
12.085167735547449,24.180005979020372,18.500000000000004
12.904457880000002,22.163692040807252,18.500000000000004
12.90445788,23.949085481724023,15.731782998958405
12.904457879999999,25.180096732293634,17.588365028493076
12.904457880000002,23.504912039511325,18.041455245373616
12.904457880000002,23.73760011900329,16.18418408569789
12.904457880000002,25.632313968046045,16.649334722392993
7.6837291759859365,26.96988919245933,18.5
7.957713531001707,26.859966302985974,18.5
7.699254919617826,26.86160969760904,18.499999999999996
8.523511171502573,26.97469777436118,18.5
7.418559668364171,27.084525417660114,18.5
7.966548585450233,26.747930822376542,18.5
7.691182876223415,24.84851542918768,18.500000000000004
12.082614160952748,26.19032453805475,17.570976591958647
8.513983663570018,25.743905828772636,18.5
7.691104822689533,26.971696801454087,18.499999999999996
8.787769457578275,25.300408053929424,18.500000000000004
9.892397795878683,25.85399765828089,18.499999999999996
12.904457880000002,26.983615134370957,17.12291856369021
12.90445788,24.737339163974703,18.5
12.904457879999999,25.18167320585774,18.5
12.904457879999999,26.29512910581015,17.126515431921607
12.90445788,24.517084513415803,18.042287454163738
12.904457880000002,24.86168784276686,18.5
6.864294437048123,29.097034343798803,18.500000000000004
6.5800624813153075,28.988411759573193,18.499999999999996
7.100388829283958,28.66050465734756,18.5
6.037019080961118,28.210429963673516,18.5
6.040431384763024,28.43268154712138,18.5
6.5840573645682285,28.322621129304714,18.5
7.971357634375659,26.973220169796473,18.500000000000004
6.870928228431318,26.973818468001014,18.5
7.141506110034815,26.85997833811239,18.499999999999996
7.418701551185613,26.75148820090202,18.5
8.518111507870683,27.08520801475832,18.5
8.237040650378992,27.196760657638446,18.5
12.904457879999999,27.87812041874707,18.046476242541125
12.90445788,28.31368911815055,17.138957122319905
12.904457880000002,27.770960956607407,18.048726795883702
12.90445788,27.093834403062143,18.5
12.904457879999999,27.859628782179087,17.59228006804156
12.90445788,27.871179413434934,17.593791974044326
7.108998336966803,29.20753202,18.499999999999996
6.575381101747557,28.655381097777482,18.5
6.5761553794208885,28.98970965588931,18.500000000000004
6.83781664529034,28.654611696029804,18.5
6.837142767025085,28.657961730222475,18.5
6.309769270009804,27.87460512866509,18.5
7.4161769603573875,27.868217766293093,18.500000000000004
9.890407254417955,27.97759300712112,18.5
8.520118148860503,27.753141776046007,18.5
10.078183734338413,27.94681601365513,18.499999999999996
11.53134919327491,28.539088926732706,18.499999999999996
11.79860815229523,28.20449069210624,18.036340616141455
12.087394778100748,28.207334091373568,18.5
12.904457880000002,27.772547429010597,18.049159553427252
12.904457879999999,27.670413395257093,18.5
12.904457880000002,27.64240390990866,18.07252728238967
12.90445788,27.650336273701818,16.670798945777495
12.904457879999999,28.322969422975948,17.173590492967143
9.06569882999117,28.425322764848943,11.099999999999998
8.234810989912932,28.203024586516754,11.100000000000001
8.772784139892154,28.087761774266944,11.1
7.966261564682299,28.203250516965667,11.1
9.0626690862469,28.426944500073628,11.1
9.060482014643267,28.315237934045204,11.1
6.323687472224865,27.991272160434626,11.099999999999998
5.7767719559635475,28.208706773925208,11.1
5.509232976690709,28.21013350278128,11.1
5.516215209916529,28.21289366283021,11.099999999999998
6.043659321978971,28.209435127644277,11.100000000000001
6.59379026152084,28.433960917892314,11.1
5.215048199221384,27.528019666766326,11.1
5.2183755486980985,27.30767609063703,11.100000000000001
6.299368621914987,27.64085330948908,11.099999999999998
6.308940592114379,27.98114494618924,11.099999999999998
5.492987571994464,27.53411010080927,11.1
6.300408413967336,27.5320322380295,11.100000000000001
12.35196169394085,26.414260118983435,11.1
7.141345713878347,27.418930126876642,11.1
6.873894701851672,27.531082381545442,11.100000000000001
7.134262956665243,27.194958432892673,11.1
7.150647619300999,27.420884117397026,11.1
8.229897769207508,27.641755068754115,11.100000000000001
6.035120610434363,27.305291635708404,11.099999999999998
6.580592729661976,28.54197547047929,11.1
6.043168365691875,27.875396688238602,11.1
6.042277617770996,28.098212583975425,11.100000000000001
5.771132542595586,27.76057161115925,11.1
6.863359941213359,28.538634527453905,11.099999999999998
4.66804223186865,26.301295745134414,11.1
4.6703990049665425,26.412191725928214,11.1
4.677872640654325,27.308628295046677,11.099999999999998
4.675933133952254,26.861114189083835,11.100000000000001
4.935794424349448,26.29101872563545,11.1
4.937601091991989,26.405615809579725,11.1
10.432596879799455,26.747090557884704,11.1
7.412147924855195,26.863065250273127,11.1
9.061193288239096,25.522863281190705,11.099999999999998
9.610599785997593,25.52210917542036,11.1
9.616765126364037,26.077646546073787,11.100000000000001
11.250775347475178,25.517937306067317,11.1
6.049092109537476,27.758497506010848,11.1
6.318887218282402,27.530384296345318,11.1
6.588519569636622,27.64339654183778,11.1
6.592445559578318,27.978311586756845,11.1
5.498045300199629,27.414495685247356,11.100000000000001
6.864865788944213,27.076968617355078,11.1
5.488646493071572,26.41279739274046,11.100000000000001
5.48985455668674,26.63923036627775,11.1
4.397619378165042,25.74090087697856,11.1
4.398610377838244,25.963036373682563,11.099999999999998
4.937575214924454,26.071418918761257,11.1
5.20838463018236,26.181570627506037,11.1
10.168482389023824,24.06817619762474,11.100000000000001
8.237417963197343,22.836770262212468,11.1
10.167431967330277,23.284592202847143,11.1
8.520654116960246,22.056583590835373,11.1
9.6110077994729,24.39703330870204,11.1
10.160414104374546,23.50984578618139,11.100000000000001
6.876521289716761,24.512034276273987,11.1
7.149174653035168,26.076140959054694,11.100000000000001
6.320427404118597,25.853491007663017,11.100000000000001
6.599278658657366,23.734330750844837,11.1
6.035343946442191,26.75286485392445,11.100000000000001
6.593392011364225,24.51149428020236,11.100000000000001
5.206487715193504,25.180101003220685,11.1
4.93967260459327,24.737115554142704,11.1
4.395113104279528,25.177778113375798,11.099999999999998
4.663448755021669,25.06680529303547,11.099999999999998
4.937628113136294,24.18101867916447,11.100000000000001
4.395563351217721,24.840565004185294,11.1
10.431008294237792,22.163400481277854,11.1
10.158094047408486,21.048548990486093,11.1
7.970534236515049,22.613863754556867,11.100000000000001
8.235215073724929,21.38049252169633,11.1
10.711891338963982,24.736822264106024,11.1
10.71207896268437,23.73203369506507,11.099999999999998
7.403861100250837,20.713226626162424,11.100000000000001
6.601297582896488,23.9585970466059,11.1
6.323053600739736,23.736259016731406,11.099999999999998
6.059954102889909,23.852352718527477,11.100000000000001
6.87581284110253,24.955683669387902,11.100000000000001
6.328301377331523,24.628873251226228,11.100000000000001
4.3990553387057005,23.39282584346209,11.1
4.1253779,23.28536262902003,11.100000000000001
4.1253779,23.846969912170216,11.1
4.1253779,23.059349247397893,11.100000000000001
4.1253779,23.062847096771442,11.100000000000001
4.1253779,22.491058227026475,11.100000000000001
10.158380457949661,19.597086811171355,11.100000000000001
9.336373906409339,19.039830167188587,11.099999999999998
8.791376880508814,19.153029931221955,11.1
10.430920071491942,19.37459649664774,11.099999999999998
9.065815025935189,19.373477250100624,11.100000000000001
11.262460189709799,19.37664230936632,11.099999999999998
7.967894997971129,20.268019492700518,11.1
6.865875923562148,19.37824211791745,11.1
7.126819028742991,20.276695082784446,11.100000000000001
5.760400471380027,20.275731548324714,11.099999999999998
6.584415653234835,20.49570673702192,11.099999999999998
6.586558776088761,20.05027921250086,11.099999999999998
4.399197930252546,21.49405242617667,11.099999999999998
4.946784572861566,21.83229024935803,11.099999999999998
4.679859083119501,22.72196485148229,11.100000000000001
4.67570637337204,22.05489359639488,11.100000000000001
4.673240776237925,22.275826426698572,11.1
4.673680544265865,21.722864222782327,11.099999999999998
8.50825049415299,18.254227918231646,11.1
9.060607009186276,18.032883792349605,11.099999999999998
7.692707211933268,17.472417782134315,11.1
8.787882599479868,18.032317016448467,11.1
9.060110530198637,18.4763857929146,11.1
8.511325833535711,18.032620556110288,11.1
6.040710204481718,17.58266382683947,11.100000000000001
8.514587194224179,19.36931884257906,11.099999999999998
7.693819455214843,19.81595288414169,11.1
8.787952531149497,19.037099971249283,11.1
8.51400607646106,18.589408472864708,11.099999999999998
8.7893084690819,18.813737462982406,11.100000000000001
4.671795722993927,19.705911281306783,11.1
5.497568817686564,20.37612531799138,11.1
4.671509781647378,19.813935802460698,11.1
5.753292147342677,19.47340306223089,11.1
4.672411448394248,20.262183059457325,11.099999999999998
4.944053636806987,19.4773538201241,11.099999999999998
8.236101883858527,16.8025496549815,11.1
8.515905159078782,16.802739061755915,11.1
7.964600025850356,16.802000629233895,11.099999999999998
7.686459318658243,16.801971182090167,11.100000000000001
7.691083963269142,16.69080327,11.1
7.692538303608714,16.801625573728504,11.099999999999998
7.145849105623171,16.69080327,11.1
7.4068888951524094,16.69080327,11.1
6.8665103536104395,16.690803269999996,11.1
7.147468683855516,16.690803270000004,11.1
7.6828127865533755,16.69080327,11.1
6.865409104953104,17.021673594024996,11.1
6.030018322335373,16.8017465735274,11.100000000000001
6.030336731475819,16.9153879976852,11.1
5.758011335937395,17.024530538162615,11.1
5.2073198271060495,17.693748546323647,11.099999999999998
6.564064154319276,17.136419915201422,11.1
6.021183510580033,17.02442271393546,11.1
5.782219742500473,16.911915618317245,11.099999999999998
5.480284948289843,16.802026841918522,11.100000000000001
5.767155135848681,16.690803269999996,11.1
6.05521205217062,16.69080327,11.1
5.762290606764225,16.80260132356962,11.099999999999998
5.49132121251965,16.800712964886472,11.100000000000001
8.777778548766308,16.90966281498405,11.100000000000001
7.138525513730837,17.023090677317033,11.100000000000001
7.421490051282011,17.024433712338624,11.099999999999998
7.691898473151154,16.91236029105928,11.099999999999998
7.948632427585007,16.690803270000004,11.100000000000001
8.24258620204527,17.02353829706885,11.1
11.548639832963929,17.80402639494871,11.1
12.368177069556769,18.026604324192075,11.1
12.366095938646334,18.024785777832307,11.1
11.824831242830538,18.135001814498214,11.100000000000001
11.270786855654265,17.36137162105112,11.1
12.637033862686827,18.35055243201515,11.1
5.496314484694599,19.816405212278,11.1
7.408421516815561,18.80881743718043,11.100000000000001
6.0270161673008005,18.91389888694666,11.1
7.409218206433483,18.699013296648403,11.099999999999998
4.9423812195567125,19.143487889252405,11.100000000000001
5.486716811386277,18.584260251052175,11.100000000000001
8.521560915388775,19.042483870940494,11.100000000000001
8.515106158657927,19.263126828233116,11.1
8.787076198375011,18.37055894249958,11.099999999999998
7.420568311731838,19.036359101580775,11.100000000000001
7.999796008288913,18.062003782445775,11.1
8.242228255976272,18.930807641563362,11.099999999999998
12.354176358451186,18.58895027922346,11.100000000000001
12.359214102529085,18.580663009483985,11.1
12.363547315335552,18.35760167592408,11.1
12.630360540884013,18.69014012385854,11.100000000000001
12.36514853643013,18.24360369935424,11.1
11.265885882805172,18.69669977606078,11.100000000000001
9.064639506657475,20.382059357511654,11.099999999999998
7.409409219494208,21.273832506031248,11.100000000000001
4.398901222705533,20.273110111266178,11.1
4.397984512762848,19.367707059322157,11.1
4.1253779,18.92484512757907,11.1
6.869433905674279,20.71461636396277,11.100000000000001
9.340933075971416,20.266531783790146,11.099999999999998
8.790288193646886,20.382436072662927,11.100000000000001
9.883311144440965,20.15642596471877,11.1
8.51827584654383,20.93532407651064,11.1
9.065196552901632,19.59675127922462,11.099999999999998
9.335218104336771,21.04717302002708,11.100000000000001
11.806847933514158,20.03967888072349,11.100000000000001
11.867329969345352,19.005883436051736,11.1
12.353760923307082,19.376573339688377,11.100000000000001
11.805548942965228,19.483463761320163,11.1
12.347464056194156,19.936351136808597,11.1
12.349575143008542,18.82087765688528,11.1
5.219429454316695,21.94730699292068,11.099999999999998
4.125377899999999,19.921590683518133,11.100000000000001
5.215323271724761,21.157854040901327,11.099999999999998
4.399886397875152,20.595863222921857,11.1
4.67019445108329,20.936897091520116,11.099999999999998
4.672777715741572,21.162419789752384,11.099999999999998
9.06128657733051,22.167387744941333,11.100000000000001
8.513624560719077,21.71914264223536,11.100000000000001
9.34156234711,22.38601031038486,11.099999999999998
10.155507841128884,21.04577784349152,11.1
9.335511871458746,21.721220150643823,11.100000000000001
11.250023512154701,22.277874749709582,11.100000000000001
12.904457879999999,20.718226928946535,11.100000000000001
12.633352382528555,21.487723943545113,11.1
12.90445788,21.608921064373884,11.099999999999998
12.630968703921134,21.381487385188677,11.1
12.904457879999999,21.92761483238994,11.099999999999998
12.904457880000002,22.386231652587462,11.1
5.764550761674416,23.286992996201434,11.100000000000001
5.766592441178725,23.282894056571674,11.1
5.2168031133802035,23.61794515100813,11.100000000000001
6.048508320462118,23.50554960965796,11.1
5.501872342449106,23.28209245862027,11.099999999999998
7.4151969858297715,23.616455309915132,11.1
9.33229488047457,24.17801168123983,11.1
9.879452875632207,24.179414323631264,11.1
9.886976277315341,24.290885178173127,11.099999999999998
11.254536156533396,24.402905254880363,11.1
9.060626996784102,24.84872630671319,11.099999999999998
8.520171768615757,24.403983167816843,11.100000000000001
12.0821015748475,22.61475186927771,11.1
12.633376514202547,22.731334314460355,11.100000000000001
12.63068721943906,24.17377289446879,11.099999999999998
12.631599539900483,23.50509657305713,11.100000000000001
12.086471332382269,23.396303447129807,11.1
12.632419463659867,23.842649708664982,11.1
5.495020524853192,26.637563427179007,11.1
5.484779534899221,26.1860774107937,11.099999999999998
6.3111407617080735,27.194666072274526,11.1
5.22375125375911,26.526591049923244,11.099999999999998
5.2171695354451195,26.40735413398824,11.1
5.766887756426681,26.750400028988444,11.099999999999998
9.612727508975698,27.527709052844855,11.100000000000001
8.780986538136476,27.86793532416346,11.1
8.512434050497363,27.867717018733313,11.100000000000001
8.794957704298746,27.864946355916803,11.099999999999998
9.89485909343111,28.090196555919007,11.099999999999998
9.887535204273359,27.867401627417824,11.099999999999998
12.631130012504372,25.063390790454495,11.099999999999998
12.080481353618339,24.847871421558196,11.100000000000003
10.71318509170729,25.40907486727107,11.099999999999998
11.53626093460053,24.28793590070507,11.099999999999998
11.813836605456727,24.62736819929324,11.100000000000001
12.087144801184255,25.074573021005055,11.1
5.226337483279065,26.86422970101402,11.099999999999998
4.671862098255844,26.744830704290045,11.100000000000001
6.042478714325673,27.53297336151524,11.1
6.594434494426565,27.644314265481867,11.1
5.221842890098017,27.423053662815263,11.1
6.3115447326626875,27.533552684480654,11.100000000000001
6.832077032294544,28.197538061175862,11.1
9.04494146305791,27.64088076902553,11.099999999999998
7.685178940247603,27.97314806694536,11.100000000000001
8.21698599885465,27.530880359160204,11.100000000000001
6.837006218964488,27.75540858854375,11.1
7.143710433943223,27.53307511006694,11.100000000000001
12.633296414038927,26.86954959345893,11.1
12.362529891272928,27.646148491129544,11.099999999999998
12.084023210883927,27.865944059712753,11.1
12.356794826383585,27.426215406918455,11.1
12.362901831213078,27.859117446468474,11.100000000000001
12.091086673153105,27.531832808674015,11.099999999999998
5.763716713060815,28.763841481365667,11.1
6.036907297899355,28.874339198254763,11.1
7.401366361614088,28.652361267168956,11.1
7.404500277595838,28.652572116794527,11.100000000000001
7.683762776359864,28.87344132484187,11.100000000000001
6.587982953180422,28.763255312812568,11.100000000000001
8.508035257796056,28.313203823287935,11.099999999999998
7.682391682723233,28.312246577240053,11.1
7.408880587339783,28.31473339530931,11.1
6.582299840374135,28.31332226036282,11.1
7.132191100500706,27.97936071757422,11.1
7.690608404906161,28.091116506204376,11.1
12.90445788,27.65547379401704,11.1
12.90445788,27.091176957915316,11.1
11.810646983886627,27.312496950896314,11.1
12.904457879999997,27.324736927512348,11.099999999999998
12.361554912453094,27.639659038432747,11.1
12.904457880000002,27.10186275385798,11.1
6.852676951044648,28.875418289345102,18.500000000000004
6.8612949868654365,28.763293778031496,18.5
6.038369438507409,27.97876885200617,18.5
7.399427123477029,28.65389939473894,18.5
7.413692988391437,28.427295676087176,18.5
6.860332348250168,27.86563910027821,18.5
6.596524337892475,29.09891876444209,18.5
6.860383058691131,28.990404874855006,18.5
6.595958469423757,28.98817628059512,18.500000000000004
6.855822830355507,28.988317200546575,18.5
6.588647769210146,28.986924278319872,18.499999999999996
6.588141521318726,28.988087142744057,18.5
6.601173883409007,27.75344754946217,18.499999999999993
6.875440386695185,27.752881626652524,18.5
7.4193536867719985,27.975184080850553,18.5
6.868737901211029,28.090180841842795,18.5
8.51246218833929,27.754197581021508,18.5
7.692496505174053,27.530432224501652,18.500000000000004
7.40973331711267,26.746608304353156,18.499999999999996
7.417917383580207,27.085939095795656,18.5
7.410065522718904,27.196459431327792,18.5
7.139112836576119,27.082184711788592,18.5
7.130895217930064,26.857581758974753,18.499999999999996
7.413667791248993,26.973850046710933,18.5
6.599976381025003,27.531496196783475,18.5
6.58631066415328,28.76446758956062,18.5
6.317069913831796,28.65091386383204,18.5
6.855817557734843,29.09808528887526,18.500000000000004
6.31720025101488,28.65091391225776,18.5
6.587289059904268,28.87544544911292,18.499999999999996
6.04228419807375,27.980210622646737,18.5
6.595687996865567,27.86620018597809,18.5
7.1396904822296205,27.532221414057478,18.5
6.042438025301836,27.979642719904568,18.5
6.593541581373788,27.643491188062352,18.499999999999996
7.411679904157804,27.976172643811402,18.5
10.159477306617703,25.073343907157913,18.5
7.414845711841108,26.971005122181726,18.5
6.86796845949454,25.520167573333385,18.499999999999996
7.143861179351157,26.639163948854755,18.499999999999996
7.686158283114055,26.303680083718707,18.5
6.592980707483861,26.18897856180101,18.5
7.416962278060328,26.859659951989194,18.5
7.4174121368598716,27.083054829449157,18.500000000000004
7.417018322475036,26.972433384633533,18.500000000000004
7.413733423266583,26.41161783006308,18.5
7.413779381627387,26.411394421316736,18.499999999999996
7.416594582580406,26.971625464014423,18.5
7.686553272272622,27.30862652844082,18.5
5.767823283928047,26.859608355690433,18.5
6.590287626292136,27.419427919999997,18.5
7.141657794301077,26.973494265150567,18.5
5.214747613346976,26.85977596262728,18.499999999999996
8.7710838590832,25.63056819070877,18.499999999999996
11.808432407976849,23.953766668231527,18.5
8.791136556878499,25.29466414450428,18.5
8.52253393122834,24.180315534741126,18.5
7.422510228247995,24.176234399288045,18.5
7.698070664309998,24.067432947937334,18.5
7.421219227134161,24.290573244968787,18.5
8.508258723474956,26.636886968471007,18.499999999999996
6.039627833468328,25.631488360367207,18.5
6.320774345566991,25.96564340722981,18.500000000000004
7.4158337523357725,26.523045084932093,18.5
6.31731119346591,25.852272052821668,18.5
6.316845671305173,26.07718522448708,18.5
6.867083651715753,26.525287740402042,18.500000000000004
8.776877496323978,24.897584176546857,18.5
8.243605706061391,25.297178086081658,18.500000000000004
7.413371603988941,26.413983934536006,18.5
7.412751765842183,26.63607570268443,18.5
9.887800374556505,25.407064146713225,18.5
10.70846306768064,23.398923083269796,18.500000000000004
10.709659545368892,22.95033659381975,18.5
10.716748906504023,23.511214905295137,18.5
10.445041498128523,23.06125757615476,18.5
9.897571097828322,23.61638144202423,18.5
9.614335846385044,22.949988242597676,18.5
6.86204080612159,21.498502616737408,18.5
6.864163947614538,21.83307015671103,18.5
6.59012313960023,21.721544630260055,18.499999999999996
6.588624151305586,20.941979004782233,18.500000000000004
7.410833582012268,21.939801751927472,18.500000000000004
7.139731197383762,23.39673119615324,18.5
9.603000173193665,22.94880630360517,18.5
9.885122990931599,23.844566215510355,18.5
9.336040663951744,23.620608811297174,18.5
10.156528937582436,22.94987753849622,18.500000000000004
10.156172867954862,23.731754637478947,18.499999999999996
9.608444587575994,23.955164376023973,18.5
9.077895964161286,18.922617815495144,18.5
10.444785375971469,19.147698211903585,17.580380071153744
9.620722748388422,19.149041464469093,18.5
8.521143409283122,18.142112247968623,18.5
9.074657146660304,18.479334574090217,18.499999999999996
9.616696960882011,19.037820994208744,18.5
9.330430364554898,22.60821228263654,18.499999999999996
7.141132915093564,21.158510374641804,18.499999999999996
7.141263831840625,20.93318931783653,18.500000000000004
7.139742703497441,21.275011541257562,18.499999999999996
7.141290155782878,20.93395952918079,18.5
7.692504031267987,21.04945018578453,18.5
9.067125933797527,20.041880878350348,18.5
9.606723070586273,21.156678214733027,18.5
9.604507820079293,22.27615547126819,18.5
9.879896964446775,22.83590636742156,18.5
9.325998514391827,21.939355855433632,18.500000000000004
9.323406069563138,22.166077568967452,18.5
8.23947817048807,18.815275290175514,18.5
9.614845970307874,18.81340606621439,18.5
10.709726087926285,18.366607009970906,18.500000000000004
9.343556698918551,18.590742483959573,18.500000000000004
9.036983444619317,18.68877724732875,18.5
7.974183898506325,18.144191884097832,18.499999999999996
7.150852015297855,18.576615262226234,17.581438492543633
7.140138409315005,18.142160367325612,18.5
6.866775643488856,18.144107463998374,18.5
7.414486114962303,21.15857922472081,18.5
6.596532644751156,19.034450492156658,18.499999999999996
7.962960761657233,18.47702362422044,18.5
6.595031192590942,17.585451567222005,18.499999999999996
6.037884194349074,17.360592656960527,18.5
6.8680256823980885,19.146710402331923,18.499999999999996
6.314859974694537,17.24852384276382,18.500000000000004
5.772812174064117,17.24759094597113,18.5
6.323521140658689,17.249592624227564,18.499999999999996
6.865610920759412,18.1424474902886,18.5
6.871195574279731,17.585190587130697,18.5
6.866955192705255,18.143222380148263,18.499999999999996
7.133715771459338,17.360447257390202,18.499999999999996
6.5940882260795455,17.698141044059508,18.5
7.6926425711526925,18.367331602431555,18.5
6.870244030852039,16.801504104902214,18.5
6.6028352610567485,16.799421817457254,18.5
7.408176507846505,17.232989304068767,18.051236794976496
6.599352902539192,16.799506563248833,18.5
6.598979309476693,16.909023443298153,18.5
6.870435782442382,16.799813305922953,18.500000000000004
6.306049947474015,17.35976986551254,18.5
6.0387009645472185,17.362507256572584,18.5
6.037302252447185,17.363329028696285,18.5
6.588817547632247,17.36258368352391,18.5
6.037394114741271,17.36289878340352,18.499999999999996
5.231692668134373,17.135329266875576,18.5
5.766828343693698,17.250599514350974,18.500000000000004
5.4150686158088215,17.111899649886578,18.5
5.7742922041142135,17.247048440618858,18.5
6.319034442136774,17.02460074898817,18.5
4.947346283564899,17.25007790568261,18.5
5.769394567255391,17.026658283819685,18.5
7.679768134310587,17.793835586119155,17.58702864640119
6.863210967324664,17.0237610195389,18.5
8.227155982015592,18.905711889970082,16.666737192264357
8.776604506574385,18.906658142049036,16.665953986705695
7.681488610565583,17.796587556549753,17.58475086166871
6.8670767950947305,17.353640422166887,18.042870011158758
12.084246204790041,19.704228868934194,18.039055355672467
11.812897950188093,19.81707699177289,18.5
11.80956419276069,19.597298351084483,16.650397824560542
12.355610215884916,20.256650036621537,17.580544688005446
12.631629283405763,20.269650073817036,17.574899862020963
10.709303130156986,19.14721926134747,18.5
6.869337138535798,17.586332466270722,18.5
6.317062638481135,17.584288552636092,18.499999999999996
7.145471221766673,17.920990001720416,18.5
7.964746028041886,18.258279100977024,18.5
6.868904685511653,18.92469880251363,18.5
8.506649953672241,19.366583615956824,17.579692595494034
9.336106314570053,20.04011353236014,17.116659812456355
7.686411277700961,19.26474162882652,18.5
8.510798721178592,20.604592586714617,18.037088835495506
7.690938714820829,19.598803990781335,18.034990197545977
6.864378253039463,18.14448267750532,18.5
7.413306096625307,19.038708575593557,18.499999999999996
12.62959792435448,20.028466112902784,17.58203665595877
11.806931560104745,19.706225478560125,18.5
12.081096774724427,20.590305339651472,17.584222948032117
12.90445788,20.14885290900132,17.119864453676907
11.530951025707141,19.259162201774906,18.5
12.357959856856056,18.699966288299578,18.500000000000004
7.686124044197696,21.607810280778047,18.500000000000004
6.591937703449006,20.714226203655254,18.500000000000004
6.317468664013902,20.37913310252213,18.499999999999996
6.0448160098650945,20.379458809970934,18.5
4.944824399347424,20.380521848381207,18.500000000000004
7.692279529589397,20.715018842113924,18.5
11.803541386119292,22.285616110245932,16.179109168538222
10.432843435012547,19.486276451130497,18.03727272974138
9.338801551232365,20.265250982362687,18.5
11.25930706216554,22.168859616605452,16.64949572042973
10.435598367129261,20.8274835027948,18.5
10.98305716409285,22.49750923830093,16.65332758019794
11.533042062256092,19.70399072366853,17.578019130160357
12.90445788,20.481283464996125,18.5
12.359547049865409,21.37516299664879,17.116700942396204
12.356342039829274,19.81560805623652,18.5
12.361494393949268,21.035197209852207,18.03880622960224
12.084510838837515,19.364235711747362,18.499999999999996
9.887065509789085,22.835812141670043,18.5
10.15715513881572,22.500523379935387,18.499999999999996
9.3405207548912,22.83514871419852,18.500000000000004
10.158322999286268,23.05718021739805,18.04057398465473
7.422503011059497,20.60409007010459,18.500000000000004
10.434306041011604,22.724765100329105,18.039339553021946
10.162972297140296,22.16837266448736,18.499999999999996
10.431199081995743,23.17251319689466,18.5
9.896521759208607,22.72598215050241,18.5
10.161874784020217,22.72599386502241,18.499999999999996
10.161929628043243,23.060010268895642,18.5
10.434726309030912,22.948567280711785,18.5
11.253077623402,22.61526086770087,18.040813832317383
11.262987204738323,21.50768896866589,18.5
12.082868987167378,21.611691649163816,16.660609009515994
11.259563358881895,22.278682320837905,18.5
12.358535827530876,21.94337658301974,18.040602505897496
10.980224838001154,21.384721985405754,18.5
8.51581198578299,24.740173278436956,18.5
9.342116212896787,24.2921503328241,18.5
9.614185950105567,23.172861463243635,18.499999999999996
7.692652344087971,25.074279595271452,18.5
9.88932698507665,23.62023965993722,18.5
8.241046289999083,25.295713101807046,18.5
9.88773351266824,24.851489099592538,18.5
10.435139942868734,22.613467594686412,18.5
9.888492317826557,23.16946693100715,18.5
9.61686248524212,24.180334974669698,18.5
7.6951056109831795,23.290655415784634,18.5
9.344573240833423,22.9456654711131,18.5
12.63152770540657,23.963193296540354,17.111376252032702
12.629987348496327,23.95869346733973,16.659518865673732
12.904457879999999,25.972268199760784,13.406164542738896
12.90445788,23.844558494758104,17.12293576859844
12.630295525242705,23.62822434233681,18.043340483831543
12.086924202909907,24.29368319273926,16.654075241169036
7.4094863096940005,26.52535883313409,18.5
7.132596926605886,26.74627047604975,18.499999999999996
7.140960045752375,26.415911669398866,18.5
7.9540233854235645,26.301753477941062,18.500000000000004
7.683347192353975,26.637227857381266,18.5
7.128871499680333,26.744280370456778,18.5
9.058494866334462,26.07765096429899,18.5
8.796592670166493,24.741060418977096,18.499999999999996
8.239991723431967,24.961598109017224,18.5
7.140272378875805,24.963200243739184,18.500000000000004
7.962383578197436,26.637002676121583,18.5
7.146322467793427,25.18643222396062,18.5
12.63406130691272,25.184131175656603,16.19843115961477
12.904457879999999,25.84936919213798,15.737692231868472
12.904457880000002,25.071017574814427,16.20985176108733
12.636593077135684,24.62395169634884,17.59786736852834
11.817428289794703,25.846239617146438,17.584151303185852
12.633740621532063,24.854920726692292,14.807738511343175
7.6877540862667715,27.196382779839155,18.5
7.420050798721401,27.528175668982893,18.5
7.42340896911932,27.419875349878613,18.500000000000004
7.41170721947203,27.084116264720187,18.5
6.6026568061182935,26.975599862282646,18.5
7.691384488180752,27.196936901908625,18.500000000000004
7.946032707098786,27.187319423008134,18.500000000000004
7.962865911280479,27.41735578525664,18.500000000000004
9.067032071774802,27.53322092269744,18.499999999999996
7.690423592710065,26.861488204621125,18.500000000000004
8.245499965543791,27.195362300222833,18.5
8.24129548803306,27.083957936246183,18.500000000000004
12.629958156807007,25.628831394776746,18.03911748870651
12.904457879999999,27.644667220061276,17.112100087422846
12.904457879999999,26.85657870746698,16.641814499605314
12.357792451402053,27.307909584707204,17.107465591689138
12.632045418632893,27.64336300863809,17.57111434512083
12.630765824661541,27.8709037124857,18.041602438623656
6.299234746596432,28.764742767791773,18.5
6.859047211482339,28.988092521036492,18.5
6.312503212576881,28.763558899010036,18.5
6.580476268023651,28.991372580982,18.5
6.561403524212644,28.990662748512637,18.5
6.57787238521463,29.099427481790492,18.499999999999996
8.792483483416166,27.870759120385245,18.500000000000004
6.595370943620944,27.195016752260234,18.5
6.593938638823669,27.866164158106283,18.499999999999996
6.870201409440328,27.86903586147452,18.500000000000004
5.776581218370994,27.53274660585611,18.5
7.690118305509254,27.641665991721222,18.499999999999996
12.079998478664615,28.65291153447067,17.588266748826587
12.355588010905366,28.315055571787052,18.03923704770733
12.077759500967609,28.3125991764979,18.5
11.812926828647912,28.199942172261498,18.5
12.086556070432508,27.53953318176185,18.5
11.535524461301097,27.644009481435972,17.57376461982938
8.515204165377366,27.978373918482756,11.1
9.33185808609689,27.639971256986687,11.1
8.7933047532445,27.53126243619313,11.099999999999998
9.063829672314,27.867732037853717,11.100000000000001
9.880864319739947,27.86219105068339,11.099999999999998
9.874431227660565,27.97263880541678,11.1
7.967651412550293,28.199627183151744,11.1
8.23238324045762,28.205374862187597,11.099999999999998
6.585922950866138,28.20192006778216,11.1
9.615649826021254,28.650942972327183,11.1
7.965067307817873,28.093743031075295,11.099999999999998
8.787905790934385,28.423518371698528,11.100000000000001
10.158570894179029,28.761112472329096,11.100000000000001
9.614785662365533,26.864673941106915,11.1
10.437901009856237,25.852165823312834,11.099999999999998
10.163331288782658,26.52844910633303,11.100000000000001
10.428548851890234,26.520261391044507,11.099999999999998
9.61628218937147,26.41615096878471,11.1
9.334866512260145,27.309307454381546,11.1
7.689178598491234,27.64219413400394,11.100000000000001
7.9694314219099915,27.75247295139206,11.100000000000001
10.17298666254424,27.3058877602194,11.100000000000001
9.050053195652316,27.30726843656653,11.1
10.711564467541592,26.30575498039117,11.1
8.514597488708748,25.97048480979203,11.099999999999998
9.89015397935834,23.621157310352203,11.099999999999998
10.700062864276122,25.41033360442834,11.099999999999998
10.972787537848136,24.964097435752723,11.100000000000001
11.244905207665903,25.631636000534815,11.099999999999998
10.98612041381666,23.286303084337405,11.1
10.990411569509238,24.741814932195098,11.099999999999998
10.70520446943691,25.858543244682647,11.100000000000001
10.438130968860092,22.72377869915363,11.1
9.883641095921167,23.735131852245537,11.1
10.986692977512618,23.50927521946014,11.1
10.432699527706903,23.958421639212172,11.099999999999998
8.518813799095554,23.845537835986697,11.099999999999998
9.613242444000106,20.82612561913958,11.100000000000001
11.252670294209778,20.60417068431591,11.1
11.257833590172282,21.38063508421805,11.1
10.152335960883956,20.156385597315996,11.100000000000003
10.70519171020161,20.152035679621022,11.1
10.427922049576095,20.822444182917543,11.100000000000001
10.98215250057594,22.058582366102584,11.1
8.235589910633625,22.498164471135585,11.1
10.990568977877558,23.39422719432539,11.099999999999998
10.432505718490493,21.494498684737085,11.1
10.16018814133176,23.28347699536711,11.1
10.706507440690991,21.269397827816277,11.1
10.982869991001115,22.7230612214207,11.1
10.974763646226796,22.05261942911597,11.1
11.254916163456077,20.827038067081148,11.100000000000001
11.802990064783728,20.822329612192192,11.099999999999998
10.162590826523292,23.728971024887812,11.1
10.156689108039341,21.607294803880865,11.1
10.984099704952936,23.84384962681978,11.1
10.434319231483224,23.506807978951812,11.1
11.258123863604474,21.716206499685825,11.099999999999998
10.97490604410306,20.045514141664153,11.1
9.881333004178963,22.495336317819806,11.1
8.244254002907113,19.601842148077466,11.1
9.059770533781569,18.14873141729278,11.1
9.333298553235963,19.5989219022744,11.100000000000001
9.066816818415619,19.3776410290252,11.100000000000001
9.607751830641512,19.48831380396142,11.1
8.512282838286106,19.375593372137853,11.100000000000001
9.059513314663734,19.041565340495826,11.100000000000001
9.610161835914719,19.263156007236407,11.099999999999998
10.701163409408505,19.37410154811044,11.099999999999998
11.255653702682567,19.92595249604301,11.099999999999998
10.698092665875121,19.713003399368397,11.100000000000001
10.423549800749921,20.48907085939193,11.100000000000001
11.254626173401137,19.14862771016469,11.1
10.978307056206365,19.150924256650544,11.1
10.705432813599444,19.48393917533457,11.100000000000001
10.70257484951672,18.81933976067299,11.1
10.975767515710064,19.152597527042573,11.1
10.703603670154333,18.928832220701832,11.099999999999998
9.338010440964455,19.263434309468913,11.1
10.429005324175241,18.593329434787858,11.100000000000001
11.537201645765368,17.47137633534499,11.1
10.427771402823973,19.154016056724007,11.100000000000001
10.972104242591307,18.813097087294256,11.100000000000001
10.982801602340317,18.254723163179467,11.099999999999998
9.050780188458733,16.69080327,11.1
9.34951942864631,16.801730561896306,11.1
8.243166113074723,16.802689236054498,11.100000000000003
9.617897271780901,16.912071028265952,11.1
9.610964576402576,16.690803269999996,11.099999999999998
9.06652275037907,16.801263024516654,11.100000000000001
7.961910485341697,17.35928227215389,11.1
8.23669847406219,17.471855267821493,11.099999999999998
8.789984120902991,17.137896892473893,11.099999999999998
10.153536130409234,17.363190941543525,11.1
8.514618026302939,17.24621449045781,11.1
9.054914332508305,16.913640885950816,11.100000000000001
9.335763777078682,17.023992594810718,11.1
11.25461110502028,16.801098901664183,11.099999999999998
9.329611692972914,16.690803269999996,11.1
9.871352536997016,16.69080327,11.1
9.887194536576493,16.69080327,11.099999999999998
10.692438731779891,16.690803269999996,11.1
6.592655583465643,28.09477439003419,11.1
6.58947736627689,27.203622958855597,11.099999999999998
6.592827818557474,27.43240830561648,11.100000000000001
6.599015268957266,28.31615275674381,11.1
6.593373628728064,27.87211852232218,11.100000000000001
6.594290428138084,27.64648448933477,11.100000000000001
6.86142780168784,28.20366721665014,11.100000000000001
6.317913609658241,27.982341978335448,11.1
6.3185734803928755,27.64920223273264,11.100000000000001
6.968909811219462,27.110607044093495,11.1
6.320353862168092,27.761296059522042,11.1
7.419915407448702,27.527886540601873,11.1
6.601688782858481,27.08482258328764,11.099999999999998
6.872453134849393,25.295682669840485,11.1
7.6863220073457,27.197538538600806,11.1
6.864035532094535,26.078738426234377,11.1
6.046459102118579,25.191087880401042,11.100000000000001
5.772953100171848,26.083297971765283,11.100000000000001
7.139780964000298,27.1953469640943,11.099999999999996
5.773158622733272,26.189691775056072,11.099999999999998
7.409299161765725,26.862121915209446,11.099999999999998
6.864153261926208,26.531527980589875,11.100000000000001
6.594817881624735,25.860040035319017,11.1
6.593790006342238,26.749494844255757,11.100000000000001
6.041177370703384,26.30511218945638,11.1
5.2255376254019925,24.514784638081117,11.099999999999998
5.771728635198363,26.191665775756448,11.100000000000001
6.039360561526726,25.633976160563527,11.1
5.494288862900804,23.389897846441396,11.100000000000001
6.864559855675051,25.080211960427995,11.1
6.86374730742282,23.616769472043053,11.099999999999998
9.8865842649366,21.047535776787498,11.100000000000001
5.502070323862568,25.74940830861224,11.1
7.963757590736231,22.845001840514517,11.1
9.06026380391078,24.521193218814442,11.1
6.878154713566277,24.526588809957534,11.1
6.042633420890781,25.083371338166938,11.100000000000001
8.783075575627269,21.047356073567556,11.099999999999998
6.590804259906504,24.065537356326324,11.100000000000001
6.322772434286284,23.292413394087344,11.100000000000001
5.49547689357181,21.37835354780963,11.100000000000001
6.3215264194501195,24.404562861576913,11.099999999999998
5.774461204225154,23.848042798329164,11.1
7.137710618385708,24.619403959325602,11.099999999999998
5.766852769450875,19.146604307349797,11.1
8.522343448894718,20.042251277361036,11.099999999999998
5.770156022855821,18.03235536618887,11.1
6.86310923915184,21.60775352813725,11.1
6.8640858179030175,20.15801438305021,11.1
5.768379142210586,21.277083760758583,11.100000000000001
6.041934300207443,18.365102967194918,11.100000000000001
5.765880511047516,18.251069968918376,11.1
5.223099714572702,19.70425540848466,11.099999999999998
4.946484393120595,18.35772164398188,11.1
6.046279440173791,18.366313795518803,11.099999999999998
6.042459647121833,17.13739968069544,11.1
6.040200474799884,17.024717380258316,11.099999999999998
6.046454859109906,18.245422688339413,11.1
4.671257810192988,17.47109435428816,11.100000000000001
5.497146401807715,17.693973218255344,11.1
7.422179482435663,18.481631139286637,11.099999999999998
6.038349410144752,17.58067867574033,11.100000000000001
4.950403177976965,18.02856562854071,11.100000000000001
6.047711624533495,17.13531844886004,11.099999999999998
5.21592672928137,16.80271483683866,11.100000000000001
6.589296067531489,17.58217701027042,11.1
6.590241022632781,17.5818158091133,11.1
7.680921497570097,17.915231435263305,11.1
7.691739764683781,18.034727557745708,11.1
7.4180508392435875,17.80744865705737,11.100000000000001
8.515737410348025,18.48137324006229,11.1
7.6923091687303,17.80888250906179,11.1
8.788130514796011,18.706156306737387,11.100000000000001
7.686723391352433,17.135935878514175,11.100000000000001
6.590672406300349,17.13411558092264,11.1
7.406455506562944,16.802365050065745,11.1
7.688549306877367,16.801181305102165,11.099999999999998
7.1318660252738635,16.801652420382858,11.1
7.957055561400633,16.690803269999996,11.1
7.134773931292608,16.69080327,11.100000000000001
7.138165440311789,16.69080327,11.099999999999998
6.859741013606125,16.801335458369913,11.099999999999998
6.863044211888995,16.801810207365662,11.099999999999998
6.8566345588224,16.690803269999996,11.100000000000001
7.137410713022588,16.801388149925298,11.100000000000001
6.045285376961462,16.69080327,11.100000000000001
7.686046836022839,16.801193241208466,11.099999999999998
6.865408870332882,17.02445531401085,11.100000000000001
7.690093782267805,16.8015004029654,11.100000000000001
7.696150842078756,16.69080327,11.100000000000001
6.859411525076084,17.134943225745594,11.100000000000001
7.685831739883421,16.69080327,11.1
7.686653656280796,16.69080327,11.1
6.865355574124335,16.80114579903067,11.1
7.958384546063743,16.690803270000004,11.100000000000001
6.874825823452518,16.690803270000004,11.100000000000001
7.954342884475664,16.91217115085802,11.099999999999998
7.138216878645313,16.69080327,11.1
7.140907956480121,16.690803269999996,11.100000000000001
7.686933162796802,16.69080327,11.1
7.682294000059265,16.69080327,11.1
7.4168354750898065,16.690803270000004,11.1
7.6792402648841005,17.025889153872612,11.099999999999998
7.9572062327507425,16.801835367766447,11.1
8.229172948841743,16.913810031888726,11.100000000000001
8.230830277370496,16.91410541651338,11.099999999999998
8.499235282018482,17.13583034720895,11.100000000000001
9.61392673604402,16.91470702030505,11.100000000000001
7.955721166253749,16.690803270000004,11.1
8.789176607564679,16.913835933709315,11.100000000000001
8.78625552839573,16.802698195089896,11.099999999999998
9.617592180415295,17.47328725180772,11.099999999999998
8.782227921035453,17.02584451770025,11.1
8.783309443092165,16.914182421301884,11.1
8.243163250023462,17.02580732031954,11.099999999999998
7.680949710367646,17.8052270671517,11.099999999999998
9.05535030789045,17.919783871896524,11.099999999999998
9.610389381618814,18.481503578979716,11.1
6.046171735013208,20.270649283676406,11.1
5.222058954859255,23.28572662215702,11.099999999999998
9.882198923709314,19.03660952984929,11.1
10.150355754977365,17.8085708314476,11.100000000000001
11.804584318483506,18.36619422532478,11.100000000000001
8.230900962040527,19.259701195506043,11.099999999999998
10.154194412828865,18.589478334848923,11.100000000000001
10.703993144248876,17.9204324271656,11.099999999999998
8.22579728780551,17.915511893305844,11.1
6.042999480316311,22.27793637332999,11.1
5.498562704187954,22.045136114041085,11.1
6.3201459272941936,25.746515487677925,11.100000000000001
6.315547695789174,26.06301628470774,11.1
7.412122520605525,22.16458066015344,11.1
6.865590471518006,23.496569178802392,11.100000000000001
10.43181399458729,23.847987187677354,11.100000000000001
12.08365694802393,19.485218228789467,11.100000000000001
11.257117988294137,20.045708292111804,11.1
10.434230507008092,20.2665696440819,11.1
10.707789994952938,19.708197942066423,11.100000000000001
12.36092350471752,20.249804463279077,11.1
6.3264727502806375,24.846621949756425,11.099999999999998
7.682612262129126,26.746009469734297,11.100000000000001
7.413218059131136,26.30246795223003,11.100000000000001
7.136785793762175,26.860342029375527,11.099999999999998
7.684913021470143,26.751776264480906,11.100000000000001
7.965258045951343,26.971078272071857,11.099999999999998
7.972610702801628,26.41654377319816,11.1
8.238990052557655,25.628753029534906,11.1
7.686504042898873,26.413768074440682,11.1
9.0601753126508,27.757629042654706,11.1
8.785751790161498,27.530422083313628,11.1
7.966212744950636,24.51341914099433,11.1
6.592951851134096,27.531157641672014,11.099999999999998
8.509214495703166,28.312139943900526,11.1
6.867299925002652,27.86641186826006,11.099999999999998
8.782259175332756,28.312522105831757,11.099999999999998
7.411292641518506,27.643705927900417,11.1
6.587897290692952,27.976553330830992,11.1
9.334563041311284,28.313184988564796,11.099999999999998
9.077184376313806,28.541956194810318,11.100000000000001
9.634452315715688,28.765478906586715,11.1
7.9701141456497115,28.319723714971385,11.100000000000001
7.958247747873246,28.09065780745202,11.100000000000001
5.779898211092312,27.980665101225178,11.099999999999998
7.130934153869472,28.090651061509554,11.1
5.495930396635954,27.86746729643925,11.1
6.588847840001945,27.758585098611295,11.099999999999998
5.7670584898171695,27.754651572808683,11.100000000000003
6.861468431972815,27.758487167842205,11.099999999999998
6.584331593761288,27.86840441343435,11.100000000000001
8.790977205364662,28.65145293281925,11.1
7.413300824943752,28.538272349510436,11.1
8.221367119445807,28.425987462519746,11.099999999999998
8.22084635963131,28.093511384787686,11.100000000000001
6.858471204096718,28.203500994036368,11.1
8.223707643336427,28.31696684706695,11.1
6.85936156473959,28.20367227212331,11.099999999999998
6.305180154526558,28.091827154818503,11.1
6.044628948998563,28.20535591679569,11.1
7.953482749890928,28.647025167921388,11.100000000000001
6.317790218844815,28.09460210506963,11.099999999999998
8.497920540452895,28.206090822309747,11.1
5.7714837670800785,28.208746745503845,11.099999999999998
6.036527057653888,28.093453213723848,11.100000000000001
5.7698598315268335,28.207554675278935,11.1
6.575016470051419,28.096805510210558,11.099999999999998
7.403986119491822,28.76336325267177,11.100000000000001
7.671682519511865,28.65032070165145,11.099999999999998
6.0427666308877495,28.427244408314458,11.100000000000001
6.045040962171832,28.09601349739003,11.099999999999998
6.315092352454904,28.428823097036954,11.1
5.501700010972013,27.871927237981293,11.1
5.7644961791035865,27.649191941212244,11.099999999999998
6.304102333005292,28.319094595084636,11.100000000000001
7.6735289884740245,28.65146366004699,11.100000000000001
8.23874475963263,28.87250814482986,11.099999999999998
8.250219674994849,28.8759520249584,11.100000000000001
8.781083984174607,28.87364279767546,11.099999999999998
8.493060993204413,28.87064126823771,11.099999999999998
8.499726698834946,28.871676701052984,11.1
7.9424904141727914,28.653014666111684,11.1
6.301514189017241,28.431981035238806,11.100000000000001
7.123835686557721,28.76348358192389,11.1
7.395551369340408,28.876042328673943,11.099999999999998
6.57512031806171,28.43093749398151,11.100000000000001
10.160886727006616,17.25228689200428,11.1
8.245466886634956,16.913327001993757,11.099999999999998
9.339501373343154,17.698953374296483,11.099999999999998
9.337960444838265,18.141022889155398,11.1
8.250861703758344,17.136441489144254,11.1
9.073511378698097,17.245757808035926,11.100000000000001
11.529727251929216,17.58625513238596,11.100000000000001
9.0630581194332,17.811288499762405,11.100000000000003
9.059274671379915,18.372279200660536,11.100000000000001
8.523353607364369,17.250142165381572,11.1
7.68596243877437,17.026841244086746,11.1
8.785408258916013,18.701582044996947,11.099999999999998
10.985240065776797,17.80781913365654,11.100000000000001
10.701145920377478,18.70594382283205,11.099999999999998
10.313352898108604,18.904616822342547,11.100000000000001
11.255529021780422,18.47704874513541,11.100000000000001
10.42260250079295,18.48665201724246,11.099999999999998
10.421487496246517,18.70882081302229,11.099999999999998
10.421969417806297,18.709712853854448,11.099999999999998
10.435319677629431,19.264172160114605,11.099999999999998
10.424010250219673,18.93279357486702,11.100000000000001
10.151657364715275,19.15356241381865,11.1
9.881987079171624,19.151182974245938,11.099999999999998
10.429502466426701,19.151245350911523,11.099999999999998
11.24832263239895,18.81794187392989,11.100000000000001
10.702015115725088,21.154653527713407,11.1
11.251687366017295,19.489334491629805,11.100000000000001
11.240356054706377,20.598445011077168,11.1
11.525385638674946,19.483375891211168,11.1
11.254622730311178,19.931717042708037,11.099999999999998
10.981703177727253,19.258181526491605,11.100000000000003
11.527773076973942,20.8283351834934,11.1
11.807326694309086,20.602265451560317,11.099999999999998
11.259455063616384,21.046444633765056,11.100000000000001
11.532364255802225,20.826596045953977,11.1
12.356874854603737,21.277426407182215,11.1
10.699361292392698,20.37777854917321,11.1
10.432133959017477,21.383258926128285,11.099999999999998
10.700643735863718,21.049933819878568,11.100000000000003
9.88428953957119,22.284049007982794,11.1
10.981594303201407,21.051281256326494,11.1
10.427961931518375,21.828508837949474,11.099999999999998
11.535004160636001,23.843505861632032,11.099999999999998
12.360427294216517,24.39332840485046,11.100000000000001
11.259516568915917,23.6191614225267,11.1
11.614549210206725,24.368640506676464,11.099999999999998
11.264718271942197,23.285619029937163,11.1
9.88296764033463,22.04974423488476,11.100000000000001
12.630764416416323,23.61877875049514,11.099999999999998
11.536200021983403,24.17931038530041,11.099999999999998
11.257550110314714,25.30279902913456,11.099999999999998
11.259250165356647,25.52295099114025,11.1
10.982385992432622,24.96089094104206,11.099999999999998
9.884928992186342,24.740573442993334,11.099999999999998
10.43571603698695,22.16865522007412,11.1
10.981922854768722,23.95584715507367,11.099999999999998
10.716752879210702,23.172989096986644,11.099999999999998
11.258589191040528,21.497131218963013,11.1
10.989107274913126,23.17434149663507,11.100000000000001
12.082294795786355,23.95594304020112,11.100000000000001
12.360853047456757,24.181487222794654,11.100000000000001
10.701316789362,26.300284583938748,11.1
10.984355454378623,25.74681921901784,11.099999999999998
11.25456404341678,26.30141951932522,11.100000000000001
10.983536212496041,26.083233117705667,11.099999999999998
10.712587357381402,26.52594204616516,11.1
12.08117863571264,26.40642984918344,11.100000000000001
11.803409579772739,25.96527870327386,11.099999999999998
11.801595931377854,25.410670051193126,11.1
12.355121497321875,24.514704683556985,11.100000000000001
12.629644389662356,23.172366271403547,11.100000000000001
12.076028764334099,25.7378077888989,11.100000000000001
12.081906355420328,26.866036251398462,11.099999999999998
11.541048092518139,27.195699265788985,11.100000000000001
10.705615760439837,27.197930121305625,11.100000000000001
10.154244556713383,27.42188668526004,11.100000000000001
10.436471462295298,27.418002221237174,11.1
10.436471462295298,27.418002221237174,11.1
9.342990067384028,27.30554342074837,11.100000000000001
11.810789983916315,27.308965194741887,11.100000000000001
11.53567851138068,27.752651560357194,11.1
9.35413181337392,27.640666956515627,11.100000000000001
9.904651895346317,27.307621565356925,11.099999999999998
11.810241678994686,27.308061522222275,11.099999999999998
9.884243091033667,27.86715966336552,11.100000000000001
10.171686267839444,27.41835449754738,11.099999999999998
10.711273387264779,27.533352615638858,11.1
10.437438283414611,27.52989266854813,11.100000000000001
10.437100658487036,27.308420152961027,11.099999999999998
10.161992270822239,27.192744763279606,11.1
9.339787380958878,27.865107007574167,11.1
11.829453171154798,28.09779829219165,11.099999999999998
10.438637968563565,28.64566629177748,11.100000000000001
12.362122811433983,28.19831405603371,11.099999999999998
11.819769629136355,28.431262777814673,11.099999999999998
11.821099036607169,28.210496704310152,11.1
12.358814559785404,28.320317258133972,12.019417530784748
11.258087708518127,27.644064239045186,11.1
10.167741055217213,27.750538155756765,11.1
11.260284706622455,27.30704865103331,11.1
10.441569948349157,27.31106343840365,11.1
10.70569044812395,27.8688894287526,11.1
7.410348087379758,26.973516007400146,18.5
7.137877825356214,26.971214249548726,18.5
7.958127240353994,27.419427919999997,18.5
7.693151069038139,27.19557741793207,18.499999999999996
8.239050435369641,27.419845457131753,18.5
9.617045650098726,27.866559467349894,18.5
6.311753883083057,28.432031874396813,18.5
6.858732502884285,28.097985376762498,18.5
6.579510503455692,28.54369673591822,18.5
6.312654541425031,28.20942697209057,18.500000000000004
6.043204227082619,27.98178670202442,18.499999999999996
6.321398002187953,27.756731412364495,18.500000000000004
6.867829163935376,27.6425453233396,18.5
8.78392189446779,25.410463157932508,18.5
6.867836064393867,26.860497066591186,18.500000000000004
7.976152171482257,27.08543439812833,18.499999999999996
8.24214484005072,27.197458781492394,18.5
10.983456445489763,25.523048448600782,18.036227635525414
9.342690402146275,26.749904712260125,18.038344270987643
9.065837040951372,27.75342999270514,18.5
8.5241964339391,27.30644411745652,18.5
8.240824309793242,27.641073497930222,18.499999999999996
8.790983885661968,27.4202074070606,18.5
7.688778103949035,27.306931122056955,18.499999999999996
7.9709486528516695,27.309323641378402,18.5
9.604177889526119,26.192152738369167,18.5
10.983690104383331,24.850579029472488,18.0396698304104
9.884367316222487,25.184634969539715,18.500000000000004
9.610207194873977,26.299887264104232,18.5
9.619002184909764,26.63764492236653,18.5
9.615009114416083,25.074858850475948,18.5
10.171274832984523,24.06689493594653,18.5
10.33029908332908,23.94548119914798,18.500000000000004
9.617259323052735,25.8529561572243,18.500000000000004
10.98597150796111,25.28897225018011,18.5
9.610077130422034,25.853988549217245,18.5
9.61046540509817,22.501616801808268,18.499999999999996
10.982214970595933,23.166814301678812,18.039378311959126
11.259808679628913,23.84281508833825,17.573010469902492
11.536318898329954,23.956894115054997,17.575936372571935
10.98162670389593,22.72465379811503,18.038689496921922
10.98114407115266,23.615404425961465,18.03842804335735
11.533766345495929,23.733466953809817,17.575184574532713
9.616802282219888,23.056526166904533,18.5
10.154340624945933,24.851715486940112,18.5
10.434347931907146,23.841362111436226,18.5
10.159563021877918,23.504257987048454,18.500000000000004
10.161675632629672,22.723341588245862,18.5
11.25727158294549,23.953627425264592,18.499999999999996
11.803608874250832,21.274704811097713,17.57618909481376
11.529196709646168,20.715934788842528,18.5
11.803846999889704,21.942578495095724,18.03820211020169
12.078510671308221,23.175899014215034,17.575422127086753
11.804284676039423,21.49872121517451,18.03819884028141
11.804945819944225,21.831523978504308,18.5
11.532733618610433,22.727546797751423,17.108946075097027
9.613389004695621,21.605241167060708,18.5
10.437167381134673,21.27554765230259,18.500000000000007
11.810985985718592,23.84819044217727,15.25135822542455
10.986929682909793,23.390949586782074,17.575303999004557
10.978518956170399,22.04984460507356,18.035395966150027
11.530876755112608,20.818989558694113,16.656192234609282
12.354709531692286,22.620519482738732,17.578013257324567
12.077045422585158,20.267901199736954,18.03643809965613
10.160914214818066,19.036861205436455,18.5
10.152367578377365,19.37028805076687,18.5
10.157792145144647,18.367942438532477,18.5
9.06364654632082,19.93017881075144,18.037797165857437
6.866381895971886,18.701100344691284,18.5
7.418251525707468,19.597533260668474,18.499999999999996
6.5992776871849985,19.373361560320664,18.5
7.145403373693119,19.149728675328912,18.499999999999996
9.883545263593652,19.706504771991227,18.5
11.260321847018426,19.150144925014807,17.574839558361102
12.629651050935964,22.94672472911772,13.415444750882726
10.712966358022616,20.156472844364018,17.576698870640524
10.433337522385678,20.261024166251335,16.657987024630753
10.164798682372627,18.36844949643605,18.500000000000004
10.982217626947813,20.491519675077146,16.651181120577213
9.333055118288748,19.5962940438122,17.113145697202185
9.887918196106659,20.157321363092727,16.18138560237008
9.879156156871709,20.593573017022432,15.731788626259865
9.337043285570902,19.709436038232205,17.573059214624838
12.904457880000002,22.062869790567206,18.037047957818952
9.337262061121445,20.383373132204387,16.182430099503573
6.863224423641005,17.242643195144062,18.5
7.144441001693304,17.02169728231112,18.5
7.150042684898181,17.022821933300317,18.5
8.245560273421422,17.247967155018827,18.5
7.967702884150654,17.576452377343948,18.5
7.41192467325705,17.79823620804149,17.583602668428604
11.247395351218962,20.923095585708662,13.89138466275635
8.228525997513799,19.579537948823162,16.20076912842459
7.40930793508117,18.014611430021873,17.587348293676236
11.248906516095122,21.144690054553145,13.43084437439194
11.806858273573292,20.9335072420811,14.804954119814571
12.08774512236202,23.41072450994288,12.94131862134554
9.050264449116451,19.585809551267218,16.195179805254348
10.431534609608207,21.15624892277043,16.650078871402233
10.701036181032894,20.81542227120246,16.654609932582886
9.886991933066307,20.48864894031408,17.110850711232054
10.977744722260349,20.036401976983147,17.578728815178394
7.701851022324045,28.986143062728672,18.5
6.608115224332259,29.207532019999995,18.499999999999996
7.132375974204738,29.207532020000002,18.5
7.69295872436788,28.985521311956767,18.499999999999996
7.423300569784153,28.31880338349601,18.500000000000004
7.14370425575802,29.20753202,18.5
7.6936943367333726,29.096732404911318,18.5
8.525574095596966,28.65051645483908,18.5
9.060853157647976,28.20242945738356,18.5
8.520634939392806,28.984714432186315,18.5
7.97218517298735,28.874862753290614,18.5
8.241664247102936,29.09627897747285,18.499999999999996
9.069655302570908,28.653701582019686,18.5
6.872883999931569,27.641132616352493,18.499999999999996
7.963270756837182,28.204136910549245,18.499999999999996
7.964688286632065,28.202051890793925,18.499999999999996
6.595383792991489,27.977235633333066,18.5
6.317985681413314,28.42674267655122,18.5
6.865525531340039,24.852116011175834,18.500000000000004
10.979220168173677,28.315060672788483,18.5
9.068095304858199,27.642598190051324,18.5
9.328846000900892,27.754486377187924,18.5
9.606765631292149,27.64441933251703,18.499999999999996
10.437845377353172,28.09220542195984,18.5
9.066248468123133,27.641637783927752,18.5
8.788966299824036,27.754038201324185,18.5
10.153644771304952,28.091868599097086,18.5
10.70248517806026,28.31214093316574,18.5
10.431757887459831,27.977858619825383,18.5
8.515918510127557,27.976425606390627,18.5
7.147994783469783,23.404419764622908,18.5
9.072625476635446,25.085994526369433,18.5
8.24850415367446,24.74102733489287,18.5
10.714972854443417,26.208976485544923,18.5
10.159302138409716,27.866988400366683,18.5
9.887431170949096,26.417622468805757,18.5
10.162988462401673,27.97961313164729,18.5
9.345822225421625,26.19600979025426,18.499999999999996
7.141024146769965,21.02945862438118,18.5
9.341845529427278,25.52319895615597,18.499999999999996
8.78049093521653,23.261761451912513,18.5
8.2500477533237,26.975900945342175,18.5
7.970260940585683,23.397678365521482,18.5
7.698523444109038,24.853909077381658,18.5
6.594629284806151,19.144809284397137,18.499999999999996
10.164952829280956,25.07484064620503,18.500000000000004
6.323430438394709,19.035165074788914,18.500000000000004
8.794836424549096,24.184338017277238,18.499999999999996
7.419612331881535,21.381137282161873,18.5
8.247539665143035,22.949458278784558,18.5
8.520284487890244,23.062407875528738,18.5
8.24132629520021,23.840015984581534,18.499999999999996
7.147739152461096,19.92014403559269,18.5
7.142864306665867,20.033105426668367,18.5
6.5936921388911465,17.357966212922868,18.5
8.51997687596907,21.722743472984664,17.112336188569234
7.693590510268291,19.703480503981638,17.11354250387543
10.986511892409697,26.535261002710925,17.105153112246207
7.683415160985318,19.368114131470552,18.036804005018656
7.410458611577822,19.687569892768526,18.040390315448505
10.986838735550513,26.53421838913845,16.641630044745078
10.437154605250655,27.311455341845654,18.499999999999996
9.88849887253723,25.866797153640885,18.5
9.058881576043694,24.04581612454837,18.5
9.338615467951985,24.074785598072946,18.5
7.969325962696637,22.731830510033873,18.5
7.694112046103063,22.836903314935526,18.5
6.8680957383875105,22.387835476631288,18.5
7.137609709104825,22.267801644819777,18.499999999999996
6.045223075818274,17.581935102428204,18.5
6.595497651887452,18.47830257767715,18.5
7.412691807281492,22.945579442976445,18.036999634135327
6.323395017900426,17.689220719285302,18.5
6.3228271286932705,18.6978399413952,18.5
8.795061862219429,23.28012155923623,18.5
7.143200614856122,17.461419667452695,18.5
7.415426041180226,18.57892817045809,18.5
7.13828001841601,20.36335418440803,18.04117400931371
7.411726845883347,18.563954466541364,18.5
6.324937790158658,17.905676971048536,18.499999999999996
6.8705048697767985,20.691161565574976,18.500000000000004
6.063983632593182,17.793212703489598,18.5
6.3307246343725225,17.68824501149042,18.5
6.06128113895916,17.796583335350835,18.5
7.148676819987726,18.89440058197008,18.5
5.772634853932225,17.35646764981835,18.5
5.77080566686952,17.356603259203407,18.5
5.774193933378218,18.136629603604902,18.5
7.411063289716013,18.016973480826053,18.5
6.590003140680207,16.91176004406839,18.5
6.595559899642598,16.91040338223017,18.500000000000004
7.413602296174989,17.242306050559556,18.043525395654346
7.138411496288266,17.349238973614735,18.045856774414
7.676112949833294,17.78948132014274,17.59063263881766
7.408830537758133,17.903108549598535,17.587860187594487
7.1425631034132495,17.34544754466013,18.04847179874916
6.593009399104645,16.800879947657062,18.5
7.405196626350409,17.238500870883406,18.0466749135686
6.861995892184761,16.80058940950309,18.5
8.498270908936354,18.904053879770736,16.668109514538013
7.674116004691982,17.78847177710878,17.591468229812385
8.223476709754829,18.787333161701717,16.67377332200737
5.773288774373859,18.35897897286293,18.5
6.593527739399569,18.795390149233683,18.500000000000004
6.597333216014295,16.911837688311447,18.5
5.785639474498951,17.574368446011487,18.5
6.330802785609888,18.130276555942032,18.5
9.06095665965699,22.80735176417196,18.5
9.88915258865487,22.16342355922755,16.187977049244836
8.793902421361992,22.061486996026137,17.107895846983446
9.06947693901727,21.38806969861949,17.12103472870986
9.816475253038453,21.330055464508884,15.889390192486932
10.713065811145576,21.048680087330478,13.872758270649573
7.141599319491336,19.368403901475233,18.5
9.606428054046921,24.729427324750066,18.5
5.228156165667397,17.916449555062247,18.5
6.048609760663097,19.816475559749442,18.5
6.313535559837977,21.94579347187129,18.499999999999996
7.963950479679327,25.30135648387718,18.5
6.04078820069601,22.1713045715129,18.500000000000004
5.7762153854190466,19.594543516146675,18.5
8.228416914246996,26.084062448968,18.5
9.602500667700493,27.75177594892343,18.5
9.311308512114774,27.633173512468804,18.5
9.312719435353785,27.410798666906096,18.5
9.328176665650629,27.862441456064207,18.5
9.054124716994439,26.416195055597697,18.5
8.236970204158824,25.189296219987263,18.5
8.227032858625067,27.300239305834808,18.5
6.312817027414425,23.068470777483267,18.039164145394672
6.044265815649598,21.61063710599113,18.5
5.490126993026964,22.959169815651094,18.5
9.050738938991474,27.526061412007817,18.5
9.870023416070342,27.637656366736653,18.5
7.677589656392827,23.408005663365984,17.58102950003203
9.583497982740202,26.62823609272892,18.5
9.884438295812473,27.421436042214843,18.5
7.681628858399303,25.853160719823883,18.499999999999996
8.491303255089322,25.846488420925276,18.5
7.9498300077056046,27.079848951818477,18.5
8.505243163787341,27.415472668065497,18.500000000000004
7.408759892632315,27.080627098936436,18.499999999999996
7.407378629631632,27.192191047772187,18.500000000000004
6.865539406764078,27.30523056866904,18.499999999999996
7.947823749370598,27.301745272772983,18.5
7.945780616041086,27.188093811619176,18.5
7.3847386290491315,26.96021005242217,18.5
7.126583700921719,26.854186153958437,18.500000000000004
6.57885350567842,25.741829748880292,18.5
7.128056968702845,25.078700147344495,18.500000000000004
7.658775006487516,26.961300533910304,18.499999999999993
6.8497480305613845,27.08022224423804,18.5
6.580495131439093,27.633789198304335,18.500000000000004
5.495234251784181,27.867834525739685,18.499999999999996
6.31397923876378,27.53479993345852,18.500000000000004
6.038908980686376,27.976718072626042,18.5
7.946844896525071,27.527908714865312,18.5
7.693932324106436,27.755134548689878,18.5
6.871019750189705,27.531427792492345,18.5
5.490933861732554,27.86022168803898,18.5
6.591195984946305,27.753179156234065,18.5
6.867538886762084,27.529988455369995,18.5
6.587513126297054,27.873521208901415,18.5
6.593830987222526,27.53558380231651,18.5
6.313376676437141,27.528950878660087,18.5
5.494617460293373,27.52699770057483,18.5
6.856303606343214,27.526021204502058,18.500000000000004
5.222075686296856,27.63800194425164,18.500000000000004
6.042135040456188,27.417417072331432,18.5
7.684601004638574,28.20271642511453,18.499999999999996
5.769932239242078,27.64230891335203,18.5
6.8581849801323305,27.984826124328,18.5
5.769378224225008,27.640814561823113,18.5
6.320851510114055,27.869380794520445,18.499999999999996
7.142723793994818,27.419016722894273,18.499999999999996
6.865218646112836,27.53132920358991,18.499999999999996
6.321737022502209,27.421936053435974,18.5
5.769291398543388,27.978373582491976,18.5
6.307847251139215,27.410435079921914,18.5
5.765589846832234,27.868704006650546,18.5
5.770341226585566,28.31776567825225,18.5
5.769922091329951,28.317567645225697,18.499999999999996
6.0465282650523235,28.650705720315635,18.500000000000004
6.310397496023503,28.54572051668167,18.500000000000004
6.0435108062171885,28.542112377752677,18.5
6.31244635498202,28.765045721019984,18.499999999999996
5.494979688370552,28.315828281833674,18.5
6.321097519885757,28.874546708752575,18.499999999999996
6.038814069223995,28.651428136102783,18.500000000000004
6.311713052262151,28.985633950552057,18.5
6.59078945535374,28.87482309911103,18.500000000000004
6.0424614562335455,28.763335741661976,18.5
6.321471701569733,28.42872811228061,18.5
6.3032288568008426,28.98679744146301,18.500000000000004
6.30341021494783,28.987443971666707,18.5
6.581856752418286,29.207532019999995,18.5
6.317921713507312,28.98736279226792,18.5
6.572188324289551,29.09913842349127,18.5
6.320320312761222,28.76556157826651,18.5
6.600280074433609,29.098442594807327,18.5
6.8643871880548835,29.09758619209206,18.5
6.589480061257162,29.098442784172484,18.500000000000007
6.586939557390071,28.987214390941812,18.5
6.587584135147282,28.764476199139665,18.500000000000004
11.532109053442532,20.486859653803883,17.573165573971494
8.24197420911188,18.817551271842625,17.57585529284704
10.98908606245345,21.172512392481554,15.251762984447279
9.337702493800846,18.36748242051525,18.500000000000004
7.145288291909371,18.145391164141166,18.03612109191367
7.690363069576868,18.031192879308936,18.038879248988383
9.884970451552649,18.032589118968716,18.5
12.35744100497201,22.38495122107535,15.267305364824853
10.16465219991414,19.70451972426574,16.65500759177067
12.08457089452716,22.277756407695392,13.41482571058948
10.714617251401569,20.16290949791452,16.181773689711463
11.535196751210316,19.59376390876461,18.03987776504087
11.263511496128096,21.504007565705574,15.252947920953357
11.533542985751609,20.82894300142754,18.5
11.808017209979317,21.613122540050007,17.112035232783708
12.90445788,23.960975229788858,17.110149122813365
12.360859904324434,22.288758884947832,17.57878770584739
12.086958498924444,22.063562690667265,18.5
11.269200335102473,21.51186408369918,18.5
12.356147496155856,22.602532502412412,16.656704455032564
11.80673714321411,21.59686716346146,18.04059379127551
11.53172923618656,20.596060182030364,15.738385099709134
12.630799986277896,22.165477078034286,18.5
11.80804049434641,20.71406856506926,18.499999999999996
12.082819583345351,22.168321903861102,18.036101268689904
12.90445788,22.957581527163175,18.5
12.084674298816369,22.401160085596604,18.5
12.091825654980214,22.74983090269759,18.5
12.634748440486792,24.196037766971063,17.126607621565597
12.631057292371171,23.73940781876555,17.58790023223067
12.63346750993865,23.079301567739996,18.5
10.975735453035854,21.041249499084916,18.0425080248041
11.536290362031927,20.82064693725526,17.57629267507491
11.53439124712347,20.714214998553345,18.0386831622886
10.705921840242551,19.92999937584098,18.038679427889072
10.981880039209504,21.38481996471188,17.57700390963072
10.987172563465473,21.047307971681057,18.03927549393584
10.9873609872338,23.400183012141845,18.500000000000004
10.713008244642454,23.84778873525869,18.03779735612812
10.434924869345473,24.400933112212446,18.5
11.53808332401054,24.51889195971705,18.03849031853727
11.539833556078069,24.74015150733049,18.499999999999996
10.434855091629318,22.723929051398354,18.5
12.357018144858586,24.291152304827573,17.580178701653693
12.35972119516674,24.961423799584466,17.120277728399998
9.616853951198085,22.95102304714267,18.03710759787082
11.530347158500296,23.28187803093617,18.039730357349917
11.809400867536407,24.069895461481366,18.5
11.810040571087447,23.844031726948348,18.0339194879039
12.080960691167947,24.181398733692827,18.039825522104945
12.633413774614889,24.63102276932507,16.65632596975553
12.90445788,24.96103473328943,17.124013075355865
12.087357796869282,24.189724387537638,17.113993847973397
11.266758501230845,25.072627942488026,18.5
12.63302214146354,26.185222487882253,18.5
12.09011600523729,25.29663205760245,16.657418318616298
9.891233700195706,25.29414931983987,18.5
10.436237504629954,24.849489664970076,18.5
11.540376796863223,25.29527450498948,17.58159349430797
9.340277293560074,25.964220062630446,18.5
12.092856157906507,23.965853237642577,18.5
9.617610543147926,26.752236749882716,18.5
7.961113047544188,26.971276389286807,18.5
8.502488355808424,26.18870519163196,18.04073821719845
8.24200076764201,26.97302860195259,18.5
10.98743932686124,26.189711220734626,18.039981929239318
8.515065442655262,27.307689030132913,18.499999999999996
11.540650986936491,26.072509160089623,18.036792045892543
10.452601307062228,27.08384606438838,17.580365291274436
10.989456504843865,26.633022714086245,18.5
10.983532266536166,27.529939736684433,18.03933441398905
9.066765910917624,27.41880348019093,18.5
10.71109463937419,26.411372497361626,18.03941501118489
7.9567974813546645,26.9709408238303,18.499999999999996
7.689269241954378,27.304481428297873,18.500000000000004
7.221537047932217,26.99727709106203,18.5
8.509719677143666,27.530171615612723,18.499999999999996
7.42052688702155,27.084991382502636,18.5
7.423731797576,27.197569702512038,18.5
12.083358318182452,27.312161374026903,18.5
10.70951643399581,27.419072068879586,18.5
9.338248275065153,27.41823194101041,18.500000000000004
7.414361443147607,27.19809516136533,18.500000000000004
10.71133116544298,27.53219798071775,18.041712677841566
9.33587215344953,27.753583812604127,18.5
8.519797771081437,27.865959975679832,18.5
8.512339943588314,27.753962375788557,18.499999999999996
7.416971846345584,28.089702764807264,18.500000000000004
8.795740846925531,27.530119100967994,18.5
7.96581936120611,27.642615702129948,18.5
7.692337755835737,28.426220669096224,18.5
10.994070153868037,28.20529620896484,17.11790150406751
7.425883872652591,28.421012004005124,18.5
9.060959191564406,28.423972171706232,18.499999999999996
10.166865028467122,28.093154205336806,18.5
10.71442797414698,28.096062394517624,18.500000000000004
11.269374383822603,28.209383152320196,18.5
9.892228546938341,28.20364583045924,18.5
8.7968038751332,27.53327566330339,18.5
8.240351689818734,27.531180169163708,18.500000000000004
9.349586136036221,27.87011756497808,18.5
8.527968319751114,27.647747288977296,18.5
8.002803101527794,28.429614667201715,11.099999999999998
12.904457880000004,27.89594294772823,11.100000000000001
12.904457879999999,27.769918597054886,11.099999999999998
12.904457880000002,27.45461647300316,11.1
12.904457879999999,27.678787855095692,11.991375109885102
12.097404787323407,27.99674496995833,11.099999999999998
8.22762747295841,28.088149463579626,11.100000000000001
8.784132857854553,28.424054408784414,11.099999999999998
9.325520285229599,28.089599466829572,11.100000000000001
10.158354410856093,28.20073570443607,11.099999999999998
9.319899039784255,28.532925326853853,11.100000000000003
7.1304658842342485,28.315693500169104,11.1
7.948901362688825,28.536826144190336,11.099999999999998
8.766643848199607,28.874011279440793,11.100000000000001
7.9549955173167595,28.536293409635267,11.1
8.504397706212648,28.652094882402437,11.1
7.957109005097964,28.872475672199144,11.1
8.500764177253807,28.986124945159276,11.1
12.368725115064764,27.98850817115332,11.1
12.097969018463337,28.08802707967465,11.099999999999998
12.088154806444095,27.53350929026174,11.100000000000001
12.904457880000002,27.215692575511106,11.554119067158606
11.823138281734115,27.983141842298707,11.1
12.36572247455819,27.87111513405961,11.553882827976619
10.43400446564171,27.863534118303967,11.099999999999998
9.608968766602446,27.86629060547998,11.099999999999998
9.055479014435628,27.755277993137756,11.1
9.61336769351069,27.4173960931577,11.099999999999998
10.158475456207682,27.643805340477527,11.100000000000001
7.41023079906071,28.08644447140129,11.099999999999998
7.950664786685565,27.30984485364452,11.1
6.594654769984178,27.97748601307118,11.1
6.870653340019428,26.414900402187484,11.1
6.594382711422979,27.6456099447627,11.1
7.147566600102758,27.19786012327772,11.1
6.596758793210482,26.86092895342147,11.099999999999998
12.360309672091095,24.17610839305346,11.100000000000001
12.082295509493783,25.51956935896972,11.1
12.359994061609646,24.508426306760686,11.100000000000001
12.904457880000002,23.17329496390637,11.557000996568606
12.904457879999999,25.072066653390557,11.099999999999998
12.630399250758357,24.61858547534124,11.099999999999998
10.704405726674333,25.630366369990483,11.099999999999998
8.249617870564467,25.073831459792437,11.099999999999996
10.16030651804589,25.41355721766883,11.099999999999998
9.883266571981316,26.415083641191867,11.1
10.441066680939347,26.079439215524538,11.099999999999998
10.711340764223754,25.968175989493638,11.1
6.043084580681395,26.859872269236703,11.100000000000001
7.966209328646517,26.75047326022361,11.099999999999998
6.601384055652551,26.636534191892263,11.1
6.317187759010166,25.965675823289146,11.1
7.416298722568774,25.852696523813005,11.099999999999998
6.318705143597225,25.854808309883012,11.1
12.90445788,23.287239075964564,11.1
12.904457879999999,23.175347360434277,11.100000000000001
12.904457879999999,24.061720349985,11.099999999999998
12.631773183606615,23.731434442748082,11.1
12.904457879999999,22.72322395226074,11.099999999999998
12.904457879999999,23.17355761664835,11.1
11.5329154691567,24.625593016348997,11.100000000000001
11.534094730776129,24.064692740785624,11.100000000000001
11.533921246204542,24.62375372552396,11.100000000000001
11.262195737597935,23.843340633615142,11.1
10.4343702915708,24.067009314866972,11.1
10.436331907018928,24.290874894100977,11.1
10.707213437383373,24.292379140045526,11.1
8.517395419669379,24.18208654325149,11.1
10.160112041075882,24.067537568153377,11.1
10.166309374063973,24.402160336042094,11.100000000000001
9.61691382618688,23.95505344993891,11.100000000000001
10.436813758030455,24.177832199491522,11.1
12.632498678672004,21.27441516185652,11.099999999999998
12.90445788,22.612715816058316,11.1
12.904457880000002,22.392477838142437,11.099999999999998
12.631766114041941,22.052735964996515,11.099999999999998
12.904457879999999,22.042770879419265,11.1
12.904457879999999,22.05802309445711,11.099999999999998
10.438451738957655,22.497724225501443,11.099999999999998
11.532306989518613,23.72962244941409,11.099999999999998
10.983994782278783,22.50193594198327,11.1
10.15311075950788,22.273826466469327,11.1
10.984807488880755,23.39535236075921,11.100000000000001
10.157926669089631,22.724635458232687,11.1
9.33712199028776,23.283758500609373,11.099999999999998
9.882890294013553,22.610008360030598,11.099999999999998
9.336335448303695,22.835302342863113,11.1
10.159856262710939,22.834808071611654,11.099999999999998
9.06147607905536,22.61151873315997,11.099999999999998
10.157604906627492,22.61240346338672,11.099999999999998
12.904457880000002,20.934701794653574,11.100000000000001
12.904457879999999,19.59729812592269,11.1
12.90445788,20.378002990231597,11.1
12.634954660699696,21.937097706816758,11.1
12.358100074906645,19.933662469956772,11.1
12.63126004604484,21.49254526606086,11.099999999999998
10.700861594992345,19.487268504655763,11.099999999999998
11.532558317700602,19.486430439386048,11.1
11.531736469033605,20.155341903882118,11.099999999999998
11.799294816672152,19.488176101099004,11.100000000000001
11.525728017442248,19.376927319066645,11.099999999999998
10.97593806182992,19.932074277266985,11.099999999999998
9.882461282195145,20.82245467485882,11.099999999999998
8.513785367188763,19.711365639574606,11.1
7.967218145143789,19.70907760833706,11.1
6.595530965611327,19.7048405576889,11.1
10.427005085798218,21.270223778286912,11.099999999999998
6.860380271050554,20.263988265148072,11.100000000000001
12.633618642006693,18.470390540596654,11.1
12.645207129921024,18.580559544303252,11.100000000000003
12.904457880000002,18.811322823925067,11.1
11.817234816043525,17.912778771335844,11.1
12.632747048051181,18.58231182165263,11.1
12.904457879999997,18.361666545322723,11.100000000000001
10.704457547747662,18.5969633907437,11.099999999999998
9.884595139784897,19.265068500944608,11.1
10.973204833698578,19.49050802249358,11.1
10.980538773318553,18.928891977883428,11.099999999999998
8.522199649097585,18.92806535934688,11.1
9.063542926909351,18.931287384565593,11.1
7.695384002447495,19.03701556088253,11.1
7.69368087085644,19.151301839518123,11.100000000000001
8.790818231930388,18.25833403638942,11.100000000000001
6.591840141020684,18.4760548731791,11.099999999999998
8.781888119938278,18.25892541685638,11.100000000000001
7.69699408774955,18.816337730884378,11.1
12.364680739332385,17.364847809862752,11.099999999999998
10.975325014420745,17.025228280853447,11.099999999999998
12.363178862037493,18.13742602231162,11.099999999999998
12.361760606828621,18.36045708846402,11.100000000000001
11.820499020580424,17.697117312693518,11.1
12.363233228378345,17.804758649730744,11.1
6.859573178089203,16.913567029303394,11.099999999999998
8.234675364072842,17.024406829442192,11.099999999999998
8.512232405832167,16.802830920666445,11.1
7.138367802676873,17.137358539638516,11.1
8.24352705503301,17.02464981863275,11.100000000000001
8.23574797211457,17.02619062097644,11.099999999999996
6.5826585112735065,16.80217309034107,11.100000000000001
4.9415936802847416,16.80267840369556,11.099999999999998
5.76394723723562,16.80147826340742,11.1
6.306152344448746,16.8013371877175,11.100000000000001
5.487011144891327,16.690803270000004,11.1
5.220693293535366,16.690803269999996,11.099999999999998
6.034355030804061,16.80122857796583,11.1
4.94017840699643,17.13789726749716,11.1
5.769363912402645,16.91140932182025,11.1
6.31234130938083,16.69080327,11.099999999999998
6.86229428388344,16.80172168452634,11.099999999999998
6.0258978197520445,16.914847155718775,11.100000000000001
7.959321747108014,16.69080327,11.1
8.240919495396751,17.021407361417026,11.1
8.244580659231385,16.80072227350493,11.099999999999998
8.231527849621166,16.69080327,11.1
8.235604938198119,16.69080327,11.1
8.245112777213107,17.022219637976626,11.099999999999998
9.888122989875532,17.47245516477507,11.1
12.083762156103509,17.694734467196447,11.1
12.35882727533721,17.251528229030846,11.100000000000001
10.997964873033322,17.808595130036075,11.099999999999998
11.543666620767883,18.36658960187849,11.1
11.537843820425753,17.922544229389796,11.099999999999998
6.8628285667267,19.255437815204484,11.099999999999998
7.678473531099968,18.69354977652295,11.1
7.402039862491287,18.472106849174597,11.100000000000001
6.035812946147346,18.470778853781432,11.1
6.294091703435103,18.128363877482307,11.1
7.960787198425469,18.700263281525284,11.1
7.9703214993300895,18.592361462235893,11.1
8.23820728973812,17.811245909460027,11.1
10.159811503568434,18.369841723262226,11.100000000000001
8.788448227163977,17.809134548224847,11.1
9.883884445101977,18.48108350961327,11.1
8.790061455253532,18.592445790438198,11.1
11.5288856977621,19.48495058269873,11.1
11.257699200651368,19.59724468111385,11.1
9.612058180127987,19.043439692310045,11.100000000000001
10.429879077294004,19.040316557080665,11.1
11.807327043180527,19.26137490308335,11.100000000000001
10.698917712236222,19.26504397325928,11.100000000000001
6.3183696192056225,19.708579807361254,11.099999999999998
5.2195389472885685,20.154192064821757,11.100000000000001
6.044198215267232,21.161042727624295,11.1
6.313356012631989,20.823800721652564,11.1
4.66862135355016,20.04208088765296,11.1
6.311010125584003,19.59098983953868,11.100000000000001
9.338108347930875,20.493478872878,11.1
7.964969745218503,19.93441770620667,11.1
9.87956181820798,20.157997025910625,11.099999999999998
9.064896219980211,19.933023203905474,11.1
8.780874721561688,21.71273911383969,11.100000000000001
9.05445227759065,21.38082308026145,11.100000000000003
10.703499512782278,20.49218295629139,11.1
12.085868608566914,20.71402529956977,11.1
12.627973619857338,20.384218951532816,11.099999999999998
12.627319557740371,20.384599814197816,11.1
12.630512925289093,20.388987372732792,11.100000000000001
11.521899781469163,20.605762235188852,11.100000000000001
6.319442054368405,21.61063055490796,11.099999999999998
5.772190905433486,21.490719619548358,11.100000000000001
4.67122096756961,21.940984049251064,11.100000000000001
6.318229382594209,19.930252536530922,11.1
4.398777299815533,20.38309164430808,11.099999999999998
4.398828775305628,20.38199918048633,11.1
10.154852646493563,22.274338986549708,11.1
8.78947332228549,22.61288967417849,11.100000000000001
9.33739562308252,22.725984034727375,11.1
8.790253479958615,22.615134419762988,11.099999999999998
10.155321842767052,22.612271168659912,11.1
9.058160016158801,22.1612756914295,11.100000000000001
12.356787500649174,22.949742292089272,11.1
11.536706292578996,21.83266872010224,11.099999999999998
12.904457879999999,21.71350627632346,11.1
12.084114391736797,21.831112058808625,11.100000000000001
12.0823377453621,22.613964374242286,11.1
12.08569117164573,23.504469329622967,11.1
4.397957349492575,22.618442118668625,11.100000000000001
4.94664190635683,23.842839571597143,11.1
4.67391956884815,23.955147611951308,11.099999999999998
4.677743463038298,23.953703448144378,11.1
5.765726370351681,23.395651441469965,11.100000000000001
4.1253779,23.177090545723587,11.100000000000001
9.063477606936392,24.28955909839903,11.1
8.530177256536723,25.408990740754543,11.1
10.166693196839127,25.184491774689583,11.099999999999998
10.434842691103903,24.962321611542013,11.100000000000001
8.245439798144286,25.184518610841668,11.100000000000001
9.617401481456923,23.839655707113014,11.1
12.086765865269072,24.289742728452552,11.1
12.088126793287513,23.505282063138257,11.100000000000001
12.904457880000002,24.28816778477431,11.1
11.810380471847166,24.178843150298974,11.1
12.35772821777733,24.29099548248894,11.099999999999998
12.359137109031499,23.84459419114389,11.1
8.523148417257435,25.843091473156,11.1
6.870079374266794,26.07950534052236,11.100000000000001
7.143470151887994,24.960632165746993,11.1
4.94253592239684,24.848489191972014,11.1
7.153390915623265,25.184797078734668,11.1
7.691174257126757,25.29911919161691,11.1
7.975266737832694,25.52315052346265,11.1
7.148581166193699,25.516776864974272,11.100000000000001
6.872074348545241,26.07849244980121,11.100000000000001
7.137421848064637,26.857247324634912,11.1
8.243080265359085,26.080273840096027,11.099999999999998
6.32187138100913,26.188915226888433,11.1
10.70919409061705,25.185543807079913,11.099999999999998
11.804563583627047,25.06953887815842,11.1
11.263424260926396,24.067282680973065,11.1
12.360186235738235,24.39952120509527,11.099999999999998
11.259003457854215,24.293383448257075,11.1
12.08018744804346,24.734079961097322,11.1
6.576865160479048,27.754057582852646,11.1
6.027029469512443,26.516947905996155,11.100000000000001
6.035238530516792,27.532809614976763,11.100000000000001
5.768843442506343,27.421802139503622,11.099999999999998
5.485988674216764,27.52673621370787,11.099999999999998
6.861136307122506,27.642927572053438,11.1
6.87958330817645,27.75164819851652,11.1
7.406236158674346,27.534139758107287,11.1
7.140283357565535,27.20125746572713,11.100000000000001
8.217928495649964,27.75465984381875,11.1
7.677940044271171,27.31247081066607,11.099999999999998
7.674631755599911,27.643700921207564,11.100000000000001
10.979940736962737,27.975146567258133,11.100000000000001
10.157246445302608,27.755793539338335,11.1
9.611511039372402,27.864044457621596,11.099999999999998
10.438476521344342,27.641310202585718,11.100000000000001
10.43746566196025,27.863750643200436,11.099999999999998
10.987643554523315,28.092107231898723,11.1
5.220392743502126,28.09301122359057,11.100000000000001
6.041961635537182,27.532633162487993,11.100000000000001
6.311855623900329,28.54267393890193,11.099999999999998
7.395944431129205,28.430271329165972,11.099999999999998
6.86591945304847,28.538206978498284,11.1
6.043608567257565,28.210928066678992,11.100000000000001
6.588447041776678,28.65501019326653,11.099999999999998
8.232792054877821,28.532624457330613,11.099999999999998
7.687306325342847,28.64858883265707,11.099999999999998
7.141322096566178,28.310039070703574,11.1
7.962229812936165,28.426422764945787,11.1
7.678967637364661,28.536700867726278,11.099999999999998
10.434958043690491,28.31365674060334,11.100000000000001
10.7086066104398,27.980700776768348,11.100000000000001
11.53997051619647,28.19841397529412,11.100000000000001
10.714298473437106,28.533723153090286,11.100000000000001
11.52853288163799,28.200424608803072,11.1
10.981961317983684,28.316632655007844,11.100000000000001
12.90445788,28.319054668900236,17.130461554527194
12.634701143497194,27.873281272237417,17.580761738522966
12.634303437633475,27.871126100889988,18.042769944766874
11.52869316049097,27.865793165553743,16.65691930556
12.361478915547636,27.647523489514157,18.499999999999996
12.904457879999999,27.86666786708407,17.58361276322252
6.040405888854495,28.204065032448074,18.5
6.592404309318472,28.31529151348914,18.5
6.597283855793595,27.86736420647821,18.5
6.865731360160655,28.872125779407384,18.5
6.3103231886284155,28.649302944545877,18.5
6.329939695013067,28.31539350531878,18.5
6.578541618038452,28.878285678283113,18.5
6.299964835943345,28.880207983150402,18.5
5.7546191105056685,28.32050015206851,18.5
6.2945937197160955,28.876629535183472,18.5
6.316355839416049,28.54354622254317,18.5
6.312097382045698,28.652354984544015,18.500000000000004
12.632670505083057,27.19670327233286,17.582578605890163
12.90445788,27.30868553387512,18.5
12.90445788,27.08921432088864,18.5
12.904457880000002,27.198811332238968,16.656281397083117
12.904457880000002,27.324171964098824,18.5
12.90445788,27.309975329871754,14.792963279459258
9.344623259758892,27.42032142875315,18.5
8.258743569987198,26.750267383105214,18.5
8.24160241044974,26.974852061663128,18.499999999999996
8.249679364781837,26.863251320239044,18.5
7.143326128935855,26.74754697369945,18.5
7.970365106977834,26.748844265070286,18.5
6.866335527499002,27.757063610801445,18.5
6.869091508765085,27.530100368092896,18.5
8.238706706208724,27.084875640805123,18.5
7.419150570808333,27.30704780208683,18.499999999999996
7.966833556274933,27.195895856626052,18.5
7.978049359708791,27.308190325263187,18.5
12.361106045620508,25.186519182668555,18.04505231519537
12.633354850648441,25.40553077647946,18.499999999999993
12.629122950966746,25.847198131032272,18.499999999999996
12.631819444472695,25.405542780890013,17.123332987431553
12.359371022372375,26.8540080445193,16.18714285498269
12.631802989115005,25.30079162292968,18.499999999999996
7.688901204253059,24.070441532789594,18.5
7.143398815011513,25.855563653549286,18.5
8.522318407309537,23.618629578552802,18.499999999999996
9.068986714149585,24.73390075227277,18.5
8.241816403353527,25.297743749082173,18.5
8.522966205625531,24.73489918995063,18.5
7.965443391586932,26.862524252749935,18.499999999999996
7.954646094098468,26.860653161096817,18.5
6.5913386987188725,26.63521153727391,18.5
9.059699945972794,25.075498444380898,18.499999999999996
9.06406868997626,24.735467902556344,18.5
8.235466138964092,26.526279557758787,18.500000000000004
11.81446159435195,23.06719084500766,18.5
12.630968145374302,22.39353288819569,18.041536198773116
12.360715308919035,23.06877843792561,18.499999999999996
12.35865613734062,22.948821702249393,18.040764944215628
12.089431666684028,23.860008657241572,18.04256943354273
12.354566322755854,22.62034836356421,17.582574606139236
10.714777296945961,23.84361078728481,18.5
10.983242131891922,24.29056961400037,18.5
10.984025174828933,23.842221608106904,18.5
12.356078721425623,23.95682095493342,17.567344331848407
11.534126872325116,24.51285428440623,17.575626216337827
10.164492721978647,24.40128357180439,18.5
9.066784871483526,23.61957287495244,18.5
9.89020440792297,23.62129643454255,18.5
9.339949059145823,23.398029495196795,18.5
10.435399029989972,23.284740735623956,18.5
9.890298900990812,23.398355349833295,18.500000000000004
10.438140247975307,23.17384348740543,18.5
12.079899787034153,21.826859177694512,16.65894393541746
12.632563799697397,22.502615752213835,17.57604254493446
12.90445788,21.49400622842355,18.5
12.632696586742616,22.393850424310912,18.039248051226338
12.90445788,22.840264090274697,17.116421609238845
12.35787915244218,23.732146863824934,18.037951334446873
9.07130848085274,22.837718241606197,18.5
8.794495640404143,22.503499536645208,18.500000000000004
7.969032199771554,22.94994054886728,18.5
9.337183477735062,23.282086456792605,18.5
9.066569364674056,23.171754122419383,18.499999999999996
8.508167265199965,22.686737300882626,18.499999999999996
10.161972855270097,22.72297850254231,18.5
9.891536697525478,23.062824346936026,18.500000000000004
9.891899797359159,22.94908077801151,18.499999999999996
9.894576018638077,22.94925661534197,18.5
9.891910470828314,22.61261515828503,18.5
11.261640599643378,23.39611419947807,17.577545167821143
10.985627075671939,18.031796052058386,18.5
12.358921117483286,21.609244499927264,17.576403610846384
11.804141480815593,20.2568622215014,18.041001332785314
12.904457880000002,20.038395927091123,18.040307617725063
12.357286882255126,20.148148259393153,18.5
12.086593334490862,20.594374944893115,18.037528514306153
11.807782299853992,20.940763712921544,16.18283520165412
10.716096434796864,18.701454834995296,18.500000000000004
11.804591371604221,21.610485957220288,17.112843710609702
10.445778417806295,20.596795515035954,17.11364203770613
8.256127255587803,19.213732368671852,18.5
9.339321226751002,18.813360648529706,18.500000000000004
9.05807952148664,19.825846651358003,18.035527986549422
9.068946148778679,19.483648067278878,18.038566564175476
9.60520028633033,22.720648131628582,18.039180122423872
9.060652895844623,19.5993681217386,17.572795772206838
7.415215829600301,18.924843922963877,18.5
7.687485157281128,19.594971945943147,18.5
11.260891199378019,19.370061321321,18.5
12.08784576800235,18.59691471673428,18.5
12.632165009831873,19.03802864285037,18.499999999999996
12.35628161701514,19.370502498523823,18.039616901722074
12.904457879999999,19.476577664525614,17.586337304822777
12.362187413599973,18.924913352605493,18.043882269362914
11.256006199347112,20.266682509171893,17.569607673888218
11.255276055850759,21.157532890187845,17.578761191996698
11.533621902635515,21.04486989242343,17.117715328412544
11.534723009118045,20.48776313306969,18.03555618968134
10.979464302204168,21.82519706381751,17.109238522834943
11.533212775316652,21.27958555241344,16.644967501218545
8.514161353008769,18.92544765931463,17.11311471496683
9.061891547594035,18.587262358267935,18.5
9.34057068814866,20.713406344227753,16.650615837526754
6.038278748632701,18.143484328084156,18.5
7.966971702048227,20.60507532423079,17.572247306403614
7.152754995881044,18.700432771077637,18.500000000000004
11.538637128251832,18.592624417054232,18.500000000000004
10.982074395540478,18.366471700373467,18.500000000000004
12.904457880000002,19.581846435999385,18.044037863783775
11.534910849668423,19.70280188914385,17.11933937260368
11.539841813426829,19.369468941339157,18.03852391520411
11.809260700498628,19.034421421856283,18.500000000000004
5.776766081569271,17.136749372229204,18.5
10.704766798571244,21.38395188987276,14.339991256029123
8.515857751330511,18.689719507574114,17.12296277801708
10.98298185829762,20.59899365547815,14.339273954216239
7.138832495983349,17.808109979633073,18.035975142055488
9.327144294486324,18.80755205875669,17.11682148291296
7.136649165343183,17.917568506007733,18.5
9.884666035094254,18.25349796206384,18.500000000000004
6.598121245765456,17.47240679575812,18.5
6.324286706076018,17.584047570879456,18.5
9.062778931744297,18.03431290055371,18.5
7.693419477722375,17.584550066185752,18.5
6.046816375947537,16.91284029092527,18.5
8.236298847331186,18.366354192892906,18.5
6.322270050081791,17.920800162022587,18.500000000000004
5.495413325525223,17.13790874106153,18.499999999999996
5.220057169436205,17.24911103807339,18.5
5.221277329074455,17.251404322377343,18.5
6.59600312160685,16.80089239803237,18.500000000000004
9.339287757090302,19.59988881853128,16.182147003312064
8.230787960447717,18.346504441359297,17.129588891022355
7.729660089738165,18.35336582676061,17.209618717103986
7.955214856125812,18.238187865010744,17.128377895814555
7.149496860734868,16.69080327,18.5
10.161031248739512,20.37539401957593,15.264743864920197
12.630713387037218,21.607709032485598,13.412237793258598
11.261568925906886,20.384355639398482,15.719384687597561
10.436763397407205,20.604750711299364,15.260103157230079
10.434991637045036,20.599527366749722,14.803535245599308
12.358196024085304,21.50225141734746,12.943632158938879
5.500992096462859,18.031820230544646,18.5
7.691236062225642,18.25519109027332,18.5
5.771011993059255,18.14214730333549,18.5
7.687876269875266,18.36695277687671,18.499999999999996
7.414863162015655,18.47817435940536,18.5
5.7695484948159415,17.80774311207137,18.5
9.886962552293747,19.261470738571024,18.5
8.239738678593008,19.261375246391058,18.5
9.347725338310003,19.808381703315604,17.582326134811723
8.78124731787998,18.8100056662356,18.04024272520571
7.420889184549702,18.254152197232003,18.499999999999996
8.791633468461761,17.69553456560272,18.5
9.895773353960994,19.59942278484111,17.571935353038832
12.082359222930885,21.389526543519338,16.64589098881082
10.985478490919583,20.605604618198928,17.110683689990992
10.71015634064348,20.376180755638106,16.190841335415293
12.083098291729835,20.943123892556443,16.642868336909604
11.5311765153429,22.393233943825464,15.724861208912854
9.88447670488109,21.714527109563377,18.5
10.70469326814541,20.82297274901715,18.5
9.339081068387015,19.709992028295037,18.499999999999996
5.770806607704463,18.36997021714202,18.499999999999996
5.494403722785367,19.709128261180584,18.5
4.67317688859241,18.588125244038118,18.500000000000004
10.43290279369112,21.381766537338745,18.5
10.432340897205435,21.605980350759367,18.5
9.34214245611001,20.263387359050867,18.5
10.429740381648092,21.270625277650538,18.499999999999996
8.520917634238288,19.147921949302184,18.5
8.51816481420542,19.818270239071865,18.500000000000004
11.807869507393965,19.37069061488618,18.5
11.259362733909613,20.605900722095136,18.5
8.51794310760831,20.71278602299507,18.037886878883732
10.715027034686102,20.498380452689762,18.5
12.356242541119823,22.72582223987111,18.5
9.608394327236702,20.37672861280189,18.5
9.056789097279411,22.836652314122563,18.5
10.163295200265301,22.612706512854974,18.5
9.073113632030495,22.61585954500766,18.5
10.443786616132027,23.28544965216828,18.5
10.16810454044978,23.395881184317787,18.5
10.163976606754018,23.733182449324694,18.5
9.063911821326474,22.94942899361276,18.5
9.611235687588346,22.950686423535416,18.499999999999996
10.159933092474335,22.950339751994623,18.5
10.161552181485408,23.064179639049538,18.5
10.16277072888303,22.730387729580645,18.5
7.689045376120674,22.61228130243469,18.500000000000004
12.629261524475428,22.60733168136698,17.118936308216647
12.081589729391903,23.286918345448388,15.721560011649457
12.355931665086638,20.598270931436183,18.0396355661529
11.805839918925912,22.1760978331826,17.576232555578244
12.078652579406487,24.511329449894788,16.653647611288406
12.63179500580975,23.73350173874819,17.10520357155233
8.79200748109996,23.17525135582317,18.500000000000004
10.163677071529474,23.173763735589592,18.5
9.889121394933976,23.397452076457387,18.5
9.885833192563261,22.949871854486954,18.5
9.619184290444634,23.510020604103225,18.5
10.442305742223146,23.39790911352507,18.500000000000004
8.803863050218226,23.50635594262009,18.5
9.888774703927723,22.727180972541603,18.499999999999996
10.44676315997546,23.618192522684364,18.5
9.341588114978311,23.507072641932645,18.5
10.713613390737358,23.059779412308853,18.500000000000004
9.612683439557243,23.507519995525204,18.5
12.631292241165156,24.850383083828085,16.6513936349739
12.632262553808053,24.40870929497102,17.111265049411422
12.359447973871243,23.973180498770922,17.573844395328035
12.630776253459747,25.633882200172348,15.720936968407424
12.085201345414315,24.17904609285437,16.18233984586591
12.633073608127159,24.631768460201894,16.65053547043169
7.135591062849013,26.41450069354922,18.5
7.967023625533661,25.965494697052968,18.5
7.690239560714688,26.079283263791893,18.5
8.23586757296588,27.084126340102888,18.499999999999996
7.145049520525304,26.638377383933005,18.5
7.9584858040949245,27.081606346717525,18.5
7.9644129853080265,26.191013374004925,18.5
7.412866876407046,26.85969126175045,18.500000000000004
7.478821513909649,27.102791009921024,18.5
7.411661343239431,26.7482607774342,18.5
7.414306910812683,26.859896628980124,18.5
6.59300636440586,26.750554752836063,18.5
10.437446526423681,22.95050030458461,18.5
9.334543772443137,25.742078271407184,18.5
11.816828424456235,25.741433415810754,17.572842143436045
12.632407207212687,26.514017663812822,16.205276839072017
10.716858566890984,27.08008740752283,17.11324224797934
11.808151150068113,23.731407357175108,18.036226181237648
6.3223456903773965,27.30878938356125,18.500000000000004
7.686410602653176,27.41820391875479,18.5
6.589301094676866,27.08279615992607,18.5
7.1416032564256,27.084591058767657,18.5
5.77928613349421,27.421103363180116,18.5
7.140936677115167,27.307113806719457,18.499999999999996
8.240935557757954,27.5306603453953,18.5
7.1413280148451115,26.86017575936537,18.5
7.964409385884139,27.195280567652244,18.5
7.694411976921428,27.194441089626405,18.5
6.877868233922706,26.97277509792715,18.5
7.967397240591444,27.306018000668825,18.5
9.33464914443941,27.53068821288904,18.5
9.888101539314668,27.64292710828284,18.499999999999996
11.265394430947927,27.984689466451727,18.043352424868218
9.06315615991207,27.3106112814217,18.5
10.983427958370171,27.978476813046626,18.039175187257314
11.807864471838963,28.203857304025963,18.04112419982803
6.312949162743532,28.65021762780662,18.5
6.02602730613786,28.324016506949384,18.5
6.8587798602567815,28.7633188337422,18.5
6.856378153913562,28.538867423051002,18.5
6.182585831438526,28.473547192242226,18.5
6.032015231592482,28.8751347566811,18.5
6.30640983140188,28.54210395938792,18.5
6.312549869509207,28.20312340385608,18.5
6.858050544839941,27.868206270683284,18.5
6.8474913617409925,28.87524910549437,18.499999999999996
6.037657220811272,27.97894415373042,18.5
7.127014402240487,28.539423631284684,18.5
9.081657151351587,28.539905295326495,18.5
7.687070341862193,27.86695105097933,18.5
9.062710681259187,27.866094764422783,18.500000000000004
9.627001774212157,28.540653364444328,18.500000000000004
10.158041651503032,27.866369170782974,18.499999999999996
8.791156417975316,28.198421397125024,18.499999999999996
