7.974261159023494,28.897899946991124,11.099999999999998
7.302901015735053,28.897941465166586,11.1
11.264331902748758,28.45805378247829,11.1
10.312562996059471,28.775762579012017,11.100000000000001
9.53222210060668,29.043953797667356,11.099999999999996
9.215669014266808,29.120985492896075,11.1
6.826713064467086,28.171513640495167,11.1
5.80480032102498,29.006110192907997,11.1
6.8053660463243135,27.86997340988667,11.099999999999998
6.589725281183552,28.16256408571178,11.1
6.03915136651717,28.912610761968025,11.100000000000001
7.579778109891822,27.976611942533324,11.100000000000001
4.397068573533776,28.620989171086734,11.099999999999998
4.125377900000001,27.939092749958736,11.1
4.430352922934992,28.248117441005164,11.1
4.290307933924899,28.595501729837444,11.100000000000001
5.0028614234288495,28.354266708177484,11.100000000000001
4.1253779,28.026157878301362,11.099999999999998
12.340539848351485,27.93673481134405,11.1
10.678476751706397,28.599618412608063,11.100000000000001
12.46122814743573,27.514175575364227,11.1
11.69255448832178,27.398829776872113,11.100000000000001
12.331162757598777,27.859269928511164,11.099999999999998
11.93575094740081,28.14081107634443,11.100000000000001
8.343182479358385,27.350106331472425,11.100000000000003
6.598682382655416,28.01580256827313,11.100000000000001
8.51491789,27.21085599318161,11.099999999999998
7.533334172774665,26.082004535311675,11.099999999999998
7.947155341097763,27.99917817064258,11.099999999999998
7.274565961475824,26.14608442689724,11.1
4.790425263195941,27.96488216371605,11.100000000000001
4.125377900000001,27.967464284570223,11.100000000000001
5.986576832240289,26.70541275361758,11.099999999999998
6.329881018249673,26.792892764028398,11.099999999999998
5.391212273628412,26.53129022386725,11.100000000000001
4.857878063138376,27.221700245582284,11.099999999999998
6.899751735924153,25.04386641160385,11.1
8.590214298004788,25.339944596678716,11.100000000000001
6.368533577460523,24.842929188486107,11.099999999999998
7.464617328867203,24.9287785196939,11.099999999999998
9.14549219703995,24.627511917805382,11.1
7.821429100119732,25.075357276389372,11.099999999999998
8.223828985679651,27.63204092390622,11.100000000000001
8.13735713899673,26.040023593646,11.100000000000001
8.344182960935065,26.140376147872562,11.1
8.514917890000001,26.092956131037806,11.100000000000001
6.780442425055745,23.381625655507293,11.1
6.794315656119736,23.716866729236767,11.1
5.903806309448185,25.946092334791008,11.099999999999996
5.578950079736066,24.322662447259933,11.1
5.720627546238559,25.91487790066606,11.1
5.480175474014673,26.6410396143727,11.100000000000001
5.418373619710878,25.453243594345455,11.100000000000001
5.422620642983677,26.85799079010951,11.1
9.43472899057534,23.209117608850956,11.100000000000001
7.779274041771399,24.12327290576141,11.100000000000001
6.965275092382913,23.90393171617895,11.099999999999998
9.373088785565272,23.771313917729408,11.100000000000001
10.027094548102891,23.922612301234963,11.099999999999998
7.8544712647380335,23.8523074682611,11.099999999999998
5.864699965224215,24.159003203331217,11.1
7.481086104208284,22.7166330561513,11.1
6.259604703090542,23.33393480641828,11.099999999999998
6.163585155074364,24.738704840409277,11.100000000000001
5.775342722496413,24.702876975123058,11.1
6.359086197244048,24.629610183349897,11.100000000000001
6.189606964971867,22.441916094588628,11.099999999999996
5.886639272964169,24.09586694014429,11.1
4.972459200965388,22.746236992032266,11.100000000000001
5.867762492381921,25.3830464609145,11.1
5.155285947656104,23.753090925905063,11.1
5.916128492192174,23.07358995266151,11.1
8.350917546264515,21.259082684287225,11.100000000000001
10.938238124972552,21.391031348107827,11.1
11.948334075097387,21.647220933695756,11.099999999999998
10.41974328764418,22.037971879603848,11.1
10.658300562911771,21.940571419886925,11.100000000000001
9.552266470394649,21.661439953872797,11.100000000000001
6.739438252587609,20.012107885713444,11.1
7.519960350266077,20.805475953983365,11.1
7.85097051683646,21.27584132354026,11.1
7.335080648295646,20.92863770429338,11.100000000000001
7.494599770278804,21.079698120423245,11.100000000000001
6.981213582703863,21.912611876204256,11.100000000000001
6.16242454118813,22.025885843530464,11.1
5.231730926828227,21.82842625583233,11.1
4.544871231595024,21.863134460426995,11.099999999999998
5.720572404189361,20.99533466075063,11.1
5.306366640703328,21.202876765352855,11.100000000000003
5.56215041125632,21.69794109743087,11.100000000000001
9.473117661982517,19.75365940379718,11.1
9.648550558839068,19.346013054545004,11.099999999999998
7.5738383336789274,19.47472704719441,11.099999999999996
5.698717703611848,18.944619042091496,11.100000000000001
8.174458153509356,20.267011485000005,11.100000000000003
9.159762371176223,20.35895037083186,11.099999999999998
7.798850196275703,20.67546719197631,11.100000000000003
7.2733087281837525,22.209442666315788,11.100000000000001
7.762509503737443,20.695821204600747,11.100000000000001
7.805707855028524,20.228695245760264,11.1
6.60907856747597,20.458342279523542,11.1
7.583668782722999,20.80702044879854,11.1
6.479840062028888,20.64335223860385,11.100000000000001
5.350266040167666,19.945008149478582,11.100000000000001
5.62827329545957,20.632143292852135,11.100000000000001
5.297583736038698,20.124397254875248,11.099999999999998
5.7622381340123665,20.76100849270616,11.100000000000003
4.710238031167515,20.662532580924157,11.099999999999998
9.812533664633383,17.304331159637254,11.1
9.542184923473366,17.796388451118105,11.1
10.881535167617255,17.620174103098243,11.1
11.27430756726193,17.585718486717354,11.099999999999998
10.050819963267378,17.76354331860656,11.099999999999998
9.10894897079981,17.703864443116423,11.099999999999998
8.434554362855197,17.83245185910984,11.1
8.04056296223054,17.861432470943015,11.1
8.815207942062257,17.09364976766014,11.100000000000001
8.4505884514564,17.79004011470126,11.099999999999998
7.314465674634365,19.135903052443638,11.099999999999998
8.687384751156259,17.977112161059875,11.100000000000001
8.102322555089762,18.590972528722865,11.100000000000001
8.828874002531967,18.295114531714972,11.100000000000001
9.965621417767188,18.25681699081305,11.100000000000001
9.504001885665133,18.39475861899634,11.099999999999998
9.765631835859725,18.284723235914534,11.099999999999998
7.432053617760889,19.013759328421443,11.100000000000001
10.200301063315331,16.846149205505462,11.099999999999998
10.276908438193514,16.769880433025765,11.100000000000001
9.641000105488141,16.968060548268912,11.100000000000001
9.868296098219204,16.967545427029165,11.099999999999998
10.276858332559485,17.244886573051893,11.099999999999998
10.578931538520907,17.174808048702538,11.099999999999996
7.25845182446672,17.222432024434962,11.1
7.507517136949065,17.147141945473358,11.100000000000001
7.553970444588307,17.138295676163033,11.099999999999998
7.404318061214379,17.274678068951445,11.1
8.072044628449996,17.59018848237496,11.100000000000001
7.6992054981915965,17.36879512428764,11.099999999999998
10.167396786467224,17.42065700356768,11.100000000000001
8.866436356725512,17.45750574349536,11.099999999999998
9.412438190223112,17.320134562146237,11.099999999999998
9.841967066865752,17.363521751602793,11.100000000000001
10.396499265707833,17.159290016623547,11.1
9.58456849862675,17.074479600973856,11.1
7.419343819177093,16.690803270000004,11.1
8.251009893189819,16.782194937036557,11.1
7.085993440771834,16.69080327,11.099999999999996
8.63423497892984,16.69080327,11.100000000000001
7.489620377766726,16.690803270000004,11.100000000000003
7.259659369975446,16.69080327,11.1
10.690251699639845,16.775863614226576,11.1
8.708523511364357,16.69080327,11.099999999999998
9.26930981478881,16.690803269999996,11.1
9.973690066868842,16.69080327,11.1
10.864270580817205,17.03762958314178,11.100000000000001
10.654813698848377,16.987041893434355,11.1
12.904457880000002,18.097604059425972,11.100000000000001
12.904457880000004,18.346270580856658,11.100000000000001
12.7181477189946,17.69042063107402,11.1
12.279597809790161,17.55804232515795,11.1
12.904457880000002,17.780135956276375,11.099999999999998
12.552947998742182,17.647153951730676,11.099999999999998
8.721229189638496,18.272313695425893,11.1
8.31408518967348,17.384295243796124,11.1
8.285875863613347,17.358229512167973,11.1
9.57900492987634,18.697589570887832,11.1
8.966628078433736,18.74792304758307,11.100000000000001
9.011750512732347,17.720218235627605,11.1
10.880488567955966,16.69080327,11.1
11.726657765042543,17.070157823214164,11.099999999999998
11.497082339858464,16.992661510849917,11.1
11.609629353010126,16.954356509964608,11.099999999999996
9.59457027138783,16.90823280970894,11.1
10.154469706044143,17.76047730479361,11.1
12.732028372324612,17.440715537202045,11.100000000000001
12.703993150155995,17.961540773466442,11.100000000000003
12.715899396829354,17.488833341097713,11.100000000000001
12.713705378323699,17.64191250514766,11.099999999999998
12.730233409347575,17.5456762038118,11.100000000000001
12.727124620892221,17.588406089021607,11.100000000000001
6.910182775168752,22.50262020347129,11.099999999999998
5.594540954734803,21.345563803713787,11.100000000000001
6.5327657509572,21.480063231708037,11.100000000000001
6.217285583572805,21.729375887513786,11.1
6.451946064765618,21.922788651217328,11.1
6.723156271262079,21.82257096325033,11.100000000000001
10.602394548588641,19.270482833460452,11.099999999999998
9.173080757708526,18.363619988289912,11.100000000000001
11.466627907102868,19.084581018686556,11.099999999999998
10.85183077739031,18.31698929754774,11.099999999999998
11.374794205853071,17.825621069949513,11.099999999999998
12.448225481448157,18.54906571531071,11.100000000000001
12.90445788,18.707463434573583,11.100000000000001
12.904457879999999,19.11444282426504,11.1
12.904457879999999,18.35606777898625,11.099999999999998
12.904457880000006,18.51251633577042,11.100000000000001
12.90445788,18.64359012945756,11.099999999999998
12.90445788,18.73707173189725,11.100000000000001
9.373216772523751,21.410088611173215,11.099999999999996
8.556961276720534,20.53594807176441,11.100000000000001
6.87264857723317,20.565141209699906,11.099999999999998
8.816176324388262,20.725489753698408,11.1
7.525584609875822,20.35562175829714,11.099999999999998
8.803573118463321,21.072117108103093,11.099999999999998
9.038154582408541,23.39496719596633,11.1
9.997014434543036,22.6542688177889,11.099999999999998
11.640208790415357,23.733731382361057,11.1
11.17198050509288,23.617685747935624,11.1
9.865954328208616,23.19514612298858,11.1
9.854126471983228,22.783890808807868,11.100000000000001
12.90445788,20.275159502860355,11.099999999999998
12.904457880000002,20.209706422800217,11.1
12.904457879999999,20.35367470026871,11.099999999999996
12.904457880000002,19.982137823660576,11.100000000000001
12.90445788,21.60097414536612,11.100000000000001
12.904457879999999,21.757751515013894,11.099999999999998
6.659606342259108,23.463861664475935,11.100000000000001
8.487568248546593,24.048519059203436,11.100000000000003
11.099912366711145,25.89332128248375,11.099999999999996
8.851137762088072,24.365235158279397,11.100000000000001
7.650673675011811,25.578006738411446,11.1
8.076393165565143,24.31123122637284,11.099999999999998
9.620663988955164,23.749525821848938,11.099999999999998
9.408584389257443,23.569337187493534,11.099999999999998
11.640816993613555,23.441736594887672,11.100000000000001
10.845169537385289,24.49960931806002,11.1
11.436910592365933,23.848719938427866,11.100000000000001
11.604569197677353,23.943693831843657,11.099999999999998
12.904457879999999,22.907284283032055,11.100000000000001
12.90445788,23.32250612998359,11.100000000000001
12.904457879999999,22.544325178332343,11.099999999999998
12.904457880000002,23.985314820010615,11.100000000000001
12.90445788,23.99012812951617,11.100000000000001
12.90445788,22.780287242593786,11.099999999999998
8.485959739867866,26.068235868646244,11.1
9.507845708053244,27.174902158408713,11.100000000000001
6.8183623207441,26.062422825127904,11.1
5.918220790765119,24.89527034980212,11.1
7.311623568761947,25.977644283612037,11.1
6.989773324870245,25.239427766032474,11.100000000000003
9.781394558484246,24.510595553250077,11.100000000000001
11.926089695318257,24.924704577614282,11.100000000000001
8.841409897194955,24.815104824510396,11.099999999999998
10.515969668117089,26.85513438188928,11.1
9.592837636182548,23.743264298457735,11.1
9.970128099148194,23.406284385709814,11.1
12.904457879999999,23.037000614230852,11.099999999999998
12.90445788,23.541396400101217,11.100000000000001
12.90445788,25.191702449492052,11.1
12.904457879999995,23.944862797615826,11.099999999999998
12.646955369882654,25.901834832240578,11.100000000000001
12.90445788,26.24938078812665,11.1
7.42221623960356,27.163462672451885,11.100000000000001
5.947764266576909,27.09781427548978,11.100000000000001
6.408292821135145,27.24338667005392,11.1
6.40135753853679,27.327594060328053,11.100000000000001
7.136651587319148,27.336331576482326,11.100000000000003
7.238991198416496,27.239197459516753,11.100000000000001
6.766650517454913,27.399917668045514,11.1
9.494827044508044,27.719268203482823,11.099999999999998
7.930710715340591,26.85574846880876,11.100000000000003
10.355260292093476,27.9593948714951,11.099999999999996
9.921129746293438,28.114235116488537,11.100000000000001
7.672558379200156,27.299408805003125,11.099999999999998
12.509607828472976,27.432750457236637,13.894460700789914
11.667754221861953,27.746253121967776,11.1
12.90445788,27.784746518677476,12.502385759001848
12.90445788,28.098972789303748,13.249934136184986
12.69187997921439,27.352039354583237,12.958424363563566
12.583659676492918,27.912537604754707,11.372690727184146
6.503966030994438,28.47672225033623,11.1
6.439891238928668,29.019145927554394,11.1
6.745758965169453,29.034952199131286,11.1
7.280802193721122,28.04852425536594,11.1
6.664287015764575,28.813772177890424,11.100000000000001
7.393404860205866,28.338113095723124,11.100000000000001
9.265743222505565,28.975134746945315,11.100000000000001
8.599219975026772,28.84090380430988,11.100000000000001
10.452515929093334,28.775934308894037,11.100000000000001
10.340840567399384,28.490363699834564,11.099999999999998
9.849359824062855,28.75836048209108,11.1
8.2026879140167,28.7767638694918,11.1
12.904457880000002,28.192111390642832,13.077355794130197
12.904457880000002,27.683116689204812,14.983711470779873
12.90445788,28.29434702798731,15.523700619471292
12.90445788,27.91825233980294,13.150125288494298
12.904457880000002,28.345640035987405,13.000429027560246
12.904457880000002,27.454406102935184,13.697518139301236
10.145252202686729,28.389399910203984,18.5
8.01875569829765,28.977792915761622,18.5
9.400267751709329,29.061659578329216,18.5
6.813150785415017,28.90749717940109,18.499999999999996
9.493523770120081,29.031269393975048,18.499999999999996
8.072091518013846,29.124942758020957,18.5
6.729727283825793,28.82583612310768,18.5
6.51503406037386,28.92424736712706,18.499999999999996
6.704821578287943,28.796434932294986,18.5
6.266739565875786,29.207532020000002,18.5
6.719453959401765,28.813098749590065,18.5
6.43195466216097,29.00430425925488,18.5
5.0618333503661,26.68163913000369,18.500000000000004
4.518195361388795,27.972788290763866,18.5
4.622585452525433,27.650914643077414,18.5
4.73830597031673,28.015233030194,18.500000000000004
5.375997194462706,27.608989537913924,18.5
5.452016919912589,27.083620329105884,18.5
9.830937472959167,26.212885489000286,18.499999999999996
9.709921647902998,27.317291405599434,18.5
8.194192585770747,27.06276210034037,18.500000000000004
10.234831807930751,27.051790788867855,18.499999999999996
10.129002269447835,27.004868177563363,18.499999999999996
11.371029395639635,27.017924671064424,18.499999999999996
6.290810604434197,28.38357011910823,18.5
6.402004455163479,26.401123753279133,18.499999999999996
6.0225950025867165,27.089280381121466,18.5
6.111867733670663,27.73777421451297,18.5
6.465147160122604,27.631009124243935,18.5
6.307580381182824,27.46189715252116,18.5
5.02075479294208,25.507978059467597,18.5
4.828972585319041,25.374941730028535,18.5
4.686748129918558,25.333767888463505,18.5
4.8510247666423005,25.427843404661903,18.499999999999996
5.079313322274682,26.143417024593337,18.5
5.9139594032354355,26.19832420737426,18.499999999999996
10.86665648668348,24.48850163966912,18.5
10.663836374749255,23.739716932405695,18.5
9.790512453928764,23.71474229645148,18.499999999999996
8.171984259286509,24.879487024576513,18.5
9.656752026107883,24.100702952069494,18.499999999999996
9.743492815214214,23.94709161313186,18.499999999999996
7.659655119032846,26.317970991820673,18.5
5.78474597633642,27.330476596295153,18.5
6.927860176322025,27.13244461456284,18.500000000000004
6.593056414754319,27.163731237864503,18.500000000000004
7.064010392630667,26.82224274738359,18.500000000000004
7.284053075015938,26.604728160150476,18.5
6.71179324599505,24.662204365563042,18.5
5.27105264896319,25.04200257123113,18.500000000000004
5.810953248824514,24.453442030942135,18.5
4.4136657320556,25.786261797714396,18.5
6.514450694072512,23.85953385065372,18.499999999999996
5.360472158978598,24.577606011497867,18.5
9.234056813855666,22.985894103595726,18.500000000000007
10.407209290637338,24.712741092718627,18.5
10.2757274585802,24.659704699408703,18.500000000000004
5.50073896739765,23.029105450007048,18.5
7.258542279125406,24.18976329105875,18.500000000000004
8.849209366794769,23.501327366467454,18.5
7.448422428972064,25.361079936427586,18.500000000000004
8.072341953692712,24.656956959134423,18.5
7.36108780790656,25.664095968029304,18.5
7.76970318128607,25.456724513574958,18.5
7.561992243611792,25.06722937535853,18.500000000000004
7.182792145011932,25.75457626077811,18.5
6.02101009344513,22.527700173551644,18.5
6.419925401086805,23.54600263218994,18.499999999999993
6.513099135148979,23.512980357396998,18.500000000000007
7.24425934975769,23.078884630369235,18.500000000000004
5.715949532149851,23.73401344519554,18.5
6.223673615364038,23.48193422923969,18.5
7.718943520190912,23.24527057934877,18.499999999999996
9.175720512379517,24.16447236303357,18.5
7.981934315335716,22.79143575395195,18.499999999999993
7.328146879185395,20.668777552778153,18.500000000000004
8.787035206847339,22.9458797032476,18.5
6.556431117872236,22.843298536003356,18.5
8.258899029562073,23.54965420218351,18.5
8.400614824339005,24.556034201727726,18.5
8.111584963019563,24.942411391479908,18.500000000000007
8.154295596810707,24.657978818094282,18.499999999999996
8.068962317447038,24.547770869300837,18.5
8.346340403823403,25.100088428732025,18.5
5.478062980636726,21.25244414405464,18.5
7.82152613573084,20.90491554893449,18.499999999999996
6.14484700662137,22.213176324342818,18.5
6.468782810700843,22.183942140139198,18.500000000000004
6.208738921709609,21.31546585929102,18.500000000000004
7.380871593473568,22.25753390818193,18.5
11.252623241370403,18.588799025358043,18.499999999999996
9.978994462753887,19.83836540740681,18.499999999999996
9.574350572155065,20.670511445860292,18.500000000000004
11.081715092330011,20.815974850796337,18.5
11.561369088041412,20.459490989862086,18.5
11.41883549368271,20.80005464750329,18.500000000000004
8.036953120359072,22.21811685630784,18.499999999999996
7.453224682035516,22.297601325560255,18.499999999999996
8.075924211705637,24.063184109423837,18.5
7.206424300877601,22.656189665253713,18.500000000000004
7.009201055286968,22.312078309870724,18.499999999999996
8.246212581195214,22.540189949891996,18.499999999999996
6.526292060789219,19.155854670367546,18.5
6.305481282545581,18.73804076728992,18.500000000000004
6.424842822087388,21.388277018530452,18.5
5.562735277970246,19.7830274298412,18.5
5.278966754001207,19.21695344544334,18.5
5.451529853869558,19.81045488331365,18.5
9.979554656692235,18.67716027050464,18.500000000000004
9.98473465674419,17.764365069589065,18.5
10.193266880773846,17.67296820620458,18.5
11.310893790093662,17.7225161212323,18.499999999999996
10.15642578147645,17.507881209720434,18.5
10.586335575054147,17.755332565148404,18.5
4.954955785706684,18.09767340824316,18.5
4.346883146235626,17.920824666130297,18.5
6.061114115721615,19.083789377316148,18.500000000000004
5.055402462811125,18.035927867154165,18.5
5.803360523484805,18.833583221581026,18.499999999999996
5.526848806851083,18.750013410884012,18.5
7.11714368342455,19.584511796677507,18.500000000000004
7.457773660755284,19.717753643852152,18.499999999999996
5.810191161423829,18.544664800062097,18.500000000000004
6.236705223375946,19.116815102628287,18.5
6.0729067857560874,18.328761325928138,18.500000000000007
6.072033756411035,18.32839114245065,18.5
9.215104421791642,17.143026448582113,18.5
10.731677032782462,17.49529943050698,18.5
8.5570523303347,16.899084845194974,18.5
10.420436287981826,17.424731648465556,18.5
9.155453162027804,16.95154912294268,18.5
9.327346155548135,17.605208085239077,18.500000000000004
7.253974146083813,16.690803270000004,18.500000000000007
6.871796811311919,16.808629538914875,18.5
6.994260261399165,16.69080327,18.5
6.935833637915752,16.739261790051003,18.500000000000004
6.545602569012838,16.761388140905975,18.500000000000004
7.074843678668428,16.690803270000004,18.500000000000004
5.520669993056571,17.442643325974927,18.499999999999996
6.460157886072662,17.66313334325319,18.5
9.136180896083337,18.69676451541068,18.5
5.470073029108167,17.28643951939775,18.500000000000004
7.890714854736325,17.387987435002085,18.499999999999996
5.181625341721926,16.955913116587695,18.500000000000004
6.756209729000793,16.81614384391628,18.499999999999996
6.379874596570766,16.901847177766193,18.5
6.823212007665566,17.422687429054342,18.5
6.72833602317185,17.305411083731258,18.5
8.955436151593608,17.00052870316256,18.5
8.693744207317659,17.654578224630743,18.499999999999996
8.000463443906172,17.047577819008897,18.500000000000004
9.339785029974308,17.101383341368482,18.5
8.13344372985642,16.865432278614882,18.5
9.197657152114664,16.974441034479412,18.499999999999996
12.395075594577051,17.978686490120467,18.5
10.137212703275392,17.15440773740299,18.499999999999996
12.904457880000002,18.784562322375596,18.5
12.904457880000004,18.784311698246434,18.5
12.90445788,18.761424831009766,18.500000000000004
12.904457879999999,18.525621590326367,18.5
12.904457880000002,18.319715756610787,18.500000000000004
12.55163316081883,19.169806973132538,18.5
8.573685506791213,17.734351356648773,18.5
9.347144798059341,17.716011726806947,18.499999999999996
8.018283262121502,17.946839756294803,18.5
6.634626241539336,17.943688876879268,18.5
6.262713570999303,17.73828071093228,18.499999999999996
7.919572295963694,17.185912911457418,18.5
12.294287553432438,18.995438723766064,18.5
11.312040766081273,17.411988327392187,18.5
12.380881197926747,18.07885668661218,18.500000000000004
9.658495641836025,18.289482848030705,18.5
12.493779716882628,18.328246929028523,18.5
11.441121458342513,17.575897335670145,18.499999999999996
12.90445788,19.723053849056992,18.5
12.904457880000002,18.65953598483477,18.499999999999993
12.90445788,19.399571294024636,18.500000000000004
12.90445788,18.736257493099522,18.500000000000004
12.90445788,18.469496512088053,18.500000000000004
12.904457879999999,18.67260596918332,18.5
9.239642743310062,17.96139932695223,18.5
7.273554849421438,17.575246155658107,18.500000000000007
11.007822577146612,18.770180758561878,18.5
8.04818932763028,17.584058298080574,18.5
6.513945040105441,17.279932898663535,18.500000000000004
9.102199073578257,17.974679575227142,18.5
10.224307584379737,20.945986609076293,18.500000000000007
8.856267349550391,21.375424289971107,18.500000000000004
9.95257247134791,21.108932358097587,18.500000000000004
8.872414845972912,20.814486817546186,18.5
8.998762440671387,21.64630826553114,18.500000000000004
11.615339161849615,22.130465772944255,18.5
12.90445788,18.696533017226493,18.5
12.904457879999999,18.32624032385347,18.5
12.904457880000002,18.74104403437362,18.500000000000004
12.90445788,18.531892029983037,18.5
12.904457879999999,18.668486491605506,18.500000000000004
12.90445788,18.386372854741445,18.499999999999996
6.974142456325123,22.853793038329616,18.500000000000004
8.901660209183259,23.708914610696848,18.5
7.027350316870933,22.59867583084279,18.499999999999993
8.083269513512858,22.85119263970818,18.5
5.947703856613394,22.097362152717636,18.500000000000004
7.4808622509814695,22.12229463868835,18.5
9.906700394787174,22.466305981125693,18.5
11.071341419477141,19.886977875596013,18.5
10.824755563405546,21.516411579586403,18.500000000000004
9.500596457097023,22.591590102260078,18.5
10.881755358232354,21.260771375274597,18.5
8.546975338422467,22.169995482582113,18.500000000000004
12.202853032474644,19.67315842993523,18.499999999999996
12.904457880000002,19.588834756298755,18.500000000000004
12.904457880000002,19.381957908106692,18.5
12.904457880000006,19.029244355700296,18.5
12.904457880000002,19.172683501128073,18.500000000000004
12.904457879999999,19.660528272580997,18.5
9.842734395811496,24.05318024906284,18.500000000000004
8.47530124661521,24.539802891976112,18.499999999999996
8.779675447430783,24.3859976250114,18.499999999999996
6.956764614790245,25.225182966470875,18.5
7.961758503431207,24.300299020519187,18.499999999999996
7.9224059263221065,23.952905309574213,18.500000000000004
9.538781107817297,24.537997424732517,18.499999999999993
10.999353325796877,24.93157108610689,18.5
10.178332349791045,23.65327016069046,18.500000000000004
10.847225077437827,24.418389924580826,18.5
10.470666245681324,24.653342478148932,18.500000000000004
9.662679513082804,23.49739798798319,18.5
12.904457880000004,21.71804481700545,18.500000000000004
12.904457880000004,21.39555329775336,18.500000000000007
12.904457879999999,22.381852968629527,18.5
12.90445788,21.483376271089668,18.500000000000004
12.90445788,21.38811513590175,18.499999999999996
12.90445788,20.431046673067346,18.5
8.065360461339623,24.4797651290513,18.5
6.882624308934434,26.071377408093053,18.5
7.800505466778355,26.03436680222659,18.5
6.142275908350344,25.77806279190331,18.5
7.9053439493393265,24.564020900546378,18.5
6.707839078579219,25.400174454868676,18.500000000000004
9.229149076144505,24.042112829880317,18.500000000000004
10.972914567726706,24.12700156827693,18.499999999999996
10.373555276827103,24.12099547542771,18.5
7.172877706510421,25.174613072271303,18.5
10.943626908888282,24.37559825648779,18.5
7.603847447207825,24.388249691358315,18.5
12.904457880000002,26.441172439276084,18.5
12.678358412731965,25.77113306166023,18.500000000000004
12.681071219878032,24.91510947513497,18.500000000000004
12.90445788,23.95951961198729,18.5
12.904457879999999,26.81001101848222,18.5
12.904457880000002,22.98576671956055,18.500000000000004
6.393078544044811,29.207532020000002,18.500000000000004
6.321674918839604,28.885629984298216,18.500000000000004
6.346607867182076,28.65768189235466,18.499999999999996
6.410512898917058,28.04835554042147,18.499999999999996
6.27606565883859,28.67496906139708,18.5
6.4708633891503915,28.780903052386744,18.5
9.722013131903351,28.658829254516014,18.5
10.352383267280498,28.729238027732062,18.5
9.228239677079022,27.60662742220287,18.5
9.438865536002853,28.66970831968401,18.5
10.922806349710939,28.594798005563547,18.500000000000004
10.244633866543504,28.595940838131753,18.5
11.900724978696802,28.37965565502294,18.500000000000004
12.499124407956645,27.250363998640207,18.5
12.676174449119491,26.142845265120755,18.500000000000004
12.90445788,26.17648752506073,18.5
12.90445788,27.957467433663158,18.499999999999996
12.682910882957218,27.208575456229866,18.5
6.482272434894674,29.207532020000006,18.5
5.977788072567668,29.207532020000002,18.500000000000004
5.979622593239017,29.207532019999995,18.499999999999996
6.111867974488479,29.12693730347807,18.500000000000004
5.957051761780103,29.207532020000002,18.5
6.232769535244055,29.207532019999995,18.5
6.941438952747869,27.925486524230607,18.5
6.517465701463409,29.20753201999999,18.5
9.715359629279574,28.80611485658029,18.500000000000004
7.876129121101132,29.20753202,18.5
7.363040084042466,29.207532020000006,18.500000000000004
6.047218856282676,29.207532019999995,18.499999999999996
12.90445788,28.12450145026566,18.499999999999996
10.382635948745381,29.107084496524305,18.5
12.200445159212805,29.00447819504557,18.5
12.671544089766538,28.611628673823894,18.500000000000004
12.90445788,27.21827758865991,18.500000000000004
12.904457880000002,27.81384036272425,18.500000000000007
11.44927535169653,27.76669894309587,11.1
10.897055742547265,27.49309390286046,11.100000000000003
12.656396132275127,26.519729678256475,11.1
12.252927419512716,27.2449781322463,11.100000000000001
10.499264033778935,27.786032277212676,11.100000000000003
11.32570669284943,28.14625057793838,11.099999999999996
5.547317568399684,28.59554916473347,11.1
6.072591738075659,28.59428711816685,11.1
5.649892633429871,28.267463691734196,11.100000000000001
6.523135448353369,28.78575759254789,11.099999999999998
6.977522262419962,28.922851770503527,11.1
7.100446749124332,28.9946573615628,11.099999999999998
5.874765279590148,28.84464624784691,11.099999999999998
6.632779528269081,28.07135419746884,11.1
7.020513877865768,28.967090760946107,11.100000000000001
6.1645473087062745,28.817589076289696,11.100000000000001
5.1422549525246355,28.270012090154466,11.099999999999996
7.121209477801482,28.096135467361634,11.1
12.004090798546883,26.92272226423837,11.1
12.413263594186143,27.36948395112909,11.099999999999998
11.917595817279457,25.87164344621209,11.099999999999998
12.68127165133338,26.65155772808161,11.100000000000001
12.686081251979875,25.380570888855267,11.099999999999998
11.98113543586108,26.817101362349543,11.099999999999998
7.235968881616865,26.735500087282624,11.099999999999998
9.355602351989774,27.19409069452009,11.100000000000003
7.383274494075454,26.366793573707163,11.100000000000001
6.697805365054121,25.56976929084694,11.1
6.716702920543172,27.72731218210686,11.1
6.537857017221753,25.91133954596663,11.100000000000001
5.29529054116862,27.870331996832373,11.100000000000001
6.885223719152191,27.28139598512113,11.099999999999998
5.810363796002326,27.57689404790942,11.100000000000001
7.439699131970704,26.83794205774303,11.099999999999998
5.677187419344537,26.863941403866313,11.1
6.385668002954246,27.00639444454147,11.100000000000001
9.943437460154586,26.08353395742996,11.1
12.50642061265763,24.46058177212635,11.100000000000001
12.465175545904057,26.26557176365921,11.1
11.392059186081802,23.96413613668831,11.1
11.514982814292656,22.790062041486337,11.099999999999998
9.316493585057577,24.7382489502929,11.1
7.568777721454011,25.258310391100114,11.099999999999998
7.820764495519402,25.080137681673303,11.100000000000003
6.481655140408606,25.743968930763472,11.1
5.617145808526673,24.364967800927943,11.1
6.218195720634733,24.588277202807134,11.1
6.608579600204408,25.907916553831985,11.099999999999998
5.970557117882345,26.093373404374425,11.1
5.003568563791404,27.458687552235897,11.099999999999998
5.50791940491083,27.857900494417976,11.1
4.853918497053411,27.793908537158316,11.1
4.714157069776694,27.944119822870807,11.1
5.619382637895346,27.207883521703074,11.099999999999998
12.904457880000002,23.713802273847858,11.100000000000001
12.904457879999997,23.558970497601607,11.1
12.90445788,23.40442035310909,11.099999999999998
12.904457880000002,23.464490254660298,11.100000000000003
12.904457879999999,23.145481034860822,11.099999999999998
12.904457880000002,23.084725167917345,11.100000000000001
7.635660501958073,24.39434051936365,11.1
7.461413100800648,25.111961751427057,11.099999999999998
7.702769608104655,24.90027172011854,11.100000000000001
7.647767283801748,23.450767439936563,11.1
7.28673411920455,24.972268174243364,11.100000000000001
7.178811774542572,25.366342753704167,11.099999999999998
5.912500751916255,21.861040259275963,11.1
4.795345833305164,24.095613542078087,11.100000000000001
5.81190758109553,23.51784503429239,11.100000000000001
6.196925704341784,23.473349175317207,11.099999999999998
6.0334474628023855,22.717688294979723,11.099999999999998
6.513422994210079,24.86246107338241,11.100000000000001
12.904457879999999,22.31224910784523,11.1
11.529757085797383,21.66588027571596,11.1
12.904457880000002,22.20680483846643,11.1
12.679085562537669,21.387522742958208,11.099999999999998
11.926977094438758,21.04156222028718,11.1
12.904457880000002,21.851308717731516,11.100000000000001
7.045637346313407,21.539580410939056,11.100000000000001
6.98791195756562,21.700250685325962,11.099999999999998
7.3693260690722555,20.799663068644588,11.1
7.90064559282755,21.00975272213036,11.099999999999998
7.631991716192235,21.31921932735057,11.100000000000001
7.7308511912594025,21.151233437962826,11.1
7.157444886092522,21.92006299338747,11.1
6.36386141175643,21.10271860869687,11.1
6.299895844389799,22.04775729600794,11.099999999999998
6.793686049765391,22.200996931265273,11.1
6.189294057251616,22.359143923881046,11.1
6.533011741932111,21.82211090413593,11.1
8.896673831986508,20.355478553870302,11.1
7.418779423580849,20.267011485,11.099999999999998
9.829771487656656,20.106319770134384,11.1
9.313676654085066,19.87940597202204,11.1
10.116812325632726,20.333799776974754,11.1
9.452792599287339,20.034333587849268,11.099999999999996
6.9033020958741975,20.936927057808607,11.100000000000001
7.338051978870268,19.928382739525922,11.100000000000001
6.414839886309052,19.741106186747974,11.1
7.205536422354714,19.920737341159008,11.099999999999998
6.748085939170411,20.26916096237014,11.1
7.384018334851083,19.977864284448522,11.100000000000001
6.527930899129814,20.380757126632993,11.1
7.873747373178675,19.783020075121744,11.1
7.831948811854387,19.832919594628695,11.100000000000001
7.109856786311192,20.282664719288682,11.1
7.848947033555958,19.688807210999872,11.1
7.677946561796259,19.416710821384214,11.100000000000001
12.419424355374117,17.708635062907533,11.100000000000001
12.499599844237641,17.390758131730628,11.1
11.85842126060456,17.56689483551163,11.100000000000001
12.17824581498544,17.350609331992334,11.099999999999996
12.224223920325564,17.145755771917592,11.100000000000003
12.291249155597743,17.512312330426447,11.099999999999998
7.498543184436756,19.670991756591953,11.100000000000001
7.5567150937974885,18.967779448053168,11.1
8.19730813082334,18.776325422984414,11.099999999999998
9.163773790717267,18.415167474166267,11.100000000000001
6.5300738808965395,19.373897870788824,11.099999999999998
7.786520041954915,19.31041116827805,11.1
7.826837444013946,18.105327913556913,11.099999999999998
8.36287531579653,18.393619857475382,11.1
8.18684566603445,18.321817347035246,11.100000000000001
7.497356493736444,19.025702349119737,11.099999999999998
7.480856937617125,19.2160650149143,11.099999999999998
7.054417531983547,18.656300259909532,11.099999999999998
11.986736444319858,16.857324005728387,11.099999999999998
11.18104582514548,16.926284036399665,11.100000000000001
11.288500093458678,16.848987076797705,11.1
11.42925735914016,16.772576711499518,11.099999999999998
10.617108134242521,17.142399406233018,11.1
10.793978145072893,16.69080327,11.100000000000001
7.828270920586674,16.69080327,11.100000000000001
8.66332296519677,16.69080327,11.099999999999998
7.477504036789435,16.69080327,11.1
8.488884873463546,16.69080327,11.1
9.03100177946408,16.69080327,11.100000000000001
8.710709514017536,16.69080327,11.1
6.11373749649681,17.03829482594262,11.100000000000003
6.804614976712441,20.093413982429716,11.099999999999998
6.4104321270233715,17.98131411144598,11.100000000000001
7.639322872767813,17.971881504998308,11.099999999999998
6.475099885222513,17.06494326687859,11.1
6.632184528528172,17.700427175314612,11.1
7.287555982743559,16.69080327,11.100000000000001
7.788514454898056,16.69080327,11.099999999999998
6.937148031906311,16.69080327,11.099999999999998
7.408895995714034,16.69080327,11.1
6.96920572229609,16.69080327,11.099999999999998
7.543575472121882,16.69080327,11.1
11.36977133760229,16.76357552279298,11.1
11.55244454690854,16.78377850518626,11.1
10.931431712542384,17.020759303537172,11.099999999999998
9.737506538593893,16.69080327,11.100000000000001
10.895845607110973,16.772056799326265,11.1
10.376511503349242,16.69080327,11.099999999999998
12.060096040936322,17.130980786892565,11.099999999999998
12.685307858831065,17.7992535731004,11.099999999999998
12.90445788,18.064424152543587,11.100000000000001
12.90445788,18.759055685847002,11.1
12.904457879999999,18.13415183343352,11.1
12.904457880000004,17.801440915980475,11.100000000000001
7.2123290869037655,16.690803270000004,11.100000000000003
7.800125797958165,16.69080327,11.1
7.689612354148997,16.69080327,11.099999999999998
6.731856494076871,17.099532583696643,11.100000000000001
6.857054430165941,16.690803270000004,11.100000000000001
7.69134777388706,16.782046184203736,11.1
10.096672965110356,17.13200187671123,11.1
11.946406569068508,17.135722721850577,11.100000000000001
11.866215410712588,17.42683051947596,11.100000000000001
12.053530551174793,17.145038651364345,11.1
11.668041667718628,17.026428603628105,11.099999999999998
12.414905680645544,17.28727965971001,11.1
12.90445788,18.4337892105892,11.1
12.90445788,18.003239935347153,11.1
12.904457880000002,18.109521385098642,11.100000000000001
12.904457879999999,18.17552050090702,11.100000000000001
12.69523657006966,17.41191834899213,11.100000000000001
12.904457880000002,18.11924622302915,11.100000000000001
6.875544775020439,17.168865709673295,11.1
7.1208552629484965,17.618726279333064,11.1
7.258066732952671,17.63053550574407,11.100000000000001
7.518904330757768,17.41650118139499,11.099999999999998
7.243538039183825,18.62785950594118,11.1
6.503016309643261,17.058639707980582,11.1
12.735476808501843,17.409827258812154,11.100000000000001
12.904457879999999,17.949169587484853,11.099999999999996
12.904457879999999,17.51696708833447,11.100000000000001
12.70449220635449,17.1493954010382,11.100000000000001
12.007425812288709,17.77353459608296,11.1
12.904457879999999,17.57387067566255,11.1
12.904457880000002,18.182786206454498,11.1
12.904457879999999,18.499943192044014,11.099999999999998
12.671832728821007,17.944181062513625,11.099999999999998
12.904457879999997,18.577286333078487,11.100000000000001
12.904457880000004,18.313415857980786,11.100000000000001
12.904457879999999,19.025363274696893,11.099999999999998
7.4291110098043065,22.31606075062326,11.1
9.530508796042096,24.65870580860723,11.100000000000001
9.43320598162313,24.539367070480942,11.1
9.973140121739734,25.710309201646773,11.100000000000001
9.706631490091455,25.194869301407998,11.1
10.61287833833487,26.717640101015803,11.1
10.851029569184233,21.19887200687341,11.1
12.744054661438197,20.945574117148993,11.099999999999998
12.67229171026033,21.16017966093858,11.1
12.683868416508629,20.747432859458613,11.1
12.65810046006301,20.728112521028823,11.1
12.473644714442,20.424108591884654,11.099999999999998
12.90445788,21.08458517006804,11.1
12.90445788,21.482016766834256,11.1
12.90445788,22.49047477462894,11.099999999999998
12.90445788,23.749808582516593,13.298783039462737
12.904457879999999,19.416625797062316,11.1
12.90445788,22.198134668809313,12.832151705659463
6.733646967236416,23.296200489596025,11.099999999999998
11.275487963481778,25.262084519100824,11.1
8.854568159795392,25.90368626593852,11.100000000000001
8.325188273085116,25.35628055786402,11.1
8.705182927986975,25.77643639748937,11.099999999999998
7.671768606817387,25.449462521893956,11.100000000000001
8.463204231398931,22.964362662382943,11.099999999999998
8.699073698054862,24.16012726337337,11.099999999999998
12.382692515918441,23.898335411541286,11.099999999999998
9.465805766277473,23.364920115177217,11.099999999999996
10.574249196209403,24.35960822257222,11.099999999999998
9.165919145629584,24.131887800825695,11.1
12.90445788,21.457619699339713,14.438160875915855
12.904457879999999,25.309008042872758,12.301866185501193
12.904457879999999,23.113682854310145,13.119541990739105
12.904457879999999,25.149955153122797,13.93262056320548
12.90445788,23.912590446927048,11.1
12.904457879999999,24.13042516210882,11.100000000000001
8.773072020809424,25.035778700623627,11.099999999999998
8.13809075177662,25.469545810861213,11.100000000000001
10.13820300289801,26.223104026538756,11.1
9.450611655513601,25.27288104307361,11.1
9.402157147117535,25.525286886021263,11.099999999999996
9.726109902014986,26.507208270873498,11.100000000000001
11.966596981438975,25.018485844135885,11.100000000000001
12.247175817927905,22.54289490174423,11.099999999999998
12.219814690791207,24.58895151396483,11.100000000000001
11.377399905304141,25.412072644061244,11.099999999999998
12.463840699184637,23.781685381889993,11.099999999999998
12.90445788,23.726084263718583,11.100000000000001
12.904457880000002,26.655184064949978,12.305983650934882
12.90445788,24.416873859342253,13.15471507956447
12.904457880000002,24.88768615690644,13.261600937336768
12.90445788,25.126501044621506,12.787122117728337
12.90445788,27.53968613152444,14.908725969950956
12.90445788,26.992593905194283,13.084999203475324
7.241053776199614,25.837525362351307,11.1
7.706316389052658,28.278326526025793,11.1
7.582943356849223,26.92743153125883,11.1
7.551233664388362,28.008494878607376,11.1
7.486328861808395,27.728367737576956,11.099999999999998
7.602099848840024,27.224601478690975,11.099999999999998
7.590015811513495,27.411259900595386,11.1
8.340783436229232,26.903267587158624,11.099999999999998
8.298163765299355,26.872946659783217,11.100000000000001
7.402775855335201,27.091149909528447,11.099999999999998
6.890118482858432,26.681456002842314,11.1
6.620622997990409,27.254646138131758,11.100000000000001
12.692092898327964,27.17653418836923,11.1
12.705615474104826,27.629303372972778,11.100000000000003
12.904457880000002,27.19043232752639,11.493278185715633
12.126655236660403,27.646221259631663,11.099999999999998
12.483465575030174,27.546920337391505,11.445593400601306
12.425831093850242,27.757887341867043,11.1
7.086396791731769,28.11756860745191,11.1
7.276152484410767,28.392632811253364,11.100000000000001
6.4534569187745605,28.605386271761535,11.100000000000001
6.388495374785846,28.74157209094041,11.1
6.713993749069272,28.916857164264158,11.1
7.256043709710425,29.123121128041976,11.100000000000001
11.30471150412278,28.002100765778742,11.099999999999998
11.131073759587364,28.134897939479476,11.100000000000001
11.369229340095005,28.338854387765444,11.1
11.601298203928136,27.96133508481025,11.099999999999998
10.629919709776281,28.45789311755662,11.100000000000001
11.193503910342297,27.9870502293831,11.100000000000003
12.90445788,27.38809983570936,15.471703306975899
12.904457879999999,27.52989157558309,12.25566305838602
12.904457880000002,27.96632409467144,13.546931351934866
12.90445788,28.15561667340763,12.914585061033783
12.277647911450433,28.036981290774545,11.47805567903316
12.90445788,27.782099380119593,12.956007748039308
8.029863711489508,28.044123866374292,18.5
7.968688643030248,28.23679632914081,18.499999999999996
8.420873447946656,29.02376914872069,18.5
9.747777887902544,29.099088151684384,18.499999999999996
8.237317180382005,29.11377583730695,18.499999999999996
9.328882145639295,29.099585210069737,18.5
6.223479878043321,29.154255030477543,18.5
5.950312225878232,29.20753202,18.5
6.161832282087457,29.20753202,18.5
6.16050807615063,29.155504567188956,18.5
5.898800053961292,29.20753202,18.5
6.305455733540262,28.977614506770273,18.499999999999996
5.719207793954246,29.20753202,18.5
5.809429901230956,29.207532020000002,18.5
5.871568301499499,29.027916645669723,18.500000000000004
5.824124530125016,29.120342874679302,18.499999999999996
5.2910314512108245,29.05224245170697,18.500000000000004
5.857522907250256,28.752321648485392,18.5
10.730444397793608,27.47462631093125,18.5
12.904457880000004,27.816149874042836,18.500000000000004
11.506204862001297,28.739541772704207,18.5
12.90445788,27.62900372344636,18.5
12.688072167306329,28.512955347933474,18.5
9.963411295953927,27.954817962386414,18.499999999999996
6.38741453936081,27.9856584612822,18.5
6.967398854804905,26.54376747313419,18.500000000000004
6.654509600641791,26.76099914932304,18.499999999999996
6.425395568286873,28.225915792807783,18.5
7.124557512250095,26.616905189870923,18.5
7.0333374772809085,27.725842776256147,18.5
4.7691430639476255,28.791661028404988,18.5
6.025136517361164,28.71935250362946,18.5
5.267006932643158,29.126273474719465,18.500000000000004
6.231110183581948,28.77796765130988,18.5
5.8572875688794515,29.12674175100562,18.5
5.534051382454141,28.134488179159362,18.5
12.697717194175304,25.36863635529856,18.499999999999996
12.456503287705043,25.999738304803206,18.499999999999996
12.27579455928017,25.824974182751404,18.499999999999996
11.509055210269455,24.842786941015113,18.500000000000004
11.927294131572028,25.037459496851113,18.5
11.422513966645099,24.85768000964188,18.500000000000004
7.619418867376148,24.680936776781543,18.500000000000004
6.413578434971416,25.536198820997583,18.499999999999996
7.795702504533753,24.93497711429688,18.500000000000004
7.379889212189534,26.73603063623108,18.5
7.477933796391859,25.54736328764648,18.5
7.751580262463464,25.222354223352053,18.500000000000004
7.356565013108383,26.710814232229655,18.500000000000004
7.067880636568392,27.02888822769617,18.500000000000004
6.72763050352468,26.93155788830933,18.499999999999993
7.327337681089475,26.8721150541209,18.5
7.30834163225584,26.53785576162242,18.500000000000004
7.870018395904367,24.22753473975962,18.5
11.701158522839165,24.51614419592038,18.499999999999996
11.755597224410058,25.11003214779525,18.5
10.794962151762943,23.1791966108627,18.5
10.947291771955065,23.186180967756165,18.500000000000004
11.066063393520293,23.39356637231018,18.5
12.661591383795825,25.459040131392687,18.5
8.10565836066631,22.09419841230837,18.499999999999996
8.01441488429226,24.104613629880006,18.5
9.315007979885543,23.698713117934027,18.5
7.114175025322681,22.985000779446885,18.499999999999996
8.100027476190595,22.566978116441085,18.500000000000004
9.40890716709627,24.549488280044653,18.5
5.769147213496373,24.618431091704714,18.500000000000004
6.312874510194588,25.035119057623056,18.5
6.814413622652856,24.255516423833846,18.499999999999996
7.007863625164716,24.396335687781907,18.499999999999996
7.135704406948189,23.706061167994708,18.5
7.028913132226793,24.095847676695854,18.5
11.418843416366899,22.85871868215604,18.500000000000004
9.910752597714495,19.862048191164618,18.5
11.011156996444038,22.140747065822485,18.5
9.998760020902687,20.784617918036975,18.500000000000004
10.976061965652809,22.006957147888752,18.500000000000004
11.357023306814481,22.453155387927758,18.5
7.2351850471095265,23.174264390590096,18.5
6.320268712483278,23.03542578088297,18.500000000000004
6.138123686787055,22.955912216921938,18.5
6.367212959468519,23.025513848942197,18.500000000000007
7.20628750624084,23.02461733589831,18.5
6.773657274448253,23.095264974787984,18.5
7.090948785479471,22.921196355357445,18.5
7.405751222615629,22.81028175306664,18.499999999999996
7.985989879361621,22.029567844197565,18.500000000000004
7.439471736240677,22.353599598811194,18.5
6.22069603329686,19.758347916670107,18.5
6.823997161006304,19.794211856277606,18.499999999999996
11.017720903793105,19.031254210855234,18.5
11.384287497127428,19.9986117005887,18.5
11.920434039044757,20.52785057210054,18.5
12.047835496410618,19.968532856220808,18.499999999999996
11.093466039577791,19.66019979868744,18.5
12.672685270336979,19.293239069251126,18.5
7.489413534909648,22.983558793187665,18.5
7.367702193030421,21.485441729226803,18.500000000000004
10.592901891019146,23.690757727273606,18.5
7.3783648810761395,22.409725936619672,18.5
8.037049159140063,21.33943864610685,18.499999999999996
8.293259767148724,21.644421453793736,18.5
8.017874716126219,20.569342170061514,18.5
8.160126024128497,19.724156287042426,18.5
7.828322891867827,20.753349622426757,18.499999999999996
7.775069803019053,20.97904934436937,18.5
7.361018313233139,20.38552467511825,18.5
7.376696089699057,19.814299511286375,18.5
12.353796756156594,18.47553898746507,18.5
12.651201260626916,19.210974188147677,18.499999999999996
12.687534162074142,19.573248956409955,18.5
12.190880955461504,19.6770008246548,18.5
12.676922869729195,19.031351970907718,18.5
11.844458001804586,19.1468770525509,18.5
7.249757958315337,19.127523937711565,18.5
5.59484487666665,18.120045797010178,18.500000000000004
7.813696514605823,19.676040371600788,18.5
9.287579971182472,20.52123599865523,18.500000000000004
8.57323895656046,17.920993280658617,18.5
5.504941983038675,18.50104645721568,18.500000000000004
6.933568961352125,18.19650703377166,18.5
6.26895104295762,17.61198666505046,18.5
6.982212379451771,17.702418235459923,18.5
6.6872316443105095,17.1689639438909,18.5
6.414784998598807,17.7048858623029,18.5
6.641174251510583,18.00534601042071,18.5
10.569313817157282,17.984585572092328,18.5
9.371427167995922,18.247485101777777,18.500000000000004
10.633829625533862,17.31890647028212,18.5
9.855520149461475,17.180122120561922,18.5
10.69014972071536,17.86331093678979,18.5
10.87544877379617,17.7503922443754,18.5
6.933459886849034,16.77045647117086,18.49999999999999
6.5915344316680216,16.754779140566455,18.5
6.8118210366468945,16.79804997749221,18.5
7.028078487466235,16.74872636595022,18.500000000000004
6.6791416792568885,16.69080327,18.500000000000004
7.135385681499386,16.69080327,18.500000000000004
6.347392281711565,17.022236772593413,18.5
6.0456376815255055,17.11090196627671,18.500000000000004
6.114020023157604,16.759511375060956,18.5
7.2186158311579955,18.020816966212056,18.5
5.762831408543378,16.853320681897213,18.5
6.17451312757136,16.754268375326326,18.499999999999993
6.853467306005907,16.855753565373213,18.5
7.1311096684030515,16.69080327,18.500000000000007
7.047038339206058,16.69080327,18.5
7.070288478627779,16.69080327,18.5
7.429888297222271,16.69080327,18.499999999999996
7.166689590022645,16.69080327,18.499999999999996
8.754791419577668,17.161722443927015,18.499999999999996
11.428286573299346,18.241107878826742,18.500000000000004
9.230292414236525,17.242406222491823,18.499999999999996
11.367426987080673,18.447105115419212,18.500000000000004
9.39331013979094,17.233944191766142,18.5
10.401094048718093,17.856191740666212,18.499999999999996
12.90445788,18.696192200659038,18.5
12.904457879999997,18.67001175933804,18.499999999999993
12.904457879999999,18.295411102264612,18.499999999999996
12.90445788,18.387501810138236,18.5
12.904457880000002,18.397178697228295,18.500000000000004
12.705384355297054,18.418001309596665,18.499999999999996
6.7606986180974245,16.878386463925175,18.5
7.47793021162231,17.65884707382645,18.499999999999996
6.973434075825849,16.69080327,18.5
8.224980221695853,17.22963221953189,18.5
6.287810679997286,17.15578949643497,18.500000000000004
7.268009015508703,17.814337669117634,18.5
12.43670070492607,18.174587941013677,18.5
10.98296892805178,17.604460408099644,18.500000000000004
11.108082513806146,17.541735499559778,18.499999999999996
11.260435424293517,17.387921723452283,18.5
9.976329378222676,17.352263499734303,18.500000000000004
11.663471409003193,17.4513485949942,18.5
12.904457879999999,18.689902024047814,18.499999999999996
12.904457879999999,19.030849167522437,18.5
12.904457879999997,18.58136314055694,18.5
12.904457879999999,19.19933980894115,18.5
12.904457880000002,19.749644431137188,18.500000000000004
12.90445788,18.68173039744008,18.500000000000004
9.206148019044116,22.392287907947612,18.5
8.78225588386847,22.041658821941425,18.5
9.475467363622732,18.32679965833255,18.5
7.618308500850755,17.786286754140377,18.5
11.443728344976364,23.43677756527603,18.5
8.52226736896098,22.028231100595725,18.5
10.758569503249312,17.533609298543603,18.499999999999996
12.230548511695135,18.449990451762886,18.499999999999996
12.166467118103508,18.28320573165361,18.5
12.437374407866509,20.110536850241452,18.5
12.235886188948049,18.582921295307404,18.5
12.325092446230114,18.052016500643063,18.5
12.695680210884493,18.27012753628261,18.5
12.90445788,18.779003547704992,18.5
12.904457880000004,19.59419432629933,18.5
12.904457880000002,18.586638312415822,18.500000000000004
12.904457879999999,18.71609404874601,18.5
12.904457879999999,18.718774674324635,18.499999999999996
11.761592245858358,25.637423984423247,18.500000000000004
11.70842265692098,25.835352663352676,18.5
12.679403186167182,27.416734938089917,18.5
9.999420148900866,21.649017806212665,18.5
12.207308558737845,27.0154875100358,18.500000000000004
12.01848204068438,27.824942988297273,18.500000000000004
11.690935297193507,19.598844011884765,18.499999999999993
12.434642378015253,18.71316349977528,18.5
11.37130339413362,21.70282256065569,18.500000000000007
11.410456917789551,19.688675514982318,18.5
12.421021084673448,22.324498718451107,18.499999999999996
11.400499607397006,21.380707277186197,18.5
12.90445788,18.981048511839212,18.5
12.90445788,21.158960922149983,18.5
12.904457880000002,22.32361616271959,18.500000000000007
12.904457879999999,20.30136978801765,18.5
12.904457880000002,18.822595261924324,18.5
12.904457879999999,20.027147875867264,18.5
7.314323228529226,26.169524628353397,18.499999999999996
8.568733880448072,25.651969330789385,18.500000000000004
9.848065783784717,23.835670691536812,18.499999999999996
8.96970913835989,24.993022572556928,18.500000000000004
9.58829620802167,25.201727295273564,18.499999999999993
11.216012297483994,25.1894587591971,18.500000000000004
12.043324142583586,24.10227770792486,18.500000000000007
12.68801967063331,24.18941779238826,18.5
12.90445788,24.597598484654974,18.5
9.807864771139254,22.428724487639002,18.499999999999996
10.702126456754176,22.627810997537015,18.500000000000004
12.360125242572646,21.98517058890083,18.5
12.904457880000002,19.006439946159084,18.499999999999996
12.904457880000002,20.169279199831387,18.5
12.904457880000004,18.588065998028174,18.500000000000004
12.90445788,21.506836977076283,18.5
12.90445788,21.506836977076283,18.5
12.90445788,21.506836977076283,18.5
6.947477227775247,27.75125031747624,18.5
6.599130504193984,28.120029421087565,18.5
6.806053688908299,27.807586692468554,18.5
7.429445256644697,26.401336097581797,18.500000000000004
7.027485704520683,26.7431343870514,18.500000000000004
8.89234850860742,27.602696951128582,18.500000000000004
11.663347273014608,25.034755690736805,18.499999999999996
11.363914343569132,24.24930810437411,18.5
12.256331326676841,25.417591155273357,18.500000000000004
11.98976235036505,25.41616762390502,18.5
10.515508663093659,23.314728025402513,18.499999999999996
11.342615472293229,24.701291737399078,18.500000000000004
12.904457880000002,26.874698510067976,18.500000000000004
12.904457879999999,21.27170695277761,18.5
12.904457879999997,26.95350907723761,18.499999999999996
12.90445788,26.815214749330337,18.5
12.904457879999999,22.344299099559173,18.5
12.664730802193791,23.980512923583245,18.500000000000004
6.437465877805952,28.6124293918493,18.500000000000004
6.601021781469489,28.75319529883491,18.499999999999996
6.593575875575391,28.73803836901883,18.5
6.7788946835965165,27.872982030913278,18.5
6.560115226910546,28.59020960599053,18.5
6.6778255076979045,27.778243767257724,18.500000000000004
8.763589824715753,26.6754097680389,18.5
7.914213566915744,25.374956023972338,18.5
10.408076451461154,27.258424731008255,18.500000000000007
9.8268702439638,26.241045255389338,18.500000000000004
7.979420403494437,26.4983449333951,18.5
11.633423571416682,28.499065775313795,18.5
12.904457879999999,22.626533046156624,18.499999999999996
12.904457880000002,27.851077859888495,18.5
12.904457879999999,26.15285594468727,18.119775438846297
12.90445788,22.712964221442963,18.499999999999996
12.904457880000004,25.26510922120846,18.115070438552685
12.904457879999999,24.27088407808389,18.499999999999996
6.673624504513475,28.75913243880039,18.5
6.723600740833514,28.67138249783995,18.5
5.99306936066269,28.387539388288367,18.5
6.7455864188170125,28.74820176131187,18.5
6.712767420486131,28.64432627365067,18.5
5.936885412213431,28.96342400673141,18.5
11.011034849936157,28.905005975470665,18.5
9.46051816460354,29.014741342390742,18.500000000000007
12.395245274406975,26.749654824316444,18.5
11.924951217795833,28.484910122824502,18.5
10.98974778976066,28.604504695839918,18.500000000000004
10.528334367446126,28.629803097826034,18.499999999999996
12.90445788,24.072719916680775,18.500000000000004
12.90445788,23.19148450319484,18.5
12.90445788,24.017475223194335,18.5
12.904457879999997,27.93742577648598,18.499999999999996
12.662377327771571,27.449461411379723,18.5
12.904457880000002,25.934017775404484,18.5
8.51491789,27.052596571595735,11.099999999999998
5.953181376958898,27.48366895050527,11.100000000000001
6.338571439682136,27.006053731472512,11.100000000000001
9.56421777500987,27.583626908564685,11.100000000000003
9.170081863747555,28.633374778806157,11.099999999999998
7.605467357350602,26.901693118833954,11.099999999999996
7.654873748022179,27.899638090676287,11.099999999999998
7.725216910465805,25.88448018484037,11.1
7.811436574396464,28.659772277323125,11.1
7.398375969938754,27.154413825133137,11.1
7.7167269748692275,28.622186523522984,11.099999999999998
7.074197477315983,27.60599487161191,11.1
4.697165735257246,28.548028608153633,11.1
5.051556246366317,28.356569623736345,11.1
4.824434381232276,28.424434999775627,11.100000000000001
5.025052883990592,28.31625391699505,11.1
4.52162416658278,28.738560236050535,11.099999999999996
4.484110831758613,28.691078940477244,11.099999999999998
9.980086078535523,27.033462976478862,11.1
8.47046698921894,25.881217095838753,11.1
10.467479904394217,27.4284283200134,11.1
10.76271522090764,27.188479356206816,11.099999999999996
8.474914039846292,26.310805439097567,11.1
10.006444037560053,27.0755661849523,11.1
7.797988771273823,24.548645752013663,11.100000000000003
7.678527739973718,28.344917130983806,11.1
7.289802518351028,27.645433614375616,11.099999999999996
7.717857355082005,28.499114259597917,11.100000000000001
7.854854488622145,26.959322886141667,11.100000000000001
8.51491789,27.581415151262615,11.099999999999998
4.1253779,28.626901295339977,11.099999999999998
4.810766583503238,27.894157357274047,11.100000000000001
4.311296771221394,28.21876156588954,11.100000000000003
5.000811322872396,28.141878046246674,11.099999999999998
4.334832587060174,28.167693611506287,11.100000000000005
4.72375942800301,27.945884101049266,11.100000000000001
6.501098856227594,25.07949732844613,11.099999999999998
6.490287855459666,24.66271034228094,11.099999999999998
6.051156830207051,25.10915051422291,11.100000000000001
6.732937158541107,24.633079867768288,11.099999999999998
7.073663563982461,25.463382235826433,11.099999999999996
7.136023358950721,25.05812151258613,11.100000000000003
7.507085296259001,26.696125525284707,11.099999999999998
7.4410675710543694,26.657827713735177,11.100000000000001
7.306514699310996,25.6314552192801,11.1
8.1245046043816,27.307625528521484,11.099999999999998
7.58902120767686,26.8000233063092,11.1
7.880779949771218,27.026179198755997,11.100000000000001
4.484579850959885,28.40257052937915,11.099999999999998
4.988892776306424,27.88607161182448,11.099999999999998
5.607711786290541,28.025590562007103,11.1
5.256722119014617,28.06902557196847,11.1
5.054146268921044,27.73088247050004,11.1
5.657271254621376,27.179739752434482,11.100000000000003
7.405677603861754,24.217631216965373,11.1
9.034173691265796,23.082100725366,11.099999999999996
6.1526118612620495,22.232380378438595,11.099999999999998
10.088424915076367,23.149226438373436,11.100000000000001
8.919899469530478,21.56432283082244,11.099999999999998
9.403835723809518,24.699890229264767,11.100000000000001
7.251743138325247,24.706833501086003,11.1
6.896837941039834,23.67003357999624,11.1
6.590927669894895,23.137973172851435,11.099999999999998
6.673780751022401,24.16398705820332,11.100000000000001
6.3160937152313466,22.578503428882684,11.100000000000001
7.743802065693355,24.504678744693503,11.099999999999998
5.444472137835004,23.47734321140132,11.1
5.0362609865460595,25.20891600249932,11.1
5.7991432417603175,25.709372464982483,11.1
5.184517441491827,26.134937559570243,11.1
4.549815988525654,26.637847281142548,11.099999999999998
6.151309073919477,24.451824906139212,11.1
7.986418868415838,21.832824327357546,11.1
7.196081821348718,21.962745836495422,11.1
7.15010706178547,21.61553687925397,11.100000000000001
6.8639956224940715,21.5090442015561,11.099999999999998
7.3756112497004,21.56082809148275,11.100000000000001
7.308411649513597,21.493988876593058,11.100000000000001
7.502682241178516,21.429831243363157,11.100000000000003
6.873798333121806,21.84876648516443,11.1
6.6848006521928465,20.743348493008906,11.099999999999996
6.641605453978981,20.254728062652422,11.100000000000003
6.4975549044745105,20.43494259420781,11.1
7.21651990875921,20.881991404591687,11.1
4.996354655253145,22.339113919709142,11.1
5.604440997815286,23.901153547459987,11.099999999999998
5.352577858219183,23.480575762003355,11.100000000000001
4.731077122090208,22.35911549012785,11.1
4.958118472236812,21.950536463946722,11.099999999999996
5.3983983153668085,22.84697183150326,11.099999999999998
9.014133449892375,19.536050987368235,11.099999999999996
7.751387140780131,19.37411642190411,11.1
9.66690792840348,19.491322232328326,11.1
7.282932736760697,19.212238839093995,11.099999999999998
9.828153742908556,19.88775893897101,11.100000000000001
7.247084408141131,19.807472917268203,11.1
8.312780670000603,23.833478370117426,11.099999999999998
7.762477856172141,20.016277912228603,11.099999999999998
7.6726852350699595,21.69808867639127,11.099999999999994
8.05580560644526,21.200873165706174,11.1
8.304768485685896,22.8339786485127,11.100000000000001
6.8873049741205525,20.698935591061122,11.099999999999998
5.2955191891980045,20.108076256099896,11.099999999999998
6.228883853577772,21.279373669243206,11.1
5.28522234147259,20.833288421148094,11.099999999999998
5.596044164177957,20.186273645053685,11.100000000000003
5.339887873173819,20.667292633568838,11.100000000000001
5.671545700365945,19.994542635884102,11.1
8.760202259613385,17.28423275033354,11.1
9.850014570041218,16.690803270000004,11.1
10.04830848052182,16.857672018094508,11.100000000000001
9.844630543167538,17.341052029389285,11.1
9.982707705291162,16.86398794628665,11.099999999999998
9.686329157154768,16.944924634222986,11.1
8.840426899912792,17.555082738380925,11.099999999999998
8.520999527784225,17.068407284616338,11.1
8.330273136350176,19.11953825065577,11.099999999999998
7.282986137468685,17.06853131375891,11.1
7.873509547767829,21.475053523209983,11.099999999999998
8.27117073354575,17.069818079511357,11.100000000000001
8.199196904096393,17.54701641567758,11.1
8.202077057382228,19.167859113702068,11.099999999999998
5.627499036543881,18.816750016360764,11.099999999999998
8.278963601721172,19.005628353733922,11.100000000000001
5.952153158374241,19.782940102321472,11.1
6.111759094284086,19.456663944920283,11.1
9.297252706104901,16.835905229520577,11.100000000000001
10.756539591362463,16.91142128963712,11.099999999999998
10.722800399739418,16.87199803924353,11.100000000000001
10.36591541430846,16.80707420046455,11.1
9.338311632970445,16.690803270000004,11.1
10.181658074853734,16.776054919857255,11.100000000000001
7.934928487959886,16.956101763268222,11.1
8.246139780230196,16.69080327,11.1
8.076893643613849,16.690803270000004,11.099999999999998
6.616552183556337,16.690803270000004,11.100000000000001
7.408356513763349,16.690803269999996,11.099999999999998
7.632821396809727,16.690803270000004,11.100000000000001
7.646666257844597,16.78594309686249,11.099999999999998
7.394480731970938,16.690803269999996,11.099999999999998
5.813780911688404,16.859194467059783,11.099999999999998
5.622835578428339,16.758842080749556,11.1
6.793710584631492,16.782839975511745,11.1
6.992040429691176,16.69080327,11.1
7.2348883795462395,16.69080327,11.1
7.079467364689686,16.69080327,11.099999999999998
6.106921319240275,16.690803269999996,11.099999999999996
6.832060617869776,16.69080327,11.1
5.941186999314697,16.939283255699543,11.099999999999998
6.220667930645204,16.775759398888543,11.100000000000001
9.084364286486121,16.690803269999996,11.099999999999996
7.079730336016844,16.69080327,11.099999999999998
8.7464224224192,16.69080327,11.1
8.459795624281888,16.690803269999996,11.099999999999998
6.971060697805664,16.690803270000004,11.1
7.920104241409042,16.69080327,11.100000000000001
12.904457880000002,17.3952034022339,11.100000000000001
12.904457880000002,17.351896193810454,11.099999999999998
12.438452131586365,17.0885577505909,11.1
12.47766407193961,17.08154937524948,11.099999999999998
12.904457880000002,17.29433313874295,11.1
11.595219271976738,16.935928471483724,11.100000000000001
7.313171555311325,19.597395402222915,11.100000000000001
5.367942262683804,18.152733678035936,11.100000000000001
8.478678924834295,18.483411383373998,11.1
8.962858523499456,17.957280736607114,11.099999999999998
9.025257213084423,18.475432917441402,11.099999999999998
6.999960943528749,19.321328174934628,11.100000000000001
7.688555237613273,18.598065645349134,11.100000000000001
9.936732138743041,17.44573460825534,11.1
11.434372935519116,17.172686252527395,11.100000000000001
8.608736084328111,19.209902513800902,11.099999999999998
9.726026927035306,17.992995187702647,11.100000000000001
9.748612893646584,17.525676127629854,11.1
12.675684973946808,17.34802873221152,11.1
12.269717087288182,17.06298457452723,11.100000000000003
12.506477830680883,17.04034583190416,11.099999999999998
12.904457880000002,17.26327684785449,11.100000000000001
12.425467812969822,17.693057801302437,11.099999999999998
12.711947680172141,17.111688747601093,11.100000000000001
7.1652098450174515,20.717302529812645,11.100000000000003
6.723252325365839,20.64253879313856,11.1
7.55232488573243,21.20863582254221,11.100000000000001
7.80475495283398,20.90809674453589,11.1
7.401828002310828,22.825247744878535,11.099999999999998
7.763380737117662,20.723341166698127,11.1
8.18166028343856,19.528238353963797,11.099999999999998
7.279142816733594,20.69004035421782,11.1
8.311832997119572,20.467941581633255,11.1
8.402956568651206,20.543984417830732,11.1
10.97377108791255,19.283446065101998,11.1
8.0550474769927,20.167857392277707,11.1
12.904457880000002,18.823430845640218,11.1
12.90445788,18.75727685289268,11.099999999999998
12.904457879999999,19.923135028027936,11.1
12.904457879999999,19.40107454349997,11.1
12.90445788,18.148792785570734,11.100000000000001
12.90445788,17.924892226308355,11.100000000000001
7.02170801630699,21.262727876137653,11.1
7.073179153600154,21.003883890012915,11.100000000000001
6.226317360960026,20.715618732879836,11.100000000000001
6.468682364574363,21.051323367167527,11.100000000000001
7.504089058818289,21.128111965263543,11.099999999999998
6.405157405046461,20.912692412959807,11.1
9.176139884171441,21.32015141981665,11.1
8.463887693087043,22.031522259464808,11.099999999999998
9.572637829019367,21.63888971689199,11.099999999999998
9.881627968282194,21.498378460274303,11.1
9.44276853473583,21.65405628780328,11.099999999999994
10.772103148942271,22.094698068696534,11.100000000000001
12.904457879999999,21.331748247190664,11.099999999999998
12.904457879999999,21.39370738240198,11.100000000000003
12.904457880000002,22.22099247720252,11.1
12.90445788,21.55302403438275,11.100000000000001
12.68306527691708,21.65487158630676,11.099999999999998
12.726226906976452,21.87519594675541,11.1
6.003490686896822,22.042483522354473,11.1
6.0607498046724135,24.137897312369034,11.1
7.202447869059222,23.47503218364546,11.100000000000001
7.076769419974505,23.775515954658562,11.099999999999998
7.333759032131806,23.567497870071225,11.100000000000001
8.427814323070296,23.86884608768979,11.100000000000001
8.473632194951858,23.904197898741145,11.1
10.829217805524959,25.745881380219913,11.099999999999998
10.144243498078735,23.199668792068586,11.099999999999998
9.90015615645287,24.669975473868195,11.099999999999998
9.630945100628258,24.666648732911604,11.1
8.215684993665556,24.542194776521185,11.100000000000001
12.904457880000002,22.990203498018655,11.100000000000003
12.904457880000004,23.273427076508344,11.1
12.904457879999997,23.371058562366336,11.099999999999998
12.904457880000002,23.124791198230344,11.420043185096276
12.904457879999997,25.099088356952926,14.11827994029897
12.90445788,23.649131396232157,11.099999999999996
10.595529936357874,26.601628014105806,11.099999999999998
7.021683482049313,27.155492550742846,11.1
10.269006381293975,26.6299951914216,11.100000000000001
9.622894059718897,25.20961911751352,11.100000000000001
9.030290010725825,25.474800011743778,11.100000000000001
10.010733587438605,26.32404215787205,11.100000000000003
7.3237377578313545,25.02653880039171,11.1
10.606418935473279,25.97728160458435,11.099999999999996
9.530545906707559,26.17292199007064,11.100000000000001
8.343398165687587,25.49022055928334,11.1
7.4347864787067515,25.253104921652913,11.1
8.290704087776993,25.090789074527578,11.1
11.645745002827482,22.782666240993233,11.1
12.448833626174995,25.220263444101423,11.893706793799895
12.904457880000002,25.223353348476497,11.100000000000001
10.377298614568417,25.53668060667488,11.100000000000001
11.919173382179146,26.198952681648432,11.100000000000001
12.208045115862873,26.183524116491377,11.1
6.219433750573901,27.66738363717852,11.100000000000001
5.972670098772656,27.431351944167385,11.100000000000001
6.355649505600916,27.422873581606726,11.1
6.256493716640883,27.49880605737761,11.099999999999998
5.531271805331395,27.572943619178716,11.099999999999998
6.639847015763779,27.11666223216699,11.1
9.47046191589681,28.21644237349347,11.1
9.035249565586652,28.396156063738026,11.099999999999998
9.389282712386786,27.718015081876732,11.100000000000001
7.463563690414293,28.29293359949766,11.099999999999998
8.50664391742616,28.16780394926566,11.100000000000001
6.44724371599627,27.924354482118794,11.099999999999998
11.629596910660936,27.542949698558193,11.099999999999998
10.6265122036604,26.776177199056832,11.100000000000001
12.141465299279766,27.908760565160634,11.099999999999998
11.167113386168257,27.213752152835234,11.875948791240669
11.951506177792673,27.433946794552863,11.886998074503866
12.516080328515274,27.74459209082542,11.474647702898224
6.590159805225785,28.66744786869449,11.100000000000001
6.244369070760937,28.905266982086083,11.100000000000001
5.906885324403893,28.98444092693976,11.099999999999998
5.627777448085692,29.051472239489545,11.099999999999998
6.021716512155199,28.936688693756203,11.100000000000003
6.425699358821777,29.076412851799123,11.1
9.413325851125318,28.909832930075122,11.1
7.196875237275638,28.70399399180929,11.099999999999996
7.237103952715838,29.010890979687638,11.1
8.51068624860968,28.244946501246385,11.1
8.245964694043872,28.88057523083655,11.1
7.4193493122688094,29.129909189553135,11.1
12.702106586786696,27.61988712925163,11.734062648705624
12.904457880000002,28.207223176613166,12.794411563578489
12.708506039011072,28.13571443533283,11.1
12.292828123739463,28.10201822792698,11.1
12.115791757545717,28.182051193048895,11.1
12.904457879999997,27.75923963143292,11.100000000000001
5.9011620388653,29.032329044095636,18.5
6.96714704835504,27.285998316615814,18.500000000000004
6.471007714288312,28.475216072654483,18.5
5.426854214649668,28.917248382231474,18.500000000000004
7.271269418789411,27.956937183376894,18.5
6.424329432449323,28.792427465099802,18.500000000000004
6.587865558760394,28.797908824611874,18.500000000000004
6.172646345127895,29.016690967628154,18.5
6.286899803962688,28.79127815805177,18.5
5.546159061677855,28.723846297029617,18.499999999999996
6.526979557805047,28.8137183655091,18.5
6.668681151376282,28.638293614193376,18.500000000000004
5.87133051859452,28.9829248086156,18.5
4.678398981299074,28.472189419411702,18.5
4.643612715575494,28.52272357171153,18.5
5.009064294489658,28.50571025715353,18.500000000000007
5.732643597650989,28.887903619594915,18.500000000000004
5.82002522285192,29.207532020000006,18.5
6.971045945071192,27.34280012012942,18.500000000000004
7.645931272910015,28.18207402953674,18.500000000000004
10.107646299298976,26.89422809324355,18.5
6.783526516360659,26.926895957904758,18.5
5.6631986279089315,27.26075047165668,18.499999999999996
6.146463844744367,26.923210932540133,18.5
6.650930859343934,27.760226933190157,18.5
6.187468010988366,28.302561832294103,18.5
6.126414454959673,28.412651995224913,18.5
5.910450786430185,28.266656627118667,18.500000000000004
7.208884969291531,26.105579195943513,18.5
6.512279000348452,27.938404519459745,18.499999999999996
5.249554931019524,27.803998525536866,18.499999999999996
5.3731455313879986,28.80554621973755,18.5
5.158233519343464,28.48650776414776,18.499999999999996
5.143570595248519,28.179481928678662,18.5
4.92773409318376,28.484820288244112,18.500000000000004
6.5256824770514426,27.83726128220154,18.499999999999996
8.514917890000003,22.721891932239526,18.5
8.51491789,22.79720027294465,18.5
7.828731183567319,24.323845398099497,18.499999999999996
8.272844435384249,23.227158152951393,18.5
9.084664490884403,23.864784607690886,18.5
8.076321478854924,23.545186012710232,18.5
6.127505326898979,27.74585978035531,18.499999999999996
6.9361625786991175,24.73959368133638,18.499999999999996
6.684290120534191,27.05259781707509,18.5
7.559179731668778,24.664282999213917,18.5
6.057355048960566,27.835966418592943,18.500000000000007
5.738099941787356,28.03370735470531,18.5
7.153945867942564,26.907022979771774,18.499999999999996
7.7474763051100135,24.781366608317185,18.5
7.192422320074525,26.882692419357635,18.5
8.027257450725703,24.546794395680987,18.5
8.060766512778777,24.47787988468983,18.5
8.07310505307651,24.46468199808542,18.500000000000004
8.514917889999998,22.631911289612308,18.499999999999996
8.9991535551404,22.450786775451338,18.5
8.10723593235194,23.341942926948114,18.500000000000004
8.986331500512113,23.930152714298178,18.5
9.020351703418859,22.593839329547865,18.500000000000007
8.517019639064387,24.299156796182633,18.500000000000004
6.892843402437788,26.661292996069974,18.499999999999996
6.924764539616554,26.67621248903553,18.5
6.46498714241483,27.522632368130886,18.5
6.483940196023683,27.336576739607132,18.5
6.262498390045194,28.16295084459086,18.5
6.9234390961091625,24.460689294566382,18.499999999999996
6.208198536192119,23.642752674722658,18.500000000000004
6.295941000341061,23.327048913696032,18.499999999999996
5.052294134704152,23.63323612226853,18.500000000000004
5.104823376943083,24.61318082856453,18.499999999999996
6.05688835200235,22.46501335385358,18.5
6.900355629685447,23.406625113041905,18.5
11.417912667127553,24.414411573784108,18.499999999999996
7.867131278565639,23.18649598505959,18.500000000000004
9.29704325520509,23.58427846911715,18.500000000000004
11.20074399166447,24.344927343351326,18.5
10.786434916330082,24.39185736526069,18.5
11.437545645335277,24.416608357204566,18.5
6.873337023858788,26.04422405775347,18.5
7.203214779508581,26.058776295268466,18.5
7.129346895541647,25.447339155563306,18.5
6.832283082318457,25.734490851549417,18.5
7.400038774884493,25.355094033814627,18.500000000000007
7.410160473501873,26.243299787618835,18.5
7.287899601725895,23.04308703899946,18.499999999999996
7.00862849933026,22.975306791153127,18.500000000000007
5.832819280196368,20.52334870578612,18.500000000000004
7.430403446244833,23.067422722955552,18.5
6.27456143854076,21.736754409090754,18.499999999999996
7.547244035280707,22.155807379190676,18.5
6.871686805650281,18.293676140605935,18.499999999999993
7.742967049096517,21.35188996824744,18.500000000000004
8.426904904064175,20.705816477282895,18.499999999999996
8.020906876589704,21.76907526960798,18.5
7.606797944575492,18.08402220405267,18.5
9.823477299145864,20.406468062776185,18.499999999999993
8.003866844303884,25.534842666691034,18.5
6.943460357234535,24.62075268092427,18.5
7.451479110203001,25.177172045539315,18.5
7.10829704341492,24.7280174884773,18.500000000000004
7.338220130117726,25.262000967958368,18.5
7.320835783437784,25.641909445995026,18.5
8.309721127223474,20.284950110554547,18.500000000000007
7.273455060240527,22.92860248252802,18.500000000000004
7.092912926816012,20.606271225766246,18.5
8.030539071252132,21.923164821215032,18.5
6.812428153172283,19.36541134878872,18.5
7.078202446502195,20.30213032131348,18.500000000000004
12.201902573869882,18.919422024223977,18.5
8.947903040860341,17.38729856801497,18.499999999999993
8.788277752774334,19.267157176695655,18.499999999999996
11.517886284322365,18.08838911199439,18.5
11.287941809987403,17.739123943361054,18.5
8.363238483612433,17.26289171651513,18.5
8.51491789,21.854090860481215,18.499999999999996
8.069917780950492,22.54824651509859,18.5
8.106870010041733,20.3251083652287,18.500000000000004
7.277428910805291,19.609347897411936,18.5
8.30270254716764,21.425890438766867,18.500000000000004
7.188037528580988,18.890614711331175,18.5
6.885690830901927,20.596750725317392,18.500000000000007
8.940060788953824,22.11653525894389,18.5
6.1947386119205685,19.78165412764101,18.500000000000004
4.719370450193582,18.52379975022059,18.500000000000004
8.091037516584374,21.386985794802374,18.500000000000004
6.638870262435834,18.06609806252758,18.5
9.009901108388183,17.244340760635676,18.5
8.497712943462695,17.717772542885836,18.5
7.783030982032075,16.904079812186843,18.5
7.857411366931804,17.36455274259571,18.499999999999996
8.192766595907981,17.62422663591852,18.5
6.824388960584416,16.775007230967596,18.499999999999996
7.016400943176439,17.171939931972055,18.500000000000004
6.605299909728012,16.903785551795742,18.5
7.325113311349384,16.753103595310158,18.500000000000004
6.877158614232159,16.881918053775312,18.500000000000004
7.547068855708306,18.51527638707736,18.5
7.164502226597736,17.545113793492877,18.499999999999996
9.193290431098688,19.32940220225015,18.499999999999996
5.938586744931088,17.33343222749793,18.499999999999996
6.415378695285195,18.176236494105297,18.499999999999996
4.751396988570515,17.152501429515794,18.499999999999996
6.539699032586366,17.877390537798064,18.5
6.063356458260361,17.77246312844534,18.5
6.485263958489368,17.76909664743687,18.500000000000004
5.531164906857059,16.9587549315319,18.499999999999996
6.725782765550778,16.972164623512764,18.5
6.570650017710158,17.047098776107546,18.5
7.929823493955743,17.402785507712686,18.5
5.715867766718702,17.044725229529963,18.499999999999996
7.239955650458669,16.69080327,18.5
7.161986382588505,16.69080327,18.500000000000004
7.378949128657066,16.69080327,18.500000000000004
7.390678112710077,16.864740686529238,18.5
7.094242620484288,16.690803269999996,18.499999999999996
7.384591986333302,16.69080327,18.5
12.420876937203813,18.325416019162716,18.5
12.90445788,18.527615061715025,18.5
12.904457879999999,19.190037986484707,18.499999999999996
12.90445788,18.416698498102352,18.5
12.904457879999999,18.5213103978829,18.5
12.717436650553722,18.27050417615658,18.499999999999993
5.772117057311157,17.666439422412694,18.5
6.0512227473928935,17.09070554403588,18.5
7.852982691697842,18.10250791290354,18.5
8.060261753761722,17.91262681287656,18.5
9.220626204954398,20.274488157660393,18.499999999999996
7.16420773723724,18.72274162815999,18.499999999999996
6.903496517721444,17.22628176952636,18.5
7.943828821464046,18.62874363499121,18.500000000000004
7.71759210480661,17.478205203637653,18.5
7.082163354884606,17.19941737351628,18.5
9.183639754352182,19.62980950928066,18.5
6.3824033444104495,17.182757906560365,18.5
12.904457880000002,19.457216791485155,18.500000000000004
12.904457880000004,18.432896326690233,18.500000000000004
12.904457880000002,18.44426517550605,18.5
12.904457880000004,18.420168983385008,18.5
12.90445788,18.49926863937557,18.500000000000004
12.904457880000002,19.185349636360872,18.5
9.637135652259257,19.496648530607782,18.5
10.4626117646334,20.408366368962717,18.499999999999996
9.604017676097694,21.11499404329994,18.5
11.066809464381453,19.73082856655143,18.5
10.061644944771468,20.469698691208727,18.5
9.891234657676668,19.41792493617676,18.5
10.11497758921595,18.485051271176776,18.5
9.800310561112184,18.338388961411567,18.5
9.76223242504633,19.530558705803475,18.5
9.971503674206765,19.003291293682825,18.499999999999993
9.286837376066037,17.73001731943229,18.5
7.273585209444133,18.070385169015967,18.499999999999996
12.90445788,18.703037696458107,18.5
12.687389053013796,19.112864110377203,18.499999999999996
11.94614908195698,19.789096298246875,18.500000000000004
12.904457880000002,19.606889726116815,18.5
12.904457880000002,18.705614451703532,18.5
12.90445788,18.628441330829425,18.5
7.685123523285205,23.327388526517307,18.500000000000004
9.860641336415698,23.493953221092756,18.5
8.33329932940872,24.17641391863918,18.500000000000004
8.196424129770667,23.790433615857914,18.5
9.362170058768823,23.69019908750104,18.500000000000004
8.04901902969345,23.839037341807934,18.5
10.093303713073169,22.17882843483513,18.5
10.415631530612409,23.523436685849916,18.5
9.921411525602483,21.219637186569024,18.499999999999993
10.785582222867012,23.59319688434443,18.500000000000004
9.712660049596243,23.229534359921075,18.5
10.499551444678696,23.77126652899228,18.5
11.367120526274835,22.292286573556854,18.500000000000004
12.66959488599162,22.96048987569456,18.500000000000004
11.051079767824687,23.353955040406134,18.5
11.200763564753998,21.613868025900334,18.499999999999996
11.039906382644109,22.468638973352807,18.5
9.028100392671556,23.064873330815306,18.5
9.633666046230458,22.335765555042343,18.5
11.14020939556782,24.600523221572843,18.5
7.535304237296949,23.434208721053466,18.499999999999996
9.436990227699148,23.94126620151944,18.5
9.398243128764806,23.992433987827603,18.500000000000004
10.039656224906901,23.956735044210568,18.500000000000004
11.893191027350063,25.06448875680276,18.500000000000004
12.04811776941682,25.38987201571281,18.5
10.370512597646481,25.009885978443364,18.500000000000007
11.826577751541095,25.536169721141544,18.500000000000004
9.589978719128835,24.061464272236947,18.5
10.981104667646616,24.273272168938156,18.500000000000004
12.678295627394487,22.789373554282207,18.5
12.675004897159196,21.957770592855386,18.5
12.672218294547674,22.194223427518104,18.5
12.431803630679042,24.777412971063505,18.5
12.90445788,23.61954432022742,18.5
12.904457879999999,21.365391673031716,18.5
7.287717549286932,26.058034793554576,18.5
7.076080830401213,26.29262781953477,18.500000000000004
6.691627907123259,26.33501079980051,18.499999999999996
5.854563292035042,26.417500511395577,18.500000000000004
5.5830798577703815,27.10766741305849,18.500000000000004
8.201791334950947,25.423800003426546,18.499999999999996
7.271722038424306,26.594074567218005,18.500000000000004
10.130933610337939,26.582694440693825,18.499999999999996
10.329475747735088,28.062340910209546,18.500000000000004
10.166833174049044,27.4197752382886,18.5
6.604965147115891,27.989202825035385,18.499999999999996
6.149709198603716,27.543999925478932,18.500000000000004
11.205236212277867,24.12195040025525,18.5
12.667080480118075,23.62633533750244,18.500000000000007
12.66658775452826,23.59888130067497,18.500000000000004
12.194249066121401,21.921781592605235,18.500000000000004
12.412961699913104,25.026705645145885,18.5
12.678819683068072,24.595441837794834,18.5
6.562134652396673,28.98073565715777,18.5
7.014573606592771,28.413660975537574,18.5
6.7371699499729445,28.415277031026147,18.5
6.099662511792954,28.90614619225098,18.5
6.324582136879746,29.129981480786657,18.5
7.016601461516305,28.432680479025457,18.5
6.574261391946519,28.22733827583018,18.499999999999996
7.645370570746757,28.884374657351984,18.5
7.288201928020685,28.56422351221034,18.500000000000004
6.785822436924006,28.538537359072727,18.499999999999996
6.274965909571687,29.125562090525765,18.5
6.6769170280856045,28.864236737883132,18.499999999999996
12.904457879999997,28.27976943756253,18.5
12.668491323761383,26.672113404076278,18.499999999999996
11.426831523517682,27.388911094117947,18.499999999999996
12.638759533100952,27.59733395256258,17.655304419989246
12.425125773927215,28.41444576920586,18.5
12.258907158314369,27.423259402302428,18.500000000000004
6.010770672841671,29.207532020000002,18.5
6.164555106059987,29.15857923375668,18.499999999999996
5.980692886441388,29.207532020000006,18.5
6.2583445763519,29.12401694445126,18.5
5.960481866696587,29.207532020000002,18.5
6.258169402540216,28.990331197707196,18.5
6.781383658363234,28.656209687839656,18.499999999999996
6.632972963701853,28.80556141831992,18.5
6.67733068919704,28.797332050255765,18.499999999999996
6.085546030668673,29.117638332639753,18.5
6.52837464037562,28.493969760061596,18.5
6.994483722526123,28.795001909901973,18.5
12.423520880568425,28.21243856811203,18.5
11.239859925246268,27.184190317090692,18.500000000000004
12.684648255749591,28.169356532051722,18.499999999999996
11.132303624980434,28.610048172492547,18.5
11.817213323304388,28.153992027570734,18.499999999999996
11.855619177026536,27.398465192836525,18.500000000000004
10.957626461421622,27.38409765676137,11.1
10.028516194301806,27.445986414272866,11.099999999999998
9.51146232948404,27.536760038634046,11.1
10.128989616700542,28.66639571656462,11.1
10.153945327088708,27.776231376084475,11.1
10.995122377418314,27.8634383271338,11.099999999999998
7.539089617895737,28.498089503265195,11.1
7.792848261173549,28.661054362849136,11.099999999999998
8.026657633337653,28.55726125450043,11.100000000000001
7.6562353176958595,28.7948031978961,11.1
7.403388214909367,28.777684948255732,11.099999999999998
7.447204530187442,28.801841516624076,11.1
10.372643014595994,26.604376396784453,11.1
9.594968273530283,27.033754007249204,11.099999999999998
11.32582494068832,27.564155074333836,11.1
9.51282497357889,26.88954796819323,11.1
10.385503724710357,27.485471504543675,11.099999999999998
9.021081057986523,26.97288330505085,11.100000000000001
6.102029732354361,26.685874446177152,11.099999999999998
6.955260367648955,27.419427919999997,11.1
7.039276443092702,27.224935134677388,11.1
6.167512835115511,27.014481330384264,11.1
6.1876677902240225,27.141614015811836,11.099999999999998
7.193342936638409,26.715276412047594,11.099999999999998
10.126753419247201,25.622397445775512,11.1
10.26589408730507,23.203752267695773,11.1
8.619771196530792,24.3618403086968,11.099999999999998
9.55745756110493,24.455764153663388,11.1
9.309607609473389,23.42127384214485,11.1
6.576969351995453,24.980727124580238,11.100000000000003
10.602973815838293,24.224031680375877,11.100000000000001
7.563167510518559,24.23779636052288,11.100000000000001
9.249203604321409,24.92312746138085,11.099999999999998
5.901149338363302,23.20293793516965,11.1
10.008185128510966,24.300584526422437,11.100000000000001
9.258681753797998,23.35449357223672,11.100000000000001
12.025929215104052,21.38839768102906,11.100000000000001
11.097352838819765,22.215794041605804,11.099999999999998
10.362072359976853,21.563309038166626,11.1
10.389820227943844,22.55196057600733,11.099999999999998
8.506328597779465,23.200207677718165,11.100000000000001
9.489064428485877,22.681384110933244,11.1
11.20882768822286,20.565527727236702,11.099999999999998
8.4864656375867,20.803853816787985,11.1
10.42598675264606,20.807601781125662,11.1
9.363049333340117,20.04564967113973,11.099999999999998
12.46368271478632,20.33210587584172,11.100000000000001
9.623145848130756,20.08623164899234,11.100000000000001
11.40394414991556,20.219278699054765,11.100000000000003
9.764571401514726,20.574554735593697,11.099999999999998
11.32850723727461,19.59635630092089,11.1
11.151863253969209,18.98361244481619,11.1
10.585123009973373,18.820973705406526,11.100000000000005
9.51131972031667,19.969010569572472,11.100000000000001
10.660611851656707,20.758725543986532,11.1
9.547960068864601,19.8140942007566,11.1
9.538306375977452,19.7836793508068,11.099999999999998
9.712340124555832,19.903044566877064,11.1
9.585510816504412,19.645835832161943,11.099999999999998
10.427828351966555,20.817999881006774,11.1
12.427036243730468,17.67146924120241,11.1
12.458380699439056,17.217312527753112,11.100000000000003
9.216397824650926,19.359374183909793,11.099999999999998
10.334156614111311,18.143402194499885,11.1
11.854678622218456,17.51718748519615,11.100000000000003
11.920944696248831,16.913600182762583,11.100000000000001
12.320293699884113,16.908769377301194,11.1
11.399088317856684,17.093482359139568,11.1
10.124965329016717,16.69080327,11.099999999999998
10.21101010707416,16.69080327,11.099999999999996
10.180136402736203,16.690803270000004,11.100000000000001
11.084949298305192,16.95096336882074,11.099999999999996
12.095615338761013,17.103194489770296,11.1
10.681875506290202,16.69080327,11.100000000000001
10.27425081076635,16.69080327,11.099999999999998
11.797645057634199,17.132300638956313,11.1
10.686922844861572,16.990721145152154,11.1
10.262565916054564,16.690803269999996,11.099999999999998
9.69539431038391,16.690803269999996,11.099999999999998
9.442635392121439,16.775791269563427,11.1
9.400100787048943,16.690803270000004,11.1
9.442583206899645,16.69080327,11.1
9.438168656257865,16.69080327,11.099999999999998
9.404565143431379,16.69080327,11.099999999999998
7.38207351241697,16.690803270000004,11.100000000000001
9.235351546867507,16.69080327,11.100000000000001
8.013437828592364,16.69080327,11.100000000000001
9.05428729058281,16.690803270000004,11.100000000000001
9.290624025213669,16.690803270000004,11.100000000000003
9.100189766429539,16.69080327,11.1
7.864942962390303,16.690803269999996,11.1
8.064006908805155,16.69080327,11.1
9.28248648519684,16.69080327,11.100000000000001
8.134127530021798,16.690803270000004,11.100000000000001
8.497472220404106,16.690803269999996,11.099999999999998
8.820324667339928,16.69080327,11.1
7.6278626876271876,16.69080327,11.099999999999998
8.427126771317594,16.69080327,11.099999999999998
7.9138068229813525,16.690803269999996,11.099999999999998
7.891570869721762,16.69080327,11.100000000000001
8.138304577741895,16.69080327,11.099999999999996
8.881895655861749,16.69080327,11.1
7.674979673197425,28.484172806818616,11.1
7.458991684142378,28.641362132262767,11.099999999999998
7.2074047296837245,28.620352707965544,11.1
7.4402447535940075,28.62648911197793,11.099999999999998
7.164935182957588,28.679148908145606,11.100000000000001
7.450457698921428,28.628446909576915,11.099999999999998
7.743755282315455,27.600635763466457,11.1
7.418715018439834,28.79385720043533,11.100000000000001
7.574843104608722,28.317970509238286,11.1
7.194513099190184,28.638039905712045,11.099999999999998
7.126106982349489,28.78970377560562,11.100000000000001
7.404053622345407,28.679523638606327,11.100000000000001
7.784490580428602,28.244677728805488,11.099999999999996
7.679536106194548,27.986878932100666,11.100000000000003
7.278540557883131,28.50056893177924,11.099999999999994
7.012718706705791,28.591015839777533,11.1
7.356429355850142,28.209317409162285,11.1
7.123161990455236,28.62510441402814,11.100000000000001
6.829807786500402,28.30591994493796,11.1
7.012010029343808,28.644762823151336,11.1
6.975545994639439,28.613429649971753,11.100000000000003
7.25757259784387,28.10477619841766,11.099999999999998
6.919678595677314,28.55399657165032,11.1
7.034113259148937,28.620601626547195,11.1
7.499146641142006,25.561664833161114,11.1
6.743735929320844,24.311253280701393,11.1
7.588995863734025,24.898415404071617,11.099999999999998
7.283459877439947,24.735933106259424,11.1
8.025942025351489,25.897423187613573,11.099999999999998
7.806717009798036,26.234706788712998,11.100000000000001
7.799042564151131,27.211898818799504,11.100000000000001
8.045789002725309,23.76058336115659,11.099999999999996
8.019326877611604,27.517680059214644,11.1
7.580053269712824,23.32416416387278,11.099999999999998
7.408313067006922,25.76142970586955,11.100000000000001
8.02437449752287,23.94949385179456,11.100000000000003
7.749517991792494,22.307622209173314,11.1
7.0637408991158726,24.62000656193739,11.099999999999998
7.04544051627246,24.294877192385293,11.100000000000001
8.097510021496628,23.888071219572858,11.100000000000005
8.075535244744547,24.889173140516075,11.099999999999998
7.272604068016352,19.841078501726344,11.099999999999998
8.493952499621905,19.195560001640246,11.100000000000003
7.81978249577298,23.26108034199448,11.099999999999998
7.381364272050262,22.816672507581533,11.1
7.7591146604626715,23.609886980778658,11.099999999999996
7.670391194242222,24.23165022116614,11.1
8.014865799845595,24.757764934569447,11.1
8.503150755548457,18.156862118951526,11.1
8.60503730534004,17.590297837251136,11.1
6.473964141171329,17.042796965276,11.099999999999998
6.841942210072029,16.915105588799438,11.099999999999998
7.077114007666271,16.999441098648884,11.100000000000001
7.282576385551207,18.0836911177788,11.099999999999998
6.667810150738333,16.950455725570606,11.099999999999998
7.759677088784088,19.452573944814873,11.100000000000001
7.97352757375678,17.75423242631813,11.099999999999998
7.050330933418929,17.057107791079584,11.099999999999998
7.139986541594289,17.2204410411833,11.099999999999998
8.027279594144487,17.36244365339319,11.1
7.097333143131134,16.84241626282177,11.099999999999998
7.1734184860084955,16.76549777833259,11.099999999999998
7.369285292094554,16.7758249550004,11.100000000000001
7.123209367450128,16.77166892753912,11.100000000000001
7.93324503066877,16.866006012209127,11.099999999999998
7.125168644254628,17.230782653353355,11.100000000000001
6.371797688152791,16.69080327,11.100000000000003
6.583371215928701,16.69080327,11.1
6.983719796575678,16.759376289360063,11.1
6.115191528663587,16.690803270000004,11.1
6.668301616269977,16.69080327,11.099999999999998
6.8428187334745685,16.69080327,11.1
6.9001420361405765,16.69080327,11.1
6.818355769813074,16.69080327,11.1
7.4766513739101335,16.69080327,11.1
7.8175217297584,16.690803270000004,11.100000000000001
7.2655004861773005,16.690803270000004,11.100000000000001
7.461878733531599,16.690803270000004,11.100000000000003
7.386445581103696,16.69080327,11.099999999999998
7.169188085015834,16.69080327,11.1
7.2942708169488535,16.69080327,11.1
7.250365464278386,16.69080327,11.099999999999998
7.225149902348123,16.69080327,11.1
7.611534495404832,16.69080327,11.1
7.550752903523817,16.69080327,11.100000000000001
6.891268781668881,16.69080327,11.1
7.054662801735239,16.69080327,11.099999999999998
7.020087571545429,16.69080327,11.100000000000001
7.0717513502495875,16.69080327,11.099999999999998
6.977361427319163,16.690803270000004,11.100000000000001
7.084746764210541,16.690803270000004,11.100000000000001
7.1775721294079435,16.69080327,11.1
7.104882206818653,16.69080327,11.099999999999998
7.435780753470831,16.69080327,11.099999999999998
7.2022088359590475,16.69080327,11.1
6.465277140069949,16.690803269999996,11.099999999999998
7.329286693353231,16.69080327,11.100000000000001
7.160191923488161,16.69080327,11.100000000000001
7.1050233409971035,16.690803270000004,11.100000000000001
7.200231795527602,16.690803270000004,11.100000000000001
7.404135379261787,16.690803270000004,11.100000000000001
7.174056871819453,16.69080327,11.100000000000001
6.996501700268552,16.69080327,11.099999999999998
6.693593099780298,16.69080327,11.100000000000001
7.365826150352779,16.69080327,11.1
7.000638408326056,16.690803270000004,11.100000000000001
7.074026674218749,16.690803270000004,11.099999999999998
7.052298177282214,16.690803269999996,11.1
6.871815180628239,16.690803269999996,11.1
7.606459002880186,16.69080327,11.1
7.8076930408731515,16.69080327,11.099999999999998
7.619162451570365,16.69080327,11.099999999999998
7.202487608193035,16.690803269999996,11.099999999999998
8.024595641538186,16.690803269999996,11.1
7.142738359710839,16.69080327,11.100000000000001
7.575318969996099,17.76410181007542,11.1
7.789508959137444,17.047026724899844,11.099999999999998
7.997780713134092,16.761011547769158,11.100000000000003
7.714806099252246,16.69080327,11.099999999999998
7.575773841790715,16.76892959019154,11.099999999999998
9.884821468804448,17.192170496907192,11.099999999999998
9.759952268901587,16.78394824134982,11.100000000000003
9.8603193229106,16.87212076636945,11.099999999999998
9.327110205595487,16.69080327,11.100000000000001
9.368236055934533,16.69080327,11.099999999999998
9.271199915291707,16.69080327,11.1
8.427468323278644,22.48146314859328,11.1
9.31788352706813,18.053087238932076,11.1
8.280135523802633,21.44739835064327,11.1
8.467640964432533,20.432510832178057,11.1
8.693941593451518,21.464963679648754,11.1
8.232242839592447,22.328213856836964,11.100000000000001
8.797902534501922,18.67336969987796,11.1
9.54060447602731,18.98934640250921,11.100000000000001
8.284037619443193,20.654936284604613,11.1
8.477417369220863,18.894281007836753,11.1
7.7300276673427,19.826628641020346,11.1
7.253204789260024,20.881370270102472,11.099999999999998
7.980727725756984,23.330563899704376,11.100000000000001
8.273581401458685,21.601969800296867,11.1
8.512676193320358,22.480641740459063,11.099999999999998
8.275004090238884,21.757569026650874,11.100000000000001
7.800628795746376,20.938055750365944,11.100000000000001
8.294796542189866,22.53087069321095,11.100000000000001
9.357576816048914,22.477477784595617,11.100000000000001
7.5096103989644725,21.62168750131141,11.1
7.612321414376509,21.946404836703174,11.100000000000001
8.497019347322418,21.21022066695683,11.099999999999998
8.293591085866787,25.068656451914407,11.1
8.018289873907083,22.553363562654603,11.1
7.795759660628334,27.10600648822725,11.099999999999998
7.234089705880284,27.49390746898181,11.099999999999998
7.512887458978576,27.2163853198677,11.100000000000001
7.855882678083196,27.93202182264298,11.100000000000001
8.0387447076344,27.84004607805768,11.099999999999998
7.7945205740049746,28.061036176492728,11.1
7.551428130766771,27.682500687882246,11.100000000000001
7.2274444783479295,27.823582914866765,11.1
8.24945215752095,27.26161708211501,11.100000000000001
7.996574431230703,27.05769346839484,11.1
8.246432731891074,27.58373671743848,11.100000000000001
8.257373644286773,27.59076743667516,11.099999999999998
7.8409391090206295,28.08316717002193,11.099999999999998
8.029749457006846,27.986741117753212,11.100000000000001
8.084211103424373,27.306179936771024,11.100000000000001
7.814828832252021,27.493332907681655,11.099999999999996
8.296946709011864,27.261467445430004,11.1
8.26237022011195,27.558508775300652,11.1
7.514870508186764,28.56832782384415,11.1
7.04219675918012,28.77474047519264,11.1
7.066974493493854,28.690100590570843,11.100000000000001
7.029651800426222,28.76461325736617,11.1
7.038168042279636,28.777778616221394,11.1
6.909223895565314,28.79458179891067,11.1
7.167977626423647,28.812363076170815,11.1
7.088796241879774,28.155417979257944,11.099999999999998
7.016089932306578,28.771606814877785,11.099999999999998
7.16971145691015,28.805036234940133,11.099999999999998
7.154078567162523,28.803498145955203,11.100000000000001
7.3464940910343115,28.145303367796735,11.099999999999998
7.370679936128915,28.610460951636853,11.100000000000001
6.996551361578163,28.80751775779872,11.1
7.185979762886015,28.796145487573682,11.100000000000001
7.087033926558405,28.711512970599422,11.099999999999998
7.096289242068564,28.78863625243218,11.100000000000001
7.164325093959127,28.81356221691901,11.100000000000001
7.167914343255256,28.70826660653329,11.099999999999998
7.126918256102516,28.962507140701803,11.100000000000001
7.4537590176017945,28.67170079427273,11.1
6.916774961768395,28.785347637119358,11.100000000000003
7.445268360957843,28.736303678595984,11.1
7.336892702737329,28.71028012681241,11.100000000000001
6.8756015348417,28.951064388785127,11.100000000000003
6.675800026353988,28.696604487607104,11.100000000000001
6.8537898034091045,28.773931276562664,11.100000000000003
7.152302832763788,28.675694945315,11.1
7.027707257530232,28.792568940388605,11.100000000000001
6.813454645773465,28.76944450847997,11.100000000000001
7.035231031819337,28.764852930717613,11.099999999999996
7.105014435144287,28.956575605113407,11.099999999999998
6.975700463950584,28.631623109098594,11.099999999999998
7.594048432513954,28.96787130657276,11.1
7.203999653969654,28.975025707306283,11.100000000000001
7.0862339282981015,29.040063291527332,11.1
11.267365065082412,16.690803269999996,11.099999999999998
10.26536329864661,16.69080327,11.099999999999998
9.785222695580181,16.69080327,11.100000000000001
9.316498743990559,16.69080327,11.099999999999998
8.794659685603206,16.690803270000004,11.099999999999998
9.308413659420605,16.69080327,11.1
10.103166513580453,16.761067613193156,11.099999999999998
9.63335779060347,16.78015859146843,11.099999999999998
9.32888228364937,16.876805325842135,11.1
9.598819141837767,16.88271933827073,11.099999999999998
8.972801616704134,16.778668434946177,11.1
9.909587549184188,17.058257464295995,11.1
11.942610311127085,17.06878409297194,11.1
11.36244793100596,17.503535688300804,11.099999999999996
11.206217256030628,17.282038268045017,11.099999999999998
11.298740549644851,17.17416034269625,11.1
11.106919992064475,17.317269101885312,11.100000000000001
10.46098567467908,17.420569083347143,11.1
11.856054759181605,17.79887144626319,11.100000000000001
10.323892038819938,18.030417183149485,11.100000000000003
10.944335169863628,17.802707857045224,11.099999999999998
11.120233805649193,18.386338163406386,11.099999999999998
11.576869231359169,18.481723101998128,11.099999999999998
11.973220482297075,17.708812171047214,11.1
10.203796742873214,19.775561895328384,11.100000000000001
9.388487409800748,19.878690140135035,11.099999999999998
11.296725197678866,19.528829912034222,11.100000000000001
10.9875598049506,19.92771900711775,11.099999999999998
10.63576483314767,20.025204807380373,11.100000000000001
10.632428456996394,19.721981683096867,11.099999999999998
10.675108542173687,19.981970560477574,11.100000000000001
11.305563120432613,18.550653248699767,11.099999999999998
10.986223111667284,19.403192492012117,11.1
10.694347391518658,18.470461174546294,11.100000000000001
9.729600402635496,18.819895359919624,11.1
11.861868268323512,19.00589284466662,11.1
7.602232647863368,22.55216001907533,11.1
10.531723607298549,21.86052110639207,11.099999999999996
7.231150737501759,21.106505492556312,11.099999999999998
7.60104315273232,21.37283530243255,11.1
7.489448341842661,20.37501954160563,11.099999999999998
10.134478451886144,23.147551211070255,11.100000000000001
11.878675588487429,23.639013430159157,11.099999999999998
11.851543995686068,24.06404454940842,11.100000000000001
10.897422342598668,24.38388773198113,11.1
9.59183737430891,25.125136525718453,11.099999999999998
11.466559503367971,23.231822121344962,11.099999999999998
9.53103134233771,24.79787757737842,11.1
8.861115359303191,25.619843201592815,11.099999999999998
9.091555416093707,25.938734490971466,11.099999999999998
7.708317482911273,25.58582382824102,11.1
10.311724658762868,26.006679357515786,11.100000000000001
7.010881091183449,24.931602402016342,11.1
8.583508622530976,24.614028342981744,11.100000000000001
8.498640943543679,25.334034746867918,11.099999999999996
7.34916746524168,25.5309504271585,11.099999999999998
6.737143406333201,25.324481233254662,11.100000000000001
7.182914032726447,24.896059609629205,11.099999999999996
7.134393602715379,25.36445853389875,11.100000000000001
8.260477090515403,24.141244261499736,11.099999999999998
12.41870650946613,27.495266650792782,11.100000000000001
10.819215330923347,26.58522145497121,11.100000000000001
10.007544483529763,27.545122209247594,11.1
11.304966568816655,27.46366288946879,11.1
12.641144051294859,28.242040531287646,11.1
11.418308752554534,28.23022643381822,11.099999999999998
10.303274738286765,27.993941551446678,11.100000000000001
11.319587625019453,27.948262556208093,11.100000000000001
7.261852884755779,27.91299529332061,11.099999999999998
9.487199567149238,27.356171058461122,11.1
10.213574724516393,27.858823777100127,11.1
9.553742530600468,27.931158165601662,11.099999999999998
10.241190535707084,28.808647586627945,11.1
10.86727215927346,28.541217212446316,11.099999999999998
10.243140369419184,28.282646567142404,11.1
10.726474801594456,28.355762254546157,11.099999999999998
7.810186877079396,27.543882732492257,11.1
10.195366786290226,28.531000993243044,11.100000000000001
11.642531773967686,27.882559561974723,11.1
10.84627848710306,27.999855692356498,11.1
11.820161937523144,28.007224065796645,11.1
11.013433158436369,27.99775731220813,11.099999999999998
9.948798170071262,28.12674801618002,11.099999999999998
11.43254463330023,27.995762036900278,11.1
11.876569699919182,28.59749875761854,11.100000000000001
9.953068420735251,28.848007801635113,11.100000000000001
11.019342931533895,28.567962180704917,11.1
11.234657130880752,28.608277181024363,11.099999999999998
11.271907055074454,28.49077764237145,11.1
10.725609995842223,28.9199358482898,11.1
11.838987097922427,28.27911286895767,11.100000000000001
11.453966600736578,28.776148766743738,11.1
10.419789675130536,28.095008306676164,11.099999999999998
9.94807848883084,28.608444873450026,11.100000000000001
7.762312779970081,28.979764622836587,11.099999999999998
11.128363906188898,28.102757818772233,11.1
12.664104438256176,28.58473484696055,11.100000000000001
12.627288302149108,28.0373018136808,11.1
11.91393954411318,28.368183637187002,11.100000000000001
9.539024954364653,27.842530461639775,11.100000000000001
8.51461612255468,27.256211825602954,11.100000000000001
11.608204196835253,27.63939586659563,11.1
10.857658908138571,27.926329114576337,18.499999999999996
9.657643441328318,28.450196674368616,18.500000000000004
10.380817953017834,27.88174779871136,18.499999999999996
12.42826690271181,27.47375438282934,18.500000000000007
11.694550359198072,27.603494917819102,18.500000000000004
10.278858445023793,27.871958122651925,18.5
6.759647806208834,28.713720876986194,18.500000000000004
6.463516597381247,28.725560073918587,18.500000000000004
6.473004404950824,28.68848755315668,18.499999999999996
7.152299519738929,28.843597295558347,18.5
6.699551613805209,28.78841526118556,18.5
6.525436566332273,28.79323833755611,18.5
9.159714554898358,24.880605754065712,18.500000000000004
9.855146587339782,25.938690824858554,18.500000000000004
9.853618484275145,25.957045881077747,18.5
8.530656309083945,27.526257529239665,18.500000000000004
11.08685206352248,26.181112700840597,18.500000000000004
6.9742716795979565,27.823639434958945,18.5
5.886734664934201,26.793029145907067,18.5
6.44361453653989,27.60518069112401,18.5
7.20741921815756,26.8948461332002,18.5
9.040406836072867,26.30920539322181,18.499999999999996
9.280172051642998,25.607938495019507,18.500000000000004
7.14010079906084,26.890715520952625,18.499999999999996
8.805317634690962,23.660410155039642,18.500000000000004
9.472515231209588,23.595598221911207,18.499999999999993
9.556394937192099,23.023141232941644,18.500000000000004
10.838669357628453,22.610038189936752,18.500000000000004
11.08941586866817,23.739979631126864,18.5
9.883482192987696,24.365074378529396,18.499999999999996
10.174548149617099,23.08600212994407,18.5
9.895823500695824,22.558532041163623,18.5
10.459439724387314,23.342701401095624,18.499999999999996
9.54559343807234,21.3640883889243,18.5
10.094143471098732,23.61343284851669,18.5
9.781625298764443,21.579368033356747,18.5
8.708221774138943,21.993315201639398,18.499999999999996
10.057835391255642,22.88160122564021,18.5
11.557748930470517,22.989827714533888,18.499999999999996
9.683479811571694,21.84591164996801,18.5
8.866362826471178,20.8050493136614,18.5
8.360848672681914,20.43734371670277,18.500000000000004
10.870382239899191,23.12646777656305,18.499999999999996
10.88736221155481,23.152146719393382,18.499999999999996
12.904457880000002,23.549914693014323,18.499999999999996
11.973987473383938,20.869000623547944,18.499999999999996
12.90445788,24.581059085841435,18.5
11.909657989822966,24.174172338199682,18.5
11.614657366521522,21.032468000243163,18.499999999999996
10.434474213311344,21.56069261907729,18.500000000000004
12.136460030184974,21.76564984642652,18.499999999999996
11.647442435244896,20.55307132726888,18.5
11.499529935532369,19.787289642223357,18.499999999999996
11.802081726511458,18.619641537984826,18.500000000000004
10.404720229746307,20.561414645053947,18.499999999999993
10.342382571427995,20.494598388438835,18.5
10.925731508603347,18.936786852586582,18.5
9.543298004975552,18.992112760828995,18.5
10.53740779882111,20.534262092390644,18.5
8.793408778496751,18.671736625965643,18.500000000000004
11.35286712195529,18.318506400578315,18.499999999999996
8.965686439606772,17.06018571293688,18.499999999999996
10.347567719371291,18.20900997759371,18.5
11.312891219710867,18.17526796641542,18.499999999999996
9.298917345785037,17.0754187318318,18.499999999999996
11.055079737398419,18.4512500457289,18.500000000000004
9.663719322985395,19.197023735967218,18.5
9.286492014322796,18.04643190698204,18.5
9.718934111435964,18.96382917891009,18.499999999999996
9.478531215359341,18.81427907056963,18.499999999999996
9.273670415901826,17.920591076230902,18.500000000000004
8.132419550273784,18.20031205932569,18.5
9.660984860199937,17.161068588613926,18.5
8.988683227546352,17.16602236280492,18.5
11.187469278171173,17.473388090309236,18.5
11.309569143727003,17.328647605025278,18.5
10.38386827393241,17.33566885144383,18.5
10.700194698379313,17.561615369161924,18.500000000000004
8.214001457692836,16.971475344046034,18.5
8.77460023671563,17.349647985320857,18.5
8.925073638327012,17.15570885622744,18.5
7.866397192053029,17.27449435929801,18.500000000000004
10.116235664840044,16.97846336113625,18.5
8.201431565380107,17.20246720451091,18.5
7.7505146952071655,16.995574092854543,18.500000000000004
7.041510648804153,16.82709261328352,18.5
7.846813851034388,16.76209267898046,18.500000000000004
7.267777327481937,16.82897431398378,18.5
7.387009410118137,16.98853324846273,18.5
6.860686830640899,16.69080327,18.500000000000004
7.18367464162933,16.69080327,18.5
7.089814891218508,16.69080327,18.500000000000004
7.495641664385948,16.766411270301344,18.5
6.983525965858886,16.69080327,18.499999999999996
8.282408314187787,16.690803269999996,18.5
7.337477065770313,16.69080327,18.5
8.130621676217496,17.16680986559663,18.5
10.704496573657993,17.400458173838874,18.5
8.842783669371274,17.101803920503055,18.500000000000004
8.578623365906777,17.098378820502674,18.5
9.23530247262064,17.08683393134342,18.500000000000004
8.221284342643953,16.99075786131104,18.5
6.601525124762978,28.762612470167976,18.5
6.622617507650597,28.775741876189034,18.5
6.625144484102631,28.773202276108442,18.499999999999996
6.58457238867332,28.773839600981464,18.499999999999993
6.633701516117389,28.76777081453016,18.5
6.6304000050116905,28.771145879746506,18.5
6.654070093895681,28.738817053390758,18.5
6.649985688343498,28.74050429412473,18.499999999999996
6.455830823026183,28.726337625324998,18.5
6.630409921153067,28.76311491944471,18.500000000000004
6.648812617571242,28.743930939528486,18.499999999999996
6.454830759995111,28.749285329430545,18.5
6.374778854505928,28.628089618467012,18.5
6.694286668693248,28.749815629618823,18.500000000000004
6.475358577716176,28.686821012570505,18.500000000000004
6.707947445029408,28.1693452024821,18.5
6.177064053785085,28.172391169870387,18.499999999999996
6.2061313306787405,28.055545256811172,18.5
6.183547582989276,28.075140827522464,18.499999999999996
6.894811740457968,28.12898534921087,18.5
6.495614664781879,27.981234851312447,18.499999999999996
6.4268779228293464,27.26050048465507,18.5
6.916704748453035,25.84480895552678,18.5
5.947817580819969,27.44154376284685,18.5
6.372979908572261,20.946779487343083,18.500000000000004
6.087006058857093,25.390264209058923,18.500000000000004
6.094943276030236,23.429960688189556,18.5
7.995463319124979,22.715327954299717,18.5
7.980100524902946,23.605516844940357,18.499999999999996
8.27074699866163,24.8518875160863,18.5
6.19586364579615,23.64976983754003,18.5
6.974573335620092,19.082517926549194,18.499999999999996
6.744202349670028,17.518523782023536,18.5
7.313047935802999,17.682963141257968,18.500000000000004
6.362912447487882,19.22957291265919,18.499999999999996
6.3851140201341945,22.10302888446674,18.5
7.2624648775212615,25.718357226933808,18.500000000000004
6.707251473701644,22.373390718521335,18.5
7.271390463070068,25.696723486715303,18.5
6.914433147356508,22.854068071192845,18.5
8.078550468665936,21.90958875450164,18.5
6.559188951945343,23.401555763626956,18.500000000000004
6.488702953767426,20.805631691330667,18.5
7.130757018640565,20.18656508450547,18.5
6.858202517087173,23.20070064242238,18.500000000000004
8.520340495218377,24.719756168962952,18.5
6.426990290550156,22.94732943111486,18.5
6.897309241133718,20.75354253579342,18.499999999999996
7.326633621815625,22.314086096199453,18.500000000000004
6.201494606338728,17.35959972582403,18.499999999999996
6.597721678580334,17.38298133530439,18.500000000000004
6.521870224285359,18.998763810716724,18.499999999999996
6.291775287638312,18.755864915615568,18.5
6.646277591452555,21.008406364955995,18.499999999999996
6.080051523748229,18.126473577534806,18.5
6.959259406803472,17.271843970089755,18.5
6.536356729245484,18.793681046181987,18.5
6.091080995863022,17.544973338328163,18.499999999999996
7.286303351585989,19.87710862319489,18.500000000000004
7.537541958037224,20.045390608880094,18.49999999999999
8.02866717009288,17.39817222992104,18.499999999999996
8.07327891863332,20.10087956997641,18.500000000000004
6.533481949477391,17.003286305483414,18.500000000000004
6.222411066147684,17.66325665619529,18.5
7.6650703404612655,20.422279558003698,18.5
6.447108499760766,17.566801646090777,18.500000000000004
8.445535333099452,17.31092154572775,18.500000000000004
8.02788112738424,21.68641002864195,18.5
9.175049843968019,21.03436822869873,18.5
7.062472392606232,16.69080327,18.5
7.074952993257206,16.69080327,18.499999999999996
6.897485873480555,16.69080327,18.499999999999996
7.066367564024841,16.69080327,18.5
6.678127502242241,16.76721420539093,18.499999999999996
6.857501511707839,16.838601483033013,18.5
7.0612317782124405,16.69080327,18.500000000000004
7.121960288036667,16.69080327,18.499999999999996
7.145629981550742,16.69080327,18.500000000000004
6.968189617065965,16.69080327,18.499999999999996
6.8687978280587165,16.751857707076084,18.5
6.707286562664235,16.753814005711924,18.5
7.0244319938271715,16.69080327,18.5
7.02713343194638,16.69080327,18.5
7.0879961599448835,16.690803269999996,18.499999999999996
7.29761278879037,16.69080327,18.500000000000004
7.23156676939394,16.690803270000004,18.500000000000004
7.309049497051998,16.690803270000004,18.5
7.412673401002127,16.690803269999996,18.499999999999996
7.236632940979476,16.69080327,18.5
7.259601424389085,16.69080327,18.5
7.1900853483608484,16.69080327,18.5
7.280050690860104,16.690803270000004,18.5
6.926414213242314,16.88703780231372,18.499999999999996
7.366385334719345,16.69080327,18.5
7.398218937882836,16.69080327,18.500000000000004
7.29766095764547,16.756751820887025,18.499999999999996
6.834319494308069,16.758020818751355,18.499999999999996
7.241615750588443,16.69080327,18.5
7.1887568754291316,16.69080327,18.5
7.105592866655556,16.69080327,18.5
7.1486206023232395,16.690803270000004,18.5
7.161702344598172,16.69080327,18.499999999999996
6.856425390875532,16.69080327,18.5
6.859874924319517,16.69080327,18.499999999999996
6.785542998385206,16.690803269999996,18.5
6.812589379838701,16.69080327,18.5
6.5842333404764934,16.69080327,18.5
6.775527942354504,16.690803269999996,18.5
6.399123637896081,16.77811779009198,18.5
7.182552362386056,16.69080327,18.5
6.837280895120123,16.69080327,18.5
6.556503842719784,16.69080327,18.5
6.979299832178696,16.77690577828794,18.5
6.836668180776373,16.690803269999996,18.5
6.81870947329019,17.224514657608665,18.499999999999996
6.723561571974273,16.69080327,18.5
6.476156032272584,17.208830922806868,18.5
6.506185232857828,16.777800790278427,18.5
6.820831564610551,16.69080327,18.499999999999996
6.8217947759287165,16.69080327,18.500000000000004
7.410999568000462,17.277547950767673,18.500000000000004
7.122244537940113,16.947539029792345,18.5
7.525074204850838,16.871538302114992,18.5
7.314742861760002,16.867594909767657,18.5
7.112263761617984,16.77639703532956,18.5
6.754334848727243,16.69080327,18.5
7.020192059715961,26.303790034797668,18.499999999999996
7.027122161696253,26.27991512084182,18.500000000000004
7.051421696929999,26.355388901300888,18.5
6.155136603608224,23.448977533269716,18.5
6.722856278908263,22.153770318271057,18.500000000000004
7.738402054525169,23.575629188068174,18.5
8.916863256541376,17.804810736895753,18.5
8.273337465747659,17.592096207633105,18.5
8.47760465554588,17.800720254049807,18.5
7.710888433633406,17.247653986741962,18.499999999999996
9.464086646432435,17.28762894720788,18.500000000000004
6.961679026179567,17.374539176640127,18.5
6.3100151702701766,28.187796036785556,18.5
5.895197151899097,27.05569998953692,18.500000000000004
6.178943981053808,28.26190223317898,18.5
6.07743145397568,27.45245564547796,18.5
5.60804935399,27.165125051593925,18.499999999999996
6.062471671262688,28.192488966184854,18.499999999999996
10.40991516043593,26.372673476187437,18.500000000000004
8.524428703380478,21.9357437576147,18.500000000000004
6.168898454449716,25.797734800998203,18.5
5.9081238767777355,27.673633657430944,18.5
6.163739296514498,24.67102475865566,18.499999999999996
6.403394614165765,25.200306521020774,18.500000000000004
5.8103526234105525,27.972051509843304,18.499999999999996
5.5423812959639545,27.06378060944613,18.500000000000004
5.791218741124975,28.3356870990388,18.499999999999996
5.857945247736076,28.11054261766144,18.5
5.280349606193129,26.41387431636029,18.500000000000004
5.664511499852278,27.849917806948888,18.499999999999996
8.876905727748454,26.361211058293296,18.5
6.755202741817617,28.550777138101008,18.499999999999996
7.0036494565713765,28.441178238809197,18.500000000000004
6.790612059037945,27.775394480401978,18.500000000000004
6.740722315401266,26.98953486599644,18.499999999999996
7.53122780803955,28.431860281467767,18.5
6.334620556404249,28.60875473993249,18.500000000000004
6.590272251838481,28.739198936934176,18.500000000000004
6.366817353109616,28.65843723506711,18.500000000000004
6.3122525901524105,28.6595739589549,18.5
6.151263636384751,28.4165766492587,18.499999999999996
6.673843766891406,28.656798021778247,18.500000000000004
6.6105878963758,28.752348313950566,18.5
6.852435255314173,28.731474888674608,18.5
6.852625470858187,28.74721892821638,18.5
6.820198437631051,27.796878975342683,18.5
6.604157795429401,28.671542700650562,18.500000000000004
6.637910742380081,28.668502220106006,18.500000000000004
6.71182907736477,28.734760774436612,18.5
6.493528573219344,28.78619278762509,18.5
6.678919877317948,28.728743035533398,18.5
6.306668491807256,28.542027152799417,18.500000000000004
6.402627047934301,28.72519748879497,18.500000000000004
6.364634814056917,28.719071392616815,18.5
6.421369277539491,28.598497018472667,18.500000000000004
6.987681304168771,28.861968225858693,18.5
6.592513409581919,28.67665856289948,18.5
7.081407224441042,28.841377208973043,18.5
6.602021476367105,28.7705163536116,18.5
6.999113160254594,28.856684110383068,18.499999999999996
6.63870693269225,28.762582470055133,18.500000000000004
6.6244984772932085,28.77700226622006,18.5
6.570071865005099,28.78310203223459,18.499999999999996
6.616107447014678,28.77664409791834,18.500000000000004
6.637306946186838,28.764042361904597,18.5
6.638431437395583,28.762870293378487,18.5
6.628223826781053,28.748451160630342,18.500000000000004
6.613833556456671,28.65499616784494,18.5
6.580046841627446,28.672478759602743,18.5
6.630770957006016,28.754784685429808,18.5
6.639063416506588,28.759596978010013,18.5
6.642832999714094,28.75823991769102,18.5
6.480725210948671,28.64144806633548,18.500000000000004
6.5790220470144245,28.75938325421597,18.5
6.518632898712264,28.77950216336525,18.499999999999996
6.565867211098383,28.774201735567207,18.5
6.511160379892333,28.758225113360005,18.500000000000004
6.578661588009591,28.764620154350848,18.500000000000007
8.179489513724482,16.879054585358908,18.499999999999996
11.28494136351353,18.03469352186577,18.5
11.272434898495327,17.757799406161638,18.5
10.870795983624829,18.05090855179266,18.5
11.322913664440675,17.74695000758552,18.5
10.445774441815704,18.032840524515255,18.5
7.221863459330081,16.95087851816452,18.5
8.1064393197734,16.89071758142952,18.5
9.447555398624914,17.45097345987377,18.5
9.634725917896485,17.255743468587838,18.5
7.993376625307774,16.877701445174996,18.5
8.877379839736923,17.462241603020626,18.500000000000004
10.386206179888271,17.570945317629963,18.499999999999996
11.433162313011076,17.96514457935698,18.499999999999993
10.30253700857806,17.82825580580801,18.5
11.680572936467561,17.71651941129957,18.499999999999996
11.046015188348646,17.700845400654885,18.5
9.720119982698492,17.318282474550536,18.499999999999996
8.943084495479226,17.292239641111355,18.5
9.770754264837672,17.258379273408885,18.499999999999996
10.390297235627024,17.552915343836528,18.5
11.262167938999418,17.810272756945025,18.499999999999996
10.502839515418973,17.772428633580134,18.5
9.472411372117488,18.734929762392397,18.499999999999996
10.735478394165433,21.255097590818778,18.499999999999996
11.97399501270182,20.447297297367815,18.5
11.876040810943167,22.963875549017594,18.500000000000004
12.159256482249267,20.521796522455485,18.499999999999996
11.465164612925243,19.40041527232527,18.500000000000004
12.90445788,19.713675057002092,18.5
11.626714824283637,20.122468174744686,18.5
12.706423431170476,20.6033904868778,18.500000000000004
12.476628026391062,20.64499844234096,18.500000000000004
12.240464333609637,19.92222806000666,18.499999999999996
12.505159773002916,20.035996810713662,18.500000000000004
12.45631741447929,19.64794528875206,18.499999999999996
11.259763694390731,22.982373855192304,18.500000000000004
10.753653736274122,23.33251301826946,18.499999999999996
9.24265378971072,21.99403012615144,18.5
11.633892463643075,23.64095785785617,18.499999999999996
10.402416307259111,22.43037713506413,18.499999999999996
10.856483826880645,22.81139302084953,18.499999999999996
12.671651111696692,21.33380449115189,18.500000000000004
12.904457880000002,19.887542602586613,18.500000000000004
12.416759843274315,22.486605813925873,18.499999999999996
12.158993863890064,22.396257897615847,18.5
8.501402665440432,24.645954338959235,18.499999999999996
12.90445788,21.444398158542946,18.5
12.90445788,22.329852871291074,18.5
11.887447288926623,24.940590509359172,18.5
12.412245305969162,23.534576861336802,18.499999999999996
10.91782252236292,24.183671258165887,18.5
11.149040846201862,24.991212474783175,18.500000000000004
9.37111982119457,25.3860129244403,18.499999999999996
12.90445788,23.296814556133228,18.5
12.904457880000002,26.627129418048845,18.5
12.904457879999999,25.34678739273394,18.500000000000004
12.904457880000004,25.85776096204327,18.5
12.904457879999999,25.323138843818075,18.5
12.674873847379521,25.45486118083988,18.5
10.709725550540533,22.323093307967984,18.500000000000004
8.11979694077269,26.86214683759778,18.500000000000004
11.437015220772139,25.83589260822048,18.499999999999996
9.05310431633851,25.541385356386037,18.499999999999996
10.954221162374889,24.989752045615507,18.499999999999996
10.551243043772374,24.435871948244184,18.5
9.226987136834166,25.446407314903404,18.5
10.627127202443178,24.394627178497686,18.500000000000004
12.67492301855859,26.64648488165833,18.500000000000004
10.673713835135771,24.710079929926174,18.499999999999996
11.42578351589584,24.85663199913026,18.5
11.821057572720946,25.260352943618894,18.500000000000004
11.423800094514496,27.85005202904267,18.500000000000007
7.829072016460374,28.023526384429132,18.500000000000004
11.59006248091742,27.67499230916161,18.499999999999996
11.14946975671238,27.51008743218957,18.500000000000004
11.63449726977403,27.929138874665853,18.500000000000004
8.577411313897235,28.255344936910493,18.5
12.67558352909982,28.429008392541085,18.499999999999996
12.668618555019501,26.715595792018227,18.5
12.67813871193283,27.67254555580088,18.499999999999996
12.684710900169343,27.37940644188464,18.5
12.186268984997309,28.49865144419518,18.499999999999996
12.2276070647549,28.329480440588664,18.499999999999996
7.856288108769386,29.207532019999995,18.500000000000004
8.018839298321634,29.114018078393016,18.499999999999996
7.043706737667847,28.852538132926465,18.5
6.780062520433585,28.772375517835233,18.499999999999996
7.011501691475125,28.85518828533487,18.500000000000004
6.717619086603855,28.815545894409052,18.499999999999996
10.641644666600344,29.106011622049454,18.500000000000004
10.18061699000922,29.111537354486746,18.5
10.609020574433167,28.809758836977043,18.095937906075015
10.13022789153445,29.207532019999995,18.5
10.49569247781061,28.743287923381256,18.142031073938668
9.285394114448941,29.207532019999995,18.499999999999996
10.353381583170783,27.84864960350753,18.5
8.128180563212494,29.108446860879084,18.500000000000004
7.764968733335747,28.672186746051523,18.5
10.766405661045807,27.93730959431629,18.5
10.255704642068542,27.740864697142396,18.5
9.452503436244648,28.907108911699005,18.5
11.890436062057852,27.425445692453227,11.519461970621595
11.810072146867011,28.24462972402997,11.099999999999998
11.439574080548976,28.356106766035566,11.099999999999998
12.128816273668393,28.026699984925106,11.1
12.904457879999997,27.3958910469236,12.186944288402527
12.684685128082354,28.648255758562772,11.1
6.992462257067469,29.051281456069393,11.099999999999996
6.478421580610678,29.025363177360077,11.1
7.665419796104952,29.103571457408886,11.099999999999998
6.531607085807782,29.124044783736345,11.1
7.63254337102635,29.207532020000002,11.100000000000001
8.434643198027011,29.20753202,11.100000000000001
5.809276438902923,28.89779121545834,11.1
5.281260796002592,28.927253630151892,11.100000000000001
5.352561889413499,29.01226193805594,11.1
6.274354098097458,28.972184742820353,11.1
5.610881264859571,29.108355029842933,11.1
6.416676525302784,28.83829585380652,11.099999999999998
12.904457879999997,27.700384574873553,12.532645800250434
12.135489843253426,27.866095164110295,11.990833241589968
11.140813619323414,27.772860171296323,11.099999999999998
12.130583689109818,27.92541876158952,11.421514268164234
11.49694625294664,27.972755091634866,11.100000000000001
12.207683062272956,28.111012301122823,11.467115464406751
9.555071955390751,28.630106158182866,11.1
6.601119094853992,28.138575133990326,11.099999999999998
9.927932910191698,27.290288617669347,11.1
8.087838587505239,27.43413161266645,11.100000000000001
7.772979764063203,28.235724295807845,11.099999999999998
9.468480844331626,28.043625141545117,11.100000000000001
6.767252275373775,28.039017648243874,11.1
7.83205902537764,27.024953303121432,11.1
7.377800440977546,27.514267290524323,11.1
7.632892035287726,26.557255649656852,11.099999999999998
8.039201508256937,26.767305409413673,11.099999999999998
7.2654198887963295,27.402265758147642,11.099999999999998
12.90445788,23.895284899716025,11.1
12.44218602450719,24.118259245358313,11.1
12.904457879999999,23.932178264562108,11.1
12.90445788,26.007184272690523,11.100000000000001
12.90445788,23.761651152375403,11.099999999999998
12.90445788,23.294953624059268,11.099999999999998
8.074429039734309,25.43230068412482,11.1
7.808091028191919,26.43151815076681,11.1
8.595332829337323,25.081338317203183,11.1
9.492506117456397,26.761816885936003,11.099999999999998
6.793574356313118,25.159169933192292,11.099999999999998
7.142065913341993,25.634737944832747,11.099999999999998
6.071108780888388,22.566214502283596,11.099999999999998
6.5393357445962925,25.13317209552675,11.099999999999996
6.787750029819632,25.866983765379015,11.100000000000003
8.086413054006792,25.34447753597979,11.099999999999998
7.435401975567496,24.221430922794532,11.100000000000001
8.514917889999998,25.753896842772914,11.099999999999998
12.904457879999999,24.25728995576609,12.684254504577973
12.437433664401693,24.215374372328448,11.099999999999998
12.676235434333949,24.585123397521112,11.099999999999996
9.409464474244745,24.45389178499063,11.1
12.904457879999999,23.32419353609876,11.1
12.904457879999999,23.49395090033241,11.099999999999998
10.418763822455073,22.864945896812827,11.099999999999998
10.976015224672434,23.091184190431246,11.100000000000001
9.272647447897192,24.367150497387566,11.099999999999998
8.902204878249922,23.738199051558013,11.1
9.493059344214556,24.048898514894468,11.099999999999994
9.069255275418834,24.23425353565277,11.100000000000001
7.499738849637484,23.037873339175203,11.1
7.192189224527309,23.92050924783976,11.100000000000001
7.335272346431242,24.11640587979167,11.099999999999998
7.230302132085117,24.806235239658548,11.099999999999998
7.916606052283707,24.84716762214948,11.100000000000001
7.956288104948687,24.98032300084648,11.1
12.904457880000002,22.353073790515662,11.100000000000001
12.207745282378212,21.684924099840455,11.516306937881785
11.677747977488531,21.590386486410207,11.100000000000001
12.904457879999999,23.322050077451767,11.892909692641544
12.904457880000002,20.22318672888642,11.1
12.904457880000002,21.178794610903466,11.463847936319146
7.5889856910643,22.353381974010443,11.1
11.635989301919697,23.26311023761946,11.100000000000001
7.1276694793491195,22.516684503701427,11.100000000000003
9.084273911164702,23.11501751581145,11.1
7.497870484052703,21.679684782992773,11.099999999999998
7.313438042789696,20.53227708591041,11.100000000000001
10.195176540308855,22.890468686950836,11.099999999999998
7.425157690884809,21.29538895854208,11.1
7.813591570277872,21.141151898330158,11.1
5.5705629520152415,22.26613859107786,11.100000000000001
7.637812828217028,21.82864038505111,11.1
5.6971904087619585,21.695952856922627,11.099999999999998
12.90445788,19.669988412368618,11.099999999999998
12.904457880000002,19.955344230002442,11.1
12.904457880000002,18.24195778874501,11.1
12.904457880000002,18.632713813656526,11.099999999999998
12.904457879999999,18.00669199755182,11.099999999999998
12.90445788,19.262737041049107,11.1
12.247768889451649,19.40286307420798,11.099999999999998
11.452960256725977,20.65008103467572,11.099999999999998
12.90445788,19.426693927047786,11.1
12.67458104886984,19.648157930061426,11.1
12.694282171550471,19.171311791062784,11.1
12.206505927503638,20.54031531798387,11.100000000000001
8.26830696055832,21.141553997311448,11.099999999999998
6.87775488676498,19.273847544346623,11.099999999999998
7.767792295144163,19.573541431053993,11.1
7.8152270339129615,20.80876856365961,11.100000000000001
6.502684139893074,22.819229195246862,11.100000000000001
6.830855442353191,21.292193259577832,11.1
12.425933466310616,17.070973739098967,11.100000000000001
12.171959178211015,17.487996534654222,11.099999999999998
11.700254729314064,17.195012740938317,11.099999999999998
12.66076710610236,17.707797621628753,11.100000000000001
12.436784410010697,17.838723050352783,11.099999999999998
11.947409587537647,17.326564442676567,11.099999999999998
9.147025389172285,17.615133297620968,11.1
10.731802180062651,17.381605340610548,11.1
10.063508251441702,17.477539349635045,11.100000000000003
8.928821409016317,17.594303242330582,11.1
8.974687734883926,17.437834144905178,11.099999999999998
8.824074825129852,17.326786702541526,11.1
8.334277703614307,17.760682185024223,11.100000000000005
9.645765935561577,17.36960390255527,11.1
8.943105892697712,17.964537144286076,11.1
8.51643643526921,17.263717096738198,11.1
8.990957836169807,17.635500539922614,11.100000000000001
7.44178264416409,17.626152394357554,11.1
11.630894858744222,17.1712297639351,11.100000000000001
11.846319316514434,17.27661489491518,11.099999999999998
11.566176294714634,17.199660808983513,11.099999999999998
12.441020886132788,17.842674540318665,11.100000000000001
11.898752814457277,17.5074078020408,11.1
11.359404342311354,17.072498267613852,11.099999999999998
10.192489704553898,16.880598955534573,11.100000000000001
8.181120511442478,16.690803269999996,11.1
9.979263486388618,16.690803270000004,11.1
9.8639666369226,16.69080327,11.100000000000001
10.434345849033672,16.69080327,11.100000000000001
10.26885682526321,16.928792373088672,11.100000000000001
7.62155689834019,16.69080327,11.1
7.806223863625812,16.9448658166092,11.100000000000001
7.725622610750032,16.690803269999996,11.099999999999998
7.9917595360692335,16.856034533070787,11.100000000000001
8.372447609620545,16.69080327,11.100000000000003
7.533942047159279,17.169809940870145,11.100000000000001
5.255302968907817,16.690803269999996,11.100000000000001
5.390644373491261,16.690803269999993,11.099999999999994
5.009382483128292,16.833339673905545,11.099999999999998
5.687488011043406,16.690803269999996,11.1
5.006761151432834,16.86200802393566,11.1
5.4463164523710486,17.14591446905783,11.099999999999998
8.535240403852521,16.690803270000004,11.1
9.698175597346143,16.690803269999996,11.099999999999998
7.114988992876529,16.690803270000004,11.100000000000001
7.9122740441113555,16.69080327,11.099999999999998
7.6444596176101305,16.69080327,11.1
8.099697348649118,16.690803269999996,11.099999999999998
10.95230183765035,16.690803270000004,11.1
9.735866344564991,16.87074872076505,11.100000000000001
9.60059571860245,16.786823205020976,11.100000000000001
8.887011824436737,16.785679407613983,11.099999999999998
8.929667960377444,16.95875266161493,11.1
10.108141248037123,16.69080327,11.1
8.34617826799768,17.872780845130755,11.100000000000001
6.2922753812146395,18.946692624995727,11.100000000000001
8.266459339649218,18.181492129175787,11.100000000000001
8.252135488399762,18.249767436862395,11.099999999999998
8.269275300209973,18.2903876774721,11.1
6.752019491339555,17.987795069751275,11.099999999999998
10.188115201577899,17.00371669609583,11.099999999999998
10.550174996061811,17.51827371675109,11.099999999999998
10.072687025691492,17.065720562379326,11.1
10.268712152130979,17.218136392691076,11.1
11.627356817700345,17.704983603055396,11.1
9.688818862127032,17.276451964335422,11.100000000000001
12.197717396247478,17.699955777304424,11.1
11.651610183769328,17.5243411632337,11.1
11.849672782890895,17.754016922502853,11.1
10.747089613469964,17.552702610299676,11.100000000000003
12.189954901674446,17.188920612539356,11.1
10.199234215864866,17.257918774077545,11.100000000000003
5.539491528014917,20.445581560634373,11.1
5.76844583008995,20.18236643928734,11.099999999999998
5.753710705475373,19.93419758290354,11.100000000000001
5.227130226444311,20.616576605347287,11.099999999999998
6.648890168098793,20.67552773635214,11.1
4.831561894482534,19.633746248261545,11.1
7.472387423046808,19.523393891837244,11.1
7.559135831176779,20.474182780319534,11.100000000000001
7.9237573090492734,21.09825925423109,11.1
7.868455564227026,21.421184341885457,11.099999999999998
7.977235576089039,19.966118036333057,11.1
8.499154096789411,19.986905663088553,11.099999999999998
12.904457879999999,19.35384626091409,11.099999999999998
12.689962522308864,21.10850598922927,11.099999999999998
12.102608950389905,20.542578134821582,11.1
12.666953343951326,20.941251842779764,11.1
12.90445788,20.69843785978892,11.1
12.90445788,20.594957827559362,11.100000000000001
4.453422324916478,20.315734366119262,11.099999999999998
4.880001768381997,22.069939847136702,11.100000000000001
5.166817100601164,21.375661214377143,11.1
4.345950900038979,21.22041385694751,11.099999999999996
5.650977621749283,22.48555474096819,11.1
4.525641877715181,21.83085578843893,11.100000000000001
8.016740299067719,22.551577719975295,11.1
7.09626884808914,22.87495732752105,11.1
10.862111779359918,24.140280700402187,11.100000000000001
7.1564923628490416,22.663411793001202,11.1
7.997701006922757,22.96190031197232,11.100000000000001
7.17223988836695,22.751120633245666,11.100000000000001
12.904457879999999,22.21675575339351,11.1
11.8998190155389,22.33904273597439,11.100000000000001
12.904457880000002,21.43358381183922,11.100000000000001
12.035299257110047,21.733709211131842,11.100000000000001
12.904457880000002,22.218758719663672,11.100000000000001
12.904457879999999,22.130024834890193,11.100000000000001
6.119876132199042,24.545183272685897,11.1
6.127707941020932,25.20341258353009,11.100000000000001
6.075597110993131,25.241645924172527,11.100000000000001
7.229926999883382,25.771940077416758,11.100000000000001
7.36906425127684,25.859234692424717,11.100000000000003
7.678352796897634,25.348946419557194,11.099999999999998
7.7301019886352345,23.46442356526089,11.099999999999998
7.623556663948211,24.822561564203998,11.100000000000001
6.615085583600351,23.37962420684713,11.100000000000003
6.63623994749287,23.76411826633976,11.099999999999996
7.125294327586211,23.41874951844598,11.099999999999998
6.610939527227276,22.65447504180353,11.1
11.545542783647532,23.06338134722017,11.1
12.005978336858156,23.866014802004802,11.100000000000001
12.502407963829945,23.000822254552894,11.1
11.677052184798704,23.426456669770516,11.100000000000001
12.90445788,23.262693865734242,11.100000000000003
11.57141944202853,23.276940538755404,11.100000000000001
7.032569838693006,25.66619907635351,11.099999999999998
7.862370531623821,26.053096676390922,11.100000000000003
6.953668636075716,25.907522263778738,11.100000000000001
7.110682466313103,25.97668672998409,11.1
7.506223760310098,24.800236211749098,11.1
7.565318413211029,26.724059186760364,11.099999999999996
8.246816499436392,26.1376231356285,11.100000000000001
7.65416432246496,24.842269159664877,11.099999999999998
8.957473586198297,24.700065449756163,11.100000000000003
8.331082955621602,24.61389710652345,11.1
7.068781053853288,24.169790000425678,11.1
8.243578212829439,25.331005255628018,11.1
12.418033558288174,26.245339016396226,11.100000000000001
12.668376626961454,25.637810228933034,11.1
11.009281466753976,23.963315596957703,11.100000000000001
11.892829980759883,24.29119658140279,11.1
12.90445788,24.703397726318588,11.1
12.406363738183101,23.999457610268248,11.1
4.5547959013341,26.983744711305192,11.1
6.25571601484473,27.16562633766884,11.100000000000003
4.921731341158517,27.42762428161409,11.1
5.350925243446407,26.761238684605548,11.100000000000001
5.486216651154122,28.60183312736035,11.1
4.603591616261463,27.658742102418056,11.1
6.379179074269482,27.158274450762878,11.1
6.4100958932421666,27.234312200757188,11.099999999999998
5.387265823795657,27.820714905292878,11.099999999999998
5.815470988587151,27.524241625052834,11.1
7.470878184064483,27.074053063223452,11.1
7.2116116487936655,27.153489250510837,11.100000000000001
11.873671911108678,27.328819631739535,11.1
11.833262581129533,27.13680002452809,11.100000000000001
12.510395586936244,27.9567505488251,11.410887961209745
11.768045381664608,27.81075971981583,11.100000000000001
11.952819066840565,28.203324773871152,11.100000000000001
11.694150422581837,27.618079526012416,11.1
4.604272781258313,28.695849602754834,11.1
5.251027304191049,28.767586152598973,11.099999999999998
5.653867039679939,28.240192009373956,11.099999999999994
5.103432256343123,28.74600298997501,11.100000000000001
4.1253779,28.446481185627295,11.099999999999998
5.737979704416652,28.654973235227832,11.100000000000003
6.084035579478005,28.70041115891133,11.099999999999998
6.087446433727954,28.78012757222671,11.100000000000003
5.858690409766893,28.79208971610235,11.1
6.4111408916793104,28.762556717061962,11.1
6.531313753971589,29.06629268917633,11.100000000000003
6.101656119890695,28.905345771657284,11.100000000000001
11.939502922921085,28.38701916750075,11.1
11.886380635171525,28.413314655200544,11.1
12.678091978739586,28.183260629146385,11.099999999999996
7.790147934905739,29.014403302755216,11.100000000000001
10.597164264304762,28.37603482826902,11.1
11.674912613512863,28.250079236261953,11.099999999999998
12.670367872233761,28.33575892177057,18.5
12.448315325004113,28.72426640536134,18.500000000000004
11.965927959869333,28.830516783686306,18.500000000000004
12.656709375132435,28.724259884767005,18.499999999999996
12.18456816501692,28.930797779192332,18.500000000000004
11.945427119992871,28.913320237019075,18.5
6.4407880256631564,29.132896130530426,18.5
6.255086814921264,29.13217024450885,18.5
6.5006125090934805,28.998137030474076,18.499999999999996
6.851059677415863,28.808115857867143,18.499999999999996
6.779952069629715,28.86675936631065,18.5
6.842246814364122,29.20753202,18.5
6.699243281374145,28.97607806510273,18.499999999999996
5.912654507179555,29.20753202,18.5
6.071355441976814,29.135121789811176,18.500000000000004
6.549771973842523,28.923136461946875,18.500000000000004
6.883772997389394,28.907562823943067,18.500000000000004
5.972096910647323,29.20753202,18.5
12.68711553661911,27.63659047297841,18.500000000000004
12.664048850693941,28.50987679695183,17.253238387242543
12.904457879999997,27.823311557739586,18.499999999999996
12.671757515418694,28.116236796454352,17.2445743717037
12.90445788,28.20613692563579,18.5
12.904457880000004,28.38736484322054,18.5
8.9365834271566,28.1537349492431,18.5
6.793556606510127,27.72414821876108,18.500000000000004
6.555142945793476,27.844047664110406,18.499999999999996
7.080889093187231,27.09414219815548,18.500000000000004
6.242813095977283,28.021812250821558,18.5
6.542035153096796,28.148342329933072,18.500000000000004
6.662892371058999,28.5288299571011,18.499999999999996
7.47043175569366,28.566569913625663,18.5
7.664140296087695,28.77191634102267,18.499999999999996
7.931553154183263,28.685200454855288,18.5
7.9724266256734015,28.352353585434685,18.5
6.805748213619161,28.385773085622624,18.5
12.90445788,25.81621544519861,18.500000000000004
12.904457879999999,26.366282579269278,18.5
12.904457880000002,26.623077517895005,18.5
12.64589292335072,25.05589788329861,18.5
12.90445788,26.238887858230843,18.5
12.904457880000002,27.139481045632387,18.5
7.266051003113898,26.009179117074304,18.5
7.494046769937454,24.480115461983708,18.5
5.735986420992116,26.250233693767424,18.5
9.857259413763678,25.04258845659012,18.5
9.136982127403678,24.83367012824664,18.5
11.605498996602142,23.892897210890965,18.5
7.112404551162596,26.18596471187427,18.5
6.418188849885046,27.492009981187966,18.500000000000004
6.424296707095026,27.114163014345536,18.499999999999996
6.4358524676454625,27.52065844033784,18.5
6.19379971932935,27.40832928231877,18.5
6.976008709199959,26.646991343287915,18.5
12.904457879999999,20.960367208935278,18.499999999999993
12.904457879999999,22.079336412425505,18.5
12.90445788,23.205763076642715,18.500000000000004
12.904457880000002,23.433978938631206,18.5
12.904457879999999,23.463943152358617,18.5
12.904457880000002,22.175530411646825,18.5
8.344685942903943,24.059270183514005,18.499999999999996
7.362454725472388,25.091720462827215,18.500000000000004
9.553882534273761,24.25633158867143,18.5
8.828883621476425,24.35696671908552,18.499999999999996
8.119073326362965,24.943544061179427,18.5
7.126822300913434,25.02097595246064,18.500000000000004
10.166722120863074,24.132813899765853,18.5
8.04006768313531,24.39050742418451,18.5
8.375579822116599,24.48359468872918,18.5
9.77022835029506,24.783641788372655,18.5
8.307728360938011,23.78035873604778,18.5
8.591291074052592,23.397219945613863,18.499999999999996
12.90445788,20.271375289944864,18.5
12.90445788,20.83814146295343,18.5
12.670566830422315,20.074594813519507,18.499999999999996
12.904457879999999,19.25835172488595,18.499999999999996
12.90445788,19.396247362541278,18.5
12.904457879999999,19.886267859557314,18.499999999999996
9.703626975945102,22.713605363748066,18.5
8.159881182283177,20.752032269963287,18.5
8.582565630257614,22.903118599842006,18.5
10.908273777239739,23.537185187099965,18.500000000000004
11.446128856539676,22.908433950052984,18.500000000000004
11.060344636613756,22.55835841490809,18.500000000000004
10.529833264749605,23.836601822466147,18.5
7.768065065325679,23.474099559636706,18.499999999999996
9.424997749097148,22.331518912043972,18.5
8.893947277676567,22.352263833970706,18.5
8.125494951378204,22.624289919962393,18.499999999999996
8.597143616288273,22.6710579456539,18.500000000000004
12.90445788,18.57993935695471,18.500000000000004
12.904457880000002,18.554596574387947,18.5
12.494994668552192,18.4292221340345,18.5
12.904457879999999,18.481203894315556,18.5
12.904457879999997,18.70216716399098,18.499999999999996
12.446737641967083,18.80719101383249,18.5
11.062220644678083,18.676564482125826,18.5
11.29379685067239,19.531524603549677,18.5
11.03489800228246,18.906995275908475,18.500000000000004
11.565194794653635,19.449127535723207,18.500000000000004
10.450232344693493,19.226960863016007,18.5
12.097477157177787,18.39218305222673,18.5
6.794984226326049,19.741045363765323,18.499999999999996
7.808697336180881,20.408856588847154,18.499999999999993
8.136057939434751,20.512879132579148,18.500000000000004
7.987106678171548,21.310926828612082,18.5
8.411506334539173,21.178233362751055,18.5
9.302367104952216,18.380900751773417,18.5
12.679762882913126,18.629005831986586,18.5
12.702776000134964,19.015423390906314,18.5
12.709237505686778,18.787186286155084,18.5
12.90445788,18.52742131422427,18.500000000000007
12.470109500390894,18.90392982101124,18.5
12.245683519770694,19.030277561646567,18.500000000000004
9.250268348489545,17.34211482820014,18.5
10.714173100872534,20.505042719430048,18.5
11.334018456979228,18.594579146304632,18.499999999999996
11.399373046028023,18.288437265025614,18.5
9.640958282606123,17.50140360259507,18.5
10.701509329448582,17.891572215321265,18.500000000000004
9.53673737774596,17.965479793755826,18.5
7.0936137018334335,17.228602650848252,18.499999999999996
9.80708007888086,17.640001108122096,18.500000000000004
9.61092720723321,18.0368358163239,18.499999999999996
8.231843596472034,17.090326493882657,18.499999999999996
8.850053659556258,18.162130276572714,18.5
12.126982052924216,18.058596978518658,18.499999999999996
12.425064610919287,18.602593896823095,18.5
11.95711030769904,17.75216302322904,18.5
11.476750718442357,17.682273106854545,18.500000000000004
12.405819006674276,18.249535822556798,18.500000000000007
11.362239262157381,17.47149957932728,18.5
7.285838512871073,16.863023512190274,18.499999999999996
7.047058405227155,16.69080327,18.5
7.285863296656498,16.847667133350306,18.500000000000004
6.875998647563512,16.69080327,18.5
6.773273612700179,16.917471234923962,18.500000000000004
6.9268442138693755,16.69080327,18.5
6.9214474266860355,17.044600280568446,18.5
7.594683831160745,16.78493011522888,18.5
6.863455105690869,16.76227829321981,18.5
6.4946856986813986,16.842076575913712,18.5
8.18018651903513,17.23028847086797,18.499999999999996
7.14646532853333,17.397064561318363,18.5
6.324998953738673,16.965914748648494,18.500000000000004
6.4673240832891805,17.482616998730236,18.5
4.714944770436661,17.136826490939985,18.5
4.542866208861966,17.912631595435982,18.5
7.67769606587863,18.704493466667692,18.5
5.740444495486565,17.981897328278578,18.500000000000004
6.9450881330535985,16.849970491048055,18.499999999999996
6.6972076629019925,16.69080327,18.5
6.834256332618384,16.774001059067725,18.500000000000004
7.1548213703078245,16.69080327,18.499999999999993
6.993372790147381,16.690803269999996,18.5
6.9818875045166,16.690803270000004,18.5
12.280230136845502,18.265746923491523,18.499999999999996
11.473616834305716,18.9494040714997,18.5
12.904457879999999,19.55861218628331,18.499999999999996
10.152921930728585,17.567208425241102,18.5
10.31961286042645,17.325844586726625,18.500000000000004
10.663370730534893,17.755910176536432,18.499999999999996
10.068906145072726,19.05060272837451,18.500000000000004
8.80546824207065,21.528387734934768,18.500000000000004
5.969132239899045,17.751954846059224,18.499999999999996
4.557380112528197,17.371892232605273,18.5
8.033077779927197,21.099459173197562,18.5
7.879865660306668,18.71030093594132,18.5
8.750970127127719,18.37990774977309,18.5
8.538243569171845,17.30163900341412,18.5
7.955950377315717,17.869548419606307,18.499999999999996
8.027503190826172,17.332283654192874,18.500000000000004
8.073579972507236,18.202774295344643,18.5
7.122919639988485,17.636349661676398,18.5
12.24680652970975,18.787934196504963,18.500000000000007
12.460208539207043,18.591548352350728,18.500000000000004
12.904457880000002,19.970365670278134,18.5
11.109941669137847,18.3498042988514,18.5
12.100444284299778,18.40971303442474,18.5
10.76557713622791,18.399071072019392,18.499999999999996
7.626894013084222,20.479196224696715,18.5
8.071273833385533,19.955790318220906,18.500000000000004
8.355082602796845,20.1809259565412,18.500000000000004
9.531800153191144,18.627394736681783,18.5
11.433518013244269,19.67090678372343,18.5
9.488769143982827,20.57685569774933,18.5
10.569640511224614,20.150520788213854,18.5
9.909162320705976,20.975482470445574,18.5
11.231089539246327,24.54313136534284,18.5
9.467425979794735,21.26377826284193,18.5
9.529859983135049,20.82633119641311,18.500000000000004
10.592458322927518,20.226754602879478,18.500000000000004
12.694900550264428,20.815159152703846,18.5
11.420097432223345,18.231391523604852,18.500000000000004
12.689047225936967,19.723387024439983,18.5
11.720051495118172,18.371163691787373,18.499999999999996
12.458261826262445,19.611008752237574,18.500000000000004
11.989389372820515,19.726568684085066,18.5
9.033483504842447,21.87130941946731,18.500000000000007
7.863297502412365,23.147091013292734,18.499999999999996
7.172721949513669,23.25976700024128,18.5
8.066586352788836,22.189527933255803,18.500000000000004
9.463634774157173,23.710668495315584,18.5
9.115154060939988,23.064896342898283,18.5
11.803917579303578,24.76459926102505,18.5
11.278756713780853,24.36782491807423,18.500000000000004
11.144939534296894,24.35943030013429,18.499999999999996
11.271336099627831,24.13662153680014,18.5
11.176281694008228,24.388800319061403,18.5
10.427206070532575,22.656018783588774,18.499999999999996
12.904457879999999,24.524772535256538,18.499999999999996
12.70909847995261,22.087597130029213,18.499999999999996
12.904457880000002,22.521603240394857,18.499999999999996
12.681951818900012,18.62933306987745,18.5
12.7114198613383,19.71099219142456,18.499999999999996
12.90445788,20.309012224176197,18.5
9.782598661531345,25.25387521329057,18.5
9.227345731179101,23.4761933493747,18.5
11.264144704560001,25.059480730204275,18.5
11.378586526169602,25.17042089439054,18.500000000000004
9.724542640638907,24.545286541638536,18.5
11.34011696871618,25.837264228175066,18.5
10.667693188195964,24.9398509240818,18.5
6.666801440659886,23.56769012033855,18.5
7.929574770743913,24.34725091645775,18.5
11.648594159651111,25.135774965419508,18.500000000000004
10.822936481462586,24.492912010414013,18.499999999999996
9.254649021607149,24.512832745453217,18.500000000000004
12.4132726500256,21.240759964053492,18.5
12.674164367599152,23.637661119394505,18.500000000000004
12.90445788,21.409064880773254,18.5
12.466295333553234,23.883961850800464,18.5
12.90445788,23.982620207222666,18.5
12.671886329503897,22.657110337409062,18.5
8.7089281110985,27.117067577722594,18.500000000000004
8.963166385196054,25.015916236414128,18.5
9.218179525657941,25.01723454188991,18.499999999999996
6.586598168456523,26.078608333342096,18.5
9.858569447652728,25.511611975900127,18.5
6.426525014959324,25.171501299480912,18.499999999999996
6.510175380133716,26.1806334520203,18.5
8.09796515393517,26.27354776710209,18.5
7.01823481544154,25.855751735528298,18.5
8.452437468522621,25.730304013692656,18.499999999999996
7.488587086247766,25.44791217368681,18.5
11.181214191294957,24.74015391034981,18.5
12.518970715351108,26.073359453242524,18.5
12.904457879999999,26.541656301671665,18.499999999999996
12.904457879999999,26.075741551498442,18.5
12.904457879999995,26.330886989280827,18.5
12.904457879999999,26.20609350972209,18.499999999999996
12.904457879999999,27.11454060441324,18.499999999999996
7.031696174364725,28.76163386082387,18.5
6.669792664805814,26.697872239352744,18.499999999999996
7.0815483120316784,28.942696512422476,18.5
7.17633514026304,28.847029297613577,18.499999999999996
6.102041209816364,29.20753202,18.500000000000004
6.18668731840957,29.117149599682225,18.500000000000004
6.836939598701779,27.78726989935021,18.5
10.341602787360513,27.544496931751596,18.5
10.22454466744792,28.257559186640048,18.499999999999996
6.992666851764505,26.925891028779688,18.5
8.46974070063106,27.039876409562005,18.499999999999996
8.340974825490274,27.08310767134022,18.5
9.72451347996033,28.506819762926725,18.128707788885585
11.235544768273297,28.533752590984598,18.500000000000004
10.697462868120157,28.748574955040045,18.500000000000004
12.666512034863679,25.593132264427084,13.453745291975308
12.904457879999999,27.745162539321303,12.21537494418056
12.904457880000002,26.662805162211132,12.987897365743189
6.12114153078143,29.136752842539092,18.5
6.24733805667894,29.207532020000002,18.500000000000004
6.3070064563836485,29.207532020000002,18.500000000000004
6.158914271760846,29.20753202,18.5
6.421535415175949,29.20753202,18.500000000000004
6.163612130917199,29.207532020000006,18.500000000000004
5.75062936476512,29.20753202,18.5
6.170527855936259,28.70475483829972,18.499999999999993
6.38782357784109,28.70089861966404,18.5
7.609967673194306,29.131476267051376,18.5
7.835302773043294,29.017090858306215,18.5
7.786737245866936,29.027827795488296,18.5
10.273054060782993,28.52384896262956,18.5
10.166212112390951,28.77307546530902,18.499999999999996
12.657869887576934,28.467549534200973,18.5
11.33317163933585,29.009326682356605,18.5
11.82767577053562,28.84834099988801,18.5
11.694193023489904,29.009348509247875,18.499999999999996
