4.1253779,24.054386558372737,18.500000000000004
4.125377899999999,23.07730339605659,14.591771276054168
4.125377899999999,24.057388762359196,18.499999999999993
4.125377900000001,24.138119274886915,18.064068757324016
4.125377899999999,23.482729179448626,16.531816947071118
4.1253779,23.314909627968266,18.5
4.1253779,23.588552304507576,16.075461771454577
4.304972299730927,23.875958585348446,11.571624083623876
4.301852940225107,23.599126581076725,12.40023067298323
4.1253779,23.722918549523058,15.306424928858995
4.1253779,23.87153093783597,11.599756089260506
4.2814330503486016,23.343726447515362,16.821747842002864
4.1253779,23.625730229731538,13.404704710201784
4.125377900000001,23.661210705556755,12.160303492413668
4.3050356828695575,23.574224133960357,12.423685248579906
4.293115739825792,23.698701187139392,12.08739163063083
4.125377899999999,23.62488975862951,15.88515671921549
4.495843718245415,23.34855856395888,13.379818190823315
4.639976583730234,22.82786897133612,16.12456295370757
4.9120547094163225,23.325867423141073,14.359410237249014
4.498658373793562,22.663529894965446,15.758885721616862
4.92613469620128,23.31660789585085,14.724920115940456
4.636694184026633,23.128666051896044,15.439083691613687
4.72095764268404,23.422272974046052,13.600761107276943
4.1253779,24.18559116805256,18.031112631035786
4.532686498690569,23.730235309784035,11.725528225761932
4.125377899999999,23.87040136817677,11.63386823126572
4.754002828376358,23.348809773542985,12.109493244797036
4.1253779,24.18112390772046,18.052523194627753
4.1253779,24.22103369393571,17.374151606984235
4.125377899999999,24.194176685503344,17.62081321933347
4.125377900000001,23.706318618827627,12.041368467989727
4.1253779,23.49217698751866,16.652449180104405
4.1253779,23.48274606723907,16.68639633893823
4.1253779,23.47418548745524,16.714979636707433
4.1253779,24.070808691250367,17.986258003957644
4.328630352781542,23.368215949767475,13.39676202292782
4.1253779,23.38256500067897,13.869603114772962
4.125377900000001,23.93573753939463,12.154231348953584
4.327164259171455,23.60869426640738,13.060298552029552
4.125377899999999,23.517457494142096,14.021101520764837
4.1253779,23.81842960229392,13.14519929664173
5.191016707027617,23.138075649604822,12.185913263349603
4.125377900000001,23.399524149514956,16.74573911696278
4.934348741366061,23.173708627278963,13.481816424109175
4.280081829607739,23.35034080881079,16.77220906275118
4.526237864696779,23.444251227953085,13.357314764532475
4.280081739152502,23.350340741729255,16.772209702389286
4.638290550685167,24.25196720700618,11.369962999901709
4.125377899999999,23.738898550635266,13.282260740196753
4.125377900000001,23.882055921270705,11.628523320470595
4.1253779,23.73978676784452,13.263680431738553
4.125377900000001,23.372375454417522,13.736530717188833
4.1253779,23.56664890269265,12.914478816548332
5.914023681803528,22.986145814223036,15.167501048862308
4.888130216921931,22.946578496163553,15.765966750794881
4.841138156394039,22.55159657945648,16.232757970537886
5.291465371933366,23.08558589635438,14.593906250706645
4.909614163495326,23.088272308017274,14.560260694910014
5.251798255449167,23.00095760516954,14.625220972755821
4.671628660077439,22.73118764792512,14.699202898983028
5.498278757021005,23.36155180554434,11.749677778133787
5.620617582187745,22.968363621881828,12.12886404763333
6.035977450962254,22.95491309066543,12.22485356119526
4.743632961629446,23.49115814603188,11.76637844279287
4.5613529268415185,23.322904981376045,12.125724810034876
4.54310906159495,23.78698885820621,11.72059760352451
4.312713032918719,23.685940596950424,11.63208370221774
4.543109197358218,23.786988815942607,11.720598043484944
4.3057764859152865,23.830542492684444,11.57373899420283
4.125377900000001,23.87040167914772,11.633869211519078
4.31271302853837,23.68594065593854,11.63208447900396
5.093822559959021,22.92441989317379,14.58091439506897
5.683309618839893,22.89292768248773,14.676506932003118
5.5361512578079815,22.684188180949878,14.557922012282322
5.648580638888401,23.040477225700847,12.21609197614146
6.071855052768846,22.954472463873813,12.139415503938682
5.900755363768043,22.798636746592585,14.632046348879554
4.564583013615625,23.072675467190397,12.133323544927523
5.127420791752583,22.723037165605472,13.61839996222588
5.250017735087576,23.10035286271865,12.150122611194918
5.5333949863961145,22.964043238903653,14.014267428350031
6.088291008733043,22.94805988842528,12.216285581041442
6.035977583287947,22.9549131261608,12.224853045381133
4.528721310473,23.600267560954748,11.736920127558914
4.470133903819548,23.84921821454229,11.629463323928439
4.525140208671682,23.83672587627329,11.620514310448598
5.015188498523318,23.292115156908547,12.132172592825219
5.47053286110086,22.95857691798722,12.120543561460918
4.993865956543271,23.068327809137156,12.12879740335099
5.824007273143717,22.80824955099508,14.096583915282208
6.392464300209661,22.789561829260382,12.186839193268895
5.112334639425695,22.359213860575455,15.085529304133855
5.222153732690708,22.206779264346743,12.417528529600851
6.0804820519089136,22.686022362411066,12.20042795356566
4.941327133206519,22.738834384625843,14.092668538685599
6.072553325333132,22.766565916862557,12.192700279963201
6.052427061062579,22.756777776206672,12.177667450019273
5.795682820391782,21.945111933836348,12.883014539425613
5.879692211876802,23.324432988785418,11.783591892041139
5.920322565994515,23.27724658338376,11.758179043417032
5.222153655594592,22.206779606412614,12.417528843045089
4.307640198310967,23.642837858256843,12.514232034172814
5.394098450941352,22.470395110644183,12.33664288274884
5.235684682771664,23.049085427911294,12.177622843133879
5.649166139393137,21.96106578143921,12.852731811234799
5.158761259825453,22.221060668406853,12.427819645021211
5.1861101584189075,21.956195451379013,12.853924575177818
5.376961218791116,22.17982355824474,16.050871148608394
5.723711153162097,22.731940541115048,12.10762732624628
6.523768801487165,21.905517312479397,12.437678118343358
5.500181684511049,21.923940031209224,14.78101926427147
6.253548292864954,21.809511988263072,12.461926924257593
4.616288683332579,21.679266884289376,16.736283970213353
6.164459060571577,22.650833693088924,12.139051612787465
6.130367171794095,22.67309423951174,12.177878183087861
6.078009693008396,22.772040208632415,12.195763502415973
5.795682965560586,21.94511187717979,12.88301419952752
6.164459097730931,22.650833945754492,12.139051496539428
6.109725566407697,22.664705924564654,12.163247395014553
4.743392295191043,22.020500589823726,12.33387536717661
5.188690143328854,22.020544890155065,12.377331755264052
4.1253779,23.764626736137885,11.634895864738931
5.197177212296034,23.012721999408623,11.771710465064357
4.316825912276902,22.408062925538665,12.343912848864914
4.537150029925513,23.295991273055506,11.711744758433587
4.125377899999999,22.026927206113363,18.5
4.1253779,22.089527851617934,18.500000000000004
4.1253779,22.089528061825067,18.5
4.42878070720674,21.727947886345326,17.420823762418387
4.275453170974149,21.2675220400118,18.258912678361376
4.1253779,22.221807080270935,18.500000000000004
4.617034151282196,21.618891889510447,17.039065361618146
6.51676659890324,21.895510825352677,12.433768321355792
4.125377899999999,22.08952720574158,18.499999999999996
4.1253779,22.22180578156399,18.500000000000004
5.139940125195778,22.289588766171978,15.295992719678338
6.16446012822731,22.65083325646051,12.13905019102391
4.1253779,22.48434292455553,15.251304881674075
4.125377900000001,21.62329765600179,16.62762056137684
4.125377900000001,23.59754721795892,11.631297732164377
4.522977936263362,21.474341900631003,12.852047612828082
4.291914351156527,21.182697949860067,17.958900398571977
4.1253779,23.16639029480694,13.739720037513846
4.1253779,22.221806143230612,18.5
4.522900130032209,22.136623532217765,15.992005488170818
6.108977936565259,22.75101190289154,12.16754714906659
5.231105540780277,22.217576009601952,12.428279145953702
5.139939213489647,22.289588133656995,15.295995163508422
4.7859370953356315,21.751926571475035,16.75771378455616
4.291596788427024,21.242997150933,17.68310652923079
4.631449461749236,21.680084692694514,16.724006097191563
4.447998282614805,21.7898891868169,17.381410569787754
6.345035797791211,21.80920402067332,12.463632320668417
4.615767936578035,21.615408886327486,17.02376445109344
4.631448678546823,21.680084535493148,16.724008816078985
4.47146970751356,21.666712167439822,17.25543082173833
4.452274156899902,21.964788208671145,17.946381357104837
5.504490457005545,22.140632748140835,17.346819482177743
4.466141246012939,21.710712553497125,17.29630012343303
4.849653945432159,21.854385080010548,17.25265957238972
4.804116551331547,21.720583073404,17.07004813728832
4.522900615318132,22.136625821280553,15.992001764397367
4.440277829314415,21.725081362923312,17.397288197119448
4.1253779,22.42128474934262,18.22012949093621
6.148230526450224,22.681847462460976,12.1556575782218
5.250853902478219,21.87283492712121,15.576702701131781
5.3107062603603685,21.890755634668608,15.829846969358387
4.9678509790580705,22.798224648424156,14.118374140338636
5.70778336519949,22.890087622403655,14.664382370513371
4.458528011398458,21.928845117383133,17.935788000300455
4.471469358024132,21.666712640878856,17.255431074499146
5.233646949045877,21.746946299497242,16.918876754632294
5.080591048738555,22.204076311583844,15.152669801454477
5.53189007858668,22.140316420941684,17.32368974740375
5.148755020346441,22.238480500697346,17.64650745371718
5.148754400518748,22.23848086273919,17.646507900143156
5.324804662124565,22.480578207396025,16.540159951088405
4.997180895856084,21.589056104646232,16.944172229729038
4.849653624631825,21.85438572319805,17.252660743959662
4.484045041257142,22.3612029118973,15.9723509253641
5.570629088169872,23.060590522647285,13.026347373389427
5.330039716333867,22.955702644971588,14.148257809602814
4.750669927012556,22.294616385730603,12.348403786270781
5.38675418162413,23.359160422678535,12.913176917738452
5.310409945835378,22.89018887456977,13.668616005638292
5.8875905805870214,22.770954994722654,12.194039980422929
4.890452246199337,22.28712091202084,15.521693024716319
5.426272218998773,22.02104174369232,15.551708401954508
4.701199626475511,22.207352065283363,15.508726393007253
5.659949208197858,22.972436894717852,14.696872500819204
5.6575338632765595,22.954214668885538,13.635211389963942
5.14875447511899,22.238480883963913,17.64650807352784
4.1253779,22.06301219521473,17.66980395804594
4.125377899999999,23.094895517760165,18.5
4.1253779,23.831649766695303,18.500000000000004
4.748435056611664,22.455420280168976,17.983081707658812
5.1487554825428585,22.238480279616116,17.6465072739675
4.520178763990925,23.164641314177697,13.535526184607898
6.535093066339296,22.87592004154562,12.19804283751306
5.277883301098144,22.97498255391548,14.70684313975156
5.671333377543893,23.048346722391607,12.206382016589748
4.659106549851516,22.34134198051265,16.448169063293747
5.665585286898872,23.0446537955655,12.202268291745684
5.626310734140404,22.986993841438625,14.689364193969626
4.910809424837126,22.809268216207943,14.484792610334864
5.716509821960217,22.10612098319579,16.109497958238965
5.223977929017701,21.819110173340558,15.936855069447406
5.730397257470633,22.964345779820192,14.638875699402849
4.488056696219863,22.372190644681737,15.50597378017097
5.330127787727772,22.03947647781413,16.112008542411004
5.3393342713302765,22.484243507470666,16.10717205053222
5.134702325991777,22.005938025381,17.35719413387254
4.88617652476448,22.40881724469336,17.20077748537754
4.818903451452225,22.003934282342158,17.897074315568013
4.455155308352944,21.716022548388196,17.313384566625363
4.911405937824865,22.809841920872348,14.487359728364787
4.9215404392073925,22.96258368681073,14.15498092926836
4.936839630716483,22.818453828177237,14.461665231063922
4.927874691855554,23.142599229675962,14.054898842826557
4.569721322668289,23.30798369843405,12.145412611226963
4.921540160090892,22.962583389532707,14.154982153023179
4.911405745506798,22.809841305164525,14.487361597998524
6.101250040419941,22.95445338856841,12.205330725819962
5.435726655897475,22.96865013946657,14.108347654410162
4.87863314379777,22.982280741013106,14.722049274730695
5.64858058574254,23.040477377187845,12.21609082846849
5.64858052668568,23.04047735265455,12.216090884134783
5.687560804962149,22.97149510196888,14.666701071576501
4.125377900000001,23.074239079224146,18.499999999999996
4.380260905452137,22.878738874611155,18.073488399256224
5.225438451451133,22.481140943080202,16.918447863014272
4.125377899999999,23.769902587625115,18.268148628666175
5.225438853690574,22.481140879036733,16.918447354680975
4.257482174293024,23.472379406599003,17.22885922360482
4.896838445016187,22.964360316288076,14.121398097696494
4.125377899999999,23.423991902478758,16.5029739079016
4.1253779,24.023076540722045,11.626694705042492
4.1253779,23.592357893328714,16.06596291642962
4.3907272844474425,23.417172850460545,17.184037338464815
4.125377899999999,23.314840476053053,17.61877377322708
5.666505224503858,22.974169915444374,14.677104105600783
5.241536876929844,23.13622160865941,12.13331206352383
4.524823443398714,23.21392792577557,14.075701109271304
4.868547763484059,23.075919607845588,14.673549545620771
5.638634434673227,22.975136729981532,14.707451674632326
4.125377900000001,23.175769414462486,18.5
4.125377899999999,22.887598875430214,18.5
4.344561153813964,23.287931464293123,18.5
4.125377900000001,23.080044121858283,18.22384334220676
4.1253779,24.00042266057846,18.500000000000007
4.125377900000001,23.9553383776994,18.499999999999996
4.125377900000001,24.139538396591128,17.399441341752183
4.1253779,24.641794436541698,17.879019837550484
4.1253779,23.555794928466856,16.610878089759723
4.125377899999998,24.02357883896334,17.667100258685203
4.237827908965709,25.725875904725378,18.499999999999996
4.1253779,23.665406673695212,16.809777207671157
4.125377899999999,23.70978223884454,17.69711014123132
4.1253779,23.949268934382488,18.5
4.1253779,23.999608781119203,18.29334342867524
4.125377900000001,23.452036937705056,17.65476524845992
4.269612022115738,23.40862093506811,16.785830226729598
4.125377899999999,23.69572818472588,16.652495555471926
4.1253779,26.20556774602106,18.5
4.1253779,23.958136020118644,18.5
4.1253779,24.325893128418304,18.500000000000004
4.1253779,25.481552856165585,18.5
4.1253779,23.958137415202856,18.499999999999996
4.125377899999999,23.958136757697588,18.499999999999996
4.1253779,23.61882086452194,15.514541573584843
4.125377899999999,23.67989971829102,15.881599324768318
4.1253779,23.596717771397923,17.424999878590384
4.125377899999999,24.140806072912305,17.426400799281513
4.125377899999999,23.870440859890135,11.634637587512238
4.1253779,23.773032610107396,15.32204454425736
4.2505762895533294,23.46367491238655,18.287508635387947
4.256301091407967,23.728241549618772,17.787316659442222
4.41437464578926,23.13783750283065,18.5
4.643326705620755,22.49437007469526,17.430844953811388
4.50294906005317,23.70211731501239,17.493344635499984
5.0115492828342605,22.551491505459595,16.117379676464488
4.398009602585443,23.09749256917498,18.500000000000004
4.125377900000001,23.76707438339969,18.500000000000004
4.125377900000001,24.33996646710413,18.500000000000004
4.125377900000001,24.565528509115417,18.5
4.125377900000001,25.45920800945228,18.500000000000004
4.38570371579816,23.365533609478437,18.5
4.1253779,26.46582733951301,18.5
4.1253779,25.743556504300116,18.5
4.231298045036047,24.267550963529708,18.499999999999996
4.125377900000001,26.465827705957757,18.5
4.1253779,25.25210029492047,18.5
4.125377899999999,25.157520107849425,18.499999999999996
4.194599771442564,26.9164342264804,18.499999999999996
4.194599583058204,26.91643473884611,18.5
4.258112539195942,24.53985256382309,18.5
4.262940589089532,23.330766774022994,18.499999999999996
4.194599436537039,26.916434031295175,18.500000000000004
4.1253779,26.18281046835541,18.499999999999996
4.1253779,25.72559633583642,18.499999999999996
4.1253779,29.207532011169295,18.500000000000007
4.125377899999999,25.776122877653943,18.5
4.125377900000001,24.92273564078588,18.499999999999996
4.125377899999999,25.902876621513798,18.499999999999996
4.125377899999999,26.577417898069427,18.499999999999996
4.125377899999999,25.107136445735332,18.5
4.125377900000001,24.53646974608844,18.5
4.125377900000001,25.1297852068872,18.500000000000004
4.1253779,25.129781969106926,18.5
4.1253779,25.680399444497134,18.5
4.125377900000001,24.461309600611465,18.5
4.125377899999999,25.160261555311127,18.499999999999993
4.258112943888653,24.539839636202238,18.5
4.24685258840417,24.052388144301883,18.499999999999996
4.288886169924623,23.611611425524206,18.5
4.2878822905805185,23.624015282871976,18.499999999999996
4.27135429553717,23.307063172369972,18.499999999999996
4.1253779,27.419427920308674,18.5
4.125377899999999,25.120235952649548,18.5
4.125377900000001,25.168894364295372,18.499999999999996
4.238485619362946,23.740603250875512,18.499999999999996
4.277582885981221,23.82137798551233,18.499999999999996
4.1253779,24.63014688496348,18.5
4.258307718371939,23.0446512874482,18.500000000000004
4.246852239629754,24.05237792570051,18.5
4.246852582006202,24.052375341954278,18.5
4.2468522094250005,24.05237638625673,18.5
4.271354238638872,23.307060880319913,18.500000000000004
4.241120217256299,24.055256771730228,18.5
4.258792841493906,24.398328143712128,18.500000000000004
4.252406091790193,24.52787101820297,18.5
4.257849915345764,24.33131851719608,18.500000000000004
4.2888861453979805,23.611608838032396,18.500000000000004
4.274777132222816,23.539621873752655,18.5
4.240742211302768,24.147206416281318,18.5
4.244496662008396,23.530243398482888,18.499999999999996
4.234118575154556,23.06127465151832,18.500000000000004
4.252669530715488,23.084367722230684,18.5
4.125377900000001,24.19881093489303,18.500000000000007
4.1253779,24.244120938647836,18.499999999999996
4.1253779,26.158301586342613,18.5
4.241045111087325,24.09952417190751,18.5
4.266935740805974,23.398098282089876,18.5
4.241045234234384,24.09952493426086,18.5
4.246852207911191,24.052379189235435,18.5
4.24112056946908,24.055259689021934,18.500000000000004
4.125377900000001,24.47335186774089,18.499999999999996
4.246852538914528,24.052384196176607,18.499999999999996
4.2435557345174235,24.098410444119192,18.5
4.245245265365645,24.02596466550659,18.500000000000004
4.2435559042501785,24.0984121250906,18.5
4.270556808097953,23.513424236482983,18.499999999999996
4.237946763531702,24.10200424996852,18.5
4.243555464014303,24.098403020959896,18.5
4.1253779,24.72683121752764,18.5
4.234961781930037,24.419041677865984,18.499999999999996
4.230886397202334,23.979967029708014,18.500000000000004
4.125377900000001,25.518637683513564,18.499999999999996
4.269586417983094,23.648439585472488,18.500000000000004
4.271354167094698,23.307059568605315,18.5
4.24112087227338,24.055252776960035,18.5
4.246852145139694,24.052376173091616,18.499999999999996
4.246852750114439,24.05237253709424,18.500000000000004
4.241120262809171,24.055253592263576,18.5
4.241120510092403,24.05525037891538,18.499999999999996
4.246852269823663,24.052379613350958,18.5
4.241120306036623,24.05525740744168,18.5
4.270372940810814,23.404465129779453,18.499999999999996
4.263833813557415,24.34964326905352,18.500000000000004
4.246852062671949,24.05237750984498,18.499999999999996
4.241120221391204,24.0552564486973,18.5
4.270868774530971,22.846540467158356,18.500000000000004
4.24685198070231,24.05237585792525,18.499999999999993
4.2586012492129335,23.01846347149888,18.5
4.2435557029963595,24.09840086735763,18.5
4.254271172538405,22.976365879667576,18.5
4.258601254518319,23.018463582115846,18.5
4.125377899999999,21.78543545853259,18.499999999999996
4.1253779,22.054250775224908,18.500000000000004
4.1253779,21.785435398518505,18.500000000000004
4.1253779,21.785435713901727,18.499999999999996
4.125377899999999,21.785435530362275,18.499999999999996
4.125377899999999,21.785435692750053,18.5
4.246852453017747,24.05237730903214,18.499999999999996
4.275353044300929,23.335375338476506,18.499999999999996
4.266832872806777,22.752457161610337,18.5
4.258307856238302,23.044650523980575,18.500000000000004
4.246852604614736,24.05237677712114,18.499999999999996
4.246852701552844,24.05237708889524,18.499999999999996
4.1253779,22.054251799821074,18.499999999999996
4.263635207135242,22.36053093882275,18.500000000000004
4.263635271727339,22.360531528926906,18.5
4.125377900000001,21.785437175729236,18.500000000000004
4.266537756205831,22.360941051981282,18.499999999999996
4.272971404780842,22.857977922435385,18.500000000000004
4.253572099949062,22.924032823348213,18.500000000000004
4.262125622733178,22.675773785386482,18.5
4.125377899999999,22.191274963614884,18.5
4.125377900000001,22.156181597235015,18.5
4.1253779,21.785435403051114,18.499999999999996
4.266538119745256,22.360938865104952,18.499999999999996
4.26151011257126,22.53861893198997,18.5
4.245246012355165,24.02595256902469,18.5
4.242438936247561,24.079080398260295,18.499999999999993
4.275353106033581,23.335373958812436,18.5
4.245246355731535,24.02594974326873,18.500000000000004
4.246852550235736,24.05237256850877,18.5
4.267165543297114,22.38585176809326,18.499999999999996
4.125377899999999,22.05425168317627,18.5
4.267165659496133,22.38585282528575,18.500000000000004
4.125377900000001,22.026925045159544,18.5
4.263635394803476,22.36053032626471,18.5
4.125377900000001,22.08952617311224,18.500000000000004
4.2729722107866275,22.85797785343358,18.5
4.125377900000001,22.054250581782398,18.5
4.2637891483369605,22.33462059855141,18.499999999999996
4.1253779,21.785434944988157,18.5
4.125377899999999,21.785435095060336,18.5
4.125377900000001,21.785435250934256,18.5
4.1253779,22.026923784525135,18.500000000000007
4.256711198652339,22.921749664761187,18.499999999999996
4.239662040043652,24.030028922793257,18.5
4.245246966181315,24.025952755896142,18.499999999999993
4.125377899999999,22.21858647851365,18.499999999999996
4.245247160811918,24.02594955262671,18.500000000000004
4.125377900000001,21.741723406445633,18.5
4.1253779,22.033851901168585,18.499999999999996
4.1253779,22.03385157444171,18.5
4.125377900000001,21.74172299786374,18.500000000000004
4.125377899999999,21.751888456515143,18.499999999999996
4.25769588259073,22.336316565640363,18.499999999999996
4.266538203257459,22.360938856208158,18.5
4.1253779,22.370664395418174,18.499999999999996
4.125377900000001,22.135265674994365,18.500000000000004
4.1253779,21.741721895188082,18.500000000000004
4.125377899999999,22.191273464014433,18.5
4.266538468064354,22.360937830878314,18.500000000000004
4.1253779,21.741722376672673,18.499999999999996
4.1253779,21.78543443068371,18.5
4.1253779,21.785434442613305,18.5
4.125377900000001,21.741722250444347,18.5
4.125377899999999,21.7854346182135,18.499999999999996
4.1253779,21.78543460278537,18.5
4.1253779,21.785434994652906,18.5
4.1253779,21.78543446970029,18.5
4.125377900000001,21.78543454646904,18.5
4.1253779,21.78543407652234,18.5
4.125377899999999,21.785434275520146,18.5
4.1253779,21.785434129230932,18.499999999999996
4.125377900000001,22.40186091086809,18.500000000000004
4.253572175435792,22.924034378551642,18.499999999999996
4.259201203188203,22.516265215497924,18.5
4.1253779,22.141444515633573,18.5
4.251843493906258,22.895499061509618,18.499999999999996
4.23966168591548,24.030024753835733,18.5
4.1253779,21.785434774611858,18.5
4.125377900000001,21.7854348211243,18.500000000000004
4.1253779,21.741722626936774,18.5
4.1253779,21.785434857701198,18.5
4.125377900000001,21.785435116530078,18.5
4.1253779,21.785435129495003,18.500000000000004
4.1253779,21.785435425776267,18.500000000000004
4.125377900000001,21.785435838851363,18.5
4.1253779,21.785435247716904,18.5
4.1253779,21.78543525936723,18.500000000000004
4.1253779,22.193236641754453,18.5
4.1253779,22.187011119037436,18.500000000000004
4.1253779,22.191274534036996,18.5
4.125377899999999,22.1607417305705,18.499999999999996
4.277644125415,22.88339344714153,18.5
4.2729719236456205,22.857978032979993,18.500000000000004
4.125377899999999,22.054251806237843,18.499999999999996
4.263635457816216,22.360530052886375,18.5
4.1253779,22.191273535952565,18.5
4.264733648365664,22.525895908143244,18.5
4.1253779,21.78543571582413,18.499999999999996
4.259200956384632,22.51626693650994,18.499999999999996
4.259201102156798,22.51626532973466,18.500000000000004
4.255483684895514,23.062262719390986,18.499999999999996
4.1253779,22.1912718004957,18.5
4.1253779,21.785435369905507,18.500000000000004
4.1253779,22.319837528808176,18.500000000000004
4.1253779,22.084256986822403,18.5
4.1253779,22.187011088839714,18.5
4.1253779,22.429496247815287,18.499999999999996
4.2706412730769765,23.34609916143848,18.5
4.239661110420546,24.030034803055898,18.5
4.239661167727355,24.030034173053522,18.500000000000004
4.2435563257549465,24.098409284919647,18.499999999999996
4.275353012559999,23.335375177731738,18.5
4.239661100392603,24.030034606406765,18.5
4.125377899999999,22.94556460421851,18.499999999999996
4.365871823997791,22.91227431433054,18.499999999999996
4.246852757181564,24.052374010830082,18.5
4.262125468561108,22.675776462596435,18.499999999999996
4.239587941195736,24.073754400839384,18.500000000000004
4.241120817764904,24.05525036410883,18.499999999999996
4.125377900000001,22.175767614227865,18.500000000000004
4.1253779,22.175767623255904,18.499999999999996
4.1253779,21.78543566975783,18.5
4.125377899999999,22.1757677990599,18.5
4.125377900000001,22.175767656966,18.500000000000004
4.125377899999999,21.78543565759053,18.5
4.275234317760613,23.4125663189321,18.5
4.241045142237094,24.09952586227958,18.5
4.241045524754581,24.09952612897855,18.499999999999996
4.2410452078372485,24.099526763165095,18.5
4.246852547082207,24.052383122142665,18.5
4.266935808567563,23.398099122481877,18.5
4.241121209078816,24.055255571649415,18.500000000000004
4.26157118265627,22.52034369427968,18.5
4.266235497888651,23.400299772621274,18.5
4.255483612104667,23.062265735303942,18.5
4.2700617798337674,23.523190407506565,18.500000000000007
4.2410456373186545,24.099521663924467,18.5
4.125377899999999,22.17576861515255,18.500000000000004
4.262126321850229,22.675774311294333,18.500000000000004
4.125377900000001,22.86161856623923,18.500000000000004
4.125377900000001,24.80395937925378,18.5
4.2301769724217575,23.71489330782346,18.5
4.270062773355291,23.523193058800086,18.500000000000004
4.254271853753823,22.9763638863115,18.499999999999996
4.257633067944737,24.550239415995605,18.5
4.125377900000002,25.47683573847727,18.5
4.246852770202907,24.05238488994918,18.5
4.125377899999999,24.722025299433337,18.49999999999999
4.263197745611697,24.506717205626785,18.5
4.241121075580729,24.055262827933177,18.499999999999993
4.241120218008741,24.055264683572393,18.500000000000004
4.246852446993824,24.05238181382362,18.500000000000004
4.2411207264222535,24.055261296598005,18.500000000000004
4.241120408955464,24.055261126603227,18.5
4.24685227558058,24.05238308141185,18.5
4.1253779,23.75552788694443,18.500000000000004
4.241045948958965,24.099523892590287,18.500000000000004
4.125377900000001,22.191276098625043,18.500000000000007
4.253173472533865,23.046931335862617,18.500000000000007
4.125377900000001,22.842703488650223,18.5
4.1253779,24.43093892888821,18.500000000000004
4.194599221704282,26.91642781052463,18.500000000000004
4.192522303694193,26.87003232470189,18.5
4.184013718910404,25.675192437033612,18.499999999999996
4.2633166068634045,24.504215682176184,18.499999999999996
4.18396897572218,25.676526863003403,18.499999999999996
4.223740936558117,23.922211259447284,18.500000000000004
4.1253779,25.692727355326685,18.499999999999996
4.241120568129239,24.055267558919105,18.5
4.249377383942614,25.331055562556156,18.5
4.246851870375335,24.052388695881234,18.499999999999996
4.125377900000001,25.21367647200887,18.5
4.243555698285518,24.098417238033132,18.5
4.125377899999999,25.088796492898783,18.499999999999996
4.125377900000001,24.164683796837284,18.499999999999996
4.1253779,26.517922575126523,18.500000000000004
4.1253779,24.473235813285978,18.500000000000007
4.1253779,26.51080235410542,18.5
4.1253779,23.84478572300677,18.499999999999996
4.125377900000001,26.780240685515505,18.5
4.192795686340522,26.8823121107277,18.5
4.193614381755646,26.9235930859143,18.499999999999996
4.214752268906005,25.019663737500586,18.5
4.193614022455615,26.92359356309895,18.5
4.1945993995952575,26.916433858783165,18.5
4.1799098399615024,26.922010536442755,18.500000000000004
4.1253779,26.54653934569631,18.499999999999996
4.125377900000001,24.674145940963186,18.500000000000004
4.1253779,26.534100504357426,18.499999999999996
4.125377900000001,26.503452012311982,18.500000000000004
4.192522110964948,26.87003282462412,18.5
4.125377900000001,26.546524377552984,18.500000000000004
4.1253779,26.51792154747772,18.5
4.1253779,24.45438943713855,18.500000000000004
4.1253779,26.517919589029525,18.500000000000004
4.125377899999999,24.370770212769056,18.5
4.125377899999999,26.417895338116193,18.500000000000004
4.671995135560986,23.04353151101159,15.728977353249986
4.1253779,23.948090245102556,12.62274197714758
4.1253779,23.94825845879756,12.625188962082605
4.3081402502429125,23.367768544906827,14.89724358374317
4.1253779,23.58955158377109,14.161180836371242
4.297949259433263,23.349397314777637,14.935296409697692
4.1253779,24.111354613326874,17.083137994400396
4.125377899999999,23.739737722088215,15.381467221952258
4.125377900000002,24.165050049191727,17.07163029851994
4.1253779,24.165050575647967,17.07162964976851
4.1253779,24.16505022654448,17.07162868640866
4.1253779,24.111535540700004,17.08715366585071
4.497115432122117,23.552217197696002,12.495133496817878
4.469555922199313,23.47879790155095,13.505733252564855
4.307687635622529,23.862220026718827,11.578754890339223
4.308346168075415,23.85582976343559,11.580484410112343
4.3083461956437,23.855829701487504,11.580483880085561
4.3076876786100655,23.86222009734614,11.578754945768518
4.125377899999999,23.46751613236581,18.03721359722998
4.1253779,25.4561004178481,18.5
4.1253779,23.96035099239238,18.500000000000004
4.125377899999999,23.960350259419883,18.5
4.125377900000002,25.473224643092014,18.500000000000004
4.1253779,24.054383926776936,18.5
4.125377899999999,23.44847933683324,16.073555482053845
4.998879774987793,23.27041548235275,12.105537964957419
4.328123136691254,23.369402777777598,13.39102389554143
4.744009176982588,23.589977272575958,11.72995002414823
4.744009188861232,23.589977308282315,11.72995013867771
4.744009231969331,23.58997729963306,11.729950067457455
4.125377900000001,24.172420813429703,17.612790798915242
4.1253779,24.111930284639723,17.096009118932358
4.1253779,23.74134774994309,15.413620699249373
4.308346241405527,23.85582967092422,11.580485183271007
4.1253779,24.082701350379516,17.318180297135243
4.1253779,24.111925632039352,17.09599968415827
4.1253779,23.518674541660484,14.01018236625668
4.31570073841217,23.36370731194685,14.444368068911116
4.315700690266833,23.363707067300886,14.444368670849554
4.541602287962796,23.275549341008766,14.43275850035574
4.125377899999998,23.5697889273737,17.326647161702002
4.1253779,23.341691142509088,17.973766194535415
4.125377899999999,24.081831985397958,17.29564590458978
4.1253779,24.16776875000038,17.091389363327757
4.1253779,23.533902148437523,16.326751367315378
4.1253779,24.181131351217395,18.04820177968979
4.125377899999999,23.84841026219278,11.63633766618904
4.331149322669255,23.828631368391733,11.660722348875602
4.125377900000001,23.431570359795693,16.72162677725523
4.125377899999999,23.387681736534287,16.751003984547946
4.7421790125687115,23.596921919720167,12.669724865513981
4.1253779,23.485881522373546,16.383743597796972
4.1253779,24.001843819593574,17.089665493981038
4.437943055095266,23.212677762011793,16.765932064973757
5.215174536024634,22.71788828828422,16.578119075993655
4.5171647290577495,23.212426660016867,14.381796573229588
4.876707407126119,23.130547688449152,14.499559896424126
4.50187780483746,23.208551412620817,14.40554310885321
4.89012185633973,23.13504657817074,14.474251553971278
4.701132299720211,23.1254842519639,14.55292353954155
4.74567269918436,23.58929583631354,11.731644501330392
4.331133256911691,23.672537743260055,11.674174288247427
4.319619245885913,23.61576961271924,12.610236139149006
4.947636844240895,23.403189505934858,11.75375378913606
4.327293262625804,23.517647097442538,13.061549021691672
4.737969387194407,23.649849095980617,11.666093735018654
4.1253779,23.859575289665656,11.63967570219859
4.125377899999999,23.859575300106396,11.639675551823549
4.308346368787398,23.855828823789444,11.580486887086833
4.1253779,23.85957504654946,11.63967645071914
4.1253779,23.859575351459224,11.639675334896536
4.1253779,23.859575420443264,11.639675020658826
6.1184193735909504,23.02792049695197,14.541171239796071
6.38018873501998,22.807274741139633,14.563695579019443
4.970339136668657,22.957819857368143,14.127297292530113
6.070868818533732,22.940616214355224,13.68134983164236
5.295159129704887,22.89793324674748,14.696562253169354
5.269923562824353,22.9339247413581,14.618974029229356
5.450047282580148,22.559073254612887,13.713222568346803
5.377929684134784,22.400670103445936,14.877360528495888
5.45004721083592,22.559073386512235,13.713223318533725
5.450047228686196,22.55907344108756,13.713223084126447
5.377929375885934,22.400669884260623,14.87736145446495
5.450047317475764,22.55907340654478,13.71322272386048
4.3270706300501995,23.621273860091506,12.495020736580209
5.510262026618621,22.54602539943929,13.641644730560612
5.450047465268358,22.55907334312225,13.713222049104802
5.450047493513021,22.55907349664912,13.713221787082748
5.450047327881585,22.559073476050603,13.713222265547262
5.45004738331678,22.559073142242987,13.713222450259977
5.473490556204396,22.18030399406495,15.548100183499585
4.704726355542023,22.21688782458245,15.535732037807868
4.862095820902297,22.643976483701906,16.573209645089406
5.225437651868747,22.481141167331558,16.918448732678158
5.2477449126623235,22.715080357787567,16.554914843567552
5.443095105910619,22.486088966329973,15.621720641132523
6.164458997740334,22.650833339049758,12.139052459513385
6.092585272901918,22.787115412502057,12.212388841857484
6.054178919820879,22.694994416630866,13.591248442511723
6.574379534659286,22.60366647286606,13.543012784550282
6.1226418283984865,22.7624494493583,12.174904800649449
6.56363393645949,22.824385173042007,12.149973045681861
5.313045144179392,23.086388092025583,12.102168600590588
5.287786607652133,22.329768283937433,13.575685345308946
5.1176204238353185,22.46645866633942,13.593770645972944
5.7446140092280285,22.913453177913354,12.120805256426637
5.385555805667137,22.76799745353053,13.682989858686106
5.691515567995803,22.475092192554822,13.662741469340487
5.4531425098603465,22.171448742709988,15.53591213825666
4.803582042796415,21.456370421457184,16.388578250832815
5.282432025820086,22.27821094513673,15.107605768528892
5.054315990999681,22.559711881792023,15.929366605374483
5.101154145368886,22.352449617340287,15.413730274235155
5.101154546459048,22.352450250908756,15.413728830827274
6.163944477433782,22.65692757907581,12.143159778908535
6.10972544119538,22.66470593509393,12.1632476309684
6.135823040850178,22.768386519093742,12.185610810841967
6.163944638447044,22.656927771824044,12.143159555130968
6.17658499925986,22.901796210169504,12.149628755579142
6.121566600777057,22.921717910396787,12.174325062520136
4.1253779,23.614378860246,11.634480499393188
5.5457771287772655,22.16439665084792,12.402699233826622
4.1253779,22.22782682532337,18.500000000000004
4.125377899999999,22.221808621193574,18.5
6.314933841432639,21.990656309339215,12.483476065606917
6.534354056598567,21.911471923911304,12.443584602209352
5.492364047490861,22.180349633968902,15.947576314657471
4.125377899999999,22.093155065944647,18.5
6.366045951768373,22.808902757438556,14.571206782412837
5.029850556850702,22.207336177252845,15.973518224452775
4.80492800799435,21.51148540359753,16.68168318805459
5.481710907344717,21.94840779325218,15.207001152496842
4.1253779,22.096054174499056,18.500000000000004
5.663363840557299,22.919938619704656,12.979540011548561
6.108362575924098,22.184027513740023,12.398539340056127
4.465066375302531,21.949224557605405,16.781968834864173
4.455987866446763,21.754981318803846,17.080876597244256
4.297446136568422,21.992056801666344,16.35665493071352
4.1253779,22.28112086698473,16.359968050093595
4.1253779,22.22782349100427,18.5
4.290404382238643,21.24272246694447,17.63589197727121
4.289284463770338,21.23758811109578,17.340001836107472
5.1095854121107145,22.294257182240116,15.375720320566973
4.628722007389002,21.546087439719162,16.72096141406845
4.1253779,22.02692391597189,18.5
4.1253779,22.026923813647674,18.499999999999996
4.2820894872813335,21.81961306359227,17.627921909617097
5.363868837161681,22.79388312794305,14.117895626952265
4.1253779,22.02692445367935,18.500000000000004
4.1253779,22.026924776271702,18.5
4.275259842007296,21.50586934613484,18.249680113451227
5.520660097258424,22.179556128516698,15.91690175554935
4.416064623411243,21.452898215216017,18.25497640320584
4.453177899506437,21.654034416494095,17.943722775606734
4.1253779,22.0269256022129,18.5
4.800286551068424,21.61128314963259,17.342522381926067
5.322827219948219,22.476926042035153,16.531184463721615
4.796935162095851,22.065213989914653,17.93273444202537
5.531894627931055,22.140314197299713,17.323685937332915
5.53189406556154,22.140314371417922,17.32368646433955
5.236333857996244,21.82202069783627,16.932958749806122
5.233651472310684,21.746944234557223,16.918873619491023
5.2467767066018,23.149746756645577,11.744902839886004
5.85196359318711,21.90060218971876,12.492813951800224
4.661477128004939,22.338175376243036,16.496213755251738
5.1391360561052855,22.28940295632807,15.292674304505505
4.1253779,22.421285803380716,18.220128424396545
4.314928473099509,22.337388228000247,16.481209746359376
6.655899765408745,22.817852524627085,11.781718571625792
5.984942110802758,22.758185237926774,14.465276619718624
5.276395815135589,22.318803277626284,16.580877746977272
6.396202968732077,22.72579670514377,14.538861686990161
5.898077287068713,22.102329875114737,15.160667711529978
6.078775797335467,22.93339821596723,13.664660101985294
5.176962896686759,22.237812523429287,17.622697793842203
5.504491101444203,22.14063248971373,17.346819116826406
5.108468889532605,22.50415347573418,15.4130541361677
5.50472357140234,22.28177579597699,15.078893498769226
5.176962946045247,22.237812542743548,17.62269768566858
5.087084927642881,22.411433134650032,15.606628867332619
4.951380506681897,23.410549410195564,11.75672978449837
5.136150539906955,22.90272087858391,14.499657273676503
4.469286023300779,22.45244382863174,16.834933325355518
5.109510014277585,22.89095807327836,14.668090626538644
5.310519706760652,22.8121844652409,14.647343699007166
5.642528185823605,22.974644074047475,14.705516009939076
5.62255747681908,23.225852072325715,13.219111401064179
4.631624531053629,22.428112894446013,16.4647015347725
5.730398953587305,22.964345993423095,14.638872116805441
4.494409830633832,22.409457086395534,16.49674850686115
4.125377899999999,22.073246206392636,17.61951250652514
5.953172761343906,22.722107197962185,14.5850601868597
4.850667921574189,21.617419747157307,16.934388887028526
5.122984776128425,22.33530238832578,16.772471150093768
5.293944727194891,22.350540976590292,15.898794742271974
4.804115674105968,21.720584530456357,17.0700503216726
5.190727584859357,22.69156964991253,16.67368176615334
5.291306549753423,22.497649355328452,15.91694048673316
5.63673336737414,22.816025064444617,12.169551622515643
4.680757182475684,22.348757285235564,16.471154413720175
5.638636535444016,22.975137142078346,14.707447359379504
4.505856276802673,22.359786602516284,16.4376628546615
5.721257559020326,22.829355286271007,14.602918673371972
5.755127389146191,22.808333330368598,14.119051497618722
5.513199509914211,22.965413815992356,14.643025695411957
6.01414724815136,22.41741199457482,15.677001796520932
5.811874767964825,22.794347164620273,14.048624332457607
6.266587102331939,22.970974166964897,14.047542687385029
5.516694885310473,22.18318676703648,15.941294484536835
6.057206700759815,22.806689583344887,14.036829695082877
4.4186513993686996,23.122178454111285,17.75350586079033
4.125377899999999,26.82919345288321,18.5
4.125377900000001,24.464837092721805,18.499999999999996
4.125377900000001,23.830016829668217,18.5
4.1253779,23.11496484330964,18.5
4.1253779,23.146539818323074,18.499999999999996
4.1253779,23.76135618769043,12.923135410777892
4.320569403931004,23.387308029819405,13.649629086416303
4.527831065667213,23.05082536091699,14.098106188711895
4.524998838855282,23.136765767501995,14.077005182905182
4.1253779,23.50844061461299,16.75761862368115
4.908878641893584,23.014073201703845,13.575727902616263
5.309597184082868,22.974649626713312,14.678969794246989
5.114159895872964,23.069080700304333,14.637862139247677
5.277882192172014,22.9749820812462,14.706846876939146
5.670350030499603,22.973681495876104,14.67520455157166
4.866108416501796,22.98013073627805,14.739709459094282
4.898752817235307,23.08265049645036,14.645292155671155
4.352173533476828,23.382705781813282,18.5
4.125377899999999,23.331699383560185,18.499999999999993
4.234063498302705,25.674408328519498,18.500000000000007
4.1253779,23.28659445628232,18.295049099437154
4.125377899999999,25.442551320944506,18.499999999999996
4.1253779,23.5153392634614,18.499999999999996
4.1253779,23.596775274063177,15.906068073902944
4.125377899999999,24.137037643001566,18.280287855558758
4.1253779,24.17681000252871,18.273608560762238
4.125377900000001,24.179328421799845,18.061152443614866
4.125377900000001,24.222909726453505,18.27287980161441
4.1253779,23.35464709539972,16.88591148860816
5.666505101704121,22.974168718447324,14.677106666822644
5.666505213860695,22.974169023398694,14.677107153664886
4.865419573892928,22.543355043657357,16.801240371675483
4.866626792017969,22.980778007165476,14.742261121573275
5.666505712918616,22.974169008860645,14.677106168419204
5.1141586142973425,23.06907989662974,14.637865600490601
4.1253779,24.820073908981346,18.5
4.1253779,25.456119278312947,18.500000000000007
4.1253779,23.77516346774441,18.5
4.1253779,23.918611987516343,18.499999999999996
4.1253779,25.064883998075686,18.500000000000004
4.1253779,23.289497695413342,18.293380032177343
4.125377900000001,24.56569459912828,18.00418860070934
4.1253779,24.90257788128946,18.360702773213028
4.125377899999999,26.21587736359544,18.500000000000004
4.219219124955182,24.144319639789707,18.5
4.1253779,24.687811396987875,18.499999999999996
4.1253779,25.2002496332429,18.5
4.125377899999998,24.017825813657996,18.019469714998362
4.125377899999999,24.379702630042605,18.5
4.1253779,23.73034339134774,17.63390505368162
4.125377899999999,23.398809988554326,17.81390730180493
4.125377899999999,23.714172829782612,17.45150670157971
4.1253779,23.600191359259917,17.445062637393367
4.125377900000001,23.652310381271594,18.499999999999996
4.1253779,22.810872228289615,18.500000000000004
4.1253779,23.69108886657935,18.5
4.376524760250243,23.206955581703212,18.5
4.1253779,23.69108923470735,18.5
4.125377899999999,23.528720981691475,18.010200353658508
4.1253779,23.733924192939163,15.40713667646918
4.908361664890524,24.10779684500744,14.58272896089391
4.1253779,24.134378496193108,17.320054644952535
4.1253779,24.374275322027597,17.427059985632926
4.1253779,24.82088745386695,18.276427666258872
4.1253779,24.636595946272188,17.78032135459801
4.1253779,23.599857447115248,16.476811343669524
4.1253779,23.025298424867746,18.264540142982717
4.125377900000001,23.48622380761242,16.916118361963846
4.356650538409512,23.209641710324732,18.5
4.356650052829421,23.209642469409978,18.500000000000004
4.125377900000001,23.30796280418092,18.272143799760734
4.4029841184095355,23.083883979960667,18.499999999999996
4.125377899999999,24.185408069138372,18.5
4.1253779,24.414018291048645,18.500000000000007
4.125377900000001,25.04551477939881,18.5
4.1253779,25.473247430825744,18.5
4.1253779,25.4815491219077,18.499999999999996
4.1253779,25.74354473957279,18.500000000000007
4.125377900000001,25.70882047747761,18.5
4.125377900000001,25.2136796611231,18.5
4.1253779,25.57780213055693,18.500000000000004
4.125377899999999,25.039834529007294,18.500000000000004
4.125377900000001,25.541288716744592,18.500000000000004
4.2262599526857745,24.419843663745734,18.499999999999996
4.26632009183223,23.96171137862936,18.5
4.125377899999999,25.59377356191791,18.499999999999996
4.230284022098691,24.29775537977068,18.5
4.257411662731815,24.0006002511931,18.5
4.1253779,26.229554151146285,18.5
4.294531077908794,23.628506152035076,18.5
4.226803337002759,24.477440565529637,18.500000000000004
4.125377899999998,24.21862643436492,18.5
4.227726834685461,24.461455399898444,18.500000000000004
4.1253779,25.048247700028853,18.5
4.125377900000001,25.28506259586565,18.5
4.125377900000001,24.83317010491704,18.500000000000004
4.1253779,26.485941575695975,18.5
4.1253779,24.682013534051137,18.499999999999996
4.1253779,24.37341999812747,18.5
4.125377900000001,24.284875065633493,18.5
4.125377900000001,23.98859645432543,18.5
4.1253779,25.5534760980698,18.5
4.1253779,25.55348068077035,18.5
4.1253779,25.574977321898682,18.5
4.184398527667949,25.75574640036152,18.5
4.1253779,25.574974035670362,18.5
4.182099513765212,25.692567632858427,18.499999999999996
4.185316073728033,25.691932099087012,18.499999999999993
4.1253779,27.69899566398842,18.5
4.1253779,27.159421194030323,18.5
4.1253779,27.698994369280868,18.5
4.1253779,25.666619486858234,18.5
4.125377900000002,26.19020988036667,18.5
4.241120507256839,24.05525966440514,18.500000000000004
4.241120399632029,24.055261104874077,18.500000000000004
4.240925572823307,23.666593838150053,18.5
4.1253779,24.43093601062165,18.5
4.125377900000001,24.465482723080843,18.500000000000004
4.125377899999999,24.4613019433351,18.499999999999996
4.296234565459274,23.57152819335163,18.5
4.2636826073949115,24.496442509483458,18.500000000000004
4.125377900000001,25.343569431283733,18.5
4.263833691888723,24.349653796382622,18.5
4.215315860461425,24.91638112163162,18.5
4.1253779,24.314169423525694,18.500000000000004
4.245707367779207,23.657183199086365,18.500000000000007
4.125377900000001,25.16025067231801,18.499999999999996
4.125377900000001,25.16025055532664,18.5
4.183145512175864,25.67386221405463,18.500000000000004
4.125377900000001,24.19171105734669,18.500000000000004
4.125377899999999,25.10712606609387,18.5
4.241121228669155,24.05525587621608,18.500000000000004
4.125377900000001,24.528723545404166,18.500000000000004
4.241120979761686,24.055254141008945,18.499999999999996
4.2411212139038765,24.05525231361653,18.5
4.2309059247401795,23.086558234475667,18.500000000000004
4.241121066742574,24.05525502162272,18.5
4.237946941229431,24.102006045495884,18.5
4.2468520816125315,24.05238174369331,18.500000000000007
4.241119846256104,24.05526193612575,18.499999999999996
4.1253779,25.126724108391535,18.499999999999996
4.125377899999999,25.092271274630008,18.499999999999996
4.241119845973142,24.05526073060772,18.5
4.243555673365879,24.09840711121948,18.5
4.243555690880486,24.09840687078067,18.500000000000004
4.246852050206708,24.05237860466644,18.5
4.246852016242553,24.052378399034605,18.499999999999996
4.26383372109711,24.34964331442167,18.5
4.25833690523735,22.977327969127202,18.5
4.241121106385297,24.055250550503192,18.5
4.277643662537963,22.883393171211768,18.500000000000004
4.268937343293288,22.607824761040135,18.5
4.239661271029712,24.030028436912122,18.5
4.267504256510933,23.31821719370755,18.5
4.259200919120375,22.51626818966392,18.5
4.24685232699303,24.0523777497038,18.5
4.241120435487941,24.055254615370323,18.499999999999996
4.241120357379037,24.055254537456307,18.499999999999996
4.246852484408717,24.05237716346095,18.5
4.241120519803549,24.05525266818069,18.499999999999996
4.241120427395301,24.055255936333236,18.5
4.236932794323334,24.083550783283833,18.499999999999996
4.236932724146423,24.08354965168371,18.499999999999996
4.2411203340174755,24.055247089441774,18.499999999999996
4.237946760732222,24.101997549137117,18.5
4.236932573431082,24.08355435116673,18.499999999999996
4.243555719912815,24.09840361759484,18.500000000000007
4.2735620835796775,22.877797301727455,18.5
4.125377900000001,21.78543518014078,18.500000000000004
4.1253779,21.78543522423343,18.5
4.125377899999999,22.19127273960517,18.5
4.125377899999999,22.187011434666182,18.5
4.1253779,22.187011450844143,18.499999999999996
4.2396620037286885,24.030025844217136,18.499999999999996
4.2468531539332925,24.052358721767042,18.5
4.241120989058742,24.055242848167666,18.499999999999993
4.246853156624509,24.052360233002013,18.5
4.2558967627484945,22.937189093775082,18.5
4.253571899768478,22.924035951959613,18.500000000000004
4.258601461494156,23.018460670716514,18.499999999999996
4.266538057532985,22.360939745656385,18.5
4.273561982114931,22.877796659616088,18.500000000000004
4.2776438922304365,22.883393003902636,18.500000000000007
4.264084074733351,22.384635222489056,18.5
4.276599011207912,22.924618264350894,18.5
4.1253779,22.15618066853005,18.500000000000004
4.125377899999999,22.187011548761582,18.5
4.1253779,22.191273531891568,18.5
4.1253779,22.191273545005338,18.5
4.1253779,22.191273423004386,18.500000000000004
4.125377899999999,22.19127365507247,18.499999999999996
4.251843670787261,22.895498109679487,18.499999999999996
4.272971902668847,22.8579778258838,18.500000000000007
4.125377900000001,22.160742034003373,18.500000000000004
4.272971871827622,22.85797726605904,18.499999999999996
4.125377900000001,22.02692459852683,18.5
4.263789001099795,22.33462122666731,18.5
4.245246517113997,24.025946294783072,18.5
4.2565146485965215,23.02375288442498,18.5
4.251843311188974,22.895499769628152,18.5
4.2452466286624,24.02594466005447,18.499999999999996
4.272971813469004,22.85797641291128,18.5
4.246852960590315,24.052365912587835,18.500000000000004
4.125377899999999,22.191272449404018,18.499999999999996
4.125377899999999,21.74172299632944,18.499999999999996
4.1253779,22.160740425477798,18.500000000000007
4.1253779,21.741722960474366,18.5
4.273562234273269,22.877796496223933,18.5
4.1253779,22.16073920156378,18.5
4.125377899999999,22.370662510112613,18.499999999999996
4.256711631284865,22.921747680344467,18.499999999999993
4.251844012314107,22.895496080029012,18.5
4.2597052145066785,22.935189915083427,18.500000000000004
4.251122730639816,22.913945560662448,18.5
4.251843856335979,22.89549666321939,18.500000000000004
4.1253779,22.156180142998114,18.5
4.1253779,21.74172312769308,18.5
4.1253779,22.160740586312436,18.5
4.125377899999999,22.02692365146636,18.5
4.125377900000001,21.741722398759176,18.500000000000004
4.125377899999999,22.026923612530943,18.499999999999996
4.25421874109694,22.908710371211356,18.500000000000004
4.245248048628354,24.0259620230409,18.5
4.239662821578816,24.030035059519857,18.499999999999993
4.24524760256101,24.025961282636704,18.5
4.239663227511528,24.030032912552805,18.499999999999996
4.245247808791607,24.025961002179184,18.5
4.266974635161494,23.314299256046993,18.499999999999996
4.125377899999999,21.741722239602797,18.5
4.1253779,21.741722461890678,18.5
4.125377899999999,21.785434462640257,18.500000000000004
4.125377900000001,22.18701008331759,18.500000000000004
4.125377899999999,22.187009979492814,18.5
4.1253779,21.785434148472767,18.5
4.1253779,22.169565891938944,18.5
4.125377900000001,21.785434011621142,18.5
4.1253779,21.785434255354996,18.5
4.1253779,21.785434445930417,18.5
4.241123073430333,24.055240325897714,18.500000000000004
4.241122368125568,24.055260329507703,18.499999999999996
4.239662750506028,24.030036138938453,18.499999999999996
4.241122306008933,24.055255616442743,18.5
4.2558975106686,22.937187911096675,18.500000000000007
4.259705633068572,22.93518978616136,18.5
4.251844067382562,22.895498438226227,18.5
4.1253779,21.741722545931793,18.5
4.1253779,21.785434846480648,18.500000000000004
4.26893815176427,22.607823782611444,18.499999999999996
4.26893829196673,22.607822858525797,18.500000000000004
4.2735626225914,22.87779839940411,18.5
4.125377899999999,22.160740130432806,18.5
4.1253779,21.78543392281878,18.5
4.1253779,21.78543376144849,18.5
4.125377899999999,21.785434575895476,18.5
4.1253779,21.785434768179545,18.500000000000004
4.1253779,21.785434474168746,18.500000000000004
4.1253779,22.187010287445467,18.5
4.241121652562078,24.055256944231864,18.5
4.239661996941006,24.030033184899125,18.500000000000004
4.2396620777728415,24.03003235831052,18.5
4.239662140423764,24.030032993126714,18.500000000000004
4.241121501223402,24.055258387360528,18.5
4.241121694568927,24.055254096035725,18.5
4.277644291220614,22.883393641434708,18.5
4.268937878477533,22.607824424812698,18.500000000000007
4.1253779,22.19127372987649,18.5
4.273562160498211,22.87779817345741,18.500000000000004
4.1253779,23.585232813485487,18.500000000000004
4.1253779,22.191273990044902,18.5
4.1253779,21.785434804347485,18.5
4.125377899999999,21.785434315251603,18.5
4.1253779,21.78543415724152,18.499999999999996
4.268939068435922,22.60782275706321,18.499999999999996
4.1253779,22.397746090744768,18.5
4.125377900000001,22.062211199894687,18.500000000000004
4.246853005622352,24.05238309737892,18.499999999999993
4.239662096481427,24.030038531824395,18.5
4.241121648261874,24.055262758346903,18.500000000000004
4.1253779,24.58729362106015,18.5
4.246853232698415,24.052382832357612,18.499999999999996
4.241121492530613,24.05526276238105,18.5
4.273562246422027,22.877797563366904,18.500000000000004
4.1253779,22.187012238999888,18.500000000000004
4.125377900000001,22.187012283042435,18.5
4.125377900000001,21.78543501570519,18.500000000000004
4.246854167271462,24.052368345433184,18.5
4.253173638495259,23.046928721459036,18.499999999999993
4.1253779,22.401856599983162,18.5
4.1253779,23.128984249438883,18.499999999999993
4.1253779,22.401856931847053,18.5
4.255897923312248,22.93718471837283,18.5
4.1253779,21.785435539766656,18.500000000000004
4.125377899999999,21.785435276048236,18.499999999999996
4.2571881931753035,24.349425665147844,18.500000000000004
4.241121019374382,24.05526067000948,18.500000000000007
4.24104580797614,24.09952864561772,18.499999999999996
4.24112132518469,24.055260911131995,18.5
4.241121120444271,24.055261151003023,18.5
4.246853236195715,24.052382665380293,18.499999999999996
4.1253779,24.537057600242157,18.500000000000004
4.241045827952946,24.09952694857225,18.5
4.246853478432468,24.05237906713854,18.500000000000004
4.241046230975809,24.09952435573733,18.5
4.241046094923533,24.099525376594887,18.500000000000004
4.2411212698997405,24.05525698434964,18.499999999999996
4.235217821512455,23.158814403062323,18.499999999999993
4.241124001523081,24.055260001551712,18.499999999999996
4.211583092535413,23.613492761572157,18.5
4.125377900000001,22.705206804130864,18.500000000000004
4.1253779,23.668530106748015,18.5
4.125377899999999,23.029078008669433,18.499999999999996
4.125377900000001,24.586045202340323,18.500000000000004
4.23794813157461,24.10201163951953,18.5
4.2636841925628906,24.496440600244966,18.5
4.257495336629297,24.479296177689825,18.5
4.1253779,24.586037189354535,18.499999999999996
4.2411209496495985,24.05526485853247,18.500000000000007
4.246852557537967,24.052382325336808,18.5
4.1253779,25.56436961664524,18.5
4.1253779,25.039803648159722,18.500000000000004
4.125377899999999,25.57777442381743,18.499999999999996
4.241120911932318,24.055259774313562,18.5
4.125377899999999,25.07893031204555,18.499999999999996
4.125377899999999,23.492883669318545,18.499999999999996
4.125377900000002,23.541617277182766,18.5
4.125377900000001,26.413000820113048,18.500000000000004
4.125377899999999,26.444121800352875,18.5
4.211582026416868,23.61349597078483,18.5
4.1253779,24.28864346491672,18.5
4.125377900000001,25.160285976539438,18.5
4.184500340574012,25.660765925999744,18.500000000000004
4.1253779,25.59242520395288,18.5
4.246853794733843,24.052391034513647,18.5
4.1253779,25.577813398113165,18.499999999999996
4.1253779,25.078973872324127,18.5
4.1253779,25.088775309714684,18.5
4.1253779,24.717215149959365,18.5
4.1253779,25.139859926008345,18.500000000000004
4.125377899999999,25.078947318730023,18.499999999999996
4.1253779,25.12979519267535,18.500000000000004
4.125377900000001,26.436467996597063,18.5
4.1253779,26.510674629099423,18.500000000000004
4.125377899999999,24.055682786664736,18.499999999999996
4.125377899999999,26.567393612229672,18.499999999999996
4.125377899999999,24.761155696049304,18.5
4.218317978853487,24.084527382774613,18.500000000000007
4.192445494831815,26.870666200419368,18.499999999999996
4.125377899999999,25.78993463201647,18.499999999999993
4.1253779,25.006434934168514,18.499999999999996
4.184500802132584,25.660767090528356,18.5
4.1253779,25.52441270098262,18.5
4.1253779,25.149693068539875,18.5
4.1253779,25.089661536022913,18.499999999999996
4.194031485126299,24.590882801679737,18.5
4.1253779,25.048895004874026,18.5
4.1253779,24.424654055558545,18.5
4.1943132722989835,26.9036755332027,18.499999999999996
4.178291693119161,26.87594788538729,18.500000000000004
4.1253779,26.560334631950038,18.5
4.1253779,26.56739988416222,18.5
4.1253779,26.517927190349237,18.5
4.1253779,26.517930317344916,18.499999999999996
4.125377899999999,26.436466582371178,18.5
4.1253779,24.46747512126032,18.499999999999996
4.1253779,26.51081148421547,18.500000000000004
4.1253779,24.03508517423207,17.793680136897393
4.1253779,23.739737258859652,15.381473692028536
4.1253779,24.181132824730913,18.048201693040372
4.125377899999999,24.140740914822572,18.05184279716395
4.125377900000001,24.286998774230156,17.55534964540486
4.1253779,24.087152356054006,17.323596785121854
4.125377900000001,23.57940616803948,15.5726610640497
4.1253779,24.001510032597235,17.076989179642773
4.125377900000001,24.001510230864064,17.076990366417306
4.1253779,24.120904891333062,17.042837228609315
4.125377900000001,24.11667797867453,17.04355092531229
4.125377899999999,23.739389347723954,15.394726982519114
4.125377900000001,24.34243154930382,17.669754527940405
4.1253779,23.68470235461539,17.37568953044204
4.1253779,24.121314911672687,17.051581584616176
4.125377899999999,23.4127928558557,16.231986292890138
4.1253779,24.239974736232412,17.623735264497544
4.1253779,24.121875945970164,17.063553537087856
4.125377899999999,24.029588184024384,18.499999999999996
4.1253779,23.74459657568398,15.390123986495349
4.1253779,24.11193012868213,17.096014720985618
4.125377900000001,23.739736736607288,15.381478868137503
4.125377899999999,24.284079082628978,17.549849971219263
4.125377900000001,24.181130820921553,18.048201961819707
4.332647573917075,23.841542725366896,11.664804047990613
4.125377899999999,23.932325119601494,12.5277901717573
4.304972678565929,23.875957987753747,11.571624218333502
4.125377899999999,24.165050015601228,17.071623253020388
4.304972472015202,23.875958098818042,11.571623292266066
4.308346764179568,23.855829259174385,11.58048446311538
4.1253779,23.743178453447207,15.508775963077193
4.125377899999999,23.74134816477591,15.413613927728102
4.1253779,24.27331762359018,17.335380922269433
4.1253779,23.739737908411687,15.381462339375378
4.301852233504716,23.59912776101604,12.400227815043436
4.1253779,23.73336915459086,12.38358641140997
4.649916960002877,22.835059513925902,16.111674801022293
4.51478481733146,23.774386466671867,12.580411827082056
5.349602896008531,23.528835532992694,11.741234397737284
4.908107520318238,23.3029888275193,13.419977403069336
4.3069445353440585,23.280371471371623,14.497496771166391
4.699258800374698,23.12782147333485,14.541680231305207
4.1253779,23.746041843008356,15.316203502471142
4.306591649481357,23.865515567876177,11.575876441454943
4.1253779,23.734024774805885,15.403167473150724
4.125377900000001,23.523582508466177,16.729610062868854
4.303975568022731,23.885702477189326,11.569006753716351
4.546905160307459,23.591356998255748,12.68198924132861
4.1253779,23.740792042994013,15.391542425131805
4.1253779,24.111531527616684,17.087141374100934
4.125377899999999,23.737462963416096,11.989309708277291
4.125377900000001,23.68867407774644,13.003312121587689
4.125377900000001,23.73336930091206,12.383584335392168
4.1253779,23.39963022360665,16.239067713741353
5.102806779626747,22.99650524084308,14.597237495009862
5.134224728977729,22.749309574791056,14.571038878057044
5.683311343917045,22.892927981227036,14.676501300451184
5.546097173630667,22.80264324077124,14.602637249921322
4.701132946913639,23.125485315233394,14.552917295454275
5.309598194844467,22.974649584039042,14.678967892716727
5.186358041835892,23.274735527172734,12.124229196572388
4.308346715836899,23.855828959794497,11.580485226782773
4.300973372882851,23.936378244468287,12.10743735164786
4.993866120170939,23.06832911158732,12.128794760294117
4.1253779,24.222906507972002,18.272878617845155
4.545990188931016,23.670639398779677,11.730833528039426
4.308346141073984,23.85582919410409,11.580484407061055
4.30834592011176,23.855829190185617,11.580485424741982
4.1253779,23.69981150222776,13.000015539591544
4.1253779,23.855404501681484,12.43917845421972
4.307757688842642,23.850040119255176,11.578941186788818
4.1253779,23.852345854137553,11.602837628314537
5.728043766402932,22.69698873271041,15.316687072985808
6.046253129921752,22.810879533436857,14.224853421202653
5.210647770573806,22.960789868916088,14.141425584021766
4.956884474379066,22.742641051401613,14.208315655483828
6.025006115085291,22.863955775963696,13.528741271923943
5.372563100866575,23.10455020466291,14.48538374831968
5.4356314878668766,22.384360889177458,13.684783509410961
5.016324393446228,22.475443133589156,13.575378895314763
4.29977166897185,22.454621817230123,17.936545921226614
5.014835505082674,23.11319208204831,13.66742569010143
4.768408980041699,23.159297846391645,13.586171331117727
5.009772206367993,23.02478079445663,12.675121823371017
4.1253779,23.859574748465533,11.63967644990656
4.512992490845264,23.22602167647158,12.554715084127512
4.125377900000001,23.624789956091718,12.852012467759918
4.509859561837999,23.226606128630827,12.542961156314078
4.711050159605688,23.386361759337525,12.556246127317786
4.525410960883005,23.296993918263166,13.401166446291993
5.450957498083398,22.021232972018705,15.526751788622336
6.164459101509432,22.6508334731214,12.139052294836844
6.109725055412333,22.66470532546614,12.163249233121713
5.450957539982104,22.02123297657161,15.52675159569751
6.130366308278984,22.673093339722335,12.177880707971786
6.070866927822456,22.94061555125044,13.681352148975192
6.543120101880193,22.853071505723793,12.18912764540538
4.498427086111881,22.28829794292902,15.95589752879904
5.723006839737925,22.928853285374927,12.095879546400115
5.666496838205341,23.256581461601,11.75209061383519
5.678778298891912,22.933758445267102,12.142479390246995
5.683788759388954,22.84726710347642,12.082456989310492
4.3141210737835,23.406969121335102,12.409552923166068
4.315388409963288,23.74017594180719,11.56904013077661
4.303593172364248,23.20884050780507,12.091259586562192
4.317979191746673,23.189918397227164,12.075002216368176
4.31878223139961,23.1980923920774,12.079068156863734
4.315388395189085,23.74017570364272,11.569040460859798
5.054253740703216,22.191128955605002,16.1448982089113
4.281868844506722,21.88180033496447,17.618740024987655
4.125377900000001,22.02692726727155,18.500000000000004
5.054251739595739,22.19112790077906,16.144903473841605
4.428537972460782,21.726779322658338,17.415769212994093
4.428537846624852,21.726779490752993,17.415769716989423
4.452021179950253,21.544155967858938,16.735943093939
6.172022785688337,22.662458007314203,12.147292345250433
6.5636348505432895,22.824385189124488,12.14997163615995
6.172022787723002,22.66245798468332,12.147292172143503
4.125377899999999,22.47184434408068,18.206757643085304
6.170098964367062,22.74256505942986,12.146308330088752
4.125377899999999,23.035065890901727,12.131936224662448
4.527649568650328,23.48465733148088,11.67357772121592
4.1253779,22.5190084686868,13.523996689638155
4.314392300181008,23.59959048888291,11.629409297997007
4.1253779,23.340627488148517,12.917213191981585
4.1253779,22.432468219561915,12.254515351977517
4.457336431787387,21.68322947253479,16.745890528775227
6.129745957772608,21.812716667491806,12.422436300195974
4.1253779,22.089526829916874,18.5
4.456484078080539,21.679592287240784,16.73139008838838
4.125377899999999,22.08952650341796,18.499999999999993
4.125377900000001,22.096054245146487,18.500000000000004
4.1253779,22.096052668301105,18.5
4.1253779,22.089525475923228,18.500000000000004
4.1253779,22.089526061332382,18.5
4.1253779,22.2278224153364,18.5
4.1253779,22.08952563174142,18.499999999999996
4.1253779,22.096052870103556,18.500000000000004
4.1253779,21.976440362604357,15.863804993974693
4.125377899999999,23.321397546872785,14.215490010620044
4.125377900000002,22.20084340142768,16.337930838208205
4.1253779,22.21234935691939,16.351058689284933
4.328975302408593,23.50239606366339,11.620502784548963
4.1253779,22.290915985333335,12.144694900165725
4.1253779,22.40262351305749,12.152085980005127
4.1253779,22.794046265530987,17.318239822485683
4.1253779,21.672429890748997,16.194751568792018
4.9385809578754385,22.188548643286676,12.290338546953377
4.316261528745149,22.6799835663774,14.38643333130585
4.125377900000001,22.089526033868054,18.5
5.395160511209588,22.1744541717651,16.02376870209401
4.436189300282788,21.653228482703444,17.957478985710903
5.395159400749882,22.17445482739849,16.023770466345812
4.125377899999999,22.093152564656588,18.5
4.125377899999999,22.02692766184474,18.500000000000004
4.1253779,22.093152954962985,18.499999999999993
4.8344038513458685,21.72183519864876,17.047726815257196
5.243398397171951,21.95622973805678,16.551878960089052
4.275259778449766,21.505870048675707,18.249680140779432
4.466427305661002,21.778216595467445,17.36250391107353
4.1253779,22.226838474783357,18.5
4.1253779,21.5129107587183,18.499999999999996
4.982318671346887,23.307648365800567,11.781328340185057
4.329245506262468,23.231941063722772,13.044753023963132
4.1253779,23.495078938536807,11.624296249711744
5.828159746361278,21.901819795090766,12.372824118069731
4.1253779,22.471843791504217,18.206758789631877
5.163571922203184,22.21431166597645,12.411215261298405
5.422536829863894,22.21261973543091,12.437965463935441
6.6418704795428205,22.746410703222356,12.121994849916417
6.043544882532278,22.85716071322263,13.679043006814751
6.0800668031597995,22.77774471124143,12.20530799334566
6.141682396244296,22.674030238804743,12.152240256681774
5.59489420181667,23.145165126731555,13.226492147215948
5.301950851214699,22.37563025182656,15.749057599331994
4.125377900000001,22.093154094852217,18.500000000000004
4.80411517428061,21.72058511484394,17.070051085292025
4.796747137894812,21.861294037612335,17.650904826712573
5.23364878519677,21.746945813566324,16.918876432892503
5.080590957919475,22.204075936516222,15.152670639016057
5.88414425681639,22.81402724507807,14.655979807200167
5.232243102436567,23.040462203658457,12.174280366710182
4.1253779,23.49582327971497,13.081734183193314
4.125377900000001,22.574031999944786,12.17339258627666
4.1253779,23.61438062276016,11.634477612351695
5.528901787995342,23.19256668174114,12.928050691119937
5.5396366824112695,22.95018628786714,14.63481342685421
5.589582904953386,22.868994396569203,14.082956053842025
5.1071294120536885,23.180595021839896,13.67059139770258
4.737561969318487,23.154317385534284,14.523899910946284
6.080481980319437,22.686022621661458,12.200427798629583
4.70352417129859,23.25424292757082,14.599655918466338
5.3166578809035565,23.04247846148379,14.465779205793707
5.515909348123949,22.291703524904623,15.396210629696155
4.930097616561345,22.602580016054073,15.410630056057453
5.171688471792498,22.56412468970989,16.68035908061305
5.2227973184423,22.475823546406364,16.616426660618018
5.233648203102162,21.74694646304686,16.918877861781386
4.3057768720000915,23.830541321343397,11.573738751579212
4.312273923959592,23.682113318384204,11.630835806431868
4.495656193115136,23.82489937497256,11.571149487273454
4.125377900000001,23.862149353078646,11.612481832375044
4.313997595255257,23.749600076193893,11.602900421722612
4.125377899999999,23.826431999750987,11.602998543530035
6.293908439088383,22.801322237038608,13.625294745884347
6.572416807035936,22.767348345628623,12.158979545884991
5.763722626166291,22.968162215332665,14.629668110283536
5.893834644664029,22.079663980987217,12.843397162349847
5.806609146987366,22.883134547966694,14.083466513109826
7.061096659431093,22.88622574969908,12.177383179528217
5.148754603912681,22.238480744095998,17.646508167965376
5.984188556130715,23.119663481125965,14.39819320128888
6.2034663674005825,22.994101212662475,14.536664342713511
6.221832287672601,22.991527456082025,14.52724527814594
6.630134128842253,22.90920522491494,14.496784761996711
6.016893705505864,23.050684169386464,14.576884058052462
4.125377899999999,23.791557431529533,13.170432048491387
4.1253779,23.938844460176398,12.522315167030198
4.1253779,23.906860499171326,12.555165752120072
4.125377900000001,23.93210423296838,12.524279384187155
4.1253779,23.932104570251425,12.524276107068058
4.125377900000001,23.986402055522124,13.043196709517243
4.921540295310834,22.96258336599686,14.154981791246643
4.866110596880087,22.980133823289684,14.73971796627954
5.68755972471614,22.97149677510023,14.666698526423778
5.330945558091233,22.956380923102593,14.150552353392913
4.911405867739325,22.809841850839017,14.487359776482998
4.878111235780237,22.981638626701006,14.719536628119222
5.190504109229131,22.58094517549339,16.889114934890998
5.55466409432003,22.91660834045582,14.57661187472405
5.666506447589562,22.974168884961525,14.677106199114638
5.224182816509258,22.323803798786575,16.906185358293577
5.93802566890447,23.05377970795234,14.632650379179635
4.125377899999999,23.286329988680023,17.89518998444053
4.125377900000001,24.2752652478911,17.363633474148397
4.2899286039835545,23.725134111942054,12.068631259049367
4.125377899999999,24.16504896442467,17.071633713848424
4.125377899999999,24.222905248869637,18.27287903878292
4.1253779,23.604397261526778,15.846734357750309
4.1253779,24.273315754560247,17.335386861955598
4.125377899999999,23.519427121987317,14.030069300692048
4.125377900000001,23.245108614040596,17.11914599115904
4.125377899999999,23.356073612834894,16.882435573258817
4.125377900000001,24.177525139893593,18.266591362692132
4.1253779,24.029587925750267,18.500000000000004
4.1253779,23.518675770854617,14.010178566252714
5.2329956148879395,22.353804738878566,16.834035320130567
5.064243940871955,22.574747584954846,16.04099747819776
5.0511466034980534,22.86689708393863,15.60919157310916
5.2050934391738055,23.16651015154187,15.604829223225595
4.732299740357356,22.906571962225893,17.29075833707703
4.397379836397401,23.45422522035795,17.440765773126433
4.1253779,23.658352551833044,16.211689642990237
4.125377900000001,23.882055682843678,11.628523489958836
4.125377899999999,23.527541338770494,13.40421458701576
4.1253779,23.490697489745735,16.761389370032784
4.125377899999999,23.51180421757421,16.633808527042678
4.125377900000001,23.92966483834798,17.97470374726704
4.234916407673438,25.690367048702736,18.500000000000004
4.236446868060854,25.693369642397826,18.5
4.1253779,23.8354265689727,15.549851664043684
4.1253779,23.692297127252207,16.43339445618156
4.234915784964438,25.690353754859668,18.500000000000007
4.1253779,23.826056436728738,15.586078642923823
4.125377900000001,23.961330345834575,18.5
4.125377899999999,23.946489796713823,18.499999999999996
4.233130628891315,25.666799766299143,18.500000000000004
4.1253779,23.949053279734155,18.500000000000004
4.1253779,23.957330924239795,18.5
4.1253779,23.967555192017414,18.5
4.1253779,23.64081986868469,16.281218591325445
4.125377900000001,23.837233835044437,16.645306871472297
4.1253779,24.036690949025825,18.283075138270565
4.125377900000001,24.028770181169783,18.280136443018264
4.125377900000002,24.036693398381875,18.283076654117657
4.1253779,24.03669292931554,18.283075568792825
4.125377899999999,23.711976007786745,16.169148483629133
4.125377900000001,24.086625890093938,17.40332391890206
4.1253779,23.824107488070375,16.059305082642403
4.1253779,24.682994875525317,18.267699957102312
4.1253779,23.64871412229562,17.393044162656906
4.1253779,23.682020670980947,18.2975636574872
4.125377899999999,23.958135641624118,18.5
4.376522146920903,23.206959471447274,18.5
4.376522588624622,23.206958676672542,18.499999999999996
4.347945838946554,23.50546560513181,18.5
4.246027429478391,23.300038466908262,18.296605903995857
4.356649761047681,23.209643308673602,18.5
4.125377899999999,25.776134363037894,18.499999999999996
4.213178580023297,24.98689716357492,18.499999999999996
4.22775169193395,24.26701627158673,18.5
4.1844995462684516,25.660768531290667,18.5
4.230284097224332,24.2977550073771,18.5
4.246852645849214,24.052389683656365,18.5
4.185318110967612,25.691943216220338,18.5
4.185317790383587,25.691940019055536,18.499999999999993
4.22772809088442,24.461455851925226,18.5
4.18531745090903,25.6919385175022,18.5
4.227727779704551,24.461455333361,18.5
4.227727937614417,24.461455708382363,18.499999999999996
4.125377900000001,25.033493324914453,18.5
4.194598137420804,26.916434184439648,18.5
4.194598207665238,26.91643429851973,18.5
4.179438173951079,27.19600378793229,18.5
4.194598134844941,26.916427415101175,18.500000000000004
4.194598231929324,26.916431503905024,18.5
4.2190098190712195,23.950824410143316,18.5
4.1253779,25.57780132639786,18.5
4.125377900000001,25.65659197132482,18.500000000000007
4.1253779,25.650995882758355,18.499999999999996
4.125377899999999,25.03982438554502,18.499999999999993
4.1253779,25.577800450038897,18.499999999999996
4.208294730607165,24.947662464188593,18.499999999999996
4.125377899999999,25.658395249177932,18.499999999999996
4.227727720688229,24.461453679384917,18.5
4.1253779,25.160280701273845,18.499999999999996
4.227727829866253,24.46145339784726,18.500000000000004
4.185317094619999,25.69193652578294,18.499999999999996
4.125377900000002,27.419427921490428,18.500000000000004
4.1253779,27.11552727723719,18.5
4.125377900000001,27.419427918674707,18.5
4.125377899999999,27.41942792132141,18.499999999999993
4.1253779,27.41942791549959,18.500000000000004
4.1253779,25.186549954817373,18.500000000000004
4.2410451035752645,24.099527803184003,18.5
4.209514523415071,24.902433079954694,18.5
4.246852549706378,24.052384330808113,18.499999999999993
4.257631962512652,24.33906784243047,18.499999999999996
4.257631717058971,24.339066985716467,18.5
4.263834151044488,24.349650856219476,18.5
4.258113079670297,24.53983675072263,18.499999999999996
4.258112845713866,24.539836984436675,18.5
4.2896797333202,23.63995887719109,18.5
4.294531537604749,23.62850174168035,18.5
4.2945315219857925,23.628501682151256,18.499999999999993
4.2945183736506864,23.628799885534207,18.499999999999996
4.1669811973331745,26.243633928461712,18.5
4.1253779,25.904477462370526,18.5
4.1253779,27.31810735141385,18.499999999999996
4.234644554146868,24.42774008431721,18.500000000000004
4.1253779,26.478231977690832,18.500000000000004
4.125377900000001,24.553607566717147,18.5
4.2410454202429095,24.099522957029595,18.5
4.246852391622566,24.052381671152002,18.5
4.237947356021285,24.102005188465604,18.5
4.239661054308388,24.030035195067295,18.499999999999996
4.241120629640636,24.055259723964717,18.500000000000007
4.239661026577894,24.0300360487017,18.5
4.24112010399174,24.05526446794563,18.5
4.2424389536670475,24.07909324023067,18.5
4.257602080159859,24.377410846703526,18.499999999999996
4.258792867032378,24.398329592999144,18.499999999999996
4.242438786587372,24.07909283580445,18.499999999999996
4.243556192882382,24.098413900062347,18.5
4.1253779,25.375350191303315,18.500000000000007
4.22861492942196,24.42583537189238,18.500000000000004
4.246852331183125,24.052383041767513,18.5
4.1253779,25.495904656779306,18.5
4.125377899999999,25.164102942939696,18.500000000000004
4.241434337690275,24.041580282328407,18.499999999999996
4.245245437322545,24.02596095821084,18.499999999999996
4.245245742415916,24.025958732851688,18.500000000000004
4.241120629931169,24.055256791568084,18.500000000000004
4.24112087490336,24.055256852988787,18.5
4.1253779,24.528724116085527,18.499999999999996
4.24112071712325,24.05525677848469,18.5
4.245245933447983,24.025957522280155,18.499999999999993
4.245245828490083,24.025960924274212,18.5
4.245245808570374,24.025959018958293,18.5
4.242523875725185,24.07413803858084,18.500000000000004
4.24524599967646,24.025960464806772,18.5
4.245245865816083,24.025963689968652,18.5
4.236929658679467,24.219715616457943,18.5
4.228615284173963,24.42582942597752,18.500000000000004
4.234962496484528,24.419040492496286,18.500000000000004
4.238320023813051,24.24669116520967,18.5
4.245245096696772,24.025958185616506,18.500000000000004
4.1253779,24.5687839061784,18.499999999999996
4.239661953482788,24.0300208879597,18.499999999999996
4.239661959855156,24.030018707726843,18.5
4.255896963266174,22.937188011264936,18.5
4.1253779,22.16074009664938,18.5
4.256767061900701,22.48519315702915,18.5
4.125377900000002,22.169568074368943,18.500000000000004
4.258337299898613,22.977326944392964,18.499999999999996
4.245246559212409,24.02596466830382,18.5
4.2452463469605135,24.025963317685587,18.500000000000004
4.245246325990593,24.02596350057636,18.499999999999996
4.245246326463292,24.025963205357428,18.500000000000004
4.246853096044455,24.052383109255018,18.5
4.2723568719537415,23.515567471305292,18.5
4.2513105808310305,22.982468972008487,18.5
4.246852582097447,24.052372974283813,18.5
4.241120519046772,24.055252643634354,18.499999999999996
4.246852942571041,24.052366015063324,18.5
4.239661176040331,24.03002750330118,18.499999999999996
4.268937982194316,22.60782338221381,18.5
4.272972152629112,22.85797743938146,18.5
4.125377899999999,22.160740531645995,18.499999999999996
4.272972202094152,22.85797732200605,18.499999999999996
4.272972178825226,22.857977365684725,18.499999999999996
4.272972092249493,22.857977377853924,18.5
4.255525512339333,22.946217639807376,18.499999999999996
4.239661749844244,24.030032491359442,18.5
4.245246573897398,24.025959610678473,18.5
4.246852971141519,24.052375513525956,18.499999999999996
4.245246447907741,24.02596155321934,18.500000000000004
4.256711325973047,22.921752067948518,18.5
4.264084277221048,22.384635390453653,18.499999999999996
4.263789115376704,22.33462073165323,18.5
4.2729718901381775,22.857978057300034,18.499999999999996
4.1253779,22.026924499617614,18.5
4.1253779,21.74172418882382,18.5
4.260798538677996,22.334340120891937,18.499999999999996
4.268938052560149,22.607823094484996,18.500000000000004
4.26378924990633,22.334620428757916,18.5
4.268938077225385,22.607823384886945,18.5
4.268938048525454,22.607823310277244,18.5
4.268938003430517,22.607822817846046,18.500000000000007
4.2776443250296,22.883392586201452,18.5
4.1253779,22.141443580744962,18.499999999999996
4.245247620412841,24.025960885981327,18.500000000000004
4.256711923506971,22.921748391036754,18.499999999999996
4.25290803002068,22.93641680981133,18.499999999999996
4.23693137149404,24.219712843624492,18.500000000000004
4.250430126264186,22.926089024649347,18.5
4.1253779,21.741722868075843,18.500000000000004
4.1253779,22.013210972958056,18.499999999999996
4.1253779,21.741723159099248,18.5
4.1253779,22.013211059902552,18.500000000000004
4.1253779,21.785435457171104,18.5
4.1253779,21.751888433108057,18.500000000000004
4.1253779,22.156179856723767,18.5
4.125377900000001,21.74172233538997,18.5
4.1253779,22.01321055958443,18.5
4.1253779,21.741722211941273,18.5
4.1253779,21.741722446626536,18.499999999999996
4.1253779,21.7417223706123,18.500000000000004
4.251844254882807,22.89549570544574,18.500000000000004
4.1253779,22.160738833877154,18.499999999999996
4.2396632471941516,24.030022767095268,18.499999999999996
4.256703038553961,23.03798387896511,18.499999999999996
4.251844187007596,22.895494847282553,18.500000000000004
4.125377900000001,21.74172193550293,18.500000000000004
4.125377900000001,21.741723520581928,18.500000000000004
4.1253779,21.74172355554965,18.5
4.125377900000001,21.741722928148477,18.5
4.1253779,21.741723215157958,18.500000000000004
4.1253779,22.18700988386135,18.5
4.125377899999999,21.741723384731557,18.499999999999996
4.1253779,22.156180112317106,18.499999999999996
4.125377899999999,21.74172286947956,18.499999999999993
4.1253779,22.160740932644693,18.5
4.1253779,22.191274258087986,18.500000000000004
4.26893779216375,22.607823689832934,18.5
4.268937844851287,22.607822780388148,18.5
4.2395887743914376,24.07374928542418,18.5
4.239661884669471,24.030027852185793,18.5
4.241121519691751,24.05525118727185,18.500000000000004
4.239661893735318,24.030029935308725,18.5
4.268937908681588,22.60782351784691,18.499999999999996
4.272972317305591,22.857978982120585,18.500000000000007
4.1253779,21.741722624066668,18.5
4.273562681478469,22.87779828201758,18.499999999999996
4.1253779,22.156179553944305,18.5
4.1253779,22.191273387980107,18.5
4.273562855964696,22.877798378242925,18.499999999999996
4.1253779,21.74172232753495,18.5
4.277644005112366,22.883394451219985,18.5
4.273561983010951,22.877798586804666,18.500000000000004
4.273562061824241,22.877798579899654,18.5
4.277643942181661,22.8833934294331,18.499999999999996
4.268937567253862,22.607824479498184,18.500000000000004
4.277643937584837,22.88339336460366,18.5
4.239662070050644,24.0300313164716,18.500000000000004
4.261571105382662,22.520342373449544,18.5
4.239661614693862,24.030028493942243,18.5
4.24112130839205,24.055250203436202,18.500000000000004
4.246852940260642,24.0523692741372,18.5
4.255897126360042,22.937189057911375,18.5
4.1253779,21.78543479119318,18.5
4.125377899999998,22.18701105432588,18.499999999999996
4.273562672830401,22.87779805147968,18.5
4.125377899999999,22.187011021866848,18.5
4.273562797312084,22.87779797792309,18.5
4.1253779,21.741722880538067,18.500000000000004
4.273562138614158,22.87779937226154,18.499999999999996
4.246852979967263,24.05237520966065,18.5
4.241120895954722,24.055252512701166,18.499999999999996
4.2411211339482175,24.055252855478503,18.500000000000007
4.273562132153187,22.877798831107448,18.5
4.241121172001711,24.05525291566146,18.499999999999996
4.24685322015512,24.052374799456395,18.5
4.241121023877031,24.055257571058917,18.5
4.246853336253604,24.052377577465002,18.5
4.246852930664343,24.05237889767357,18.5
4.24112125325884,24.05525868996709,18.5
4.241121236657859,24.055257904578962,18.500000000000004
4.273562448677733,22.877798685595632,18.499999999999996
4.1253779,22.187012428603857,18.500000000000004
4.1253779,22.191274121118767,18.5
4.1253779,22.401859197250428,18.5
4.1253779,22.191275023039502,18.500000000000004
4.1253779,22.191274085545036,18.500000000000004
4.24104512701783,24.09952805846677,18.5
4.246852689871453,24.052381417724412,18.500000000000004
4.246852453882997,24.052380382405993,18.499999999999996
4.241120562699962,24.055261846568776,18.499999999999993
4.246852645717984,24.05238025920368,18.499999999999993
4.241120543717733,24.0552608503237,18.5
4.241121069116159,24.055261078736272,18.5
4.246853182976418,24.052381894326167,18.500000000000004
4.241121215038417,24.05526104350549,18.5
4.241045900902121,24.09952816515981,18.5
4.26383446473885,24.34964641159815,18.5
4.24112109575831,24.055260430531852,18.5
4.241121880633742,24.055256058085764,18.499999999999996
4.241046744513948,24.099516999669756,18.5
4.125377900000001,24.87146704230671,18.500000000000004
4.241046310906438,24.099520643339815,18.499999999999996
4.241046522306496,24.09952427447831,18.500000000000004
4.241121636614476,24.055257126997393,18.5
4.125377900000001,24.537069035509873,18.500000000000004
4.125377900000001,25.04997063566174,18.500000000000007
4.241120615737945,24.05526428736906,18.499999999999996
4.241045256045978,24.099532052524633,18.5
4.257631398575891,24.33906958121467,18.499999999999993
4.125377899999999,25.049969624064126,18.5
4.241120479578616,24.055263290979486,18.5
4.257187354196115,24.34942034270501,18.499999999999996
4.241120841900416,24.055262610485524,18.5
4.2411209893039565,24.05526319554156,18.5
4.257631784059891,24.339068515842957,18.500000000000004
4.2410455233542335,24.099529246967894,18.499999999999996
4.241046369967066,24.099526009798097,18.5
4.1253779,24.8873271650941,18.5
4.241046410631414,24.099523145899248,18.500000000000004
4.125377900000001,25.04580987857633,18.499999999999996
4.1253779,26.43643575788693,18.499999999999996
4.125377900000001,24.970034107427495,18.500000000000004
4.184771415144184,25.7076417550556,18.5
4.263197728089,24.506721491160956,18.500000000000004
4.25775022611772,24.547709529996084,18.499999999999996
4.125377900000001,24.987719417360235,18.500000000000004
4.1253779,25.160257060320216,18.499999999999996
4.185315265445439,25.69191870526698,18.500000000000004
4.125377900000001,25.049983039066877,18.500000000000004
4.1253779,24.59718993850491,18.5
4.1253779,26.462551977702933,18.5
4.24685250319614,24.05238722344714,18.500000000000004
4.246853026020853,24.0523878504519,18.5
4.246852311827991,24.052386967927486,18.499999999999993
4.125377900000001,23.98562535633495,18.5
4.1253779,25.456142161212682,18.499999999999996
4.1253779,24.84587643022006,18.5
4.125377900000001,24.846038236450827,18.500000000000004
4.1253779,25.077006859951254,18.499999999999996
4.178971169803906,26.868962352589264,18.500000000000007
4.1253779,25.0334940964811,18.500000000000004
4.125377900000001,25.033494845513665,18.5
4.228970976407629,24.425512584117733,18.500000000000004
4.184818712462755,25.706330513032764,18.5
4.184818861172649,25.706330735744373,18.5
4.1253779,25.710949951197154,18.499999999999996
4.1253779,24.8254326880984,18.5
4.1253779,25.12979703761131,18.5
4.246853187233485,24.052390721851726,18.5
4.183969810424312,25.67653715221166,18.5
4.245707320781815,23.657184228750804,18.500000000000004
4.1253779,25.13987145510728,18.499999999999993
4.125377900000001,26.57422938832622,18.500000000000004
4.125377899999999,26.574229510398137,18.5
4.1253779,26.567397086147594,18.500000000000004
4.1253779,24.83030171422607,18.5
4.1253779,26.567399010727986,18.5
4.125377900000001,24.43654199812032,18.500000000000004
4.1253779,23.705275158272652,17.03260194949235
4.125377900000001,23.853116461014682,15.84138209625087
4.125377900000001,23.77452975917843,16.12237081889012
4.125377899999999,23.78535266751948,16.03016684393287
4.1253779,23.6859888375586,16.46759080422216
4.1253779,23.624424902809025,16.480129706808196
4.1253779,24.204733302649515,18.034773506873712
4.125377899999999,23.676083220791345,16.51263971692078
4.509945955397379,23.990580208932805,11.55290765143224
4.1253779,23.6742402028168,15.435572489916247
4.125377900000001,24.128308050011437,12.580268142727343
4.31959595562155,23.992585517701357,13.428752296540795
4.125377899999999,23.848797722088463,12.708648218976533
4.125377899999999,23.65028571138782,16.887164703854666
5.345684675670597,23.522626318035908,13.11181310297869
4.1253779,23.889372815469898,12.653499871108506
5.410468370054513,23.506476590465425,13.008334370763022
4.1253779,23.889338829322316,12.652362811976932
4.125377899999999,23.707777338709956,16.42347730174927
4.1253779,24.069464151359327,18.298503962447846
4.1253779,23.50803319609238,17.82886017515392
4.1253779,25.69586416353707,18.5
4.125377900000001,23.935463768123608,18.500000000000004
4.125377900000001,24.043922169135502,18.301877383608048
5.190553009258748,23.5921382699995,11.72952051751715
4.956453392561195,22.979017272486757,14.077542785441407
5.108104487237185,23.574227982684747,13.51243982629963
4.708645413459465,23.193780088976588,14.45916000515373
5.110092727142165,22.92522027977547,13.655205922315014
5.2156496594755914,21.97672654753902,16.61163575798699
4.379748633456274,23.37624098303462,17.51185281256407
5.753676227189182,23.107280543746676,13.538743741250768
5.307612087074828,22.421127765207757,14.601683690903519
5.316279320575439,23.61097061677016,13.549374602185258
5.6875623881362785,22.971496410087322,14.666695354208425
4.5180519801702905,23.001354358056638,14.54754130012927
5.83656504783801,23.086431078454368,13.943573324696278
5.591228746371883,22.961851743699388,13.64144052231541
5.140464351595112,23.16958542008298,13.645447271014666
5.125904846428831,23.15771031657835,13.604313987469219
5.79077551804886,22.739598145801367,12.13739387412213
6.3869351194345745,22.938594870746517,14.063148365919233
5.916203616246595,22.72631533441803,14.607043864202783
5.7539150213863515,22.807772484689075,14.116806739241843
6.196081850244242,23.175060880953165,13.597954050335227
4.4223350127708825,23.295301792184688,17.42322031878614
5.388698030441604,23.435693932393754,13.596358230537003
5.389695158893967,23.436783678162566,13.598328006387682
4.396448833861478,23.12365366235161,17.675301781892216
5.4143500423556565,23.001627414673028,14.015983494621375
5.316658327934816,23.042480806052804,14.46577284479315
6.655067526486749,23.635902524534256,13.575066807312043
5.725188516546682,23.11750313999929,14.468191190026793
5.309833772548076,23.114563906619708,14.49914409545062
5.427480589747186,23.093846483864382,12.131947811222469
4.125377899999999,22.55728317989374,17.94300701113652
4.1253779,22.61618048932231,17.940968162725238
4.125377899999999,23.388351959694845,16.838493588142136
5.15292841314763,23.05618367046537,13.662233576432389
4.92410315116146,23.265252526035127,13.637805601756138
5.727064547712515,22.75331129748965,12.161259413083577
4.1253779,22.154417362219338,18.5
4.1253779,22.471841977158142,18.206759519917583
5.611557539885089,22.62627695911483,13.625700605703404
5.55688943262168,22.16365491444682,15.051810577734614
4.125377900000001,22.471844243297998,18.206758460399335
4.1253779,22.154417486215763,18.500000000000004
5.619252583017882,22.86673020184938,13.657771758258408
5.07348689053667,22.412054835307007,15.614468938809855
5.268376183584899,22.622110001021333,15.033560615147021
5.573293456761616,23.14725092334417,13.219747210443751
5.573293741577563,23.147251085427627,13.219745969358325
4.2754530738995875,21.26752250880069,18.258913165698694
4.8041729511805515,21.789409963844037,17.636891254802304
4.781423557493761,21.853385874467694,17.392821982843273
4.125377899999999,21.74172701732901,18.5
4.281868696137612,21.88180190418433,17.618738988304624
4.1253779,22.154417886013896,18.5
4.676908472729401,22.33764446077678,16.4861138733377
4.877300286718312,22.29758149189497,15.100966424085515
4.275453372779327,21.267521096549654,18.25891248681584
4.69890872067213,22.357872301749232,16.095972174058677
6.0025850072697144,22.85213409124105,13.707145205268532
4.1253779,22.226839443216452,18.500000000000004
4.4564838819811765,21.67959194582146,16.7313906677373
4.627616012137848,21.44147430754277,16.687103041367138
5.1628442757295865,22.78718248812228,14.090529360979714
4.627615988561957,21.441474408207505,16.68710318356715
4.125377900000001,22.22683786022127,18.500000000000004
5.4508943380588875,21.947965218406765,15.224047706470126
4.3149283484457115,22.33738676088654,16.481211676953038
4.435634011080369,21.937901595052598,17.97349446670652
4.453177849528027,21.654035066990357,17.943722473320427
5.719738852983436,22.250952877380193,16.483937732876484
4.441656181256409,21.72513274226242,17.396262290005943
4.7829984052071985,21.6103361461734,17.35583887454516
5.450894037583007,21.9479653840977,15.224048587714828
4.627727081905165,21.50976721523723,16.971522381936307
4.428087528304914,21.724603323550813,17.406356168940192
5.862980893749162,21.89057869325894,12.485375543954502
4.428087260557854,21.724603409363276,17.40635702039345
4.2915968208572695,21.24299700349452,17.683106628843895
4.125377899999999,24.165053716952674,17.071621645002203
4.3049728251886705,23.875957900119364,11.57162220893164
4.125377899999999,23.739739051575906,15.38145539078928
4.125377899999998,24.28096796175398,17.565225905410216
4.125377900000001,23.78310722775194,15.297592720450101
4.1253779,23.60761378490782,15.993888415604141
4.1253779,24.302441622154205,17.499368421856477
4.1253779,24.16505433477382,17.071622368666674
4.1253779,23.752366748468166,15.367409217549046
4.304565448478202,23.875883755561475,11.570552727853384
4.1253779,24.627082927469036,17.806939784269765
4.125377899999999,23.55684512701144,16.31179003188441
4.344953431094049,23.861570004633307,11.676614324880235
4.344467327561064,23.86152925810605,11.675337274472955
4.1253779,23.776462047125936,15.321455241415027
4.7444061375403,23.60553035704269,11.624206477951262
4.125377899999999,22.227094222316325,18.19093914731259
4.1253779,23.68256778734786,15.36568574566811
4.39741539240939,23.644138578714724,16.587489878251148
4.1253779,23.86190529782762,15.424476220671684
4.1253779,23.729860255547532,15.929559453596553
4.1253779,23.59995338343605,16.556451027394303
4.1253779,23.12672110167554,18.01877948296888
4.125377900000001,23.92893008022197,15.212354875616183
5.58849228040683,23.60805688094858,11.719182427552841
4.1253779,23.60191922494758,16.036175270634473
4.1253779,23.714436850895265,15.295930667374709
4.1253779,24.247316320183455,17.752472858630846
4.125377900000001,23.036978729707883,17.285508567310277
4.125377900000002,23.449199183529686,16.517985590737215
4.320530149565077,23.682606020359117,11.707884210755799
4.2528760539459824,22.65324490422826,18.278239735674163
4.256405224310727,22.515351743780222,18.5
4.4335610429284324,23.172600140577956,16.908477230943177
4.1253779,24.222912060847303,18.272878814831614
4.275611807519003,23.07726241570762,16.775682424540264
4.125377899999998,24.226172094414522,18.256276886560414
6.145912937299865,23.427103716541943,11.763133599049397
4.259432317529998,22.72434035481872,18.254066354341404
4.257872672967215,22.842527234035185,17.96776788518651
4.256688320627468,22.851947437428134,18.255333970821916
4.256670781990309,23.435677528955697,18.318153107455316
4.259680955758417,22.718945366272912,18.267343582688827
4.1253779,23.3657908440932,16.773441079545577
5.061397925763808,23.05967863757067,12.12001126562122
6.270502366572676,23.008031804876243,13.53860962293981
4.125377899999999,22.02692728907488,18.499999999999996
4.1253779,23.489497105795067,17.092577534312756
4.982823192710246,23.11727560137787,11.781727455943276
4.954980283249482,23.395201910374066,11.759590118214774
4.1253779,22.471843254074134,18.20675779783125
4.125377899999999,22.485102430309954,15.572359438459323
4.1253779,22.22333960633342,18.20741112979027
4.1253779,22.48840136579045,15.549449555498605
5.215204942064763,23.07295336336898,12.146045615002949
4.286517933798461,22.740024325142514,17.581045564730193
4.372173038156304,22.745911708925878,18.037395698502806
4.280156660289936,22.707795630207794,17.66889471172109
4.125377900000001,22.774057755426288,17.350208509201394
4.1253779,22.53582842167022,17.90291463929149
4.1253779,22.404209633951925,18.22055308158121
4.1253779,22.226834816000007,15.988233634325779
4.1253779,22.089527041646242,18.5
4.125377900000001,22.471842265234628,18.206758367759097
4.1253779,22.47184248764217,18.206758105436776
4.281394459283364,22.390732464235327,18.5
4.125377899999999,22.089526600902936,18.499999999999996
4.1253779,22.01402032298803,18.5
5.394191024150863,22.625305690831567,13.637881522436103
4.1253779,22.400098444144433,18.223844141530307
4.1253779,22.414885775027724,18.225019179399624
6.080482929549897,22.68602269201723,12.20042602605919
4.93827496956819,22.714957639731505,14.081467547177446
4.3249473646053564,22.30342822176688,15.641963296773095
4.1253779,22.226834775893675,15.988233385876168
5.1391369348372615,22.2894029741643,15.292672313654492
5.139136929028611,22.289403063839753,15.292672182776741
5.073713053027586,22.13716104002738,16.024247111466668
4.1253779,22.089525744345828,18.5
5.129260680946058,22.5345916744363,14.599545447721455
5.130257492953315,22.375211311067243,14.933798244199584
4.330622429333931,22.300876065431293,15.611150756437867
5.130257043854241,22.37521141070552,14.933799123638876
4.7198960518184805,22.54615133228529,14.5083187647578
5.139136991030754,22.289402957412577,15.292672274275525
4.1253779,22.471842084222406,18.206757810908346
4.52290003524808,22.136623479754448,15.992006282138439
6.087006008136745,22.781515257267102,12.209229748867868
4.125377900000001,22.47184161305213,18.206757691889063
6.130368863360788,22.67309416480363,12.177875195543004
5.073712660818388,22.137160846959226,16.024248253087784
4.125377900000001,22.026924050226604,18.5
4.1253779,22.089525027224457,18.499999999999996
4.853615403569554,22.292303968517857,16.44873529246942
4.125377900000001,22.08952520200934,18.5
4.1253779,22.089525020314884,18.5
4.125377899999999,22.026924062103102,18.499999999999996
4.125377900000001,22.08952416811736,18.5
4.875877144976739,22.212792078701398,16.04274745915333
4.1253779,22.02692401115423,18.5
4.947389940996715,21.749828354161327,17.033566100551386
4.617034975042446,21.61889144078451,17.039063472165534
5.129260361042387,22.53459187914331,14.599545826978018
4.87587627751148,22.212792638510148,16.042748650219274
5.139137181982885,22.289403202305493,15.292671311788634
4.125377900000001,22.471841230872958,18.20675776855418
4.970385903691435,23.193122483755936,11.771836965797783
4.523197197173323,22.13668510195194,15.995662254069273
4.1253779,22.089524928552475,18.5
5.72808210098891,22.654575843633204,12.110377594078882
4.330253833718287,22.37820315774021,15.284787802887308
6.140188308098873,22.672198812947975,12.176312698293785
5.129261298614281,22.53459206966306,14.599543780381724
5.139138075966708,22.28940366240961,15.29266887220783
4.652458135458784,22.33883937452141,16.50884095148519
4.1253779,22.089526414541552,18.499999999999996
4.1253779,22.47184196706517,18.206758049449473
4.5148827312502045,23.419574491226864,17.235603248370936
5.404571076315993,23.200171113715626,11.770605627158883
4.266215810264314,23.220792331783546,17.455927757391013
4.875876330177671,22.212793406579234,16.04274787480983
5.684993558679465,22.770336797887225,12.151009642899288
5.36303750252044,22.713021592373728,14.1158743106148
5.665774410765305,22.75369321657631,12.133751333737326
5.663363115110796,22.9199401055151,12.97953978130481
6.164419205119851,22.73727222300284,12.143400152287295
4.125377900000001,22.471843119132146,18.206757425497155
4.1253779,23.436233525628403,16.487317799342097
4.258817796169636,22.825006464695193,18.016752611079447
4.255502703771394,22.814158257818267,17.99727968715155
4.125377900000001,23.5463451213395,15.808096039192108
5.26935340816995,23.01150546690514,12.080186427388515
4.125377899999999,23.381305293066386,16.45817787609631
5.068640420846769,23.27447833661986,14.525513745690832
4.953476728399522,22.795698901836808,14.137222367552559
6.080482588064101,22.68602335136985,12.200426102600883
6.131929011930205,22.696071701360516,13.58124415457635
5.162843751661495,22.7871839328693,14.090529292083227
4.920341072852159,22.961215635634087,14.150370604715684
5.834891735587821,23.33054632524952,11.736828960132785
4.125377900000001,23.51110513249388,16.78630926310122
4.1253779,23.61889358589864,15.840157250591165
4.1253779,23.567838104346997,16.54233733909777
4.125377900000001,23.51859364766258,16.38758914946076
5.301863868705338,23.716447255955007,11.704143999799419
4.31572846617495,23.709682246926707,13.073824983615896
4.1253779,23.74535989657245,13.074489361449928
4.1253779,23.752034002439835,15.3874396617787
4.125377900000001,24.087942705857856,18.028539255990694
4.1253779,23.482274822704976,16.596535596626396
4.31800501308075,23.325971450319862,13.616126907288232
4.333552760392103,23.833387793338282,11.667269850526548
4.1253779,23.442442228611593,16.484587492085343
4.1253779,23.596776198371924,15.906059616965578
4.125377900000001,24.17826265939396,18.01350991864618
4.125377899999999,24.135888450030894,17.632903658834977
4.125377899999999,24.22545625788509,18.25990751573634
4.125377900000001,23.504608023896083,16.749884463917333
4.125377899999999,24.08532767991062,17.330278416723697
4.1253779,24.14252260720169,18.012890635274616
4.125377900000001,24.186261974331554,18.227001156636376
4.125377899999999,23.734710950157176,15.376122955739335
4.890987810407368,23.64286291901195,11.724139102163326
4.1253779,23.744989616831774,15.798644897542848
4.1253779,24.27527165527196,17.36363259775992
4.125377900000001,24.292643874741433,17.246580159725003
4.125377900000001,24.275271242657112,17.363634613209523
4.125377900000001,24.292643992806823,17.246579197757562
4.125377900000001,24.27527198341027,17.363634031936726
4.125377900000001,24.115608294899996,17.90636608240567
4.125377899999999,24.176886089443038,18.003557186126635
4.1253779,24.28408420225406,17.549846525586005
4.1253779,24.16505486363836,17.07163066509406
4.1253779,24.171859504774076,17.2981716094873
4.125377899999999,23.609570337327945,17.121845449466615
4.1253779,23.60317913797524,16.3591705131238
4.779831392866177,23.884847183466768,11.638163724705672
4.1253779,23.75236612401506,15.367414705605858
4.125377899999999,24.699308326773625,18.146358070573736
4.1253779,23.714437314549674,15.295928187442527
4.1253779,24.30486738923937,17.70882855519376
4.1253779,23.758125484021477,15.739363057638114
4.1253779,23.85872170046251,15.492122553884318
4.1253779,23.772442065077506,15.73026065517989
4.1253779,23.766273871349966,16.69665806624188
4.125377900000001,23.77122076793126,15.298837875357998
4.1253779,24.118259102960312,17.56870883561975
4.1253779,24.15222797965585,17.798952788058564
4.1253779,23.70791914695834,15.990699144621225
4.1253779,24.62914365574103,17.82459323552851
4.125377899999999,23.752366616470198,15.36740928366793
4.3326475199083,23.84154300965753,11.66480124630389
4.1253779,24.632535892401055,17.78513609379935
4.1253779,23.8010532597153,15.841570561337743
4.1253779,24.012765687129825,17.600021101152127
4.237829467431459,25.725888910175094,18.500000000000004
4.1253779,24.717095917167526,18.023656215214107
4.125377899999999,23.68727482797182,16.33339960590864
4.1253779,23.649055301197663,15.924159499847837
4.1253779,23.706977516890223,15.73722068661863
4.125377900000001,26.475194882629587,18.500000000000004
4.125377899999999,23.846315622887197,14.996399557394465
4.180704310469505,26.91473591956197,18.5
4.1253779,24.17521811093903,17.78946232603265
5.773993228258531,22.873165435609423,14.098244264026597
4.1253779,22.471841373885805,18.206757994471484
4.44104709286743,21.667237009244868,17.666796356862765
4.1253779,22.02692652876721,18.499999999999996
4.1253779,22.471841718855586,18.206758440472502
4.125377900000001,22.354107410495125,18.22931496454945
4.796746556848517,21.861294008603398,17.650904295845233
5.181310723296404,21.951953104327625,16.99389842687097
5.037960349225072,22.23012075086192,16.808384141984444
6.554209176394121,22.696871963732058,13.531019532852246
4.1253779,22.08952878386704,18.5
4.313676938103968,22.297025561224093,16.334723054746547
5.104538937585807,21.92347702194518,17.371540912771295
5.938241480973055,22.122127113706973,15.09153980209615
6.08037081887423,22.693151708085015,13.569950166011042
5.507919358827385,22.58465221512198,16.128815857793125
6.90394655251264,23.12348494168108,13.218125796821406
6.9039462742190345,23.123484954632346,13.218126131210408
6.455697396932162,22.910483496684545,14.067496638798655
6.380190523887679,22.807273907846962,14.563693079403057
5.27280915947822,22.31240794594384,16.563792460146665
6.396203288936945,22.72579692573139,14.538860536590152
5.4681299925405025,21.948213986312535,15.21451520265164
6.002585739474114,22.852134410564343,13.707143244045309
5.066465456557467,22.204345229117912,15.159986380795157
5.269767397542,22.864871384305022,15.756254015396639
5.9196513470312935,23.566095681780922,13.657060166764687
5.316658608906973,23.042480155828148,14.465773820954844
5.808332719541944,22.598800681514163,15.5497579668898
5.96806985958178,23.403893560081844,13.969029958015454
5.025049824619015,22.5222618650788,15.56135525103207
4.9574209141133165,23.25516869370548,13.616662214632276
5.388275727548523,22.724209237587424,14.10257972694607
5.3206799329253665,22.965214379743863,14.642249222278274
5.6813544487874275,23.056242240095727,14.981006389886218
4.846291655442834,22.804678630630423,16.56150806751613
5.277883287413922,22.974981361543605,14.706845801405612
5.625998573138711,22.931025458764424,13.697771555219505
4.981679890383039,22.86759461479057,14.077822679320175
6.690697525352287,23.00183596452682,13.522759377180195
6.7277384196814385,22.998201874272958,13.493048483645909
7.0226301491623495,23.18522010196196,12.732000190991188
5.8714062013685675,22.969744009087147,13.653298296276317
6.158446768202737,23.88219302064096,14.880387192307737
5.147644316239815,23.450618456884467,14.279488879181029
6.572979769277155,23.501343831419526,13.812605595184074
6.54878654347881,23.43723946011434,13.94284652401997
5.784387618702519,23.546445995755676,13.623807280088998
4.125377899999999,23.462468236950492,18.03664585600513
5.197306619907572,23.537032230613647,16.32319053102104
4.284574283972806,23.828311720338863,17.028162205879504
4.1253779,23.609485601530537,16.947546665679784
5.025524360442639,23.85060431684826,15.907267569155113
4.967861792677329,23.783692262706698,15.917865322908048
4.7137789515284885,23.13135394104054,14.445504407310592
4.87863356573182,22.982280789371927,14.722047297466949
4.885905364247887,22.82446648442495,15.224594419435775
4.849677078537512,22.34772739838226,16.584558214577527
5.683039837712027,22.968868200760852,14.541154930081985
5.655129541519775,22.97239942595925,14.554456959800545
4.582974467186501,23.32738036825877,16.758092748556344
4.1253779,23.50398444160964,16.225396906738467
4.1253779,23.628742286406656,18.009986497301977
4.1253779,23.684569584302128,17.74586511776573
4.125377900000001,23.592573458747953,16.94076617383098
4.125377899999999,24.02287479716658,17.805382331058073
4.597343413193116,23.43544109681436,17.042585687475675
4.1253779,24.02958783769734,18.5
4.4823751595062165,23.318889483458427,15.916639621945478
4.1253779,24.029587713935776,18.5
4.818572575372317,23.292291162287885,16.02644905469533
4.125377900000001,23.97933036286695,18.273895390758693
4.125377900000001,23.676004920366143,17.285505000496464
4.192234497308362,25.19891370107602,18.500000000000004
4.1253779,23.807966537350733,17.784751189616035
4.125377899999998,23.60324643525764,17.261183135674923
4.1253779,24.406583114108777,18.5
4.1253779,24.406583114108777,18.5
4.259364389628346,23.28744292822761,17.13612960699609
4.125377900000001,24.878780406078526,18.500000000000004
4.1253779,24.21010294400728,18.5
4.1253779,23.83118870376527,17.62021642113973
4.237828621958066,25.725893623638534,18.499999999999996
4.175549014824456,27.023386782971002,18.5
4.1253779,23.69894129355443,17.647873652934823
4.125377900000002,24.01838811725127,18.04700880674736
4.125377899999999,23.67077480388078,17.00756206897559
4.125377900000001,23.679971920591612,17.64506859691362
4.1253779,23.552749967634455,16.843094334027004
4.68658057824384,23.860120079178586,16.170889152136006
4.125377900000001,24.03724731630383,18.263049647792478
4.125377899999999,26.409991618169098,18.5
4.1253779,24.417199322338366,18.093758748990528
4.1253779,27.00886360828714,18.499999999999996
4.233090712806884,25.778095185519543,18.5
4.1253779,24.532291508488676,18.499999999999996
4.175550678734805,27.023371638042157,18.499999999999996
4.1253779,24.063725324355325,18.0955235172656
4.1253779,23.669669585018113,17.81632598151353
4.274407753630849,23.853960550278103,16.838794640221746
4.280218930348411,23.861316520556123,16.20718170060568
5.0561358053304435,23.903616655361784,15.399447201798917
4.125377900000001,25.753005971407607,18.500000000000007
4.1253779,25.626691068541923,18.5
4.1814778907077255,25.93070246241203,18.500000000000007
4.125377900000001,25.29888207806093,18.5
4.125377899999999,25.834323157689326,18.500000000000004
4.1253779,25.831057185774178,18.500000000000004
4.184499892825044,25.66076101644812,18.499999999999996
4.1253779,25.752050848505025,18.500000000000004
4.125377899999999,25.27221359930657,18.5
4.125377900000001,25.83432524249409,18.5
4.125377899999999,25.29888876798571,18.499999999999996
4.229060723760191,24.334178018460126,18.499999999999993
4.1253779,25.84766787308633,18.5
4.270205639254418,23.429554237136614,18.499999999999996
4.1253779,25.186184714977575,18.5
4.261879639171599,24.544967264457405,18.5
4.261879925510571,24.5449692527,18.499999999999996
4.24611390266299,24.221172184262944,18.499999999999996
4.295657521940296,23.58453938095456,18.499999999999996
4.261880185219657,24.544969968038824,18.500000000000004
4.125377900000001,25.3146793467736,18.500000000000007
4.1253779,25.072018251891464,18.500000000000004
4.1253779,25.386692954099516,18.5
4.1253779,25.047255995019075,18.499999999999996
4.261406944545539,24.55494400857554,18.5
4.261880156756146,24.544963334484574,18.500000000000004
4.246114155723579,24.221172092701906,18.500000000000007
4.240550252907192,24.08067721568697,18.499999999999996
4.1253779,24.51227355225901,18.499999999999996
4.125377899999999,25.29885790307863,18.499999999999996
4.246224239350843,24.079066748661244,18.499999999999996
4.246224430540737,24.079064722564866,18.5
4.240550446014551,24.080676443260685,18.5
4.256756909305341,24.505728737106107,18.500000000000004
4.125377899999999,24.574396571167668,18.499999999999996
4.125377899999999,25.13023658846422,18.5
4.246852914656558,24.052379063703,18.499999999999996
4.240550651633994,24.080671893701545,18.5
4.240450369755086,24.216111088880048,18.500000000000007
4.240450301797804,24.216113947427324,18.5
4.2663611603168095,23.399907072559547,18.499999999999996
4.237948041479649,24.102005537432902,18.5
4.2411213728804995,24.05525666045632,18.500000000000004
4.241121236520839,24.05525925142066,18.499999999999996
4.1253779,24.6380511445557,18.499999999999996
4.240550219304165,24.08067349777705,18.499999999999996
4.239752887080552,24.12293932416497,18.500000000000004
4.26662443263661,23.399077691309106,18.5
4.125377900000001,24.574389207336196,18.5
4.258308337797597,23.044646584528124,18.5
4.275326558406713,23.41230071105264,18.499999999999996
4.270205706099209,23.429550801659133,18.500000000000004
4.240550944817798,24.08067065112757,18.499999999999996
4.1253779,22.401859021358703,18.5
4.254957450100059,23.065423935504985,18.500000000000004
4.246853504276466,24.05237886864438,18.499999999999996
4.246853098806575,24.052378683528943,18.499999999999996
4.245246364040091,24.025960078542127,18.5
4.125377900000001,24.464676985095057,18.5
4.241046096094833,24.099525546367847,18.500000000000004
4.2776447473668195,22.883394905815443,18.5
4.254218546597789,22.908710213831117,18.5
4.1253779,24.473340479503992,18.500000000000004
4.240551228692261,24.08066131328422,18.500000000000004
4.1253779,21.785434856793984,18.5
4.1253779,22.18701126242844,18.5
4.1253779,21.785434831760526,18.5
4.268938281111122,22.60782396114662,18.500000000000004
4.273562628972733,22.87779927698231,18.500000000000004
4.273562591660144,22.877799023350263,18.500000000000007
4.268938184490083,22.607823567901338,18.499999999999996
4.268938152817863,22.60782378415677,18.500000000000004
4.26893798960165,22.60782375950301,18.5
4.1253779,22.135266169360648,18.5
4.1253779,22.093153330007674,18.5
4.2687680340206855,23.431641236354253,18.5
4.268938293277444,22.60782250416316,18.5
4.1253779,22.169567787223652,18.5
4.267087536719267,23.399951708459618,18.5
4.268938482504603,22.607822714632974,18.5
4.268938767587409,22.60782326324976,18.5
4.268938566854607,22.607823309377903,18.500000000000004
4.2735627866132475,22.877798448715385,18.500000000000004
4.1253779,22.17576722569009,18.499999999999996
4.262539792141373,23.389636908842,18.5
4.1253779,22.16073905618302,18.5
4.1253779,21.785434058387693,18.5
4.1253779,21.78543418263815,18.5
4.1253779,21.785434240034753,18.5
4.125377899999999,21.78543407344562,18.499999999999996
4.2689387119843225,22.607822278624404,18.500000000000007
4.125377900000001,21.741722141716345,18.5
4.262338151738836,22.494892559411895,18.499999999999996
4.125377899999998,21.74172223252521,18.499999999999996
4.125377899999999,21.7417219237424,18.499999999999996
4.1253779,21.741722236071922,18.500000000000004
4.125377900000001,22.370662705544213,18.499999999999993
4.254219771444469,22.908705290298904,18.5
4.1253779,22.401855654096828,18.5
4.125377900000001,22.401856282379946,18.5
4.255572976434711,23.061729046529145,18.5
4.1253779,22.187009629511827,18.5
4.1253779,25.129819582213784,18.499999999999996
4.185318561684246,25.69194030426407,18.5
4.213180710038971,24.986903592124413,18.5
4.1253779,25.12981690559435,18.5
4.268618380813839,23.911864460366726,18.5
4.1253779,25.160299983359902,18.500000000000004
4.125377900000001,25.160297476080913,18.5
4.1253779,25.298897958298227,18.5
4.226747405752475,24.438372943971405,18.500000000000007
4.125377899999999,25.129812479950612,18.49999999999999
4.2686188267303695,23.911866431818066,18.500000000000004
4.2290612511591625,24.334177476150327,18.500000000000004
4.184500910995559,25.660757010669982,18.499999999999993
4.263684996805912,24.496445203871975,18.5
4.18450040341236,25.660754917548196,18.5
4.1253779,25.12980745931374,18.5
4.230284764526002,24.297750813600107,18.500000000000004
4.183147177324079,25.673889993207847,18.5
4.2723577703050575,23.515575068229655,18.499999999999996
4.26368485553818,24.49644254767139,18.499999999999996
4.227683182626281,24.303888388744525,18.5
4.1253779,25.00815678825421,18.499999999999996
4.254869731097252,24.483912921190502,18.500000000000004
4.1253779,25.298878042216046,18.5
4.1253779,25.186187546988354,18.5
4.2452467308802895,24.02596882993164,18.500000000000004
4.260193930133327,24.514196797910838,18.500000000000004
4.246114625244798,24.22117712852353,18.5
4.271986675302511,23.382070585565707,18.5
4.246224821880585,24.079068042828627,18.499999999999996
4.2962055400792085,23.496746090612454,18.5
4.262513112507368,24.53165787324853,18.500000000000004
4.2628763163048955,24.52400315936499,18.500000000000004
4.296235664979039,23.571526270185977,18.499999999999996
4.2601935199640515,24.514190679742143,18.499999999999996
4.296235638112205,23.571527032000642,18.5
4.261880623468847,24.544968153421777,18.499999999999996
4.244634533859836,24.0524314063632,18.5
4.244634719247887,24.052431046990403,18.5
4.245246884739572,24.025966115575244,18.5
4.245246805674696,24.025966182881337,18.499999999999996
4.1253779,24.63932628630787,18.5
4.24355686932719,24.098411939961597,18.5
4.246853453898163,24.052384922946175,18.500000000000004
4.267505107910074,23.318220143098248,18.499999999999996
4.246853867013292,24.052384733719613,18.499999999999996
4.272012254632987,23.306850679371667,18.499999999999996
4.246853719042047,24.05238484068355,18.500000000000004
4.275353816618525,23.335376274395816,18.500000000000004
4.263835187930544,24.349649559232265,18.5
4.258793773419373,24.398325724013354,18.500000000000004
4.262099351277665,24.32088710257582,18.500000000000004
4.241121670441291,24.055262058641734,18.499999999999996
4.262099961270925,24.320888586287293,18.499999999999996
4.27064232290327,23.346100040915225,18.500000000000004
4.246854075117671,24.05238461245598,18.500000000000007
4.2452476547729585,24.02596730809448,18.5
4.246853825787631,24.052384542991863,18.5
4.245247376512241,24.025966101928404,18.499999999999996
4.245247431888149,24.02596668467594,18.499999999999996
4.246854008221815,24.05238544907311,18.500000000000004
4.246853515079719,24.052384739539754,18.50000000000001
4.246853343186824,24.052384526239496,18.5
4.2468536321339325,24.052384255614154,18.5
4.246853605192074,24.052385332144194,18.5
4.275353941311735,23.335376620514197,18.500000000000004
4.246853272477384,24.05238350966595,18.5
4.275354079766319,23.33537708611618,18.5
4.239662296797249,24.030039967138304,18.499999999999996
4.244635239451876,24.052432643676887,18.499999999999996
4.2452472034067235,24.0259663869165,18.499999999999996
4.2452470217730065,24.025966599931365,18.5
4.270642484170251,23.346100308015238,18.499999999999993
4.275354003120193,23.335375416927317,18.499999999999996
4.241121839527338,24.055263033001275,18.500000000000004
4.24524728788436,24.025964275520025,18.5
4.246854011801657,24.052382854952562,18.500000000000007
4.245247101913555,24.025965142239553,18.500000000000007
4.2452475039156505,24.02596653940272,18.5
4.245247055230249,24.02596266421552,18.5
4.239662325725754,24.03003668865616,18.499999999999993
4.245247203999911,24.025962200155185,18.500000000000004
4.245247255872508,24.02596378617044,18.5
4.245247173460765,24.02596358571669,18.500000000000007
4.245247282037584,24.025965424483278,18.499999999999996
4.239662471839123,24.030036822621668,18.499999999999996
4.239662530911225,24.03003719310574,18.5
4.245246969956308,24.025964093246685,18.5
4.246853809780855,24.052384051295945,18.499999999999993
4.272012710602636,23.306850447442795,18.499999999999996
4.272012940569783,23.3068502598726,18.500000000000004
4.245247926111128,24.025964175018668,18.500000000000004
4.245247740455652,24.025962968797202,18.499999999999996
4.245247641273438,24.025961017524832,18.500000000000004
4.245247458943123,24.025963102807122,18.49999999999999
4.2452475686798525,24.025959273622426,18.499999999999993
4.272012900936315,23.306848211106676,18.500000000000004
4.245247956742161,24.025963739055268,18.499999999999996
4.267505712343323,23.3182181078592,18.5
4.254219434291021,22.908708633750724,18.500000000000004
4.239663166038598,24.03003409996444,18.499999999999993
4.272012879899022,23.306848905452462,18.500000000000004
4.267505342568,23.31822038028009,18.500000000000007
4.267505536854421,23.318220395944127,18.499999999999996
4.272012858227569,23.306851261235895,18.500000000000004
4.272012717669073,23.306851008671554,18.500000000000004
4.272012600104232,23.3068511854262,18.500000000000007
4.272012539603243,23.30685119102379,18.5
4.26750605670141,23.318221578663692,18.5
4.267505882952255,23.318221505734563,18.499999999999996
4.267506012527054,23.318221487739287,18.5
4.287051644493384,23.480181985366443,18.5
4.271987382448293,23.382071802533222,18.5
4.272013012673343,23.306852345879317,18.5
4.245247382735617,24.025969244363008,18.5
4.267505147483662,23.318220418553413,18.5
4.250341031687177,23.594271900734665,18.5
4.2396623747865805,24.030041302556537,18.499999999999996
4.2638351123046325,24.34965249809921,18.499999999999996
4.239662427508307,24.030041715075086,18.499999999999996
4.272012444154073,23.306851203506472,18.499999999999996
4.217197776018421,24.049846629253203,18.5
4.125377899999999,25.100079883742143,18.499999999999996
4.215494561312146,23.960165005915808,18.499999999999993
4.1253779,25.02594162909378,18.499999999999996
4.1253779,25.243356107114828,18.499999999999993
4.125377899999999,24.463143420166126,18.499999999999996
4.254383391947605,23.454216609551576,18.499999999999993
4.22212616643164,23.95271100156688,18.500000000000004
4.245247017128325,24.025967762913833,18.499999999999996
4.275353913307332,23.335377290943743,18.5
4.250340789154884,23.59427218605045,18.500000000000004
4.22212625806844,23.95271155436592,18.500000000000004
4.218702727908315,24.070682755850484,18.5
4.27198691595451,23.38207147933839,18.5
4.217198165336142,24.04984873567454,18.500000000000004
4.219011544676101,23.950825154316806,18.499999999999996
4.275327058278977,23.412304854923864,18.5
4.27020629241778,23.429554916939587,18.5
4.249585357596618,23.81346884673083,18.5
4.1253779,25.75300457889349,18.5
4.252776685704873,23.9188205436095,18.500000000000004
4.229862350397703,24.237525093034883,18.500000000000004
4.228971950827793,24.42551101532556,18.500000000000004
4.222126135648846,23.95271296289813,18.499999999999996
4.265500573114173,23.74970109062787,18.5
4.217397433776878,24.04249917296824,18.5
4.226143553432105,24.246349176912783,18.499999999999996
4.27064203447524,23.346101622915032,18.499999999999996
4.270642157178598,23.346101562562634,18.5
4.217697652164836,23.924231737575063,18.500000000000004
4.275353823061433,23.33537829139875,18.499999999999996
4.252759172270067,23.624064192200326,18.499999999999996
4.260590548424709,23.938448552332666,18.5
4.261880147489094,24.544972301425922,18.5
4.243557045653044,24.098418473475338,18.5
4.2706421650150705,23.346102095396223,18.500000000000004
4.125377899999999,25.078975464635455,18.5
4.218702401219164,24.070683805434047,18.499999999999996
4.243557076699599,24.098418648480717,18.5
4.27064202426616,23.346102716643077,18.5
4.268618080941925,23.91186548456831,18.5
4.22772814403037,24.46145381217916,18.5
4.291003788005344,23.42965015934964,18.5
4.125377899999999,25.078963391021365,18.500000000000004
4.294532121070587,23.628503468207434,18.500000000000004
4.125377900000001,25.626692366383338,18.5
4.251769927192379,23.824766406744104,18.5
4.1253779,25.62669359398359,18.499999999999993
4.125377899999999,25.129805887668052,18.500000000000007
4.263834861478502,24.349657949255207,18.5
4.1253779,26.112559674810758,18.500000000000004
4.125377899999999,25.626693637768184,18.499999999999996
4.184500418067426,25.660756684366884,18.5
4.22714678443996,24.28566994528609,18.5
4.1253779,25.129807430896047,18.5
4.2290609758170215,24.334178819445352,18.499999999999996
4.18531755614082,25.69193315722199,18.500000000000004
4.1253779,25.089650731475775,18.499999999999996
4.125377899999999,25.65839371011294,18.499999999999993
4.227146548699643,24.28567586161537,18.499999999999996
4.22179656373424,24.07653940777106,18.499999999999996
4.230285330182036,24.29775403875092,18.500000000000007
4.228637010232471,24.346804835025623,18.500000000000004
4.260048680920449,23.952404153923126,18.5
4.22906118590811,24.334179576627836,18.5
4.229921367045033,24.30857763707531,18.5
4.1253779,24.225869225034824,18.499999999999993
4.227728559489566,24.461457095852705,18.500000000000004
4.226494392279824,24.49712489011229,18.5
4.125377900000001,24.1988165536721,18.500000000000004
4.227728330534149,24.461456037007853,18.5
4.228971948371243,24.425513329105208,18.5
4.226494707768318,24.49712532355383,18.5
4.226494736596541,24.497126032292602,18.499999999999996
4.125377899999999,24.760015788141168,18.499999999999993
4.22897206506196,24.425515363853243,18.499999999999996
4.1253779,25.7421546209839,18.499999999999996
4.229061185032311,24.33418105813111,18.5
4.229060684881409,24.334181859761724,18.500000000000004
4.226494383333064,24.497126033849728,18.500000000000004
4.2945187526164,23.62880262945421,18.5
4.243556878385171,24.098419133827996,18.500000000000004
4.2636852503763825,24.4964494463502,18.500000000000004
4.125377899999999,22.17576677457312,18.499999999999996
4.268938481104169,22.60782348261822,18.5
4.125377900000001,22.370663188219147,18.500000000000004
4.125377899999999,22.258797390003423,18.5
4.256888710399792,22.961662171885656,18.499999999999996
4.252008836433812,23.003420613788986,18.5
4.1253779,22.156179911326905,18.5
4.1253779,22.39872537389703,18.5
4.1253779,22.15617946505872,18.5
4.125377899999999,22.156178998018515,18.5
4.125377899999999,22.156179055282553,18.499999999999996
4.125377899999999,22.187009887439668,18.499999999999996
4.247274827771697,23.60250649568093,18.5
4.234973385225581,22.807219396996494,18.500000000000004
4.240551248740037,24.080659104026083,18.499999999999996
4.217697865137095,23.924221882648297,18.5
4.217398067599716,24.042485075447583,18.5
4.125377900000001,22.42949765046979,18.5
4.218702973263144,24.070670745778358,18.499999999999996
4.2384683904993015,23.12812366767275,18.5
4.2605854460353365,22.9871442311195,18.499999999999996
4.1253779,22.156179732148384,18.5
4.125377900000001,22.429495941633665,18.5
4.255432389132579,23.029060857210116,18.500000000000004
4.2174970217359435,23.93185202661418,18.499999999999996
4.241190367795108,23.153957381527334,18.5
4.249574494079152,23.631708656984344,18.499999999999996
4.219011057574072,23.950816555509405,18.5
4.125377899999999,25.039796732935383,18.499999999999996
4.125377899999999,25.039783618357163,18.499999999999996
4.212029587781004,23.593672494263632,18.5
4.270206028554208,23.429551770229423,18.5
4.253174051635369,23.04692638778466,18.499999999999996
4.2700623064732515,23.523190722633604,18.499999999999996
4.27356284023597,22.87779971412027,18.499999999999996
4.2411218095473355,24.05525443040933,18.500000000000004
4.270062664957018,23.52319156445838,18.500000000000007
4.125377900000001,25.074765967574628,18.5
4.125377899999999,24.56009087789775,18.499999999999996
4.24957376157581,23.631712642206104,18.5
4.1253779,25.049957764211555,18.499999999999996
4.1253779,25.100039920373067,18.5
4.246852922466734,24.052377973530838,18.500000000000004
4.1253779,24.473354833900714,18.5
4.125377900000001,24.473357477002935,18.500000000000004
4.246853159836686,24.052379485375784,18.5
4.239752851400388,24.122936552082955,18.5
4.233562575370151,22.919627806791578,18.499999999999993
4.1253779,24.482261361020036,18.5
4.2411212254816535,24.055260142488457,18.5
4.245708015031163,23.657179139452506,18.5
4.218702232604842,24.07067540146039,18.500000000000004
4.24570773693292,23.657178997404873,18.500000000000007
4.234973039127234,22.80722341029473,18.5
4.221796452722533,24.076533526970874,18.5
4.241121539229309,24.055260105792634,18.500000000000004
4.245707923109575,23.657180194028616,18.499999999999996
4.218803708376369,23.95849912458993,18.500000000000004
4.249574511011041,23.631713782823418,18.5
4.218726402268389,24.069808389542086,18.5
4.219010905251131,23.950817318994854,18.500000000000004
4.240850857038868,23.817875682973764,18.499999999999996
4.252543764062963,23.630477257723662,18.500000000000004
4.221904878156101,23.960639154679598,18.500000000000004
4.275235102156953,23.41256799108895,18.500000000000004
4.270206042122821,23.42955452388323,18.499999999999996
4.2211193693743025,24.10001687433387,18.500000000000004
4.241046137653594,24.09953019538646,18.500000000000004
4.229921412333375,24.308572975226873,18.499999999999996
4.221384909805218,24.090810137911728,18.499999999999996
4.192443376556763,26.870673972470588,18.5
4.1253779,25.07677187610766,18.5
4.275235039615952,23.412568282282123,18.5
4.218316564723907,24.08452411133893,18.5
4.221384820698602,24.090811979629784,18.500000000000004
4.221576378624794,24.084157048847,18.499999999999996
4.125377899999999,24.178020640392077,18.49999999999999
4.1253779,24.185356992411915,18.5
4.1253779,24.178021187695865,18.499999999999996
4.1253779,26.48079471243655,18.500000000000004
4.1253779,24.760641142456173,18.5
4.1253779,26.428529839620616,18.5
4.125377900000001,25.847656313840094,18.499999999999996
4.125377900000001,25.170206406633213,18.500000000000004
4.1253779,24.68917312753945,18.499999999999993
4.187407438400453,26.985922849967686,18.499999999999996
4.1253779,24.9963937685751,18.5
4.125377900000001,25.04987505682071,18.5
4.1253779,24.719139228796625,18.5
4.193335299664339,26.910996399878716,18.500000000000007
4.193335421404644,26.910996958358268,18.499999999999996
4.1253779,25.067922731544265,18.5
4.1864564461895535,27.035363561967436,18.5
4.193336719102017,26.910989590711758,18.500000000000004
4.1253779,26.444159040775222,18.5
4.225263512846286,24.343690864154482,18.5
4.125377900000001,25.083756664686085,18.5
4.185687320038756,27.04019567612473,18.499999999999996
4.125377900000001,25.84766701655892,18.5
4.230272692062838,24.298110750466826,18.500000000000004
4.221384983062429,24.090813932791644,18.499999999999996
4.125377900000001,24.176097094000262,18.5
4.899451274895231,23.041108498443396,14.891639025022824
4.234065171788815,25.67443185366331,18.5
4.2340649259889584,25.67442786209581,18.500000000000004
4.1253779,25.45613486361755,18.500000000000007
4.234064950170228,25.674429067408823,18.5
4.1253779,23.29611132590878,18.308728279400633
4.125377899999999,23.86983651433814,16.485224420956033
4.1253779,24.0904872790828,18.499999999999996
4.125377900000001,24.027495188351555,18.499999999999996
4.233747784179895,25.536647677735214,18.499999999999996
4.1253779,23.700202949326258,16.440212040079068
4.125377899999999,23.819342161170354,15.844829616997247
4.125377900000001,23.637850636730473,16.870611141977616
4.125377899999999,23.678272595555764,18.035673259867018
4.1253779,23.70323331951565,16.66893109206889
4.125377899999999,23.94439996589173,18.29095189466402
4.125377899999999,23.54687379402051,16.463147200835312
4.1253779,24.10520397571725,18.20901899449044
4.125377900000001,24.556425984739136,18.500000000000004
4.389368296495578,23.454343789828958,18.5
4.1253779,23.53299270639441,17.99616501340498
4.1253779,24.00021909889092,18.5
4.125377899999999,23.285617604370003,17.69187332475906
4.125377900000001,23.418567415783098,18.5
4.1253779,24.020242959699004,18.500000000000004
4.1253779,23.628081413834558,16.906152521861895
4.125377900000001,23.423237698982856,17.5998985438892
4.271824842902297,23.23680780940739,17.01364684218765
4.125377899999999,23.684482033029703,17.512677199345486
5.153351308013209,23.011130041517514,13.59546069640729
4.967080429903312,23.593883434583333,11.739822896832594
4.125377900000001,23.557015464078066,16.105342145872783
4.93706302933338,23.255294582173534,12.832485252000305
4.125377899999998,23.516538004433027,17.168379102007222
4.125377899999999,23.50021639578588,16.79201926575551
4.526292053951244,23.62159720846118,11.733082542098341
4.125377899999999,23.56711256220296,16.817248587364592
4.125377899999999,23.32159837167863,17.038338548831646
4.461954419387787,22.757852213957484,16.494317599170248
4.125377900000001,23.03816579221828,18.500000000000004
4.1253779,23.568613448955485,18.282949380205604
4.407460811587563,23.07493611953062,17.65247416571376
4.694239928301514,23.089426714482606,14.530177691152804
4.516685903960809,23.216586843391163,14.015081334968537
4.487273084114243,23.15486226228671,14.571685357550137
4.881050228256861,22.99048718250654,14.66139465344072
4.5261359840188,23.335291398300953,14.466932949625175
4.707600466976705,23.53887160957253,14.343119072191064
4.1253779,23.500639791174383,16.42176596593483
4.125377899999998,23.565964483390733,16.372287414788296
4.125377900000001,23.863878112299783,12.633657045989711
4.1253779,23.825054952672208,11.703521683629212
4.529348483843145,23.609884798747164,11.737909175755897
4.321310371206888,23.76692676658144,11.710316279891257
4.1253779,23.022842015953334,18.5
4.706061850190385,23.297430550810944,17.365057642209404
4.405171370308441,23.08980033737308,18.24706627270375
4.125377900000001,23.093958374077864,18.228168089604686
4.1253779,23.084110610161993,18.255832690250358
4.1253779,23.084110794349062,18.255833290019623
4.1253779,22.896648292035735,15.878934864559984
4.7192752446481565,23.226007928071837,14.55545915436996
4.703142178955572,23.069957757612283,14.564976165723852
5.378163281712213,23.06060704507364,13.97214218131231
4.868828516032837,22.983239878601292,14.674904606359553
4.8699454011692955,22.98828695320732,14.68027376728189
4.868547239242007,23.075919115722662,14.67355461603116
4.920889485497879,22.97675956631028,13.666264047990815
5.123202912896943,22.971881692507456,13.675254375980442
4.911117654179898,23.093791371996936,14.566894140069705
4.669667310555817,23.14882541810407,14.576401058213014
4.906760903527164,23.07582035333016,13.569038869149294
5.249245727174015,22.21596284214661,15.96380733565041
5.163509005709499,22.003362246192307,17.63424242074705
5.665396176380526,22.550684111755157,16.54218979724684
5.252126620697743,22.28786918136616,16.250459170569677
5.194616001634254,22.48954894816812,17.215467541149202
5.609846064045134,22.65102843020439,16.52723781285892
4.913597462737756,22.849006319485156,13.590637960830225
4.5165561201119715,23.187107569103325,13.513181369611077
5.315470889190936,22.815079161234948,13.73549866972781
4.463049782262646,22.423060431295696,16.913831253550917
4.868547823974113,23.075918816507087,14.673552136501216
5.534513507554774,22.398929112886417,16.92174404079881
5.141374501095587,22.89221362165125,13.722150435406348
4.8666270903155,22.980778571845175,14.742259031281495
5.14137405323023,22.892212950206304,13.722153802612523
4.90763539393962,23.067173481251913,14.551526339864449
4.878633209175664,22.98228070560346,14.722049736823973
5.394564883859542,22.968317062931025,13.64479426501452
4.644905871992184,21.8272552262631,17.552000153373477
5.176960801128643,22.237813883553763,17.622699440414912
4.780256032825963,21.869703437253754,17.373562797202627
4.1253779,23.03816439667305,18.500000000000004
5.360769533140842,22.47481588498578,16.504005080207918
5.6653976898363485,22.55068417444904,16.542187873466627
5.213782848501361,21.973796200138423,16.602188726798538
4.829307990883056,22.2770192681443,16.033191557508697
5.084761029678262,22.040508923427467,14.763900831837988
5.500610044636567,21.92896104751784,14.794210073156162
5.710593940234903,22.966856464461774,14.648640018517183
5.610956167478534,22.79617438944113,13.362899911565362
4.92716937485457,22.81490777912789,13.63352028692082
5.165609419952825,22.045357608285613,12.329114639771907
5.71691228130777,22.930797873209702,11.765867374789734
5.207700642258021,22.84150849970619,11.761315976235045
5.387227108683318,22.721318600451763,13.630078523902213
5.000469887735971,23.126817059687053,11.780341264643912
4.448744715060258,21.78991274588484,17.380856785806195
4.1253779,21.43411301741882,18.5
5.559748411129956,22.263887166374808,15.77914236276371
5.717083972303813,22.247648329687255,16.474975221067826
5.176961431391263,22.237813592055492,17.62269853842348
4.497518753698554,21.946594552377118,17.617910842698763
5.532389100890712,22.15285845145559,15.079762422682624
6.173878703939957,22.6500011971214,12.137599599528041
5.8875909398601864,22.77095515893867,12.194038983964019
5.66042178484593,22.108359329193448,12.397493794967817
5.005808025521533,22.12382364117992,12.444617764286363
6.0804824639636115,22.686022053183983,12.20042783359144
6.08048188177616,22.686021591585867,12.200429267888849
5.555145602706643,22.809124896576133,13.402445929542045
6.607334879484768,21.918612870952195,12.414739777217592
5.155706618145252,22.882637315391886,13.339292134691455
6.334157705790405,22.690914967054773,12.180949123911029
5.570466124450109,22.806506613713417,13.394452592754336
5.531892880242672,22.140315321667526,17.323686858599146
6.600212058466268,21.908738740587413,12.410963768526104
4.1253779,21.51347305643674,18.500000000000004
4.261188541144168,21.506869437900004,18.5
5.4817120577656935,21.948407704434846,15.206998710091728
4.1253779,22.013213531168127,18.5
4.1253779,22.089528473269322,18.5
4.463218938617395,21.70410603333897,17.361048947400498
6.532866963002541,21.89591295036113,12.430406511262452
4.622386107470246,21.682002134552533,16.7401620908403
4.1253779,22.221806435486968,18.500000000000004
4.456484129982036,21.679592744512302,16.731389716528536
4.1253779,22.22180588703921,18.5
4.1253779,22.089526574327056,18.499999999999996
4.1253779,22.221806018851087,18.5
4.125377899999999,22.08952640299963,18.5
4.1253779,22.08952679921396,18.5
4.1253779,22.227823330124412,18.500000000000004
4.125377899999999,22.290225616992533,18.21553475618726
4.1253779,23.156769055244617,13.716870217945743
4.1253779,22.089526277862763,18.500000000000004
4.125377900000001,22.08952684906149,18.5
4.742913493857853,22.47468645910499,12.310414337435043
4.1253779,22.220868757364684,18.218252888038386
4.616288912126022,21.679266108866933,16.736283782104753
4.4564840285791005,21.679592127388656,16.731390446727534
5.510742126255714,22.345844467540484,15.79086532833303
4.1253779,22.08952633069873,18.499999999999996
4.1253779,22.096052482274793,18.500000000000004
4.291350309393198,21.24950507498644,17.67334350248432
5.4508921712446705,21.947965513656467,15.22405263601567
4.473796846357386,21.530369835000727,16.985858312778184
4.963797962996399,21.720764823990017,14.088384737252357
4.5948248823365,21.88173567195095,17.62115974628688
5.23961777232158,22.3135264700347,16.587556006674877
4.628308050981754,21.507065165667196,16.969754822636038
4.1253779,22.480935605048195,18.186306719845323
4.703936304988344,21.5505212401223,12.949326023228997
5.390086778676213,21.811460388531533,12.349294716483174
5.150015230384343,22.146401399394097,12.394094750396839
4.1253779,22.221809291010462,18.5
4.1253779,22.22180823823426,18.5
6.080066592413407,22.77774437645892,12.205308811750484
4.958842613067685,21.53102151390366,13.678464536623403
5.660421802480202,22.108358964714807,12.397493741064235
6.523769575980976,21.90551757879135,12.437677299181548
5.450892207615893,21.94796639777794,15.224052707356613
6.16445942748684,22.65083339527654,12.139051693130869
5.307423799244236,22.443248528539915,15.712836004471773
4.845430339425063,22.427535605398187,16.594008626006364
5.3057472948360145,22.814325655984987,14.657386785298165
4.889612881759963,21.731778742895465,15.878769424045265
4.1253779,21.67903718662035,17.271034711570405
5.239616617933483,22.313526779136108,16.58755781452924
5.192297467760945,23.056399392248295,12.172679761787034
4.318523449488629,22.357164846962494,12.294134109775271
6.035977057967284,22.954912357839216,12.224854679551093
4.994304880195856,22.135680775121084,12.427051964661183
4.918335006224804,23.42385361577822,11.7304573570256
4.1253779,23.311702173101406,13.062152882183534
5.369825920767989,22.725852268244342,14.109951216980825
6.136782270568618,22.67680779930383,12.119865552284491
5.1628432947631575,22.78718364221845,14.090531546785197
6.146245247586279,22.677923597243343,12.179552362353418
5.17972473199699,22.869168319761656,14.08358943517159
5.670350589362851,22.97368202821578,14.67520254576175
5.305747372828187,22.81432636587113,14.657386529980908
5.204998439169499,22.321605785866645,16.617506319128562
6.4643465730026985,22.96282235047239,14.530287819377648
5.258269277580276,22.479319453476148,16.89357176057867
5.3228253497507145,22.476927617334873,16.531187296612558
5.687561110132209,22.971494294229814,14.666703330665749
4.961800852379882,23.30254243358104,11.711379517182477
4.972686678581126,22.961647420003736,14.138759461815756
4.522138343138795,23.251087322161112,14.013095370016847
4.514996116502553,23.575481393555084,13.080030053950365
4.511637733047104,23.30355149785279,12.549630704979432
4.512536556846869,23.302295376954753,12.553005050062506
5.8700744684917545,22.969046118652766,13.651350332042394
5.666506497932389,22.974170216277045,14.677102546835938
5.666507014534573,22.974170088835468,14.677102044987961
5.666506616124336,22.97417022880268,14.677102196559611
6.101249921345172,22.95445320553283,12.20533069074215
5.805616876719878,22.881141389769514,13.677183634900533
6.746243242999443,22.88687074037591,13.59632450138331
5.699525169824661,23.064131868511065,14.96144053030914
4.474329761656298,22.25547626303116,17.90050497414876
5.779993433115955,22.56780898210979,16.400647028113347
5.665395747252431,22.55068458897718,16.54218993223131
5.763721203672203,22.968160680117588,14.629674525416242
4.55652761330256,23.41081290359406,12.114372474306618
4.125377899999999,24.003641642303972,11.637769387065504
4.125377900000001,24.003641689515234,11.637768785527705
4.76103698834685,23.303092394448097,12.713595012374167
4.52305390649361,23.155948461116253,13.553267653015842
4.556527513114859,23.41081296853001,12.114372853853808
4.529419662877359,23.072667502529214,13.592537304861105
4.325921150679917,23.45200044859054,13.430740133651657
4.908178388047655,23.230924224083783,13.573517928404167
4.516555430224604,23.18710925392939,13.51317788530366
5.111354633284538,22.896487229494763,13.6879875108601
5.162951460864751,23.030360158719464,13.602190101888716
4.1253779,24.03143646379141,18.5
5.434755723010022,22.96797256375498,14.10611723454733
4.125377900000001,23.353787868451796,17.449131327618858
5.00331936730537,23.126280004586032,17.15296605339355
4.125377899999999,23.234022043329876,17.675450938814095
4.4136765812374135,23.409111191703396,17.664140647249333
4.90356727936593,23.241995099618755,13.558945124512077
4.1253779,23.44173982810777,16.49415425273816
4.527641132298814,23.231105620890162,13.58157059227312
4.52872086169307,23.60026870379896,11.736919544865117
4.1253779,23.930339943955193,12.163130750314911
4.498978421274594,23.366047044395685,13.40474650270682
4.313342180586077,23.375836214115722,13.387336430983426
4.920928928179169,23.592729732602372,12.68455939633966
4.1253779,23.92586322502912,12.525086037507073
4.304564921838357,23.875883494947203,11.570555175664788
4.125377900000001,23.926239731839676,12.162244254315352
4.319190082916456,23.777684325282657,11.703711603107585
4.291838728164252,22.717474652439236,16.591496767195096
6.016891688640848,23.0506861706328,14.576883183239708
4.795329159512291,22.58175332516132,16.93820185176949
4.7186303607369995,23.126512953091012,17.392801270140744
5.659949005847032,22.972437483688545,14.696870377239565
4.718630031053503,23.126513180014275,17.392801193968978
4.125377899999999,24.281473547959123,17.57276501557962
4.303386194126644,23.586392134226717,12.411529401997065
4.125377899999999,24.280627026887935,17.54706154898947
4.125377899999999,24.07411481430109,18.086233149207313
4.1253779,24.079394163814122,17.937370086116733
4.1253779,24.181127054762378,18.052525741702112
4.125377899999999,23.613628024558533,16.84562987530556
4.1253779,23.675591618994005,16.893341217740296
4.125377900000001,23.856581180500847,14.786266362460095
4.125377900000001,24.020659115611537,17.594734132549217
4.1253779,23.844894467258804,15.26430444100105
4.1253779,24.040872736494897,17.821869466698963
4.125377899999999,23.313696973146776,18.274584674270372
4.1253779,23.48197511997855,17.088278993574924
4.1253779,22.780115593140486,16.601520858546436
4.125377899999999,24.295708530529694,18.5
4.125377899999999,23.197124034994477,18.265542623540032
4.125377900000001,23.220057335090946,18.5
4.322731853886472,23.356534794459336,12.946357153963078
4.1253779,23.61699817855795,16.303133361788795
4.125377899999999,23.834710086492766,16.310297195024496
4.1253779,23.598439504277817,17.637917099074258
4.125377899999999,23.7826473000569,16.442003811377365
4.304971879813197,23.875959616982993,11.57162459731181
4.125377899999999,23.65835280320223,16.211685073692653
4.1253779,23.71611204515597,16.895870830370548
4.41530144442768,23.477831063519027,16.48081719060041
4.125377899999999,23.716112013891852,16.895870502324186
4.1253779,23.56871481211415,16.656198019559497
4.125377899999999,23.783060228142975,15.301617330993658
4.1253779,23.629234290862083,18.5
4.125377900000001,22.705865221391676,16.891132942821088
4.125377899999999,23.043213520716904,18.5
4.125377900000001,22.936577463858498,18.500000000000004
4.125377900000001,24.0543912349819,18.499999999999996
4.125377900000001,24.07094200105766,18.5
4.125377900000001,24.96276819403025,18.500000000000007
4.1253779,24.752118914943598,18.5
4.1253779,25.05742199980294,18.5
4.125377900000001,24.208905978356622,18.500000000000004
4.125377899999999,24.970049053600864,18.499999999999996
4.1253779,24.761156382757786,18.500000000000004
4.125377900000001,26.504870642392206,18.499999999999996
4.1253779,25.739705060403164,18.500000000000004
4.1253779,23.98859702376509,18.500000000000004
4.1253779,24.72479438767956,18.5
4.1253779,25.082214169305733,18.5
4.222956827846746,24.255012179304877,18.499999999999996
4.231727375453551,26.068266912972295,18.499999999999996
4.1253779,25.593773823182175,18.5
4.2244126348372655,24.458904360128635,18.500000000000004
4.224412687033443,24.4589080492387,18.499999999999996
4.227145771803416,24.285677704691974,18.500000000000004
4.1253779,25.076842645928018,18.500000000000007
4.1253779,24.461006214902895,18.5
4.218317198848046,24.084523671625902,18.500000000000007
4.125377899999999,26.43646434460078,18.499999999999996
4.125377900000001,24.406402524106984,18.500000000000004
4.1253779,26.413021742849377,18.499999999999996
4.1253779,24.45772085505769,18.500000000000004
4.264851557156509,23.92034732644578,18.499999999999996
4.218496086606155,24.07806892557194,18.5
4.257051221046269,24.489175275319827,18.499999999999996
4.24104573138054,24.09953259229998,18.499999999999993
4.1253779,24.59801804544672,18.500000000000004
4.2903589531755,23.60195098065568,18.499999999999996
4.1253779,24.191717557196355,18.499999999999996
4.1253779,24.2064365196067,18.499999999999996
4.125377900000001,25.015180541317722,18.5
4.125377899999999,25.636653783841233,18.5
4.125377899999999,25.13986013799412,18.5
4.291002721472336,23.429653321545647,18.5
4.241046296018787,24.099530188726614,18.499999999999996
4.125377900000001,25.04996805507402,18.5
4.125377900000001,24.53706980105437,18.500000000000004
4.1253779,24.9627572025598,18.500000000000004
4.125377899999999,25.66859059600532,18.499999999999993
4.125377899999999,25.04997780642717,18.5
4.27064135954257,23.34610040554253,18.500000000000004
4.291003119465167,23.429648731678824,18.500000000000004
4.270062161310075,23.523193498447966,18.5
4.2410458903898895,24.099529739090165,18.499999999999996
4.241045656358734,24.099529965456973,18.5
4.241045453144543,24.09952921091151,18.499999999999993
4.1253779,24.19171205987354,18.500000000000004
4.248610695033998,23.829614868649873,18.5
4.222125246294477,23.95270900654079,18.5
4.246852370029312,24.052379764066544,18.5
4.2411202537752555,24.055260266519575,18.5
4.27037286906556,23.40446668677262,18.499999999999996
4.270062360605943,23.523191763567706,18.499999999999996
4.26473409689949,22.525895345438006,18.500000000000004
4.270641936974494,23.346097451303265,18.499999999999996
4.270062518745764,23.523193323047696,18.5
4.255484023863537,23.0622640316547,18.5
4.255484052882117,23.062263665588368,18.5
4.2706410170714575,23.34609988126962,18.499999999999996
4.241120724397006,24.055257655170948,18.499999999999996
4.241120827611098,24.05525541541685,18.499999999999996
4.275353304666404,23.335375682809232,18.5
4.246852709337958,24.05237864016015,18.5
4.241120672133683,24.055258304250433,18.5
4.2706412991593306,23.346100299856175,18.500000000000004
4.266832853544516,22.75245816167358,18.500000000000004
4.270641146932951,23.346099837634235,18.499999999999996
4.275352933864836,23.335375947231046,18.500000000000004
4.246852077039191,24.05237851666369,18.5
4.243556024843676,24.098406102905795,18.500000000000004
4.125377899999999,22.401855331553293,18.5
4.273562426201863,22.877799419106584,18.499999999999996
4.2735625155689965,22.87779929083637,18.500000000000004
4.26473394365262,22.525893977864246,18.5
4.270061993225457,23.52318944027927,18.499999999999993
4.255896946840201,22.937188857190804,18.500000000000004
4.270087051489448,23.429888715075144,18.500000000000004
4.2752344416246375,23.412565033542535,18.5
4.2410453375080115,24.099525885528976,18.500000000000004
4.241121038522171,24.05525779165882,18.5
4.2411210073938514,24.055259885352925,18.5
4.239661396932211,24.03003464305972,18.5
4.231844180196724,24.260203846302947,18.500000000000004
4.270641221026163,23.34609739340063,18.499999999999996
4.2621256987193785,22.675775441244596,18.5
4.270641484435933,23.346097256088807,18.499999999999996
4.241045515202027,24.099519146226697,18.500000000000004
4.262125604647842,22.67577517058386,18.500000000000004
4.1253779,21.785434891841412,18.5
4.1253779,22.187010917354456,18.500000000000004
4.125377899999999,22.15618008304214,18.499999999999996
4.1253779,21.785434744282725,18.5
4.1253779,22.175593194442254,18.500000000000004
4.125377899999999,22.18701067233296,18.5
4.25184361305042,22.895497105105775,18.499999999999996
4.259663091090552,22.642139472651493,18.499999999999996
4.253572107454799,22.924034142077865,18.500000000000004
4.2518434391974615,22.895499425443877,18.5
4.273562211645268,22.877797482664608,18.500000000000004
4.273562389934462,22.877797486643544,18.500000000000004
4.241121538065591,24.055249343864304,18.499999999999996
4.2396618548450675,24.030019836565966,18.499999999999996
4.2411211117799965,24.0552536933124,18.500000000000004
4.239661936684009,24.03002356160349,18.499999999999996
4.273562228242655,22.877797215664497,18.500000000000007
4.125377900000001,22.187012393909647,18.500000000000004
4.1253779,22.191272320234166,18.500000000000004
4.1253779,22.187010030491876,18.500000000000004
4.125377899999999,21.785434040685036,18.5
4.125377900000001,22.187009977591398,18.500000000000004
4.1253779,22.18700943626831,18.5
4.1253779,21.741722030387514,18.500000000000004
4.254218810264063,22.908709718244754,18.5
4.125377899999999,22.17559458218588,18.5
4.1253779,22.17559477298343,18.499999999999996
4.1253779,22.1414440840456,18.5
4.1253779,22.401859079526318,18.5
4.239662129931799,24.030023074412902,18.499999999999996
4.125377899999999,22.160739823746685,18.5
4.258962324518489,22.657747767101583,18.5
4.241408494401701,24.134763162122418,18.5
4.271521432020505,22.885245428974464,18.5
4.273751786084319,23.51374325973344,18.5
4.265717480247722,23.347305532825008,18.500000000000004
4.125377900000001,21.785434125590392,18.5
4.1253779,21.78543407015648,18.5
4.125377900000001,22.19127104457048,18.5
4.1253779,22.187010809063533,18.5
4.1253779,22.15617924486486,18.500000000000004
4.125377899999999,22.187010516032732,18.5
4.125377900000001,21.741721698860097,18.500000000000004
4.25184434978343,22.895493558790722,18.5
4.1253779,21.74172163099571,18.5
4.125377899999998,21.741721583738624,18.499999999999996
4.267505278089145,23.318212656227193,18.5
4.254218991443985,22.90870699742626,18.5
4.26893819794693,22.60782284379424,18.500000000000004
4.1253779,21.78543434931396,18.499999999999996
4.1253779,22.187010669999502,18.5
4.1253779,22.187010917932604,18.500000000000004
4.125377899999999,22.191273007778815,18.5
4.1253779,22.187011450319616,18.5
4.1253779,21.741722915023153,18.5
4.268937674773781,22.60782286468851,18.5
4.266538265087539,22.360938454201918,18.500000000000004
4.125377900000001,21.74172235611254,18.500000000000004
4.1253779,22.02692361380825,18.5
4.26378930347645,22.334620548772865,18.499999999999996
4.259209522536749,22.489167225410384,18.5
4.2542195468890185,22.908705226086468,18.500000000000004
4.259705489853661,22.93518630181412,18.5
4.267505461423882,23.318215846660237,18.5
4.259663991536679,22.64213687517937,18.500000000000004
4.125377900000001,22.141442396249143,18.5
4.1253779,21.74172210193692,18.5
4.125377900000001,21.74172224556964,18.500000000000004
4.125377900000001,21.785434624065378,18.5
4.1253779,21.785434522114187,18.500000000000004
4.1253779,21.74172230405425,18.499999999999996
4.125377899999999,21.741722154792566,18.500000000000004
4.1253779,22.156181287443836,18.5
4.1253779,22.18701195405272,18.5
4.1253779,21.785435281892283,18.500000000000004
4.1253779,22.156180811682848,18.500000000000004
4.125377899999999,22.156181022453648,18.5
4.125377899999999,21.741722894184377,18.499999999999996
4.1253779,22.401859091985116,18.499999999999996
4.2411218839274,24.055243110255585,18.500000000000004
4.239662400372254,24.030014575785206,18.5
4.1253779,22.187011241326733,18.5
4.1253779,22.187011291307385,18.500000000000004
4.125377900000001,22.19127348360404,18.5
4.263827092381649,23.368590950297314,18.500000000000007
4.270642302806378,23.346094360429458,18.5
4.264733947112931,22.525893928623486,18.500000000000004
4.1253779,22.19127191999685,18.499999999999996
4.262125929543591,22.67577328100189,18.5
4.26473402289061,22.525893901539767,18.5
4.251594460396499,22.5900706196401,18.5
4.264733435873373,22.525896586101517,18.500000000000004
4.125377900000001,22.054251248312156,18.500000000000004
4.260798280216599,22.334340560010208,18.499999999999993
4.1253779,22.15618239598283,18.5
4.1253779,22.026924842674735,18.5
4.255483621216328,23.0622656885934,18.5
4.2411212512758665,24.05525233726448,18.499999999999996
4.2596632486764285,22.642140004111308,18.499999999999996
4.1253779,22.240338365681996,18.5
4.262337575853727,22.494897011284127,18.5
4.259663129123739,22.64214040625239,18.5
4.125377899999999,21.785435046246235,18.5
4.273562673115554,22.877798547336965,18.500000000000007
4.273562306761094,22.87779875154178,18.499999999999996
4.2735625519527405,22.87779858912807,18.499999999999996
4.125377899999999,22.187012184790067,18.5
4.273562487355016,22.87779898146308,18.5
4.261090153904235,22.698154868150215,18.499999999999996
4.270641270090757,23.346096114809193,18.499999999999996
4.1253779,22.187013425103103,18.499999999999996
4.241120836900706,24.05524909505224,18.499999999999996
4.253571837526173,22.924037003100434,18.500000000000004
4.1253779,22.401863107182308,18.5
4.270641248427332,23.346097725817863,18.5
4.255896789221129,22.93719235852374,18.5
4.264733371053486,22.52589905557518,18.5
4.253571715090341,22.924038733638277,18.5
4.1253779,22.17559714384088,18.499999999999996
4.270641319110421,23.346098367952166,18.5
4.1253779,22.175594908871247,18.5
4.1253779,22.17559473876635,18.500000000000004
4.1253779,22.175595384540642,18.500000000000004
4.241122015238299,24.055249782083447,18.5
4.241121828859293,24.055251354609574,18.5
4.241121771032568,24.055246639653056,18.499999999999996
4.125377899999999,25.271456206237215,18.5
4.274776764610617,23.539620793234935,18.499999999999996
4.274776848220182,23.53962099913758,18.5
4.1253779,24.439050655483804,18.500000000000004
4.125377899999999,24.792770537424033,18.499999999999996
4.24685230555112,24.05237837428283,18.5
4.270641324346341,23.346099428547298,18.5
4.241120773755345,24.0552568780606,18.499999999999996
4.2706411291669495,23.34609994710988,18.500000000000007
4.249449237817061,23.100952108438776,18.5
4.275353166555039,23.33537598535441,18.499999999999996
4.2706413100618015,23.34609996989513,18.500000000000004
4.246853108610061,24.052381761973727,18.5
4.241121311656885,24.055258434738647,18.499999999999996
4.237948185423159,24.102003726793125,18.5
4.1253779,25.633284538440382,18.500000000000004
4.1253779,23.988591181221608,18.499999999999996
4.270062097724154,23.523193174292125,18.5
4.237947298446158,24.102011256390117,18.500000000000004
4.274776780182664,23.539623663698833,18.5
4.251650189663271,23.828147766116025,18.5
4.251768939316231,23.824764461061182,18.5
4.1253779,25.067809919366653,18.5
4.1253779,25.714998012050028,18.499999999999993
4.2571876847232994,24.349426957963995,18.5
4.2638343731881925,24.34965430642803,18.5
4.266660434296176,23.95335922520588,18.5
4.29623505748193,23.42184535066163,18.5
4.296235345805791,23.421845305972855,18.5
4.294518344400083,23.628800204524254,18.500000000000004
4.241121331623478,24.055258523724863,18.499999999999996
4.1253779,25.049964766651552,18.499999999999996
4.218803743883651,23.95849989252702,18.5
4.21893351268201,24.062383390845685,18.500000000000004
4.1253779,26.470503197450405,18.500000000000007
4.2697948356671285,22.75904749415954,18.500000000000004
4.1253779,24.724791276494102,18.5
4.26631988025966,23.961708386496955,18.5
4.266792105069268,23.95011493681812,18.499999999999996
4.221602763803792,24.083220742931417,18.5
4.125377899999999,25.170198096153843,18.5
4.2517688605720805,23.82476645101448,18.5
4.125377899999999,26.160856720165267,18.499999999999996
4.125377900000001,25.08877447861629,18.500000000000004
4.125377899999999,24.604963043715046,18.500000000000004
4.246852833563731,24.052388513747555,18.499999999999996
4.246853229287352,24.052388755439985,18.5
4.206171078368343,24.9420263426246,18.5
4.1253779,24.36273090769979,18.5
4.125377899999999,25.109170764610298,18.5
4.125377899999999,24.962768136112285,18.499999999999996
4.218316246337566,24.084525356038544,18.499999999999996
4.1253779,24.596485759229978,18.499999999999996
4.125377900000001,24.492275466890565,18.500000000000004
4.1253779,24.703668096298543,18.499999999999996
4.219240604031333,24.692244997135145,18.5
4.220005853547094,24.66999057282037,18.5
4.294290635796306,23.633898681425038,18.5
4.1253779,25.112527619815364,18.499999999999996
4.1253779,26.151354311140125,18.500000000000004
4.2468529286504575,24.05239107062561,18.499999999999993
4.1253779,26.465827215971085,18.500000000000004
4.1253779,25.361974762468794,18.499999999999996
4.233296688471898,26.242228216739644,18.499999999999996
4.125377900000001,24.236013285141162,18.5
4.1253779,24.46108731739356,18.5
4.1253779,26.49589617842226,18.499999999999996
4.232568425893267,26.226039350688687,18.5
4.1253779,24.74965407159607,18.500000000000004
4.1253779,24.985468748746825,18.5
4.1253779,24.76115708623667,18.499999999999996
4.234188911442537,26.217828543581618,18.500000000000004
