8.159340600684386,28.704498442313135,11.100000000000001
7.199321952984156,27.037274793658213,11.1
8.944575935354116,27.418758687058183,11.100000000000003
8.493157616584309,28.645195516882847,11.099999999999998
8.891492449996319,28.660917225243686,11.100000000000001
8.403474753871706,28.60717309901103,11.100000000000003
7.175233238846866,27.354849874535002,11.100000000000003
6.439449773226804,28.83623619115875,11.100000000000001
6.689953025265916,27.173250646107643,11.099999999999998
6.331531606272468,27.358366579491857,11.099999999999998
6.591112732509081,28.71499529465923,11.100000000000003
6.251234756548563,26.891709971030988,11.100000000000003
5.119878397397802,28.26665395936637,11.099999999999998
5.386614673371883,26.973366866117125,11.099999999999996
5.275982076583759,26.697620583593164,11.099999999999996
5.156595654979853,28.20201508496292,11.099999999999998
5.245437249103707,28.1787011415728,11.100000000000001
5.147390051187094,27.035067714309463,11.1
11.249057646401067,27.195241421728237,11.099999999999998
9.397547146002745,27.752564933342047,11.099999999999998
11.346046417361364,27.286350943048895,11.1
11.173067135349273,25.6106465691963,11.1
11.158461942025543,27.517152890392495,11.099999999999998
11.121546189778334,27.48248551232295,11.100000000000001
7.56027728037676,27.15897941412963,11.1
5.969605452250018,28.196443222836184,11.1
7.462686064126233,26.861986033784536,11.1
6.192951636801729,24.52720161675736,11.100000000000001
7.326109982659196,27.360963911202443,11.100000000000001
7.407915744994828,26.88593602484775,11.1
5.089274642867976,26.204728702370897,11.100000000000001
5.775117869086893,26.129308740451787,11.100000000000001
4.663780570151626,24.896207647004704,11.1
5.636663279998404,27.31707740187605,11.1
5.506985766352329,24.846731936141527,11.100000000000001
6.072911240066152,25.340188977510948,11.099999999999998
9.280324425249734,24.109079921814995,11.100000000000005
9.078541728830668,25.233336242910458,11.1
7.795074566593152,24.342012138158204,11.1
8.834232736587973,24.677732423206272,11.099999999999996
9.846754149081399,24.236001039897335,11.1
8.628325220157203,23.97952520782318,11.099999999999998
7.287425270769188,26.93147007904742,11.099999999999998
7.095207218833658,25.539201822813908,11.100000000000003
7.130007866652604,25.274673402397287,11.099999999999998
6.949577140786579,25.36135715721055,11.100000000000001
7.045027553364367,23.2252491098526,11.099999999999994
7.01483886676149,23.42455563599917,11.1
5.434103971294719,23.556708687452492,11.099999999999993
5.964852977069443,23.54415057691648,11.1
4.936931755076592,23.455967260567284,11.100000000000003
5.164985161688479,26.640690977836822,11.100000000000003
5.524737687408338,23.65159993065179,11.100000000000001
5.180592623237781,26.438781083408468,11.1
10.265684486048146,23.173079767807604,11.100000000000005
8.776862862306633,23.92684285036725,11.100000000000001
9.402607993677957,23.864289562916635,11.1
9.286853891022806,23.893430040024,11.1
9.050301241948416,23.61933051710785,11.1
8.731098152386922,23.53332219721274,11.100000000000001
7.308129052661357,23.632609808808315,11.100000000000001
7.997526571805186,21.406657268589825,11.100000000000001
6.960207446697213,22.32171044793069,11.1
7.98855143504288,22.86396483539463,11.100000000000003
7.768488158936572,22.99101111188128,11.099999999999998
7.33004347122647,24.005406220821776,11.099999999999996
6.3997741256729315,22.59265598805162,11.100000000000001
6.651809721257979,22.678724365207728,11.100000000000001
5.204662395259428,22.46787183056273,11.099999999999998
5.898686926097527,24.611461856296682,11.1
4.832722474465066,23.389412967450387,11.1
5.347393261544235,22.399270791894473,11.1
9.061620341692668,21.418521877496264,11.099999999999998
10.082266871613406,21.678506935810393,11.100000000000001
10.348172186165467,21.876679653410903,11.099999999999998
9.782393018870296,22.445952829316056,11.099999999999996
9.885089511056869,22.13339386371173,11.100000000000001
9.252440534913605,21.82867131486242,11.100000000000001
7.209629379553523,20.252475957212877,11.099999999999994
6.802376977049697,20.850677096597696,11.1
6.885890642698178,20.847202307588297,11.100000000000005
6.846468344939639,20.751563619326042,11.099999999999998
7.502240425449687,20.636876974727976,11.099999999999996
7.401742992912032,21.360499746723875,11.099999999999998
5.631917754661759,21.91580884952314,11.099999999999998
5.029135587243457,21.585362025755774,11.1
4.785634829106125,21.469872045279715,11.099999999999996
4.83694385640849,21.01688265343991,11.1
4.707874998670633,21.310681920456535,11.1
4.488496773279366,21.662894017067654,11.1
8.749834714692197,21.140374278244675,11.1
9.66034524017769,21.686128153344736,11.100000000000001
7.801536866269664,19.49928054213864,11.1
7.503564800834959,18.88431264184272,11.1
8.508287588708281,20.542892323247848,11.1
10.731859049771868,21.669961779751052,11.100000000000005
6.9949410990039915,20.602461766875322,11.100000000000001
7.909159624047209,23.510348187022906,11.100000000000001
7.134294906842942,22.58555125545768,11.100000000000001
7.455594048483398,20.3914721865773,11.1
6.93753047101003,20.92478919261925,11.100000000000001
7.364386626631957,22.68123678968493,11.100000000000001
6.2753523464440875,21.69426136579305,11.100000000000001
6.95774890326009,21.516705344214376,11.100000000000003
6.686071274375655,21.712023754401827,11.099999999999998
6.012771367898916,19.673193369655326,11.100000000000001
6.003434474126858,20.425461007722674,11.1
5.631020796260488,20.2043289408608,11.100000000000003
7.943287961215343,17.532789067513228,11.100000000000001
8.064594149914083,19.44858943708186,11.1
8.96045359186533,18.563267858598657,11.100000000000001
9.429682450596214,17.169541529164672,11.099999999999998
8.681155959948397,17.451855908763026,11.100000000000001
8.179731381585936,17.33838068409275,11.100000000000001
7.6113762187817136,20.08936950391551,11.1
7.586548097461823,20.12093315355042,11.1
8.60414382594078,17.303015274428365,11.099999999999998
7.474847248371808,18.34260184818357,11.099999999999998
7.61523401870199,20.755179605163075,11.1
7.4462903179429505,18.372478548223803,11.099999999999998
7.619062256037474,18.716939631239725,11.099999999999998
8.981090470722894,17.728819354030865,11.100000000000001
8.75453890026706,17.602404466097767,11.100000000000001
8.764305284671643,17.710056442367307,11.100000000000001
8.87595102940864,17.67323964282204,11.100000000000001
7.084728013013344,20.409753395906623,11.1
9.792484222513547,17.00542958802493,11.1
9.415182925755063,17.07006642199841,11.100000000000001
9.153354602495146,16.980809592506503,11.100000000000001
9.199768715773052,17.024538032451343,11.100000000000003
9.421790574950228,17.065767773441266,11.099999999999996
9.314262535282444,17.095263974888287,11.099999999999996
8.35670089489868,17.289024635686175,11.099999999999998
8.094850800958254,17.333782086935983,11.1
8.220332898210573,18.61274154732227,11.100000000000003
7.913579399618786,17.414189617209356,11.1
7.908189007478037,17.499641574455083,11.099999999999996
8.052548145783277,17.40886729285844,11.1
9.611970121759803,18.046481296393694,11.1
8.785441574404718,17.391259638278164,11.099999999999998
8.944998218729594,17.243407646054116,11.1
9.176158168846207,17.231076755192085,11.1
9.682914422071445,18.290327051397686,11.099999999999998
9.598811848101876,17.93557464713649,11.100000000000005
8.394928230395525,17.392961410953713,11.1
8.243370715020596,17.574599624960136,11.1
7.7158430387082175,16.99981590074683,11.100000000000001
8.262434677627443,17.58248571659359,11.1
7.822139795685982,17.002744955066092,11.100000000000003
7.762863027350074,17.053045508768157,11.1
10.707369821138242,17.703932778173314,11.100000000000001
8.792823837317084,16.990962502869152,11.1
9.394037259494937,16.989924182576726,11.1
9.407073288449025,16.981938010438206,11.099999999999998
10.542192121366234,17.726113002727338,11.1
10.472832154733156,17.670798949420753,11.100000000000001
11.516460110684019,17.75514326664829,11.100000000000001
11.993957942180051,18.567307022550228,11.100000000000003
12.067122377685484,18.478280315822968,11.1
10.992977753490363,17.66867194731272,11.099999999999998
11.310421080781428,17.708228582666695,11.1
11.901058567940614,18.315803871279808,11.100000000000001
7.522655136415867,19.827335246330453,11.099999999999998
8.596898833919944,17.484384492837084,11.1
8.555099982630027,17.44518057674,11.1
7.845548061551238,19.742714669827443,11.099999999999998
7.580896265736632,19.84404543045578,11.1
8.38169909825519,18.024373001966985,11.099999999999998
10.578487450728138,18.190714683149764,11.100000000000001
9.878583469460876,17.213569362196445,11.1
9.995032522475904,17.14748481157703,11.100000000000001
10.808633747171289,18.32032255377405,11.099999999999998
9.294283923614515,17.120472736993655,11.099999999999998
8.962658668101566,17.283284114162672,11.100000000000001
11.712883849288351,17.811880077718822,11.100000000000001
11.66701229824912,17.89731517125992,11.1
11.330889051312145,17.6337765670215,11.1
12.320412526063109,18.707780110554953,11.099999999999998
12.330208010360359,18.806808603766566,11.100000000000003
11.275016424058945,17.746254899670074,11.099999999999998
6.452095588213679,21.85349176886341,11.1
7.23473015772354,21.172732680022882,11.100000000000003
6.949876504479078,20.622450268817392,11.100000000000001
7.146745110303445,20.33317460607585,11.099999999999996
6.71959955664861,21.732725353787217,11.100000000000003
6.630646869704554,21.578508321244936,11.1
10.788476609908248,21.150515815841306,11.099999999999998
10.020192625522537,18.086974049480627,11.100000000000001
11.268568778666499,20.46565556488414,11.099999999999998
10.208809932928279,18.341918140577683,11.100000000000001
10.610212670955926,19.855923295193286,11.1
10.932979757427232,18.56133732327625,11.1
12.63402540744547,20.290013761364193,11.248434052941505
12.722002049226878,20.39180550669907,11.263777169506717
12.640375222064101,20.1617535525989,11.245076525457069
12.743043491338458,19.568561618046225,11.099999999999998
12.733405590090289,20.315253970501676,11.25949518109222
12.636419654630096,20.28193724601911,11.256656784309897
8.366658174618486,22.856944463453694,11.099999999999998
7.4971169354115474,21.342887766978354,11.1
7.477257060027997,21.220321207269954,11.100000000000001
8.14707862131915,21.798256811829745,11.099999999999994
7.289429531575305,20.71604952229397,11.100000000000001
8.139735534068052,21.854046472954593,11.1
9.130019896762729,22.88786028074353,11.099999999999994
8.768379260674187,22.98330767912886,11.100000000000003
11.371019900389408,23.717743595777655,11.099999999999996
10.494111015280737,23.360316669271896,11.1
9.321383289736639,22.72764046127735,11.099999999999998
9.16297077512576,22.74458122447072,11.100000000000001
12.6231951905024,21.131150602748857,11.099999999999998
12.536858628225184,21.51438761708608,11.1
12.736218701791508,21.24821597957979,11.099999999999998
12.643768843362253,20.79060246044644,11.100000000000001
12.807490685139125,22.293722051802263,11.594743567800304
12.816978713543064,22.278882605550994,11.584028465026417
6.860327329282484,23.69920551718457,11.1
8.57673756440082,24.211779317172063,11.1
8.896533122751347,24.62140311467202,11.100000000000001
8.294616161936663,24.258701384258014,11.1
7.493981246910465,24.964218890818202,11.1
8.6228731193279,24.641031513935324,11.100000000000001
10.979425310876811,23.82091268016481,11.100000000000001
10.379513927200636,23.647760437224303,11.1
11.183162185682479,23.419834450126444,11.100000000000001
11.025290535217067,24.44520596312678,11.099999999999998
12.020128131475946,24.286143697599428,11.1
12.148628344383814,24.307103557006634,11.100000000000001
12.714435571851407,23.68752905055934,11.410180090161273
12.90445788,23.983872841693465,12.454707892845066
12.720617647489417,23.830507440829575,11.41292895281806
12.807652677720613,24.6117604232534,11.1
12.806133490052856,24.593447734283725,11.261687271818325
12.904457880000002,24.241872362079683,11.56830156123644
8.111628794472928,25.03198451291916,11.1
8.602256297249962,25.85104885036575,11.100000000000001
7.998108112062543,25.360418042701816,11.100000000000001
7.7817014642536035,24.342533729766213,11.1
7.528692360638362,25.249816845153557,11.1
7.823183866583923,24.436355176304,11.100000000000001
9.09036439526627,24.62494184828813,11.1
9.118493311816014,25.229093052593814,11.1
8.865517503763732,24.393954290959467,11.099999999999998
11.213489403994208,26.48416386647358,11.100000000000001
9.87086176984977,23.81659683510447,11.100000000000001
9.585807852020773,23.949330290810636,11.1
12.803808498639452,23.50252858074977,12.59995751795721
12.90445788,24.64540092743521,11.099999999999996
12.904457880000002,24.99735188867091,11.848888875901636
12.904457879999997,24.57620496642155,11.470625036083465
12.67868225462191,25.974897908186122,11.1
12.90445788,25.285717503934116,11.639867862851249
7.595404025003714,27.550959118492372,11.1
5.456470101747505,25.676807767359314,11.1
6.610979370752291,27.85994336510949,11.1
5.728682488851129,25.825222535036165,11.099999999999996
7.174106373892293,27.64989533792028,11.1
7.143244500894248,27.565377554819143,11.099999999999998
7.57759390490544,25.46787792745323,11.100000000000001
8.471563500590381,26.071204120855562,11.100000000000001
7.5877889398896174,26.77164380756338,11.1
9.745486060782655,26.354719310370275,11.100000000000001
9.519247293598053,27.605911536357407,11.1
8.896640815423366,25.898279455162875,11.100000000000001
12.08305524911947,27.365197369068223,14.631112295415246
11.869565576421293,27.531467825529095,11.273063817681827
12.705629405049775,26.947176017413597,12.731469242473878
12.412171416597037,27.251259642175828,14.35878908957416
12.40119194712449,27.165447108077775,14.407279553952476
12.319725750889924,27.59282945946858,12.56622449921416
6.641862519340294,26.809119732339813,11.099999999999994
6.638890245860936,27.523322009704366,11.1
6.665700157825327,28.795655917123103,11.1
6.059491060368265,26.767083298443566,11.100000000000001
6.280521234036312,28.61747372304394,11.1
5.746934811186137,26.588827937474807,11.1
8.8326786714071,28.61246482147814,11.100000000000003
9.524902573478983,27.092503957424217,11.1
9.30048519104088,28.181090228529353,11.099999999999996
10.513483833262175,27.021568220526945,11.099999999999998
9.278591815796979,26.903131781327602,11.100000000000001
7.841522295655711,26.45599110575494,11.1
12.708758412493394,26.737635934768118,11.743584137771318
12.904457880000006,26.36716612271626,11.953381362114428
12.904457879999999,26.64392574013436,12.894617437712691
12.904457879999999,26.327459512552,12.697517781580489
12.904457880000002,26.55576338622626,12.665096637828949
12.904457880000002,25.82439500572161,11.961023078508186
8.93759543106781,27.741580264274358,18.5
8.008791868786941,28.558327100429775,18.500000000000007
8.570797807915598,28.287269658913104,18.500000000000007
7.731911937887071,28.321834556194272,18.5
8.54857037688734,28.40214693964646,18.499999999999993
8.301902662108038,28.307191913205063,18.499999999999996
6.013353193346853,27.470622223381202,18.500000000000004
6.200360793002284,28.777633243641386,18.500000000000004
5.867524619530423,28.20047216406118,18.499999999999996
5.941658761324378,27.975863789187255,18.5
6.040423589837155,27.974112255785503,18.500000000000007
6.31424234905135,28.78836573912847,18.500000000000007
6.082849281337288,25.476661127920835,18.5
6.505995588495648,26.042916822949238,18.499999999999993
6.282600404852761,27.88851959859817,18.5
5.9201234371446,28.062478824994034,18.5
6.6034674644567435,27.70566635582452,18.499999999999996
6.568899709619721,25.245674281634397,18.500000000000004
9.428392574976227,26.772729619219962,18.500000000000004
9.71364235391724,27.1709626229354,18.5
8.507619677335361,26.992471723468537,18.499999999999996
8.167380169909586,25.322959919134323,18.499999999999993
7.942743715700733,25.396296040682003,18.500000000000004
10.165056633710707,27.406475450038386,18.499999999999996
6.030890495059712,24.946772414658216,18.5
5.95899646895246,24.23425495907363,18.5
5.920037206843912,24.319475219862625,18.500000000000004
5.868056273106102,24.48424288831233,18.499999999999996
6.003955438971035,24.457722946254638,18.500000000000004
6.3140580125109675,27.240463116401717,18.5
6.4890255024512395,24.72666260814824,18.500000000000004
6.488326456093945,24.728328988702984,18.5
6.493089017359572,24.67131554619429,18.5
6.492961189213722,24.730379818980516,18.499999999999993
5.935506485515112,26.586882127285634,18.499999999999996
6.112173866126944,26.625509777885327,18.499999999999996
9.560621249824209,24.430109022445208,18.499999999999996
9.86707309617124,24.151433929340644,18.500000000000004
8.403301545976777,23.531002016004546,18.500000000000004
8.480359053625758,24.267659533323297,18.5
8.862188220455467,23.545735930149366,18.499999999999996
8.190884928183566,23.574408569353032,18.500000000000004
6.461277446369584,26.109629679404396,18.500000000000004
6.266412110183356,24.550844954010365,18.5
6.608973590127455,26.25551489829166,18.500000000000004
6.318182298857574,24.476838670411816,18.500000000000004
6.464352631790779,26.3861323930227,18.500000000000004
6.584423434332209,24.49080122529688,18.5
6.228360886905005,23.400487178319192,18.5
6.600133143104793,23.552436849104044,18.5
6.218310184738391,23.445982428523404,18.499999999999996
6.557210546026279,25.446207873944157,18.499999999999996
6.3664094619824505,23.392668862889142,18.5
6.93613306549397,24.074353052324152,18.5
8.689136890622843,22.049074443875316,18.499999999999996
9.143489486266589,24.302463426710048,18.5
9.501980051602933,24.5843354832934,18.5
5.71891768231741,22.281166169392186,18.5
6.980049765020647,24.329700198327476,18.5
8.715239681140522,23.514274979326043,18.500000000000004
6.788356668830388,25.0574445095922,18.499999999999996
7.242001507827436,24.5182363337361,18.500000000000004
6.895038893836491,25.55735050236212,18.499999999999996
7.176103595645596,25.333993367612656,18.5
6.868327267864856,24.608884023339762,18.500000000000004
7.013229205306467,25.40910075394414,18.499999999999996
6.360949917978497,22.677774623355393,18.5
6.524368674146513,24.012901759319394,18.5
6.449714385372356,24.146930383881596,18.5
6.523890875452046,23.70293862423822,18.5
5.76793076023322,23.904037271276135,18.500000000000004
5.7414056226400625,23.044163333944184,18.500000000000004
8.15638739535676,23.158504781394143,18.5
8.054055025207518,23.5515092578368,18.5
8.579897961347852,22.458263656499998,18.5
8.504151141224412,21.189453590363847,18.500000000000004
8.271033782534118,22.794599285612584,18.499999999999993
7.627318694057254,22.776973894273468,18.5
7.023360705597172,23.608690416178256,18.499999999999996
6.886492558326921,24.551065741309515,18.500000000000004
7.048934922404238,24.648602947602857,18.499999999999996
6.875306370785313,24.459730102580984,18.5
6.9082746715523475,24.51097959632346,18.5
7.592731727589796,24.83280145712882,18.499999999999996
6.022673669545512,21.312505207566847,18.499999999999996
7.5779320740194365,21.66893036234053,18.5
6.235563275821628,22.754253200489817,18.5
6.291578311880854,22.607182468763384,18.499999999999993
6.33869444686148,22.35937448943544,18.5
6.835228098414863,23.04066438627245,18.5
10.382643361368066,18.48756489495249,18.499999999999996
10.341429417736203,19.500325638227377,18.5
10.12872314494482,20.21250589028801,18.499999999999996
11.184378540799953,19.93757476585817,18.5
10.748585307349602,19.64563716921388,18.5
11.32405164672601,19.884753129723226,18.499999999999996
7.343539073713018,22.74397945002613,18.500000000000004
7.276476036926572,22.749652631080608,18.499999999999996
7.077968918524548,23.56376787317836,18.500000000000004
6.910858898136035,23.10296414636126,18.499999999999993
7.014454784417077,23.49325950082077,18.5
6.827683032219086,23.179685210570852,18.499999999999996
6.179160156120119,20.10561568654398,18.5
5.3446009809765656,19.259265260328874,18.499999999999996
6.297392928823312,21.565237394897025,18.500000000000004
5.806548114386782,19.967711166453867,18.500000000000004
5.585009849087269,19.371372571850117,18.499999999999996
5.454705804340065,19.49961823401362,18.499999999999996
10.973394499094862,18.510368268410243,18.5
9.430083310989293,18.132061352230455,18.499999999999996
9.960006505214354,18.184810446220926,18.500000000000007
10.142115316450367,18.376785373154938,18.5
9.024984392261914,18.066254420865725,18.499999999999996
9.397229917891693,18.190939139353993,18.5
5.6452243418069505,18.776130032906917,18.5
5.574336386222593,18.705158458680113,18.5
6.738715306655749,20.417987281230054,18.499999999999996
6.883787218745102,20.015473044088587,18.5
6.387266068055357,19.54158269220634,18.499999999999996
6.474926408968507,19.879570568713742,18.500000000000004
5.938187816366145,19.85485188426184,18.499999999999996
6.603743357499079,19.812033201129935,18.499999999999996
6.695197807088618,19.442141852910073,18.499999999999993
5.526002149053829,19.309433916301032,18.499999999999996
5.686899436868837,18.133978707251273,18.499999999999996
5.393626814504665,18.674267735641028,18.500000000000004
9.381541420061874,17.770212399950108,18.499999999999996
9.758687648902265,18.008161461230237,18.499999999999996
9.188929085738298,17.771090089647306,18.5
9.122317165531939,17.740133662239494,18.500000000000007
9.115078299316052,17.702167785309555,18.500000000000007
10.605214197608161,19.053647087791475,18.499999999999996
7.252253552703072,16.979328423745898,18.499999999999996
6.960532868447046,17.097508108916703,18.5
7.3622980858601785,17.09530878368005,18.5
7.337894263092761,17.016618056469888,18.499999999999996
7.182068870832689,17.13618924737903,18.5
7.182058278327121,17.071388943145646,18.500000000000004
7.3208511964619305,20.507868271304076,18.499999999999996
7.783314680984448,17.676734956937178,18.5
8.72186035569671,18.906924055473528,18.5
7.085380621223764,17.531457370334767,18.5
8.372571931976118,17.64790802559095,18.499999999999993
7.695320229372891,17.402532858661804,18.5
7.081145332950399,17.19462914037682,18.499999999999996
7.442616723071746,17.405762336123917,18.499999999999996
9.032064064332362,19.028817711002404,18.5
8.810031989676943,18.46359474835231,18.500000000000007
8.565398638536564,17.39857321904493,18.499999999999993
8.019796972967255,17.189679097410426,18.500000000000004
8.959630366152957,17.71088318927805,18.500000000000007
9.453441375035972,17.803338629618406,18.500000000000004
9.612197449267027,17.85496155817081,18.5
9.633285245448217,17.706347566546896,18.500000000000004
11.324612115680035,18.76353183863643,18.500000000000007
9.307343783142674,17.782725577629957,18.5
12.347433843198523,19.615580686603625,18.500000000000004
12.145764762899452,19.307438419502525,18.5
12.09406565779276,19.25314649563698,18.500000000000007
12.421964251959025,20.018845350235917,18.214053883397643
12.332137921948767,19.82915975611648,18.227105656571226
11.965713922776478,18.99762921506302,18.500000000000004
8.688062518301912,17.83792299606166,18.5
9.179929400706571,17.92592830935728,18.500000000000004
8.218942440586309,18.048317578763474,18.5
7.986327097635412,17.96659994872221,18.499999999999996
7.690190974625846,17.857450157416274,18.499999999999996
8.293566779191794,17.730028288483613,18.5
11.40201707248507,19.25207135766683,18.5
10.563295663121743,18.090507435831263,18.500000000000004
10.720990372935463,17.99939964367602,18.5
9.451229193301133,17.9117414643647,18.499999999999996
11.129355022117789,18.250857966522258,18.499999999999993
10.649375427761418,17.9410912680024,18.500000000000004
12.226667374972674,20.123478680747276,18.499999999999996
12.037908722955477,19.212934587647354,18.5
11.914089886411647,19.63066654712597,18.5
12.01670379511702,19.736544814104068,18.5
11.894501891124419,19.631390973642542,18.499999999999996
11.953225217884505,19.059515583163858,18.500000000000004
8.554174506308785,17.955028757421776,18.499999999999996
8.557426271137736,17.67390908515111,18.5
9.07702890460495,18.1610207291423,18.499999999999996
8.584279891389597,17.696562346065882,18.500000000000004
7.97801223018936,17.410911092890174,18.5
8.762145885626,17.79045332970161,18.499999999999993
10.376002224395874,20.15724282944619,18.5
8.427168194328333,21.505115467280767,18.5
9.95966432679013,20.823417654296158,18.500000000000004
9.31467056810534,20.830857715594988,18.5
8.68645947043969,21.247153448254544,18.5
11.06807166226665,20.374679133832778,18.499999999999996
12.066577619151419,19.459277594995296,18.500000000000004
12.089479150425944,19.94686841876681,18.500000000000004
12.052789248911694,19.44450519259289,18.5
12.055651557765657,19.495127020800624,18.5
12.2721293984123,19.65739700983773,18.5
11.827540663445125,19.14474129310133,18.5
6.655315847237875,23.263042321497377,18.5
7.428739225892478,23.509553017527995,18.5
6.876478533029858,23.239813290095377,18.499999999999996
6.752730308249046,22.38409633592031,18.500000000000004
6.614484954879173,22.702100296677365,18.5
7.19069088690336,21.940962500703257,18.499999999999993
9.100742078807018,21.684527726503113,18.5
8.70769107678453,21.18221502883695,18.499999999999996
9.182146568428582,21.83081564142689,18.499999999999996
9.605790283960294,22.941040928429253,18.5
9.42335913181229,22.495588343499595,18.5
7.8596714528167455,22.411278735739874,18.5
12.680161781526767,21.278814086868756,16.588658898809495
12.806024423303663,20.72794119857813,18.18088680859382
12.507774009435076,20.55815930774567,18.499999999999996
12.70133098638838,20.89488028175109,17.23319382601914
12.802485175395594,20.766176638592047,17.424086930085153
12.599472632135612,20.48621669655164,18.32883181628981
7.911690480675303,23.579566261184983,18.5
7.825533320456766,24.19505622666017,18.500000000000004
7.086272695200368,24.09586431923568,18.500000000000004
7.1546563326130705,24.3871037437477,18.499999999999993
7.309581354775011,23.94538049905618,18.5
7.741265639965562,23.985882314508196,18.5
10.403168364080134,24.484021979544455,18.499999999999996
9.935105971849522,24.749803258130747,18.5
10.16136512567295,23.79088774023075,18.500000000000004
10.469720373835338,24.53891324809268,18.5
8.574014737955583,23.790912409972655,18.500000000000004
8.999026152787179,23.126480065527325,18.5
12.686665801854238,21.755053692528016,17.338259105533666
12.589756596920477,21.5319260264981,18.499999999999993
12.697132562987434,22.443680476017587,17.226496362859315
12.688850011739579,21.995411499209364,17.595923302563538
12.695471634063582,22.0997866471382,17.586014148899064
12.701995597514244,21.387414764952165,18.133359175074308
7.531542216179381,23.937547222076585,18.5
6.686482246990929,23.99918483750518,18.5
7.59933493160605,25.589209405015705,18.5
7.064429810397856,24.040482656126578,18.499999999999996
7.456341466491228,25.22537748696266,18.5
7.868715210204557,23.669645206908253,18.500000000000007
8.264181201167311,23.975761965376172,18.499999999999996
8.90590852620936,24.200608346669775,18.500000000000004
8.793858519202775,24.34728773611854,18.5
7.1678583967923055,25.159200292374603,18.5
9.901631728450534,24.917755971600332,18.499999999999996
7.834100756097712,24.114559744809736,18.500000000000004
12.249159686755355,24.80436054184552,18.128786922790507
11.884157832704178,24.825447618864086,18.5
12.017229184827345,23.697914373812043,18.5
12.45189132286214,22.587063997452308,18.318374816753614
12.590476547544966,26.111126507306498,18.5
12.441837601519339,22.1689594263111,18.5
6.036797516758088,28.34497252368085,18.5
6.381804525932793,26.01936481538899,18.499999999999996
6.394226958325924,25.434526645889193,18.499999999999996
6.35092912157152,27.681359641081443,18.5
6.43044144137866,25.28111888240739,18.5
6.797365542070049,25.606655771852314,18.310306573209612
9.466981668742168,28.417296921452643,18.500000000000004
9.788213350322685,28.380635313080212,18.500000000000004
9.500167360868602,26.144996507937694,18.5
10.297835053289322,28.423352465896574,18.500000000000004
8.652464926151374,26.708752766294783,18.5
9.136522269717238,26.740635394562027,18.5
12.475228247733309,27.04616634892582,16.37828469931804
11.719302966527422,27.216724561621973,18.500000000000004
12.247043158398421,27.00138231913788,18.5
12.360433342771298,26.76256526606754,17.38988280428452
12.572527154067446,27.106853960945784,16.99996213326253
11.935178892088759,26.260858575667903,18.499999999999996
6.865259532894379,28.814681524969437,18.500000000000004
6.162759052056223,27.926302102664796,18.499999999999996
5.908460443151091,27.866431873399883,18.5
5.919071752916263,27.860509591411628,18.500000000000004
5.919344551851092,27.920075553867967,18.500000000000004
6.690103205443973,28.7727882135361,18.5
10.406795676711958,25.996078132130975,17.33570008679702
9.578347062234853,26.851301080147707,18.499999999999996
10.642463377606022,27.053372388765485,18.499999999999993
10.55435911618801,27.306190045296997,18.5
9.928251666439955,26.88314407531659,18.500000000000007
8.294526462980132,28.88884322061238,18.500000000000004
12.489642313721426,27.803747768357315,17.324136777050885
12.23285024928661,28.029394400443728,17.264906317595063
12.250105474995292,27.987265495916063,17.40120367882541
12.362709252901503,27.97477971271956,16.952487921807815
12.589586449289282,27.378596245733938,16.5607700692866
12.397812307665992,27.541331256503092,16.95831384376223
9.102818487460976,25.666162186832874,11.100000000000001
8.99767261429581,26.051239693419152,11.099999999999998
12.065531912453483,26.007939801389746,11.099999999999996
11.406498610847535,27.024145528135904,11.100000000000003
10.292837550243268,27.1919612035182,11.1
10.607525078538998,27.047966168086244,11.100000000000001
6.14205268496361,27.586068502770846,11.1
6.640935020929964,27.172320009241233,11.100000000000001
6.28973611865359,27.72808842248809,11.100000000000001
6.450664704177182,27.478993201870335,11.1
7.451118842941383,28.695444887577615,11.099999999999998
7.189174537246916,28.673306036782083,11.1
6.059558725900701,28.5072243001822,11.099999999999998
5.344249712559127,26.966110655873443,11.099999999999998
6.352440013452319,28.637624882156466,11.100000000000001
5.6678025135977865,28.20148002542525,11.099999999999998
5.018975400816016,27.115230652034757,11.099999999999998
5.012065902881156,26.958157908241397,11.1
12.114428815818846,27.11912951566645,11.100000000000001
12.456729570488049,26.06805501668014,11.1
11.839465741312342,24.41481193607368,11.099999999999998
12.091691768255547,25.41448506713525,11.100000000000001
12.679485649518393,25.45925505180597,11.1
11.689231827175856,26.761455663332782,11.1
6.90832619509567,25.241577973190417,11.099999999999998
8.603932744126778,27.374160210138374,11.1
7.67359523981051,25.361180879492526,11.1
7.459714888589738,24.51086581181134,11.099999999999996
7.311439902535587,27.376155217057676,11.100000000000001
7.559475237739409,26.872098668978623,11.100000000000003
5.24258260823169,27.622569752627395,11.100000000000001
6.013631857738635,27.54921073592597,11.099999999999998
5.592278333317537,27.961943041680126,11.1
6.619054441790139,27.293670025222884,11.100000000000001
5.741663880865347,25.903477559678944,11.100000000000003
6.064039812731568,26.998283268139478,11.100000000000001
10.633029498955834,26.503138871248183,11.099999999999998
12.470950198501326,24.64491557440132,11.099999999999998
11.722817272721286,26.75151561938774,11.100000000000003
11.908474926954865,23.24630930460684,11.1
11.812643835956948,24.077519096799925,11.1
11.928936351538628,25.21643890076178,11.1
7.235304062637919,25.342641062684326,11.099999999999998
7.697212703021949,25.518153364817916,11.099999999999996
6.645199034377345,23.143120787902184,11.100000000000001
6.1012538655305155,23.022347527879102,11.1
7.648084148558618,24.0522047678961,11.1
6.211241053829041,23.315658275330826,11.099999999999998
6.597718766495996,24.486891904529898,11.100000000000001
5.4396389895825585,25.185787072345363,11.1
5.698192174733217,25.07574775438374,11.100000000000001
6.096566596458684,25.54483123738682,11.099999999999996
5.652438979545861,25.660811814971176,11.099999999999998
5.836655202311509,25.7559785936047,11.1
12.003230667081512,23.780716087518176,11.100000000000003
11.888993980370234,24.12891257386385,11.100000000000001
12.041111627226954,24.29954872189182,11.099999999999998
12.400867561292223,24.78642700886625,11.099999999999996
11.801815596536258,23.57286366152409,11.099999999999998
11.733850081822398,23.30832459592963,11.100000000000001
7.516215051446898,23.919719285818395,11.100000000000001
7.203242316148694,25.576769824956553,11.100000000000001
7.689382404176499,24.736095862218612,11.1
7.876472018864919,23.014497281438942,11.099999999999998
7.594135180911356,25.800452032269757,11.099999999999998
6.924282260335067,25.146257711904255,11.100000000000001
6.449700653653342,21.506646613868522,11.100000000000001
6.670294095860616,24.057501617732015,11.099999999999998
5.631751742501497,22.186871164379212,11.099999999999998
5.348879600413732,21.859309871863957,11.100000000000001
5.601692145773956,23.06395961862372,11.100000000000001
5.682780060039023,23.600700314668668,11.1
12.44353456506261,22.332544395518497,11.099999999999996
11.080920210900288,21.16771577022356,11.099999999999998
12.40411224791818,21.842645828623155,11.1
12.07594303932957,21.509460330376662,11.100000000000005
11.68978455525325,20.886560719076904,11.100000000000001
12.400978902965786,22.149435692807863,11.100000000000001
6.578612542904787,20.981774041497044,11.1
6.815769955746969,21.272404607352673,11.099999999999998
7.142284090891252,20.606193246790504,11.1
7.109257903209478,21.20304733194175,11.100000000000001
7.74047900562494,23.190087960468077,11.1
7.207259739549281,21.451230267118216,11.1
6.17690015155791,21.424299912511042,11.099999999999998
6.175252653719712,21.149919548616108,11.1
7.860771126331352,23.30557202511767,11.100000000000001
7.076841273547815,22.698688876237906,11.099999999999998
8.143524283183664,23.359473383908792,11.100000000000003
7.379373272719971,21.343404239213463,11.100000000000003
10.381140461290636,19.34593262705309,11.100000000000003
8.246897686863493,19.678628935551743,11.099999999999998
9.47191892128391,18.939690001065166,11.100000000000001
10.679644170029192,19.27562217264013,11.100000000000001
11.917245940444193,20.55494135944167,11.1
9.275678664726122,19.5001863402755,11.100000000000003
6.701604675916695,20.693369316014174,11.1
7.265305586567787,20.1498875353411,11.100000000000001
7.899802829656415,20.03423418731583,11.100000000000003
7.549696312861153,20.057871353955065,11.100000000000003
7.234839717397369,20.15045531129421,11.1
7.366400281023888,20.338185243597888,11.100000000000001
7.075630278331954,20.02822950909294,11.1
7.40041618470894,19.983838504292493,11.100000000000001
7.4025495666975205,19.818844122343844,11.099999999999998
6.937936643340602,20.38053008773765,11.100000000000001
7.250523224659888,20.23327414470614,11.100000000000003
7.545254146347463,19.73923394392941,11.099999999999998
10.709104760421823,19.111679133918653,11.100000000000003
10.20681827891634,17.378680496528244,11.1
10.278797498023824,17.228647705126555,11.1
9.97926067433272,17.2426033335369,11.100000000000001
11.116552208315683,18.54009706427199,11.1
10.904366639248677,18.73126570179614,11.099999999999998
7.198791903540987,20.928544850489814,11.100000000000001
7.453077371129925,19.00668773940695,11.100000000000001
7.697940981816308,20.888072200991974,11.099999999999998
7.947460881285726,20.292380388300014,11.100000000000001
7.227433658407222,19.75398287400817,11.100000000000001
7.464053141131185,20.903542502992472,11.1
7.6779811786064505,18.124595077958702,11.099999999999998
8.8221323814584,18.100650471114363,11.1
7.786766945118333,18.429849030988382,11.099999999999998
7.3468543325920805,19.127455507723596,11.100000000000001
7.320658744994828,20.618238906612184,11.1
7.091267905407888,18.941588914204125,11.099999999999998
11.056348686287889,17.76494575145772,11.099999999999998
10.817865627584148,17.64282535471119,11.100000000000001
10.9464033592324,17.67734885250439,11.099999999999998
11.175912717246744,17.63736204985113,11.100000000000001
9.181711883359927,17.128679222166944,11.100000000000001
10.773461403446957,17.77080216094697,11.099999999999996
8.43862727621945,17.062090241478547,11.100000000000001
8.643792592408575,17.02444626296409,11.1
8.48003828927466,17.051062865982463,11.100000000000001
8.444241754126022,17.076987420259044,11.1
9.909534964410174,17.236718802883164,11.1
9.699371894613918,17.19237873009351,11.1
7.288116442607198,17.489138112443637,11.100000000000005
6.230022524032736,19.268226789323528,11.100000000000003
6.9658943548196275,18.36428693134867,11.099999999999998
7.1365879962416265,20.3700245652198,11.099999999999998
7.298826698593167,17.28161825645007,11.099999999999998
7.255942121172577,20.151482263533143,11.100000000000001
8.117393411469397,17.18773984618304,11.099999999999998
8.482098470655178,16.960610975661876,11.099999999999998
7.622386197210838,17.00353890595687,11.100000000000001
7.7860249793605,16.96479730474358,11.100000000000001
7.746180513246032,16.954899451434624,11.099999999999998
8.570571700075625,17.232880084598047,11.100000000000003
9.783874109419134,17.001126335250486,11.1
10.588316082931517,17.674114264201496,11.099999999999998
10.6151836610366,17.672427330159298,11.1
11.005858350675888,17.519548383620897,11.100000000000001
11.120291215278492,17.578538817596286,11.099999999999998
9.709647273851592,16.954185559046337,11.1
11.265850315073573,17.853567052204667,11.100000000000001
11.852363737000333,18.268382164002528,11.099999999999998
12.149798117604748,18.520700225645786,11.100000000000001
12.05926507922061,18.473783082305374,11.100000000000001
12.36246204893735,18.54890484466994,11.099999999999998
12.06168225891187,18.37589413985728,11.1
7.899144456179315,17.094696497305833,11.100000000000003
7.147642486856849,18.74695738617389,11.1
7.5978343450676045,18.698942791348625,11.099999999999998
6.856542302710087,18.024156413729557,11.100000000000001
7.373165801233066,17.200376062302134,11.1
6.997507668360724,17.617031359548147,11.099999999999998
8.80136242624962,17.157828985610912,11.099999999999998
9.852538386175837,17.170380612702232,11.100000000000001
10.839201914058293,18.40646440598274,11.099999999999998
10.88471535532113,18.427893786189795,11.1
10.567044770484674,17.29707185508476,11.099999999999998
11.683475277596829,18.377856413349924,11.100000000000003
12.515964854194642,19.176201542833958,11.1
12.526476453087835,18.946520041286323,11.099999999999998
11.732485787212443,18.113491110569193,11.100000000000003
12.619172062550216,19.08805189396344,11.262773159097842
11.480295028528705,18.078298446539492,11.100000000000001
11.827564063386657,18.06376667231384,11.1
6.646882499668762,18.284681569146287,11.1
6.968436140512673,18.112191770206888,11.100000000000001
7.2704355909086065,17.956002283071776,11.1
7.128138873025177,18.257414336963226,11.100000000000003
7.201524625666202,20.520836310025796,11.100000000000001
7.3460467547918595,20.36162641196056,11.099999999999998
11.183038299606444,17.439479606472865,11.100000000000001
12.587440153893453,19.610982985413358,11.1
10.314824647541188,17.32833186362727,11.1
12.479293112096384,19.18848572020531,11.1
10.536318795860256,17.86211844605157,11.1
10.932295626471834,17.644700048363713,11.099999999999998
12.383316531510587,18.63168234062881,11.099999999999996
12.289453617637445,18.777502079321863,11.100000000000005
11.110482768284186,17.80122306333651,11.100000000000001
12.391997989460409,18.871459048191053,11.1
11.350048529391676,18.116304583358854,11.1
12.498893422507544,18.844280860576028,11.1
6.882589861016193,23.908812223491097,11.1
7.340708428736554,24.79220793079131,11.099999999999998
7.228736359318777,24.57057043970313,11.1
7.492094250307269,24.325497864902417,11.1
7.221650930971295,24.602330908967566,11.1
7.536515929312732,25.727214877754925,11.100000000000003
9.690643564580496,21.605267832887694,11.1
10.972017747425639,21.320489168611623,11.100000000000001
11.662366464425913,20.588556199862477,11.1
11.123346418073886,20.58342238860677,11.1
11.332915901646496,20.70027161243594,11.099999999999998
11.655686043514738,20.35379989445001,11.1
12.806057106392556,20.827148827875362,11.461715236744288
12.803955235785754,21.457911956662667,11.277254086146444
12.90445788,21.284960713179245,11.276932519441079
12.904457880000002,21.9368195770083,12.57897728990753
12.49343983766966,20.207501106487026,11.099999999999996
12.904457880000002,22.019022232568005,13.604283058295763
7.009590035668045,23.277908706046414,11.1
8.377798842312455,24.38156894977826,11.1
7.133543078649868,24.840494732486583,11.099999999999998
7.553223879107709,24.916724263408824,11.100000000000001
7.552544749272006,24.852403076295424,11.100000000000003
7.545657574358127,24.66779034310531,11.1
9.531412355131666,22.873505396458018,11.099999999999996
11.205884077884438,23.96958576877186,11.099999999999998
12.239972645261819,24.406479620795903,11.099999999999998
9.455600964900865,23.459365000955902,11.099999999999994
11.36195150813803,24.89408516224089,11.1
11.468246594008939,23.864395764523856,11.100000000000001
12.904457879999999,21.842579621078038,14.342589898157572
12.904457880000002,24.31588567566921,12.647487301997026
12.904457879999999,23.138634760195103,13.977255680068533
12.904457880000004,24.301683347902195,13.691196054306905
12.904457880000002,24.689436898766132,12.011541958864418
12.904457879999999,23.03939290587893,11.1
7.866471656708042,24.70658373372892,11.100000000000001
7.323949119988409,24.4806347938232,11.1
8.112813991532187,25.176904899309466,11.099999999999998
7.797623407181961,24.66098349093008,11.100000000000003
8.195139272162569,24.27046090689641,11.100000000000001
7.633259985889776,24.721295993830665,11.100000000000001
11.934900851003755,25.354383337588814,11.099999999999998
11.191365448763065,23.53713042093353,11.1
12.346405563655706,25.060055824566,11.1
11.719562042543632,25.594264888124293,11.100000000000001
11.815678756300393,24.77669903221969,11.099999999999998
12.352435604845482,24.643352543977453,11.1
12.904457879999997,25.135587743125008,12.895946883355528
12.90445788,24.52755381286121,13.791313585189442
12.904457880000002,25.433108688942966,14.0734729165183
12.904457880000002,25.64105521519497,13.650223215074343
12.904457880000002,26.61850165403495,14.428873046850528
12.90445788,26.268684021479864,13.633047621602255
7.82573379771244,26.30550359006113,11.1
7.477240495389475,27.906953649154584,11.100000000000001
7.5002765240153915,26.819399031406263,11.1
7.219682766443929,27.45872078231261,11.099999999999998
7.4952251501957114,27.627144610143812,11.099999999999998
7.50822396866147,27.171644894260545,11.1
8.166417669199404,27.750156156907316,11.1
8.634379292900784,26.930010811459553,11.100000000000001
8.337019944265311,27.047081295570557,11.099999999999998
8.86382751662442,27.08285666951489,11.1
7.417876827372858,26.82079627044528,11.099999999999998
7.897724690172647,27.274606846536198,11.1
12.680898206019094,26.07380101871682,11.624066155077527
12.69109566741276,26.42182444358012,12.320546578424926
12.801911013009702,26.194386513231212,12.392277545946413
12.353901105942182,26.377378152918304,11.61969131172511
12.682803231021165,26.09371265451231,11.975960026276976
12.6792630250726,25.79038345558146,11.795651466575436
8.016582962449542,28.078185489497606,11.100000000000001
7.393216778239244,28.017710357473426,11.100000000000001
7.310960265809616,28.073064073194132,11.100000000000001
7.276082599283334,28.120611603051024,11.1
7.744342323108188,28.47881954240317,11.1
8.108820055407355,28.481018178121793,11.1
11.399091266882762,27.903149034371072,11.100000000000001
10.970684175832261,28.004194684304416,11.099999999999998
11.225672326858637,28.19249055634629,11.099999999999998
11.439404073645022,27.201641459494553,11.1
10.700242233612517,28.099814353098875,11.1
11.429137687141328,28.12787219056515,11.100000000000003
12.69833392084774,27.083822073435506,12.923600588299136
12.703101889036063,26.888052728013687,12.141945645180217
12.90445788,27.162234448747917,13.495230405613553
12.70036554433119,27.246231178749163,12.876063475562493
12.702184325952093,27.252261661994293,12.806856808530348
12.904457880000002,27.004937890678743,13.262522412459685
9.273480822850557,27.923801593762786,18.5
9.05749928587677,28.72638671957907,18.5
8.709670589696426,28.55363782193219,18.5
10.458640255419347,28.70408855197234,18.500000000000004
8.901737349957768,28.76944988859304,18.500000000000004
9.495192107781365,28.810816360035215,18.5
6.176731714702715,28.65220125810212,18.5
6.662067506446569,28.835971716216807,18.5
6.561640387747601,28.87865339262224,18.500000000000004
6.259288986334125,28.75790033668576,18.499999999999996
6.15053400058207,27.903535073349634,18.5
6.038840921997423,27.662242417231624,18.499999999999996
5.6141763896049,26.942432778724665,18.5
5.485879245644511,26.729918849811327,18.499999999999996
5.509885253714147,26.894787539431256,18.5
5.61377801296641,26.709146022071025,18.5
5.367748880543672,27.222800948022606,18.5
5.5882645132683795,26.68742412087313,18.499999999999996
10.920294965749864,27.934424633832705,18.500000000000004
11.797974934653258,26.593713878109213,18.499999999999996
11.993069981702948,27.915691723086667,18.500000000000004
11.888801401501315,26.324797372784545,18.499999999999996
12.203479903791983,27.989578006330092,18.499999999999996
11.77084902935419,26.223162502661097,18.5
6.365371578717899,27.3890589393491,18.5
6.591989800520009,24.477839515985607,18.5
6.481752432266694,24.51800280222537,18.5
6.33402885171493,27.485850887120936,18.499999999999996
6.13879830675182,26.70220682725855,18.5
6.4268743129020915,27.099626363696917,18.500000000000004
6.115037919722699,27.032838542527333,18.5
5.752749233799928,28.40086670346379,18.499999999999996
5.7456509313279005,27.12175877690724,18.5
5.636572957317783,25.838408136807335,18.5
5.622821383185639,26.150537989053365,18.500000000000004
5.492971491845246,25.507889078385777,18.500000000000004
11.73335937141111,24.7581358383908,18.500000000000004
11.591397934194356,24.739891912642435,18.5
11.562544758142131,24.936251090506556,18.5
10.127539203027101,23.66345226012186,18.499999999999996
9.85532085861298,23.148611030212987,18.5
10.627606806599308,23.737905673422507,18.5
7.06750791816334,23.851143522238,18.5
7.704280842920105,23.996200325667864,18.5
6.2536073725910075,24.0887991687502,18.5
6.541139171049271,26.14886638398286,18.5
6.946681478085766,24.24638603742549,18.499999999999993
6.436531948322391,24.085449807449056,18.500000000000004
6.365073144620649,26.10396270098959,18.5
6.349049439488599,26.40995956203082,18.500000000000004
6.450157748150119,26.444817620994417,18.5
6.596796190056107,26.345149915811024,18.500000000000004
6.581798713990688,25.89432712058434,18.5
6.477493739425988,23.16314454177191,18.500000000000004
11.256733117689844,24.663537478837572,18.499999999999996
11.730840620153476,24.90713716845564,18.499999999999996
10.153066033332792,23.007789855060047,18.500000000000004
10.258076759138833,23.024409429890337,18.500000000000004
10.04125688940051,22.80835828045913,18.499999999999996
11.914449294048014,25.173800768988286,18.500000000000004
7.173133520322912,22.65348726569968,18.5
7.07360736438218,23.768297665585273,18.5
8.065850195710903,23.51172883009248,18.499999999999993
7.065328877923176,22.768762331571413,18.499999999999993
7.1148983410204805,22.730610400985544,18.500000000000004
7.645072933075347,24.092642806055512,18.5
7.066059314545627,24.359413265514135,18.5
6.927921548733588,24.929093542814012,18.5
6.181516153444005,24.898499010864146,18.500000000000007
6.631159830359074,24.902252341815693,18.500000000000004
6.631930376084856,22.804077760194502,18.5
6.497164030800107,24.36538744591555,18.499999999999993
12.358712986712918,21.939906322307884,18.5
11.096578506254467,19.986715891064463,18.500000000000004
11.438392409056254,22.682847352451432,18.499999999999996
11.467097611293958,19.78712717126814,18.5
11.483701356690423,22.84867831793887,18.499999999999996
11.797820534781549,22.697263700191975,18.500000000000004
7.126562440405533,23.620817127732586,18.5
6.665912342223212,23.138525105652263,18.499999999999993
6.197230649991005,22.86019512984822,18.499999999999996
6.206771494174843,23.313456766843984,18.50000000000001
6.4837039319716645,23.55723951156329,18.5
6.241003912043502,23.451863358767714,18.5
6.5747523170435835,23.394757739127172,18.500000000000007
6.51733477211184,23.48800934880766,18.499999999999996
7.053335716527828,22.668258265127825,18.499999999999996
6.499439901787191,23.031753956333887,18.5
6.101069206123452,20.080835064914037,18.500000000000004
6.290332807352746,20.200299562585183,18.499999999999996
11.441678559078532,18.998784242600994,18.5
12.129227275001277,20.064469760454184,18.500000000000004
12.110611496166628,20.302019031904187,18.500000000000004
11.348482340398977,20.20132878796226,18.499999999999996
11.569840566413973,18.867917614141277,18.499999999999996
11.817959534255978,20.053019408959713,18.500000000000004
6.821826373720571,22.928034525906558,18.500000000000004
7.521081073684821,22.706456373255712,18.5
9.02876788230234,23.107766021192756,18.500000000000004
7.351173761368379,23.039152480576504,18.499999999999996
8.06790321915056,22.832634023285518,18.5
8.036762490346668,22.97551420446102,18.5
7.610013202416072,21.435665567497736,18.500000000000004
6.360860824324893,19.61951066468747,18.5
6.679891529924695,21.057963986352597,18.499999999999996
7.131424395404535,20.897033108589106,18.500000000000004
6.534599854093053,20.585012201440456,18.5
6.638794991301045,20.596543064776785,18.500000000000004
11.68832980974795,18.218482314103294,18.499999999999996
11.931855574727505,19.781216763160174,18.500000000000004
12.216532081919466,19.851498375045974,18.5
12.090069807947808,19.87865767174577,18.5
11.660439816581412,19.002468966424182,18.5
12.161967468466719,18.3816380417028,18.5
7.924557458105868,21.12641986735537,18.500000000000004
6.882832132253546,17.594914660715364,18.500000000000007
8.078417308373092,19.155939932442514,18.5
8.371599885601698,21.21722262439294,18.500000000000004
8.263262860913692,18.616248844278147,18.499999999999996
7.2520217114181476,18.641119445699072,18.5
5.840452286481135,18.929058608160357,18.499999999999996
5.603460062074525,17.68650719337669,18.5
5.951178704192598,18.88557967467474,18.499999999999996
6.286371471754839,17.525304223611133,18.500000000000004
5.995403295924736,17.593489037771082,18.5
5.940193604944852,18.94484436832128,18.5
11.67913161478906,19.520650342535752,18.500000000000007
9.32670216924975,20.442696654829486,18.5
9.186140266390069,17.734549765299327,18.5
9.802246523739194,18.01116740841404,18.500000000000004
11.681624928107366,19.868714368142353,18.5
10.126910932851837,18.12664695797266,18.5
6.8762447710708585,17.0991051488731,18.50000000000001
5.671489685587586,17.75563689419336,18.500000000000004
5.772542617961317,17.528861277138386,18.499999999999996
6.918328793007362,17.035439774414435,18.500000000000004
5.669070313796863,17.586783406651573,18.500000000000004
6.889049888195031,17.058160443200663,18.499999999999993
6.001015027371941,18.417083995103468,18.5
6.766418413648166,19.057462064267295,18.5
6.784612848421519,17.1263531746337,18.5
6.363350542326139,18.977098697713718,18.5
6.792700799105109,17.283583106304427,18.500000000000004
6.909478727452285,17.08185098480115,18.5
7.008533859811797,19.52251621556643,18.5
6.985928042247532,17.255766979526392,18.499999999999993
6.526921221419165,17.392953089153146,18.499999999999993
6.916523510886174,17.379318676153652,18.500000000000004
7.293565132624179,17.37972087600779,18.5
6.544032137454,17.359154453840816,18.500000000000007
10.008375195931988,17.833512242997696,18.5
11.690466348189636,19.302037840367063,18.500000000000004
10.105373373041962,17.73800374190262,18.499999999999996
11.80348751475857,19.256218481337577,18.499999999999996
10.305125765798746,17.75183979145883,18.499999999999996
11.563134013037894,19.174341626950252,18.5
12.633724505995858,20.17567099794746,18.500000000000004
12.414793813172867,19.540424327659895,18.5
12.627987848721203,20.21182286678033,18.34538314983
12.720814290045956,20.550279924791763,18.023794026983232
12.72211271231482,20.546255478625714,18.348735968970058
12.315560204178086,19.293473611192628,18.5
6.907457656385056,17.640968918655584,18.5
8.049397340055593,17.331116238550564,18.500000000000007
7.665829838369365,17.279667732633225,18.5
6.718603745018698,17.87277542266929,18.500000000000004
7.640861418066044,17.32315223987116,18.5
6.799182473209009,17.350672770611475,18.500000000000004
11.809918134452186,18.702423075575606,18.499999999999996
10.649336653538269,17.897547254636763,18.500000000000004
10.885347007881585,17.907350889517954,18.5
10.267048282713214,17.785692530520272,18.5
9.592328651266243,17.777431076871935,18.5
10.060623570650797,17.818179292219845,18.5
12.026265604442404,19.217897867159884,18.5
12.223257935257541,19.048420260956036,18.500000000000004
12.03404272494447,18.970890520225346,18.500000000000004
12.6228788626152,20.479596735417765,18.346785363941112
12.62264106524756,20.314540093640378,18.34963660727545
12.332900224876399,19.558975490696167,18.500000000000004
7.404584899149895,21.209929047938708,18.500000000000004
8.24335033453391,21.49165136803126,18.499999999999996
8.213614512917038,18.340784012987417,18.5
7.687327848252536,18.197148316287986,18.499999999999996
8.451952637556946,22.136766873715246,18.5
7.616156586593544,21.292991151687204,18.500000000000004
11.078540431129861,18.19357902054839,18.499999999999993
11.561720658281311,18.2256051618464,18.500000000000004
11.724679195171849,18.60103591829789,18.5
12.344785232410393,20.460975036763074,18.499999999999996
9.913759573520702,18.47812524245436,18.499999999999996
10.985971021641063,18.34701487433974,18.5
12.024891955180289,18.943184960995634,18.500000000000004
12.31589920424722,19.63453435274961,18.500000000000004
12.618138230693363,20.549773054564746,18.33853234631901
12.317980915698532,19.183327213902906,18.500000000000007
12.621265687287956,20.560218198187165,18.499999999999996
12.719619313105392,20.64203398600163,18.34510533947411
8.480542030038919,24.464981051233277,18.499999999999996
7.92751145571621,23.572763966476757,18.5
7.920378957629361,24.28513466920088,18.499999999999996
7.565972963777419,23.479933403933,18.499999999999996
7.857127327470767,24.18491248695129,18.5
7.9105588621110705,24.68013793152788,18.5
11.220682505841289,20.730944874729197,18.5
12.334215039775184,20.72338464747995,18.500000000000004
11.713551048921934,20.017254760364946,18.500000000000004
11.736393324141812,21.11458138947625,18.5
12.321342774668233,21.533576551635377,18.499999999999996
12.100420161193924,21.07719676534885,18.5
12.396370575065642,20.4437305957981,18.499999999999993
12.702370219859537,20.897488730026367,18.15150573368109
12.904457880000002,21.379632671825295,17.55675237836092
12.904457880000004,21.302529786486748,18.133356134282984
12.513427618557577,20.274731129822094,18.500000000000004
12.90445788,21.001146821576995,17.442894887162716
7.4547008978735185,25.319738695847914,18.5
7.181622266538517,25.40553165210027,18.5
7.073717882652558,23.92936678097975,18.5
7.3273601365461625,24.881875850939622,18.500000000000004
8.075014763054067,24.593855295611153,18.5
8.333519419115717,24.417013509501476,18.499999999999996
11.054011423591986,22.245908653690233,18.5
12.003931481738261,23.40341928769191,18.5
11.717891888783157,23.943976750671307,18.500000000000004
9.539966678268579,22.03496556799934,18.500000000000004
9.659262566199406,22.33548108491695,18.5
10.388411852252288,21.390033036978608,18.5
12.800023269941407,21.202794555943104,18.140091032132098
12.804165179593149,21.06629536808179,18.15279095119634
12.687092649179109,20.980347713433577,18.323473620144842
12.90445788,21.408965359869626,18.135587232488543
12.90445788,21.408965359869626,18.135587232488543
12.90445788,21.408965359869626,18.135587232488543
7.055274804752642,25.75793996621094,18.5
6.729569973205713,26.980685679192558,18.500000000000004
6.626494094757282,26.928418885752116,18.5
6.745077977469386,26.114121983234647,18.499999999999996
6.84755506831761,25.632659509515282,18.5
6.6574963522779464,26.942633517851544,18.499999999999996
10.332504214063755,25.09506797440551,18.499999999999996
10.701448684099036,24.906522625118757,18.500000000000004
12.061975740906544,25.609817809051883,18.5
11.539998467682672,25.593230719283703,18.5
9.528930588184549,23.919496833241038,18.499999999999996
9.719587132553952,24.767028244300366,18.5
12.90445788,23.62174248173178,17.510181597809378
12.686290621389103,22.596670118485875,18.500000000000004
12.904457879999999,23.519101382524937,18.131452383479022
12.462462741478054,24.415515971406638,18.5
12.578795620450977,23.168023771966084,18.5
12.120470407698027,24.60086834193436,18.5
6.137057174649247,27.05262348606599,18.500000000000004
6.468082650023688,27.677999189066753,18.5
6.479619767052681,27.682422346111583,18.499999999999996
7.0013971326426105,26.018220794371786,18.5
6.435465601304294,26.42399567239833,18.499999999999996
6.885283910530612,25.872904152690857,18.5
8.180140441282596,28.059099416088525,18.499999999999996
9.441009079258077,26.14326296150139,18.5
11.16477254295783,26.880453333120307,17.952657600316247
10.838887840031363,26.185131563142694,18.499999999999996
9.764058032954757,26.31034490396214,18.499999999999996
11.422760389736373,27.154964692739377,17.98793852371429
12.797226116905271,25.67072396495959,17.12607838676732
12.692249448379947,27.215234971168982,17.338160500797983
12.904457879999999,27.42109643528728,16.558776087720066
12.904457879999999,25.63263869556866,16.514711932659253
12.799413307462936,25.864936149378316,16.916788621027976
12.90445788,26.192612237698526,17.3026478263422
6.300263335891669,27.809014951726184,18.499999999999996
6.048026996914506,27.66712091092907,18.5
6.234876821254701,27.27575879112561,18.5
6.0668022144707825,27.8048032156795,18.499999999999996
6.1864998110182325,27.964462146076933,18.5
6.181545183391825,27.865731848409595,18.500000000000004
11.493093108693577,27.875271892775128,17.352189565920003
10.816160297445744,28.53222634133042,18.499999999999996
11.989410639853594,26.967571875877137,18.125594307978186
10.60008938106329,28.46297742806826,18.499999999999996
10.402995393164618,28.480862435689147,18.500000000000004
10.195731892664298,26.93887681444614,18.499999999999996
12.68117314122219,24.895359158982387,17.74474293064984
12.674952297060294,23.774015802826113,17.930126206810115
12.57418433296121,24.228002909451913,17.7377469445207
12.465354924161709,27.02063731543927,17.938380781908187
12.35314945545624,26.945318901867275,17.9410344016901
12.568142069932394,25.17388818523613,17.902880319851526
7.609279835910933,27.82789779872674,11.099999999999998
7.425105351955483,26.347096764990084,11.1
7.243674833871591,26.233393672845953,11.099999999999998
9.069958235505366,28.130082459641585,11.100000000000003
8.48094665810088,28.385725094736546,11.099999999999998
8.248295288200307,27.8190851029966,11.1
5.969562263219985,26.324119906387704,11.1
6.650262702477262,25.475482261260098,11.099999999999998
7.029042605900206,28.333789153993905,11.100000000000005
6.08037134363524,26.240680201024055,11.100000000000001
7.049377138942892,28.353092220207152,11.100000000000001
6.6268157959804554,25.803509010488018,11.100000000000005
5.202903880248957,28.23501946917454,11.100000000000001
5.33625136734654,26.688533077877945,11.100000000000001
4.987294281428841,26.339278009881653,11.100000000000001
5.138469324558474,27.966177987197067,11.100000000000001
5.002182489966815,28.170561918954917,11.100000000000001
5.077595857061932,28.180184542430553,11.100000000000003
9.055561373575994,27.254937979613402,11.099999999999996
9.091775065811987,26.43675087963218,11.100000000000001
9.507783591971465,27.143005122446517,11.099999999999998
10.284647806078361,27.226887461210968,11.099999999999998
9.052286756514723,24.720673420623196,11.1
9.488322069889518,25.083228337789,11.099999999999998
7.189636369892809,24.842617845802422,11.099999999999998
7.374312846558529,27.808579781105557,11.100000000000001
6.56651062579692,25.96446124773875,11.1
7.5820038483904035,27.342485815786723,11.099999999999998
6.813595896887484,25.88005060531086,11.099999999999998
8.095764002920632,27.755198522664006,11.099999999999996
4.897539978099336,28.19012988789711,11.1
4.808002929538487,26.480174360083087,11.099999999999998
5.077979365678054,26.832646268498912,11.1
4.921230037635004,27.879461699609312,11.099999999999996
5.38798381082887,26.18683611090572,11.100000000000001
4.705133651078249,26.26665921724605,11.099999999999998
7.368200549382275,24.40629840265948,11.100000000000001
8.245125513253761,23.437607674677324,11.100000000000003
7.422626862056556,23.17253985851137,11.1
8.000093444370384,23.40029316919652,11.100000000000003
8.107987774412019,24.147199743846294,11.1
7.150390001695305,24.70272198981126,11.099999999999998
7.1617861680063,24.90113614567294,11.1
6.967391250578543,24.339158114710667,11.100000000000003
7.2906837353063905,23.843461220763547,11.1
7.604264085092664,26.96318384587206,11.100000000000001
7.144295998828543,25.20661037106096,11.100000000000003
7.146184143980797,25.26286358671567,11.099999999999998
4.5788502141103145,27.784326225097992,11.099999999999996
4.950602223288665,25.325485790988022,11.099999999999998
4.916976451442395,27.654108621839246,11.100000000000001
4.864931812880201,27.4915887083007,11.1
4.981394833488488,27.17973373421579,11.099999999999998
4.739190563910563,24.815674901980515,11.100000000000001
8.243914247048808,23.6260603109743,11.100000000000001
7.902691610398096,21.942488054063386,11.1
7.145128872361482,22.851516534590846,11.1
8.67000323244751,23.29937604502126,11.099999999999996
7.821520036017082,21.816498143791144,11.099999999999998
8.817975420892509,24.136200065490613,11.099999999999998
6.363088068956531,23.05198569483231,11.100000000000003
6.536863068875516,22.212914580693518,11.1
6.424261920280895,21.82216235252991,11.100000000000001
6.063002070762326,22.21056958880712,11.099999999999998
6.321829726591587,22.091009830324136,11.099999999999998
6.376535808351955,22.17829496954841,11.100000000000003
4.624293266610354,22.746601085246105,11.1
4.4481517272067475,23.891068014050582,11.1
5.200380110796937,25.798868216422246,11.1
5.442293931187823,24.665589379302368,11.1
4.956162146681293,26.326933098369338,11.099999999999998
4.905596031620325,22.53038963761329,11.100000000000001
7.017506347109385,22.391120088276313,11.099999999999994
6.332494101179279,22.203811431738607,11.099999999999998
6.410198813197831,21.325187894872588,11.099999999999998
6.455652987569543,21.128130598037114,11.1
6.842353543437462,21.997118330197864,11.099999999999994
7.253243645272016,21.835460576864897,11.1
6.380622974263454,21.8977249266822,11.100000000000003
6.735242321258295,22.093221060064213,11.099999999999998
6.501088154315992,21.11410817388918,11.099999999999998
6.644801400360616,20.626054434446026,11.1
6.518583451597046,20.290853451692193,11.1
6.777389888114616,21.131103279441508,11.100000000000001
5.438957167139332,22.209513024334445,11.099999999999998
5.741079869688816,22.708044482208045,11.099999999999996
4.596107181229882,22.757933942074878,11.1
4.5002367897326785,22.42860415039369,11.1
4.99243863018086,23.125229420699622,11.099999999999998
5.104587301409836,23.687971049407697,11.100000000000001
9.17651556547715,19.287225440639606,11.100000000000001
8.354090178270006,19.27861781651163,11.1
8.258321449762542,19.094429754935028,11.1
8.010985249483772,19.112201066065715,11.100000000000001
9.337204988432484,20.465325312910515,11.100000000000001
7.518875443292961,19.513135803909215,11.099999999999994
7.766244159560988,24.278871932074367,11.1
7.126229330257797,20.555846327326126,11.1
6.716996830521228,21.16873972479393,11.1
6.811714667561372,21.082191423248688,11.099999999999998
7.15221198836658,23.633619838525796,11.099999999999998
7.019382207558743,21.864609674441134,11.099999999999998
5.921089022165539,20.266405766518574,11.099999999999998
5.673300954890295,21.74218908799864,11.100000000000003
5.453823715633203,22.690171455755813,11.099999999999998
6.008567724794565,20.550026036225766,11.100000000000005
5.513124772331417,21.72866083254844,11.1
5.299802251320449,22.705030979628386,11.099999999999998
8.315402959712502,19.430005706116585,11.1
8.392977645427951,17.01152430093149,11.1
9.672941109813275,18.5727109152979,11.099999999999996
8.479226694363653,17.134029370298155,11.100000000000001
9.993540796953772,18.308553613483518,11.100000000000001
9.816102453174684,18.670069697914464,11.099999999999998
7.326584203421686,18.956888084078567,11.1
7.3488326973179365,18.933809606617004,11.100000000000001
6.917107669471744,22.648137012806277,11.1
7.257389902507106,19.095467721872623,11.1
7.686608732490006,23.897178284362752,11.100000000000001
7.601698796292177,20.156549553208286,11.1
7.770423357214287,17.57461932961615,11.099999999999998
8.410804160120238,20.310211503817833,11.1
6.356338302433547,20.441025064456255,11.1
8.054415093962277,19.87556140260965,11.1
7.915175489955856,20.835875260710694,11.099999999999998
8.156205283383548,19.21578834314405,11.099999999999996
8.740167073041253,16.94932168017567,11.1
9.33373933140079,17.065007290254723,11.099999999999998
9.518372000379115,17.003586211319565,11.1
9.56931552148227,17.003376785581967,11.099999999999994
8.676474722200469,16.936902317209306,11.1
10.679591148583608,17.586754604280436,11.1
7.597659601008829,19.362363454906035,11.100000000000001
8.32442208520873,17.097264566926025,11.099999999999998
7.587871707362764,17.352141613646932,11.1
7.817162643935233,17.039003426673904,11.100000000000001
8.056240382463796,17.103417417441694,11.100000000000001
7.917757016680649,18.058404508678972,11.099999999999998
8.73516679006255,17.00958033780875,11.100000000000001
8.446064356778471,17.04392082543842,11.1
7.946871715601023,17.14833124411212,11.099999999999998
8.216767487194755,17.12516407392786,11.100000000000001
8.95009112141241,18.736378397377933,11.1
8.300755504691185,17.218460308875724,11.100000000000001
9.656726813559553,17.850218606918112,11.100000000000001
9.525840286393919,17.707754241913513,11.099999999999998
9.242464381690334,17.760203966641935,11.100000000000001
8.27807881746517,17.483071696793733,11.100000000000003
8.87894812711107,17.713503862455692,11.1
9.42562248650232,17.57051044538394,11.100000000000001
8.169204240875493,17.00065784152772,11.099999999999998
8.206515325714177,16.994046077329838,11.100000000000001
9.49186022703493,17.10533256891884,11.100000000000001
8.846743531980454,17.095891838225977,11.100000000000003
7.978270707950932,16.99041696041053,11.1
8.896091313068663,17.09435431978606,11.099999999999996
11.839007654349993,18.546028708640918,11.1
10.863067768117329,17.42914499498949,11.099999999999994
11.555120170713213,17.887732259050416,11.1
11.474644965345481,18.017810670074336,11.100000000000003
10.792500394630297,17.58538623953541,11.099999999999994
11.132289131060094,17.628221305112476,11.1
7.684909677936914,20.892368034952195,11.099999999999998
7.345930121216782,19.815943267718602,11.099999999999998
7.201193952968857,20.043966749489943,11.100000000000001
7.8309751569958905,19.876908020032705,11.099999999999996
7.663976539868041,19.932937162192186,11.1
7.264160871173945,19.150305521203297,11.099999999999996
8.203147834843332,20.603395269211287,11.099999999999996
9.066735062770508,17.306299524811152,11.1
10.748874699717108,18.94763059354604,11.100000000000003
8.343790984773982,18.282837980967553,11.1
8.522198187452492,17.775013923852818,11.1
8.126467789334527,17.98620378647926,11.1
11.358758133998021,18.42446537640224,11.100000000000003
11.82930019232161,18.580197944740355,11.1
11.936855416693216,18.566817319584114,11.1
11.896946232781623,18.757306152995746,11.1
10.871364148637758,17.654468164578553,11.099999999999998
10.693572956855165,17.385522582513865,11.100000000000001
6.839904335408515,21.96844500136069,11.099999999999998
7.038678568327228,20.607145941408366,11.1
7.108984084501265,22.544430637912466,11.100000000000001
6.992086075420605,22.528223823486446,11.100000000000001
7.672253655747355,23.644761369260063,11.099999999999998
7.456070049645823,22.802528366200356,11.099999999999998
7.5367954363429135,19.56980726308914,11.099999999999998
7.71901406352056,21.79278115682689,11.1
8.635129838090037,21.284338403267686,11.100000000000003
9.071697147428432,22.019377059292147,11.1
9.988298506983742,21.188126392469695,11.100000000000001
8.047496347838226,20.424889225646762,11.1
12.349919435642924,19.431967540637935,11.099999999999996
11.771740517495568,18.991088231732753,11.100000000000003
12.109919881567189,19.94497327002744,11.1
12.60892450330095,20.085569855413183,11.099999999999996
12.410486702895755,18.84857732313117,11.099999999999996
12.424077303761015,18.508832374300216,11.100000000000003
6.177466698270682,21.232899732326924,11.100000000000001
6.658372089902165,20.9798230660511,11.1
5.958208452170434,21.458933222996194,11.099999999999998
6.139562526214813,21.116006587718392,11.1
7.075410693351857,23.11475931406856,11.100000000000001
6.297726572416242,20.93231791258513,11.1
9.17641165825234,22.375804891529405,11.099999999999994
8.4768037415219,21.74056206284301,11.1
9.094171281301058,22.915136191033138,11.1
8.933719418223182,21.364734593179364,11.100000000000001
9.206582140606386,23.213799262383073,11.100000000000001
9.425225828856226,23.230917706887723,11.100000000000001
12.31329195688067,21.570276336715633,11.100000000000001
12.032653510479422,21.406218866516777,11.099999999999998
12.53288116110763,22.25287092791618,11.1
12.51487535800952,21.75387253913678,11.100000000000001
12.594492705342764,22.092197759975633,11.1
12.712379425766368,22.427590058090665,11.1
7.631749865709401,23.60610880121928,11.100000000000001
7.2274076840305,24.691092743331122,11.100000000000001
8.266769529042083,23.604954821605503,11.100000000000001
8.037397654441074,24.285811723163473,11.099999999999998
8.672749695207747,24.26848866246027,11.1
8.695657877232845,24.21283664685197,11.100000000000001
8.257875775860503,24.34586771545632,11.100000000000001
8.641399497713511,24.574853230709596,11.1
9.06450161810427,23.35517826765323,11.1
8.66531325791336,24.58330614762105,11.1
9.140910487296845,24.529904584896393,11.1
8.344372105782702,24.693696195304618,11.1
12.722298754788449,24.054539785239893,11.558511754385792
12.719319929690062,24.30221527673833,11.4117926911819
12.714949446692946,23.801388419844017,11.581797004617833
12.71022208493217,23.89953444336857,11.599613232263547
12.904457879999999,24.497969590376933,13.405317985437758
12.904457879999997,24.667982126748363,11.611187150218727
9.39746350715849,26.445244495716352,11.1
8.032759176397862,26.64931823197769,11.099999999999996
9.333792147743342,26.040737609795595,11.1
8.929806059670751,24.19003408068583,11.100000000000001
8.330923592758538,24.910451724979723,11.1
8.915908539862283,26.277009492678225,11.1
7.882754407337618,24.878979965721587,11.099999999999998
9.28576746034354,25.624960794366366,11.100000000000001
9.12920232425297,25.65406253513325,11.100000000000001
9.106197793425581,26.195069503303802,11.100000000000001
8.710081830240318,24.95566708502227,11.099999999999998
8.714803668389768,24.740239491296816,11.100000000000003
11.03359771688757,22.960788761466105,11.100000000000003
12.799605829802069,25.549241453942326,12.031422488620612
12.362215556892032,25.346539367996627,11.100000000000001
12.116716678722105,25.537771184193232,11.100000000000001
12.369637318566285,26.362703983701973,11.100000000000001
12.257627136434028,26.24821968773792,11.099999999999996
6.065693968005545,27.676660853600296,11.100000000000001
5.684571373670984,27.48079811401667,11.099999999999998
6.313157651831736,27.40180429213504,11.100000000000001
6.016379175065542,27.6463689714843,11.100000000000003
6.650954426244103,27.870346422138933,11.099999999999996
5.839764238361358,27.278318477405406,11.1
8.484219568997723,28.113733891674617,11.099999999999998
8.441600600419715,28.25213284302505,11.100000000000001
9.108144282560406,26.21971295969993,11.100000000000001
8.082484291429775,28.1684060797677,11.099999999999998
8.559190665821967,27.914261001155854,11.099999999999998
8.263910153275617,27.835272945622123,11.100000000000001
11.592425352008313,27.114649173473623,11.100000000000001
11.227723751355997,26.717777140719623,11.099999999999998
11.705872647228036,27.443197726158168,11.099999999999996
11.245826502155591,27.46982624807092,11.588356030817014
12.043734333990892,27.18314893069243,12.447920632209659
12.366060904510544,27.28014681285744,12.599464713194047
6.209251589252087,28.309285476118358,11.099999999999998
6.149511337694202,28.55701494853795,11.099999999999998
5.929714070220204,28.73573274248915,11.099999999999996
5.694363104674523,28.70353357042931,11.1
6.025590702090317,28.757387271357818,11.099999999999998
6.6384617601266,28.748727815708104,11.100000000000001
8.71735974281712,28.464877666475036,11.099999999999996
7.911235456398081,28.387346695920264,11.099999999999998
7.846473989528827,28.66425955552007,11.1
9.920298428897336,26.66514889771782,11.099999999999998
8.306707994411646,28.496210118667893,11.1
7.470397547481743,28.709659359781952,11.1
12.395585677765062,27.157122321250043,11.255081756645094
12.704544955625668,27.369333811771742,12.802381400343892
12.254008679992703,27.665847166825444,11.099999999999998
12.167863004795011,27.511130601219776,11.1
12.158463727922163,27.714104567099277,11.1
12.575433981173296,27.46751211928606,11.099999999999994
5.847045615919831,27.207704944980364,18.5
6.05544024729319,26.365900649782947,18.5
6.079633832776798,25.891782148632377,18.499999999999996
5.624995863675613,26.162124678390573,18.499999999999996
6.5178859835016265,25.679503408531623,18.499999999999996
6.168356274449219,25.835836880667287,18.500000000000004
6.311245635408413,28.196547279955077,18.499999999999996
6.1149967157492675,28.448364452692847,18.5
6.705572472271948,27.180081348515486,18.5
6.146018149517607,28.63667321209872,18.499999999999996
6.47482732959786,28.3308604032971,18.49999999999999
6.821452990172383,26.91688414646751,18.5
5.490119729775965,26.971193534380422,18.5
5.705759031967002,27.185258351384586,18.5
5.581644270922035,27.225062413970377,18.5
5.648759803067714,26.934283643495295,18.499999999999996
6.026451843572362,28.63202528380434,18.500000000000004
5.508060394616303,27.436788588739994,18.499999999999996
6.385209855272064,24.520881822559442,18.499999999999996
6.434043577740498,27.453519084493198,18.499999999999996
7.796604964778964,25.46674680255748,18.5
6.837757136211096,25.30022393764635,18.499999999999993
5.5997534697660045,27.28475184566564,18.499999999999996
6.83815766805414,25.114402000506782,18.5
6.79575283352121,25.35222027581241,18.500000000000007
6.625501589235862,25.5986933492944,18.500000000000004
6.644733973311747,25.44658238920548,18.500000000000004
6.72375507414868,25.315550799840025,18.5
6.774272018036292,25.28961647093289,18.499999999999996
6.646425623900826,25.554997970883463,18.499999999999996
5.713683035091402,25.55508339195011,18.499999999999996
5.476703563325257,25.75258818399368,18.500000000000004
5.476201749863995,25.847938850934625,18.5
5.5867027217727525,25.749504315240863,18.5
5.457003799346616,26.095607143728934,18.5
5.4484635906761065,27.55863242467554,18.499999999999996
7.684910378218611,22.737861281664344,18.500000000000004
7.227659626499005,23.38792917966947,18.5
7.485812871391141,23.59481382710134,18.500000000000004
7.212717073892401,22.69144152655366,18.499999999999996
7.880655016691955,23.590946993942552,18.5
6.887394872987826,23.16230207507909,18.5
6.494897683735827,27.077454563896936,18.500000000000004
6.800591394603761,24.309594319663894,18.5
6.862663945419806,24.208856167294933,18.5
7.016228422583154,24.081478215853156,18.500000000000004
6.5274461714805305,25.188412952024105,18.5
6.7337522715623725,25.30737278664874,18.5
6.395343698173894,26.51655617107882,18.499999999999996
6.195341254657215,24.038492618674336,18.500000000000004
6.314176812948232,26.715036536309565,18.499999999999996
6.4262585660735665,23.907303387733055,18.499999999999996
6.344884504342868,23.716641235384962,18.500000000000004
6.455205247240712,23.708350826427274,18.5
7.641586581343428,22.406346079191746,18.500000000000004
7.72633324414867,22.380760879850495,18.500000000000007
7.36664434580941,22.555400970440623,18.500000000000004
7.928166843403716,23.087062088961467,18.5
7.641256075997276,22.620793628647398,18.499999999999993
7.6809726532827876,23.926420217653725,18.5
6.675944321967154,25.751688748250075,18.499999999999996
6.621683543987457,26.126347317758285,18.5
6.699726358801112,26.230177297810073,18.5
6.706211531525463,26.362723515623575,18.500000000000004
6.57270938445968,26.51774369825328,18.500000000000004
6.57488017047713,24.23645390246299,18.5
7.1837727900937365,23.483946804168035,18.5
6.519404533689908,23.086952425813966,18.499999999999996
5.924313639633387,23.506606841468006,18.499999999999996
6.762749071100268,24.27547685224923,18.5
6.718197790345428,22.73648655908011,18.5
6.458449582449551,24.01090161998207,18.499999999999996
8.755018172129041,23.482993110976565,18.499999999999996
7.564637034696126,22.81642420437718,18.499999999999996
8.283428782808024,22.609582391159194,18.499999999999996
8.78960401968981,23.30411178149533,18.499999999999993
8.754887146806297,23.498257286243053,18.500000000000004
9.411915541051728,23.37545395164326,18.5
7.415293772691696,25.06659398532467,18.5
6.945726886961765,25.196698057870215,18.500000000000004
7.1979538491330315,25.020404668058635,18.5
7.28405895546448,24.957348069607065,18.499999999999996
6.852167689691722,24.608841694701347,18.500000000000004
7.180709733830653,25.1703883147047,18.5
6.70708202219626,23.620060533403393,18.5
6.3967478942219556,23.558098733965025,18.5
7.103307244037704,21.88800706119127,18.5
6.965853327086191,23.3392017120141,18.499999999999996
6.356293015750132,22.794629252301323,18.500000000000004
7.180555646647113,23.401062820163876,18.499999999999996
7.821879308107333,18.4119410252001,18.5
8.350149624398032,22.29034135524678,18.5
6.992544191505974,20.16583223389399,18.5
7.568747121481083,21.897498350314354,18.500000000000007
7.183432205156849,18.60826066064608,18.5
8.96406696880876,22.027274982994285,18.500000000000007
7.505046478494512,24.404824137492604,18.499999999999996
6.636844888898692,24.158823555579225,18.499999999999996
6.680322254877565,23.992904279439575,18.499999999999993
7.615592709764848,24.031989821360316,18.5
6.601517036863693,24.043972961346583,18.500000000000004
7.514808164144986,24.531110267294704,18.5
7.507183891395231,20.181229158581672,18.5
7.251584667576548,23.40015959763408,18.5
7.348489652284397,22.455156912681925,18.500000000000004
7.165847410616535,22.067782745567076,18.500000000000004
6.501805150753073,21.1569963409624,18.500000000000004
7.556959957661923,22.355294777321177,18.5
10.81064621156285,21.069000867200526,18.499999999999993
8.458675568431365,18.102866155979996,18.5
9.535999775500965,21.39145237363402,18.5
9.391400071108981,18.385898819816,18.499999999999996
9.665152485744922,18.005712026164076,18.5
8.026888298296052,17.809936700837145,18.500000000000004
7.508685964435689,24.69027244402092,18.499999999999996
7.892726545321416,24.671867729635164,18.499999999999996
8.197585738668701,24.217730107061065,18.5
7.98050695769778,24.574545528692656,18.5
8.206743318081351,24.208051970740307,18.499999999999996
7.878893596778443,24.576503402391776,18.5
8.074190493994466,23.194928566353365,18.5
8.704078765598723,22.93057887724863,18.5
7.579365325750515,21.8725178069482,18.500000000000004
6.110536835063787,18.776367861738734,18.499999999999996
7.961352546035557,22.76479288416322,18.5
6.95820651180267,18.78666306273035,18.5
8.07121823936932,17.61815269402109,18.499999999999996
7.948715878652563,17.67995326034016,18.500000000000004
7.824774654705742,17.415127969697235,18.500000000000004
8.359632978717086,19.125318592525982,18.500000000000007
8.432484303157096,19.431919101297975,18.499999999999996
7.164988963367103,17.380971049554905,18.499999999999996
6.669524672138296,17.2400827862159,18.499999999999996
6.172980660455811,18.486701034210743,18.499999999999996
6.620666693056037,17.24844354049922,18.500000000000004
6.7147639371287475,17.178235812958295,18.5
5.879058460618461,17.891850805464667,18.5
6.165554469248967,18.185334168135963,18.5
9.916436787477815,22.1199954080214,18.499999999999996
8.378893220660157,20.845371015809587,18.500000000000004
8.407841418536524,20.755160633807353,18.499999999999996
7.160682042691984,20.251281691391668,18.5
9.619070112458472,21.629390614766596,18.5
9.733645332626413,21.675421983403574,18.500000000000004
7.4120015188350505,18.640488076475926,18.499999999999996
6.828364379606814,17.239058512143327,18.500000000000004
7.09226610521144,17.185169885041454,18.5
7.286431692679346,17.216734857642663,18.5
9.665554826622845,18.47678243975581,18.500000000000004
7.470482360931342,17.546109390462366,18.5
8.164947443326446,17.22557985691891,18.499999999999996
8.551318542914535,17.321243136011407,18.499999999999996
7.847287577664546,17.167312552909156,18.499999999999996
7.391351678277464,17.725478504770003,18.5
8.384516841598332,17.203564379082355,18.499999999999996
8.563676908077277,17.26359629288245,18.5
12.246270387881143,18.491868261308344,18.500000000000004
12.10175391624094,18.35930716602737,18.5
12.345460460414781,19.90838065052722,18.500000000000004
12.287640942529316,19.853080799388827,18.5
12.025293608009658,18.764444884489713,18.5
11.937819613220455,18.349012443643318,18.500000000000004
6.9403687122068245,17.952328816288674,18.500000000000004
9.228924742936904,20.382015941563136,18.5
8.747930213244095,18.23733197989434,18.5
11.251759024181478,20.247317513748904,18.5
10.963440784154043,20.656517396935072,18.499999999999996
10.567019487450967,20.645612538313603,18.5
7.868801723155223,17.755877309774604,18.5
10.068150813629401,19.41364957384536,18.5
8.781406823190517,17.796185660269096,18.5
8.137137919854545,17.99301436019651,18.5
9.488726708085796,20.622511446612297,18.500000000000004
8.66300949966051,19.521866774091865,18.5
12.371089165126014,20.030878150537436,18.499999999999993
12.005354426913508,18.82372855132117,18.499999999999996
12.366865544086666,19.788379774785973,18.499999999999993
12.43869778232334,19.794523021948496,18.5
12.238672952249148,19.711541898890037,18.5
12.44200907361222,20.01355881865629,18.5
8.11824295951202,18.741266841218494,18.500000000000004
9.225054934800125,21.767454245921478,18.5
9.108449412643752,21.578614334588277,18.5
8.235668676360543,20.94045255007378,18.500000000000004
8.613364682044002,21.556048285216065,18.499999999999996
8.354353047816689,19.80913143078665,18.5
8.550757029704183,19.837018799495706,18.499999999999996
8.553920204291249,19.462190113660093,18.5
11.283574512767316,22.011176093344968,18.5
9.157137726563557,19.954794359173853,18.499999999999996
8.66568323712475,18.18761671309065,18.5
8.22214255388898,18.303583956695487,18.5
12.36645481210949,19.99954813630483,18.499999999999996
11.994540155814173,18.852827119444967,18.499999999999996
12.217865944441156,20.095318970738283,18.5
12.449052876803666,20.394839730493224,18.49999999999999
11.711824621028047,18.786917090395104,18.500000000000004
12.402198008726996,20.07698409572211,18.499999999999996
7.19645746010219,23.441080370621403,18.5
8.890350080842293,23.54547056202225,18.499999999999996
7.7958919563208,23.97677737303353,18.5
8.024656455654155,23.99900005498136,18.500000000000004
8.069422350195389,23.922167594214443,18.499999999999993
8.05911088030884,23.902757961603665,18.499999999999993
8.95845163604723,21.871891191257923,18.49999999999999
10.354928392104775,23.82599167421452,18.5
8.346413803849147,22.433054467672896,18.500000000000007
9.24911042982994,23.33898180074749,18.500000000000007
9.465686345585993,23.164077578148042,18.499999999999996
10.131156326391938,24.114276299678313,18.5
12.426764793167095,22.052972248517268,18.5
12.678431446404456,22.023701952977962,17.776901264009357
11.104911359001212,22.813733704906156,18.5
12.107127955851743,20.827747592170216,18.500000000000007
11.953191773310568,22.446877362312534,18.11282780670958
11.275926811693498,24.02472482289635,18.499999999999996
8.01492928322913,23.523429110316606,18.499999999999996
10.504548571673945,24.24248305303138,18.500000000000004
7.710176034471302,24.033801277819038,18.5
7.816488877816315,23.54572754195466,18.500000000000004
9.027425781224007,24.197327843503725,18.499999999999996
8.154851804640366,23.154871512880916,18.499999999999996
9.804761314784411,24.64159241885247,18.499999999999996
11.014618353313438,24.682889038919278,18.5
8.866052494129745,23.616857239382544,18.499999999999993
10.418137077409536,24.774220431295003,18.499999999999996
8.239644910236162,23.192281772838,18.500000000000004
8.752154274716471,24.09175514503619,18.5
11.584937922711271,23.654067546089053,18.500000000000004
12.241592677321409,21.626409725035874,18.5
11.783221271034131,23.14178075069282,18.499999999999996
12.049715213419804,25.354765913350132,18.499999999999996
12.692695370418322,23.812056204027073,18.5
12.479578055222065,21.31534510894168,18.5
7.644723014028444,25.37500216591484,18.5
7.511211825693845,25.774561434561384,18.500000000000004
8.352413122140348,26.01782737354756,18.500000000000004
7.216110083468867,25.481223316315614,18.499999999999996
7.001985549731492,26.512922700761028,18.5
9.27339276571121,25.098919414190302,18.500000000000004
7.669815970148941,25.79722247395734,18.5
8.410983668959377,26.294740025257283,18.500000000000004
10.048303679170363,27.166613279790305,18.5
8.778727354456903,26.681734828698286,18.500000000000004
5.8714385525041815,27.020068838848005,18.5
7.016994259224482,26.708042328956008,18.5
10.212607584132831,23.561772605242883,18.499999999999996
11.252856494769517,23.27539608894229,18.5
11.697697608171495,23.607320244594572,18.500000000000004
10.21170297687143,22.328082520862562,18.5
11.71324327416932,24.777425134410727,18.500000000000004
12.57220579619068,24.5548461966575,18.13811361055625
6.674383685043311,26.258971414155084,18.499999999999996
6.814495202351777,25.966167697664357,18.5
6.532142001373602,28.104982031630627,18.5
6.836881360398085,26.07725264313596,18.5
6.810401612727248,26.8979119047995,18.500000000000004
6.932548148391657,25.8016306570091,18.499999999999996
6.718400562512651,25.07164932382124,18.5
6.254305102139814,28.085283894695024,18.499999999999996
7.613130369624295,25.886836736943238,18.500000000000007
6.49537022765323,25.61761668947955,18.499999999999996
6.885112195046861,26.4138730658078,18.5
6.198018451867909,28.114264761011338,18.499999999999996
12.296016321310372,27.405125227552794,18.500000000000004
11.889205410634732,26.32646666622104,18.110732164705595
10.634611962223039,26.758582180613097,17.945146267011605
12.142561490511193,27.14064651100151,17.058099159618454
11.894211408150118,26.920403278942523,17.942677783950153
12.00178196867914,26.75456799788235,18.142261749287126
6.603269841094588,28.84171201662043,18.5
6.789513586777314,28.898157891324978,18.500000000000004
7.045344503997439,28.9203773187049,18.500000000000007
6.05206019773624,27.871055891711688,18.5
6.908290240564877,28.88538286384332,18.499999999999996
6.509014504278307,28.846379624457484,18.500000000000004
6.7718906602951,28.366527604762524,18.499999999999996
6.257803599061212,26.809595643634456,18.500000000000004
6.270813173305366,27.133310016304687,18.499999999999993
6.169493654068218,27.41932797145862,18.499999999999996
5.911440986418337,27.061969686202705,18.5
6.310811415112999,26.511256693692076,18.499999999999996
12.269881045464277,27.39219723567382,16.924015101212177
11.879756770859526,26.821897392446296,17.572227702415578
12.165513719971237,27.190211263492582,17.752537120655383
11.118741311531949,27.02943161221924,18.5
11.98542434679782,27.81643430691957,18.5
11.519828489922139,26.33363071566198,18.30762317090669
9.808857793339799,27.324869635057627,11.099999999999994
8.669097417692486,27.18867015162509,11.100000000000003
8.755628998162251,27.543138625845003,11.099999999999996
8.884881834891134,27.469475691455703,11.099999999999998
8.405829866985838,27.134275036145155,11.100000000000001
8.552503491711835,26.662082979889902,11.100000000000001
7.2748850554564095,27.867061968722926,11.100000000000001
7.573427307877145,28.15821808437659,11.1
7.757169068129741,28.246803744526318,11.1
7.638921941880086,28.263244059917028,11.100000000000001
7.777303005395798,28.34656477260728,11.1
7.583904511694564,28.2955057603103,11.099999999999998
9.67493567445622,25.273689850397787,11.1
9.458363118503843,26.56848379917113,11.099999999999998
9.000333633396103,26.26695955496365,11.099999999999994
9.08178168932177,26.33271226447221,11.099999999999998
9.164081016595961,26.683762680302262,11.100000000000003
8.583224884001822,26.170793913594622,11.1
7.795871930701323,25.6067738904662,11.100000000000001
6.71510365496977,27.14870855893598,11.099999999999998
6.758263054877459,26.2483648517019,11.100000000000001
7.123648579083705,26.358812903618517,11.100000000000001
6.589048720081023,26.6166588582312,11.099999999999998
7.222650854945453,26.121105068030445,11.100000000000001
9.359002961576815,23.43666524109142,11.100000000000001
9.100486227876551,23.812352021498853,11.099999999999996
9.128831700977639,24.3367792115697,11.099999999999996
9.788547279062126,24.488473000064513,11.099999999999996
9.197326183526727,24.039011884853107,11.100000000000001
8.221476944393773,24.296395880884866,11.099999999999996
8.924658690533358,23.779900153603744,11.100000000000001
8.267835096057366,23.089859786132855,11.1
7.841045171689454,23.792541773681776,11.099999999999998
7.126261188171499,22.142363519554817,11.099999999999998
7.550377217528709,23.83564482340333,11.099999999999996
8.064003247939764,22.629634970933047,11.1
9.893938615621897,22.331554684550515,11.1
8.940438814779457,23.388681046314314,11.100000000000007
8.591593731018753,22.796690783593853,11.1
8.739186011184382,23.667344242737748,11.099999999999994
8.41877651536539,23.41235782091374,11.1
8.448381933668205,23.260681409117765,11.099999999999998
9.015826318756092,20.81916634395452,11.099999999999998
8.806110850951917,21.57564215239515,11.099999999999998
9.048015043753354,21.261854161648333,11.099999999999996
8.111502853190201,20.352926479933856,11.099999999999998
10.07867452952527,20.563385453371833,11.099999999999998
8.235569925124965,20.806556114295034,11.099999999999998
8.594922109868236,20.622540038713133,11.1
8.691710559454283,20.75182331640183,11.1
9.224315151531426,19.851571256012512,11.1
9.802096411729115,18.541092442917908,11.099999999999996
8.293236070347643,19.141832433909283,11.100000000000001
8.659595078131593,19.84148695717451,11.099999999999996
8.347712334382635,19.904025132477784,11.1
8.141139352245869,19.752131084753465,11.1
8.054967092011102,20.106653862914534,11.1
8.271260045473527,20.209339275015463,11.100000000000001
8.98709865107502,18.986654935961898,11.100000000000001
8.550339319631242,20.573707403988095,11.099999999999998
11.265132180251687,17.8363218416049,11.099999999999998
10.257981319216952,17.772008572803703,11.099999999999998
9.780040441447364,18.85148162435727,11.100000000000005
9.942515764862367,17.722347618171337,11.099999999999996
10.770814842281595,17.465067103424467,11.099999999999998
10.734277314683291,17.249084059867588,11.099999999999998
10.616370824218789,17.139339750804467,11.099999999999996
10.239092316682687,17.475780220632274,11.1
9.5502261977247,17.143966225155175,11.100000000000003
9.861293943554442,16.997922651303256,11.1
9.413754260666142,17.024632988700713,11.100000000000001
10.588890235118994,17.461681919516472,11.100000000000001
10.558131270086294,17.32526522262115,11.099999999999998
9.949671158386497,17.12020292912331,11.1
9.876227470074856,17.0855657696625,11.099999999999998
10.524548945337937,17.292070264448505,11.100000000000001
9.845320314180556,17.15886383748622,11.099999999999998
9.852279423258748,17.073178749755275,11.099999999999998
9.676153991154095,17.0313358707164,11.099999999999996
9.297101570337041,16.985761138481152,11.099999999999998
9.200774375465912,16.941432370662934,11.100000000000001
9.440929217899544,16.959899270335626,11.099999999999998
9.501520993737394,16.93188041062598,11.099999999999998
9.47681116926231,16.937818316285558,11.1
8.707637747029422,17.055418084558827,11.100000000000001
8.812330057530861,16.98017656414889,11.099999999999996
8.610899875147497,17.02191128437877,11.100000000000001
8.66564028346873,16.982146277863663,11.1
8.861899897582504,16.976362320105128,11.099999999999998
8.732810642424868,16.979167650460383,11.1
8.702405323457967,16.986594030025085,11.100000000000001
8.860493943699659,16.9411727296213,11.1
9.262582382000987,17.000355066553478,11.1
9.054595448641608,16.901518979986097,11.100000000000003
9.06433138310432,16.902614212723034,11.100000000000001
8.935476894831378,16.899890767823468,11.1
9.97299631021852,17.120187910024143,11.100000000000001
10.143467649427276,17.178218094303762,11.100000000000001
9.781796215934182,17.093019101399808,11.099999999999996
10.100554093061863,17.175686444276817,11.1
9.891357871087898,17.13865488274218,11.100000000000003
9.873354990849865,17.132743433156644,11.1
7.672063197635236,25.986590066126077,11.1
7.519689888882381,26.85545986895938,11.1
7.487929904174424,26.817134068504647,11.1
7.510763329757382,26.86086743983018,11.1
7.494820709501536,26.79634424169568,11.100000000000001
7.5001969857530115,26.85021279590041,11.1
7.637585955565551,25.955069879320146,11.1
7.605062861307864,26.84032470868064,11.1
7.588050116521438,26.799215260843432,11.1
7.515179509335158,26.99439012030664,11.099999999999996
7.497310361457459,26.909600922973596,11.1
7.533903929268249,26.94988717879526,11.100000000000001
7.716979093611947,25.654737578254423,11.1
7.647187565477537,25.706435747743384,11.1
7.638609319988901,25.68445665581146,11.099999999999998
7.424689874873556,25.680876314095894,11.099999999999994
7.524861704092237,25.68894189617672,11.1
7.532575334292583,25.957496110901204,11.1
7.384606833878262,25.212244970554245,11.099999999999998
7.388722307791721,26.25006693935966,11.100000000000001
7.361933656491652,26.233203804965665,11.099999999999998
7.578365169120879,25.702813053170193,11.100000000000001
7.382706819314919,25.95833509029849,11.100000000000001
7.380088548290112,26.067951213756018,11.1
7.207752382766095,24.15919066287063,11.1
6.759447685973641,20.499606816185004,11.099999999999996
6.876212466883406,20.878576550692042,11.100000000000005
6.971679667035518,22.190798200522288,11.1
6.7633973592426,23.278116548911843,11.099999999999998
6.9943914698772405,22.31271083422963,11.099999999999998
7.203988607812022,21.199943561829087,11.1
6.984020895925068,19.540436463402294,11.100000000000001
6.565267869599111,22.72539844381582,11.100000000000001
7.109322731606754,21.90299729746118,11.100000000000001
6.965217554475347,21.651672044890905,11.099999999999998
7.113560911467092,21.03660793173336,11.1
7.027765959982081,19.57266700044167,11.100000000000001
7.106271973693802,19.541820669328807,11.100000000000001
7.002693660330333,19.591693788457434,11.100000000000001
7.022838819895785,20.69834133874237,11.1
6.887654596867615,20.308296904352655,11.100000000000001
6.987737537963998,19.01538494672659,11.099999999999998
7.086073437328104,19.16306947485825,11.100000000000001
7.091041863365783,19.358738610994976,11.099999999999996
6.98393733258656,19.870171930432512,11.100000000000001
6.979870520671479,19.685812643032385,11.099999999999996
6.749879296408372,19.803989560425897,11.099999999999998
7.241369972659505,19.609236230976357,11.099999999999998
7.037349889390183,18.568267867347647,11.100000000000001
7.107735022394655,18.441602632546957,11.100000000000001
7.011719890277288,18.435951183740528,11.099999999999996
7.040591618352759,18.209348365036963,11.100000000000001
7.192178790192122,18.577990533175605,11.100000000000001
6.940633438777145,19.0234970579128,11.100000000000001
7.0331285768533505,18.307459714607297,11.100000000000003
7.064647509861672,18.699269762698503,11.099999999999996
7.082985065198684,18.674265054547032,11.100000000000003
7.073519910965652,18.22039756022973,11.1
6.9803554191595065,18.177326424364114,11.1
7.336675540006659,18.020142951541487,11.100000000000001
7.088845335305938,18.55831270861756,11.100000000000005
7.065514780981714,18.605066361353295,11.099999999999998
7.166070099264672,18.256681644829264,11.100000000000003
7.080797458046856,18.47828592531517,11.1
7.207854764243155,18.417831325460856,11.1
7.064401886830563,18.688457021758644,11.099999999999996
7.317959411672826,17.97541102427807,11.099999999999998
7.891306325636333,17.62196011268003,11.1
8.12769052062307,17.492136648490856,11.099999999999998
7.474354951848158,17.808421711690713,11.100000000000001
7.933758762864953,17.50331030616002,11.100000000000001
7.47087422352803,17.804030513296613,11.100000000000001
8.2292580103103,17.136888407840264,11.100000000000005
8.195481837591773,17.082218929703114,11.100000000000001
8.279994357140598,17.078347195685655,11.099999999999998
8.519342865841672,17.123439075657373,11.1
8.19269156216626,17.214630987468045,11.099999999999998
8.108672620438426,17.11973873092983,11.099999999999998
8.061381893519217,17.36650846945839,11.100000000000001
7.805926775460368,17.113884739218218,11.100000000000003
7.9282762026236195,17.341630715041095,11.1
8.159770122548503,17.300382245426725,11.100000000000001
8.01946225824787,17.275074268936894,11.1
7.881253682653246,17.070653029540427,11.099999999999996
7.365616936885822,17.08354917258888,11.099999999999998
7.057156224963704,17.735386212264814,11.1
7.271541976598423,17.44303117647245,11.100000000000003
7.164759253635199,17.649727124607704,11.099999999999994
7.0148253275943215,17.946536229593914,11.099999999999998
7.25058103054966,17.566888199492542,11.099999999999996
8.033154683899783,17.61455160192263,11.1
8.05749412028188,17.461553755275098,11.1
7.634580424483113,17.777651596187486,11.100000000000001
7.981725674374117,17.214670132093175,11.099999999999998
8.21178135899122,17.256792531578004,11.099999999999996
7.481621882982367,17.639758099291903,11.1
9.116310786181664,16.899397493320496,11.099999999999996
8.853873589224218,16.888568379560166,11.100000000000003
8.780100924020907,16.888612057572534,11.099999999999996
8.781716908437511,16.851015836234573,11.1
8.785154407451765,16.855060613805428,11.099999999999998
8.895285078838347,16.901726379196177,11.100000000000001
7.999508515744003,17.674635694869114,11.099999999999998
7.891752043587003,17.354883043965685,11.1
8.193656449536975,17.269135925726534,11.1
7.9042980515015495,17.706107169306772,11.1
8.204454674623541,17.47155659895185,11.1
8.299671925748656,17.35329141114593,11.100000000000001
7.185665456610828,18.790829788415575,11.100000000000001
7.293455915178618,18.673830342689225,11.1
7.087734661871336,18.81221413619181,11.1
7.107525035783424,18.942303766616167,11.100000000000001
7.097128083932385,18.80992645345782,11.1
7.310599107011839,19.233386253661653,11.1
7.2437137579821576,19.0212609623576,11.100000000000001
7.3028534341517695,19.164284962418925,11.099999999999998
7.365166874881494,19.243028699836287,11.100000000000001
7.2439121084525775,19.121549937110508,11.1
7.029727742615129,18.942863726677484,11.099999999999998
7.217935488674245,18.798984879356837,11.1
7.268715123434955,21.721096713711216,11.099999999999996
7.26239152836741,21.550196435685503,11.099999999999996
7.583801863757602,22.102192825115576,11.099999999999998
7.48182842440745,21.961931485483277,11.100000000000001
7.4855084476832925,22.483438299329645,11.100000000000001
7.360185506163032,22.24425519096598,11.099999999999998
7.473058046325613,25.016958789027232,11.1
7.357311073100299,23.595291456798012,11.099999999999998
7.668070609092214,24.37936322673336,11.099999999999998
7.4538057884889,24.318551657387633,11.100000000000001
7.455982697571688,24.35119348855589,11.1
7.563086490126499,24.444489618735005,11.099999999999998
7.246589849793309,24.801862529097527,11.100000000000001
7.154794923695219,23.819189301182934,11.099999999999994
7.25459958525316,24.309190420420553,11.1
7.479209656502517,24.461588625126677,11.099999999999998
7.258648895815651,24.2713923964642,11.1
7.257463669589185,24.30728729645515,11.100000000000001
7.751089944900785,25.217675769810935,11.100000000000003
7.407218278320494,24.804877878113977,11.099999999999998
7.491922090892508,25.029376547642265,11.099999999999998
7.510440065886499,25.063386283232695,11.100000000000001
7.3929959232018305,24.171570730179976,11.099999999999998
6.753129117105894,23.420030259319685,11.100000000000001
7.5157869555310635,25.850968668498272,11.1
7.4679670701311185,25.321995019875942,11.100000000000001
7.506867757865885,25.885441308486023,11.100000000000001
7.495756546300647,25.547533805853316,11.099999999999996
7.361519265180164,25.572817306082413,11.1
7.4683174912681665,25.493710407065592,11.099999999999998
7.609192054616117,26.65972281216554,11.100000000000001
7.851387377835547,26.15597335639392,11.099999999999998
8.057760947481633,26.279267650799643,11.099999999999998
7.630727237386891,26.623595085078428,11.100000000000003
7.622662152190796,26.649626076153012,11.099999999999996
7.82384827645622,26.624832619667895,11.099999999999998
7.663899446630112,26.55727669656632,11.1
7.661781960326038,26.558830737278125,11.1
7.56594741148939,26.732927719711864,11.099999999999998
7.4624442228635255,26.489174857645338,11.100000000000001
7.472517772111395,26.28753824062373,11.099999999999998
7.491170694295877,26.742700687649357,11.100000000000001
7.409314858266149,26.840663446554938,11.1
7.493786322738002,26.68087261793907,11.100000000000001
7.374995041749191,26.668146805327822,11.099999999999998
7.456560524318061,26.756490995717762,11.100000000000003
7.560276729618692,26.404543079597286,11.100000000000001
7.248986892366631,26.436837186212646,11.100000000000001
7.599273493243112,27.37994685818393,11.100000000000001
7.54641789961542,27.62863342159935,11.099999999999998
7.562417783820323,27.79676530153028,11.099999999999996
7.357999488640638,27.12239355275683,11.1
7.090492476233453,27.788010820553232,11.1
7.395183748797053,27.32438948976539,11.099999999999998
7.491988876940824,27.33274885869572,11.1
7.165870037999703,27.57167481860469,11.100000000000001
7.175977368295199,27.532145986709654,11.1
7.178482641234793,27.79804282444301,11.100000000000001
7.212193328072902,27.79515130751938,11.1
7.873588807202215,27.818591149708542,11.100000000000001
7.297929719855736,28.012284070134818,11.099999999999998
7.597434736658995,27.710924545142085,11.100000000000001
7.422498233848453,27.56418575027052,11.100000000000001
7.3967255113001755,27.71718863816695,11.100000000000001
7.3945814437533075,27.725556674374857,11.100000000000001
7.608225422684431,27.490065241791815,11.099999999999998
6.964979629631128,28.16585991342223,11.100000000000001
6.973776061687348,28.195605217020358,11.100000000000001
6.900246576842834,28.37902800801385,11.100000000000003
7.062291606728405,28.05075787459152,11.1
7.217860695852348,28.084069226493586,11.100000000000001
7.09925067382303,28.215808395809628,11.1
6.453567154949056,28.41459358951183,11.099999999999998
6.43881677183713,28.247868459652096,11.100000000000001
6.463306236628578,28.241937304646004,11.1
6.773146824049308,28.05223393217323,11.100000000000001
6.578862995679939,28.423210978312298,11.1
6.903498934509067,27.969741112580945,11.099999999999996
7.198695198344479,28.19794011965404,11.1
7.2925398036610884,28.01171227629665,11.100000000000003
7.309323975436092,28.064872583295898,11.100000000000003
7.280711963266257,28.175129199227367,11.099999999999998
7.222826175557617,28.057233839840325,11.099999999999998
7.277930184825422,27.948543370966313,11.099999999999998
10.015354258224935,17.053561218414586,11.100000000000001
9.391162958557851,16.92200158695666,11.1
9.27331682448481,16.920038484609357,11.099999999999998
9.126927170215996,16.945110192431223,11.100000000000003
9.317614459496019,16.95876316721165,11.1
9.222478498880468,16.920700075178328,11.1
9.284933949875416,16.99862779533377,11.1
9.218948939836997,17.15734415078497,11.099999999999998
8.500410339287379,17.149500238594868,11.1
8.875524838980823,17.325076478566903,11.100000000000001
8.707608616526397,17.087386770485217,11.100000000000001
8.69688800093122,17.318489145805298,11.099999999999998
9.13582352434586,17.01196402664326,11.100000000000003
9.148922817064145,17.085495460762644,11.099999999999998
10.034872387269038,17.156055164845974,11.1
9.412159323628918,17.00108727229486,11.099999999999998
9.321196473254885,17.024791667765875,11.100000000000001
8.819134500247786,16.986898537649115,11.100000000000001
10.175012315435378,17.292471927087846,11.100000000000001
9.517467814356342,17.60046614267943,11.099999999999993
9.545662527553707,17.532087775416556,11.099999999999998
9.724365580782317,17.465544335826507,11.1
9.822620560400903,17.599279433819312,11.100000000000001
9.971955445003418,17.536978022723844,11.1
10.913634120904254,19.520692992971394,11.1
10.758864011658671,19.7237505887139,11.099999999999998
11.618281830536311,19.801667860619883,11.100000000000003
11.051340296212793,20.40443320158271,11.100000000000003
10.83153013088778,20.628442622115827,11.099999999999998
11.247086660458411,19.95129940440039,11.100000000000001
9.677618597655679,20.461386495034585,11.099999999999996
10.37977210611844,18.806373621331726,11.1
10.922744440808865,19.574921262222226,11.100000000000001
11.175655593275305,18.857637375115946,11.1
10.147477583017134,18.97943579983434,11.1
11.642918060323424,18.880837977719136,11.099999999999998
8.557678423539848,22.267642292514505,11.1
10.283093996347962,22.16568692019629,11.099999999999996
8.348954857819367,22.217967030129472,11.099999999999998
8.440499956053428,22.123802438602343,11.099999999999996
7.88977432096406,20.885405553593607,11.100000000000003
9.493299534327104,22.95661624349654,11.100000000000003
11.112820139190632,24.122517445833925,11.099999999999998
11.195962827106495,24.938927506132583,11.099999999999998
10.573808120202774,24.2564311314857,11.100000000000001
9.575202721941897,23.88043118607987,11.1
11.167956588240704,23.338463307857843,11.1
11.21234059165968,24.145538533930495,11.099999999999998
9.953627199910535,25.592534633962195,11.1
9.470127439737439,25.63366357339556,11.099999999999998
9.050727015877294,25.138975645383994,11.1
10.333873071137962,26.018506346561402,11.100000000000001
8.601749851223275,24.774579847390157,11.1
8.879601202144606,24.763864042157785,11.099999999999998
9.288350931646,24.837608177609898,11.100000000000001
8.386997688423989,25.245534315068593,11.1
8.294986637515047,25.0245430830105,11.1
9.168729377416588,24.26035015109762,11.100000000000001
8.631006881641687,24.803682644955153,11.100000000000001
9.497366257296664,23.54605070931913,11.099999999999996
11.602631431420708,27.022197666125386,11.100000000000005
10.107428531975867,27.081460148102032,11.100000000000001
9.055451509968337,27.66998860963794,11.100000000000001
10.422665167531196,27.558045011725127,11.100000000000001
11.3464908211237,27.979653165483636,11.099999999999998
11.060939867504077,28.03384717584428,11.1
10.820509477271186,27.887156443795593,11.100000000000003
11.174941362505269,27.85429792599559,11.1
10.255015851831342,27.853150422831845,11.1
10.449954500056856,27.91835335347325,11.1
9.982013817467505,27.914542117451223,11.100000000000001
9.833100797619153,28.23291250963931,11.099999999999996
10.068308188482433,28.36923011513163,11.099999999999998
10.454199152149458,28.389685975437615,11.1
9.818269032529052,28.25074314122168,11.100000000000001
9.789163494394323,28.14161529692995,11.100000000000003
8.173622508250823,28.063448446863088,11.099999999999998
8.520074872778089,28.394334069519985,11.100000000000003
10.838162264859418,27.94193571653358,11.099999999999996
10.105357623002925,28.059335597319038,11.099999999999996
11.091171476620694,27.894652381227353,11.100000000000001
10.11652321911645,28.227606769557582,11.1
9.381365624915526,28.01973459315297,11.100000000000003
10.512294547719808,28.18361643974455,11.099999999999998
10.339949849171894,28.384213552872744,11.099999999999998
10.098000245147746,28.24453018179603,11.100000000000001
9.583593364775252,28.38261795703888,11.100000000000001
10.954541645702387,28.286752529689245,11.099999999999998
10.052750345395747,28.285217084256587,11.099999999999998
9.853220531629644,28.25991749666481,11.100000000000001
11.365323774278998,28.12867559276565,11.1
10.564039840085474,28.41572036060911,11.1
10.957871558745447,28.24741005820023,11.100000000000001
10.340288034384491,28.447573076595724,11.1
9.641883781082543,28.59348372690582,11.099999999999998
10.545371921174247,28.42302355316498,11.100000000000001
10.73536753300063,28.02847145139601,11.100000000000001
11.523604944543326,27.87678364907979,11.099999999999996
10.617270332986404,27.928886924882033,11.1
9.873791804752573,27.685760166230374,11.1
8.505391090229944,27.28161988670966,11.1
10.438123734165268,27.76663283629444,11.1
9.672628769324103,28.06130632972238,18.500000000000007
8.656505135789947,28.040543314516835,18.5
9.14701752418032,27.36924497956984,18.500000000000004
10.251976094512939,27.225760625983533,18.500000000000004
8.750364976745676,27.131663622046812,18.500000000000007
8.99208634716211,28.095320421418318,18.500000000000007
7.277593020744616,28.745687421327194,18.500000000000004
6.448719859958063,28.334358544909513,18.500000000000007
6.538463438035419,28.412673107713744,18.5
7.041578794713551,28.45077034784374,18.5
6.251506645973781,28.237620079902804,18.500000000000004
6.357131203882759,28.375326014498842,18.5
7.710213007841838,24.663243010542562,18.499999999999996
7.505539604845546,25.41581656416663,18.5
7.8290672224627125,25.622974311394607,18.500000000000004
7.6088738312428825,27.47496431586437,18.500000000000004
7.607142249716207,26.15407318326199,18.5
7.13387151925214,27.119586672365507,18.5
6.778112800893095,26.539213202253116,18.49999999999999
7.254613993312118,27.616164299218998,18.5
7.148025661103276,26.88597079600245,18.499999999999996
7.695422810278203,26.439334794529003,18.5
8.311892397444376,26.36018292515105,18.5
7.711688578858653,27.365030934119357,18.499999999999996
8.405975205080589,22.86743818611463,18.500000000000004
9.897317541549862,23.706742794528736,18.5
9.505518815595751,23.14471060618991,18.5
8.903734034679639,23.30550181681053,18.5
9.815680306001543,24.129345390005295,18.5
8.844334781695698,24.04478169231077,18.499999999999996
7.726250175077396,23.0263879853719,18.5
8.388392468611125,22.94935052777401,18.499999999999996
8.798675880661174,22.993292265997077,18.5
7.941080104446888,22.463961830735048,18.500000000000007
7.860953133391709,23.12032975819763,18.5
7.908943855112086,22.671154692163135,18.5
7.977603946915183,22.62260004272385,18.5
8.959816951924259,22.13823862263093,18.500000000000004
9.148606276174453,21.317674938498552,18.499999999999996
9.417309417492637,21.02795243183465,18.500000000000004
8.588419131000368,21.471982396491264,18.5
8.522640892118005,20.807609649897103,18.499999999999996
9.904755111390513,23.13647764497781,18.5
9.201297192259858,21.933180968620373,18.500000000000004
10.548899168311031,23.930013357012832,18.5
10.110153794302597,21.43380863055747,18.499999999999996
11.193814586602647,24.66045822091776,18.499999999999996
9.320413378460254,23.34192191865844,18.500000000000007
10.418530317901359,20.839005054102543,18.50000000000001
9.629825802420855,21.12482229106356,18.500000000000004
10.726208883114152,19.993107461817203,18.499999999999996
10.3574064982236,20.024600808592933,18.499999999999996
10.573605340001357,20.26704532404882,18.5
10.647896274262433,19.62405834361797,18.5
10.117033592929594,19.673308067073513,18.500000000000004
9.43339014933553,20.895030257889097,18.500000000000004
10.37635515780419,19.376202552670698,18.499999999999993
9.047053717989327,19.350043361257832,18.500000000000004
9.61625314133065,20.013328496878493,18.500000000000004
8.972263165956242,19.719847001884432,18.5
11.072774296210307,18.396615123649635,18.499999999999996
9.107584344383769,17.90989963755193,18.500000000000007
9.746921233562416,17.95330539496274,18.499999999999996
10.156465022037603,17.95922670676278,18.5
9.423658182038661,17.840887169978988,18.499999999999996
10.03397822660617,17.99763718560182,18.5
9.931384702600887,18.79593550702586,18.500000000000007
8.30790849377235,18.02535472888185,18.499999999999996
8.677934959304157,18.545378267674206,18.500000000000004
9.120190575410664,18.86120297534621,18.5
8.373338881259006,18.067436754045122,18.500000000000004
8.279820435572107,18.395647174425,18.500000000000004
10.051754771626568,18.018466837467408,18.5
10.402202172348689,17.9541143279779,18.500000000000004
10.539542044030584,17.938552280929816,18.5
10.349556146762351,18.04321907746515,18.499999999999996
10.214464336393519,17.94811726412681,18.5
10.466013625873414,17.94362358455282,18.5
10.46475908391637,17.89008594477824,18.5
9.547720931954627,17.76358426502323,18.499999999999993
8.976290940298139,17.889354519650887,18.499999999999996
9.724332288142518,17.789147262549115,18.500000000000004
10.14085248843874,17.799404709062024,18.500000000000004
9.289837661400075,17.810084323897335,18.499999999999996
9.325663712346856,17.55395670993109,18.500000000000007
8.997872225727985,17.465530221666278,18.499999999999996
8.937219129977349,17.545820962560416,18.5
8.90741259501621,17.47742110567266,18.499999999999996
9.194684236378974,17.5280836474754,18.500000000000007
9.180804241556519,17.459162513279885,18.5
7.740546267039202,17.206609602248403,18.500000000000004
8.908533946225734,17.28814799292839,18.499999999999996
8.890032821797329,17.2557107458624,18.5
8.49572076068012,17.189905940884614,18.500000000000007
9.054550251735524,17.312811188591567,18.499999999999996
9.003035002265053,17.299046349738465,18.500000000000004
9.887853651927006,17.84828453963724,18.500000000000007
10.189095569055683,17.68177532194853,18.499999999999996
10.05819427887958,17.679793904642807,18.500000000000004
10.17880055486082,17.686397102727938,18.5
9.930535459376529,17.7885618004124,18.500000000000004
10.109924982407069,17.74639778325557,18.5
6.540992123778284,27.340846704865957,18.5
6.5246148430674165,27.32672963147109,18.5
6.517965345185723,27.38599327224584,18.5
6.530517437771172,27.368337190832758,18.499999999999996
6.520394137968536,27.414361669360392,18.5
6.433706317178715,27.516474006875836,18.499999999999996
6.524520779721351,27.387268243923426,18.500000000000004
6.439676230492636,27.489343304570294,18.500000000000007
6.451600534748501,27.444382866891235,18.5
6.449432842736566,27.40294529540389,18.5
6.544527257299339,27.30611108930885,18.5
6.544443509959702,27.335638273170538,18.500000000000004
6.61953255107667,26.380902745236106,18.500000000000007
6.7061248257379065,26.093061749073858,18.5
6.804620654248779,26.30755215686026,18.499999999999996
6.936093118398904,25.371781282700727,18.5
6.83683602581646,24.97424341367013,18.499999999999996
6.655343895566535,24.896571154370587,18.5
6.976028746657538,23.69188122433627,18.500000000000004
6.870446137028079,24.536803927167014,18.5
6.993984659876836,24.193488547203252,18.500000000000004
7.002247056824689,24.39088035424553,18.5
6.898395340717846,23.85146281555461,18.500000000000004
6.873290871493858,24.13279287933866,18.500000000000004
7.358018716473195,23.419804419292664,18.500000000000004
7.103753338559728,23.071991954642534,18.499999999999996
7.031547640225624,22.707198606372028,18.5
7.899102043134958,22.67536769705384,18.5
7.5631012071490336,23.719468473469203,18.5
7.327129848173247,21.92845342940691,18.500000000000004
7.307460776057644,20.329019165159764,18.5
7.578681221958261,22.065769792517074,18.499999999999993
7.368134546510924,23.035486607537592,18.499999999999993
7.244125790276884,22.59171471475707,18.5
7.050769081487299,23.214430045629623,18.5
7.187491787829986,22.74246532746017,18.500000000000004
7.259393625413674,22.84755622746384,18.499999999999996
7.2506571008009475,22.320843091248893,18.5
7.589055518920181,24.048150536511432,18.500000000000004
7.158881571380246,22.704303283788942,18.5
7.084724838147781,22.202991541226652,18.5
7.446069507224557,23.099315279370394,18.499999999999996
7.2840429336179096,21.587074034158583,18.5
7.489839076863829,20.765981283388623,18.499999999999996
7.664739244883195,21.127964241682676,18.5
7.569687123886932,22.583539192090452,18.5
7.473305516196793,22.549625395455557,18.499999999999996
7.461871097391902,22.002376122246044,18.499999999999996
6.881457075768058,19.703306869195664,18.499999999999996
7.013595363659997,18.965045116162145,18.499999999999996
6.914979894813121,18.984698294033084,18.499999999999996
6.920831221600908,18.95742098231153,18.5
6.714925092451943,18.553738476442934,18.500000000000004
7.063241870384663,19.547436346112594,18.500000000000004
6.939715241224443,18.954012130051243,18.5
6.885191989388874,18.844934102256065,18.499999999999993
7.132075834916933,19.001135064086885,18.5
7.0361692195590875,18.85195945731193,18.5
7.348283335156306,19.395855825438794,18.499999999999996
7.122249903177401,19.08006448524563,18.5
7.441861240273527,18.364242860156665,18.500000000000004
7.3492709487981545,17.726671963557425,18.5
7.253874777731489,17.431561081595454,18.5
7.095484873914877,19.557333352244346,18.499999999999996
7.1963156257426455,18.805960245528475,18.499999999999996
7.036068081490336,19.002841002610285,18.500000000000007
7.3194180713050505,17.68016701782211,18.500000000000004
7.438432327712182,19.61909627802492,18.5
7.269209425795247,19.30724895758293,18.500000000000004
6.831239486881139,17.927946481594727,18.5
6.781577377390977,17.941194387847847,18.499999999999996
7.053192892915356,17.68542135521738,18.5
6.857941484047351,17.43092933464154,18.5
7.148281296799208,17.378633672265515,18.5
7.127153651238488,17.662380581800893,18.499999999999996
6.803290505526351,17.290828580732423,18.5
6.847164239801517,17.24546413203374,18.5
7.087607944977498,17.126682172185834,18.500000000000004
6.8718706321560115,17.47052722185562,18.500000000000004
6.714692253667823,17.263157257607826,18.499999999999996
6.653276735067462,17.407354701685172,18.5
6.740395449459774,17.32728908738396,18.499999999999996
6.895240263685583,17.357670625794672,18.500000000000007
6.832620758071493,17.315532213477486,18.500000000000004
6.8325838906055125,17.118812422446048,18.499999999999996
6.916503718215895,17.157102012574644,18.499999999999996
6.9567545179163295,17.116311986333407,18.499999999999996
6.981612831921696,17.109033415657855,18.5
7.087400064394543,17.121250230356697,18.500000000000004
6.956610315266969,17.120167062208626,18.500000000000007
6.796577253317062,17.19265986443073,18.5
6.928019573887182,17.152647792546574,18.5
6.515000490080846,17.587054285677286,18.5
6.665179085387419,17.287658448367818,18.500000000000004
6.786614330478106,17.22232455527247,18.500000000000004
6.776306472288879,17.267128656794828,18.500000000000004
7.090583067262081,21.862491640693715,18.5
7.006007605825499,21.198759396683894,18.499999999999996
6.7690975011747225,19.71272800017319,18.5
6.64143112853428,21.66606111716948,18.499999999999993
6.771505019613725,21.743611386207252,18.5
6.677109342615775,21.105845014823867,18.5
7.220136582122458,21.22837715166178,18.499999999999996
6.989744401470564,21.13771982888139,18.500000000000004
7.412824288456728,20.918965077702683,18.5
7.394522705299772,20.41141157153709,18.5
7.3023613671641785,21.23633822795471,18.5
7.30435392797878,21.22597279127213,18.499999999999996
6.979830113708649,21.300415897637908,18.5
7.296922107069081,20.39073218076819,18.49999999999999
6.872826030772543,20.863980728567103,18.500000000000004
7.420800403931776,22.016970457799452,18.500000000000004
7.4893171883213,22.52039860083201,18.500000000000004
7.3457948691614545,21.348414206630885,18.5
7.655464447349902,22.056784868129185,18.5
7.43051774179111,22.218937656177797,18.499999999999996
7.416658498028183,21.879403820853632,18.5
7.702758199123749,22.330288461049523,18.500000000000004
7.552674000884918,21.079040741577195,18.5
7.770573988411114,20.93401797667459,18.5
7.701228994760147,23.611576845323942,18.5
7.980146348025912,23.04988033572341,18.5
7.873066999045824,22.77110855328882,18.500000000000004
7.852952410468172,22.54692525608211,18.499999999999996
7.854428185639219,22.864758794328743,18.499999999999993
7.960885329676348,22.610902916715382,18.500000000000007
6.712280391080862,25.6691756077863,18.499999999999996
7.001218166973845,25.66503338236095,18.500000000000004
6.879437166127003,25.74125102817125,18.499999999999993
7.038767350821079,25.39666267600189,18.499999999999996
7.02534687320424,25.02218450193299,18.499999999999996
6.788823301037906,25.021199660458993,18.5
7.359059535847429,24.69302138773756,18.5
7.076519668029928,25.392560069938806,18.5
7.214599303601929,25.34926875264927,18.500000000000004
7.181040781816932,25.3947349269335,18.500000000000004
6.9541227033391335,25.41517665842403,18.5
7.1962837888809155,25.37771254296507,18.5
6.716845896184148,26.414164783902258,18.5
6.838604727511414,25.829777035261465,18.500000000000004
6.704799334881465,26.21068091699488,18.500000000000007
6.811355418856977,25.919852784918398,18.5
6.716022075058474,26.1459398435104,18.500000000000004
6.809170598753305,26.03971594364284,18.500000000000004
7.784646867928381,26.405154986043115,18.500000000000007
6.967455592218969,26.70744498337933,18.499999999999993
6.935723492366937,26.91559146524866,18.499999999999996
7.162692549611517,27.07499153291038,18.5
6.826092507118621,26.83419214641853,18.5
6.827309812821462,26.833984985106483,18.5
6.511322579374013,27.292672538325668,18.5
6.628890277765241,27.1814839279816,18.499999999999996
6.262634634441431,27.613996411534092,18.499999999999996
6.428770845023709,27.47193947551249,18.499999999999996
6.503841524905311,27.34263973797045,18.5
6.425670080942483,27.44151111652191,18.5
6.662607453574403,27.451059701287786,18.499999999999996
6.8182607199230105,27.6609828068957,18.500000000000004
6.460302503717921,27.467248540270432,18.500000000000004
6.541897652470593,27.4054603954322,18.499999999999996
6.4174042654832135,27.526909797447594,18.5
6.6461786231212745,27.44920235422364,18.5
6.288688253418483,27.343442376776636,18.499999999999996
6.248696514116471,27.620188967601507,18.500000000000004
6.342247702134275,27.59915503076663,18.499999999999996
6.348955098200731,27.620284954619823,18.499999999999996
6.387093119246655,27.294208762843553,18.500000000000004
6.264668156683073,27.5108883900405,18.5
6.535292866027152,27.596266927769264,18.500000000000004
6.538647520731779,27.26177884381929,18.499999999999996
6.538976317951559,27.103724276921234,18.5
6.645034061832241,26.681358201413246,18.500000000000004
6.599635649165522,27.364849511458647,18.5
6.49808912580474,27.635598806049792,18.499999999999996
6.409622925124423,27.296752208354455,18.5
6.392647936424304,27.61857065591055,18.5
6.562251338557144,26.931881395827308,18.500000000000004
6.480104682481163,27.259355255397264,18.5
6.443559213375712,27.2265937085264,18.499999999999996
6.506896689492956,27.199351505780932,18.5
6.649652416294325,27.726651258608097,18.499999999999996
6.221402047627455,27.915756746329997,18.500000000000007
6.330172185523424,27.896561910268698,18.500000000000004
6.447532164711518,27.550239948676815,18.5
6.517198984279236,27.743063339520432,18.499999999999993
6.25120664808957,28.252146800699037,18.500000000000004
6.365259326169605,27.80818879253602,18.499999999999996
6.414321033216035,27.571082688718995,18.500000000000004
6.333722077902766,27.840969348313273,18.499999999999993
6.344954757732726,27.66489832151438,18.5
6.428994588130478,27.613887272083154,18.499999999999996
6.334345542682247,27.78836180037021,18.499999999999996
6.502507683451077,28.424456547973136,18.5
6.267969304784471,28.253812854954322,18.5
6.444842323129051,28.087691396745825,18.500000000000004
6.35540408672948,27.968393745116085,18.5
6.43854831086199,27.72725695264107,18.5
6.4421196536928695,28.053717478552162,18.500000000000004
6.444211459339095,27.913941546183022,18.5
6.162808760071832,28.111943548679104,18.500000000000004
6.337855994714714,27.9423831460815,18.5
6.168971744685626,28.080198141194813,18.5
6.428268240062448,27.71467160727404,18.5
6.4309336558158,27.51924394248092,18.500000000000004
9.002277755178648,17.4728433317673,18.5
10.23142744240251,17.94283473425167,18.5
9.882030917983126,17.84434707780087,18.5
9.916316690786545,17.95410113956873,18.500000000000004
10.028123294925745,17.90657921681625,18.499999999999996
9.38201458100125,17.790692521978897,18.5
7.644828451822727,17.428596035320638,18.500000000000004
9.349555343581722,17.666806900876836,18.5
9.424571687757176,17.523212441443395,18.5
10.112851327583645,17.624641964906594,18.500000000000004
9.191872491387246,17.485798396015735,18.5
9.794201713579556,17.776688963729907,18.5
9.85233601822051,17.848675474378293,18.500000000000004
10.211986567273122,17.889727603469524,18.499999999999996
9.559982054467163,18.006072480312437,18.5
9.694499010614276,18.051430818750376,18.500000000000004
10.040067857602176,18.05156050367974,18.5
9.502370358395003,18.003822643835367,18.5
9.469956275063627,18.071112710932653,18.499999999999993
10.033915905047968,17.92008886357316,18.500000000000007
10.039991528045215,17.93399472901132,18.5
10.087344249099369,18.043431984588437,18.499999999999996
10.058323073987278,18.022880388367955,18.500000000000007
8.006026003348557,18.977059184681895,18.500000000000004
10.610067048511981,20.830949314608265,18.5
11.275258096787852,20.688068282632592,18.499999999999996
9.633092008650337,21.74706295098448,18.5
11.024216984889435,19.21360422147916,18.5
9.655775895065988,19.187900381855755,18.5
11.446168458752554,18.66990537312868,18.499999999999993
10.328964299838473,20.691038214098633,18.5
10.80393550898066,21.024213615387776,18.5
11.22520834940493,21.513438226138593,18.499999999999996
9.808154394153453,20.30717816779488,18.500000000000004
11.27183400646799,20.598561153979897,18.5
10.154817266714144,20.05239220259866,18.499999999999996
10.045683686303867,23.43405618824143,18.5
9.41437014579193,23.304286134295467,18.499999999999996
8.994686526685472,22.952947948869358,18.5
10.39372979839046,23.243987745641743,18.499999999999996
9.811031995711751,22.86436306608246,18.5
9.45604394538654,23.002237758361748,18.5
10.567862679116978,21.430670672427222,18.499999999999993
11.197120127586178,20.94195534642726,18.500000000000004
10.4288890559071,21.906192722209084,18.50000000000001
8.97544075324643,22.539169656219734,18.5
9.461515187564107,23.511954503330216,18.5
9.501620959650761,23.043730091222177,18.5
10.275979068526627,24.7697274631194,18.500000000000004
10.609043330843873,24.997034419976664,18.5
10.721143954065345,24.89625985842726,18.500000000000007
10.377567967984255,25.07446794225548,18.5
11.066743979348095,25.483490373310314,18.500000000000004
10.97586857475696,25.570630157336936,18.5
11.066621242532293,24.46268249655371,18.500000000000004
12.217802944250549,25.86990735482833,18.500000000000004
11.00846629779685,25.328695831036793,18.500000000000004
10.970243118860575,25.280234694561567,18.500000000000004
11.942596758421026,25.623828233960598,18.499999999999996
10.254129942705411,24.568775942220825,18.499999999999996
8.206017975984542,22.842679208415557,18.5
7.321041164510778,25.409206436945293,18.500000000000004
8.356096237795217,24.717358253493046,18.500000000000004
7.793691150892391,24.361542201925374,18.499999999999996
9.481085280742647,24.50806046598135,18.499999999999996
7.257555389736862,24.10641735496951,18.500000000000004
8.558730686382562,24.262634300738295,18.500000000000007
9.791502691165752,24.68861866467418,18.5
11.555791074193902,25.79237686722552,18.5
10.039295670714514,24.59181002555783,18.499999999999996
10.180466225153467,24.718587367662234,18.5
10.554620064613795,24.694207376376397,18.499999999999993
11.309363481675135,28.09663749672403,18.318485438469022
10.428366865653922,28.244766399786357,18.11300008602561
10.647851230898205,28.142946075807153,18.304199339491273
10.926742801879778,28.205231261329626,18.110373415985837
10.842356171519976,28.21394312933948,18.31458244036939
9.511009139289758,28.378694850924855,18.500000000000004
10.829163958276915,28.24780481462376,18.500000000000004
10.675764095737378,28.224351695862573,18.31279647602772
10.30015166431121,27.543578094779292,18.5
10.153240250058705,28.29008554551373,18.5
9.772345058795983,28.711197172562347,18.321809219948474
10.399798789126814,28.61789360878721,18.311684769653652
7.740514032467421,28.860314330004975,18.500000000000007
7.776397666725365,28.8439565848104,18.499999999999996
7.792573572060683,28.798786482493423,18.5
7.463124559648834,28.797653219646318,18.499999999999996
7.690101345840733,28.745894925257286,18.5
7.0830552456464355,28.80050189410498,18.499999999999996
8.960662938167578,28.693854108491244,18.5
8.871925162027622,28.79963432798233,18.499999999999996
9.20046811184973,28.827356078946213,18.5
9.277370337595853,28.831039032115903,18.5
9.356987065128157,28.59107049173848,18.5
9.072661647175272,28.83186772703023,18.5
9.885132641935265,28.63705203845917,18.499999999999996
9.41054478474437,28.69547052626352,18.5
9.276242612106433,28.647271955118256,18.5
10.277526074258214,28.552163674566156,18.32241339752605
10.169623540030091,28.515958510551666,18.500000000000004
10.168240743684212,28.662299028100268,18.5
11.802643634981399,27.39176319192838,11.100000000000001
11.808181960012746,27.544467500406952,11.100000000000001
10.57781781214802,28.29411841500216,11.1
11.827076551297466,27.9223426617591,11.099999999999996
12.007360990687609,27.82274366551231,11.100000000000005
11.669326983741804,28.141022781105843,11.100000000000001
7.947019318947978,28.50605260572416,11.099999999999998
7.920026554026042,28.646490419751498,11.099999999999998
8.411812607142666,28.59802156741598,11.100000000000001
7.6833138800011405,28.64838013165006,11.100000000000001
8.203059413822224,28.53907907673717,11.1
8.440138122888813,28.58726958197679,11.100000000000003
6.099332226824393,28.69089251521591,11.100000000000001
5.859119010919163,28.591875591763344,11.099999999999994
5.881638305734096,28.651677224667246,11.1
6.1745482322583,28.64372799647831,11.100000000000001
5.878287206209708,28.664716740364458,11.099999999999998
6.510521954966448,28.635568737667196,11.1
12.380564544400745,26.921983323216008,11.270018687628315
11.938210259759918,27.67022666479783,11.1
11.740685935076861,27.76732599662209,11.100000000000003
12.141242763540442,27.466838791788078,11.1
12.089620628062285,27.56877892386788,11.099999999999998
11.596817895724483,27.65265589255999,11.269661347659387
8.384077551060159,28.330830583865243,11.1
7.546542353839613,28.094292264282036,11.099999999999998
9.511513653814275,27.695752665715503,11.1
7.9270558242882885,27.64398055849321,11.1
6.879740491667474,28.14080935030045,11.099999999999996
8.404326231742555,27.764560156063524,11.100000000000001
5.9172234827890655,27.274979221652345,11.099999999999996
6.7240308839917535,27.12313928178825,11.100000000000001
7.894825030166028,27.654163200008174,11.099999999999998
6.556726058928976,27.184750541297742,11.099999999999998
6.78368854238833,26.5034846442943,11.099999999999996
7.104192852193814,27.467978513487637,11.1
12.698485803129564,25.292880619420743,11.1
12.479140807641977,24.81719072939901,11.100000000000001
12.904457880000002,24.45229061147068,11.613205919109209
12.904457880000002,25.944639143205706,11.100000000000001
12.800859754427739,24.898565021174406,11.099999999999998
12.904457880000002,24.2339957117232,11.1
8.031340728356799,24.937784771251643,11.100000000000005
7.930649887796519,25.188982991841605,11.1
8.333341901643996,23.68170415664595,11.099999999999998
8.941440839444088,25.77211124091461,11.099999999999998
9.173118975200925,24.63066792077764,11.099999999999998
8.698052057367459,25.393861382172815,11.099999999999998
6.999759398021748,21.5355927369795,11.099999999999996
7.5859370909919965,24.203531725252454,11.099999999999998
7.074321036098278,25.133352872215543,11.1
7.833525265930747,24.736969689454746,11.1
7.713967735993435,22.686372870706087,11.099999999999998
7.659191178867721,24.97154964411999,11.100000000000001
12.90445788,23.754270741537525,12.65291927019538
12.90445788,24.427316277895663,11.262717498285262
12.90445788,23.430892101212702,12.120799324494099
12.80542736491526,24.222247310173636,11.1
12.713995583715,23.345880077631552,11.742584765363091
12.812220397634418,23.70828428037589,11.403820473216552
8.838375281399026,22.979114535953098,11.1
9.086091289669657,23.2008709195014,11.100000000000001
9.509324071121,24.128621043480457,11.1
9.293705219415674,23.66307446140513,11.100000000000001
10.297159329719479,23.72321507035662,11.100000000000001
8.802420759968038,23.958962716419187,11.099999999999996
7.412477483027692,22.853109313711826,11.099999999999998
7.803530545163204,23.739021938158267,11.099999999999998
7.364537753677935,22.996542302562858,11.1
6.939956779647943,24.355464416675165,11.099999999999998
7.3154147790408155,24.344053406668888,11.099999999999998
6.4739357105887745,24.444796971005015,11.100000000000001
12.476987637942175,23.423197338301378,12.363054062847588
12.214779787633073,22.2967932283086,11.462407941802908
11.130224450734797,22.545031214259048,11.100000000000001
12.562545339492058,23.78340438421552,12.427578630516125
12.169975927587563,20.546029043979306,11.099999999999998
12.5733203167225,22.459404699897487,11.657519739222822
9.955301382227427,22.31975010041365,11.099999999999998
9.912685324362183,22.852039570122,11.099999999999996
8.231681767967954,22.234535364454047,11.099999999999998
10.038063840485172,22.97591136594826,11.099999999999998
7.9455464060621495,21.416105480810728,11.099999999999998
7.622411516249122,20.894692867195957,11.1
8.982589539544064,23.622733333507426,11.099999999999996
8.199123340769404,23.10397172848918,11.099999999999996
7.6094177395818585,21.49237244930395,11.099999999999998
6.870861158373746,23.678667319807428,11.100000000000003
8.365369430476383,22.913283135689035,11.099999999999998
6.517567685430421,21.89648053997953,11.099999999999998
12.807597648416273,20.142851771596433,11.1
12.610347165018013,20.54792022648809,11.1
12.39743192512268,19.661978149020342,11.099999999999998
12.489870878667324,18.75636304519053,11.099999999999998
12.315101563620644,19.746557252530412,11.100000000000003
12.414305501502268,19.22124773649318,11.099999999999996
11.310271986135403,19.74855050386493,11.1
10.727173764026732,21.725597658646613,11.1
11.209921584214538,19.043228755836967,11.100000000000001
11.672897273388465,21.286049326198313,11.099999999999998
11.451010352784923,21.118302098529803,11.099999999999998
11.560959059336614,21.465801719145958,11.1
7.356953174605435,21.97621601276303,11.1
7.224707978916949,19.06446899687369,11.1
7.923889752115943,21.08571641532263,11.1
6.502445073016602,22.103347448133725,11.100000000000001
6.579453659855185,22.718221602997847,11.099999999999998
6.395158132404167,22.559737921491916,11.100000000000001
10.611618185922254,17.361843509327944,11.100000000000001
10.274059774806515,17.368201733314056,11.099999999999998
10.424765144163267,17.363147998462377,11.100000000000001
11.778563745925558,18.397869707422903,11.1
10.691177396920475,17.57757096069589,11.1
10.140859819780246,17.34560670835674,11.100000000000001
8.47250496232531,17.09687204635383,11.1
11.291693917287212,18.391192730419753,11.1
10.671371670782761,18.24025084968736,11.100000000000003
8.774992695431491,17.111454597748224,11.100000000000001
10.354161145013867,18.13612313786407,11.100000000000001
9.014995497108824,17.056187904504448,11.099999999999998
7.593414396026629,19.84531535119492,11.100000000000001
8.26226114989362,17.462064195821817,11.100000000000001
7.653654397229963,17.889870782127606,11.100000000000003
7.873394568125331,17.76633295577994,11.1
7.898173926327197,17.721758817679422,11.099999999999998
7.179457346110252,19.56561300790034,11.100000000000001
10.038347987529143,17.20557737335239,11.1
9.77218637215018,17.222683443851437,11.100000000000001
9.994768703192412,17.228186908805377,11.1
11.03959706587075,18.006012581557155,11.100000000000001
11.00770388130999,17.668081205246178,11.100000000000005
9.75501140073876,17.12566080771957,11.1
9.726268148895844,17.55644744472806,11.1
9.18768180408243,17.578399766180663,11.100000000000001
9.990689011682054,17.55796110029858,11.100000000000001
10.220737646940572,17.468626778608655,11.100000000000001
9.825879114437878,17.331426336003087,11.099999999999998
8.632381527860248,17.109436562013315,11.1
7.780542546618263,17.001559002233694,11.100000000000003
7.8030203841043715,17.021276264903822,11.1
7.803718494174486,17.005199159185008,11.1
7.663446816130481,17.593507068821168,11.100000000000001
8.74277897164472,17.281986541637608,11.099999999999998
8.009408284794388,17.68646184175711,11.100000000000003
7.729845382835962,17.059748989643722,11.100000000000001
7.738250386925739,17.01352273357331,11.100000000000001
7.413622603208304,17.10341598780978,11.100000000000001
7.515731825142512,18.014557229772116,11.1
8.054118795084358,17.911728548198127,11.1
7.0751478549684315,18.24465441842378,11.1
9.238188498813308,17.479942106677186,11.100000000000003
9.46178224874851,17.193213193896316,11.1
9.325065247899785,17.618927184594057,11.1
9.407340356002544,17.330079086110977,11.100000000000001
9.727057410181548,17.28529190760638,11.100000000000003
9.275037420819402,17.10321190848092,11.100000000000001
10.685758414244173,17.68334008192994,11.099999999999996
9.495848766867276,17.1321024332317,11.1
10.950357508367077,17.745424391039123,11.099999999999998
9.42895638307759,17.055989415066836,11.1
8.895455423999286,17.138185956914498,11.099999999999996
11.318765438113962,17.927368358548087,11.100000000000001
7.531980662214858,19.22573952410219,11.1
6.509089870386955,18.793655472087348,11.1
7.354422549817774,18.247314404449185,11.100000000000003
7.236184584691861,18.109083271618243,11.100000000000001
7.342880797928304,18.44314780153496,11.100000000000001
7.970672319393953,17.919955388186303,11.099999999999998
8.324092255831662,17.142618175214373,11.099999999999996
9.752355687251994,18.62733435100532,11.099999999999998
9.093003308998082,18.79763507646474,11.1
9.7071109562658,18.76855149814814,11.1
9.503114174894417,19.04881203452471,11.100000000000001
8.55000015134913,17.406963850107456,11.099999999999998
10.629128541626425,18.579970470415105,11.099999999999996
10.681238122369168,18.251289067439433,11.1
10.485301531368577,18.437035464891313,11.099999999999998
10.461176985046372,18.388437951346454,11.099999999999998
10.535549184985811,18.324146593237536,11.1
8.772161060938899,17.13548669173261,11.099999999999996
6.460512157168418,22.124326658709833,11.100000000000001
7.021973722100651,21.413896945436484,11.100000000000003
7.545744015237818,21.577141646206243,11.1
5.841519686589756,22.097385130331165,11.1
6.276174672461021,20.486473879521153,11.100000000000003
6.222371883297015,19.723407957115846,11.1
7.5981302814881655,21.134882902343517,11.1
7.240375083154235,22.048901678721954,11.099999999999993
7.018622395487576,22.54452012127517,11.1
6.255041284263176,23.052395541520884,11.099999999999998
7.6082922726527515,22.246871710232615,11.099999999999994
6.580038389994517,22.674140051232424,11.099999999999998
12.173158789109861,19.370276918371328,11.100000000000001
12.127997685194945,20.425088783270287,11.100000000000001
12.374477407161413,20.416824137284298,11.099999999999998
12.36495777162872,20.760064530367536,11.1
12.276072877670194,20.61201809632732,11.100000000000003
12.475226513227406,20.559474182795153,11.1
5.405232457427368,20.33100779450341,11.1
5.2848058987338655,21.236548091630166,11.1
5.283229109841941,21.42734154916104,11.100000000000001
5.689849196420578,21.894133479678803,11.099999999999998
5.487025747738815,23.297064626468824,11.1
5.116512444930842,22.982606247141323,11.1
8.590765008612438,23.310845891247492,11.100000000000001
7.677438533402967,23.130169111169476,11.1
9.513052146585766,24.390539830684826,11.1
8.239966866952336,23.360521066922217,11.1
8.902786633243633,22.333241210583793,11.100000000000003
8.456317061285686,23.75643783130289,11.099999999999998
12.58573577008358,22.45564230593393,11.1
11.811814367030406,23.082425172634068,11.1
12.32213070454466,21.938191513800962,11.099999999999996
12.10685997558131,22.61321536762994,11.1
12.421020711932318,23.087796462883787,11.099999999999996
12.389736842128546,22.46701227171715,11.1
7.423739328769655,24.14989418094669,11.1
6.1534695419136884,24.538901519977575,11.1
6.4223764648215464,24.592077537058373,11.1
6.2847387685687,24.458812706507075,11.099999999999996
6.382367002835861,24.499861398586226,11.1
6.473036914447351,24.007710777575674,11.099999999999998
6.727186636572042,23.29929293271465,11.100000000000001
7.4458386377908194,24.613132646693117,11.1
7.353927494727369,24.2868643747299,11.099999999999996
8.15266418615335,24.384550998654838,11.100000000000001
7.827272097401744,24.183654429262386,11.099999999999998
6.713577517828987,24.473734989453693,11.100000000000001
11.703702073779786,23.39555564996947,11.100000000000001
12.703790140577684,24.48459473174405,11.1
12.491189168089232,24.281134367468276,11.099999999999998
12.43064226688088,23.37723331210694,11.100000000000003
11.77633055761385,23.832598247418712,11.100000000000001
11.568815000128097,23.961322911006672,11.1
5.967580483715198,23.15139695948949,11.1
6.523400379597802,25.54299916750545,11.099999999999998
6.028839488613911,25.161787468703377,11.100000000000001
6.209680008825767,23.631736995536727,11.100000000000001
5.72126384941737,22.849901927717468,11.1
5.988072287336913,26.559399692100413,11.1
7.94009863440766,25.03539654232798,11.100000000000001
8.261555958323198,23.376342518457278,11.100000000000003
8.622352180883684,23.483724010737966,11.1
8.254892806240768,23.262311789532298,11.100000000000001
8.219180837469262,22.98076173184391,11.100000000000001
8.614645931855243,24.749972884495218,11.099999999999998
12.096572441779816,26.382463798283236,11.099999999999998
12.356021303026841,25.83479432625042,11.099999999999996
11.002493441804216,23.79929959824106,11.100000000000001
12.237006423172852,24.837847031461475,11.099999999999998
12.696794450536773,25.299559632371107,11.100000000000005
12.599196606995333,24.235771806952457,11.1
6.058820182468421,25.64438707016787,11.099999999999998
5.645644719467638,27.597145384180276,11.100000000000003
5.330773354825557,27.991754100258156,11.1
6.574451127030595,25.30355835302482,11.099999999999996
5.691991687559332,27.9685256408137,11.099999999999998
4.89054014019498,26.168331632008044,11.099999999999998
7.438780696564951,25.548693112586083,11.099999999999996
6.92974087549139,27.39240651096954,11.099999999999998
6.6117069408884035,27.926572051040235,11.100000000000001
6.838672567170765,26.454359424791175,11.100000000000001
8.08774484174762,27.323810421666533,11.1
7.180688469053051,27.698295893018738,11.100000000000001
11.699443131585326,26.44412792790542,11.099999999999998
12.119527520131381,26.334740910478178,11.1
12.288276635977443,26.69708182294406,11.099999999999998
11.615331522900341,27.62083719380339,11.100000000000001
11.411809732719897,26.74076371878725,11.1
11.876996272167387,26.687552282101155,11.099999999999996
5.604119327385716,28.453175784212522,11.1
5.316694260973256,27.2409177128058,11.099999999999996
5.023196779671592,26.918457939379714,11.099999999999998
5.638882980734182,28.50214842259244,11.1
5.099790599645867,27.301663226606944,11.099999999999998
5.155154566942801,27.40272765866945,11.099999999999996
6.329914065531853,27.98406792438111,11.1
6.672403222710203,27.815352240829498,11.100000000000001
7.006741661995803,27.655504026429767,11.099999999999996
6.505226969596374,27.45488510641767,11.100000000000001
7.017924219147027,28.901934892565354,11.100000000000001
6.677156200117291,27.856454596019947,11.100000000000001
12.128524655385988,27.463389524875907,11.1
12.018513282233384,27.419901499717948,11.099999999999998
12.148595838216211,27.611081490354234,11.099999999999998
8.869775308564456,28.57930390622456,11.099999999999998
10.19484641198109,28.374107376672594,11.099999999999994
8.907234994459925,28.619543714540026,11.100000000000003
11.596139969870652,28.041038998014027,18.5
11.33443376124114,28.343988996536684,18.333802422752036
11.669714522206528,27.99000357291104,18.5
11.828273983288726,28.066700909908274,18.500000000000007
11.02715213145279,28.47228961284283,18.499999999999993
11.663422800104142,28.129037504583778,18.5
6.849739251494506,28.7693682300936,18.5
6.672983470503252,28.73186071046061,18.499999999999996
6.614446147109182,28.736732266439798,18.5
6.722179991312738,28.742829469205915,18.500000000000007
6.479038369175581,28.673138034221807,18.5
7.076616008072155,28.84131673297116,18.499999999999996
7.508912264102202,28.861184850702482,18.5
7.584519769637324,28.93488992693709,18.499999999999996
7.4906627581505685,28.91972514590465,18.500000000000007
6.9295375245966,28.819045981851396,18.499999999999996
7.0694332632324555,28.80658120064699,18.5
7.3100590728249815,28.940506280636182,18.499999999999996
12.596700388261569,27.83356427628849,16.7557470577158
12.487615840926583,28.129226225810616,16.45695566633851
12.595782379675544,27.759130420867347,17.22040757283793
12.498065065931174,27.982067933436102,16.433755769630725
12.356028567439575,27.987907171136484,17.62534411876309
12.258944654612252,27.948534600158197,17.958490219361796
7.69318107765086,27.698886099314038,18.499999999999996
7.313105895595957,27.608582099722934,18.499999999999996
7.170332275977647,27.908961873419486,18.5
7.807345975414657,27.745389691838945,18.499999999999996
7.172903952404816,27.90383955455794,18.500000000000007
6.686291363554926,27.927214024180675,18.5
7.781462977423419,28.330352513309595,18.5
7.434328925878308,28.026550578551763,18.499999999999996
8.328572127379926,28.20512987401384,18.5
7.992929118950027,28.26543620050138,18.499999999999996
7.7974403553212985,28.09473419890574,18.5
7.232406153695071,27.953281151804664,18.500000000000004
11.977726231152381,25.68449027009598,18.5
12.584882832453104,25.87496436477416,18.5
12.175557518645215,26.255131029689974,18.499999999999996
11.554789140270705,24.900390652651073,18.500000000000004
12.187716473198227,26.36081328123173,18.5
12.605819881738762,26.207953102951304,18.169115368887027
8.569228949725547,24.63345023975039,18.5
8.727251638495433,24.484045376934766,18.499999999999996
8.990436593492436,25.51938884960232,18.500000000000004
9.87829090988012,24.909295498932444,18.5
8.962517926655886,24.18500743312329,18.5
9.723062551298696,23.530865216579933,18.500000000000004
7.269942236511822,25.569180357532144,18.5
6.64849576047825,26.50459303410184,18.5
6.360909199321686,26.399364303845278,18.5
6.674292702528345,26.484877205378393,18.499999999999996
6.559949742955198,26.345152603752734,18.5
6.921042486470072,25.612328609751206,18.499999999999996
12.260008080285592,20.760704572436612,18.499999999999996
12.679927021722593,21.436802887322713,18.327130705320656
12.67287741659519,22.858991810095475,18.12332375596932
12.90445788,22.488672146722763,18.145415454034325
12.90445788,22.370066140207985,18.126877931752603
12.904457879999999,21.655011558488326,17.925631170992748
7.709995545559132,23.6373528245672,18.500000000000004
6.980259790020323,24.046448356929226,18.500000000000004
8.343765255686913,23.887667228224725,18.5
8.173487487144042,23.734660952635167,18.5
7.675676669151477,23.846435048200863,18.5
6.833836901035026,24.17751176212739,18.500000000000004
7.881285307657093,23.84425600907027,18.499999999999993
7.462719808932027,24.084858994610236,18.5
7.858698816765985,24.198219132885654,18.5
8.444470454723879,24.420379527403117,18.500000000000004
7.802828629354727,23.3564950583047,18.5
8.039399938713169,23.31202603750489,18.500000000000007
12.25393079399932,20.73288300042787,18.500000000000004
12.354029623957556,20.75285986937085,18.499999999999996
12.349602958482336,20.856652533116854,18.5
12.078083514598815,20.149564757728722,18.5
12.366487940154222,20.88109617414198,18.500000000000004
12.372221987706379,20.720421609510044,18.5
9.458115593106545,22.269389316294205,18.499999999999996
9.091585002119915,22.01586547486488,18.500000000000007
8.271398780610795,23.102230353398365,18.499999999999996
10.082847905814832,22.868190859482358,18.500000000000004
9.846415149482128,21.463522777544622,18.5
9.340321587283036,21.28745688370674,18.5
8.125676482378566,23.131529656846443,18.500000000000007
7.449359813084432,23.166897579940652,18.499999999999993
8.910648648398562,22.133264346525106,18.500000000000004
8.39990874127012,22.405412310128284,18.499999999999996
7.728196696566733,22.84108285487904,18.500000000000004
8.307254033163662,22.650808682115716,18.5
12.261916650089784,19.151210899153984,18.499999999999996
12.129367234385041,19.148090142783268,18.499999999999996
11.980810353178253,18.98342928290224,18.5
12.164814089098735,19.261271199566504,18.5
12.491864310668044,19.460686293297424,18.499999999999996
12.113967064510998,19.29873596929088,18.500000000000004
9.98496308325805,18.677231739786432,18.499999999999996
11.202361746039557,19.061684412557888,18.499999999999996
10.95909534052042,18.6476548294691,18.499999999999996
11.308086179152061,19.00708643270656,18.5
10.304465543286904,19.238842142715836,18.5
10.3939672769764,18.7267879161735,18.5
6.252503340747182,19.774494398845366,18.5
6.794382477240395,20.692686834119904,18.499999999999996
7.081767895090299,19.959206427145205,18.499999999999993
6.995548793267356,20.772970718049116,18.500000000000004
6.974388757349364,20.59630507629452,18.499999999999996
7.005401616872255,19.14699829666691,18.499999999999996
12.01874105947923,18.372799668198184,18.5
12.102433278358307,18.586001474659717,18.5
12.114841499851314,18.40663965381142,18.499999999999993
12.18140764912193,19.137522319981134,18.499999999999996
12.05198977207273,19.110553741420972,18.500000000000007
12.128844308292381,18.840131447875905,18.499999999999996
8.643766719990525,18.08803577279515,18.500000000000004
9.879073578365213,18.583988161199375,18.500000000000004
10.401610773891035,18.45428238984897,18.499999999999996
10.31900316003649,19.256770494313773,18.499999999999993
8.59554474815736,17.969039317291536,18.499999999999996
9.254412560897169,18.325175372150444,18.500000000000004
10.046840476763373,19.16116458249196,18.499999999999996
8.260183666378591,17.870158282597828,18.5
9.731363720263122,18.255675115437658,18.5
9.282971427842805,18.185262382420884,18.499999999999993
8.093861550447304,18.072459592439476,18.499999999999996
8.491439176148786,18.313570619682665,18.5
11.517220479804035,18.166611348451827,18.5
11.696794495570856,18.090021320030974,18.5
11.218904797751556,18.31623133256769,18.499999999999996
10.70359622344659,18.13779494890592,18.499999999999993
11.076109083944667,18.430199136287918,18.499999999999996
10.629652301975414,18.178718277271454,18.500000000000007
9.44903656237177,17.85278072846016,18.5
8.482155966632497,17.87384239489641,18.499999999999993
8.070757134770506,17.402269928771133,18.500000000000007
7.032786903784579,17.34355179494894,18.499999999999996
7.938305278921063,17.52430007827833,18.499999999999996
7.576119938211795,17.322972344872607,18.5
8.67230560019712,17.51451968526198,18.499999999999996
8.874389134071436,17.47301090532076,18.5
8.111694440896287,17.592763920783057,18.500000000000004
8.000027658483516,17.5826710290076,18.499999999999996
9.897637845374831,18.490713040143113,18.500000000000004
9.617170451629399,18.412749342972063,18.499999999999996
6.059854050070208,17.51847138557733,18.5
6.82538096762124,17.514410191770768,18.5
5.4653335211945215,17.669641415696162,18.500000000000004
5.153196273112425,18.091677860779434,18.500000000000004
8.21714244030918,18.379128862211804,18.500000000000004
4.848181645372686,18.432786881389745,18.5
7.616546644062492,17.2899287430143,18.5
8.457720198376782,18.45353671072476,18.500000000000004
7.319362949801554,17.49082737180793,18.500000000000004
7.313543119573351,17.146595108647716,18.499999999999996
7.723387370563516,17.103242837473783,18.499999999999993
7.348159439285356,17.270087876251107,18.499999999999996
12.121242656033576,18.972285162441157,18.500000000000004
12.024929445522032,19.35785877974376,18.500000000000004
11.952162765082981,19.442748116382152,18.5
10.44911439775927,17.960439152728014,18.499999999999996
10.684938795218754,17.893625612558896,18.5
10.095678263874559,17.874288996099484,18.499999999999996
9.53857308171385,18.976168090254443,18.499999999999996
8.569498437293696,22.224715694563223,18.5
7.335630224178356,17.934742625400027,18.499999999999996
6.730840572065213,17.67730795810427,18.5
8.811275360234495,21.897081487090105,18.5
8.67832627167491,20.860591513886856,18.500000000000004
8.892386212043366,18.411219073438705,18.499999999999996
8.03162982850665,18.09012491855184,18.5
7.751999296952845,19.085398213647885,18.5
8.318379289847073,18.058758773757877,18.499999999999996
8.828055802701547,21.448801863675417,18.5
9.005108940851148,20.169902838658942,18.500000000000007
11.349142158461994,18.263788505286726,18.499999999999996
11.16974124280178,18.24831000951196,18.499999999999993
12.093120972072766,19.98132394031994,18.500000000000004
10.934434813843168,18.224015098407783,18.5
11.620765020026077,18.382852821471385,18.500000000000004
10.581917117938113,18.168749014949483,18.499999999999996
8.634848876863124,22.441937464155096,18.5
6.815851069184848,19.469103034420485,18.5
9.05525919360678,22.387083093154978,18.499999999999993
8.973858798520647,21.371163207026154,18.500000000000007
9.000224920729327,21.50410601485481,18.500000000000004
8.584724660063268,19.684916726207636,18.500000000000004
8.850376143154485,20.49361753761771,18.5
9.521835401100892,20.07279474865242,18.5
10.127169041405285,24.097308462402086,18.499999999999996
10.031995756283123,20.580701547370737,18.5
9.264437719449825,20.774037444383126,18.500000000000004
9.551334623127005,20.407478381159716,18.5
12.146878413642293,20.029242485329817,18.500000000000004
11.47858099944389,18.133327856975786,18.5
11.743214658828181,19.755227319183472,18.500000000000004
11.493161334232044,18.207146999630442,18.5
11.711251508971223,19.7889372431261,18.499999999999996
11.942949285779788,19.823611239211484,18.499999999999996
8.165996266616041,22.966094833243233,18.500000000000007
7.600661567326057,23.540194670955678,18.500000000000004
7.343924159676754,23.487081736221647,18.5
6.955327997841308,22.842337353306792,18.5
7.936286734232286,23.791279886967935,18.5
7.9578091176401715,23.463854051170344,18.5
8.833920269756886,23.687612360078646,18.500000000000004
9.317582275239682,24.054273787847784,18.500000000000004
8.949297562045892,24.050469021414678,18.5
8.970236997278413,23.825298290185575,18.5
9.485361746397258,23.59829755794087,18.5
8.823732777478883,22.299321776137937,18.5
12.800994049738694,23.35896435076582,18.142978449651434
11.072473161931072,22.249928542408746,18.500000000000004
12.690616829595003,21.935841076823483,18.5
12.34158808368768,20.325131629985204,18.499999999999996
12.358778377497917,20.190638668074964,18.499999999999993
12.577370868185346,21.122505871629716,18.5
9.160151890569244,24.891614291995175,18.499999999999996
8.206569947651548,23.249279166329828,18.499999999999996
9.648295086408089,24.91246862333298,18.5
8.73626540500962,24.58092136031096,18.499999999999996
7.583295706472539,24.23634745910966,18.500000000000004
9.998575778929073,26.225315592511414,18.5
8.750137953998285,24.691311792913652,18.500000000000004
7.49467475741137,23.92194296334729,18.5
7.557002102357596,24.183939494894393,18.499999999999996
9.316629327875859,24.532602644806914,18.5
8.77112578637896,24.188126536391405,18.5
7.737814255927808,24.096807999036194,18.499999999999996
11.750131522753255,20.806078695832586,18.500000000000004
12.685817509395228,22.564641702278998,18.5
12.67889381762054,21.27551322099665,18.5
11.7960449080813,22.59010843658835,18.500000000000007
12.12986800699297,21.840491974051773,18.500000000000004
11.918583198005324,21.410091435835852,18.5
7.363351078356861,26.29660613291588,18.499999999999996
7.8304279100593,25.08417100756181,18.5
8.078037891955551,24.582277032613014,18.500000000000004
6.914010542803657,25.51796889099785,18.499999999999996
8.124296213620076,25.565013726118746,18.5
6.946187130210744,24.72599503290079,18.500000000000004
7.3176940996578494,24.686470383845933,18.499999999999996
7.47459900316472,24.909045653626006,18.500000000000007
7.52455273549154,24.491867399669836,18.5
7.810184039809894,25.033631028482777,18.499999999999996
7.643025012789775,24.486023811215215,18.499999999999996
8.099501963158023,24.41545607028679,18.5
11.653988020180297,26.013019047142894,18.500000000000004
12.018686147418157,26.203038919934208,18.500000000000004
12.258607199091674,26.31421154220528,18.5
12.034201049159359,26.168027152850875,18.499999999999996
12.049819228769385,26.268482779233093,18.5
12.23395556110769,26.909253347816417,18.499999999999996
6.439309220993604,28.270135785809853,18.500000000000004
6.481137168616537,26.859512884281955,18.499999999999996
6.394214295727546,28.4106849106266,18.499999999999993
6.33459900561199,28.29063270555176,18.5
6.472795348533863,28.69277504756267,18.499999999999996
6.7554505970320635,28.568169986969604,18.499999999999996
6.695183831613138,27.311465800429726,18.500000000000007
7.041163192342475,27.139165657973493,18.500000000000004
7.975916833278352,27.248818107297385,18.499999999999996
7.046459591230195,27.062967471305225,18.5
8.069935957983812,27.111153562524688,18.499999999999996
7.9847499794596954,27.151610446478212,18.5
11.994302456855035,27.711498476488092,17.55227166561938
11.33252090219139,28.256269096630998,18.5
11.462715185628088,28.285228096781964,18.500000000000004
12.117989287164894,26.677536504394922,16.47244053137075
12.394757062418247,26.951213699045102,15.572630633994986
12.141104314352841,26.90012412644895,16.165324063609717
6.389460935880192,28.705864436417375,18.500000000000004
6.654661650840188,28.855533734923046,18.5
6.6090485163063235,28.78784159768856,18.500000000000007
6.858980277138337,28.824747422149194,18.5
6.685707102981442,28.821689184846566,18.499999999999996
6.658780309950822,28.815690129086633,18.500000000000004
7.318116201890045,28.883317737995586,18.500000000000007
7.428449005639922,28.844641365919507,18.499999999999993
7.151302300616552,28.839612080982487,18.499999999999996
7.599970075993245,28.84711351356087,18.500000000000004
7.523557370769891,28.847013171397034,18.499999999999996
7.590343021135639,28.854118006085027,18.5
10.316946518249486,28.663177100790882,18.5
9.972272987844445,28.719790934696924,18.5
12.265687947457934,28.059478497141164,18.164239478632872
11.77977770597002,28.1480572366895,18.5
11.112653822678425,28.424740398374063,18.500000000000004
11.966821787237162,28.167005534037795,18.500000000000004
