10.718534291957722,28.466166955113422,11.1
9.62694138303997,28.46571357029061,11.099999999999998
10.717555077307516,28.015061693779057,11.099999999999998
9.250555703379918,28.1655836254119,11.1
9.98575175896698,28.167217237101376,11.1
9.625307087499898,28.467121261935677,11.1
7.053946885206901,28.61620079616062,11.1
7.050289734959577,28.76547278962402,11.1
7.0626571239487905,28.470802594769488,11.099999999999998
7.428310737011281,28.47442313287161,11.099999999999998
7.05081389712711,28.912796676542747,11.100000000000001
7.42678943334761,28.765817144044526,11.1
4.1253779,27.56566090944947,11.1
6.310166874366581,28.763323145818315,11.1
5.216404288505294,27.260644330951735,11.100000000000001
4.1253779,28.166522178717784,11.099999999999998
4.858775589909674,27.273147807345463,11.1
4.1253779,27.567182533838892,11.100000000000001
9.98016781639067,27.122050475203196,11.1
10.347547692523017,27.717104073637078,11.1
9.981428202092745,27.420196618393284,11.099999999999998
9.979642665282872,27.421402809182933,11.1
10.347920968015128,28.013561544053616,11.1
10.33870977363197,26.970238009269185,11.1
7.047807071661115,28.312282339509434,11.1
7.417912154175092,27.866655856853605,11.1
7.053435445538881,27.568142079004826,11.1
7.783772192949659,27.26933166455013,11.1
5.950543974278129,27.866174495154695,11.100000000000001
7.05423755200319,28.014731307966485,11.099999999999998
5.221649464539148,27.26783104484636,11.1
6.683489544756208,26.82420539306015,11.1
4.489764052623551,26.823438263710297,11.099999999999998
5.584571479647492,26.972538546639775,11.1
6.69122470251495,27.86688831344278,11.100000000000001
6.686923776335094,27.71832441571053,11.1
6.316878236539023,25.332394861671204,11.1
10.207055146740082,25.77120328255276,11.1
7.779711014897621,26.523684226085624,11.1
9.618564703188477,25.488572873870556,11.1
9.983495190978624,25.78290643186397,11.099999999999998
11.06997053190163,25.930098506006452,11.099999999999996
5.224415002155026,26.674947354887948,11.1
6.685742078766751,27.268638986862456,11.1
5.956909267441213,26.669127342899994,11.1
6.684480567675316,26.81871585050284,11.099999999999998
6.315958406832731,26.523056595188564,11.1
6.317822352287226,26.67001382636482,11.1
5.5820496921252305,25.927301046486306,11.099999999999998
5.2067753221039546,25.62983807449742,11.1
5.2120775735696485,26.369151715380294,11.099999999999998
5.215058980731593,25.6298285083705,11.100000000000001
4.852146610904878,26.077822320724767,11.100000000000001
5.942054358031393,25.481257636637324,11.099999999999998
11.439265764715746,25.48072501863163,11.100000000000001
10.720576658762292,24.58399654962339,11.100000000000001
10.350371063101843,23.39664352492853,11.100000000000001
10.709429764827455,24.887935022200043,11.099999999999998
11.079814720424817,24.440846702846557,11.1
11.808997172038971,24.882925124044327,11.100000000000001
6.682207876851578,26.22957226949571,11.100000000000001
8.153425786240616,24.141760385084176,11.099999999999998
8.143480874338572,25.78168804223395,11.100000000000001
8.14903420261906,25.03524455374936,11.1
5.958965220513161,23.843665612868506,11.1
5.813916807702732,24.53065973012078,11.1
4.1253779,24.588854984076413,11.1
4.1253779,24.736658243995556,11.1
4.1253779,24.29069057458745,11.100000000000001
4.489245969703748,25.033567770502835,11.1
4.1253779,24.88820462219624,11.099999999999998
4.125377900000001,24.736325235859695,11.100000000000001
9.978158703363071,22.352836064558456,11.1
10.349040005018356,22.500036829088728,11.100000000000001
11.441387801636568,22.203656885728858,11.100000000000001
8.884196779391388,23.844784877736195,11.100000000000001
10.711802160280424,23.39573402224412,11.1
11.079830166355142,22.352261703052164,11.100000000000001
5.956648343069596,21.910058510652068,11.1
6.326122087305129,23.395447689119997,11.1
5.5814411900061165,22.351392216540532,11.1
8.512462375391475,23.543501308397854,11.099999999999998
11.078130483932425,23.250479258346445,11.1
7.052070783899275,23.545640255519572,11.1
4.858330918106533,23.093646804311952,11.099999999999996
4.857907170448453,22.503545212357732,11.1
4.853721263905728,22.206978622347595,11.099999999999998
5.580360714537048,22.50149631964039,11.1
7.772760637827153,22.203133553581186,11.100000000000001
4.852479816307868,21.010938319573334,11.1
11.071799493752577,20.266064061960186,11.1
11.08015600786796,20.12000872736604,11.099999999999998
11.813203588966921,19.82051017573975,11.1
11.21562714637449,19.578925226263294,11.099999999999998
8.178233313748958,19.166438988240234,11.1
10.695027737468457,20.414367972613917,11.1
8.51491789,19.369184754939226,11.099999999999998
8.51491789,19.369831055224502,11.1
8.514890494483343,19.372738320649077,11.100000000000001
7.773435583166384,20.274227004437254,11.100000000000001
7.7729088322768245,19.976746574983153,11.100000000000001
9.24411029310664,19.07349331615621,11.100000000000001
4.125377899999999,20.269200704908656,11.099999999999998
5.2141552400857485,20.72181781050512,11.099999999999998
4.85320427698861,20.71244955479209,11.099999999999996
9.611622791499208,20.41648477302273,11.1
4.851740119085093,19.669620404133127,11.100000000000001
4.1253779,19.819131237487323,11.100000000000001
8.51329001187431,18.775421275001953,11.099999999999998
6.310487332860076,17.136251403817884,11.1
7.783847568997327,17.58585926943282,11.1
7.7832487108926784,18.18135669919736,11.1
7.052756106840455,16.98908610849238,11.100000000000001
6.311497503198003,17.43288761549079,11.099999999999998
8.515528617099616,18.479983271102085,11.1
8.514917890000001,18.923238378606655,11.099999999999998
8.51491789,18.924629219043652,11.1
7.783924130384355,19.074406281738295,11.100000000000001
8.514834101540561,18.92456316248639,11.099999999999998
8.179244710898477,19.027522680161187,11.1
4.488428655954494,18.32436758701057,11.100000000000001
9.237551768682815,18.77353405060189,11.099999999999998
4.1253779,18.327108505508576,11.1
5.9429117515862515,18.768368181925656,11.1
4.1253779,18.325987903113596,11.1
4.848015557566342,18.32099790769385,11.099999999999998
7.791667993514453,17.135722624654683,11.100000000000001
8.885588483749686,16.986793316603343,11.099999999999998
7.788066444261209,16.83986434100619,11.1
8.884442712126186,17.137169947751108,11.1
9.985981682229877,17.136937130598216,11.1
9.981719513643128,16.98736053522854,11.1
6.305121895412669,16.69080327,11.1
7.417053903273673,16.69080327,11.1
6.678238789796646,16.690803270000004,11.100000000000001
8.1435414612156,16.690803269999996,11.099999999999998
6.31629401913474,16.690803269999996,11.099999999999998
6.326132135295582,16.690803270000004,11.1
4.487494550297145,16.69080327,11.099999999999998
4.492752783498151,17.286764505168055,11.1
4.492545069584192,16.98875619627402,11.100000000000001
4.486296714452838,16.987982371033333,11.099999999999998
4.1253779,16.839979848706946,11.1
4.1253779,17.285330598244904,11.100000000000003
7.770254369273118,16.69080327,11.100000000000001
6.675389255786365,16.69080327,11.1
6.68681522702846,16.690803269999996,11.099999999999998
6.686936468773363,16.69080327,11.1
6.3125738783545176,16.69080327,11.1
6.313613579603048,16.690803269999996,11.1
7.424407529183582,16.83698985551856,11.1
7.431516420931601,16.690803270000004,11.1
8.5165896696062,17.134275756121433,11.1
7.426273876789502,16.690803269999996,11.099999999999998
6.323571567926474,16.69080327,11.099999999999998
6.691520436785372,16.985908131072794,11.1
12.904457880000004,17.73415547793728,11.100000000000001
12.904457879999995,18.471164327058467,11.099999999999996
12.90445788,18.473704041944302,11.1
12.90445788,18.028197331989887,11.1
12.90445788,18.031507457100247,11.1
12.904457880000002,18.028118926657108,11.100000000000001
6.317124033312067,17.58351194255825,11.099999999999998
7.051852977567387,18.036153882255483,11.100000000000001
7.422192326507055,17.88448802956451,11.100000000000001
7.784404598281247,17.883811619592798,11.099999999999998
7.05100166859829,17.4353189547042,11.099999999999996
7.784695870592509,18.03395972287197,11.1
8.149017195111448,18.037746156188597,11.100000000000001
9.971600430485903,19.3737146598275,11.1
10.33798383547082,18.481773554328477,11.1
10.335776860221763,18.036474147467423,11.1
9.609178855782929,17.740759922756435,11.1
10.335404985345406,19.223026692984345,11.100000000000001
12.904457879999999,20.11657083520714,11.1
12.904457879999999,21.141562208750187,11.099999999999998
12.904457880000002,19.972863379432773,11.099999999999998
12.904457880000002,19.073241858134907,11.100000000000001
12.904457879999999,19.365563482551693,11.1
12.904457880000002,20.097132381765647,11.1
9.968464864873061,20.265127855700296,11.100000000000001
5.955940894467514,21.31055317900517,11.1
8.88016989064009,19.37505818024042,11.099999999999998
5.583532619190803,17.584541544451433,11.099999999999998
6.317247674410762,18.776000711852323,11.099999999999998
7.835462140870698,19.441927175396895,11.100000000000001
9.974903742374249,20.121614112534587,11.1
10.34001301693542,20.1196036692487,11.1
11.066244305737957,19.52469988381908,11.1
11.066587200939448,20.117712749323946,11.099999999999998
10.336787770134954,20.563852118861234,11.100000000000001
11.435822427184274,19.821151455298807,11.099999999999998
12.904457880000002,19.675189188740184,11.100000000000001
12.904457879999999,19.66548434036568,11.1
12.90445788,20.563868123779343,11.100000000000001
12.90445788,23.8446788980689,11.1
12.904457880000002,19.52365322826937,11.1
12.904457879999999,19.97053974623838,11.099999999999998
5.579954648067898,21.756734252042847,11.1
7.051531806138576,19.970047080960462,11.1
9.61769258784356,19.67391531648426,11.099999999999998
7.783977737996803,22.351452688268804,11.1
7.418418474232878,21.60819622491433,11.100000000000001
8.147969070161754,21.753154009922373,11.1
10.346070348480223,22.352446615577954,11.1
10.33501548885454,20.862019046553403,11.100000000000001
10.704653490006587,21.61042473878834,11.099999999999998
11.070514852791767,19.97151905952238,11.099999999999998
10.328769849000626,20.861704025608468,11.1
11.441507261481878,19.520289759876174,11.1
12.90445788,21.607154335566833,11.1
12.90445788,21.315762845877188,11.1
12.904457879999999,20.723654800140643,11.099999999999998
12.542758129042786,21.150698074028696,11.100000000000001
12.90445788,20.865202313863406,11.099999999999998
12.904457880000002,21.305315850245595,11.1
9.247257067630231,24.43929714349325,11.1
8.878751608905151,24.439683130225934,11.1
8.510735478202042,23.69524624175574,11.100000000000001
7.41236676330648,23.54534911898798,11.100000000000001
6.3205164625183565,23.396226551646674,11.1
8.878663484710273,23.843728440356,11.1
9.24752593148482,23.098476101465604,11.100000000000001
10.708513882339386,23.69745868552659,11.100000000000001
11.071987795260089,23.990802566773777,11.1
9.610993644487104,24.29132750486894,11.1
8.879472545184235,24.290858354261673,11.099999999999998
8.51453055517662,24.142014953128882,11.1
12.90445788,23.986778223955245,11.099999999999998
12.904457880000002,23.987508626343626,11.711659496221172
12.90445788,24.14869252480185,15.422364434263661
12.904457879999999,22.800098677286776,11.712807091492813
12.904457880000002,23.84092984196686,11.1
12.904457880000002,22.35097473916357,11.712815398979355
9.976963647425801,27.11917080989724,11.099999999999998
9.619090568380459,26.231187041241107,11.099999999999998
8.147781684131015,27.4200856085112,11.099999999999998
5.9510107666106355,25.633034440396496,11.099999999999998
7.056926663837881,26.823688824116445,11.100000000000001
8.513996033276754,27.26889371729488,11.099999999999998
11.438633451430322,26.22968300746621,11.100000000000001
11.06693135439945,26.079481481794566,11.099999999999998
11.072500055879015,27.56752860082224,11.1
10.343555390770256,27.569879557808523,11.1
9.975414750546706,26.822975099404175,11.1
10.336936023951134,26.81941834355478,11.1
12.904457879999999,26.677488288391896,11.099999999999998
12.904457879999999,25.48313438692733,11.099999999999998
12.904457879999999,27.418914349977616,11.099999999999998
12.904457880000002,25.923059592739364,11.1
12.904457880000004,25.92611348258134,11.100000000000001
12.904457879999999,27.40689869751786,11.099999999999996
5.574695608888669,27.569791051856484,11.100000000000003
5.930305422439087,28.01294072821834,11.099999999999998
5.94560526511603,27.71981460485997,11.1
5.579327990017176,27.719841484831882,11.100000000000001
6.301106471053188,27.569878320666735,11.1
7.772225476787675,27.128168768970323,11.100000000000001
11.064499999169591,27.862979032538078,11.100000000000001
11.445401598854502,27.860164026811493,11.100000000000001
11.43618263037142,27.862515006793643,11.1
11.071264668678065,27.86090561224635,11.100000000000001
11.432761835038123,28.011208671985578,11.099999999999998
11.445537264478276,27.714630086383703,11.1
12.904457879999999,28.307588479523766,11.099999999999998
12.904457880000002,27.571276292472596,11.1
12.904457879999999,27.71599876051568,11.1
12.904457879999999,28.29669593299361,11.100000000000001
12.904457880000002,27.42263546097475,11.100000000000001
12.904457880000002,27.71341186707877,11.1
7.0366215218818935,28.911212133761346,11.1
8.510177169627704,29.059690395844758,11.100000000000001
8.50375578159514,28.912122859320434,11.099999999999998
6.671682594307086,28.911490285317708,11.1
7.048500770641828,28.168143474975842,11.099999999999996
7.4063518080742226,29.059382637535172,11.1
8.138916912194407,27.864828673579847,11.100000000000001
9.610340600786031,28.316134126782707,11.1
10.708711982382226,28.164945109129725,11.1
9.244618561559902,28.165424042964347,11.099999999999998
11.075407995563655,28.462848712289883,11.100000000000001
9.607287133953971,28.315612442377468,11.1
12.90445788,28.469998377026826,11.707753151053899
12.904457879999999,27.743942131876288,11.707881344247816
12.904457879999999,28.033236630605405,11.1
12.904457879999999,28.317565822590645,11.710674693602623
12.904457880000002,28.181554765618863,11.708305641643882
12.904457880000002,28.04149561479356,11.709618029504622
6.680621826644538,27.86221396133688,18.5
8.888832668700301,28.015537593174972,18.5
7.779871886878318,27.121478612455178,18.5
7.048044796331601,27.416183828931302,18.499999999999996
11.078408572367097,28.760890325705468,18.5
8.522292013150036,27.120182789804737,18.5
6.332309888465542,29.20753202,18.5
6.323917564072514,29.20753202,18.5
6.319207355409735,29.20753202,18.5
6.331473363327606,29.207532020000002,18.5
6.690381384251634,29.207532019999995,18.499999999999996
6.32929591865242,29.207532019999995,18.5
8.146925877416718,27.718376558688867,18.5
7.041969329773488,28.169172081837146,18.500000000000004
8.885658127217852,27.419427919999997,18.5
6.680118799565024,28.018065141013146,18.5
7.05438389597556,27.121898947995497,18.500000000000004
11.075839509788159,28.46303054435736,18.5
7.411892180156145,26.973049299753942,18.5
8.157622053324879,26.52757172386822,18.500000000000004
7.786364601041023,27.271929463147924,18.5
8.87901739538782,27.271748033352267,18.5
9.256739646010994,27.41982480564636,18.5
9.250313787348059,26.52707276104572,18.500000000000004
7.4156687657520735,27.270905563416665,18.499999999999996
7.050373332543205,26.675424041414374,18.5
7.414608290903767,27.268761499441492,18.5
6.682165239672068,27.26765275391572,18.500000000000004
6.68537675134698,27.41919784275014,18.500000000000004
6.680280717784262,26.225816491449024,18.500000000000004
5.952718127628862,27.71683598373152,18.5
6.683261997210828,27.121387614159893,18.500000000000007
6.318521722320944,27.567580181813163,18.499999999999996
8.145990055561859,27.71826862906884,18.5
8.149477641861168,27.568292085149583,18.5
7.784654359784261,27.1217359877865,18.5
9.248052165034297,23.694947780194127,18.5
11.809904091593289,23.546157457435026,18.5
9.978306650163713,23.247650240866573,18.5
11.80993904718872,23.545120356745993,18.5
12.174882546082243,23.396091012187455,18.499999999999996
11.079139687010127,23.843521553222615,18.5
6.6938638469814205,26.22435562557321,18.5
7.049065544834482,26.970415982138633,18.500000000000004
6.696472029368527,26.223430371971148,18.5
7.418826917962648,25.33297781400338,18.5
5.956598211678816,26.672241193286457,18.5
6.69293666995728,26.52171067958478,18.499999999999996
7.785179383855537,26.973482683911957,18.5
7.049836921072572,27.41942792,18.499999999999996
5.951093901301972,26.971689625102748,18.5
7.414382824986777,27.270855913856487,18.5
7.415107682603803,27.27066834013843,18.5
6.685079760433471,27.12070616582011,18.5
9.616709417381031,23.098811124665232,18.5
10.715338110117422,23.695842424568127,18.5
10.712926771329169,22.94931903113134,18.500000000000004
10.713252174601013,22.80180729575664,18.5
10.348735888830443,23.396716295145538,18.500000000000007
11.071805538125254,24.738759383800495,18.5
7.0457822326983885,25.333517253469463,18.5
9.247692102630353,24.886892762951167,18.5
6.682569358748624,25.631830710127957,18.500000000000004
7.0498189141031045,25.63165285302144,18.500000000000007
8.517076711256385,24.58800455632329,18.5
10.346093821940528,23.993151374490317,18.5
11.075913896134072,23.0970327274304,18.5
8.88047885724286,24.737547601905614,18.5
11.441859206109617,23.693807906606764,18.5
10.710147564043945,23.993041057530014,18.500000000000004
6.319360095018263,25.33414633801607,18.5
12.172290342857854,24.141697558996345,18.500000000000004
11.811722353267655,23.243290189958596,18.499999999999996
12.536713454456939,23.837903520019243,16.6561982416949
12.173977069068876,23.099706688689302,18.5
11.073681486293065,22.653468496722578,18.5
11.558209652031598,23.979957381907248,18.5
10.350113441231525,23.09893786105064,18.5
6.69184092509263,22.497009188539103,18.499999999999996
8.877232447703138,22.647975794668042,18.500000000000004
9.609896399294431,23.69263931880001,18.5
7.053176349660227,22.949290741311255,18.500000000000004
7.051205219438318,22.055818875581167,18.5
8.144445713244004,23.096800452180354,18.5
5.9530600940265765,23.245506910053443,18.5
9.980450577681326,23.09960898666686,18.5
7.782227604381359,22.65102700872794,18.499999999999996
9.610046465264846,23.395736954024994,18.5
10.344938464942357,23.993099152964405,18.5
11.077136041532812,23.69532046217032,18.5
9.61209284511649,18.92628291936437,18.5
9.976064796927977,18.329968848101426,18.5
9.246062434019663,18.778447875169793,18.5
8.515926081867113,19.075428152413892,18.5
10.709487790365564,18.926117622384552,18.5
7.502576361436197,18.754787759432,18.499999999999993
7.050357875466649,20.565923508561422,18.5
8.147287247547846,23.09796565691959,18.5
7.781045206011706,23.094497269148043,18.5
8.152008333015774,23.547031748706058,18.5
8.875044000107337,22.35154490649504,18.5
8.14772714138541,22.20093316795633,18.5
5.22654587500657,17.436091741545663,18.5
8.517286969106443,22.50530234643695,18.5
9.612700309820736,23.69482632215807,18.5
9.246139241654827,24.29029843674949,18.500000000000004
9.617071662211648,23.847651051051173,18.500000000000004
7.785556956644646,21.60869968877054,18.5
11.809077119283954,20.562948474776967,18.5
11.080587065581732,18.629348625305607,18.499999999999996
8.145723047634586,20.118503072080017,18.5
8.876996465015418,19.075866899452176,18.500000000000004
8.88280629196893,19.222609486468752,18.500000000000004
9.247614004270101,19.966978840415756,18.5
6.316639790433059,19.077767475151386,18.499999999999996
8.144020062135091,19.673535204768367,18.5
9.25083272001157,19.222970244997157,18.5
8.870673757835254,21.904923050601727,18.5
8.883701009678788,18.922954093806403,18.5
6.67928621123966,21.458963452623284,18.5
6.321237404568314,17.883807969594645,18.5
5.587147465339264,18.179800507377028,18.5
5.223584558379729,17.73335424962338,18.5
4.8565988688253885,17.584074060718233,18.5
7.417170456610771,18.478265843198226,18.5
5.586871749754102,17.436078971118192,18.5
8.15989488460361,18.18270674545337,18.500000000000004
8.152336607195698,17.136900885751235,18.5
7.05361746004093,17.73419816212832,18.5
8.152513286863483,17.43591963401134,18.5
7.785687228745073,17.436619951143346,18.5
8.150520366287628,17.882784337568282,18.5
6.6918359509389616,16.69080327,18.5
7.420471248370037,17.281648880338437,18.499999999999996
5.602954956072731,17.428785788107202,18.500000000000004
6.692750774926857,16.69080327,18.5
7.424207664730467,16.690803270000004,18.5
6.6895236562429385,16.83780948350271,18.500000000000004
6.3078920981661035,17.13518657824403,18.5
5.57641452181374,17.283324278452916,18.499999999999996
4.851001341093288,17.727082244022952,18.5
4.851867325398267,17.43125917521907,18.5
5.580033913451068,17.2832296870307,18.499999999999996
5.587264140602278,16.839531071628194,18.499999999999996
5.585984212540288,17.286911629712236,18.500000000000004
8.131760318553932,17.57181199137956,17.892163882265805
6.319852622166325,16.83812977299034,18.5
6.331559579282178,16.690803269999996,18.5
6.68700457855676,16.837873636625947,18.5
6.314556205063256,16.69080327,18.5
10.34137733232234,19.816619065870118,16.037187655941974
7.059801869728046,16.69080327,18.5
10.711212712349816,20.26949607341122,14.797429406631593
9.970364185590249,19.953067687106028,16.046371006550995
8.87787128729743,18.322514698425067,17.88812377922977
10.705108129673052,21.00348207520269,14.807720669932754
12.90445788,19.360154618689418,18.5
12.90445788,18.173069607572234,18.499999999999996
12.904457880000002,18.776829689597168,18.500000000000004
12.904457879999999,19.06186759873018,18.499999999999996
12.904457879999999,18.909351347547453,18.499999999999996
12.90445788,19.359090584290115,18.5
11.441929212087588,23.695275365082598,16.030123572173363
12.227102072049595,23.844811862168445,15.084320533566764
8.877384759283121,18.621718351819077,17.885400913220963
8.880219486063305,18.77475580564827,17.26848729072766
12.5380648705454,22.364369194606706,14.78910733156832
10.348957876091923,20.70365234921642,17.271971039381956
11.441238205204893,18.77478160007637,17.887060246212027
11.074216141475898,18.921922650829263,17.887428778901526
10.341439739996087,19.366965871083316,16.65751284435682
10.342971632990814,18.031752994418863,18.5
10.338876216319578,18.627450108783744,18.5
8.511822119567684,17.138903456376646,18.499999999999996
12.904457880000002,19.37181497381702,18.5
12.904457880000002,19.808664844064168,18.5
12.90445788,20.698958699347976,18.5
12.904457879999999,21.30172702446412,18.5
12.904457879999999,19.822110116103342,17.883912243497775
12.904457879999999,19.82294889498846,18.499999999999996
8.512829735238165,22.501265769907423,15.41822670349837
8.502520523481744,18.481836509108295,18.5
6.681077463264577,20.267450045901104,18.500000000000004
7.77179117048208,20.41245548064489,16.6571214654836
5.584880657321124,19.374838548474912,18.5
6.318300579909051,19.374032054314434,18.5
9.979338364192627,20.56351243459332,18.500000000000004
12.171821287450653,22.35463110520786,18.5
12.904457879999999,20.70958811657723,18.499999999999996
12.177111592861005,22.658070882196697,18.5
12.174846706361974,21.15823559853082,17.887099680895343
11.80823305731734,24.13864660318443,16.039820996108578
12.904457879999999,20.55483659446648,18.5
12.904457879999999,19.66596024373608,18.5
12.904457879999999,20.865445350696497,18.499999999999996
12.904457880000002,19.38620455014306,18.5
12.904457880000002,20.119904258928788,18.5
12.904457880000004,21.160903512321926,18.500000000000004
9.971510802638068,23.097957300447106,18.500000000000004
10.709386749256971,24.289662910908667,16.651512837143287
8.14017787547346,23.837447917764138,17.886177174237726
9.244848116564826,23.24807942784419,18.5
9.248996641242513,23.251236888676903,18.5
8.14606069169433,23.692047336650518,18.5
12.17467305675872,24.59077537266822,17.885689924518005
12.53996900341735,23.54915710506253,16.027388046513877
11.077997204005461,22.94745086136186,17.886577275435755
10.709256348483239,21.90595671801431,18.499999999999996
11.436842286087723,22.19596330583613,18.5
9.98162207322685,22.50022928866148,18.499999999999996
12.90445788,21.595293260932106,18.5
12.90445788,21.753704603771144,18.5
12.90445788,20.269288509366348,18.5
12.90445788,21.915163902937145,18.499999999999996
12.904457879999999,21.905168716758574,18.499999999999996
12.904457879999999,20.5573668119179,18.499999999999996
9.983328824907938,24.138808310734365,18.5
9.982364096536074,23.54638627105528,18.499999999999996
11.072216094034086,23.991435495513667,17.88617722703396
10.346628456421016,23.842420672431786,18.5
10.716269545922742,24.435855896163595,18.499999999999996
11.080904971813844,24.437026492480815,18.5
11.439368498909829,24.137010111596535,17.887760154426648
11.812236483855663,23.2478116035476,17.885921258257806
11.809653688415763,22.946755248481455,18.5
11.440988426359358,23.54314419517342,18.500000000000004
11.443973782399972,23.54519066323728,18.499999999999996
11.803891932856795,23.692909381562995,18.500000000000004
12.904457879999999,23.105070665278383,18.5
12.904457879999999,21.74934052172359,18.499999999999996
12.90445788,24.586600003692393,16.66330457710787
12.904457879999999,24.292901891348286,17.892344929027946
12.90445788,23.847950688110053,17.891648120726714
12.904457879999999,23.095410399215186,18.5
11.810274106045037,27.120452400454482,16.64698080705612
7.419447767799888,27.12221558907667,18.500000000000004
10.34258094974174,27.27040721908851,16.653260526249934
8.884883868721879,26.676614085429858,18.5
8.880300464497632,26.37996679260806,18.5
8.146256272502193,27.271343396503035,18.5
11.076125240549542,26.22931477822375,17.88822436242766
8.516853816659518,26.079582101506368,18.5
10.880747972087976,24.118247178476004,18.499999999999996
11.805252442863075,24.73599995961044,18.5
9.251770302814913,25.03554544535762,18.499999999999996
9.980007561205566,25.036601558413622,18.5
12.904457879999999,25.48069825913409,17.883682108625557
12.904457880000002,24.892051530376147,16.04232452146223
12.904457879999999,22.350837903873668,17.889787956233214
12.544950122309093,24.889717970626975,17.88586161567723
12.90445788,24.58690919681925,17.887602242315058
12.904457880000004,26.822089318905412,14.187120382539415
7.410100721451871,27.270828309435483,18.5
7.500898447831284,27.55738670381629,18.500000000000004
7.780175757479422,27.27156408630867,18.5
6.699269794384612,27.271792937095277,18.5
6.31639712249766,27.12153124622375,18.499999999999993
6.686738965901596,27.271580492492717,18.5
7.414482274727342,27.121789562967002,18.5
8.512678525185093,26.973901644432118,18.5
8.508548714438101,27.418541453906485,18.5
8.874457287257323,26.529631161065584,18.499999999999996
8.144174781327605,26.970740977928457,18.5
7.784977932265051,27.122082720935275,18.500000000000004
12.904457880000002,28.31253210333007,17.88854216612883
12.904457880000002,28.312632406271234,18.500000000000004
12.904457880000004,27.570605718210487,18.5
12.90445788,28.15927281195293,17.88838979765075
12.904457880000002,28.612600147655264,15.427389425621314
12.90445788,28.017051246355386,17.269037023848625
5.579785054105119,28.765345912457455,18.5
6.290023834704953,29.20753202,18.500000000000004
5.939457637502854,29.05948278164108,18.5
6.311199611586851,29.207532019999995,18.5
5.566504811225528,28.91042952990938,18.5
5.946408808918953,29.05939479977593,18.5
11.092749332238037,28.467535298099893,18.5
7.415152702438659,27.569235895884553,18.5
8.52383775121395,28.017331754285586,18.5
11.44523251561405,28.614464921330462,18.5
11.802288965416459,28.911455968871966,18.5
7.430105672832669,28.163930378584382,18.5
12.90445788,28.31571569262218,17.26879618893354
12.90445788,28.61029559312491,16.64269516958027
12.90445788,28.173678973846457,17.288234135728185
12.90445788,28.316152746663562,16.031216259125074
12.90445788,28.31637365470826,14.81544010459701
12.904457880000002,28.760526948362745,16.652029037153575
10.709974910077626,27.86620360320663,11.100000000000001
10.712615756500215,28.614587708572376,11.1
9.61574629078099,28.614365673038947,11.100000000000001
11.44907071481241,28.759452251409847,11.100000000000001
9.609738347789577,28.464453135491077,11.1
11.226163516314324,28.796381665644528,11.100000000000003
8.135134940869495,28.910149537937606,11.099999999999998
6.321056653057707,28.61762674190358,11.100000000000001
7.403531322336493,28.61721948887189,11.100000000000001
7.043701691289121,28.46968226668771,11.100000000000001
7.044038308793795,28.46973690749202,11.100000000000001
7.411109287097464,28.615008326660202,11.1
5.593733134173622,27.71653732222078,11.099999999999996
5.950523668047901,26.67015901548747,11.099999999999998
5.591637592946685,27.720843531545235,11.099999999999996
5.950437772758601,28.16721503323526,11.1
5.585670929610477,28.761798034428104,11.100000000000001
7.048532682927473,28.911477110065334,11.1
12.176658591913824,27.41631414646386,11.1
12.904457879999999,27.270193810202358,11.099999999999998
12.904457879999999,26.677375007453175,11.1
12.904457879999999,26.53076759490397,11.1
12.543702908568795,27.270695172880032,11.1
11.814770380392066,27.123297683498933,11.100000000000001
5.5791737379732185,27.715791796279895,11.100000000000001
7.040661568083802,27.271408932079623,11.1
6.3178328280915075,27.717004305598373,11.100000000000001
6.674769003851566,27.271214335904876,11.099999999999998
6.676040522035023,27.27174014845914,11.1
6.311501328707344,27.271029495068973,11.1
6.3216875480849355,28.01548273241672,11.099999999999998
6.6840421404453645,28.01471132668019,11.1
6.687779858942447,28.312143623335057,11.099999999999998
6.322437881169551,27.270269441664112,11.1
6.681231171368235,28.312383447946495,11.1
7.048755297158795,28.164469966364468,11.1
11.069573089316421,26.376831984118056,11.1
11.067134679385735,26.37774238882026,11.100000000000001
11.435197285015743,25.7838616898585,11.100000000000001
11.442174178452106,26.227463246440216,11.099999999999998
11.444568131933003,26.823729068476645,11.1
11.810674352216415,27.11910455666027,11.100000000000001
6.311428468341251,27.11963282136979,11.1
6.688429492564804,27.12217852044885,11.100000000000001
7.054322484412568,26.813316053526055,11.1
7.034838357203164,26.828439231773643,11.1
5.596112013344278,23.241822314785026,11.100000000000001
5.953314336379442,26.075558221347855,11.1
6.686700878227274,27.270314895429564,11.1
6.687857518550154,27.27016941429243,11.099999999999998
5.579326315770128,25.632841127289527,11.099999999999998
5.951495247060008,26.227654875273892,11.1
5.588395175626459,27.119748883838298,11.1
6.312203674551566,25.928623295558836,11.1
12.540775099936713,24.736329084245668,11.1
12.541056002414585,23.24975505517374,11.1
11.217809338243217,24.805052458831625,11.1
11.077739494562243,25.03395454027761,11.1
11.807718759722706,24.884582496629353,11.1
11.809051455547774,24.884927892043184,11.100000000000001
6.321926655420906,24.43904441813048,11.1
5.5972959070526365,24.287753104280323,11.1
6.688037969613472,23.98828955535423,11.099999999999998
5.590451428434711,22.354941202829995,11.099999999999998
5.593288691822533,22.209392219238126,11.099999999999998
5.96740340447791,23.83824806605106,11.099999999999998
5.222563778506121,24.291297587167215,11.1
4.858055497198244,24.440281652484806,11.100000000000003
6.3222743301266595,24.29150425959074,11.1
5.956647548546033,24.139951528868632,11.1
4.1253779,24.73738914717238,11.099999999999998
4.1253779,24.737283255250183,11.100000000000001
11.804808411393001,23.39231009840513,11.1
10.33735386254026,21.16091509634678,11.1
10.3392279267383,21.90141012576343,11.1
11.802664773098964,20.562346693404574,11.099999999999998
10.69960606386901,21.158100758925748,11.100000000000001
11.078514287782404,21.01192759616468,11.099999999999998
5.9469618194939295,21.30464086143966,11.100000000000001
6.680965993950469,21.308140238833808,11.099999999999998
5.587720522347871,21.902057764344608,11.099999999999998
5.9516190480653,21.60469071412618,11.099999999999998
7.042740317202039,21.306816321206316,11.1
5.811557335782761,21.501276443290866,11.100000000000001
5.226133419552151,21.46665134338644,11.1
5.815943429304667,21.36689300943419,11.100000000000001
5.949342325993005,21.15769941224068,11.099999999999998
5.95009310886269,21.453437386570386,11.1
5.948287991551732,21.304728897592124,11.1
5.946772916000958,21.304058364840284,11.099999999999998
11.077894034405062,19.524002403607046,11.099999999999998
9.608531036144875,20.711757226793303,11.100000000000001
11.801813794100678,19.67324826576239,11.1
11.070202277186254,21.75216603702773,11.100000000000001
12.170251315334424,20.855472572302972,11.100000000000001
9.611838899157956,21.161028210856227,11.1
8.517063458036038,18.77841299327992,11.100000000000001
8.515657658828378,19.716857979907118,11.099999999999998
8.148580664485978,20.715580952717705,11.1
8.8786037433813,20.714731014259073,11.100000000000001
7.783714828070659,20.266886452959774,11.1
7.417873075989359,20.11823792474551,11.100000000000001
5.582125876696372,21.01812970121818,11.099999999999998
7.784019260904538,19.82049193960205,11.099999999999998
5.583462384953256,20.419757477960314,11.100000000000001
7.04491482154836,19.67349564867184,11.099999999999996
5.582178707656226,20.56962346209358,11.099999999999998
6.312196762313945,19.97022163255581,11.099999999999998
11.810720545498421,18.334698497126386,11.099999999999998
11.078636091210358,18.77301972612356,11.1
9.60982588421441,19.081136574282706,11.099999999999998
11.806762392155157,19.37491723992059,11.100000000000001
11.44127618633398,18.330351812415405,11.099999999999998
11.43647405337958,19.672247365267026,11.099999999999998
8.514666919435909,18.92417273085611,11.1
8.14961272070525,18.628326864946093,11.1
7.783822298826674,18.777228245672802,11.1
8.151634229574924,18.926157099555894,11.1
8.880011936662074,18.926489263835865,11.099999999999998
8.51491789,19.223007641106616,11.1
4.1253779,18.91522354590675,11.1
4.85270805269123,18.02865976889343,11.1
5.207451481452917,18.765995500596134,11.099999999999998
6.471857218958014,18.062970938336175,11.1
8.514917890000001,19.224052177746582,11.100000000000001
8.51491789,19.52187713478344,11.1
9.614303757400254,17.137786404115904,11.100000000000003
10.718462112854047,17.13558371409301,11.1
10.715497452371888,17.432779281141674,11.1
11.436158954589708,17.287372047184157,11.099999999999998
11.079772485857394,16.987186092453307,11.100000000000001
10.713958106946437,17.135777004569235,11.1
8.150560687863067,16.69080327,11.099999999999998
7.789125493875093,16.690803269999996,11.1
7.415745638166541,16.690803269999996,11.099999999999998
6.31581507449673,16.69080327,11.1
6.316511897610557,16.690803270000004,11.100000000000001
7.051306925498743,16.69080327,11.099999999999998
6.303094458076089,16.990160441433883,11.1
7.398869772299177,16.840394571633876,11.099999999999996
6.316279992350197,16.988105688557617,11.1
4.487881376354458,16.838471125025325,11.100000000000001
6.313468681412976,16.83984213197172,11.099999999999998
7.412184538028312,17.135644373421638,11.100000000000001
7.034455690372531,16.690803269999996,11.099999999999998
7.034888872519172,16.690803270000004,11.100000000000001
7.046929604476364,16.690803269999996,11.1
7.402720037790847,16.69080327,11.1
6.671849641610417,16.690803270000004,11.1
6.681660025934567,16.69080327,11.1
11.80670373177987,16.987629194201553,11.1
10.701433688101682,17.285099908612313,11.099999999999998
11.075544925905795,17.13922057734497,11.1
10.70663508459804,17.13912310056651,11.1
10.683116780727751,16.987472619815044,11.1
10.338652421213887,16.987916584999905,11.1
12.904457879999999,18.618756032268823,11.1
12.904457880000002,17.88314292307769,11.100000000000001
12.904457879999999,17.884976923511594,11.099999999999998
12.904457879999999,17.737088992736176,11.1
12.904457879999999,18.75891492909298,11.1
12.904457880000002,18.030370458458094,11.100000000000001
7.045677422331163,18.624160322725814,11.1
6.319696508613504,16.690803269999996,11.099999999999998
6.314431848894908,17.134924760358576,11.1
7.0493394410190096,17.732810026260598,11.099999999999998
7.050692517427777,17.13517753307083,11.099999999999998
6.678839213817743,17.135677964363673,11.099999999999996
10.342619448234268,17.430868614788512,11.1
11.809885469488245,17.137726202934342,11.100000000000001
11.073984666489126,17.587835859690696,11.099999999999998
9.60954031559955,18.036191363629314,11.099999999999998
11.440637705114177,17.286656432186813,11.099999999999998
11.074581094847371,17.731276527806934,11.1
12.904457879999997,18.918217288179015,11.099999999999998
12.904457880000002,19.366248360992326,11.100000000000001
12.904457879999997,18.46408359288679,11.1
12.90445788,19.061837150098725,11.100000000000001
12.904457880000002,19.948455840886513,11.1
12.904457880000002,19.064391228105972,11.1
4.853316253406038,21.758262945325495,11.100000000000001
8.147380566983394,18.332206837481447,11.099999999999998
8.509915545111406,19.074289779511396,11.1
8.51453907886426,18.776735428439114,11.100000000000001
8.513613676274028,18.47670777414735,11.1
8.148259005387459,18.329084421005213,11.1
12.537164977874067,19.516932421510557,11.099999999999998
10.692608254131498,19.080107042075113,11.099999999999998
10.700575070061173,19.228511663108584,11.099999999999998
11.059704658719355,20.122862302333825,11.100000000000001
11.444197990785423,18.92600915671592,11.100000000000001
10.69603132664653,19.2300342168972,11.100000000000001
12.171972308746446,19.073636967943813,11.1
12.90445788,20.40566545013537,11.099999999999998
12.90445788,19.66464063850811,11.099999999999998
12.904457880000002,18.181865759066994,11.1
12.904457879999997,19.076020391182347,11.099999999999998
12.90445788,18.77593439286302,11.100000000000001
9.979696056703979,22.213605499005176,11.100000000000001
7.781312973999134,22.94991400507779,11.099999999999998
9.611734082910747,22.94848357716834,11.099999999999998
8.512344005505799,23.84120743000541,11.1
7.780785167527384,21.164877189243693,11.1
9.253446754723283,24.14247175077373,11.100000000000001
11.441239224183485,21.16194269006871,11.1
12.53773298142676,20.71702891069333,11.099999999999998
10.343883063198787,21.31130044123568,11.099999999999996
11.076454367712353,22.64714839463035,11.1
11.444506861051764,19.666611677823056,11.099999999999998
11.808750079768915,20.713845123371215,11.1
12.904457880000002,23.245749825320914,11.1
12.904457879999999,25.650456368870987,11.707207194366475
12.904457879999999,23.994897531654154,12.955822729280994
12.90445788,25.911688926508056,12.933123176632083
12.904457880000006,25.483944769295654,14.185897473912508
12.904457879999997,26.836207957113697,14.199270688807985
5.220143928453399,23.689635137557662,11.1
5.219136214407975,24.139267456438095,11.100000000000001
6.315824774248291,24.28922477923935,11.100000000000003
5.954016645436624,23.841235427698717,11.1
10.351192537326918,26.825510067693237,11.099999999999998
9.250959144493887,23.698522661769623,11.1
10.709214368272175,24.440384628734897,11.099999999999998
12.174136366790233,23.699006797425977,11.1
11.44495112768296,24.138342585764075,11.100000000000001
12.174901914102756,24.141048422990405,11.1
11.810328784380744,23.84675151655071,11.100000000000001
11.438052422117805,25.18217609223378,11.100000000000001
12.904457880000002,26.38089417501157,11.1
12.904457879999999,25.93292370072796,11.713802160876174
12.904457880000002,26.223277486375736,11.099999999999998
12.904457879999999,25.76921165619709,11.7124897022854
12.904457880000002,25.930127977596936,11.100000000000001
12.904457879999999,25.033530447645273,11.1
6.692161815994271,26.377875228928854,11.1
9.24380988702736,23.986974468981145,12.953228400986909
7.413844443693276,27.26860241658467,11.100000000000001
7.047162662756226,27.417688322154632,11.1
6.318382628916251,26.971499939875603,11.099999999999996
5.22356565241229,24.889160353855864,11.1
12.539514672572261,26.824591642720748,11.1
11.809483857577455,25.627812237807696,11.1
12.54096837019864,26.378727153997097,11.1
11.810088582451176,25.62936637689123,11.1
12.539759161355057,25.779894791118263,11.100000000000001
12.173056569494127,25.930122176456067,11.100000000000001
12.904457879999999,26.38321833641015,11.099999999999998
12.904457879999999,27.710993808985705,11.099999999999998
12.904457880000002,27.430172546439678,11.1
12.904457880000002,25.62870469293996,11.7122895936088
12.904457880000002,27.71635566603398,11.100000000000001
12.904457879999997,26.07503885802413,11.099999999999998
5.562936441354562,28.011993079614946,11.100000000000001
5.572789052393766,28.012896431084854,11.100000000000001
5.211783878280649,28.16181883955258,11.099999999999998
6.663929609887725,28.159934994524146,11.099999999999998
7.0399785215127935,28.16479548682909,11.1
5.9345302243555045,27.867425431738035,11.1
9.967120573564475,28.013183322229928,11.1
11.084999491452935,27.71460881270381,11.1
11.430318611200821,27.71299605464708,11.099999999999998
11.081903871304258,27.566937786764534,11.1
11.807191102543724,27.863022436727988,11.100000000000001
11.43327832565098,27.86284738830261,11.100000000000001
12.90445788,28.044479219136058,11.697014434490553
12.904457880000002,28.168004568543644,12.315057907340382
12.904457879999999,27.729131854068463,11.100000000000001
12.90445788,28.325994236759374,11.1
12.90445788,28.319920795093104,11.702119556291827
12.904457879999999,27.587640905217476,11.099999999999998
7.042991654443728,28.912561940556543,11.099999999999998
8.517168729833553,28.912187968445007,11.099999999999998
8.504926475556204,28.614680320678495,11.1
7.4184218118819105,28.76394894910189,11.099999999999998
7.4026139815834995,28.764649499434434,11.100000000000001
7.402914251883461,28.615371951026432,11.100000000000001
7.4184531259991555,27.720280221360056,11.099999999999998
11.081900183708589,28.01369664807048,11.099999999999998
10.338292331514069,27.868438528046614,11.1
11.812544968910192,28.16604647506385,11.100000000000001
11.813627519162571,28.014059859214825,11.100000000000001
10.348089887215144,28.01414373142725,11.100000000000001
12.904457880000002,27.875183220382993,11.100000000000001
12.904457879999999,28.469970265644598,12.939311839982294
12.90445788,28.193952760497382,11.100000000000001
12.90445788,28.76563188097933,14.132327241990795
12.904457879999999,28.184272538304548,12.304109435915134
12.904457880000002,28.482664652564083,11.692642251459349
9.623302640087513,27.86398320667397,18.5
10.357021303227462,28.17005766570146,18.5
11.449811498311899,27.869128902292474,18.5
9.99415396714631,27.5769331648901,18.499999999999996
9.238159218561572,27.266854523528544,18.499999999999996
9.608663194936536,27.417943149043303,18.5
6.31670994062762,29.207532020000002,18.5
6.31469566106898,29.207532019999995,18.499999999999996
6.306068136463255,29.207532019999995,18.5
6.320432468103551,29.207532019999995,18.5
6.315508939322734,29.20753202,18.5
6.688507197042833,29.207532019999995,18.499999999999996
6.31812857783195,29.207532020000006,18.500000000000004
6.68278842484623,29.207532020000002,18.5
6.678278484291579,29.207532019999995,18.5
6.677510608709832,28.910759022709243,18.5
6.31288229612574,29.207532019999995,18.5
7.049738391573135,29.20753201999999,18.499999999999996
12.904457880000004,27.719114878994297,17.2763116857766
12.904457879999999,27.869922236560004,17.88736959123469
12.90445788,26.975127930605204,17.88672500830647
12.542718934569072,27.716903360414896,17.883442377867944
11.80928884724176,27.42109899788232,16.65276933064777
11.809758200575644,25.78237960188775,17.88495958178498
6.687345621779283,27.120980050631786,18.5
6.686135095440321,27.12074340856528,18.5
6.687125528709667,27.12062486935008,18.5
7.417778076943935,27.270935593402076,18.5
6.685050826333664,26.972101586901452,18.5
6.683740223408894,27.123221551873858,18.500000000000004
7.78351365976677,27.56711073853859,18.5
6.320182887335574,28.016004031570155,18.499999999999996
5.9539130702373,27.718682289617476,18.499999999999996
6.319590237803425,28.01619112222331,18.499999999999996
7.417169560312949,27.568958142753488,18.5
7.784524397921282,27.567533589435843,18.5
12.17495257189491,23.84731703735874,18.5
12.176771012330727,24.14186490088825,18.500000000000004
12.172268076920195,24.140666274267282,18.499999999999996
11.440138198914477,24.585933773057786,17.272550212858373
12.539735815160048,26.080373395421127,14.798639074007756
12.90445788,24.888902255273955,16.649754602193628
7.416603531650496,26.971620079437873,18.5
7.416454094077221,27.419427920000004,18.5
6.690693912760404,26.82445321725861,18.5
6.688134907275958,26.824640328229673,18.499999999999996
7.420360488723606,27.419427920000004,18.5
7.416803764972268,26.97313270985446,18.5
5.960619577303199,26.825030718212297,18.5
7.048286592949587,27.41942791999999,18.5
7.047367944673368,27.419427920000004,18.5
6.68582024517271,27.271648311044675,18.5
7.4118927431311254,27.27169776545246,18.500000000000004
7.4129256561174195,27.271673738430703,18.5
12.542169223334295,24.888748847447104,17.889862139936998
12.54219938789576,24.443279021822473,18.500000000000004
12.54119363645042,24.740461157342132,17.888050747363142
12.176757036748988,23.997237273957005,17.27705551367268
12.179496661260531,24.739909384173895,18.500000000000004
12.542338603618807,24.88854934563145,17.88953228727638
8.883583622565496,23.993730227814765,18.5
8.884617997588816,25.036658748882648,18.5
10.713807236013597,25.48001302179015,18.5
9.86646654717772,24.942539388776844,18.5
6.322487223885505,26.67302740342755,18.5
9.98032509123341,24.885923111476075,18.5
10.344007287898572,23.545712742266538,18.499999999999996
9.612722515009036,23.396908645905924,18.5
8.515144262974722,23.248074475681364,18.499999999999996
8.150038438738854,23.39695877419881,18.500000000000004
8.517975865303525,24.43738554761198,18.5
7.781634137387298,22.80079106611322,18.499999999999996
12.538512680800512,23.84287795984139,17.88613053335132
11.808838596906574,23.248664583325514,18.5
9.24574857124477,20.266106983021544,18.5
12.904457880000002,22.055144853415058,16.649231317907645
12.177938220538193,23.406345009374977,16.027692270374246
12.541022314960536,22.95497049750898,17.264698313575167
6.687338236037565,21.458373419930382,18.5
10.33978310544353,23.247323709384595,18.5
8.149177534658666,22.80030768042242,18.5
9.605283444675594,22.798060826889568,18.5
10.20701669476618,23.29614896477915,18.500000000000004
8.143908314441408,22.948258681485925,18.5
8.153652263978497,20.71446440770822,18.499999999999996
8.886350806244135,20.71225117554316,18.5
8.146803934539145,22.799392835394336,18.5
9.612329752451705,22.80013172329114,18.5
8.144741553377198,20.719089978317815,18.500000000000004
8.882688680527563,22.502396911562066,18.500000000000004
11.444153014060673,20.122093593040496,18.499999999999996
9.246148036870327,17.883289660042472,18.5
9.973379089069,18.776773136306453,18.5
11.811307778718023,19.96445984483763,18.5
10.344948829563759,19.968790523994784,18.499999999999996
10.337120704065095,19.222731472066517,18.5
10.343448325222269,19.06426056895713,17.889053590172807
8.883352584913098,19.670174123425763,18.5
9.24785924769952,19.07713434071687,18.500000000000004
9.98162621811939,19.372978630491808,18.5
9.245153696764053,19.225252313734124,18.500000000000004
8.148018704375243,19.52365867309894,18.5
9.978583166813452,19.67030816941847,18.500000000000004
7.775300621726193,18.181389503409882,18.5
8.152515006022844,17.88273560347278,18.5
7.781595465638132,18.032738535481407,18.5
9.61594720715266,17.435213024249904,18.499999999999996
9.612458493630822,18.178819140745247,18.499999999999996
8.518904429867437,18.033777510941377,18.5
10.34175004813536,19.81809786377405,17.883020407394536
11.440905211099695,19.6700687492632,18.5
10.344126998724533,18.926338746085428,18.5
10.341308658520642,18.480176724001304,18.500000000000004
10.34490799858554,18.778201377464026,18.499999999999996
10.344650989850678,18.769531634396717,17.888681787634845
7.047449479924669,18.476778096400402,18.5
6.319467200831612,17.883648750079306,18.5
7.7750113656484405,18.032216529447485,18.5
4.8557871722857335,17.58517921226397,18.5
6.316482760523521,17.88435692028331,18.5
7.414700871406221,18.179347898259913,17.883509271966638
9.604450814175873,18.62262349527631,18.499999999999996
7.7809012389273295,18.028714436005433,18.5
8.172332061965665,18.200464341748585,17.93212897494037
5.587429171179153,17.583884398791206,18.5
7.050929515387849,18.028592465899457,18.499999999999996
8.884997175689245,17.583177654408303,18.5
9.61292474108459,17.882520703749858,18.5
9.983212711999819,20.417603994581942,15.414826684960437
6.687032370477686,18.031486483105937,18.500000000000004
8.884306664607735,18.179011345441378,18.5
12.171837931652643,23.242341730261778,12.335069649694761
7.410960383679317,16.690803270000004,18.5
7.054975838203944,16.69080327,18.5
6.687635317150988,16.69080327,18.5
7.053351714886109,16.690803269999996,18.5
6.687017009214684,16.690803270000004,18.500000000000004
6.692379383233604,16.69080327,18.5
5.2230913496136475,17.287057689097548,18.500000000000004
6.6912335268546865,16.69080327,18.499999999999996
5.952954666946193,17.436970364407923,18.500000000000004
5.953409919413449,16.84006394890831,18.499999999999996
5.222553761113773,17.137140035543144,18.5
6.321778743304634,16.839811780854042,18.499999999999996
9.979030540877217,20.569320865008518,16.027595774547365
8.499219427873495,19.19547468645873,16.671085595375406
7.050151611521049,16.690803270000004,18.5
8.148372919469011,18.46341672874013,17.277351242810333
6.683467788098937,16.690803269999996,18.499999999999996
7.048065207423489,16.69080327,18.5
9.60863853838286,21.453563191748717,14.805311056624708
9.608496079402002,17.581662775269507,18.5
7.789322413649738,17.288413742770356,18.5
7.418386227366705,17.58382441157811,18.5
7.779341928319375,18.165127027779594,17.280296807269337
7.049969643826228,17.282919587734316,18.5
12.904457880000002,18.62632190056975,18.500000000000004
12.904457879999999,18.777037407901716,18.499999999999996
12.904457879999997,18.775560917558035,18.5
12.904457879999999,19.06936461828295,18.5
12.904457880000002,19.812180782958592,18.5
12.904457880000002,20.697529305201403,18.5
10.713153099779783,24.591247465657823,15.414844615434303
7.411308524260268,17.72465914033189,17.888775326743744
7.771612669935169,18.605343586027125,17.28118808883615
7.406050194603948,17.7188313293315,17.89222077980613
8.516782824485889,19.221943524578457,16.651971018347027
7.051632383564119,16.69080327,18.5
10.71023762159622,20.10922377161444,16.042381229046672
10.342968720783968,18.033216827797133,18.500000000000004
12.174366519060351,21.76245426197356,16.64672274879682
10.545574692290899,19.581222253429612,17.35951819068421
10.711755510354504,20.274977172095475,18.5
9.248777603080711,17.736910748056832,18.5
12.904457879999999,18.779385889897597,18.5
12.904457879999999,19.359394681142085,18.499999999999996
12.90445788,18.631455564858435,18.499999999999996
12.904457879999999,18.631968324363132,18.5
12.904457880000002,19.217994986186703,18.5
12.904457880000002,19.81898221236689,18.5
8.512047876641013,20.705724608979313,16.652202022521784
6.685438404952859,18.47831068279222,17.882022614095813
7.414693078536185,18.625048832284524,17.882668955324824
8.885906915008668,20.87463510662481,16.024193756246802
8.512841482842902,20.711030451535343,16.652152877804895
9.601632197717702,21.44458950181528,15.426592319086256
10.706241061538135,20.11370466097528,18.499999999999996
11.440498826234801,20.706757110054603,17.274563695419303
9.97535456130486,18.926262373982155,18.5
9.610414551230145,20.413043930944575,18.5
9.61018862830569,20.55710521724209,18.5
10.341039467261874,19.96765489605181,18.5
12.904457880000002,19.81505229009965,18.5
12.90445788,19.81643713170479,18.5
12.904457879999999,20.25104914945971,18.499999999999996
12.904457879999999,20.110102741834126,18.5
12.904457879999999,20.268167207883256,18.5
12.904457879999999,20.11112000445095,18.499999999999996
8.147434726605603,22.648368903233354,18.5
9.621829701321179,26.678461175776143,14.788443112883456
9.987456740212425,25.63789508990262,14.791714942708094
12.538871068852224,28.613983993632043,14.805077837913725
7.4163850669058125,21.00636852870297,18.499999999999996
7.778199090049457,23.535915835012645,17.27131884711674
11.074485370406531,19.075330535052004,18.5
9.97810718330856,21.31268702805562,18.500000000000004
10.344256651423052,21.610993019056544,18.5
11.802047625233598,24.427509020722024,16.659799179749683
11.073713218245569,25.478858574954987,14.804194118958556
11.434652095992098,21.747600070615892,18.5
12.90445788,21.747405112790545,17.886519307750053
12.904457879999999,22.4937787795113,17.884884700572233
12.904457880000002,21.460297705423244,18.5
12.904457879999999,21.163979631973877,18.5
12.904457879999999,18.927521995829526,18.5
12.904457880000002,20.410786368989108,18.5
9.978025935591639,27.56958144799307,15.419033125727331
7.048673911860826,22.200330387497456,18.5
8.88228371157844,25.62995369876046,18.5
8.15254510310111,24.289442569654994,18.5
7.048501434418385,22.199068439586622,18.5
8.146694483430718,24.438269310193366,17.883228253775897
12.53991556469002,25.033032679814376,17.27246881871374
12.540126305974999,25.036055693846787,16.661230065269603
12.538832950438024,24.885212456588118,16.65436696953653
12.173762087238838,25.02717941091469,17.27921283924382
11.806830989486155,23.397301364610026,17.885892459890698
12.542356466426456,24.886704355693787,17.88896798954107
12.904457879999999,21.45795522740508,18.499999999999996
12.904457879999997,24.290421968875584,15.414382349568045
12.90445788,25.03770500885928,17.88617032347928
12.904457880000002,22.955383718678075,17.88121905281943
12.90445788,24.593605560721258,15.40879516005506
12.904457879999999,26.673700358331118,16.033982299189642
7.411871792320963,26.97066581614613,18.499999999999996
7.413372475692336,26.822913877852848,18.5
8.157744578926721,26.97323150091564,18.5
9.620884130716744,27.418603540058374,18.5
8.148502324575901,26.972726981129654,18.500000000000004
7.786435314563219,26.821574950572998,18.5
7.4171228310259165,24.885772666144234,18.499999999999996
12.904457880000002,27.415071523031525,15.420082452687772
10.348582887446877,26.371659801589438,17.885598025028365
8.50569380226942,26.823567520442175,18.5
10.341518574991088,25.931629622932547,18.5
11.446966148058765,25.63007412568991,18.5
12.904457879999999,27.728135170605828,17.88943838186553
12.90445788,24.735281840990492,17.890084177219954
12.904457879999999,25.3247785262824,17.27268431662582
12.904457880000002,26.22500157049104,17.276593474290085
12.904457879999999,24.0001356149515,18.5
12.90445788,24.30704035270187,18.5
6.326124103176347,29.207532020000002,18.5
6.308869852669565,29.20753202,18.5
5.937018032662897,28.91750119600021,18.499999999999996
6.311690475463744,28.91256005506883,18.499999999999993
5.954165495431647,28.911978718516373,18.5
6.316866122447248,28.61904039004224,18.5
9.620449546342629,27.420034201392262,17.265603113820656
7.053998816637369,26.97335505959063,18.5
6.681803610210972,26.67391880146412,18.5
7.774546703576065,26.82443338648982,18.5
9.978239194154634,27.27184862204507,17.884473850368586
8.50441528506331,27.270698225413984,17.88380211229821
12.904457879999999,28.31499518606686,17.895448428450894
12.904457879999999,28.460657853739946,17.89020537152531
12.904457880000002,28.175468933245483,18.500000000000004
12.904457880000002,27.86351420569987,18.5
12.904457879999999,28.00772629714821,17.285050504324662
12.90445788,27.873308286799972,18.5
6.301072172915468,29.207532020000002,18.5
5.944122456239154,28.913735637009488,18.499999999999996
6.302226005501211,29.20753201999999,18.499999999999996
5.582264623166522,28.620845943397573,18.5
6.6532789879669,29.207532020000002,18.5
6.309134644306177,28.465128869054958,18.499999999999996
7.048717449630529,28.01845112955538,18.5
10.715551659412068,28.166898299284657,18.499999999999996
9.97810210508516,28.163255956634696,18.5
11.814839525827713,28.316411533417888,18.5
11.446507253857952,28.614608934836422,18.499999999999996
12.168775989095785,28.759879531491265,17.874717478603674
12.904457879999999,28.32208195946546,17.89372983193338
12.90445788,28.319644141549276,18.5
12.904457880000002,28.180854555487652,18.499999999999996
12.90445788,27.87769067786598,18.5
12.904457879999999,28.168078091187624,16.671476314767226
12.904457879999995,28.32411217010683,18.499999999999996
9.247056238703152,28.465083742122076,11.099999999999998
8.506131987270702,28.16854140425703,11.100000000000001
7.770132524061259,28.31198375010706,11.1
8.151907992344574,28.46599344965186,11.099999999999998
9.24486966618048,28.61518303906186,11.099999999999998
9.242638509664657,28.61246192109759,11.1
6.689949412350356,28.621457835752736,11.1
5.9659190754124545,28.471771817291767,11.100000000000001
5.970384558365739,28.47428853471812,11.1
7.4112755196966456,29.060706719542644,11.1
5.957105043828239,28.32414301610402,11.099999999999998
7.404503257731728,28.767315397207966,11.099999999999998
5.5790981137494065,27.717053111637078,11.1
5.224257876578222,27.423309546196258,11.099999999999998
5.2201729515356785,27.720552328887607,11.1
6.315911421912026,28.468380107655335,11.1
5.9494177312706285,27.87192775164387,11.1
5.220989314246362,27.723489380076536,11.100000000000001
12.17622421563654,27.270646129890324,11.1
6.689480946051272,27.420296377024684,11.1
8.146498024838937,27.864081661259664,11.100000000000001
6.679508137340502,26.97444644167335,11.100000000000001
7.776167861833937,27.569234777000553,11.099999999999998
8.13422095697674,27.864157004466644,11.1
5.221320540533751,27.270257769344667,11.099999999999998
6.309713416675851,29.05917593079339,11.100000000000001
6.317151308579197,28.4670887390578,11.099999999999998
5.596051968305239,28.469028543032806,11.1
6.31757355593048,28.023815561364835,11.1
6.683873738453151,29.058930744599994,11.099999999999998
4.125377900000001,26.6743363217587,11.100000000000001
4.490961402682661,26.67680556729865,11.1
4.8620821460833685,27.56970897170942,11.1
5.220388045344312,27.121116516730456,11.099999999999998
5.2078898321655505,26.22133503046294,11.1
4.849632948779442,26.668502210265608,11.100000000000001
11.440345450417908,26.97132270711048,11.1
6.682175308671237,27.123819819320342,11.099999999999998
8.515780885726432,25.782231755578476,11.099999999999996
9.24348900756033,25.78283390678053,11.1
10.707298859910114,26.37327916012361,11.100000000000001
11.0695864255254,25.48179034310101,11.1
6.3281155794798245,28.022419768778285,11.100000000000001
7.050821427499512,28.16121524731993,11.1
5.955288691914455,27.866963001457137,11.099999999999998
6.317976044747496,28.01787761724112,11.1
5.955947730732017,27.564398819340635,11.099999999999998
7.053110497196302,26.96979532700975,11.1
5.943204251180955,26.969205482334107,11.099999999999998
5.583136289623296,27.271303123397686,11.1
4.489538927720933,26.37127737771241,11.100000000000001
4.490637257850926,26.372390692407507,11.100000000000001
4.848250363465759,26.368795364905978,11.1
5.574052918424471,25.926211215226353,11.099999999999998
10.713600201188129,23.995775245252418,11.099999999999998
8.503144928341591,22.79729206924395,11.100000000000003
10.35086482568005,23.39606158166277,11.100000000000001
8.879990862590205,22.203209770589684,11.1
9.971313736639816,23.986981941669022,11.100000000000001
9.977913173252897,24.142230681632654,11.100000000000001
6.695334614263356,24.438019421139796,11.100000000000001
7.785136491607448,26.522025756679852,11.1
5.959431022400924,26.37440110978143,11.1
7.056515990039205,23.401988894521295,11.099999999999998
6.308676122485959,27.713130524819906,11.099999999999998
7.048037269359343,24.734631757731947,11.100000000000001
4.487026654530135,25.182701434323803,11.1
4.491606186007061,25.03141726722368,11.1
4.485953884478468,24.886596998287143,11.1
4.125377900000001,24.73918147029596,11.100000000000001
4.488704138103618,24.586174562156287,11.100000000000001
4.1253779,24.43867991343286,11.1
10.336943847257935,22.19782142592763,11.1
10.338317269978464,20.71529410477513,11.099999999999998
7.174227268789367,22.331685911143374,11.100000000000001
8.878281632823047,21.01250036655816,11.100000000000001
10.34912023542181,24.73733349117012,11.099999999999998
11.077461104563366,23.692898610113605,11.1
7.040015929896879,20.861106550765147,11.1
7.4250482703175305,24.44873903059427,11.099999999999998
5.964468207780723,23.407686566889094,11.099999999999998
8.145545694491581,25.037960502920168,11.099999999999998
6.70213515592781,24.15067700691189,11.099999999999998
7.061530120544251,25.925561521615343,11.1
4.490924130337383,23.540049733987832,11.099999999999998
4.1253779,22.955888179867948,11.099999999999998
4.1253779,23.995806275544215,11.100000000000001
4.1253779,22.94996778688033,11.1
4.1253779,23.249779421129546,11.099999999999998
4.1253779,21.897347761174416,11.1
10.341370519472301,19.373983397480107,11.100000000000001
9.244101893732942,19.223548064465625,11.099999999999998
8.517043836382456,19.077488566218467,11.099999999999998
10.341091399559179,19.225545621017993,11.1
8.882384088520986,19.075521428898192,11.099999999999998
11.808043913895622,19.523366130633647,11.099999999999998
8.177839185670711,19.992097885532107,11.1
6.6806888450184125,19.07932652898556,11.1
6.669300550918068,19.982089129444365,11.099999999999998
5.579155678946161,19.68541693849704,11.100000000000001
6.310370022483467,20.273968338834372,11.099999999999998
6.675482682926141,19.681704142777363,11.1
4.4903100768019435,21.453042368052856,11.1
4.495185654233323,21.311552080484503,11.099999999999998
5.2280528290678605,22.64755672421335,11.099999999999998
4.860570202378884,22.053313274257572,11.1
4.492795433162257,21.75733026261614,11.1
4.494378335120372,21.460874689596785,11.1
7.409962035291015,17.731289883641338,11.100000000000001
8.140069444623947,17.43505526944056,11.100000000000001
7.051692931136264,16.839662899990156,11.1
8.143301615071305,17.582599153123144,11.100000000000001
8.140812362219009,16.989066503261935,11.099999999999996
7.77131608638012,17.285850009556466,11.100000000000001
4.855503227962177,16.690803270000004,11.100000000000001
8.5145691107369,18.627070606663125,11.100000000000003
7.785928038074011,19.07224659841486,11.100000000000001
7.7859265490165654,18.478797653092037,11.100000000000001
7.78354995170235,18.02999638455131,11.100000000000001
7.783784236548162,18.180120105962153,11.1
4.490332681048104,19.223880501413493,11.100000000000001
5.222566608506138,19.81685026960998,11.099999999999998
4.852854358085345,19.36739777871327,11.099999999999998
4.846493717137157,19.210215418670714,11.099999999999998
4.8551966630173204,19.814879676501757,11.1
4.852249195756567,19.21271331228016,11.100000000000001
7.046410660573194,16.69080327,11.1
7.7841572973083055,16.69080327,11.1
7.776027782789431,16.690803270000004,11.100000000000003
6.6786047794212955,16.69080327,11.1
7.412471260106427,16.69080327,11.1
7.776494397673076,16.69080327,11.100000000000001
7.409203825299474,16.690803270000004,11.100000000000001
6.68042674348451,16.69080327,11.1
7.0453815841938345,16.690803270000004,11.1
7.056827319784432,16.690803269999996,11.099999999999996
7.048658788726852,16.690803270000004,11.099999999999998
6.32234590204938,16.69080327,11.100000000000001
5.938501775081791,16.69080327,11.099999999999998
5.214799645005488,16.987864732089104,11.1
5.577915373480556,16.986715868769952,11.100000000000003
5.570513391179792,17.432398069876637,11.1
5.567510076244625,16.98816460098698,11.1
5.93031532059225,16.985834733020003,11.100000000000001
6.3240180437935045,16.690803269999996,11.099999999999998
5.211153264596112,16.83744826492244,11.099999999999998
5.585046769505768,16.690803269999996,11.099999999999998
6.3262236777894145,16.690803270000004,11.100000000000001
5.585042664341225,16.69080327,11.1
5.578729744853867,16.690803269999996,11.099999999999998
8.502608688199292,16.69080327,11.1
6.681961756653071,16.69080327,11.1
7.056686739649733,16.83842637521306,11.100000000000001
7.054579889300051,16.690803270000004,11.100000000000001
7.395316739894857,16.69080327,11.100000000000001
7.784402197899258,16.690803269999996,11.099999999999998
12.182056626735466,17.582116088347952,11.1
12.90445788,17.733833733409817,11.100000000000001
12.904457880000002,17.876556508316796,11.100000000000001
12.544370962720254,17.72868835021662,11.100000000000001
11.092625956212785,17.138344394201177,11.1
12.904457879999999,17.87654812574508,11.1
5.5839691686540585,19.516850341209796,11.1
6.31276592598919,18.17639324549903,11.099999999999998
5.567792073216439,18.612710765837864,11.099999999999998
7.038927572652681,18.62159139264718,11.1
4.1253779,18.769621738159053,11.1
4.487315427106232,18.02563639807418,11.1
9.611332316868557,19.22632031993866,11.1
8.151453711156211,18.338582589891516,11.100000000000001
8.149012653958165,18.033661194044047,11.1
7.78522581501943,17.884299270968107,11.1
7.785593027556958,17.587676333264845,11.1
8.150305668740348,18.483760125209297,11.100000000000001
12.536323366447693,18.181604298820833,11.100000000000001
12.541193784667652,18.029616862082836,11.099999999999998
12.904457880000002,18.17185662486538,11.100000000000001
12.54258358439267,18.467691487060158,11.099999999999998
12.904457879999997,17.875310654917037,11.1
11.812286764525469,18.031789558228393,11.100000000000001
9.189294943656826,20.270615684392347,11.100000000000003
7.0435567139626745,20.866209224790676,11.099999999999996
4.489149890887479,20.27409790241515,11.100000000000001
4.488318142648598,19.06826311666574,11.100000000000001
4.1253779,18.771645899764707,11.1
7.048886570928969,20.8604322379527,11.099999999999998
10.342210122331917,19.673141341294077,11.099999999999998
9.242072936543373,20.419397183146877,11.1
9.246863359069495,19.822508360356522,11.099999999999998
9.185941126407961,20.54298027597713,11.099999999999996
8.51732121054952,19.22378519349433,11.099999999999998
9.242975989039287,20.565440980269248,11.1
12.171875175969678,19.667379463075704,11.100000000000001
11.805204153327265,18.778373031020205,11.1
12.53543365333752,19.082137835627584,11.1
11.807036180910583,19.074592860626574,11.1
12.16614711767509,19.82484168165175,11.100000000000001
12.52958210264322,19.22689545969894,11.1
5.221501448702277,22.352864872048933,11.1
4.125377899999999,19.6579436631259,11.099999999999998
4.850596573398127,20.120631219231697,11.099999999999998
4.490887828252694,19.663581986206044,11.099999999999998
4.488497351049325,20.120437529613078,11.099999999999998
4.854368995881039,21.009691737339207,11.100000000000001
8.87762817216976,21.908417682227032,11.1
8.517049339884936,21.459781686960003,11.099999999999998
9.61265623615704,21.75708252118584,11.1
11.068250804386109,22.19483993308139,11.100000000000001
8.88185078184325,21.758781220298054,11.1
10.70701757361902,22.2041494349898,11.1
12.904457880000002,21.749346241584778,11.100000000000001
12.90445788,21.743945394381484,11.1
12.904457879999999,22.93392968901677,11.1
12.54124043305076,20.715030537251955,11.1
12.90445788,22.936197530466117,11.1
12.904457880000002,23.094116834189947,11.1
6.309052252034448,23.397704952545645,11.099999999999998
7.043467266933114,23.245314607867783,11.1
5.218169424982507,24.28279985749596,11.099999999999998
6.684252524703263,23.39442809327743,11.1
5.956612523803308,23.24386176741843,11.1
7.5008605150606895,23.42789688999337,11.099999999999996
8.51346044612464,24.288949500100607,11.1
8.878218799458768,24.8829480742992,11.100000000000001
10.341237344820025,24.43924533959194,11.100000000000001
11.073510784015046,25.035584165370725,11.1
9.24337815777427,24.88708682706345,11.1
9.976292220227112,24.88708399754379,11.1
12.174734465538506,22.05792691762174,11.099999999999998
12.904457880000002,22.503823557350024,11.099999999999998
12.540804116458057,23.689767695043773,11.1
12.904457880000002,22.355637406057696,11.100000000000001
12.541416088319426,23.394075842253933,11.100000000000001
12.904457879999999,23.98778672183068,11.100000000000001
5.951373691335635,26.973027891320577,11.1
4.855937748896721,26.07663708722837,11.100000000000001
5.948193176573239,27.121769631144847,11.099999999999998
5.58745136905508,26.824887289148887,11.099999999999998
5.944660161566718,26.076239091403476,11.099999999999998
5.949283649667455,27.12089376232889,11.100000000000001
9.981169637220557,27.570522705796982,11.1
8.509243814990562,28.018018237449184,11.1
8.51438256183681,28.31365922494451,11.099999999999998
10.70635424930143,27.424358835752187,11.1
11.074643121929103,28.316672376100904,11.1
10.705532870292846,28.166121627109447,11.1
12.90445788,25.484912091232438,11.1
11.89500636460379,25.492929850922806,11.1
12.173289030134951,25.19284683456452,11.099999999999998
12.538096911990241,24.733643545394415,11.1
12.54166365241877,24.894471473436514,11.099999999999998
12.90445788,25.487925035298908,11.1
5.590540622234961,27.125416821030072,11.1
5.2205775598317175,26.97049055752924,11.1
6.676112476706537,28.016501070044736,11.1
6.325561189427847,27.86714082735615,11.1
5.585947405161838,28.01553404669724,11.100000000000001
6.312629900913062,27.721676199232395,11.099999999999998
6.294009041233971,28.164016461914645,11.100000000000001
9.243892316903732,27.567786063410843,11.099999999999998
7.780144225854479,27.864406912950173,11.1
8.499368946842164,27.715370210199886,11.100000000000001
5.931212249906326,27.866980642979158,11.100000000000001
7.777878165300631,27.57159787019907,11.099999999999998
12.90445788,27.42706415169483,11.100000000000001
12.54531723545483,28.16140230370505,11.1
12.540790043161683,28.16121341419457,11.1
12.541286894805458,27.87121646327728,11.100000000000001
12.546137924063984,28.151250080616983,11.1
12.904457879999997,27.71986415323054,11.099999999999996
6.308905163641225,29.059918508994844,11.1
6.311712992802256,29.059636823489146,11.1
7.399837070793257,28.912102202383526,11.1
7.403604208427705,28.911854651542594,11.099999999999998
7.411914652481819,29.059253843213195,11.1
7.7637529365704,29.05957490378575,11.099999999999998
8.863165666382839,28.316035250049676,11.099999999999998
7.774787891175638,28.461601121493825,11.099999999999996
7.042713792138882,28.61261953940859,11.100000000000001
6.310990757585309,28.315935967199337,11.099999999999998
6.674707977025209,28.16604223165249,11.099999999999998
7.781345015686894,28.31500490047669,11.099999999999998
12.904457880000002,28.17481953044681,11.100000000000001
12.904457879999999,28.024232152533273,11.099999999999998
12.178855917224832,28.016478896608657,11.099999999999998
12.904457880000002,28.17833480474704,11.1
12.90445788,28.164113100263947,11.100000000000001
12.904457879999999,27.737080033591447,11.705181966017838
6.669323137224806,29.207532019999995,18.5
6.317032093956026,29.05993397392703,18.5
5.944900195473747,28.019297504545413,18.499999999999996
6.6763715120962015,29.05946716158177,18.5
7.047134521435049,28.61488987148239,18.5
6.6782222377262315,27.867600110842243,18.500000000000004
6.331871346358511,29.20753202,18.5
6.329244299768572,29.20753202,18.5
6.329253056044761,29.20753202,18.500000000000004
6.317453526338682,29.207532019999995,18.499999999999996
6.317707451074256,29.207532020000002,18.5
6.3176709475781525,29.207532019999995,18.5
7.053107068786069,27.71688550445467,18.500000000000004
7.783360194149254,27.567588435171984,18.5
7.055889685824989,27.715933536548057,18.5
6.685428686698662,27.867175174062446,18.5
7.781780586812617,27.716993683520904,18.5
7.054892502532059,27.419427920000004,18.500000000000004
6.314331183624407,26.52395332277174,18.5
8.140467217182078,27.418814356668282,18.5
6.6815542046181395,27.270530056694888,18.5
6.323580973307102,26.97116538926633,18.499999999999993
5.584856625418682,26.82055925689464,18.5
7.772710657058271,27.26985470913709,18.499999999999996
7.419171389499747,27.568371499676264,18.5
6.3154805333861805,29.20753202,18.5
6.317310944307119,29.05958509278909,18.500000000000004
6.316818079468856,29.207532020000002,18.5
5.95507655635587,29.05935035469885,18.5
6.31592032220488,29.207532020000002,18.500000000000004
5.952911364353241,28.01725027701369,18.500000000000004
7.052046058098002,27.569072788245165,18.5
7.414437252955818,27.568974554041564,18.499999999999996
5.587825955991333,28.01655552497185,18.5
6.685116711924502,27.420816912895962,18.5
7.412278002072355,27.86485050719341,18.500000000000004
10.703925382140694,24.740945431106248,18.5
7.417488826262062,27.120447113616493,18.499999999999996
7.413019993634846,25.779643885547465,18.500000000000004
6.328599998156799,26.529459748495412,18.5
7.049519847076548,26.674146013879394,18.5
6.31887346837236,26.37411781945605,18.5
7.051874848699261,26.673975204584742,18.499999999999996
7.416150107269603,26.9712406472134,18.5
7.415925789368691,27.119971320878193,18.499999999999996
7.048480797378058,25.929480574828812,18.499999999999996
7.048576536594362,26.07742451643211,18.5
7.4158932273811935,26.822509012733363,18.5
7.773273610107514,27.419427920000004,18.5
4.799822464372642,26.730616852016492,18.5
6.3181349518038665,27.419427919999997,18.5
6.685856594331963,27.122541487536225,18.5
5.21396909426466,26.52693226508096,18.5
8.881542513950913,25.481172167867896,18.5
12.53766521269972,24.14248281616742,18.5
8.517181203673635,24.80646575900401,18.499999999999993
8.888768837985497,24.291048794832548,18.5
8.150489799346369,23.39639174842886,18.5
8.155280647159945,24.2886438889685,18.499999999999996
7.784635618459001,24.28892671263259,18.5
8.142580548856465,26.525974345052106,18.500000000000004
5.584345578904967,25.632534950350095,18.5
5.957284174370418,25.928050019024987,18.5
7.051078864778655,26.225536516193273,18.499999999999996
5.953106985850882,25.630880998825404,18.5
5.9521669500832015,25.92957576518281,18.5
6.6825807649358,26.525084476799798,18.5
9.613996954871304,25.33390703615874,18.5
8.153078623664644,25.334651531339016,18.5
7.047800248077899,26.672442252422385,18.5
7.04796026276509,26.820659400764246,18.5
9.86752414331277,25.49315644990203,18.5
10.708267209763882,23.84322162503716,18.5
11.548592752065355,23.29220660819179,18.5
11.892804670132776,23.570247934810432,18.5
12.173651843520473,24.138404325469995,16.039317200796347
11.81146455808617,23.84035084193846,17.268321279520006
9.974989371829398,22.799678671597626,18.500000000000004
6.683118327089357,19.970687802528953,18.5
6.682459498722278,20.86419290660615,18.5
6.315672681145111,21.461263496494613,18.5
6.682075085578164,21.45384723509894,17.886506988909147
6.685619448308673,20.118314273753803,18.5
6.682244727717882,22.80280713257994,18.5
8.870915482277319,22.94696315067433,18.5
9.978227764210308,23.69462237925284,18.500000000000004
10.344453974261711,22.80015578790115,18.5
9.607816241463217,22.948850255096886,18.499999999999996
10.337199863716403,23.84220212523605,18.5
9.61445085035195,23.544907755995503,18.5
9.985452769830788,17.73732547637329,18.5
11.074834436944677,19.51510723047885,17.273748319381205
10.341662820846052,18.33074182026866,18.5
7.788000593246657,17.43525398505954,18.500000000000004
9.98186758266411,18.178607811766863,18.500000000000004
9.607567158507319,17.881427512193724,18.5
7.419291692504594,20.119071294246638,18.500000000000004
8.150775359424733,20.56398574327423,17.265657935512763
7.422928872098945,18.926420861172133,17.88153116139976
7.419772894957347,21.75725677764536,17.266226761266793
7.422789888927483,18.929406556044256,17.8800917665216
9.60963175980821,21.302365818094255,17.268701835903236
8.532513325406768,19.02724226260216,18.5
8.529774894644937,19.816821485829884,18.499999999999996
7.781591807229262,20.862545223017953,18.5
8.874801792669665,22.201659036403512,18.5
7.4142401348297895,20.122405061133723,18.5
8.509743410912343,20.56644452572729,18.500000000000004
8.514594943229959,18.33114539625179,18.5
10.708224107613567,18.62783832322207,18.5
11.435194428165875,18.0324213058726,18.5
9.614803125292147,18.0334382168666,18.5
8.883082919402096,17.884054544014973,18.5
8.51556298428893,17.584541561178536,18.5
8.875483362577924,19.053241626750808,16.666497354597727
5.955085737779118,17.138985191060645,18.5
6.317693356112542,17.288430117421427,18.500000000000004
7.416981698607666,19.07038844191793,18.500000000000004
5.593238433837608,17.138019682156497,18.499999999999996
8.509658557945407,18.326378464140692,17.88582129000537
8.145608602413485,17.73396498280028,18.5
5.585677092146201,17.43585767511488,18.5
7.049116241099468,19.070632988788525,18.500000000000004
6.320953769621476,16.988484610661647,18.5
5.5971907979665465,16.839172606781307,18.5
6.325163724035068,17.432677949627408,18.5
5.952880080146516,17.58522615959756,18.5
5.231477898282955,17.43510533582237,18.5
5.954746037909248,17.88145431737608,18.5
6.3173629971808865,17.13591659726154,18.5
5.95475494445128,17.585412244799127,18.5
6.322253822519425,17.733820337954604,18.500000000000004
7.053345896539122,16.690803270000004,18.5
6.691585259651294,16.69080327,18.5
7.056621913662287,16.690803269999996,18.499999999999996
6.688012769495995,16.69080327,18.5
6.686880379949642,16.69080327,18.5
6.692159382507582,16.69080327,18.499999999999996
4.489223948701695,17.582898695383996,18.5
6.319890055077044,17.28716696774632,18.5
5.952300413720301,17.586114313457433,18.5
6.686586502274686,17.435991673257618,18.5
6.318296958067384,17.437024632939043,18.499999999999996
5.962885986309449,16.838078119195426,18.499999999999996
5.221252764465818,17.28563969264404,18.499999999999996
5.95243248264717,16.839696422591274,18.499999999999996
6.321086571761267,16.690803270000004,18.5
6.320898551939352,16.69080327,18.5
5.952130284616453,16.839848136478075,18.499999999999996
5.953852827151165,16.83973928202912,18.500000000000004
7.40905457550576,17.426874661365936,17.890759377852973
7.042623789740717,16.690803270000004,18.5
8.498634426000757,19.79057244985043,16.05610272065206
8.146176282174894,18.172635147300603,17.27349916674712
8.131208163517268,18.162401405863427,17.281969555724622
7.0492268529459325,17.28027095548639,17.890127670097176
12.904457880000002,18.32953909588281,18.5
12.177986047989325,19.66759594861318,18.5
12.904457879999999,19.964191388356472,16.041662096573358
12.177039725826962,18.625161575654563,18.5
12.904457880000002,19.968751079150532,18.500000000000004
11.805221438756757,18.62787811895659,18.5
6.6879816956256155,17.586460726526735,18.500000000000004
7.049874079271698,17.58540050754552,18.5
7.783108590052379,17.735138640073995,18.5
7.415148896122381,18.628618620912917,18.5
7.051181960402883,19.071261783513968,18.5
7.41693245298538,19.366984023992323,17.272683786042194
9.97628316632472,20.999429518673978,16.042664345149426
8.146084241871893,18.62648984034631,18.500000000000004
8.879207517198013,21.158192179972847,16.65154237821562
8.149419957497718,18.630613917816348,17.87972176230255
5.952205655940256,17.883658746034413,18.5
7.415216730817975,18.628394899626066,18.5
12.541003270904179,19.363160891001257,17.891561887169555
11.80998194085856,19.518691281596126,18.500000000000004
12.1728590914203,19.81004262295371,18.5
12.90445788,19.665691559400173,18.5
11.444088992230974,18.92815458532636,18.5
12.541073763667528,18.628237857102725,18.5
6.313576039596128,21.604064216960438,18.5
5.9527778046621265,19.96989504741529,18.499999999999996
5.9518999455288295,19.969418036848314,18.499999999999996
6.316814025549979,20.11843020508937,18.5
5.2188568200606325,19.822167540682067,18.500000000000004
6.3195961739192725,20.118230757658562,18.5
12.170053625684194,23.692792594134716,15.41451290264118
10.705495390702891,19.82011768203872,17.883588077363584
8.892894763305234,19.66499386462772,18.5
12.173361750855545,24.441508614227626,13.565486176402299
11.440526385108758,19.37493805128253,18.5
11.441146747919191,22.949113074506318,16.034622821722287
12.174350527584448,18.77705591084989,18.499999999999996
12.90445788,20.109396587710656,18.499999999999996
12.904457879999997,20.702821136029648,17.275231512194576
12.904457879999999,19.66867294796871,18.5
12.904457880000002,20.54817677498111,18.500000000000004
12.539220892131524,18.478974265470054,18.5
8.519551162474842,22.055767008044413,18.499999999999996
9.249157757617864,23.396875424439504,16.6500759550802
9.972772291229798,22.647963134811874,18.500000000000004
9.98147182519548,23.396309632753958,16.650909584830526
8.149617229469012,20.71258009306948,18.499999999999996
10.714708003084235,23.251260230494317,16.64618449939629
11.810836629959645,25.633709079384627,14.797539725986136
9.97719721475585,22.949791246107736,18.500000000000004
11.808787466021256,25.1825271051626,15.417344835969555
9.250812585556426,22.799205031083268,17.88539646990298
11.44344023583844,25.33363089694337,14.80145806645111
9.983615663263647,24.141445790962063,16.034588940502893
12.532769819305555,24.43093854084484,15.429628672237225
12.175779691771732,21.914103116722877,18.5
12.540466167248601,21.6088642316114,17.885216757693772
11.444918309101947,21.463803582479994,18.5
12.904457880000002,21.311275750809806,18.500000000000004
11.805333809197178,20.859184592190772,18.500000000000004
7.788335196427452,25.185663564296085,18.5
10.875943887555525,23.844213609930033,18.500000000000004
9.61288969824085,22.8015012973027,18.5
7.785124391329947,25.333139254696103,18.5
9.617785822729033,23.54531663677497,18.5
8.150456343911362,24.591784165948134,18.5
11.443706552950339,25.63259188958377,17.2716527559783
11.895109221796512,25.772483139565978,15.65136165334113
10.347247195364103,24.13925314155285,16.652554960805723
11.083557909139719,25.63242846691417,17.269386233837537
10.343417490106075,26.37568251365335,17.886232385088572
9.9795235452671,22.500204139884936,18.5
12.904457879999999,24.441910372284504,16.659089179196478
12.904457880000002,23.998033597549473,16.653817267186643
12.90445788,27.131484701409132,12.32993011752043
12.90445788,24.138416443153815,17.88739235900032
12.542486493921437,23.848145268621664,18.499999999999996
12.904457880000002,24.00416437951896,16.038244751818333
6.682809432021759,26.672218791731254,18.499999999999996
7.0391257544170385,26.672746569841443,18.5
6.688259947668261,26.52752056463921,18.5
6.680291110858338,26.375966021548177,18.500000000000004
6.685616789423496,26.37968176068745,18.499999999999996
6.674473287805171,26.52302447526553,18.500000000000004
8.149186698530862,26.077873779488026,18.5
9.249824559310213,25.1855937827156,18.5
8.149808512567137,25.779033647530298,18.5
7.049001609891079,24.888466539198156,18.5
7.780750850051886,26.525742799386276,18.5
8.145375779202679,25.482875117383095,18.499999999999993
12.904457880000002,26.07100390907639,15.442615292547428
12.904457879999999,26.222297632931387,16.04782674729164
12.904457879999999,25.77367711767755,16.671251924478355
12.90445788,24.58837115649553,17.89671492326043
12.544609793566462,25.185110716706703,17.88662299641659
12.904457879999999,25.628828557122105,14.814493751933352
7.048885295935629,27.270200507765246,18.499999999999996
7.782294492649315,27.27003893438235,18.500000000000004
7.785275715550501,27.5678429393596,18.5
6.320623399385937,26.973238406651184,18.5
7.419632182727683,27.419427919999997,18.499999999999996
7.053411110723263,27.270979460196603,18.5
6.677658453572302,26.818637368959006,18.500000000000004
7.414955803708454,27.26974726748126,18.5
9.978017117279004,28.165311459520705,18.500000000000004
7.415784509094799,26.97261627667215,18.5
8.881614228540094,27.566283790601624,18.499999999999996
8.513687550763045,26.97372637364565,18.5
12.90445788,25.92736655863628,17.273554565843234
12.904457879999999,27.870604192443963,16.656499275007093
12.904457879999995,27.419488182173428,16.654301883815002
12.90445788,27.715969701865504,15.420830785419573
12.904457879999999,28.013190042559916,16.64887861487452
12.904457880000002,28.1665045466264,17.28028697722351
5.576344769063663,28.91249719918511,18.5
6.320611414410277,29.20753202,18.5
6.313023520116273,29.207532020000002,18.5
6.3070458247810155,29.20753202000001,18.500000000000007
6.285741290700095,29.207532019999995,18.5
6.303968851304869,29.207532019999995,18.5
7.42486586479305,28.02121455826655,18.5
6.3237357018055755,27.121904489704086,18.499999999999996
6.684138912689852,27.867996466213857,18.5
6.691205215056423,28.017700880890544,18.5
5.958158116204772,28.01437595914055,18.5
7.417015395876947,27.567955300445874,18.500000000000004
12.532596561489681,28.764794661959975,16.672470414775965
12.904457880000002,28.01907086032469,17.270202245327283
12.53340928537777,28.757710512371382,17.278346495431617
12.541615372450075,28.603730375481696,17.27600075938767
12.53985747192181,27.57905678658646,18.499999999999996
12.90445788,27.871126574960506,17.26866007110256
9.245831625698466,28.16215856083985,11.099999999999998
9.241256020140575,27.566795748240935,11.1
9.966562521709015,27.863570639184623,11.100000000000001
9.969654803481689,27.86795956291943,11.1
10.338993874409773,27.864547259327725,11.1
9.970074007888739,27.86158827496138,11.1
8.868772685151004,28.16373056963828,11.1
8.86331476176828,28.761069251945372,11.100000000000001
6.317770954480613,28.1681814026905,11.099999999999998
10.701855371492366,28.911161793983453,11.099999999999998
8.504857134253225,28.31856722346118,11.099999999999996
8.875102361658747,28.4624120679292,11.1
10.340340644561186,28.910442330989838,11.1
8.528260391388121,27.56709249865358,11.1
10.350354378393495,25.627629807356083,11.100000000000001
9.255668086166693,27.122989335239325,11.100000000000001
10.703431753763692,26.523534467696493,11.099999999999998
8.894087687309007,26.826686104335383,11.099999999999998
9.971303209356705,27.71637341713124,11.1
8.879782576177798,27.864012323357336,11.1
9.973407712849971,27.865324175651004,11.099999999999998
11.451144112888379,27.715222774069638,11.100000000000001
9.96947404054488,27.56932452007901,11.099999999999998
12.170428970271157,26.97639965921497,11.1
10.697698603759799,26.382742186597337,11.1
11.803765366352433,24.73535705837792,11.099999999999998
11.0635157157566,25.780941362837645,11.099999999999998
11.065072878625864,25.481756087323262,11.100000000000001
10.704537149740451,25.92863041238181,11.099999999999998
11.442404377082827,23.54819962441443,11.1
11.81191349843416,26.07837168669567,11.099999999999998
9.97659442479975,26.378414967285735,11.100000000000001
10.345130611340577,22.20346613032204,11.100000000000001
9.974295421584149,23.249895902068435,11.1
11.809158274778621,23.694467646218705,11.099999999999998
10.709157429279601,23.25283856722282,11.099999999999998
8.883168446790481,24.14360337789234,11.100000000000001
10.342344818312567,19.67147555955918,11.1
11.076481042341914,20.715051443201606,11.1
11.085333295359856,21.158167668050048,11.1
10.338846042903542,19.522446760745034,11.1
11.070175384116315,19.81692152443989,11.1
10.703191444084922,19.671980697369165,11.100000000000001
11.806458735511292,23.24216482513938,11.099999999999998
8.140137521571221,21.460283350632057,11.099999999999998
12.175826703983631,23.83921665894332,11.100000000000001
10.34372781333011,20.86481751882273,11.1
9.613443343961585,22.80013006664098,11.1
10.70930648595293,20.565154267304592,11.100000000000003
11.075114778928054,22.64863744619951,11.099999999999998
11.067549150781797,21.750973995124028,11.1
11.80244900109342,20.41546697887209,11.100000000000001
11.806537499356985,20.411800777151832,11.1
10.709055051108663,23.393063304755515,11.099999999999998
10.706397635413486,21.902459746172045,11.099999999999996
12.171587633508667,23.097810266884565,11.099999999999998
11.074114231044646,23.242888000867328,11.100000000000001
12.170774121301084,21.009966273854364,11.1
11.435459973027914,19.522773661398247,11.099999999999998
11.064712049270895,21.30585364379808,11.099999999999998
8.152242565224443,19.378511642920504,11.099999999999998
8.150138451019394,18.184056331036206,11.100000000000001
9.605093481321358,19.523018223267158,11.1
8.883247168780663,19.081363479347406,11.1
9.971968271126151,19.37588448214579,11.100000000000001
8.510453930092757,19.076433996948765,11.100000000000001
8.51535492169624,18.7816408783326,11.1
9.609708129313393,18.63021899846873,11.1
10.704351330831278,19.07800208771367,11.100000000000001
11.440032870302975,19.36841980355317,11.1
10.702180953829387,19.82286218712578,11.099999999999996
10.694148518438194,19.823456144632964,11.099999999999998
11.801701781418782,18.77760773629395,11.099999999999998
11.068604798370078,18.632004982352754,11.099999999999998
10.872389088413186,19.30285228728286,11.099999999999998
10.702059110626221,18.632176095835334,11.099999999999998
10.705162196988761,19.22478255499131,11.099999999999998
10.702667093309238,18.780415871469536,11.1
8.515176404600087,18.778268192197952,11.1
9.609965533431689,18.18342642762218,11.1
11.813952130186493,17.283462719341927,11.100000000000001
10.196770109905524,18.621991229013112,11.1
9.973766681609288,18.330107927100496,11.1
10.711835109531433,17.73207451624811,11.1
7.424503725487494,16.690803270000004,11.100000000000001
9.617481761357203,16.69080327,11.1
8.513803837279776,16.69080327,11.1
9.975068816298966,16.69080327,11.1
9.248131965394412,16.690803269999996,11.1
9.242176573014707,16.690803270000004,11.1
7.774333139171006,16.987465733311815,11.100000000000001
7.414215136401047,16.839617758353857,11.099999999999998
8.876780647392865,16.98742152256984,11.1
9.971219901777616,17.287199076278373,11.1
8.509966780450602,16.690803269999996,11.099999999999998
8.509573055451984,16.83856282155551,11.1
8.878927034402565,16.690803269999996,11.099999999999998
10.876053674551924,16.69080327,11.100000000000001
8.875204745562357,16.69080327,11.1
8.879479103712562,16.69080327,11.1
9.248746505504505,16.690803270000004,11.100000000000001
9.241215694565359,16.69080327,11.099999999999998
7.779046570086911,28.614215359497948,11.1
7.403958010602737,27.271283954182515,11.1
7.770843607299436,27.722446023681425,11.100000000000001
7.422389333274168,28.466874634048175,11.099999999999998
7.411363037516214,28.16976409265877,11.099999999999998
7.051899456663699,28.165133977452978,11.099999999999998
7.414257095911884,28.023195975268262,11.1
7.050990258018689,28.317828355686316,11.100000000000001
7.0471215714414095,28.168227642709244,11.1
7.781116536227739,27.12489701832381,11.1
6.68786231773176,28.17003081831964,11.1
7.785396404636096,26.972920240370577,11.1
6.694921201675826,26.971662265839612,11.100000000000001
7.788736827531116,25.77630746465954,11.099999999999998
7.786997562236542,27.717689309830458,11.1
7.061138365933578,25.64654924132137,11.1
6.321184957822958,25.47860601068537,11.1
6.683590669892093,26.235289661450594,11.100000000000001
7.415800473459183,27.567090474323678,11.1
6.322934842266343,26.969896371417192,11.100000000000001
7.772580942764746,26.97787217109655,11.1
7.407553497390703,27.56629148999653,11.099999999999998
8.140963104075876,27.26809379285701,11.1
6.686141193569245,26.973370343773425,11.100000000000001
5.589293667875387,26.676369372447223,11.1
5.590051616749008,24.884092985122106,11.099999999999998
6.318190803165212,26.970083317696098,11.100000000000001
5.950064728732972,25.638034139998062,11.1
5.22409959810501,22.503543968958336,11.099999999999998
7.055920228594086,26.379792196714167,11.099999999999998
6.317488221696995,23.53893155761743,11.1
12.172244816635853,21.004157897663287,11.1
7.055075071557755,24.75149981581522,11.1
7.790372652731722,21.760692972896344,11.099999999999998
11.07635782069362,22.203689206487873,11.099999999999998
7.061726678962145,25.486534331791706,11.1
8.516320797064802,27.86618175865069,11.1
10.353045145110249,18.32494244012935,11.1
6.683089523460934,24.585982175352086,11.099999999999998
6.687771551479039,24.44108264777892,11.1
8.86795041759649,17.88267177072558,12.328399121766573
8.870854705013773,24.888436219936587,12.326957627449628
5.9558825836958125,24.14391281103847,11.1
7.049109996144762,24.14200961045773,11.1
5.951432801751859,17.584958943737796,11.1
9.610217920287466,19.37185665262068,11.099999999999998
5.589375033506865,17.434255537122397,11.1
5.951084607744437,21.460752815597814,11.099999999999996
5.954385393555567,19.523882979234983,11.1
4.859686791466555,19.67367569232458,11.100000000000001
5.21901801523715,17.581229653475024,11.099999999999998
5.215212099701808,17.42959780202008,11.1
4.8551376825503,18.915574785435886,11.099999999999998
4.855962978262926,16.690803269999996,11.1
5.589500007540714,17.135988378998466,11.100000000000001
5.950133786724333,16.839521734005658,11.099999999999998
6.3146636916705,16.690803269999996,11.1
6.324423509748023,16.69080327,11.099999999999998
4.853634044003281,16.840481338517293,11.099999999999998
5.954855727734276,16.83900510005664,11.100000000000001
8.149312559991023,19.818309402923905,11.1
5.941041231484316,16.98634323747261,11.1
5.227025420827339,17.428295872098065,11.1
6.320725749383215,16.69080327,11.1
4.853097405041628,16.838707586482354,11.099999999999998
5.94917060924297,16.987538285684536,11.100000000000001
6.311989419730474,16.987002893290004,11.1
7.401133708565547,17.282327365135433,11.1
7.415093723660822,17.436611006160057,11.1
7.051310382632355,16.84006360879513,11.100000000000001
7.783785353436323,17.732647502098374,11.099999999999998
7.048945052847507,16.987861621817014,11.100000000000001
8.512200116130597,18.328997610477376,11.1
7.413478273792782,16.690803269999996,11.099999999999998
7.043863645315053,16.69080327,11.099999999999998
6.680215204927276,16.690803270000004,11.1
7.777986453892728,16.690803270000004,11.1
6.679712696682994,16.690803269999996,11.099999999999998
7.051592216925096,16.69080327,11.100000000000001
7.039904669609896,16.69080327,11.1
7.045148368830674,16.69080327,11.1
6.675830629650806,16.69080327,11.100000000000001
6.317590378266372,16.69080327,11.1
6.6725976574895665,16.69080327,11.1
7.043965725071286,16.690803270000004,11.100000000000001
6.320090336929718,16.690803270000004,11.100000000000001
7.410693186502453,16.69080327,11.099999999999998
6.320332693464005,16.69080327,11.099999999999998
7.0545241288079525,16.690803269999996,11.1
8.150726050356344,16.69080327,11.099999999999998
6.31333490877558,16.69080327,11.1
7.057344571810049,16.69080327,11.100000000000001
7.414912775805689,16.69080327,11.100000000000001
6.684698084881395,16.69080327,11.099999999999998
7.409762962875929,16.690803269999996,11.1
6.692151006153466,16.690803269999996,11.1
7.76785210135176,16.690803269999996,11.1
7.049528472625169,16.690803269999996,11.099999999999994
7.054107912143694,16.69080327,11.1
7.415584255805271,16.69080327,11.1
7.415260394331837,16.690803269999996,11.099999999999998
7.782087802662879,16.690803270000004,11.100000000000001
8.135320857170127,16.8399579875396,11.099999999999998
7.785246053858019,16.690803269999996,11.099999999999998
8.866038237126574,16.839289173071776,11.1
8.50936165127783,16.83926013692899,11.099999999999998
9.952838920011263,16.839010681111994,11.100000000000001
10.349462006251168,16.840262842901407,11.099999999999998
7.780812428305705,16.69080327,11.1
9.24598080075754,16.839398361636206,11.100000000000001
8.8827720044948,16.83926149726026,11.1
9.988188406340509,17.136768338147764,11.099999999999998
8.878145446681286,16.987533382759363,11.099999999999998
8.877515779988213,16.839191109165807,11.1
9.973845645850878,16.840652546415484,11.099999999999998
8.135843526923708,16.98937687971958,11.1
9.600965159617738,17.287259381866715,11.099999999999998
10.70450569185807,18.329386340616253,11.100000000000001
6.679803724045836,19.96616205029518,11.099999999999998
5.220809866035408,23.241445979924176,11.1
10.339996670521067,18.031683989198243,11.100000000000001
10.334624642744416,17.138728617288002,11.099999999999998
12.534723877154693,18.03023607676671,11.099999999999998
11.061969094833175,17.584453260302205,11.1
11.069231765047878,17.735187924909827,11.100000000000001
11.799632378177757,17.434612197790344,11.099999999999998
9.58615442432827,17.284697759485752,11.099999999999998
8.136898654783222,24.268221372247247,11.100000000000001
7.03926443102776,23.653966052815626,11.100000000000001
6.327193683074913,26.517922998862034,11.099999999999998
6.677823713184445,26.499068180957238,11.100000000000001
10.702229692661605,19.809567918020853,11.1
7.773910227963608,23.222316409642072,11.100000000000001
11.44454325838476,22.7953857143238,11.100000000000001
12.540329257314868,20.70850383931821,11.099999999999996
12.175031051180987,20.270764103746775,11.1
12.539932808901726,18.926205887441284,11.099999999999998
11.44211222824052,20.412980548123095,11.099999999999998
12.904457879999999,18.62486796869221,11.099999999999998
9.241722369905196,22.9572915600498,11.1
7.412385604937528,26.823134347526818,11.1
7.416829301808871,26.82335696392581,11.100000000000001
7.411750114547594,27.26858054061813,11.099999999999998
7.4130650984203035,27.271339999752563,11.1
8.147264903463354,27.419002836922346,11.099999999999998
8.52264456017126,27.417812077343015,11.099999999999998
8.15012944470229,25.926849328698697,11.100000000000001
8.14190494787585,26.676957520429543,11.099999999999998
9.97323942190321,28.461827189940173,11.099999999999998
9.977650983049902,28.016409147704678,11.100000000000001
8.883290846787485,24.43494821171286,11.099999999999998
7.413298852901034,27.866019351232538,11.099999999999996
9.243258336959816,28.46267592949274,11.099999999999998
7.414965033328068,27.86885804157752,11.1
9.242166597444264,28.462943141481645,11.1
8.143381284388328,28.01682263069994,11.099999999999998
7.045265893383148,28.015861957643672,11.1
9.968707302587202,28.61258575203844,11.1
10.34634619827287,28.764691330738614,11.099999999999998
10.722218325177794,28.91418801641169,11.099999999999998
8.156561593873034,28.61759055070184,11.100000000000001
8.506273458821898,28.315999871406515,11.100000000000001
6.688864479831837,28.16782285324487,11.1
7.046515232113322,28.462002771556154,11.100000000000001
5.588727501713101,28.018425807216317,11.1
6.680734084472337,28.018832348141142,11.1
5.951842711792164,27.719273817908697,11.100000000000001
6.682328209150961,28.018832061470494,11.1
6.315917548462487,28.16733028127984,11.1
9.603002473678556,28.911013478024344,11.100000000000001
8.511845009476332,28.90990382857908,11.100000000000001
8.138153857776224,28.761259539010265,11.1
7.409187608033305,28.31801784504372,11.1
7.409075113652146,28.317985449949475,11.099999999999998
8.502213367513026,28.614872313125154,11.1
6.315813546606769,28.76106554684983,11.099999999999998
5.590934750980861,28.167579886867514,11.1
6.319041089242618,28.31901309462036,11.099999999999998
8.50889522031405,28.907306373263324,11.1
6.322462899003217,28.171582566719,11.099999999999998
7.781320355569099,28.614588867397206,11.100000000000001
5.956500193228822,28.46967006128302,11.1
6.306526321499904,28.170625632999084,11.1
5.955248377407636,28.615375541007985,11.100000000000001
6.662713532447851,28.320964042848587,11.1
7.044450657948978,28.911820755911627,11.099999999999998
7.406571919255362,28.763411657351813,11.1
6.3185622977457445,28.614293869456432,11.1
6.319234061910075,28.17368184864513,11.100000000000001
7.403964190321974,28.91028136010376,11.099999999999996
5.95685721635991,28.16954182791141,11.1
5.587517691199164,28.16886704395651,11.099999999999998
5.587125190702175,28.615933649511078,11.099999999999998
7.763645840424186,28.91174940727919,11.1
9.242321736705597,29.057209566422756,11.1
9.253055074625243,29.059816185368796,11.1
9.607051244857555,28.90962661400006,11.100000000000001
8.129946147333499,28.90778232168341,11.100000000000001
8.865784906502848,28.908674780776145,11.1
8.489108661331946,29.207532019999995,11.099999999999998
6.660497079430669,28.91132829706201,11.099999999999998
7.032529799797707,28.91284203032302,11.1
8.479010107085724,29.207532020000002,11.100000000000001
6.66347091840361,28.76487771440104,11.1
8.889137584358501,17.286296760515853,11.099999999999998
8.151780760867608,16.690803270000004,11.100000000000001
8.879755525688378,16.988728450386233,11.1
8.519999966444347,17.437631466603225,11.1
8.522743545021868,16.690803269999996,11.099999999999998
9.25595868067555,16.838424323197557,11.1
11.80519887581013,17.436020599057798,11.1
8.5160341923335,17.436906814722374,11.099999999999998
8.872417752542455,18.182641191586022,11.099999999999998
8.883771362250378,16.98781681442552,11.099999999999998
7.40801522526236,16.987861519854007,11.1
8.501151696110256,17.878960300471093,11.100000000000001
10.34650836170224,17.287236089218485,11.099999999999998
9.975081613014684,18.334684712417314,11.100000000000001
9.97113900042009,18.781369077377832,11.100000000000001
11.439510830263265,18.031307993634524,11.100000000000001
9.96880042953271,18.779677577770855,11.1
9.96783680532541,18.928554880130573,11.100000000000001
9.96951447622638,18.782507815210938,11.1
10.707510320063655,19.225403878399838,11.1
9.972414505453104,18.783454503002126,11.1
9.968476231764877,18.93157694294083,11.099999999999998
9.97179614839166,18.632566821629695,11.1
9.97565501886463,18.77924847253268,11.1
10.70402168554871,18.92692607533285,11.1
11.07149520504775,19.668847211411467,11.100000000000001
11.436253130206836,19.669369345975504,11.099999999999998
11.059843566465437,19.675566409636755,11.099999999999998
11.074358460485,19.22360805040526,11.100000000000001
11.439514769210142,19.96501168796879,11.099999999999998
11.07800780854501,18.922742030542828,11.100000000000001
11.80084572988164,21.15612236572398,11.100000000000001
12.169088871634951,20.567085141072774,11.100000000000001
11.44502138653829,20.56658538727058,11.099999999999998
12.170270209118154,20.56288704557881,11.1
12.177679092141465,20.869549657230053,11.099999999999998
10.699662182357214,19.821756186854355,11.100000000000001
10.345068085538323,21.45784936525507,11.099999999999998
10.704409136748913,20.71815008002149,11.100000000000001
9.611391442842992,22.65435778813079,11.1
11.440133865555428,21.01310267019673,11.1
10.339377747688168,21.456274979774648,11.099999999999998
12.536821628981379,23.55081546220879,11.100000000000001
12.543876749288302,24.87847848449913,11.1
12.171606232530664,21.166502057547,11.099999999999998
11.80997030350408,24.58827684756958,11.1
12.174907258409512,23.247277360288923,11.1
9.974509460674842,21.45535678948492,11.1
12.541612027070471,22.806652204773755,11.1
12.17303841276289,24.291238790520666,11.100000000000003
11.444695750827062,26.524575920517137,11.099999999999998
11.812018892319747,26.676471367308356,11.1
11.437974984172525,24.590501617503886,11.099999999999998
9.975126327939208,25.185083865914056,11.1
10.711557903485037,22.203576839060126,11.1
10.710230781698709,23.992093654333566,11.1
11.44382763657092,22.653367215623902,11.1
11.444627249154161,21.31030461219136,11.099999999999998
11.80837486894572,22.952415165700987,11.099999999999998
11.811701115823775,23.69681898500432,11.1
12.904457880000002,25.4768131995575,11.099999999999998
11.069850919923653,26.52489904180196,11.099999999999998
11.444352895173836,25.936773189405695,11.099999999999998
11.080024228399346,26.527964566958868,11.099999999999998
11.441822701369283,26.679718318933496,11.1
11.808482943320062,27.12345720995296,11.100000000000001
12.90445788,27.12348350594804,11.100000000000001
12.536647022134044,26.971268762272874,11.1
11.808028134915157,26.08609026594016,11.100000000000003
12.539053458216696,25.633720162346748,11.099999999999998
12.904457879999999,24.001923356305177,11.1
12.171372957451531,26.079597664642588,11.1
12.538632436549559,27.870818506112432,11.099999999999998
11.819844077284547,27.57045459691826,11.1
11.439174719460507,27.86576530002237,11.099999999999998
10.705573424662596,28.164459310694617,11.100000000000001
11.447405161269502,27.86460617285301,11.1
11.447405161269502,27.86460617285301,11.1
10.353417767113179,27.71897073106763,11.099999999999998
12.53767174576596,27.86545537194472,11.1
12.174476867072578,28.01184824017986,11.100000000000001
11.81203033641833,27.862505524373184,11.100000000000001
11.813200081462366,27.56725896529467,11.099999999999998
12.176495435161915,27.570588419000977,11.099999999999998
10.334865740835916,27.721035453788755,11.100000000000001
10.720349069516056,27.567602120370793,11.099999999999998
11.443358721353102,28.162424895178127,11.1
10.711038640254344,27.567883089407573,11.100000000000001
10.344196161593572,27.86806095797667,11.1
10.707585251030316,27.121066111277262,11.099999999999998
9.975937631918567,27.866049533433927,11.099999999999998
12.193807964304375,28.320859714483426,11.099999999999998
10.364241419928595,28.757552762916788,11.099999999999998
12.18675709834487,28.16529857742823,11.1
12.186203870595353,28.616775226593596,11.1
12.545688902459855,28.471318826867183,11.099999999999996
12.90445788,28.469420238325245,12.327638933797624
11.086888415196364,28.017553116419307,11.1
11.08142844867857,27.417613104132727,11.100000000000001
11.807382815185935,27.56617474568138,11.1
11.804093640917316,27.717439848362396,11.1
10.710943845602323,27.868831464976257,11.1
7.045871334814127,27.26877528180418,18.5
7.042803006994725,27.11848202823472,18.5
8.141961217712911,27.717675623211004,18.500000000000004
7.782291975318042,27.269631668450167,18.500000000000004
9.246743757882117,28.015405816711635,18.5
9.623967656377209,28.165013212143904,18.5
5.9537538895416455,28.762886999516923,18.5
5.956874365905475,28.321251097595823,18.5
6.307361526076864,29.207532019999995,18.5
5.950957134033459,28.322130903095214,18.499999999999996
5.590422411846946,28.31614585764617,18.5
6.320671725865573,28.166493520632333,18.5
6.329695425489051,27.715480413164503,18.5
9.614101142703628,26.525972943338374,18.500000000000004
7.409383991193435,26.971618094616137,18.5
8.523616035210772,27.122706973781455,18.5
9.978498215370449,27.718014467903604,18.500000000000004
11.449785670684316,25.928358291498654,17.883753920540606
11.444546093906435,26.672047753788608,18.5
10.69733787639434,28.01365965277517,18.500000000000004
8.161733085900957,27.121577504305492,18.499999999999996
7.785968357209713,27.568461426337862,18.5
9.973893628672055,27.568206082115932,18.499999999999996
6.694304298330176,27.12256118311159,18.5
9.61104633329558,28.013820266140055,17.882376418038703
10.703216511938248,26.228014956456562,18.5
11.447826718395829,25.186553750896724,17.888053669184817
9.613595954186446,25.480966946667323,18.5
10.715070311077314,26.528737347312802,18.5
11.445540511139058,26.819305323168756,18.500000000000004
9.980748525160589,25.3329396762098,18.5
11.81151914626443,24.59238878393392,17.881707476287044
11.445405374594323,24.72975516312541,17.272285914654525
10.347155886592333,25.62959864521374,18.5
12.171993320862107,24.732556637866928,17.886442342472183
11.807827860558596,25.037569680056553,17.884227846361156
9.525739771777337,22.74217330274027,18.499999999999996
11.798535729684852,24.42413530457396,16.660899866881095
11.083777568904102,23.7002520963306,17.26795012055474
12.175239775082511,24.146479669301243,17.273492189619898
11.072724970848327,22.647749834339557,18.5
12.170392475913612,23.099426123569046,17.885460802064628
11.811883822810616,23.703433691673553,17.270328310776478
11.077756597016643,24.434916058987472,16.65114256667171
10.350463242286501,25.33089598569619,18.5
12.170416320030924,25.03557635661345,16.64776171739396
10.707193706446457,24.29165749572315,17.262289829241595
10.342540472904414,22.20181922597348,18.5
11.44720018749481,24.290975900279125,17.88623742799767
12.172639506436873,22.348451094372223,17.88593812029617
11.807357168062275,20.12081946986335,18.5
11.807686667822335,21.45657364869219,18.499999999999996
12.169920188491318,23.396869597275952,17.269261393519155
11.805061673850302,21.604373664456034,17.8883450230409
11.8046169842046,21.460667161504638,18.5
12.175871461312397,26.238059786532325,14.171035199795694
10.70666661285725,22.650041988624444,17.8824054021454
11.442432663942734,21.16259570322531,17.882660806083308
12.177290721109081,24.889448406914404,14.175631466899224
12.172457942265613,24.736619387836047,15.417493151806234
11.438217284197894,21.45332013366756,17.882790202693425
11.437780322816685,19.666372957747363,17.886312635800603
12.175111635883129,22.80534046728428,18.499999999999996
11.441198062973474,20.1161619748112,17.884697238780944
10.71057070357687,18.329356987299516,18.499999999999996
9.972765600609277,19.072798682845832,18.5
11.439680778519001,18.776288596874316,18.5
11.438957497086484,19.964630791488833,17.886990656674627
6.68533382545642,18.47175816410129,18.5
9.243777047245777,18.63098243392474,18.5
8.152128974219083,18.77934982847119,18.499999999999996
8.155420259239374,18.48012283601848,18.499999999999996
10.701576839652624,18.777389093383796,18.5
11.07901202513149,18.77570650636582,17.884224091748976
11.444499161351235,20.40940441553617,16.043258410396472
11.078445583751048,20.705520133012808,17.27357339293627
10.345349581486317,19.519029884411932,17.273176259964394
9.609655635337209,17.8819540753652,18.499999999999996
10.710470512629687,21.00329642829704,16.044012463771345
8.879910009827872,19.224253199953818,17.265901524977572
11.075082479527428,22.498498975169205,14.183149883517984
10.333067755008283,20.55098395179234,15.429124021919264
9.610191921987749,19.37167289707794,17.266663128759525
12.904457880000002,23.706121869109563,17.87609961960598
10.34520484868437,22.21004257436909,14.177589980064095
7.038421586490427,16.83747417684393,18.5
7.05565216950662,16.69080327,18.5
7.4210154324825615,16.83821233319846,18.5
9.606364116950942,17.284549418932205,18.5
8.152137811999802,17.280819181565647,18.499999999999996
7.7765541552653605,17.8727696924281,17.27711936775919
11.425423725628939,20.988594595282677,13.593394015609787
8.50020502152227,19.504675719020454,16.048531120024066
7.408877752045907,17.424402210610218,17.892913351539455
11.42945721781675,20.845527291767738,13.586594250199795
12.171085552564,20.708603105977073,14.809115440134835
12.904457879999999,25.779248508378735,12.329931058181446
9.960706116437137,21.29019771090904,14.815565593471048
10.344643648907814,21.605608289415237,16.65421894311831
10.340194210257696,20.852243126068075,16.65810137269955
10.340863333346954,21.155449872793284,16.65360149096136
11.07345912137847,19.966063562870325,18.499999999999996
8.885549895460501,28.91341803508294,18.5
7.425426310655369,29.207532019999995,18.5
7.411848272569878,28.47345486240046,17.284765495738807
8.515928212659368,28.911894163852487,18.5
8.87881156179173,28.32274175433489,17.890957088983725
7.785435457560847,29.207532020000002,18.5
8.517183636911335,29.207532019999995,18.5
9.61846956419212,28.762795325324355,18.5
10.335786384609998,28.466414918738657,18.5
9.610184652689409,28.91173728416371,18.5
9.24373962767519,26.084247750958593,17.266345684433116
9.248430336159618,29.207532019999995,18.499999999999996
10.703078226116254,29.207532019999995,18.5
8.154169870989714,28.016684336182085,18.5
8.515321375897386,28.761171718663352,18.5
8.517122107658794,28.316676883209514,18.5
7.422710163037815,28.31509444158967,18.500000000000007
7.053760321282094,28.761505179767138,18.5
8.142625343454805,23.68410365003451,18.499999999999996
10.709332383849336,28.76428159576132,18.5
10.341812088389288,28.163269955799638,18.5
10.337747507930859,28.463673605791662,18.5
9.612163491927337,28.019328981069975,18.5
10.713140166924903,28.464394432128582,18.5
9.255289712539302,27.86748738842355,18.5
9.972629843606246,28.461057035893283,18.5
10.69486532710619,28.61015486048275,18.5
10.705503394599598,28.60998025580171,18.5
10.705424669352753,28.164890018300532,17.890131172660094
9.974094663761896,28.458928696546064,18.5
7.787767777244609,22.507149661521552,18.499999999999996
11.072441652817737,26.825757617213537,18.5
8.150538903805232,21.61230059275809,18.499999999999996
11.805470716014407,28.760089454630897,17.886864912580855
11.074984636033655,28.610569266770774,18.5
11.07645538622168,27.424227737648188,18.5
11.435622835827116,28.61093693161321,18.500000000000004
10.346960388564632,26.380921529558467,18.5
6.681160739136933,16.69080327,18.5
9.983389577823992,24.44950719811779,18.5
7.409470779950292,21.42220406753622,18.5
8.892616243268101,27.57105799476403,18.5
10.710850481175006,25.18191906637971,17.884045804707323
10.705333742116528,26.224741759353865,18.5
7.058220095594127,19.226125290692444,17.878485170025087
11.807545419548246,26.675676999725816,17.885878794212896
7.055550788718372,17.735336785727526,17.882462608979704
11.077233429027611,25.780534252969556,17.8853208907951
8.51481699559386,21.007840323345572,18.499999999999996
11.075212171656478,26.664644659155293,17.2627415671729
11.44196586211739,26.818875745562416,17.268255520334307
11.075375769628197,25.780237718063795,17.87403297110336
8.507360930909053,19.503141915215267,17.88625277200977
7.783395062195447,18.630970601837095,17.879819815386718
6.684154264446449,16.838403329691737,18.500000000000004
11.80949804210852,26.67751776540804,14.170763981202057
9.977256075648548,22.65466517203858,15.41089271188054
12.54052253006804,28.762615376600543,14.775961347537304
8.152209799823842,20.57666732320157,16.027108898566762
7.7843370502526605,18.78285996876304,17.26315770038185
12.54156450468285,28.763500135357567,14.777465544958687
11.809847182667534,27.87120551795835,18.5
11.439192680128482,28.61112055356397,18.499999999999996
8.878576480778865,23.370516270364448,17.268026091846608
10.343284145236217,25.484491407995343,17.266910095876057
11.07331061865534,27.414965188259266,18.499999999999996
10.343421910508512,23.54123335331623,17.885751587774653
10.343678625716608,24.43387487621422,17.2637080516444
9.230360285373536,23.523457648194317,17.885654441210086
6.681968933815888,16.69080327,18.5
8.145144945897567,20.39354439736356,17.884247433953497
11.077561151441518,26.527914962821477,17.255677601581073
8.506976867120525,19.80044109944015,17.88517753612611
8.520151197260628,20.567920768106863,16.031827305379217
11.799365351943596,26.355501198586147,18.5
7.77987771862037,17.72885691794415,17.886293563740704
8.502619565560128,19.497770870680185,17.276627866322873
8.146613700046775,20.56244142213415,17.26188283734499
7.778411539250401,17.726543415127672,17.887661326930587
7.050076583247284,17.725448483051416,17.888308660393356
9.962916069526965,22.46901680218975,14.821737648650725
7.784918240173017,18.75511243601877,17.27956228551019
9.235256051668216,20.5397099216195,16.049947323089505
7.785454477958567,18.760345799570516,17.276468275001818
8.510307086522506,19.644038140339994,17.88656539338065
6.491981657214688,17.929910211121683,17.92840768968777
6.320697253181086,18.028846278033818,17.88361360567267
6.327487884570763,18.035529476195116,17.87960683431211
6.688214784411608,16.690803269999996,18.5
6.678453982766531,16.69080327,18.500000000000004
6.684242071834617,16.690803269999996,18.5
8.50314786047652,19.3478066762971,16.66734895216988
7.411170195841635,17.72333393462072,17.889558800002483
7.407348262610481,17.719912466487006,17.891581602021706
7.415386328123104,17.733513776977734,17.88354038776823
7.056078147387359,16.69080327,18.499999999999996
6.680540691806328,16.69080327,18.499999999999996
7.770790930331927,17.725142153219448,17.888489765281207
6.681729451737014,16.690803269999996,18.499999999999996
8.502198121858848,19.057589657723536,16.662978294948882
7.767523434692324,18.45351912824692,17.28434846534612
8.865980023957537,19.94217938429296,16.053524336314787
6.3263535877570485,17.883148139067213,17.882767688472075
7.784061374604449,19.807430660297307,17.885157144888638
7.413109756427762,17.724240013629423,17.889023118132386
7.059364054983644,17.73096274257086,17.88504858172113
7.063572727044427,17.731021600668758,17.885013784296568
9.97451267791905,22.92710277854743,18.5
12.538017859679996,25.333720270975387,14.190935662771892
12.173575101762793,24.894103756701288,15.41480377493423
11.808223523153586,24.5994088722073,16.045175113001108
12.170632267146305,23.701335886553387,14.201819208345553
12.537675472411884,21.458196710876617,12.333518406800913
9.981825190179642,22.505186401309583,17.26973273863595
11.080229129131803,24.745738539730343,18.5
5.229058407089596,17.13637862243428,18.499999999999996
9.246901075952103,20.860325313490897,18.5
6.684161996266413,20.41529926986264,17.884551915698324
10.347841071832136,26.534479259679983,18.499999999999996
7.414558522625455,21.456464521130002,18.500000000000004
7.420191408615709,19.51027127455085,17.88568541130565
8.869300116207208,25.622881333706143,18.5
10.717488518999629,28.019683035221888,17.88310881509699
9.602452406904005,26.37807985344404,17.27251381328769
10.334645898504412,27.86478019535787,17.888965609208274
10.713342343765063,26.832655507358176,18.5
10.353330708035054,25.641367469558066,17.276361595965668
8.887861624922705,27.420145551135057,18.500000000000004
9.60571363680803,28.012798960917706,18.5
9.983037410182158,25.78505220599847,17.26169393364025
7.782412264754107,20.120395239542226,17.883198386683652
8.877809717593168,25.333379347472885,17.88244779332411
10.338357072705458,28.31174827533828,18.5
10.344685942548962,28.01692085715858,18.5
11.071298316040863,22.195698601725418,17.266364464309795
9.235077119883893,24.432731641823267,18.5
10.734659852474818,26.549968123844195,18.5
9.978541445063813,23.69638983166136,18.500000000000004
9.603950959822662,23.232331063784805,17.27343309674733
7.405293310468144,25.488222937018186,18.5
8.868852296494262,27.417605468352132,18.500000000000004
8.873116973769593,27.864061132626244,18.5
8.492020885604976,27.710864640590337,18.5
8.505453597175176,27.56919868976935,18.500000000000004
7.767706672446305,27.711949630138285,18.500000000000004
8.502209293156996,27.564261916318518,18.500000000000007
7.389774371198074,26.222528563649988,18.5
7.032433835127358,26.963825253058225,18.5
7.398826954517942,26.96601407577012,18.499999999999996
7.767275796857589,26.967811121834387,18.5
7.760397250110365,27.40817911807143,18.5
5.2242437190577915,24.607908796171948,18.5
5.949749362366276,27.562550302785098,18.5
5.2294881834197655,28.019181265803653,18.5
6.3194862191812415,28.314429932267117,18.5
5.589381247120452,28.164000736652355,18.499999999999996
7.76721795124215,27.86368762361063,18.499999999999996
9.614404791906912,28.170398146833872,18.5
8.512581783304563,27.870206419961377,18.499999999999996
5.2238987809563575,27.566668829362776,18.5
6.323643123496052,27.72177313103022,18.5
6.686305830011142,27.570202852513063,18.5
7.417365745824023,28.9104275625493,18.5
6.3270600691230525,27.72569576542655,18.499999999999996
6.680065106130635,27.86335160508805,18.500000000000004
5.58774966837758,27.567485102849176,18.5
7.0386685603689685,27.71253239146493,18.500000000000004
5.951517273616309,27.86223584220892,18.5
5.954911749507579,27.41901520053564,18.5
7.052829943310707,28.612838208804206,18.5
5.95406917264163,27.71869505803118,18.500000000000007
5.953881131490705,28.317979169093295,18.5
5.9523458808953515,27.714445579917598,18.5
6.687641386180521,28.166486653780588,18.5
7.4144775464281745,27.42142600876228,18.5
7.055039147921631,27.867881517394313,18.499999999999996
7.050858050694909,27.57346885059078,18.500000000000004
6.685309845734487,28.31306129319178,18.500000000000004
6.672646740787349,27.116051629403565,18.5
4.867732646199688,27.870201471934674,18.5
5.955514424575276,28.911076246932062,18.5
5.593264684789935,28.615616875668664,18.5
6.686813633378035,28.91084154014375,18.5
6.3079900121439305,29.06074555074544,18.500000000000004
6.318666274729603,29.207532020000002,18.5
6.314690458956284,29.20753202000001,18.500000000000007
5.590510267544848,28.613788144322882,18.5
6.688742852952381,29.207532019999995,18.5
5.589313999096401,28.763110742009925,18.500000000000004
5.951011366693369,29.059731619923046,18.5
6.685087521553822,29.207532019999995,18.5
6.318006794742362,29.05926007397857,18.5
6.328313003207561,28.763914881809498,18.5
5.940686482808955,29.05989355059839,18.5
5.942697078035333,29.06071953732993,18.5
6.313677653967851,29.207532019999995,18.499999999999996
6.3196695899188615,29.207532020000002,18.500000000000004
6.302393927669861,29.207532019999988,18.499999999999993
6.3232073482058215,29.20753202,18.500000000000004
6.693969766485862,29.207532019999995,18.5
6.6894548428003,29.207532020000002,18.5
6.3156682130824,29.207532020000002,18.5
6.315801928535556,29.207532019999995,18.5
6.680858981773008,29.207532019999995,18.5
11.443634905479707,19.522937536347598,17.88420875037313
9.248289116217922,18.630719580586536,17.88212259693588
11.082427258301397,22.21285519106392,14.79064141154366
10.713714477045922,18.33391049973576,18.500000000000004
8.519555712852556,19.076868105622342,17.263032442421753
7.421957919699167,17.436674736042676,18.5
8.879924014416629,17.73490858706542,18.5
12.540692561246196,22.048061119015454,15.430042293755813
10.349836403014463,19.368021442693745,17.270593077263428
12.539089829667029,22.792342172930745,12.958070414956552
11.446516916816345,21.01622947723376,15.414223979880322
11.81173008630524,19.076235363221276,18.5
12.539034862616951,23.095433413361476,14.180972419377806
11.804182272412595,22.055131250415737,18.5
11.80843647272195,21.91204904588013,17.267450695590835
12.904457879999999,24.294641048541546,16.035947287464904
12.90445788,22.65250445768967,17.88950834364195
12.90445788,22.79926151395211,18.5
12.542752055992189,22.9509309928463,17.88810838938089
12.54015738535283,22.042105696934314,16.045891988062305
11.811288679046726,20.850994425671,18.500000000000004
11.445999681201148,20.25959609545138,16.662476511990022
12.541771209224578,21.751770599603176,18.499999999999993
12.176939639470607,20.418700536302655,18.5
12.540686286187162,22.054981468692812,17.884580282018636
12.904457879999999,23.25018902572482,18.499999999999996
12.541018639558954,23.1022640838993,18.5
12.904457879999999,23.85302449987337,17.88901149854277
12.904457880000002,24.896249651595973,17.276398234202215
12.904457879999999,24.590587609658396,17.886614603293122
12.904457880000002,24.593191606042595,17.888148039440118
11.068091354263558,20.557271151909646,18.5
11.810576089360406,20.55579051682279,17.88731531006792
11.811339588079136,20.414399938679416,18.5
10.346438827939455,19.518828067994882,18.499999999999996
11.076592215330878,21.160786108790553,17.886078603214838
11.446086073820354,20.71166549584,18.5
12.904457879999999,24.001064845626313,17.885528508788592
12.177935098843657,25.334885870475038,16.65270962686402
11.448300442011396,24.740795248299378,17.88396391368958
12.543410123978063,24.598660595952488,17.87798962236019
12.540292377199664,25.184055279168717,17.8894709461839
10.87918009650542,22.331272742281733,18.500000000000004
12.904457879999999,26.375211950572506,15.420604773978525
12.904457879999999,26.376811425321854,16.032347688772784
12.54048415596457,26.974628496733473,13.562206737356297
10.71395038210974,22.504278326870306,18.499999999999996
12.539498695696759,24.291342370271888,17.888161212104368
12.175100863864241,23.849723226708115,17.265125506699203
12.231493037654007,26.04012719244769,17.934618732731888
12.904457880000002,24.593473308654442,17.272001628404126
12.904457879999999,25.036583486437014,17.27660176850501
12.90445788,26.07531405632431,16.03603881282175
12.90445788,24.441470448891636,17.88818350135108
12.90445788,26.22245275414453,17.887222677057558
12.904457880000002,26.369726911710913,17.277474717539288
12.17498773740071,26.22833628092907,17.886670108345847
12.53812397562988,25.63016618375533,17.885856642187637
12.90445788,26.965465555529462,16.654595723136392
11.447328829957321,26.52294035957774,17.884625294364515
12.904457879999999,24.293262715851192,18.5
12.175769249683174,27.422779133390776,17.885003629733063
7.413437849476431,26.97084409356987,18.5
9.610357004188742,26.077821767658854,17.878867161309852
8.881336559820658,26.676544618593226,18.499999999999996
12.17912520118282,25.630133896915844,18.499999999999996
10.352097314186686,27.27571807961767,18.5
12.904457879999999,26.514372165773963,17.887585080627645
12.904457879999999,27.41806424913124,17.887825365519525
12.178209594309104,26.522143795309145,18.5
11.80990528926201,27.420704719624275,17.880985073850034
10.348916728213757,27.41946743888864,18.5
12.540607932758403,27.122178917123357,17.883717830689186
7.050293965158775,26.82339649334834,18.5
8.873836203785244,27.713437961297927,18.5
6.686137432918828,26.823251002185625,18.5
9.248190246952074,27.8670236287076,18.500000000000004
8.508794175728266,27.26933413804926,18.5
9.968863823308586,27.71567643262454,18.500000000000004
12.904457879999999,27.869561843392113,17.88852270801366
12.904457879999999,27.719541476115964,16.64630990449828
11.44378273708501,27.7164123220052,18.5
7.417473117438129,27.271793308606032,18.5
11.81289398510191,28.015419636915656,17.881773985152915
11.450196754185388,28.163458390890234,17.88051445827283
9.247276452105229,27.71816069322569,18.500000000000004
7.782257438960784,27.866566218447524,18.5
6.321231144533739,28.313204681324265,18.500000000000004
9.983404167376328,27.718753204958077,18.5
8.514204523278103,27.718472742171333,18.5
8.524062131850123,28.465503690855613,18.5
12.90445788,28.61407271799573,14.82312108086936
9.613593930371962,28.456865714887076,18.5
10.351772779494443,28.61227904652748,18.499999999999996
11.810099028880687,28.46509600817874,18.5
11.08809405907869,28.320819914503737,18.5
11.463376109290293,28.47006079785824,18.5
10.718222962783159,28.464747263146364,18.5
9.98310753391285,27.869738867824104,18.5
9.253814643419581,27.721501142125497,18.499999999999996
11.450129664884829,28.46578132073175,18.500000000000004
9.630153024083437,27.873563748196602,18.5
10.727436611205388,28.614418087285095,11.1
12.904457879999999,28.33267278231286,11.100000000000001
12.904457879999999,28.322912665112135,11.1
12.904457879999999,28.18228148136609,11.1
12.904457879999999,28.477687924274402,11.694903242028053
12.904457879999999,28.474995795909635,11.700194910418581
8.133638706950164,28.016017141544,11.099999999999998
9.230704591388546,28.46380901067195,11.1
8.879700371843551,28.16444991863518,11.1
10.705478002750404,28.016893454634342,11.1
9.588685352510018,28.608358341255567,11.100000000000001
7.036525166608447,28.46611354515673,11.100000000000001
7.402062076385539,28.75992736198483,11.099999999999998
8.853625489789561,29.207532020000002,11.1
7.412572185716076,28.465430389648592,11.099999999999998
8.864826926466469,28.912000238928307,11.100000000000001
8.500699238095388,28.9109394334017,11.099999999999998
7.77749683398242,29.20753202,11.1
12.550533638504886,28.46761998850059,11.1
12.90445788,28.30837412143399,11.1
12.184544950097871,28.013648541439593,11.100000000000001
12.904457879999999,28.02895384574434,11.703554301465061
12.904457880000006,28.173823810311013,11.100000000000001
12.90445788,28.312557411989076,11.703722733911428
11.083513101743911,27.718278821859442,11.100000000000001
9.973119103348568,28.164046923393776,11.100000000000001
9.605782397036505,28.165428212635998,11.1
10.71550466047469,27.865646971150763,11.099999999999998
10.341320919181424,27.71787445796559,11.1
7.045904239460155,28.0137527150359,11.1
6.320760216893367,27.5692673332345,11.100000000000001
7.046217535388546,28.016372715147863,11.100000000000001
7.053192051943926,26.526843485726083,11.099999999999998
7.159047865808827,27.971396943749642,11.1
8.514650506537008,27.717547643472148,11.100000000000001
6.689590674783858,26.826477617675916,11.1
12.904457880000002,24.287173487254833,11.100000000000001
12.540569295342051,26.22844896074682,11.1
12.904457879999999,25.919767673916283,11.1
12.90445788,22.94750461296273,11.710371155668662
12.904457879999999,26.823562656989065,11.099999999999998
12.904457880000002,25.92640849335401,11.1
10.705694910858236,25.930757183786575,11.1
9.255425068980458,25.336238450912745,11.1
9.616384707974573,25.786650396101045,11.100000000000001
9.973539113034523,27.264836739949622,11.099999999999998
10.715592017922447,26.96910596454397,11.1
11.438493995959107,26.971199402622883,11.100000000000001
6.31855411883434,26.97199853649882,11.100000000000001
7.783746311899362,27.122444474674346,11.100000000000001
6.495684807592431,26.596337989625155,11.1
6.682729306288097,26.077619136746392,11.099999999999998
8.148758056711888,25.779389548961667,11.1
5.957300601922923,26.522801543048473,11.1
12.904457880000002,23.541881420847616,11.1
12.904457880000002,23.985260316821986,11.100000000000001
12.90445788,25.022634185568954,11.099999999999998
12.904457880000002,23.840895887066324,11.1
12.904457880000002,22.64841588090177,11.100000000000001
12.904457879999999,22.80145496867703,11.099999999999998
10.713478736672588,24.589933974771263,11.099999999999998
11.807099749031012,23.69406983595817,11.100000000000001
11.443082611471173,24.736143922639442,11.1
11.809359954313532,23.69442706154664,11.100000000000001
10.341599197179985,23.99294761974792,11.1
10.347019255036441,24.58791224544686,11.1
10.706167070717004,24.58979602129043,11.100000000000001
8.881026730087074,24.443692664587125,11.099999999999998
9.977381677732149,24.142022783547276,11.100000000000001
10.71342377501415,24.587200299142253,11.100000000000001
9.61487757801455,23.844367184885662,11.1
9.61699363208158,23.696483924265543,11.100000000000001
12.904457880000002,21.014845433588608,11.100000000000001
12.904457880000002,22.5000685590605,11.1
12.90445788,21.91455581683806,11.100000000000001
12.904457879999999,21.46252241813182,11.1
12.904457879999999,21.31063413587664,11.1
12.90445788,22.206821388739687,11.1
11.081860741207482,21.458375664036776,11.1
11.444934416920269,23.394300876990883,11.1
11.076407456612298,22.501861473920975,11.100000000000001
9.971835157274388,21.458315686817947,11.099999999999998
11.07711788945455,23.39350453544748,11.1
9.976781809558203,22.798900688839403,11.1
9.245978167296823,23.39451843479957,11.100000000000001
9.244510505982902,21.904789579019607,11.1
9.610823517754941,22.05517208813708,11.099999999999998
9.976140380306447,22.648208406336973,11.099999999999998
8.51491789,22.20333341539377,11.099999999999998
9.976864884589338,22.204064802848208,11.099999999999998
12.904457880000002,20.8571789230565,11.1
12.904457879999999,19.375268814944608,11.099999999999998
12.90445788,20.560624653400712,11.100000000000001
12.904457879999999,21.60785054106653,11.099999999999998
12.539530064357422,19.820939489651238,11.1
12.541952348994316,21.30626213098647,11.100000000000001
10.336163258383559,19.52409570778275,11.1
12.171488417740074,19.67064808526292,11.099999999999998
12.172661787810265,19.822006088749863,11.100000000000001
11.80475513868558,19.374235236149122,11.1
11.801379896843429,18.779477855432734,11.099999999999998
10.705224561726356,19.821299877456052,11.100000000000001
9.97004783946456,20.563687152975973,11.100000000000001
8.148976594712108,19.525472291162828,11.100000000000001
8.148438237544186,19.372972065496203,11.1
7.045819783688504,19.51424812189706,11.1
10.333358969833558,21.15809513002218,11.099999999999998
5.587964325255222,19.669339071650416,11.1
12.904457880000002,18.32244476210017,11.100000000000001
12.540240820961984,18.621404478980946,11.1
12.904457879999999,19.06624032565728,11.099999999999998
12.18071530235015,17.43191187385898,11.099999999999998
12.90445788,18.02985931621795,11.1
12.904457879999997,18.17592047676402,11.099999999999998
10.707420324924108,18.479550791204794,11.1
9.611172937514047,19.37530245721619,11.099999999999998
11.064231975458934,19.673766985782457,11.099999999999998
11.07119001681206,18.92776118945971,11.1
8.883754381542428,18.332783023357734,11.1
8.516806840180319,18.92861449942194,11.100000000000001
7.418778402279909,18.626350285925497,11.1
7.418406088294495,18.927258758295906,11.100000000000001
8.881483383933531,18.03351087580521,11.099999999999998
5.584767859605436,17.582793413590743,11.100000000000001
7.419924348396409,17.442431766201405,11.099999999999998
7.78541118704962,18.183583518945635,11.1
12.543827621680602,17.43648820287354,11.1
10.699639166032322,16.840198457316404,11.100000000000001
12.904457879999999,17.877378394436022,11.099999999999998
12.544040931315674,17.73769068677974,11.1
12.184114841760536,17.584487156721952,11.1
12.542744965120953,17.73041960318522,11.100000000000001
6.309126524661193,16.690803270000004,11.1
7.410705869332057,16.83883140492,11.1
8.143316990037327,16.69080327,11.100000000000001
6.313028194724172,16.69080327,11.099999999999998
7.785299946026315,16.69080327,11.100000000000001
6.6808067945091025,16.69080327,11.100000000000001
5.947030361714335,16.69080327,11.099999999999998
4.851274427676282,16.690803269999996,11.099999999999998
5.2198774818818885,16.69080327,11.100000000000001
6.302228478948438,16.69080327,11.1
5.215391307118237,16.69080327,11.099999999999998
5.947989567746275,16.69080327,11.1
5.5809911412156215,16.69080327,11.1
4.492175593257671,17.136004796753372,11.100000000000001
6.3060975803926125,16.690803269999996,11.099999999999998
5.58643069885011,16.69080327,11.100000000000001
6.683625552680868,16.69080327,11.099999999999998
5.215077062707053,16.98681763764421,11.1
7.053260068685618,16.690803269999996,11.099999999999996
8.14535214574072,16.690803270000004,11.100000000000001
8.511896376007446,16.69080327,11.1
7.413352389596952,16.69080327,11.100000000000001
7.782377179179203,16.69080327,11.099999999999998
8.51032154196161,16.690803270000004,11.1
8.883103259502253,16.839821214633734,11.100000000000001
12.173489145607174,16.989109846489086,11.100000000000001
12.176014680103265,17.43522775470908,11.1
11.084791226882459,17.29064281335312,11.099999999999998
12.177784813129922,17.73853440447369,11.099999999999998
12.1750749890986,17.587491777402736,11.100000000000001
7.038900395438484,19.06461503955017,11.099999999999998
7.7620511955278335,18.469154969661748,11.099999999999998
7.03356895186325,18.173854350626435,11.1
5.214765769868292,17.72756522507459,11.1
5.2033697426814,17.425252919430147,11.1
6.6818096311844295,17.73286830863618,11.099999999999998
7.054345606293026,17.734585026603423,11.1
6.6839266359727185,17.584772889112557,11.1
9.976106195587708,18.330271227613082,11.1
8.51491789,17.583939535029607,11.099999999999998
9.61117631648445,18.18184033678596,11.099999999999998
8.150983620108386,18.181933858626856,11.099999999999998
11.802052542507969,19.37144488512182,11.099999999999998
11.803457263364368,19.37337489064366,11.099999999999998
9.610231793287632,19.079000338653714,11.1
9.611451461338898,18.777767886249773,11.1
11.809241196176773,19.074710511243204,11.100000000000001
10.336232029970668,18.78239001595392,11.1
5.590566485876353,19.222631339389608,11.100000000000001
5.219656311617524,19.819033253809426,11.100000000000001
5.954326723581055,21.01193834566881,11.099999999999998
5.948410855733458,20.41586249843131,11.099999999999998
4.1253779,19.670788656807503,11.099999999999998
6.1392331855143825,19.296243219319965,11.1
9.244458794846558,20.714235956257287,11.100000000000001
7.783398392321114,19.822096971676128,11.100000000000001
9.609104534832506,19.82487439257821,11.1
9.245853816885955,19.523435506311593,11.100000000000001
8.147345016489728,21.013291570951182,11.100000000000001
8.508860969924854,21.01298065164795,11.100000000000001
11.065496619988046,20.565425669055003,11.100000000000001
12.539645444158902,20.713023601355403,11.099999999999996
12.537662994367428,20.273883703051208,11.100000000000001
12.536633077954917,20.71662404570703,11.1
12.540426099787434,20.86963319988096,11.100000000000001
11.432903262978328,20.715706625961552,11.099999999999998
7.052759059033805,21.607866875416736,11.099999999999998
6.319442070646638,21.304040186103677,11.099999999999998
4.852765425900687,22.050829041777334,11.1
7.045204872794439,19.668004537756687,11.100000000000001
4.489098817486062,20.120643945687256,11.1
4.489057394621864,20.559921555316308,11.099999999999998
10.335805290596522,20.86811483155345,11.100000000000001
8.879663083294421,22.649567932441048,11.099999999999998
9.246324727528375,22.94879636938673,11.100000000000001
9.24701683091119,23.247446183389506,11.099999999999998
9.976110575896922,22.946856059176714,11.099999999999998
8.149614702036345,21.45961069491452,11.099999999999998
12.5411082668755,22.801915467586156,11.100000000000001
12.175543397666171,21.16522483104459,11.1
12.90445788,20.56835578307494,11.100000000000001
12.904457879999999,21.459107696007308,11.099999999999998
11.811776835839943,22.501973673175165,11.100000000000001
12.54075530475924,22.801999887512874,11.1
4.125377899999999,22.953718240478196,11.099999999999998
4.8569938881439985,23.694585378105973,11.099999999999998
5.222548743701722,24.28960556050182,11.100000000000001
5.225052055373384,24.43658418175376,11.100000000000001
5.947098065947857,23.988322117297926,11.099999999999998
4.852637391840625,23.548547491388245,11.100000000000001
9.24717479416761,24.735527038077635,11.1
10.709642946675821,24.89203553133457,11.099999999999998
10.71293696797283,25.483249728149143,11.1
9.980337337494419,25.63062621445187,11.099999999999998
9.978416446468403,25.3349344430945,11.1
9.615869269073496,23.396621358050528,11.100000000000001
12.538603612646945,24.436277392491785,11.1
12.542961211113143,24.427947415285878,11.1
12.904457879999999,25.032831390702036,11.1
12.540351418278307,23.994231310911683,11.1
12.904457879999999,24.142774129936186,11.1
12.904457880000002,24.288332314958602,11.1
9.618066157102653,26.229700407804977,11.099999999999998
7.783149891039942,26.97361047990465,11.100000000000001
7.055243374775992,25.036478895809623,11.100000000000001
4.1253779,25.0357173403319,11.099999999999998
8.882203899908285,25.780626847091977,11.1
7.421282384574916,25.783422909071735,11.100000000000001
8.160061716540335,26.231195322224256,11.099999999999998
8.148447043987254,26.222969914467495,11.100000000000001
7.785648433527394,26.37600163529484,11.1
6.685809359307056,27.11667947357983,11.1
8.519569541556884,26.5267929042113,11.1
7.4134558175787,26.67065382986513,11.100000000000001
12.170213721309025,26.52435533236531,11.1
12.173053286262721,25.629974687722896,11.099999999999998
12.538624446033753,24.290554916094123,11.1
12.904457879999999,24.885442449174622,11.099999999999996
11.887996707317274,24.80401063826284,11.1
12.172515894742329,25.035599641360527,11.099999999999998
5.579425088696106,28.01274418956328,11.099999999999998
5.941738966146952,26.669044004052097,11.1
6.301278523248875,28.01406111912321,11.099999999999998
5.948331100206983,27.866489130357905,11.099999999999998
4.853711553567107,27.418761304914504,11.099999999999998
6.678032066083203,27.86538479214409,11.100000000000001
8.1572319117766,27.86190315319731,11.100000000000001
6.67515704882933,27.86661256717946,11.100000000000001
6.687704906818918,27.277709221886457,11.099999999999998
7.771056173529714,27.719397827302505,11.1
8.141382741834528,27.571071881573808,11.1
7.408966370085627,27.717635484219702,11.099999999999998
11.443304028663526,28.016032588074115,11.1
10.204677946467761,27.83302579632099,11.100000000000001
9.97547279774622,27.716377900309624,11.1
11.08196353920542,27.71502436614204,11.099999999999998
11.44945977278825,27.717152403838266,11.1
12.172600338158272,28.463750203836412,11.1
5.5885017779772515,28.61521392122495,11.1
6.321547696124338,27.871980989040132,11.100000000000001
6.313787186018095,28.912935530382402,11.1
6.310425704123535,28.911708673492623,11.100000000000001
7.412556050226916,28.613801664082313,11.099999999999998
6.6774661042200485,28.76602930964153,11.1
6.679173229992424,29.060072368353786,11.099999999999998
8.859172391690393,28.46126332243842,11.099999999999998
7.05062360481346,28.909986398865048,11.100000000000001
7.407815066258877,28.459378344309382,11.1
7.7797359595670805,28.909138539024795,11.1
7.770580062469663,28.612830553143667,11.1
10.709130256723808,28.313962851760976,11.1
10.708881437856656,28.31311357891719,11.100000000000001
12.173674711515803,28.164668573964803,11.1
11.438956331985214,28.461019895233754,11.099999999999998
11.438662744694128,28.16552645294492,11.1
11.802579330491854,27.57348909716449,11.713939309314457
12.904457880000002,28.61387249458881,17.280007200897973
12.904457880000002,28.316774828757,17.27323844246519
12.90445788,28.314788846522198,17.88812683545364
12.540838983889945,28.313245969717723,15.420560049402969
12.90445788,27.722550678689345,18.5
12.904457880000002,28.161115319377576,17.886329336603694
5.585946534038104,28.167929252283876,18.5
6.3209742751024764,28.316438231919545,18.5
6.682293953469916,27.86823676831613,18.5
6.683442083676943,29.05889895214883,18.499999999999996
5.951110967991872,28.614584625285456,18.500000000000004
6.691965602128085,28.464449631254695,18.5
6.308776720563851,29.207532020000002,18.500000000000004
6.294661905644555,29.207532020000002,18.500000000000004
5.211585795093457,28.471033521851105,18.500000000000004
5.93286527437259,29.060908559141634,18.5
6.315471503859146,29.06059776601507,18.499999999999996
5.947561393714218,29.05955768335336,18.5
12.904457880000002,27.41976567787537,17.88501123322533
12.90445788,27.715914349824615,17.888590018777037
12.904457880000002,27.42270192826333,18.5
12.904457880000002,27.867908973799146,16.038026508079398
12.904457879999999,28.31516713250714,17.892047022870663
12.90445788,28.462450246099642,13.558266270412773
9.992179564416865,27.57277860051748,18.500000000000004
9.61961376828035,26.674977559277476,18.499999999999996
7.787630359174521,26.975175212017,18.499999999999996
8.884731376728528,27.1220597259858,18.500000000000004
7.0496283153225905,26.67361402838212,18.5
8.152392038530406,26.822742390571772,18.5
6.6800174182187995,28.31488479785631,18.5
5.955595453492452,27.419281541400377,18.5
7.7850080518128335,27.12196015757875,18.5
7.417930061283076,27.269792018528705,18.5
7.4205967142571065,27.121785139343125,18.499999999999996
8.884771875695641,27.567290157390836,18.499999999999996
12.90445788,26.07058423230921,17.27988827139422
12.904457879999999,24.896785294098777,18.5
12.904457880000002,26.17290641867914,18.5
12.904457880000002,26.07206620222503,17.277723443737514
12.90445788,27.411236470461688,14.806719671088878
12.90445788,25.77910074678506,17.89110691236229
8.144559765974707,24.74020032547647,18.499999999999996
9.608526501898314,26.97216425354258,18.499999999999996
9.251150398224212,24.732390767449704,17.27119288972711
11.446600337110475,26.08160310163383,15.412629829574668
9.606266629086845,26.224768999727623,18.500000000000004
9.253193068038966,25.178493397204072,18.5
7.420713402666381,26.974825551536863,18.500000000000004
7.043721167819877,26.82435476587039,18.5
5.587887839483142,26.523993264541964,18.499999999999996
8.14596351783396,25.33647303540467,18.499999999999996
8.518899781117618,24.289354348843176,18.499999999999996
7.413382471831071,26.674992254227547,18.499999999999996
12.904457879999999,24.136133280409183,18.499999999999996
12.904457880000002,23.09301570403724,18.500000000000004
12.90445788,23.54517334854605,18.500000000000004
12.90445788,22.800281636521106,17.886135668468388
12.543149943065806,24.742562021152565,18.499999999999993
12.174925155383551,22.360651241890977,18.5
11.079446938727132,23.69517944360852,18.5
12.17191322988597,24.59000498621595,18.499999999999996
11.804303221181598,23.843411549858565,18.499999999999996
12.541301780750354,24.739122048543607,17.262590331323395
12.537308758366418,25.334164899302078,16.035923274395753
12.175016717546177,24.441310386074605,18.5
9.248559078477067,23.24828497321446,18.5
9.614507810969949,24.29029147826032,18.5
9.976153645781705,23.3973359640824,18.499999999999996
9.978152052404361,22.653234969988276,18.5
9.980955495389992,23.397912746408714,18.500000000000004
10.347315525698408,23.247781046262748,18.5
12.175718593251293,22.79329975772653,16.038838317881513
12.904457879999999,21.607515305249738,18.5
12.904457880000002,21.157009684564066,18.5
12.90445788,22.20266396706048,18.5
12.90445788,22.20356612605464,17.88729798474956
12.542008021812048,22.660601054672533,18.5
10.343012450303862,22.947791593453093,18.5
9.613311939802546,22.3529099689798,18.5
8.180665924328771,22.607400457457853,18.499999999999996
9.973613879485084,23.543137923346386,18.5
10.341768699784332,23.544486604546066,18.5
9.59657872801658,22.50249497594541,18.5
9.979242396980808,21.904990605110896,18.5
11.075174903748112,23.247071815436477,18.500000000000004
10.8810010307695,23.293138494648215,17.36152830176602
11.444606041102041,23.397944901852675,17.26366463914808
10.346322399363594,21.46046007916638,18.5
11.444598004143243,23.246828313108278,17.883449629784515
11.809498375335576,18.62943365821204,18.5
12.904457879999997,21.455950576123755,17.886283114790768
11.808186950505808,19.22252686113324,18.499999999999996
12.904457879999999,19.520014083596568,18.499999999999996
12.53936648362846,19.22396918139475,18.5
12.904457879999999,20.69840323453679,17.888949088794387
12.227727461908914,20.68273249630837,16.21783885788212
10.353404797855887,18.3291632820645,18.500000000000004
11.803928804592385,22.643735873279212,16.65955880857089
11.442759412575569,20.11004456100747,16.656792535171626
8.879358296475782,18.47866422278743,18.5
9.975366718102542,18.62785655308859,18.5
9.975841965576397,20.868625513295804,16.645034408718487
10.344910133967531,19.666708487210066,17.271501898060112
9.606774747201868,22.501187854489686,16.65047076548499
8.516397645040593,18.782133569691872,17.877429133568903
6.316902468512035,17.88286618464554,18.500000000000004
7.047544097826794,19.372239066608156,18.499999999999993
11.811131708420852,19.81672965689139,18.5
12.542039370685679,19.225301606441782,18.499999999999996
12.904457880000004,19.225717643823074,18.500000000000004
12.904457880000002,19.669644154383484,18.5
12.904457880000004,20.10755573264293,17.887932000748442
12.904457880000002,18.781624029071754,18.500000000000004
11.069872831919353,20.119572362742204,17.26293389179688
11.078105575118629,19.819763522931307,18.5
11.446144120545705,19.967160887927566,18.500000000000004
12.173225141993123,20.55897501274132,17.88359971345564
11.070107758550503,21.599854441135577,17.26421642992552
11.443058921391728,21.617501826325704,16.64203949340323
8.880663977693427,20.264131179756454,15.419801885932564
8.874391444695414,17.729600931551595,18.499999999999996
10.339768323062737,21.600753576717068,15.42215129834042
4.855587415434075,18.028104933922144,18.5
8.883708055203293,21.61016062615402,16.029560365759796
8.514146401359888,17.584575130070295,18.499999999999996
12.54063700273119,18.928320236794992,18.5
11.440182542578105,18.62760630793127,18.5
12.904457879999997,19.069383241286257,18.499999999999996
11.895122077659138,19.299157546568107,17.934586805823002
12.177683983542323,19.661974758952457,17.88995793990912
12.54032660402112,19.22374595434512,18.5
7.055783862008508,17.2849513729229,17.885285238260455
11.072443298619623,23.09228554676464,13.569397323715869
9.603562374031249,19.057507101209747,16.664734983578256
11.80564045366511,21.308295974550106,12.952414825563116
7.411319217362532,18.47651483671086,17.267476787083574
8.868002305333683,19.06415602159538,16.658967963728973
5.949671324709358,17.58128233243211,18.5
9.24239051295449,18.029472890462372,18.500000000000004
5.96051999463516,17.137553855906084,18.5
6.688807375929916,17.13760151961798,18.5
8.879815618656618,18.178422505725138,18.5
6.319894483982665,17.285627728343755,18.500000000000004
6.326039817879757,16.690803269999996,18.499999999999996
6.6835801627682505,17.73384184788125,18.5
5.587877969356096,17.583446139549352,18.499999999999996
5.953780825471132,16.988036400409918,18.5
6.319722274522111,16.83950470284143,18.5
5.220854833357062,17.28670599027926,18.500000000000004
6.6842974875907295,16.69080327,18.5
9.981948106007845,21.160472506809548,14.800742261797048
7.781653085649112,17.43112140448514,17.887244381277377
8.499663586091778,19.824122793718164,16.244642197346902
7.417685250031059,17.43315020007352,17.885565162792638
7.061834333943249,16.69080327,18.500000000000004
11.074400667453128,21.010237239245825,14.185157762248078
12.592240423426782,22.051495932052536,13.21474902455213
12.539605605414552,23.247367027400824,12.948249833101457
10.710823781750028,20.12139566168327,16.028619448053917
10.343102765221328,20.115428202222255,15.417998672421746
12.904457880000002,22.353607212123894,12.329917731090141
6.321605580686506,18.4758006366067,18.5
7.783073220957035,17.88284456755493,18.5
5.221935975033805,17.585506534085674,18.5
5.953210659714991,17.585748597571587,18.5
5.588807630394159,17.585257848217864,18.5
4.856429533934622,18.032459941896974,18.500000000000004
10.33614387689806,18.62732816706352,18.500000000000004
9.238895186035222,19.07114775734122,17.88663121226033
10.341340337782862,19.065269927539173,17.888327836787628
7.779759384235302,18.179472494776604,18.5
6.690227589995463,17.732934057055118,18.5
8.517783716531929,17.434712412676667,18.5
10.710796009483191,19.375538145472863,17.877729341927655
12.175477964207275,24.595076087531467,13.560208592324067
11.077951789004075,22.503327104553524,15.416075415047032
11.076644458326058,19.819369784070375,16.649773703931828
12.538890003305596,23.6946141549869,14.797197996124659
11.806571536040412,23.24885194722046,14.80288470538307
9.620880462131908,20.11296172826868,18.499999999999996
10.342910032159342,19.820292066309925,18.5
10.343956890514848,19.523943902960752,18.499999999999996
7.773569943929569,18.332686576397506,18.5
5.220088887387836,19.819297471001615,18.5
4.125377900000001,18.47941955952828,18.500000000000004
9.979172570935711,20.708985139831764,18.499999999999996
9.979404104948905,19.96786652891283,18.500000000000004
9.253823820494688,19.0720436093956,18.5
10.346218978831768,19.67096927782611,18.499999999999996
9.254582224189235,18.627604105254917,18.499999999999996
8.888963630891629,19.22207991833127,18.5
12.54085390205542,18.627345388642027,18.500000000000004
11.811155561577586,20.567567974605264,18.5
12.174851946869241,21.307755752185344,17.88348330977995
11.446488141372406,20.423066325553695,18.5
12.904457880000002,22.05672804193383,18.5
9.609727136966676,19.223002537541987,18.5
8.869815076420107,22.6487052360073,18.5
9.981486503997873,21.459129504345533,18.5
8.520871472305322,22.204587503866865,18.5
11.08059933195606,22.653696532735708,18.5
11.0788325159508,23.2471072008693,18.5
9.978857793551105,23.10181166217656,18.5
8.513355758320055,22.05424890258841,18.5
9.524584964873503,22.33029969200002,18.500000000000004
9.611288925735623,22.650335915462335,18.5
9.248544619980327,23.247743001816914,18.5
9.977916355248334,23.09925660157785,18.499999999999996
7.419021720480357,21.757065190210746,18.5
12.904457879999999,23.100889131668684,16.64599294126998
12.90445788,25.94117649426497,12.943338707592774
12.904457880000002,23.092540961305048,16.64906880464269
12.177143403518397,24.44780771770317,16.63710250649472
12.536661502307151,25.63367936544367,15.413289510922187
12.90445788,24.14039054521273,16.64780388670157
8.516841367628519,22.652137163478283,18.5
11.44277595158735,23.396522494974132,18.499999999999996
10.346489776411754,23.546116583739618,18.5
10.707404067021288,23.395585738511006,18.499999999999996
10.347231420432381,23.250297650006434,18.5
11.808846972237273,23.546673662746404,18.5
9.986855051682461,22.80068855223546,18.5
9.2509016828175,22.652660188029493,18.5
10.721119689310948,23.544076584160372,18.5
12.173394595800463,26.375797023927852,13.565448533358605
10.71380631126441,22.79990537477615,18.499999999999996
9.611359069545925,23.247593337792875,18.5
12.90445788,25.037932994743958,16.657616698187706
12.904457880000002,25.036539181008532,16.046653872155545
12.904457880000002,24.009627384280645,17.278967374240107
12.904457879999999,26.082888078385842,15.401171791237836
12.904457880000002,26.375924300366133,14.178762414530455
12.904457880000002,25.038927278221088,16.650649873937773
6.317150937556834,26.526281079905324,18.5
7.417061383682048,26.22646549680945,18.5
6.685473173881132,26.52460891057552,18.5
8.507757595640083,26.973367034833842,18.499999999999996
7.777284656985166,26.823124078136573,18.5
7.0439367302444555,26.970596503932146,18.5
8.14723329876298,26.523652777627664,18.5
7.04897735138201,26.82220662378038,18.5
7.417407263694881,27.269612061383135,18.5
6.487845577907038,26.730611805351327,18.5
7.0527413808770145,26.971498411152417,18.499999999999996
6.318737724472014,26.824880691021285,18.5
10.7134057646151,24.439270447313213,16.651802246607833
10.3473496609557,25.78066036919406,17.880138548455577
12.904457879999999,26.51847461004502,16.650530417844443
12.904457880000002,26.816280439162234,16.043825549429265
12.904457879999999,26.82568027865925,16.02581713546403
12.904457879999999,25.18593762253448,16.651102040289732
6.320597822866764,27.569059552475515,18.500000000000007
6.685334746015775,27.27094319419973,18.499999999999996
5.953272005030472,27.26762377716267,18.5
5.966374795443381,26.975080640977964,18.499999999999996
6.325242924320867,27.717112403807864,18.5
6.321959645065848,27.1221151831326,18.499999999999996
7.78889905580836,27.568629301529562,18.500000000000004
7.409023157376425,26.82298829269352,18.5
8.143888110802632,27.121314347151035,18.5
8.508838028499596,27.12110963256265,18.5
7.785328109843694,26.97272197195651,18.499999999999996
7.788290274233781,26.97470420098566,18.5
11.438175597654826,27.86489717845129,18.5
12.540036730557674,28.164299880472015,17.273720495673324
12.542765779907434,28.466000742185045,17.28041390323658
9.260131728444906,27.575213092276275,18.5
12.173759074469466,28.461503416819188,17.27199274611241
12.904457879999999,28.613202202415962,17.271616554655058
6.142131914802848,28.79694084171755,18.5
5.574302437216048,28.473915063064375,18.500000000000004
6.312894500481944,29.207532020000002,18.5
6.30660112191006,28.615643748497522,18.499999999999996
5.581936404735373,28.46734245107193,18.5
5.938776115665664,29.06014498313585,18.5
5.944009298579649,28.912472036189598,18.5
6.30943078696568,28.313227292173277,18.5
6.676872964633789,28.016674313502477,18.5
5.939240003502545,29.060217064115765,18.5
5.5811600723886965,28.461575114276194,18.499999999999996
6.669488604295463,28.762735576961873,18.5
11.452211135413858,28.6154840703461,18.5
6.686669132124381,28.01587037432523,18.5
9.619105153218339,27.871411652495702,18.5
10.013331736349908,28.32261759642943,17.89232255848423
10.712982199580942,27.869616375173848,18.5
10.702123656619916,28.459315460325094,18.5
