8.822325653081993,28.25811534493212,11.1
8.146944378861768,28.12336759116653,11.099999999999998
8.569076515489888,27.908753185246102,11.099999999999996
8.267224589229368,27.795070559401452,11.100000000000001
8.52774722737911,27.650467183145796,11.099999999999996
8.370301952889172,28.30037505047049,11.1
6.15631772492145,27.11249346273713,11.099999999999998
5.724011135298069,27.3140591714827,11.099999999999996
6.042658328823562,26.977830830981176,11.1
6.293526983607724,27.24485699535766,11.1
6.10532022256945,27.270779535086554,11.1
6.611849328087598,27.068525729638896,11.1
5.165820369542318,26.987479316685423,11.100000000000001
5.419539867570225,27.365184418794886,11.100000000000001
5.182720754173309,26.909425133222552,11.099999999999996
5.176607687758574,27.081322000622997,11.099999999999998
5.223532282329824,26.985645618930572,11.1
5.324253566344717,27.24270146709363,11.100000000000003
9.101521246423756,27.283843403309593,11.099999999999998
8.573171045216728,27.760394853197095,11.099999999999996
8.569580278353543,27.824170526650633,11.100000000000007
8.386604328065156,27.58905321494001,11.1
8.817200031581308,27.689359347689283,11.1
8.399919175366973,27.292770714794973,11.1
6.624399194974664,26.871287692233942,11.100000000000001
6.012062521801381,26.239894245180338,11.1
5.815240691224028,26.459965062962038,11.099999999999998
6.676761829651619,26.43605349706827,11.100000000000001
6.28665084478453,26.503995514600483,11.1
6.085387006482305,26.312964112826677,11.100000000000003
5.261743944208137,27.21013188602292,11.100000000000003
5.3840521925681095,27.21207719054442,11.099999999999996
5.271744537808644,27.277138534905326,11.100000000000001
5.419548330766361,27.37486192563086,11.100000000000001
5.604262258702886,27.53122634863032,11.100000000000001
5.4756766178611755,27.441692377561477,11.1
6.437273714946175,25.46954782363461,11.099999999999998
6.978899611507174,25.503733619453456,11.1
5.852198876292138,26.173302161299592,11.100000000000001
7.397770411209193,25.827536218832527,11.100000000000001
7.180801651805165,25.218014035719186,11.100000000000001
7.011307824279144,25.465873761899175,11.100000000000001
6.1590410346493245,25.82951527209702,11.100000000000001
6.539966859392425,26.65989151367221,11.100000000000001
6.565295447186487,26.65404718535355,11.099999999999996
6.7050733906836575,26.450585850027803,11.1
6.321602921092302,26.517928961782697,11.100000000000001
6.693090144598293,26.356565873861577,11.100000000000001
5.21142587604489,27.11442824169035,11.100000000000001
5.244111479829809,26.811620534995782,11.100000000000003
5.28983608265347,27.094748931647892,11.1
5.340454989455541,26.85677646217357,11.099999999999996
5.402182346576142,27.177510014144318,11.099999999999993
5.29400876757706,27.094711615991844,11.1
9.042459708353205,25.920058869108356,11.100000000000001
10.30970300520672,25.726959530706306,11.099999999999994
9.779519388026596,24.460394076429846,11.100000000000001
9.922544354652016,24.685757948301823,11.1
9.95313931386274,24.719736286959677,11.1
9.579055694620303,24.651825101504475,11.100000000000001
7.6542465081613384,27.77914618839733,11.099999999999996
6.985106248024731,24.67022233441977,11.1
6.650567191161397,25.15904330845193,11.099999999999996
6.48020658578061,24.557016032414847,11.1
6.047463118248935,25.237997770641822,11.100000000000003
5.407862826791909,24.850109705274026,11.100000000000001
4.996367303457772,25.86376780219489,11.100000000000003
4.889387923240802,25.918675292277648,11.100000000000001
5.028183434031152,25.694327561411423,11.099999999999996
5.107600277346275,26.145677767216274,11.099999999999994
4.90775506220445,26.08436083432904,11.1
4.869834123660985,25.961250946536087,11.099999999999996
7.609851895965492,21.884399984715735,11.099999999999998
7.729267986492944,20.318647717912864,11.099999999999996
7.125008277635181,20.81476614273824,11.100000000000001
6.325035767257585,23.223787471401245,11.100000000000001
7.520746344785046,20.381633587541494,11.1
7.263071223893601,20.222922609277603,11.100000000000001
6.882236959814541,22.502763258779048,11.099999999999996
6.521501651540245,22.69149550483091,11.100000000000001
6.493349045736661,22.594451534685287,11.1
6.366444738264621,22.996237978736968,11.099999999999998
6.40102103964636,23.167556377665147,11.099999999999998
6.394096062902875,22.985296166232228,11.099999999999998
5.327419373287766,23.927487118299023,11.100000000000001
5.154970974273444,24.12674672294798,11.1
5.2759721728420494,23.661225482599576,11.099999999999996
5.645880697965471,23.206540042283677,11.100000000000001
5.9134965143978935,22.377192346321287,11.099999999999994
6.087366873473767,20.943273866836677,11.100000000000001
8.052689425196867,18.854880270405502,11.099999999999998
7.807742788468763,18.967868031662547,11.1
8.18332899938955,18.560397693347,11.100000000000001
8.528191746915581,18.25717523081845,11.1
7.295459889989722,18.62081090000652,11.1
7.578059086525113,18.847278318105566,11.099999999999998
7.101809371034349,19.892777891385126,11.099999999999996
6.901568518430889,19.65207058745401,11.099999999999998
6.218800587076033,18.574775310231164,11.100000000000001
6.770126105921321,20.46097895880195,11.100000000000001
7.037640668691011,20.338893642850277,11.099999999999998
7.947786207233627,18.541449394188014,11.100000000000001
5.16796550917704,21.844627932510765,11.1
7.607667796062593,19.055618155099502,11.100000000000003
6.065873326965079,20.05532667104111,11.1
6.4731766582689225,18.71570530199337,11.1
6.3178742030781,18.650320417534285,11.099999999999998
5.886759645937364,18.74172915039421,11.099999999999998
8.942813462460832,17.992588275112137,11.1
8.41890875420562,17.816042978693623,11.1
8.923881582488006,17.787428427428,11.1
8.091416980744508,17.763996823171222,11.100000000000001
7.921380834487621,17.51506870694495,11.100000000000001
7.486858849307177,17.733833530181634,11.1
8.333553645159878,18.160687641623138,11.099999999999998
7.596497903034027,18.425523304609737,11.100000000000003
6.883712046432128,19.015410645748684,11.100000000000001
6.299698316556952,18.624165570925246,11.1
8.002890561480667,18.39673130869024,11.100000000000001
7.540045920122008,18.459559456311343,11.1
6.292824196322551,18.30005240429718,11.1
7.527966537083258,18.184573203249236,11.1
5.683427968196634,18.756393587960435,11.1
6.327063576181271,18.546270875254834,11.099999999999998
5.648908532769085,18.0851192357885,11.1
6.623458743023692,18.50010226040337,11.1
8.25669650176663,17.401727988954608,11.1
8.927302029799696,17.460003322396183,11.099999999999998
8.9320132754187,17.702884860442435,11.100000000000001
8.803288945549367,17.62502076045133,11.100000000000001
9.976017968508096,17.684706830021057,11.099999999999998
9.183065962544855,17.499318558389394,11.099999999999998
6.729879287310429,18.043714963250725,11.1
9.02931065654368,17.66813484882667,11.1
8.48163416755345,17.660162132493674,11.099999999999998
8.101636781873642,17.583136563166498,11.099999999999996
8.476796906001208,18.057282199051812,11.100000000000001
8.797037547485804,17.854390214255158,11.1
5.944433763898126,17.958420253216808,11.1
5.237438271305552,18.062685375349723,11.100000000000001
5.896628046047916,17.99009854438,11.1
6.935975652076507,17.409446105780127,11.099999999999998
5.573951577819902,18.10003170419817,11.1
5.4201155469889235,18.37776925107955,11.099999999999994
7.67112658183088,17.333510232781904,11.100000000000003
7.6080875283567115,17.729720250224762,11.1
7.352243718739321,18.335874438325032,11.100000000000005
7.518764747334185,18.35478773130888,11.099999999999998
7.403318828307459,18.221695643456993,11.1
7.784811466289228,17.749815199018354,11.1
9.24648965681656,17.565291209742146,11.1
8.465593222354709,17.24210364748116,11.1
9.38435453101552,17.670245698916723,11.099999999999998
7.627954939668827,17.32299964453422,11.100000000000001
6.8954971343882825,17.540214143760256,11.1
8.995231332258308,17.764851627293964,11.099999999999998
10.740366139282955,17.875904560212547,11.099999999999998
11.410294116978845,18.857557843786214,11.1
11.178768426240431,18.724217105267115,11.1
10.855017322160773,17.955454666785545,11.1
10.826980574783844,17.933371981440356,11.099999999999996
10.234968708044349,17.706461257758857,11.100000000000003
7.333916212070755,18.42399040684802,11.099999999999998
7.196504670429864,18.214413508799556,11.099999999999998
6.832623873579303,18.735808473090305,11.100000000000003
6.901304034892802,18.723405795458774,11.1
7.676157031646785,17.489676809689467,11.099999999999996
6.808352084125926,18.207520792647475,11.099999999999998
7.489993838469094,18.39479900052429,11.099999999999998
8.779648140319935,18.50586371698953,11.100000000000001
8.924191940519425,17.756556764210238,11.100000000000001
9.686127560401125,17.832798001000914,11.100000000000001
9.961970272288786,17.800325071989228,11.1
9.559953773937988,18.0302855820521,11.100000000000001
11.43513538470261,19.528592375929637,11.099999999999998
12.04224751788665,20.03378595859675,11.099999999999998
12.118401930300344,20.145101373509508,11.100000000000001
11.795535590498545,19.698739051309268,11.100000000000001
11.346994890748288,18.38013307781063,11.099999999999998
11.991123653864907,18.876453500659295,11.1
7.566970313197025,19.183568994110964,11.100000000000003
6.387701379745559,20.090084348948846,11.100000000000001
6.913014408009863,18.79833024469137,11.100000000000001
6.165381749827526,18.352867346688218,11.1
6.1065640659992555,18.576168306396045,11.100000000000001
6.564462927986366,19.27871592469767,11.099999999999998
7.2800648256504275,18.566931567689814,11.1
8.361935063500821,18.87151225920029,11.100000000000001
9.135769220961679,18.117446766147793,11.099999999999998
8.545500667594132,18.481102361056628,11.1
8.058145544158611,19.33801814165695,11.100000000000001
9.322301317179514,18.560582258698396,11.099999999999998
11.872794468566612,19.778641015672427,11.100000000000003
11.538319480601922,18.348723289113735,11.100000000000003
11.422378725533964,18.624060142535644,11.099999999999996
11.175024562428492,19.389983441553866,11.099999999999998
11.757143791993949,19.471285544478494,11.100000000000003
11.869617047252671,19.648328460894906,11.1
5.958332577136956,21.97525050067353,11.1
6.847728349352121,20.19661335634957,11.1
7.114138950756241,19.62389187608154,11.099999999999998
6.0789494513240605,21.76725159134487,11.100000000000001
6.639435273665501,21.858547510929597,11.1
6.384669927096807,21.32416727246868,11.100000000000003
8.339054958051651,22.919086486538358,11.099999999999996
7.2305231959129825,19.4985914134175,11.100000000000001
7.965972023045006,20.33983078660663,11.100000000000001
6.759252253067163,18.957830632060954,11.1
9.009170218425231,19.111904423440762,11.1
8.416731609321563,18.93044647373922,11.1
11.663874878029409,20.075231897831454,11.100000000000001
12.162479958541136,20.567762005081573,11.1
11.931218688322307,19.928279519479617,11.1
12.313968781904386,20.73979009211852,11.100000000000001
11.987491989148012,20.773434589131398,11.099999999999996
11.93225811101334,19.56057027550438,11.100000000000001
6.3488214519416735,24.129896674529476,11.1
6.260702642447403,24.05811877588371,11.100000000000001
6.4305390921134125,23.10983723345474,11.1
6.124769947206355,23.474792324849755,11.100000000000001
5.9620919487050275,23.459010844084354,11.100000000000001
6.149745720605655,23.036652027177553,11.100000000000001
6.18789560120699,22.41806980811532,11.100000000000001
6.67102683627112,22.340985957642275,11.100000000000001
7.027247846642139,22.609869026413364,11.1
8.029212916313647,23.407677561493227,11.100000000000001
6.131754090806671,22.926638203689265,11.099999999999998
6.05417976233856,22.50239453755388,11.100000000000001
11.04974146416245,23.125887021041024,11.100000000000003
12.201684055930668,21.575141354136022,12.140412574722827
12.904457880000002,21.721871670439587,15.166837548006692
12.553395515555884,21.473123858081866,13.092930705647019
11.87262818882175,22.340988732728928,11.1
12.477718549680969,21.450960382443963,12.64249818270681
5.9925365833612165,24.485334736770042,11.099999999999998
6.547908333425873,25.555552245952136,11.099999999999996
5.615733694223676,25.620817706802683,11.099999999999998
5.365709820689576,25.2146968601707,11.099999999999998
6.330619220240907,25.907672430232687,11.1
6.962995952249853,26.436112172064615,11.100000000000005
8.769929839061454,25.8203225290015,11.1
8.038874611365241,25.325875590968383,11.100000000000003
6.63317549420297,26.47305681840935,11.100000000000001
6.419764572631268,25.74631251966393,11.100000000000001
8.228279340377588,26.01661332275607,11.099999999999998
8.580591033939728,25.254969913373486,11.1
12.904457880000002,23.359073123412298,13.380760773754862
12.636220238020568,22.11587344459168,13.188725133261928
12.90445788,24.955179067815624,13.39353454181041
11.908320605469568,23.9219736114104,11.099999999999996
12.06366867904985,24.368961545816944,11.662913404009984
12.043898994862067,26.344255010410976,11.643523903567642
5.6492028979527955,26.50545644376612,11.100000000000001
5.516691068466508,27.164582767618157,11.1
5.899151841246342,26.447433373428304,11.1
5.554934775595623,26.729445447549203,11.100000000000001
6.577772709647637,27.07459421934875,11.100000000000001
6.069738949602744,26.613882182320832,11.099999999999998
9.116802783665381,27.41617410374805,11.099999999999998
9.052934251470795,27.669492008285168,11.100000000000001
8.62129914710043,27.629597842104047,11.099999999999998
8.360914264653115,27.082447821588552,11.100000000000001
7.494734396750943,27.153178326427174,11.099999999999996
8.375439901459288,26.999065406237175,11.099999999999998
10.59341087639075,28.043972206047986,15.185313102821741
11.705693411808426,27.170857710302258,12.24738169174924
11.391046871789339,27.13827609634785,11.78978843284431
11.259244694490055,27.73344438606697,12.63542987440799
10.728009193330806,27.432367777424233,11.1
11.202760798762503,27.394350536525224,11.100000000000001
5.761587121136165,26.880569436439828,11.099999999999996
6.064432941196579,27.1966597651143,11.100000000000003
5.949962235880393,27.26403179828639,11.099999999999996
5.355181464160066,27.40772722944765,11.100000000000001
5.57298224008666,27.272582053644353,11.1
5.448766311541701,27.261395921348768,11.1
8.015891705354786,28.165502288728117,11.1
8.733957967982079,27.959238667683294,11.099999999999998
9.624541548810729,27.68946815396338,11.099999999999998
8.721411131447272,27.865201856581503,11.099999999999998
7.644041087345115,28.03157467454097,11.100000000000001
8.339573988215832,28.085839417895652,11.100000000000001
11.558007165415049,27.376519526475082,11.37423565809758
12.020264995562322,27.375699483231006,15.20286280913111
11.709968104431697,27.239769975751475,12.114771712609802
11.914386893473907,27.81218573622596,13.87090855248283
11.745765678881305,27.512979911717295,14.87653859907982
12.75350280864912,26.712457087730584,13.747311770716587
6.339613323087947,28.33382019091894,18.500000000000004
6.175064529551024,28.071296322236854,18.500000000000007
6.118541856967103,27.625781031299248,18.499999999999996
6.18885687801419,28.278943575855124,18.499999999999996
6.304186678805811,28.061693228589103,18.5
6.349642220803472,27.709319184399153,18.499999999999996
6.709341680625146,28.521764584261188,18.500000000000007
6.612172325110931,28.483688258881244,18.500000000000004
6.747252121683333,28.380860834771983,18.5
6.75210391780435,28.1444657591696,18.5
6.474320606518224,28.401720294559716,18.5
6.277281538265582,28.274133112778003,18.5
5.707148867747544,28.031664481745768,18.499999999999993
5.427961210185302,28.422707269567585,18.499999999999996
6.213365486963263,28.28714250186746,18.50000000000001
5.836798518856207,28.196195828795823,18.500000000000004
5.844240036727062,28.318879737911008,18.500000000000004
5.851906161447789,28.45344619028532,18.499999999999996
5.898011213886693,27.501532692273468,18.499999999999996
6.2115427374340175,27.437951913352272,18.5
6.356910739017869,27.92394283424796,18.499999999999996
6.592244098303785,28.00075761660409,18.5
6.758123176342171,28.101114254410273,18.49999999999999
6.451048786490177,27.36852421278428,18.499999999999996
6.023239517248879,27.58517929451388,18.5
6.701510727279933,27.528760903032218,18.499999999999996
6.410089388174777,27.35764392294395,18.500000000000004
6.357209675041952,26.77587855667114,18.500000000000004
6.4491903005464115,26.957622577479636,18.5
6.322761416794329,25.841688115420585,18.5
4.8185268181548295,27.858730533454285,18.5
5.333038049829839,27.68617899491359,18.500000000000004
5.520566888753502,27.85152286371878,18.500000000000004
5.9468782985517405,27.669148532800733,18.499999999999996
6.055434457557798,27.733126026516445,18.500000000000007
5.80570447275995,27.72758207482499,18.500000000000004
7.397151118946306,23.388238469759806,18.499999999999996
7.830732139368011,23.86235516826168,18.5
7.872043509830736,23.226187705031933,18.499999999999996
7.795963752495967,23.6570788018168,18.500000000000004
8.26303619181379,22.757892013882934,18.499999999999996
8.030397714854885,23.911973820332868,18.499999999999996
6.703476011902321,27.21369893045782,18.500000000000004
6.805805837132971,27.338254603061873,18.500000000000004
6.746317916895045,27.08847780939841,18.500000000000007
6.679082125078387,25.50408882748686,18.499999999999996
6.682378361638209,25.145913006221026,18.5
6.693297640288816,26.524737332256596,18.5
5.569116553150631,26.43163479718525,18.499999999999996
5.5975596507620535,26.570374453320195,18.499999999999996
6.305112806425875,25.89935175060043,18.500000000000004
5.580804588056836,26.947642512446453,18.499999999999993
5.364725908998387,26.99766967638764,18.5
5.614246316268218,27.35387949908406,18.500000000000004
8.08126146252061,24.011082313665632,18.499999999999996
8.348784064935456,23.39933074327523,18.499999999999996
8.319362364729447,24.01634459007654,18.5
7.5713742808037585,24.418474837330503,18.500000000000004
8.354405197259043,24.060375972501777,18.5
7.191270697945833,25.7064935409792,18.5
6.701039917102967,25.536869094104567,18.500000000000004
6.48464493588806,26.190898853927518,18.500000000000007
6.427199109399177,26.571492467521367,18.500000000000004
6.498067165856756,26.439957859590933,18.499999999999996
6.5564621465293245,24.832214682388294,18.499999999999996
6.527333558636155,25.413966361348677,18.500000000000004
6.4075870451238695,25.622670715912978,18.5
5.616240032699691,26.865036182325333,18.500000000000004
6.049502247641838,26.203457495997245,18.500000000000004
5.787742523015644,25.750240314263632,18.5
5.173935969550945,26.8831689363071,18.499999999999993
5.997087300026035,25.723542789741483,18.5
8.654419304982598,22.590909181292716,18.499999999999996
8.557911674718389,23.12274645615397,18.5
8.289616002807998,23.988860442177348,18.5
8.618742027024094,22.90975848138815,18.5
8.517183556591439,23.63065526007105,18.499999999999996
8.423340973382698,23.147198139548745,18.499999999999993
6.571833044982959,24.191294568648868,18.5
7.025601970633977,24.23641144293875,18.5
7.026482330622918,23.594133503724898,18.500000000000004
7.101813768566843,25.238176540507304,18.499999999999996
6.819348647576559,24.55166640114474,18.500000000000004
7.159156450618795,24.06993306349297,18.499999999999996
6.84196656983958,21.979853576106137,18.5
6.761592987495381,24.655803247897495,18.500000000000004
6.714197346533108,23.469040039877576,18.5
6.6537653529406855,24.844222604719896,18.5
6.5450145855249975,24.014710623749355,18.5
6.768789729711085,23.52570081829498,18.500000000000004
8.869212074962025,18.09008892743382,18.500000000000004
9.416278656207163,18.632349056115576,18.500000000000004
9.87205480315503,18.536857307472065,18.499999999999993
8.10625790370581,18.15662174727607,18.499999999999996
8.118174843334895,18.190602352368384,18.5
8.091034169233094,18.155068206007076,18.5
7.144570946754913,23.444933244133495,18.499999999999996
7.836928914651541,22.687447094925535,18.500000000000007
7.4447065006926,20.954833520251526,18.499999999999996
7.864543378328193,22.857083026958904,18.499999999999993
7.64384206402287,23.0849963698347,18.499999999999996
7.631948811487056,23.09769474727727,18.499999999999996
6.888265419198432,17.71700499752125,18.500000000000004
6.825378628043383,19.859075126046974,18.5
6.719456208616469,20.0534674534626,18.500000000000004
6.878968391876409,18.51337070109681,18.500000000000004
6.857602068607316,19.741228072336597,18.5
6.734368759249577,20.495643555192977,18.5
9.505183209834557,20.05037241350277,18.5
8.869733336311615,19.270413250831773,18.499999999999993
6.861740604418309,19.16994187120997,18.499999999999993
6.781761686183779,18.280560632174666,18.5
8.120340536121356,18.123907865534083,18.499999999999996
9.051386621595986,19.389345086320915,18.5
7.411378757208761,18.740025741230255,18.500000000000004
7.223765490465656,22.314456692731916,18.5
7.110547231004674,22.255808529665085,18.500000000000004
7.6350979666965095,21.808209137612664,18.500000000000004
7.135622232131993,20.94733038798464,18.5
7.519946060238022,22.663081405238255,18.5
6.640007855461255,17.48868418761662,18.500000000000004
7.017772620185268,17.474487642603187,18.499999999999996
6.319832301136164,17.937609876502165,18.499999999999993
6.866562689009647,17.27565863441514,18.500000000000004
7.317979924436261,18.355108089056337,18.500000000000004
6.631221681176203,17.33716852375029,18.499999999999996
7.641320709402518,18.371274043564686,18.500000000000004
7.814785006531141,17.634566440534464,18.499999999999993
7.194409659028943,17.73915367072398,18.499999999999996
7.365168729186443,17.681790792563596,18.500000000000004
7.428236260487117,17.687555750788285,18.5
7.51259514856813,17.681343129395334,18.500000000000004
7.159576145972414,17.276360216397897,18.499999999999993
6.710143462962458,18.884638100108173,18.500000000000004
6.400682483815816,19.620600711991234,18.500000000000007
6.633588510823699,19.558245778662958,18.499999999999996
6.84484120892979,17.316616849161925,18.5
6.526301946318189,19.43528363753403,18.500000000000004
7.007821722152814,17.29052680711808,18.5
6.902036487179011,17.315859882235028,18.5
7.3388455946699445,17.45851149247993,18.500000000000007
6.992065060950773,17.3172476527997,18.5
6.900836177811232,17.32780700342556,18.5
7.091666493101384,17.560631236848394,18.5
6.801421979072881,17.948411564805504,18.499999999999993
7.199591191682295,17.401107995579096,18.5
7.092392240662683,17.33670932001373,18.499999999999996
7.112085383262245,17.305690465770986,18.5
6.9331609386608575,17.896962260614323,18.499999999999993
7.258169731422918,17.60346985817974,18.499999999999993
7.672597419093673,17.778123169975036,18.500000000000007
7.117980951287512,17.709826894767552,18.500000000000004
7.379427089558892,17.719041391223318,18.499999999999996
7.308010984551213,17.514254508822226,18.499999999999993
7.3805681428080145,17.756973748666933,18.5
7.810475240990164,17.90863679586358,18.5
11.784260677275583,19.707604908790977,18.500000000000004
11.1551526962749,19.43222063025578,18.500000000000004
11.680895036949122,20.022231203072057,18.499999999999996
11.550198387728035,19.876668556081516,18.5
11.764466037010264,19.72674473316105,18.5
11.642445702769344,19.915887449524153,18.5
8.142238992731047,17.987090942007658,18.5
8.160411345011667,19.268877845498952,18.5
7.61278047766276,18.4516776867717,18.499999999999996
7.206564458387508,17.60908084808086,18.500000000000007
8.789056432920807,19.39810937180034,18.5
7.89076837135916,21.1271102516158,18.5
9.048061297052545,18.241851734922466,18.500000000000004
8.01012017615398,17.979946364166146,18.499999999999996
7.985492565584369,17.63408739495518,18.499999999999996
10.063067963521359,18.67309641842575,18.5
8.4572589355532,18.31627502752718,18.499999999999996
7.669131540684657,17.842394425021695,18.50000000000001
11.77111373151372,19.418015905390703,18.500000000000007
11.684638842504961,19.341192747490407,18.499999999999996
11.7357295731265,19.212952722674252,18.500000000000004
11.754287385004263,19.68860002457196,18.500000000000004
12.043458409454264,21.001010916048568,18.199460814101723
11.092358737329498,19.14190587227897,18.5
7.915087183266598,18.860827471307005,18.5
7.04889051391383,18.155518626615933,18.5
7.740487926529937,20.00996423525696,18.5
7.362777634780948,19.2801210363391,18.499999999999993
7.852540856391648,18.146165117060193,18.500000000000004
7.967243658199971,18.976728353122464,18.499999999999996
8.79733174686546,19.064570184639926,18.499999999999996
9.939559310205293,20.012111204675136,18.499999999999996
9.603379220226447,18.542817628757472,18.5
8.721854668122187,19.69947641449205,18.499999999999996
8.664378384867602,18.851353766190897,18.5
9.19327324894923,19.557057230245093,18.500000000000004
11.35453615152024,20.097410851985458,18.5
11.730137098997192,19.994957566165713,18.500000000000004
11.689882917554039,20.296129851534058,18.499999999999996
11.52313931456842,19.39589435460454,18.5
11.54370785746687,19.944971621032956,18.500000000000007
12.063132544792946,20.718800647320773,18.499999999999996
7.973874945612828,22.611545793385666,18.5
7.420196210397427,24.04441674959405,18.5
7.362132678979972,23.66149751922644,18.499999999999993
6.908540567658321,25.128561940149226,18.5
7.982140542785217,22.906775890486234,18.499999999999996
7.213961875654788,24.07180169443456,18.499999999999996
9.741113313097397,22.765132191390098,18.499999999999996
9.73596963344454,21.800709523935108,18.499999999999996
8.690563229483628,22.969694055185883,18.500000000000004
8.776922635256511,22.02996601306312,18.499999999999996
8.652973235443207,23.380624652307876,18.500000000000004
8.540011356947673,22.95106412860265,18.500000000000004
12.105867764616637,20.657143769681934,18.500000000000004
12.103749419772507,20.62342450590361,18.499999999999996
11.669020850137356,19.994198209094645,18.500000000000004
12.347103433892597,21.0234578259783,18.241960187209706
12.342503050067773,20.85511152989466,18.368963075276692
11.914523209213069,20.297168179817145,18.359388921545904
8.123191484929125,23.26874683533584,18.499999999999996
8.008754934134497,24.534811780364834,18.499999999999993
8.155000668087478,24.237105319972894,18.499999999999996
8.160713290385141,24.326456710800095,18.5
7.713138333145038,25.420823571680554,18.500000000000004
8.138579442936647,23.4456705774439,18.5
8.507679110958675,23.213662760499396,18.499999999999996
10.086749268277211,20.695545282994004,18.500000000000007
8.87292184917477,22.0178887939723,18.5
9.569461863697782,22.6114258244318,18.499999999999996
8.894015875990213,22.47356874023552,18.5
8.598216632713687,23.557291518800902,18.5
12.160869372542958,21.076715562427996,18.360831673913108
11.805089504057564,20.990555090350085,18.5
12.625920111194109,22.04982708577272,16.771678410446157
11.877073459482514,23.87111063288882,18.357456443126615
10.596034920804062,24.021062978811948,18.5
11.38430749224247,21.390110070150467,18.500000000000004
6.938806876672164,26.5333051051606,18.500000000000004
6.925803228055871,27.149412114343523,18.5
6.282333341915056,27.78550422698937,18.500000000000007
7.283365326526855,26.792818373512496,18.500000000000007
6.322631174229501,27.5975949609213,18.499999999999996
6.9340193322424435,27.481633026184923,18.500000000000007
7.779575023290487,25.77700694252127,18.50000000000001
7.511113304333409,25.986983622955943,18.499999999999996
7.683609242677633,25.039320718988314,18.499999999999996
8.061332775884864,24.78850089318095,18.5
7.5963928509331025,25.393532659279515,18.5
7.34305815263794,25.573092066569338,18.5
10.993423028812444,24.88351588854886,18.499999999999996
9.572937523192747,24.395241316101416,18.333502870681773
10.79857782380006,20.390705640781256,18.499999999999996
9.756709642821258,23.485267418828222,18.34945373204423
12.081311901055916,22.937211626076152,18.23039931590031
9.220298242376007,25.04007578384231,18.5
6.655262708435815,28.405385341481065,18.5
6.735310360720302,28.344298212424526,18.500000000000004
6.687646098624103,28.22125522869122,18.500000000000004
6.921547720585654,27.843448619989566,18.500000000000004
6.519058021066649,28.067919801876982,18.499999999999993
6.7147002279952,27.94513339911732,18.500000000000004
6.043824750286071,27.69987374799034,18.5
6.578994560660267,27.402373987025342,18.5
6.73926031230026,28.315186145672477,18.5
6.5863531400582005,27.869704357480387,18.500000000000004
5.817435810499879,27.62824923284358,18.5
5.9458195438063886,27.619512259193325,18.5
8.718927085111094,27.705065368484675,18.500000000000004
10.48913883121566,27.71017186331373,18.5
9.544491124243399,27.787262136928835,18.499999999999996
10.400038311997346,27.71536369457145,18.499999999999996
9.172862242016897,27.641410884681505,18.5
11.92712016369079,26.584313252619204,18.20716965954944
6.26697066412587,28.303780119294025,18.5
6.5749191371144144,28.51140735783925,18.499999999999996
6.397887097838228,28.45059428840961,18.499999999999996
6.4050567970422865,28.20690521426194,18.5
6.232501467555406,28.44641703018766,18.5
6.447315789420991,28.421742214664096,18.499999999999993
6.91197564396366,28.52896409632115,18.5
6.204270945334156,28.261744089855725,18.500000000000007
6.494382036993817,27.868928736680953,18.500000000000004
6.854628795761658,28.348897573399945,18.499999999999996
6.94680350643224,28.296003254815925,18.500000000000004
6.754268412672538,28.501057022162033,18.5
7.735620926463947,28.021926395348732,18.499999999999993
9.289318008209268,27.774677166700123,18.499999999999996
10.5471557121726,27.504849194909436,18.500000000000004
9.487263626764046,27.764948768048832,18.5
11.653889776744984,25.93496030258967,18.054902332967053
8.581188404015624,27.98546929645415,18.499999999999996
8.51249214233686,28.18650287693519,11.1
8.714887235489234,27.87530096953987,11.099999999999998
8.664247985943843,27.932910050600423,11.1
8.881955092109333,28.21974370950655,11.099999999999998
8.530491305185198,28.042638957734823,11.099999999999998
8.776784253968344,28.21602430360437,11.099999999999998
6.346522621775965,27.60246589470152,11.100000000000001
6.095567830213275,27.269632108955342,11.099999999999998
6.684259342872066,27.78536291479232,11.100000000000003
6.415370432035003,27.52839739820834,11.100000000000001
6.241973986589507,27.516432704317655,11.1
6.5477692776319785,27.603306399434818,11.100000000000003
5.28510154414046,27.044190440693956,11.100000000000001
5.25687250644418,26.99136567757043,11.100000000000003
5.251234005507201,26.868406999851228,11.1
5.271628743486266,26.925022844906266,11.1
5.23487303953052,26.871439890072978,11.100000000000001
5.285322487269091,26.95915538463031,11.100000000000001
10.709376055195124,27.180614441641886,11.100000000000003
10.805083900075704,27.80203485565467,11.924742723347398
10.670741803760883,26.610387105753535,11.100000000000001
10.556866575246316,26.60457412627156,11.100000000000001
10.937883694094838,27.57398481095026,11.375533162924645
9.490783723598144,27.103417153238347,11.099999999999998
6.054065126484066,26.465901274546837,11.100000000000001
7.255276221417065,26.797348913342898,11.100000000000001
7.43236708118874,26.501622373571475,11.1
6.521593006243193,26.6232178850676,11.099999999999998
6.856938450716055,26.664524409513646,11.1
6.679098129362219,26.56130363442643,11.1
5.431891496910744,27.323740879978807,11.100000000000003
5.572594380071503,27.01808642826486,11.100000000000001
5.6006206863507915,26.984009370855826,11.100000000000001
5.479968475351974,26.836560380311173,11.1
5.542712316934966,26.870500930785013,11.100000000000001
5.760913625601226,26.75289386097229,11.100000000000001
8.863643024227667,26.071650800108728,11.099999999999998
9.126954121419041,26.53119596028109,11.100000000000001
9.691765328896931,26.320784884047402,11.100000000000003
9.13112358826503,26.103826666174985,11.1
9.917853223933248,26.709901311239687,11.099999999999998
9.832219795685997,27.09539514266157,11.1
5.846778090887357,26.4646280466211,11.1
6.059130253667868,26.56263945128713,11.1
6.125604981299827,26.4580091495132,11.099999999999996
6.018577150484889,26.12734659956003,11.1
5.342348527816369,25.21929931803842,11.1
5.98179757509104,25.857962960154918,11.100000000000003
5.7209122930284755,27.392809124257642,11.099999999999998
6.40980201282122,27.082056044406656,11.100000000000001
6.041468707334613,26.63105649104725,11.100000000000003
5.870001515701834,26.734334997764684,11.1
5.699809823956944,26.718890231720355,11.1
6.314216916198836,26.81134152957644,11.1
11.091197009831516,23.547353170366677,11.100000000000001
10.374320376722617,23.911659946263946,11.1
9.73447690374486,24.61101117404016,11.1
9.43440437434775,24.64276350797648,11.1
9.946975977959353,24.599530142112286,11.1
9.39513231990035,24.32285792924429,11.099999999999996
5.7769054633054,25.181504466984162,11.100000000000001
5.76895156219154,25.327196811162434,11.1
5.897389763842909,25.20784972688815,11.1
5.761658899640707,24.77041872870412,11.100000000000001
5.819536228271349,24.636630861022898,11.099999999999996
6.003198253675255,25.07571503057135,11.100000000000001
5.089764802296765,25.43182840521485,11.1
5.0860996102028135,25.449059445739966,11.1
5.8008101634488485,25.43250922470633,11.099999999999996
5.253100129713928,25.0164565149079,11.1
4.871345471020934,25.72298571560629,11.100000000000003
4.907140802261291,25.727389225185608,11.1
10.265397727974946,22.77013020560425,11.100000000000001
9.623396934844454,20.79736072857635,11.100000000000001
7.61949962881551,20.411328183992325,11.100000000000001
9.101352558091529,19.13165410489263,11.1
8.164438388157436,20.535804046391203,11.1
8.607447813278416,21.334973299084925,11.100000000000003
6.7193160982816025,21.037054733771548,11.099999999999998
7.005942394180914,21.626155192189838,11.1
6.851193822460163,22.019919012227305,11.099999999999998
6.855113533949327,22.023075039402663,11.099999999999998
6.9788722353435695,21.385490335504837,11.099999999999998
6.769138053135635,21.737069103015873,11.1
5.46050718086451,22.713660161195644,11.099999999999998
6.713257807613566,21.11453050465118,11.100000000000001
6.922874272105281,21.347363669052385,11.099999999999996
6.852819887618681,21.542387483411833,11.099999999999998
6.922957314208165,21.252983059450795,11.1
6.728293818704089,21.13827357306596,11.100000000000005
9.699968250488597,18.22671327451953,11.1
7.73468508082999,19.074747799022425,11.099999999999998
10.137419304795971,19.252884311032826,11.099999999999996
10.338303386379504,19.830739062517473,11.1
11.155784191602683,19.018358577462628,11.1
9.46730969467718,19.05153072282132,11.099999999999996
8.862829818926004,17.894080808605377,11.099999999999998
6.657272940285085,18.973420220368943,11.099999999999998
7.413101435242727,19.300402022285315,11.100000000000001
7.040504273197326,19.742406791493053,11.1
6.5096595467374385,19.30408422061649,11.099999999999996
7.1400519324331615,19.418601620191325,11.099999999999998
6.662848992033185,20.394787693365345,11.099999999999996
6.68647518533326,18.997119516351578,11.100000000000001
6.226988473791047,19.631113029532717,11.1
6.45257501792216,19.4452884134575,11.1
6.109231166188274,20.00366364047636,11.099999999999998
6.461809325262211,19.534662835764312,11.099999999999998
9.971741909195206,18.097530825582265,11.099999999999998
9.76343312800677,18.001103598781622,11.1
9.79403708531526,18.303604630986662,11.100000000000001
10.061199562893798,18.24270883596337,11.1
10.022629776600347,17.94481759932822,11.1
9.895690716697908,18.35909534788464,11.1
8.085689275277344,18.65456315075175,11.100000000000001
7.208868449736098,18.48762274011303,11.100000000000003
6.691642475134838,18.910961481664586,11.100000000000001
7.313577605330053,18.748779687982683,11.099999999999998
6.99815077907507,18.647227244196067,11.100000000000005
6.681652218657949,19.133993974832816,11.1
6.08318207650468,18.381438797394654,11.099999999999998
6.137705611538433,18.12334663009695,11.099999999999998
7.815594292577498,17.952924713708196,11.099999999999996
7.43250894546764,17.847135992587077,11.099999999999998
7.24800698377811,18.19189574031095,11.099999999999998
8.895906185026345,18.048240979168792,11.1
9.817806637304463,17.820462048187295,11.100000000000003
10.237394369508099,17.719341456029557,11.099999999999998
10.296618975826737,17.812572930415477,11.100000000000005
10.03195380390981,17.601217646112413,11.099999999999998
10.009388338208755,17.63097075857265,11.1
10.048060265760467,17.765298145862037,11.1
8.759710142388876,17.620825648811696,11.100000000000001
8.764617821932363,17.610597145213777,11.1
8.850254348359698,17.656085417909363,11.1
8.684531198831502,17.611546859786987,11.1
8.8527433266315,17.5463978461331,11.099999999999998
8.922699610640526,17.54488578540841,11.1
7.785478804824794,17.47685752109836,11.099999999999994
9.03475856593801,17.513534073477807,11.100000000000001
8.559664718876705,17.49194429007976,11.100000000000001
7.177751425587157,17.359360265368416,11.1
8.792237369620581,17.75694542563391,11.100000000000001
9.136038250462772,17.640667966999814,11.099999999999998
7.686806261912767,17.38053966837337,11.100000000000001
8.373260155237537,17.72473465732809,11.1
7.73471833066837,17.512966597757483,11.1
7.312299875742359,18.09954191678631,11.1
7.674296232675531,17.945607220029252,11.099999999999996
7.395999735770009,18.217096605311472,11.099999999999996
10.451174115797938,17.70318360801466,11.100000000000001
10.327935737082726,17.690020887809613,11.099999999999998
10.53989515705969,17.754341569525938,11.099999999999996
10.112069632420186,17.542308715887444,11.100000000000001
9.48503311215893,17.35498062533551,11.1
9.851088657130871,17.506203582436143,11.099999999999998
11.925654588211257,18.637907563940768,11.099999999999996
11.18627626409472,17.97440831627059,11.1
11.540679900678537,18.36845616704902,11.100000000000001
11.545903122021953,18.24830220081802,11.100000000000001
11.471936643085286,18.55143234432012,11.100000000000001
11.279733915453733,18.041611877715553,11.1
8.237795217344253,17.9366874298783,11.100000000000003
6.658926871469516,18.221211887212796,11.1
7.2103252553663015,18.5252006617059,11.1
7.2850599676291745,18.471303476434667,11.099999999999994
7.654845332543848,18.328083478068333,11.099999999999998
7.382573186415874,18.73324353710787,11.099999999999998
9.536280033534352,17.69200102154078,11.100000000000001
9.942586104326185,17.664297341406467,11.099999999999998
10.06835994668797,18.00640618516471,11.100000000000001
9.658231269034957,17.970452894670803,11.099999999999998
9.835492257066402,17.437281112616155,11.099999999999996
10.004610629234891,17.746162608715895,11.1
12.114686929876083,19.057200530462772,11.1
11.797900653623941,19.01766217247749,11.099999999999996
11.655102520318314,18.224885790371175,11.100000000000001
11.465168730755053,18.39811137967025,11.100000000000001
12.199971835377195,19.458237184441487,11.1
11.724597110150292,19.060628314191668,11.100000000000001
5.9526655380004065,21.278589962733523,11.1
7.475285809661467,19.247179412747517,11.1
6.9775924108678415,19.027878564253168,11.100000000000005
7.331294578881081,18.895988031133054,11.100000000000001
7.605750403915637,19.0837613799951,11.1
7.170158092336622,18.941358786757192,11.1
9.911245202234406,18.174324524929567,11.1
9.315966121122907,18.202108537397265,11.1
9.36360496208317,18.431778626017838,11.099999999999998
8.274976278654409,18.39518119640323,11.100000000000001
9.935082093229669,18.32888737081418,11.1
9.572660003162985,18.556787141805877,11.100000000000005
10.869907935878695,17.940825080161936,11.099999999999998
10.56070353166857,17.932746399556628,11.099999999999998
11.252699843564045,18.68525377187561,11.1
11.269279859387046,18.278706614999585,11.099999999999996
11.818043552184797,19.64214731749436,11.1
11.666115736127658,19.46137875579291,11.1
6.759515184183787,21.43242628121234,11.099999999999998
6.226602802478953,22.14548169280792,11.1
6.951625078807503,22.060979540267006,11.100000000000003
6.128892173221364,22.27842244709994,11.1
7.352403459673521,22.170146795926033,11.100000000000001
6.2269874919823325,22.067775531787653,11.099999999999996
10.290842917126545,22.515662121606805,11.099999999999994
11.110416104325715,20.31792231532145,11.099999999999998
8.501561662242114,20.02321986032562,11.099999999999998
8.99155431189273,20.86183407403055,11.099999999999998
9.871951150131405,19.313912665938414,11.099999999999998
9.302221441422427,20.542351007155258,11.1
11.690674170311784,20.53287293665291,11.1
12.90445788,22.879456569887463,11.957704539280861
12.904457880000002,22.48201519574438,12.945518553181198
12.904457880000002,22.14584780571798,13.748072872573186
12.904457880000002,22.580043844836386,13.04257200040696
12.90445788,21.98432686704915,13.273981836119153
5.081449770941586,24.411332803672465,11.100000000000001
5.369831961858968,24.46967779776077,11.1
5.97109893175288,24.29184418727846,11.099999999999998
6.0458089373745505,24.310856146387145,11.100000000000003
7.674117446127635,25.133046207182257,11.1
6.060540251296684,23.924205545657756,11.1
7.6589913186486385,24.020547425624912,11.099999999999998
9.564373662903538,23.856833128557973,11.099999999999996
8.774928274721239,23.185280735797924,11.1
8.933116699551292,23.2845205191862,11.099999999999998
8.037557955277325,23.500389621606768,11.1
8.838139744178601,24.63991960927164,11.099999999999998
12.904457880000004,23.9788914680011,13.194258206693368
12.81600264339379,22.235442821022787,14.54288671356235
12.388384813579577,25.228410327165005,12.544985927618699
12.727958140379993,22.72677918884223,13.524505624300616
12.4321755642054,24.86320742429845,13.229165739669487
12.809296614957853,22.56843733690407,13.985442237415509
4.994700559115083,26.112105581333747,11.1
6.112504295282514,23.224335227893995,11.1
6.127540628718199,24.327394062129592,11.1
6.4644647593070035,24.58645170192941,11.1
6.285528024882677,23.228304324875864,11.1
5.660591666941184,24.262333479214632,11.100000000000001
10.546554307265499,24.840066696569682,11.099999999999994
10.664230569715514,24.654774517605368,11.099999999999998
11.158726723263594,25.720819437729784,11.100000000000005
9.290564301992788,25.51949720992643,11.1
10.409436983913356,25.060193287866174,11.099999999999998
10.603134511563471,25.552419228898614,11.099999999999998
12.096126449259511,23.765185589882776,11.528460427173911
12.640706186554578,26.32443681477644,12.868218759164114
12.81792926808807,25.219539467425072,13.772982838695095
12.633342961778778,22.694584041024605,12.7663943537806
12.736826274501244,25.7133020211664,13.240033111063092
12.187832511911422,23.073890047978836,11.100000000000003
6.259955374331974,27.050040104794324,11.1
6.78157805221476,27.41051403688595,11.100000000000003
7.2858673293587985,27.518059699252117,11.099999999999998
7.391437653191639,27.455449068818957,11.100000000000003
7.391443857120389,27.478785325241304,11.100000000000001
6.911626975726447,27.48617388455923,11.099999999999998
7.079183738696788,27.694001679991906,11.100000000000001
8.831255418620152,27.34488683185223,11.099999999999998
9.49864617441781,27.517304257654263,11.099999999999998
9.51494861157041,27.662684462932884,11.100000000000001
9.374003263175979,27.54211395454203,11.1
8.988870419238975,27.442591907380713,11.099999999999996
12.148891068587965,27.216763875206457,12.841283674528702
11.161455129774106,27.29724501946456,11.24318778088639
11.361314987515357,27.15159616921112,11.818968092017597
11.15480602867642,27.071895300904526,11.23950167803606
11.442935487741241,27.07220635603669,11.824910205865761
11.295687248596678,26.99171934001877,11.389700275888838
5.383406167702552,27.29348772801389,11.099999999999996
6.760063300967845,27.23203468164641,11.100000000000001
6.76210118422695,26.85190753548916,11.1
5.728108781508186,26.640194864965647,11.1
5.8570336866541215,27.02856769358244,11.099999999999996
5.604663247134012,26.534175721387655,11.099999999999998
6.110157830972718,27.55807593480019,11.100000000000003
10.054500516557534,27.391429726992392,11.099999999999996
8.960799767102108,27.7812049635854,11.100000000000001
10.454942248849663,27.76084080255914,11.1
10.661727193367314,27.6322262069879,11.100000000000001
9.379083122669043,27.678738258801705,11.100000000000001
10.986252908357617,27.50800962918658,11.1
12.65468225592289,27.188136730963855,14.736715995159381
12.154835538237757,27.581828809462582,14.024043502605661
11.900293461175835,27.513751905884693,15.610448391614423
12.237222693607764,27.348884270285545,14.790097936105333
12.256255893856848,27.585794407077888,14.776162319321049
6.5367315910703905,28.020326359107393,18.499999999999996
6.46235400297458,28.04404576293001,18.500000000000004
6.647243778175766,27.780700631898537,18.499999999999996
6.9611774007620575,28.033863990674433,18.499999999999996
6.450508521121826,27.636487389244262,18.500000000000007
7.050150501847388,28.081089424349397,18.5
6.2182369610086115,28.061543521249355,18.5
6.319398649607677,28.078043046172137,18.499999999999996
6.6009340375026015,28.395343656087324,18.5
6.074152331805531,27.9121395887138,18.5
6.220505843523406,27.977837933718376,18.499999999999996
6.538518551643354,28.532140069583747,18.500000000000004
6.126029456563662,27.664359049106775,18.500000000000007
5.945769421452689,27.74861522891957,18.499999999999996
5.901372127692848,27.67242326620587,18.499999999999996
6.029065336546491,27.929586340820528,18.500000000000004
6.106126987076875,28.075365246215977,18.5
5.880001959655484,28.173171971005868,18.5
8.227456678281404,27.97909590878977,18.500000000000004
7.5318977386345125,28.265507297359875,18.5
7.488358112915572,27.86898629559842,18.499999999999996
7.7642645801121315,27.98179003767435,18.500000000000004
7.999487228627301,26.977540969246267,18.500000000000004
8.452318370637654,26.317762229619767,18.5
6.256095045122398,27.771477166647514,18.5
6.069807426123054,27.689689107049603,18.500000000000004
6.008805016591448,27.704586803246663,18.499999999999996
6.193916169800245,27.862425035922538,18.5
6.019929271190119,27.598663084483956,18.499999999999996
6.245199507391818,27.8703630746316,18.499999999999996
6.53595345194783,28.272148349321842,18.500000000000004
5.694457870609754,28.375499506718057,18.5
5.622587939081337,28.385563647153447,18.5
5.89675629127601,28.386692509681513,18.499999999999996
5.97806850126693,28.05620345614845,18.500000000000004
6.155160951154629,28.17844043144741,18.499999999999993
8.166364432953303,24.307155008218107,18.5
8.530485519989174,24.736887667924798,18.499999999999993
8.79216945535923,24.039185880726126,18.5
8.67612745296705,25.497343124742912,18.499999999999996
8.844247655865171,25.14930130441552,18.500000000000004
8.912502117733805,24.66900799842366,18.5
7.12844779673532,26.587541309014934,18.499999999999996
6.617568641703991,27.95625039625643,18.5
6.464283370575537,28.135309822168665,18.5
6.603663370791411,27.480720286878086,18.500000000000004
6.151377168051125,27.93068130141096,18.499999999999996
6.522751155729628,28.072015945910596,18.500000000000004
6.438862741289521,27.15280666681129,18.500000000000004
5.920250531048137,27.555610385212173,18.500000000000004
5.9566765102332,27.55157054797896,18.5
6.510007394134137,27.614697662207753,18.499999999999993
5.934483528294384,26.93743936051591,18.5
5.98379285816967,27.54320624413667,18.5
8.606838473057937,23.323142215314874,18.5
8.80138830859802,23.476887588457,18.5
9.036229241500408,23.38074107307101,18.500000000000004
9.021282896174855,23.109093297973452,18.500000000000004
9.452687323836233,22.99051238284366,18.5
8.964752436208496,23.3852750137673,18.500000000000007
6.365765566883757,25.550017922384008,18.499999999999996
6.68806628811748,25.820440898057775,18.5
6.711663574872833,26.41186627184246,18.500000000000007
6.4400700253463405,27.705463773657623,18.499999999999993
5.516494001413213,26.76590805411012,18.500000000000004
6.8353578414131695,25.949274273054787,18.499999999999996
6.534712097104495,25.418413429061786,18.500000000000004
6.508316434285808,25.424400738278795,18.5
6.955463559311495,24.920299543756418,18.5
6.8785781228843454,25.076122244051668,18.499999999999996
7.315737967333147,26.03847566849379,18.500000000000004
6.937984471639261,22.97219629942243,18.5
9.16818199528547,22.87096495970718,18.499999999999996
9.202333181590761,20.321965659084718,18.500000000000007
8.724975717522648,20.32157043963249,18.500000000000004
8.983230673075365,22.792808228539673,18.500000000000004
8.952721675536196,21.859561863669327,18.500000000000004
10.59096920959675,20.46454402747938,18.499999999999996
6.9031756116538805,23.589525482529883,18.500000000000004
7.564996954112904,23.52116012779806,18.500000000000004
7.390766444232782,23.61483644943309,18.499999999999996
7.684355831068805,23.298655390672906,18.499999999999996
7.964051417418022,23.395347246906486,18.499999999999996
7.512573780287285,23.69777871861196,18.500000000000004
6.475175159095061,23.394730447325276,18.5
6.741974337572419,23.724585993349827,18.5
7.1379311161334025,23.000304436482722,18.500000000000004
6.346638813533372,24.362167222094254,18.499999999999996
6.346215500933028,24.350606517701827,18.5
6.61598126730043,24.8623481443689,18.5
8.3944765182922,19.94088518234498,18.5
8.282810594150684,18.17086570376317,18.5
10.052302124828033,18.549166339539596,18.500000000000004
8.459665900537198,18.72041700395264,18.500000000000004
8.684741007179351,19.04054083899811,18.499999999999996
8.404441373459612,18.98358885487844,18.500000000000004
8.294688336758314,20.548702934273354,18.5
7.195517513348985,21.063796571382074,18.5
7.01626143517181,21.40169052302961,18.499999999999996
7.561687743075967,21.05958623050311,18.5
7.275601478681654,19.803342970849165,18.499999999999996
7.438051896646027,19.9109046674248,18.500000000000007
6.875963658265752,21.396433527787522,18.499999999999996
6.49931429240543,18.794461896829592,18.5
6.620707797122201,19.347217156621014,18.5
6.625278185940435,20.565449629793513,18.5
6.415270376220929,18.53580609243122,18.5
5.979237071685758,19.682039451350498,18.5
7.225954757470016,17.893256071404533,18.499999999999996
7.725738424062869,18.49405865065269,18.500000000000004
9.236581203043425,19.049627561745783,18.500000000000004
9.049491757265432,18.89468711880815,18.499999999999996
8.706362245487822,18.78346637730592,18.5
8.574457448906845,18.68752055206261,18.500000000000004
7.873409646792202,18.91379162851303,18.5
6.615007125513247,18.885445476989204,18.500000000000004
6.662250030456923,17.65368985785313,18.499999999999993
6.690451934579184,18.3480905897572,18.500000000000004
6.570741285013303,17.348229965385602,18.499999999999996
6.494875965203821,17.6806076938872,18.5
6.9118156493890535,20.18090064654759,18.500000000000004
6.1318589206313145,19.61294791543687,18.499999999999996
6.852911588204787,19.07911781831457,18.5
7.060266768279193,20.089571665584256,18.500000000000004
6.740571076386665,19.80059305565958,18.5
6.901313045919355,21.357917684874693,18.499999999999996
7.281455163061718,17.9814054743613,18.499999999999996
8.235534010753481,18.04130850893247,18.5
7.332121444494641,17.56790411471788,18.500000000000007
7.459374163603842,17.83061643422464,18.499999999999996
7.332722255624856,18.58435734430773,18.5
7.23029212378802,17.451412909331555,18.499999999999996
7.251032064060124,17.258851844026285,18.500000000000004
6.915508493348484,17.737553064005496,18.500000000000004
6.99500936552272,17.575313033207838,18.5
6.558913298691934,18.03087835869646,18.500000000000004
7.028145580504481,17.402223741655348,18.500000000000004
7.190858571912703,17.508795622160882,18.500000000000004
6.640499240235539,17.43936287296086,18.5
6.537349112164792,17.365137993874107,18.499999999999996
6.720491704349274,17.34674241900361,18.499999999999993
6.5575256851164365,17.41118059905997,18.499999999999993
6.5487196649079165,17.342309525677074,18.5
6.557899733156488,17.338177398251776,18.500000000000004
6.749887339246497,18.053815683801027,18.499999999999993
7.139603001226537,19.962829485077894,18.49999999999999
6.778706982269018,19.911797097911506,18.499999999999996
7.617855909597303,20.330845582749085,18.5
6.946758482454793,18.64919904876549,18.499999999999996
7.319114563670966,19.892867788426237,18.5
6.986344514605616,18.6674405940935,18.500000000000004
7.573225085665937,17.649508693999554,18.5
7.405035307700493,17.604112744635174,18.5
8.151406221014446,18.08030097660524,18.5
6.954146948807015,17.924995830398085,18.499999999999996
7.21034787896704,17.932715525266808,18.500000000000004
11.457668005759478,19.345932527038844,18.5
11.527588189465929,19.038632247383486,18.5
11.240387771176167,19.097878672642487,18.500000000000004
11.499122704487664,19.543244899872498,18.5
11.249804836852718,19.15193864257425,18.500000000000004
10.37788856179181,19.829114424496726,18.499999999999996
7.4046984358466155,21.808848140712218,18.499999999999996
6.844859127534386,21.11826586861323,18.5
7.204326416714104,20.300921086741326,18.500000000000004
7.737358785246047,19.252385814117638,18.499999999999996
7.752119887673235,19.106728384732094,18.499999999999996
7.770502938138735,18.478138380848407,18.499999999999996
7.280994118345546,17.677747644703064,18.5
8.045037850884778,18.166776060127123,18.5
7.89775608675713,19.489141934394922,18.499999999999993
7.69511356311647,19.010986935158186,18.500000000000007
8.373994990330248,19.766621980859725,18.5
7.1786239405136225,18.07350206298543,18.5
11.43563203932269,19.538074432448646,18.499999999999993
11.645091534439551,19.151010385511523,18.499999999999996
11.496156596977125,19.286397959395085,18.5
11.368808338368888,19.036781778365455,18.500000000000004
11.503380830936377,19.15291829068899,18.5
11.386717164035467,19.893212491038888,18.5
7.873571702558767,22.055583601356613,18.500000000000004
7.533629276650654,22.00795407230171,18.500000000000004
7.59604281993574,21.595757583724044,18.5
7.733919229029907,21.979841320035543,18.500000000000004
8.22452431989331,22.75951025602431,18.499999999999996
7.913288616639719,21.009091592729952,18.5
7.792605101634067,20.43746161890975,18.5
8.586287367492572,19.826155578114708,18.500000000000004
9.210905916213234,19.63676345394765,18.499999999999993
8.423787949280976,20.396521564405184,18.5
8.91037337003071,21.47132851350273,18.5
9.806014621897848,19.848132849018935,18.499999999999996
11.292727507042597,19.36028508173531,18.499999999999996
11.531356856018869,20.094965193152248,18.5
11.862046593469355,19.90451250879975,18.5
11.551269276378834,20.08234703348304,18.500000000000007
11.83281841466648,20.189390433961133,18.5
11.378633151948307,19.1814695395532,18.500000000000004
7.653043793458714,23.876310522728126,18.5
7.718636782714596,23.45641195300797,18.500000000000007
7.495618282732664,23.68428281848148,18.500000000000004
6.939324757861722,24.122089633944277,18.5
7.678615339228399,23.004991338538343,18.499999999999996
7.783847343534724,23.478644255944793,18.500000000000004
8.416330998408997,19.89181158830335,18.5
8.601331284713478,19.629290927886334,18.499999999999996
8.088472054444667,19.33419853093731,18.5
10.35716420079128,19.346022809565273,18.499999999999996
9.059986299108136,21.795904321098213,18.5
9.84246455126564,20.847600576179882,18.499999999999996
12.46173152735508,21.00698557363096,17.781443183757975
12.904457879999999,21.19654009831454,16.315783052136428
12.5706923124772,21.060458212026045,17.316297201726634
12.546092955711584,21.00616418103932,17.58043081203981
12.657442245570452,20.58179641501981,16.844744984710516
12.247075356296206,20.30271629321947,17.52435134484497
7.413364175305526,24.529474400021343,18.499999999999993
7.661370631564058,23.563412233570176,18.5
7.324977366835266,24.172164185055788,18.5
7.389241826788552,23.96264084139673,18.5
7.757685815500057,23.572891976914104,18.5
7.619147281177755,23.66500095803556,18.5
8.470622593548612,23.906858862959947,18.500000000000004
8.5599928128691,24.289871734198943,18.499999999999993
8.401019910135066,23.774821315585935,18.499999999999996
8.752996485542583,23.69317915489272,18.5
8.649534519247757,23.69501871363838,18.5
8.50778813182457,23.308655600049835,18.499999999999996
12.464917858123226,21.1923444181996,18.067335700624582
11.283460049240038,22.079511689987726,18.33646558614418
12.727878586830746,23.02684296549063,18.356852468103305
12.643101759180981,21.578157172121276,18.360923233539356
12.713278727902674,22.688545227898814,17.051696958655565
12.904457879999999,22.735466333844325,16.606179730932325
6.528857511704569,27.23344168050355,18.499999999999993
6.862791857258397,26.62958281905682,18.499999999999996
7.117371269607468,27.02591059845558,18.5
7.193021445336896,26.61642723172465,18.500000000000004
6.643605364084041,27.38633662357383,18.5
7.200623192460385,26.879680731236206,18.500000000000007
7.350155529439146,25.024419196637357,18.499999999999996
7.925530581263765,26.61132639968145,18.499999999999996
7.207961584109191,25.50613604133131,18.499999999999996
6.85295255439754,26.840115301044506,18.5
7.907818336205816,24.941283981409377,18.499999999999993
7.159816545709099,25.75903148022542,18.499999999999996
12.815374041095989,24.114672477377628,17.897583731143946
12.904457879999999,23.78610829531696,17.597464221257212
11.48599328197071,25.565850719438348,18.5
11.512589175154556,26.269362280076734,18.061247002533914
12.02108898065836,24.199535607764645,18.345892420983937
12.737036882989987,24.714990064096952,18.193282418452558
6.162837672750215,27.638960392932734,18.5
6.46490156204351,28.227417191221306,18.500000000000004
6.6200363099743615,28.398040477880464,18.5
6.6730550129086925,27.643887603505064,18.500000000000004
6.381969358151116,28.03207531962632,18.5
6.2892155539844525,27.819603672919083,18.5
7.573239016814249,27.856850326178307,18.500000000000004
7.110101819044152,28.064058016693448,18.499999999999996
7.536135754587971,27.946701644802374,18.500000000000004
7.474175955691777,28.049782290001453,18.499999999999996
7.42308952277951,28.01093547709908,18.500000000000007
7.981632046488497,28.38217866427216,18.5
10.013582012203305,27.956328004588666,18.5
10.312177935562133,26.684811897333194,18.34912202534834
9.099321751572369,27.992150923467094,18.499999999999993
10.151712221145445,26.996945040759044,18.357762469326715
9.744115947878742,27.25971537090918,18.5
9.064102165766093,27.79594465332644,18.499999999999996
6.27070198043052,28.258040509229808,18.500000000000004
6.559468057239928,28.23629826588065,18.500000000000004
6.448071125554321,28.201160743748392,18.500000000000004
6.15683596694349,28.014881590824142,18.499999999999996
6.271427304359112,28.08609219080892,18.49999999999999
5.719059393348438,27.627203274420506,18.5
6.275059989654624,27.916905769534026,18.5
7.562651600803847,28.06299604820577,18.5
7.464342936829733,28.15077380256901,18.500000000000004
7.595062885355699,28.44120774651314,18.5
7.721355858038942,28.55804412280881,18.499999999999996
7.524699667567502,28.55733842478858,18.5
7.564747870015845,28.38293456990633,18.5
9.56499600436952,27.89359900660902,18.5
10.023340679002553,27.99303471257091,18.5
9.534927648295602,27.623685680124538,18.5
9.972505865168648,26.95592142165596,18.33505498039555
9.829803102609729,28.10198807597423,18.5
7.962706531799812,27.916813629921908,11.099999999999998
6.316360560674406,27.21035724950786,11.099999999999998
8.11536409732079,27.7398329286891,11.1
8.229424290871295,27.891831561133735,11.100000000000001
8.07028544052392,27.880771351172683,11.100000000000001
7.661400717257754,27.720181982403098,11.1
5.404986110192469,26.899736435637944,11.099999999999998
5.322563714556561,27.02790542946538,11.1
5.522641958469356,26.940617607011873,11.1
5.517665520214787,26.949688558919018,11.099999999999996
5.4487036566172415,26.92407001107414,11.1
5.354074140010531,27.03303185863136,11.099999999999998
5.282836433193962,26.947323147669607,11.1
5.39824266305717,27.039627373400204,11.1
5.268846798561532,26.939850518472433,11.100000000000001
5.355420691596373,27.12329548839451,11.100000000000001
5.367915360331428,26.998104269401328,11.1
5.334012778645672,26.947651905394952,11.1
10.848407398441251,26.81509753589134,11.100000000000001
6.529537933314049,27.11657482833439,11.100000000000003
6.076848691179443,26.89306277991567,11.100000000000003
6.164246524806049,26.79465030091775,11.100000000000001
7.323760965759085,27.382716303917306,11.1
7.712896116193518,27.636683819061773,11.100000000000001
6.089448025587567,26.366957827092687,11.1
5.681309169440405,26.328576945892816,11.1
5.88728227068087,26.73801065688213,11.099999999999998
5.718223607897573,26.669127162720496,11.1
5.918221564244113,26.461138589167614,11.100000000000001
6.200855431505121,26.556143826242142,11.1
5.181074071568926,26.855186139613515,11.100000000000003
5.175818710269586,26.86368430169613,11.1
5.176452231129839,26.991071321713633,11.1
5.203813283924521,26.843188482381883,11.100000000000003
5.253831936659545,26.600334623471724,11.100000000000001
5.244939187783612,26.74593295808163,11.099999999999998
9.823670497254255,27.05089966655303,11.1
7.034527264516728,26.338108955283584,11.1
7.375296081549549,25.418471532335005,11.100000000000003
7.691081721432964,25.09713695354372,11.100000000000001
7.959945202981889,25.475077391571833,11.100000000000001
8.460150000403559,25.346092937567647,11.099999999999998
5.746898127043092,26.719087215921196,11.100000000000001
6.047506819609052,26.507027732817274,11.099999999999996
5.92510716076279,26.678764033227342,11.099999999999998
6.954286222150633,26.99810803673561,11.099999999999996
5.929622008503836,26.521186838384985,11.1
6.2623627914064945,26.696257582456067,11.099999999999998
5.324326857718917,26.45784722482992,11.100000000000001
5.187291157723211,26.642339157251392,11.099999999999998
5.172043869362985,26.758219030429313,11.099999999999994
5.222825780274127,26.826371074228433,11.099999999999998
5.2270756843632356,26.610660572408438,11.100000000000001
5.204513122242629,26.620809852047678,11.099999999999998
7.8048748438294515,24.156398357397872,11.1
7.232428304535841,22.24925421626515,11.099999999999998
7.063982007244357,22.257692005456875,11.100000000000001
7.823215053582259,20.9894148225791,11.1
7.764413263644625,23.500669806920786,11.100000000000001
8.001369374859795,23.047432624493847,11.099999999999998
7.015418439144392,25.392540600763677,11.099999999999998
5.789392949845351,25.23258672792561,11.1
5.4964562457720465,25.192850591977443,11.100000000000003
6.501556264464022,23.85485904208028,11.100000000000001
5.647581312115844,25.268429437841032,11.1
5.704420797222285,24.883922655513835,11.100000000000001
5.140906504951646,26.134000516380286,11.100000000000001
5.075106101550729,26.13001456461876,11.100000000000001
5.110254571440412,26.48909798844134,11.1
5.052264134127065,26.055488818163433,11.099999999999998
5.092278022671638,25.649684057724418,11.099999999999996
4.998363546651568,25.870415572302488,11.100000000000001
8.395805468588408,21.197771830778258,11.100000000000001
7.985875138838093,19.991702180314316,11.100000000000001
7.54999579299868,23.50989714107772,11.100000000000003
7.04583324708761,22.28962024182393,11.1
8.059194394705942,23.96808989969659,11.100000000000005
8.383403404079623,23.692945862550022,11.100000000000001
6.820890553562636,20.81327077420746,11.1
6.222877130491677,24.129716111064113,11.100000000000001
5.9288717785394205,24.00044096481661,11.100000000000001
6.237860079794142,24.07191705492859,11.1
6.50802485724494,24.207936374689226,11.099999999999998
5.899108904097243,24.353851641167246,11.1
5.013781723629267,24.280060960044132,11.100000000000001
4.93569927141836,24.240633467348506,11.1
4.862215840842395,25.175468895354353,11.1
4.597414586881855,22.816243935948098,11.1
4.79609469590807,23.332915059114026,11.1
4.778085403488196,22.29175810091107,11.099999999999994
9.39433698968373,17.93008787177702,11.099999999999998
8.444129018014303,18.228439319932793,11.1
7.681655546895887,18.365878635932454,11.100000000000001
9.383610828888541,17.9997189277349,11.099999999999996
8.099445726846847,18.397168752659702,11.099999999999996
9.563233534841048,18.384635485795123,11.100000000000003
6.731120891047886,19.10364546519842,11.1
6.665169036168771,20.091824583886073,11.100000000000003
6.72516057557967,20.357984488677673,11.100000000000001
6.577924622113339,20.665977738948047,11.1
6.388447200824738,20.980603082842528,11.099999999999993
6.65592037386786,19.967086748834557,11.100000000000001
5.136151817582696,22.244378586609916,11.099999999999996
5.525841820799845,22.561122560622557,11.099999999999998
4.881466346076576,21.997978892405527,11.1
5.6142610999862335,20.799909552352677,11.099999999999998
5.3165134137068195,21.644199146557796,11.1
5.427695133969055,22.5597118434904,11.099999999999996
8.973435545263644,17.962473807750243,11.1
9.27047992492598,17.80587881269628,11.1
8.507995712873305,17.86302206389971,11.099999999999996
9.101505127320614,17.972401379366755,11.100000000000001
9.584421881689995,18.05854547754768,11.1
7.9573039360385325,17.782228127931017,11.099999999999998
6.15777158749658,18.33427657023715,11.099999999999996
7.191726602221737,18.911661216077277,11.099999999999998
7.251087608462011,19.21146851364584,11.1
7.439580373471222,18.651685250770477,11.100000000000005
7.73622844199337,18.389950723661034,11.1
7.312133311785946,18.905185244866132,11.100000000000001
4.9590222841971086,19.88972627632904,11.100000000000001
6.119843470322276,19.72342469981601,11.100000000000001
5.779440049848548,18.8658418042308,11.100000000000003
6.671325369961264,18.609631720673534,11.1
5.07653533374943,20.296902997122114,11.099999999999996
5.592267678054363,18.380156313006996,11.1
8.726901757828157,17.60845813137145,11.100000000000003
8.979337384458445,17.541441568058648,11.1
8.308427687409825,17.41317785677193,11.099999999999998
8.766471085088927,17.51072849122471,11.099999999999998
8.569751694279097,17.463195838523557,11.099999999999996
8.447396037963323,17.484069351880134,11.1
8.099184329836499,17.77003013626912,11.1
8.166028891058794,17.576394486265094,11.1
7.186103543695733,18.05885395905417,11.1
7.952806560702357,17.747207454370255,11.1
7.879100483939385,17.599153769899242,11.1
8.30907340460769,17.961438322355665,11.100000000000001
7.244670603509931,17.248807963917553,11.1
7.028701349465145,17.387449717770583,11.100000000000001
6.549513127828647,17.297247153606392,11.099999999999998
5.99594034689824,18.01467985858768,11.100000000000001
7.51748198315069,17.248993436897972,11.100000000000001
6.8624497981296715,17.266835993741743,11.1
7.432910078102597,17.3198984952684,11.099999999999998
7.208387466989737,17.52517235657624,11.100000000000003
6.902312719919782,17.322827812177756,11.100000000000003
7.435833572049581,17.292720786493785,11.099999999999998
6.137140151001187,17.969230947852658,11.100000000000001
7.608885103301268,17.258666860199906,11.099999999999996
9.473280886771063,17.767807349365448,11.1
8.925725459815313,17.700138388713263,11.100000000000001
9.13229131003374,17.747259521722306,11.1
8.787438281224599,17.682812681309922,11.099999999999998
8.847892582651177,17.613179367246087,11.1
8.819549219620388,17.68371480135268,11.1
10.70903881719787,17.690795059335432,11.099999999999998
10.024378595129766,17.464161323613684,11.099999999999996
9.89941374933358,17.378438068810144,11.099999999999998
10.521973701455966,17.63599611946693,11.1
10.54430536230962,17.64165406082881,11.099999999999994
10.557377399788285,17.61668083004387,11.099999999999998
5.668481972566824,19.096797257705067,11.1
6.546399613196617,18.68867082498259,11.099999999999998
7.119334614685756,18.43036726731143,11.099999999999998
8.337095503818627,17.721967712092095,11.100000000000003
6.173759764537394,18.689160161203468,11.099999999999996
6.1082741816632495,17.78421529838561,11.1
7.87982448055892,18.331783937932407,11.100000000000001
7.497673951387654,18.38531023539988,11.099999999999998
8.509080857471789,18.161764463959255,11.100000000000001
6.897813647917931,18.795096147485772,11.100000000000003
7.513549134493504,18.23524309360711,11.100000000000001
8.443186891256131,18.440985093271475,11.1
11.18927335519548,18.315571941363654,11.099999999999996
11.11133242654282,18.13858467161091,11.1
11.038982944261239,18.052695872039944,11.099999999999998
10.968335111240751,17.922676219900083,11.099999999999996
10.923456744109336,17.7204929091143,11.1
10.298896827078648,17.98168422345463,11.100000000000001
7.46449290533234,19.582737381270473,11.099999999999996
5.888974507596872,20.07128508326246,11.1
5.118826601410974,21.20470157012204,11.100000000000005
4.974560089350963,20.539940765823008,11.099999999999996
5.601297661158461,19.8942157434007,11.099999999999998
6.273835407185888,19.215201215262976,11.100000000000001
7.8762471441321225,19.239621853952016,11.100000000000003
7.393391799577538,19.11218989840466,11.100000000000001
7.324234063642572,19.378869340720335,11.099999999999998
7.497322070530148,19.228694377291212,11.099999999999994
7.0757548548681,18.935281633765555,11.099999999999998
7.1868770088293035,20.409254626704357,11.100000000000001
10.928514307701722,18.84055878995257,11.099999999999998
10.677765364292762,17.9692378798494,11.099999999999998
11.174566150694936,18.66364388569657,11.100000000000001
10.70175815366397,18.57762069676258,11.1
11.629944811221863,19.280694228672843,11.1
10.673030579780994,17.711729025343043,11.1
5.666451771108938,23.31973896451679,11.099999999999998
5.240843815540535,20.595534990986007,11.1
5.806685246751198,21.719242065172832,11.100000000000001
5.391715415451975,22.142749285523298,11.1
5.711478982160973,22.479792280549457,11.1
5.319898528890156,22.76013819029222,11.099999999999996
7.463583326286552,21.39882235579804,11.099999999999998
7.197572507672719,19.989489890072605,11.099999999999996
7.436787288183676,20.995112706412897,11.1
6.664735895884028,18.76429887510144,11.100000000000001
7.476107822953694,21.06137357606457,11.1
7.409993048029817,20.592913678706406,11.100000000000001
12.281856807892977,20.482594951169016,11.099999999999998
11.709733112932033,22.29270841987087,11.099999999999998
11.780193547293452,21.597979007734278,11.1
11.793438260749877,21.2601882444479,11.1
12.092875438103201,21.643824509768482,11.100000000000001
12.051858939952963,22.332076348028707,11.1
4.927214887304545,24.059055414872933,11.099999999999994
4.898427440913175,24.299254943676306,11.100000000000001
5.092588052404715,24.506604577976955,11.1
5.012162494201203,24.25479262809838,11.1
4.9086079656911945,24.347176401830843,11.099999999999998
5.023305293815345,24.505110638741147,11.100000000000001
6.503017465372747,23.469972412678022,11.100000000000001
6.920890244665169,24.297638543099954,11.099999999999996
8.013049789720432,23.711287205082442,11.100000000000001
6.337052999325396,24.566994455314735,11.100000000000001
6.434151543108992,24.39765052195763,11.099999999999998
6.807083241471403,24.509778360350243,11.1
11.669556341405375,21.72210562588749,11.100000000000001
11.0009087349342,23.18360779611194,11.100000000000001
10.02844014453691,23.306541649790976,11.100000000000001
11.036736165630895,22.454498370578705,11.100000000000005
11.559834561488014,22.580588249428974,11.099999999999998
10.016817729900112,23.26134267904461,11.099999999999998
5.276101684071763,26.620582280946657,11.099999999999998
5.268909880163989,27.111567419006033,11.099999999999996
5.590095346602448,26.278138755621434,11.099999999999994
5.286308677016512,25.895545726071635,11.099999999999998
5.061614973578922,25.61410967255567,11.100000000000001
5.358466577664977,25.909486566036293,11.1
7.284251223956167,25.921828106401023,11.100000000000001
6.698937308734395,26.997986458293553,11.100000000000003
6.037783634339513,26.632095944403886,11.100000000000001
6.704118372076734,26.396818824736652,11.100000000000001
8.410158818064481,27.168197227703757,11.1
7.9589637390834955,27.03194943784706,11.099999999999998
11.20301902367,23.306447253202617,11.099999999999998
10.407102087939267,26.276444980089284,11.099999999999996
9.90662985325952,26.802797172314232,11.100000000000001
8.799744562531783,23.27893578023097,11.1
10.615117512766536,25.837427544693725,11.100000000000003
10.183265787207073,24.14490014960537,11.099999999999996
4.976702248304559,27.149946088653095,11.1
5.275885262946702,27.411528841880422,11.099999999999996
5.140700975817738,27.558165396674564,11.1
5.295499428065567,27.450001709924354,11.1
5.1767934206337864,27.551194316552404,11.099999999999996
5.268556045615835,27.64632743709389,11.100000000000003
6.430084248643261,27.364915610376176,11.100000000000001
7.633654783790667,27.61048468372631,11.100000000000001
5.996361795438063,27.065398817682826,11.099999999999998
6.708644264999616,27.464582616153447,11.100000000000003
5.875948017580023,27.2806210723848,11.1
6.146588515794203,26.678371524415105,11.099999999999998
11.204272011128861,26.058426091531057,11.515041522357294
10.725827922786209,26.7456967077968,11.23343341908136
10.01204483554505,27.523143720514778,11.236802558234334
10.154143969428304,26.784625084468047,11.099999999999998
10.29038559291399,27.617404326571133,11.099999999999998
10.62527936773403,27.60062247522354,11.099999999999998
5.299199805513796,27.353333266770342,11.100000000000003
5.268136290316549,27.403461623689523,11.100000000000001
5.810038479696255,27.662982138105967,11.099999999999996
5.974572134983237,27.809433172477533,11.099999999999998
6.094656587445299,27.831930696465907,11.1
5.828820351896928,27.67837823026704,11.099999999999996
6.357329344662606,27.872471006376,11.100000000000001
6.4247121448113775,27.721640932479236,11.100000000000001
6.078679005947131,27.36675044438957,11.099999999999998
6.1837448983570695,27.89355775369398,11.1
6.302358626619208,27.683766547581396,11.100000000000001
7.15262045676197,27.987543710064344,11.099999999999998
11.463807808790863,27.344764400378423,11.370207846934397
12.195926617060246,26.84607304694613,13.148682035452774
10.904809294681394,27.466862892368535,11.1
11.446942186389922,27.26706640614335,11.564582432107585
10.922526237387407,27.611379733636653,11.099999999999998
11.396517747626973,27.697829085849758,11.25763785186893
5.955686871088402,27.977788311659662,18.500000000000004
6.6264425174356925,28.270112741936018,18.5
5.9594430110639145,27.569849303436243,18.500000000000004
6.336744324645464,28.238280969766734,18.500000000000004
6.392524825220162,27.979387463372692,18.500000000000004
6.2787991733024064,27.593377593969894,18.5
6.558300522727068,28.247061883530844,18.5
6.597800787148688,28.207939942727307,18.499999999999996
6.152653481033352,27.939137442030514,18.499999999999996
6.563813255883506,28.16009403071318,18.499999999999993
6.118499563994564,27.913855665523904,18.499999999999996
6.11263891123848,27.89705217811485,18.499999999999996
6.037266843567799,28.08488932692757,18.5
6.236866009666542,28.399002990163904,18.500000000000004
6.302415301017104,28.455182390508764,18.499999999999993
5.999800293504977,28.489434482204402,18.5
6.356361832420514,28.488909200460068,18.500000000000007
6.300992633529505,28.39293322092112,18.499999999999996
5.881591994559289,26.988669372994394,18.499999999999993
6.193200112794087,27.739491545759346,18.5
5.977164066561112,27.86013322008858,18.5
5.965427226375632,27.768046370670184,18.499999999999996
5.802464685156809,27.333413807558358,18.499999999999996
6.061844657468117,27.596162895194436,18.5
6.377777204579689,27.875289936406165,18.5
6.145153031738441,28.034983980416122,18.500000000000004
6.144954202201926,27.839211062073066,18.5
6.1132444138431765,27.92644245337837,18.499999999999996
6.291286497702023,27.730565520912467,18.5
6.500095062525176,28.06203467935305,18.500000000000004
5.475750172865907,28.15788998456392,18.5
5.327343434690911,27.85301444821562,18.500000000000007
5.388427923333769,28.04363982727116,18.499999999999996
5.559640555777123,28.22073364809671,18.499999999999996
5.6708869956413634,28.062807827156043,18.50000000000001
6.038348916691726,27.99722341242229,18.500000000000004
7.982260289660382,26.093368129028978,18.5
7.082057784527325,26.531042145177736,18.5
7.002727004790551,25.62067333630685,18.499999999999996
7.107725660556746,26.390046510530524,18.5
7.349015937973234,26.082261519282007,18.500000000000004
7.212497876540984,26.17424112004523,18.5
7.091886135170433,27.32568456408247,18.500000000000004
6.831809989232851,27.558015844127233,18.499999999999996
6.956983407932873,26.64152628939118,18.499999999999996
6.766627606413328,26.047176088895814,18.5
6.760880936795709,26.027468349169208,18.500000000000004
7.00871514085031,26.601911185763353,18.499999999999996
5.906041439616265,27.919096338679132,18.5
5.716043690932146,27.99424448357243,18.500000000000004
5.675093282569392,27.98269090136847,18.499999999999996
5.839169955531071,27.520827083206704,18.5
5.206105735391333,27.7918300678904,18.499999999999993
5.500596327320967,26.917033105907148,18.5
8.891518910998036,24.385609808232303,18.5
6.962690299835717,25.112703166620403,18.499999999999996
6.851216048299786,25.388877821432775,18.500000000000004
7.160639856444785,24.602050123712495,18.5
7.098974412534238,24.696117980743736,18.5
7.157768877858485,24.839590774282467,18.5
6.583000195466229,27.057740832152604,18.5
6.513372082823948,25.894763787417205,18.5
6.91470085958658,26.290607790584744,18.499999999999993
6.748214416055225,27.085016872506355,18.5
6.597168402305239,26.20926108024878,18.5
6.580443028984682,26.09262843920644,18.499999999999996
5.778804606105746,26.350887748896888,18.500000000000004
5.788777180271031,26.22233207080563,18.499999999999996
7.01284843705122,25.70921671246107,18.499999999999993
5.511344164733272,27.35306414454073,18.5
5.666681877232038,26.829744731780735,18.499999999999996
6.329333066791616,26.15388821683141,18.499999999999996
7.301377442366621,24.814231819230116,18.5
7.663200486632259,23.57298859084335,18.5
8.228709104878273,23.560100155830998,18.500000000000004
8.360695529998804,23.463361126998283,18.5
8.11480914403844,23.607705553946463,18.5
8.323914648680216,23.302026379241124,18.499999999999996
6.971807231356461,22.849701493323764,18.500000000000004
6.9512656416454,23.873418740880194,18.5
6.8626310483750945,23.356951490919176,18.5
7.106743135157964,23.05073002201169,18.500000000000004
7.296713251902759,23.200206659404376,18.499999999999996
6.840918753720712,24.865445094869223,18.5
7.053256790034877,24.11241134362141,18.5
6.302723410158171,25.561721744734744,18.5
6.302068490796329,25.58128055916056,18.499999999999996
7.225548904967056,23.546528453346237,18.5
6.852099551852222,25.709727056477927,18.5
6.110232584556402,26.419548215265582,18.499999999999996
7.854300291095984,20.048348713688604,18.5
7.47430452723127,19.982993043783743,18.5
8.102221092673446,19.338069890597342,18.49999999999999
7.170667943375513,18.273980887042057,18.499999999999996
7.979857718329919,18.34677311706368,18.5
7.609528133688432,18.476756072022127,18.5
7.816885797084658,22.58421009517189,18.5
7.272301814856226,23.05297092705947,18.499999999999996
7.0979301951164295,23.163510486449997,18.500000000000004
7.123377088420522,23.252746794953776,18.5
6.96449273872748,23.211272779475273,18.500000000000004
7.157907530744321,23.52563356863957,18.500000000000004
7.193967282247053,20.95562920254505,18.5
6.835473251532059,21.31599790369978,18.500000000000004
7.722353180747262,22.69943738581491,18.5
7.607496576223334,23.056368410152064,18.5
7.73193802075525,22.078542991814547,18.500000000000004
7.525851856497403,22.5726428426756,18.50000000000001
7.589681529698007,19.103291240284836,18.500000000000007
8.011741053679739,19.084857556687016,18.500000000000004
7.550901317269875,18.202494469879117,18.499999999999996
8.015893670611508,19.044618795623666,18.5
7.900843705077166,18.968848207183047,18.5
7.796495518799091,19.01546792483331,18.499999999999996
6.820737975665432,20.510585190890417,18.500000000000004
7.218677128793634,22.245868095809385,18.499999999999996
7.53370276274427,22.387403580794878,18.499999999999996
7.645552705931045,22.68312222321591,18.500000000000004
7.32694263345419,22.589489692807735,18.5
7.406357092890836,22.146700573157926,18.5
6.570213714215205,17.72808229193622,18.499999999999996
6.892882284047892,17.434006248871885,18.499999999999996
7.133147021324404,18.797184626023956,18.500000000000004
7.290233631288443,17.35640417162817,18.499999999999996
6.897618786020566,17.337593478908637,18.499999999999996
7.016344942359822,17.58915936346927,18.5
7.0386538563947525,18.412471884539922,18.5
7.185069371198061,17.70196259994509,18.5
7.231581389349201,18.697682520634192,18.499999999999993
7.159682984622703,18.399724408336986,18.499999999999996
7.021367955355559,18.395662403039378,18.500000000000004
7.381442145144349,19.02820379699534,18.5
7.294693014708349,17.275721924359924,18.5
7.074292230732026,19.933514172025728,18.500000000000007
6.9222588125375175,18.511269726859723,18.499999999999993
6.369121809179455,17.791273188831397,18.5
6.6977881070311165,19.967847290257893,18.500000000000004
6.580352705334618,17.904984145282846,18.499999999999996
6.652213949052594,17.294364786426133,18.5
6.67376650580473,17.371823704711588,18.500000000000004
6.8412212049607595,17.4003699689921,18.499999999999993
6.792120273289559,17.420421516673056,18.500000000000004
6.95172213258643,17.5635097319881,18.499999999999996
6.873742900677112,17.366852208944152,18.499999999999996
6.7291045992886955,17.412727205827625,18.5
7.142989858349099,17.325582136792622,18.5
6.905975697091282,17.301261081898094,18.499999999999996
7.078845112758444,17.312369715270325,18.5
6.819209442367665,17.323839843320172,18.5
6.9903462328497925,17.387261703319965,18.500000000000004
7.195990211761321,17.625563105737676,18.500000000000004
6.969282452316388,17.43104149412377,18.500000000000004
6.988960851718297,17.992026134808405,18.5
7.577761726516785,17.553290724854644,18.5
7.092308206216591,17.54825435107759,18.500000000000004
7.093177916311871,17.35912627405674,18.5
9.772092278195737,17.98014491012761,18.499999999999996
10.057274987132116,18.249352453685766,18.5
8.414087861099855,17.820581803671196,18.499999999999996
9.53067696169644,18.09606978571474,18.5
10.271419906116938,18.82354056714051,18.5
9.3147151257101,18.186599543090644,18.500000000000007
6.851873579738146,17.705996600667703,18.499999999999993
7.204028092088004,17.488789747972696,18.5
7.194040515164934,17.730719552265374,18.5
7.556613776378496,18.46908209635935,18.499999999999996
7.234844166976085,19.020127607823003,18.500000000000007
6.331843438298505,18.245317184763444,18.5
7.055352386438812,20.0707365068771,18.5
7.32960221595308,21.190449899572034,18.499999999999996
8.070165894840363,21.55524850030675,18.499999999999996
7.549246702628394,21.537333019922283,18.5
6.767854176842156,18.894038644376906,18.499999999999996
7.324333111272634,19.747240413387548,18.5
10.735291316835939,18.467742794783064,18.5
9.144160165060319,19.720248035988895,18.499999999999996
10.92110373269852,19.741130685299805,18.500000000000004
10.101216280891672,19.139684791079105,18.500000000000004
9.28549477054567,19.63001133902886,18.499999999999996
10.728739407062427,18.90268763254861,18.5
7.641617703073976,21.297638597410153,18.5
7.215744391800837,20.8827271443969,18.500000000000004
7.222123342041687,20.865245591211583,18.5
7.324212562738809,21.194462509194498,18.500000000000004
6.846048653354256,20.917076466108142,18.500000000000004
7.168101752224429,21.147142658141263,18.499999999999996
8.449017104952453,22.195712900005415,18.5
7.630997467533221,18.930811421173452,18.5
8.348424926459007,22.13940010856628,18.500000000000007
8.512123931677495,21.817182722325942,18.5
8.332564097041168,22.188139719936576,18.5
8.579193938466712,20.13499128655751,18.499999999999996
9.702995110334136,18.503817391029436,18.5
10.195485495560629,19.150863511953446,18.5
9.626675890818698,19.70212912241776,18.5
10.375923951776013,19.143808889200532,18.499999999999996
10.082544455001432,19.618729996700015,18.499999999999996
11.0206250116038,18.945293710295864,18.5
7.986426797556088,21.363768480941875,18.499999999999993
8.13946927339173,22.637506993068076,18.500000000000004
8.286650379303575,23.06089128630982,18.5
8.409073577701323,23.148496568643324,18.499999999999993
6.915406304682189,20.140424002674337,18.500000000000004
8.580175802415987,22.93609734608548,18.500000000000004
8.356437324098486,22.73616279291991,18.5
8.298697197968188,23.404845280357396,18.500000000000004
8.38888772276272,23.6334159551699,18.500000000000007
8.327544254563119,23.260205704061512,18.5
8.047030726189007,23.519403127621054,18.499999999999996
8.157263485644112,23.327194483169034,18.5
9.268774068561896,20.290069091805297,18.5
10.606492868247866,19.72911952359013,18.500000000000007
9.611252940063814,20.0657746974139,18.499999999999993
11.379143170104607,20.799216551732066,18.499999999999996
10.570831682343261,19.1842732981481,18.499999999999996
10.3805480001241,19.27663743060329,18.5
7.325666429217032,25.033175684073306,18.5
7.543172851188593,25.122854249621845,18.5
7.532528713357826,24.39348926894653,18.499999999999993
7.243681804336875,25.30707834928827,18.500000000000004
7.741315049925351,24.531477151108763,18.499999999999996
7.104327063082462,25.03777453472073,18.5
7.143917231192594,25.13198446250531,18.499999999999996
8.027780622116971,23.66311338303461,18.5
8.114569877436328,23.72027175738277,18.5
8.405284184932702,24.109048885358384,18.499999999999996
7.739011685929648,24.508271829347727,18.5
8.302770895643738,23.5282309716838,18.499999999999996
9.234157003183343,23.263046601233974,18.499999999999996
9.018833059591762,23.15402281381421,18.499999999999996
10.079132934484825,24.02007222154043,18.200045183519666
9.018848042475826,22.81415830653377,18.50000000000001
9.366018358795941,23.74828309207183,18.499999999999996
9.100967895227463,23.4293667470957,18.500000000000004
6.602908456940199,26.662572973096733,18.5
5.959321251497668,27.414522324010793,18.500000000000004
6.921596911779409,26.690387957091808,18.500000000000004
6.970603566918398,26.32480712318838,18.499999999999993
6.828597239606102,26.838899210831393,18.500000000000004
6.08950238925468,27.06496977728939,18.499999999999996
7.157783357811908,25.755406580613787,18.5
7.63245837300847,25.235005778509727,18.5
7.407314772622425,25.141786089393374,18.500000000000004
7.318734653016399,24.781009824991568,18.5
7.450124199090426,26.145681373880212,18.499999999999996
7.412902834249955,24.592915061587117,18.500000000000004
8.764791664239869,24.637832155949006,18.500000000000004
9.445268963613998,25.248831405775,18.499999999999993
8.640831307956791,24.4353132478684,18.500000000000004
10.098652080176022,24.729279784882134,18.5
7.988216672492358,26.966865794939306,18.5
9.854118516041884,25.618371886508356,18.169016512768646
6.469131661791868,28.290779135499225,18.500000000000004
6.7584853974644075,27.97939433774703,18.5
6.674314683233481,27.920009160958724,18.500000000000004
6.543753851730426,27.894001771461646,18.5
6.153241083185128,27.856618161870834,18.499999999999993
6.111758488192055,27.89063773997584,18.500000000000004
6.263009401046024,27.73162629470326,18.499999999999996
6.622366355226298,27.841365808000038,18.499999999999993
6.641969538906946,28.328580776634137,18.499999999999996
6.9813901370205125,27.672632640698012,18.500000000000004
7.065768051911596,27.495034660616504,18.500000000000004
6.738888323800728,27.482096452657157,18.5
8.887893830129801,25.86162396975046,18.5
8.073799896986818,27.652652908772925,18.500000000000004
8.474562251079073,27.47640034509702,18.35605374555433
7.835453279682098,27.920065344087337,18.5
8.187278828542484,27.639318495716047,18.500000000000004
8.670877465138277,28.139720012692994,18.500000000000004
6.323951137212211,28.301424611637984,18.499999999999996
6.3512851658211265,28.28349654130247,18.5
5.670143339338056,27.639381407840723,18.49999999999999
6.485054641914111,28.348678259936097,18.500000000000004
6.2571874633033495,28.35474281681492,18.5
6.487207953593451,28.326955793828017,18.5
6.9483469300552825,28.244692762201023,18.5
6.158530438043763,27.73639773894475,18.500000000000007
6.451715660097071,28.010532719163642,18.5
6.513892556802501,28.244019965659202,18.500000000000004
6.185716440475058,27.4762390842697,18.500000000000007
6.543898509097304,28.141871026308557,18.499999999999996
7.588411209409372,28.455600772082075,18.500000000000004
7.637858898090119,28.38473482257699,18.5
7.667598873997108,28.507213407452337,18.5
7.873130635155321,28.09537873910267,18.5
7.757393540290803,28.434821416443484,18.500000000000004
7.52980521959977,27.657584450822437,18.499999999999996
7.949848498620237,27.01448585607867,11.099999999999998
8.84730101802929,26.97635833575079,11.099999999999998
8.859692797657399,27.324022310983402,11.100000000000001
8.962106973480175,27.162200495915098,11.100000000000001
8.586492791131557,26.830468663542938,11.099999999999998
8.029023559081477,26.89195543565354,11.100000000000001
8.128210198946189,27.34268787616615,11.100000000000001
6.145234415699118,27.23199643444937,11.099999999999996
6.164131788051267,27.097751976094628,11.1
7.122444723386747,27.36898618803338,11.1
6.658188408427002,27.111050989361654,11.100000000000005
8.009937355704189,27.21314035265431,11.100000000000003
7.555203944725696,27.40483732571585,11.099999999999996
8.790395327629774,26.530488027144028,11.100000000000003
8.572397508933346,25.95074597402278,11.100000000000001
8.656851925077854,26.48835646530193,11.100000000000001
8.944745303397982,26.280716510582252,11.100000000000003
8.572159892398155,26.52997712682876,11.1
7.449721185607787,26.589532336829254,11.1
6.013471970648128,26.300087196100666,11.099999999999998
6.8134863241544075,27.21343952850134,11.1
8.393587326362978,26.920403354534738,11.1
6.679088074659597,26.11470160634364,11.099999999999998
7.227542905890878,25.576794183984553,11.100000000000001
7.485506558876318,25.719683420286795,11.1
8.100425798439062,23.50548343312137,11.099999999999998
8.471345434183347,25.671754582851634,11.100000000000001
8.366330451831411,24.766061980632827,11.1
7.621535769790398,25.13215394111984,11.100000000000005
8.258037998289405,21.121060220408026,11.099999999999994
6.313606936237496,22.949021391146246,11.100000000000003
8.536730130717178,26.071771221069678,11.099999999999998
7.180708538137097,21.332306659942443,11.099999999999996
7.920220279506577,23.85509156583086,11.1
8.552485441604867,22.89830031509489,11.1
6.6171688263362825,23.22825662863484,11.1
7.481271957578947,23.57506675134118,11.099999999999998
7.385652722489386,19.887391042755894,11.1
7.406095714427721,19.629606974843764,11.1
7.775140404271675,20.024959953503686,11.099999999999998
7.809707687452372,19.129340365168915,11.099999999999998
8.781001488838442,19.91077891183273,11.099999999999994
7.771469262707438,19.802094984971156,11.1
7.030665982896454,21.70303646835726,11.099999999999998
6.267045777752035,22.16804819360247,11.100000000000001
7.174816775959147,21.62813928476329,11.100000000000001
7.774753804912661,22.514219629674326,11.099999999999993
7.498342733315722,23.025164073917207,11.099999999999998
7.360888853282205,20.277287150891077,11.100000000000003
8.196839732068383,21.652147374821453,11.1
8.81089208591894,23.14136169131985,11.100000000000001
9.705551810191965,23.244858524793024,11.099999999999998
9.11355004834097,21.737842077958103,11.099999999999998
8.02651209629146,23.28953459982007,11.1
7.330600702810342,21.46662164669645,11.099999999999998
8.354566362550129,23.223502131319204,11.099999999999998
8.48168674677987,23.267331057264958,11.100000000000003
7.641635617714786,20.98855644370598,11.1
8.084703905499305,19.37819902929365,11.1
8.106732587867995,21.985679174147837,11.1
7.376234091119426,18.7534926020771,11.100000000000001
8.371920438501252,17.58798212336222,11.1
7.828827421998434,18.49107983425011,11.1
8.584583902868953,17.98795921879341,11.099999999999998
8.340200636498835,17.719201974775366,11.1
7.749541824774683,18.32545938474034,11.100000000000001
8.0388961882001,17.574047394918274,11.1
9.180797629827993,18.11108626561232,11.1
9.433328821844537,18.107279363382446,11.100000000000001
9.701994500442447,18.599462249968834,11.099999999999998
9.441551531381403,18.626025292683767,11.099999999999998
9.180827425063754,18.81032630169609,11.099999999999998
9.636836925683808,17.750229181148107,11.100000000000001
8.694136407057613,18.336828715339763,11.100000000000003
9.985839977768828,18.149292614624613,11.1
9.27868836581568,17.99856456134582,11.099999999999996
8.859325051331165,18.085875918064936,11.1
9.350738920286398,17.875622157037196,11.100000000000001
8.755539465012347,18.2031339569222,11.099999999999996
9.470007714887307,17.949094752527067,11.1
9.945153581882932,17.465278624731127,11.099999999999998
9.291913392842625,18.28472439126959,11.100000000000003
9.351364065614746,17.784842627640487,11.099999999999998
9.452973618702664,17.85068187392078,11.099999999999998
9.117127991337535,17.501262781514576,11.1
9.47935055546378,17.420395105248407,11.1
8.862134455355532,17.77924804720971,11.1
9.653253609154294,17.522163193603944,11.1
9.277806451355664,17.558777687912695,11.099999999999996
9.201399240694137,17.468175216782743,11.1
8.765316134821862,17.77738042773354,11.1
9.024214815637476,17.775289718968825,11.100000000000001
9.266234367341209,17.656775937850735,11.100000000000001
9.389243130707932,17.68038213512844,11.100000000000003
9.256705729457613,17.66043158134836,11.100000000000003
9.049532596831378,17.503653724086533,11.1
9.449460682444913,17.68522957869189,11.100000000000001
9.407392088629726,17.202423144885916,11.100000000000003
8.45793057419032,17.151983024034234,11.1
8.458815239226784,17.151095122558413,11.099999999999998
8.824689971425371,17.290003840469634,11.100000000000001
8.972915420612882,17.184786794562594,11.100000000000001
5.964118978231646,26.030128762393954,11.099999999999998
5.779901998935448,25.700204683959637,11.1
5.942847809229848,25.998780819519627,11.099999999999998
6.114213523844898,26.1482969186708,11.099999999999998
6.0821238591610856,26.157418911679613,11.1
6.069338127646237,25.92145097917676,11.099999999999998
5.993427826749219,25.953745408197022,11.100000000000001
5.968657140639151,26.190533791992284,11.100000000000001
5.898651321870834,26.12197461717429,11.100000000000001
6.063188966894175,26.179616126223042,11.099999999999998
6.157176051838714,26.436181796632514,11.100000000000001
6.848721086264332,25.948447437860615,11.099999999999996
6.314068899395356,26.02613210985615,11.099999999999996
6.027174012224625,24.754777499257916,11.1
5.388967072476948,24.93382090177068,11.100000000000003
5.972082897904356,24.392623344717805,11.1
5.49020837481502,24.699096583084042,11.099999999999996
5.555650768034866,24.724115462620873,11.099999999999998
7.047707652707313,25.351019840191714,11.099999999999998
5.9197234079476075,25.412313445905795,11.099999999999996
7.471198919744268,25.302674058853963,11.100000000000001
7.038916752945837,25.247841619921513,11.100000000000001
7.191378182161815,25.392795595491965,11.099999999999998
5.9870660620874965,25.372801050741092,11.1
6.076113387884082,24.94711674866456,11.100000000000003
6.3354470061751975,22.644734691923308,11.1
5.628894606864963,24.613075398342904,11.099999999999996
6.158822173071334,22.656452046775083,11.1
5.967332247527909,23.852198035928783,11.1
5.767452632045042,24.352990372073403,11.100000000000003
5.768284266598937,23.27537921642647,11.100000000000001
7.301373298388474,22.05068749072234,11.100000000000001
6.259277622946862,22.168454430619274,11.1
6.310833957709617,22.45937154827891,11.1
6.836915427340303,23.18896241410941,11.099999999999998
6.511315901085026,22.850958682901354,11.1
6.687491796034076,21.301580848751634,11.100000000000001
6.585521119226976,21.415495676326067,11.099999999999998
6.748755236368294,21.68153500621537,11.099999999999998
6.720037555718217,22.41582405897402,11.099999999999996
6.750610756355603,21.016192129298233,11.100000000000001
6.891570503867003,22.49207078965037,11.099999999999996
6.650236673085071,21.88838108459025,11.1
6.4032256680978366,21.826738441241613,11.1
6.4739582323019755,20.230000307638043,11.100000000000001
7.642279946098118,20.623828809770256,11.100000000000001
6.339188128654966,20.108496650929936,11.1
6.3635285961200205,20.70946686721279,11.1
6.705304562872198,20.452961170928813,11.099999999999998
6.194357802519164,21.168566722981588,11.100000000000001
6.728980968285475,20.40866448629956,11.1
6.329747001125228,20.632672674496458,11.100000000000001
6.670746795733095,21.110397416286343,11.1
6.098177131076934,20.44721761512426,11.100000000000003
6.514219696539353,20.686702664410287,11.1
6.739955537547804,19.385378871351417,11.1
6.794097396924638,18.914115923070558,11.1
6.621746388388883,20.404837018537343,11.1
6.234337388140238,19.31574017686761,11.099999999999998
6.551240176395558,19.299129820915045,11.100000000000003
6.849059879385075,19.15686785098679,11.099999999999998
6.389961244166174,19.45493427675324,11.1
6.105546400908322,19.62958110058442,11.1
6.406952970885879,19.983754691759092,11.099999999999996
6.330978926178461,19.456241441532885,11.1
6.744173591193514,18.89366010270474,11.100000000000003
6.761425319186502,18.79760754939878,11.099999999999994
6.866084373657318,19.279182200996356,11.1
7.648111442867607,19.02522657730257,11.100000000000001
7.323755054661791,18.97978473752789,11.1
7.012133505033952,18.888341022023774,11.1
7.126410583264479,18.79769416884304,11.1
7.256296676660166,19.05809630420541,11.099999999999998
6.808266876945253,18.938147956932006,11.100000000000001
6.425304835029087,19.420838201134075,11.100000000000003
7.749138083869437,18.35894730044562,11.1
7.518848902410228,18.637774179019146,11.100000000000001
7.118915936410668,18.35167641340241,11.099999999999998
7.381418845410114,18.39189351299135,11.099999999999998
8.000794106768236,18.268625729442785,11.099999999999996
7.673592742500036,18.48249321348799,11.1
6.738353176244201,18.9814739305441,11.100000000000001
6.711544095120573,18.946382470084227,11.1
7.465362761228454,18.120820045401278,11.100000000000001
8.215818426322382,18.30956366077892,11.1
7.026084172972401,18.41454976324512,11.1
8.010047966475708,17.788395107603577,11.1
7.08206627834731,18.808709127141835,11.1
8.496944856267046,17.974645481978666,11.100000000000001
7.877015114852416,18.08999412994402,11.100000000000001
7.345973639169355,18.437714677893798,11.100000000000001
7.717999131193015,18.13624432386299,11.100000000000001
8.089342346493135,17.91445978165322,11.100000000000001
7.5880527876886985,18.19981296906145,11.099999999999998
8.365863613435451,17.683203283012613,11.100000000000001
6.87221703548567,17.948839369207903,11.1
8.71933334632113,17.90101017022622,11.099999999999996
7.372971859196211,17.5099212927085,11.099999999999996
7.525911240286031,17.608826598000856,11.099999999999996
7.07312784268287,17.42084443973092,11.1
7.37612232604529,17.225860463541252,11.100000000000001
7.176313442373795,17.378703750530395,11.100000000000001
6.859593053627894,19.33587340907027,11.1
6.701692450030924,19.3778559445031,11.100000000000003
7.788934069984655,18.683174390345332,11.099999999999998
6.99187517760786,18.866554647594256,11.099999999999998
6.689657752418,19.63173169948575,11.100000000000001
6.8909432997043565,19.33805756303228,11.100000000000001
7.101062721492627,18.397671803776653,11.100000000000005
7.918809864277513,18.71968716371076,11.099999999999998
7.299094213516777,18.936756289820497,11.099999999999998
7.323105583865797,19.03925482121046,11.099999999999998
7.259839556116287,19.170655249446966,11.100000000000001
7.996940481626909,18.571177824909043,11.099999999999998
7.003165407781309,19.200938620858995,11.099999999999998
7.025993303102919,19.1304948240022,11.100000000000003
7.230139382388655,19.465860403840523,11.1
7.111587121374886,19.62263783228752,11.1
6.792080367690299,21.774099406750377,11.100000000000003
6.20261390037291,22.365629916385668,11.100000000000001
7.0044869536251895,19.61387656395861,11.100000000000001
7.162701259239075,20.719061599447222,11.099999999999996
7.130313720539116,19.68566907767366,11.100000000000003
6.923355817839047,20.298146034477455,11.100000000000001
7.467442189259402,19.794563663980128,11.099999999999998
7.472354486329219,20.09927059733197,11.100000000000001
7.105128990106045,19.951244215404827,11.100000000000005
6.181949990376623,22.55760852891911,11.1
6.405142101727991,21.817565842501512,11.1
5.852828189218841,23.801285300383768,11.099999999999996
6.556622172112423,21.890004106681538,11.100000000000001
6.754349640628506,22.045408674609263,11.100000000000003
6.632007299415959,22.000443701237145,11.100000000000001
7.662730283343924,24.30554804590059,11.100000000000003
7.272952798043241,21.012352591485072,11.100000000000001
6.93350650897796,22.412847476127727,11.100000000000001
6.619808561547589,22.47478560708088,11.1
7.2414262861236764,21.033058702554367,11.100000000000001
6.691588241024713,23.788871002187822,11.099999999999998
6.0645090210344055,24.574531342205095,11.100000000000001
6.65380498874306,24.932068462335852,11.100000000000001
5.978222265123778,25.325390921362406,11.099999999999996
5.846935793902785,25.33412517554021,11.100000000000001
6.26189090560897,25.288776643231415,11.1
6.251080023030005,25.996738803796507,11.1
6.325037359315256,25.69575005902846,11.1
6.0034401968447195,24.670169785699976,11.099999999999998
5.374412623385543,25.034078556297683,11.099999999999998
5.587935505463259,25.24306011195488,11.100000000000001
5.568990849503886,24.951270502402227,11.1
5.733179961796381,24.457468207283085,11.099999999999996
5.7418249780598485,25.48732994730886,11.1
5.65350650260844,25.69051654487609,11.099999999999998
5.745670340643739,26.016553544088,11.099999999999998
5.9254345530871895,26.28871803841022,11.099999999999998
5.74493571981875,26.005665190780622,11.099999999999998
6.535166989862309,26.02785861202181,11.1
7.642974893034962,27.003338031780324,11.099999999999998
6.530479872954927,26.77966353501136,11.100000000000001
6.61182880208769,26.539934195495867,11.100000000000003
7.021084663004299,27.01143461843169,11.099999999999998
6.386255545742385,26.655272673034013,11.099999999999996
6.2572416646367754,26.310794848047113,11.099999999999996
6.036847519691936,26.457214117105494,11.100000000000001
5.5026305292602675,26.752880396343205,11.099999999999996
5.966115394886111,26.631097922581656,11.099999999999996
5.722993618730573,26.443129513414497,11.1
6.224281536278064,26.816810866057416,11.100000000000003
5.622702896411248,26.490731967424647,11.099999999999998
6.5606857356838555,27.50163228929191,11.099999999999998
6.225554093489967,26.78845677201291,11.100000000000001
6.885069479507796,26.883967649668534,11.099999999999998
5.893188740468279,26.674056554076454,11.099999999999996
5.904781567840928,26.613044191628447,11.1
6.182074270040358,26.53387176925107,11.099999999999996
6.802975376136823,26.766316894213478,11.100000000000003
6.121988989578671,26.44331416095533,11.100000000000001
5.882075409668349,26.41479755184647,11.099999999999998
6.029014737238805,26.416378509554185,11.100000000000001
6.048968939268169,26.821413783025076,11.100000000000003
7.270360933434043,26.682533548787244,11.1
5.757839061297744,26.472819298267385,11.100000000000001
5.66447754010077,26.768212493515815,11.1
5.640575410763035,26.70296603673802,11.099999999999998
5.669740344614208,26.07257129422272,11.100000000000001
5.848020551668049,26.84414827221687,11.100000000000001
5.53170852489328,26.931046426029656,11.100000000000001
6.023328791992166,26.921333569690137,11.099999999999998
5.667931051114511,26.52312267412503,11.1
5.66079729609269,26.765439366490366,11.100000000000001
5.693595951636568,26.487830586228135,11.100000000000001
5.8418985958981,26.473322524268635,11.1
5.5410402281144036,26.72080707640083,11.099999999999998
6.039574193863667,26.799205870126936,11.099999999999998
5.355094824719547,26.924388592966793,11.099999999999998
5.398263595644849,27.015285004112037,11.099999999999998
5.407170538731037,26.863767076370994,11.099999999999998
6.488744074099398,26.715996337118437,11.100000000000001
5.294570410117298,26.895829323508355,11.099999999999998
5.665942454360984,26.583970068331954,11.1
5.651606343641573,27.035255376943326,11.1
5.771912789819233,26.642671466231647,11.099999999999996
5.507817542084233,26.913787945923577,11.1
6.253288665938059,26.831468651555422,11.100000000000001
8.983443667567832,17.688682093010517,11.1
8.648274946905898,17.522147425611205,11.099999999999998
8.178039624478227,17.669551007758276,11.099999999999996
9.016654707269659,17.80621149532936,11.1
8.137638343086193,17.38444761349343,11.100000000000001
7.881894718902347,17.561042511934673,11.099999999999998
10.495947142621674,17.876814550416213,11.099999999999998
8.258647924560568,17.788625944745053,11.1
8.193338106088094,18.726676021888416,11.100000000000003
8.881155536780923,17.65719151689399,11.1
8.761243860114224,17.80859757985469,11.099999999999998
8.90886435480463,18.238143128550135,11.100000000000001
8.829263670148729,17.64512504496901,11.099999999999998
10.00159211515785,18.118388230038306,11.099999999999998
9.131874244867905,17.915808839330527,11.099999999999998
10.476651382603706,17.91150770673834,11.099999999999996
9.607417597378891,18.1870348370411,11.100000000000001
9.613522727835859,18.188362765152455,11.099999999999996
9.879359388764199,18.338064881409466,11.100000000000001
9.910086426429212,18.335527652930573,11.100000000000001
9.779737140191346,18.105335896473775,11.100000000000001
9.444282635695986,18.296660649500268,11.1
9.422273861062262,17.913728564207116,11.099999999999998
9.284439836431634,18.15610334626646,11.1
9.721479973910904,17.912419369429966,11.100000000000001
10.048692646105986,22.53004559279767,11.1
9.71310957753089,20.845553394064282,11.1
8.908171978158375,20.495278872663256,11.100000000000003
10.648217057187196,18.465051987006813,11.100000000000001
10.301539784503873,19.96143593691114,11.1
10.24578285547774,18.304918171889938,11.099999999999998
7.753413854872322,19.93042852339389,11.099999999999998
7.858411846556929,18.68308146370922,11.1
8.468787705390971,19.394752149722294,11.099999999999998
10.261707503735499,20.79798169114876,11.100000000000001
11.248013891667302,20.452262395449434,11.1
7.98133582197451,19.015683435492363,11.099999999999998
8.089963280377258,19.632136365761433,11.099999999999998
7.74436403734843,19.63850503982541,11.099999999999996
8.231965286076074,22.028019324636812,11.100000000000001
9.363876868133179,22.05379980045617,11.099999999999998
9.133073405443318,21.807417748891634,11.100000000000001
8.515487498579118,22.979867978888578,11.1
11.093269210310995,24.251286275303077,11.1
9.93221924121193,24.76071905941235,11.1
10.412510702945161,24.048708669357648,11.100000000000001
10.480148203442157,23.974859740712912,11.099999999999998
9.289172085528392,23.656193947918137,11.099999999999998
10.790271146206377,23.256166260865626,11.100000000000001
10.182206852974732,24.043495837869845,11.099999999999996
10.01739332411809,24.40592078646439,11.100000000000001
8.324545747566056,23.916003491513028,11.099999999999998
9.90969966758153,24.451936764880983,11.1
9.066362615277663,24.15128270804425,11.100000000000003
9.676933651283438,23.843507923061853,11.100000000000001
8.658865913955673,23.473922008364852,11.1
9.972461115424801,23.28063851501771,11.1
10.300324051065736,22.59185274928677,11.099999999999998
9.581259591204384,23.507888958767616,11.100000000000003
9.843962737588226,23.58265246272103,11.100000000000001
7.964747731676966,22.759155696796746,11.099999999999994
9.19386083730883,26.38707218598178,11.1
8.124205325338767,25.365868651896108,11.099999999999998
8.50195789719519,25.922750674804465,11.099999999999998
8.511202589665285,25.755089447900005,11.1
9.699544562306043,26.232929273798554,11.100000000000003
10.25657628641583,25.681587706918233,11.099999999999998
8.930879102591515,25.11443955114084,11.099999999999998
8.811451710636712,24.472535093795265,11.099999999999998
9.297427768177863,23.83694162593268,11.099999999999998
9.205629363287947,23.370852494984746,11.100000000000005
9.684506897990149,24.8423950062389,11.099999999999998
9.10043158501663,25.537081244168682,11.100000000000001
8.109757307052664,27.325316899122278,12.192210460266619
7.710056332031858,27.034536729922667,11.099999999999998
8.009552095780252,27.060501239269005,11.100000000000001
8.078431147491905,27.120045310573396,11.100000000000001
8.078431147491905,27.120045310573396,11.100000000000001
8.050361438294782,26.866450055245593,11.1
9.274005222730791,27.205051365233327,11.512454041575594
9.550478047022752,27.618558567166243,11.238594286952203
8.739631553795256,27.23897957777034,11.1
8.443760611329768,27.355331382479477,11.1
9.566570529048809,27.48933686745381,13.297332672060644
8.959975838361741,27.226549231799442,11.099999999999996
9.508702163351975,27.048912784203445,11.099999999999998
9.805708072839263,27.13324834891066,11.099999999999998
9.539863448369074,27.25452155305879,11.1
8.962242189437298,27.359243978268754,11.1
9.63056441575587,26.849876100521954,11.1
9.070204866920152,27.253942510441124,11.100000000000001
10.956306954808538,28.06631659066235,12.438805969817745
9.12926461657498,27.689702674034486,11.099999999999994
10.071924117361757,27.906348537212068,11.841995304397667
10.45347652144676,27.787178759390176,11.245660850131902
11.221578076690182,27.573139871168646,11.100000000000001
9.659277700852458,28.24278741820766,13.604922944955206
10.642572303160085,27.131420341439043,11.236793594406258
10.123843176678545,27.46181384739615,11.099999999999998
10.084865346323417,27.326009697859327,11.100000000000001
9.666834585721208,27.202133576462483,11.100000000000003
10.181055304996955,27.23609073764283,11.099999999999998
6.126183491725215,27.80877118687327,18.500000000000004
6.098339408333917,27.842387478234162,18.5
6.076525136794654,28.07371974058983,18.5
6.686921147946677,28.019308030958104,18.5
6.641360536895448,28.091171396472614,18.499999999999993
6.97905838872971,28.13587975503458,18.499999999999996
6.3219955031092905,28.08010393631486,18.5
6.300307638227157,28.126222566178164,18.500000000000007
6.742824711689154,28.175180864981048,18.500000000000004
6.7410207527626325,28.438288948799478,18.500000000000004
6.497450936338149,28.096802503347895,18.499999999999993
6.498435719025259,27.815678426875486,18.5
6.468453315769168,28.206821390555408,18.500000000000004
8.53200449103067,24.768078448680786,18.5
6.855929201898252,27.612876094235954,18.499999999999996
7.257403594805673,27.750942184716262,18.5
7.141254966272781,27.835858779931556,18.499999999999996
8.017011343015332,26.64491311632475,18.500000000000004
7.967227083578614,26.59521731554581,18.5
7.494093217219079,27.82660996666607,18.5
7.471905377408179,28.224403481781764,18.5
7.299622693365328,27.965112802011127,18.500000000000004
6.798852010667784,27.991747581064647,18.499999999999993
6.821739284126091,27.87442411445228,18.500000000000004
7.19517269982761,27.158039202919735,18.499999999999996
7.880320281356513,26.086084635241452,18.500000000000007
8.215046947871205,25.127985100509186,18.500000000000004
8.523297184709076,24.850982145353044,18.499999999999996
7.830802909360626,26.228950425796956,18.499999999999996
6.8215243937122505,26.92120651655774,18.5
8.411827302646481,25.944339963414993,18.499999999999996
8.300346432521376,24.28958271442347,18.500000000000007
8.63631958619845,24.4622337257065,18.5
8.123011034916477,25.229764236724233,18.500000000000004
8.411992424504787,24.903422438915356,18.5
7.6484002909821385,25.779516784790538,18.5
8.438650139734271,23.554682275164232,18.5
8.920927698105706,23.307936108868375,18.5
8.589017344372486,23.492499285724005,18.500000000000007
8.855747838080728,24.121429136942883,18.499999999999996
8.678215026924754,23.02175061523765,18.5
7.753362201480591,23.854333105655716,18.5
8.30893107880012,23.815007298532752,18.500000000000004
8.50362093329224,23.435378005731142,18.5
7.8432192190260555,25.99720291161532,18.499999999999993
7.843313990657893,24.414418723484708,18.5
8.478579078155668,24.4999847372367,18.500000000000004
8.645971216021154,23.355633718011582,18.5
8.241547468670687,24.353887432241915,18.499999999999996
9.222244314163332,20.264992842226274,18.500000000000004
9.027278184866491,21.098857447810367,18.5
9.1650421770587,21.567588317010994,18.5
9.585759914407676,22.808344771768436,18.500000000000004
10.959391252578536,19.78296024963501,18.500000000000004
10.330335492987212,21.528464357656734,18.499999999999996
8.546228458562931,23.037762635958522,18.5
8.681759563822727,22.971203100348394,18.499999999999996
8.620594331376278,23.049315119694246,18.5
8.353972027223845,25.275763200963397,18.499999999999996
8.592912031783875,23.324903278821427,18.500000000000004
9.02463778832691,20.709046876228097,18.5
8.939474934000808,19.195410113017367,18.5
8.42275799016253,21.324895024136566,18.5
9.385861238372769,21.02376223439439,18.499999999999993
9.062864064212969,18.47323960324859,18.499999999999993
8.435366476284374,19.106436444449166,18.5
8.831337359526707,18.445833850132555,18.5
8.301054011205414,20.08257369520649,18.5
8.155702647014555,20.199995253463992,18.5
9.079244329059986,20.56183262414744,18.500000000000004
7.394912287934695,19.51282391419563,18.499999999999996
7.756632922760625,19.808347813748654,18.500000000000007
8.606588502913274,19.834435086810416,18.500000000000004
8.02676251230621,17.971427910791228,18.500000000000004
10.666606709570276,19.487114040981858,17.852369156983883
9.141700206921401,19.765218838447755,18.5
7.905526663781982,18.80510104222437,18.5
9.33411791391535,18.71704102565961,18.499999999999993
8.41250295529635,19.49159166725013,18.5
8.127736867009306,18.98617987051432,18.499999999999993
7.9639070618374195,19.54626930157214,18.499999999999996
7.771355791809351,19.26700022286903,18.499999999999996
8.196023898492125,19.799972966810948,18.5
10.182816696908544,19.23774981000398,18.5
7.805831614657632,19.280551138573788,18.5
7.1879925476680535,17.87194909303858,18.500000000000007
7.389631268291195,17.67053254591825,18.5
7.595979599419649,17.74287286695469,18.5
7.715573459419655,18.00502730749011,18.499999999999993
7.511816390455531,17.90683816570585,18.5
6.42487394963884,17.84930488938851,18.5
7.612892380271226,17.299529623504707,18.5
7.124850507175434,17.346614276520565,18.5
7.000587687245628,17.39182874907013,18.499999999999993
7.219137091029221,17.540949999386257,18.499999999999996
8.238857480286176,17.980061171592435,18.499999999999996
7.447403863177804,17.92240794056427,18.5
7.055544451508639,17.877794905551518,18.5
8.042527867654128,18.332946626824274,18.5
9.283954415578778,19.009835009166334,18.499999999999996
8.72085072438865,19.089099170170652,18.500000000000004
9.125217633663748,18.872915902118706,18.5
6.154069507614574,27.429599974742764,18.5
6.3982351770402275,27.885980129813294,18.5
6.902138640214201,27.715639080161022,18.500000000000004
6.441972392559656,27.37424336319109,18.500000000000007
6.835086510986603,26.33577670401972,18.500000000000007
6.1641800860686065,27.58769594526342,18.500000000000007
6.292157371429541,27.658759159058167,18.500000000000007
6.485788972136291,27.02427607715686,18.5
6.537253582565845,26.70376786266448,18.500000000000007
6.492772074286462,27.147877645681508,18.499999999999996
6.911662606126458,26.346363393664728,18.50000000000001
6.5105433763760265,26.575104612021494,18.5
6.739656767678357,26.892130826138406,18.5
7.091659775743128,26.66636846141793,18.500000000000007
6.563614957858899,27.301175332827615,18.499999999999996
6.126881135101009,27.224993026296566,18.5
6.45685941126562,26.842517130377512,18.499999999999996
6.504771892901615,27.614171804353763,18.499999999999996
6.5025832057614625,24.23033972371224,18.5
6.986385739281374,26.029634144780587,18.500000000000004
6.624266485863928,25.77488253345832,18.5
6.8273668068659745,26.35911850516686,18.5
7.104062144447431,25.654421872886886,18.5
6.464012733179916,26.491558558561575,18.500000000000004
6.577997477625063,26.735476562883854,18.499999999999996
7.048807501169416,24.852322632852754,18.500000000000004
7.094991606210981,25.914117054297844,18.500000000000004
7.031270515084616,25.223314207391336,18.499999999999993
7.325430411353072,23.30997031480068,18.499999999999993
7.0146666314372945,24.304614742747294,18.499999999999996
7.734042117830318,22.585800181063703,18.5
7.460975551023812,23.741843190477464,18.500000000000004
7.4274304889092155,24.39535359836421,18.5
7.296075935926232,22.007238072672358,18.500000000000004
7.148680391492762,24.869360447780007,18.500000000000004
7.623818050781934,22.460857776948394,18.5
7.015586217797031,25.24738411100593,18.499999999999996
7.047434677115575,23.729655649825034,18.5
7.341983108323223,23.241615671312008,18.499999999999996
7.235193658739548,23.523361572255876,18.500000000000004
6.909574260443952,23.6723004673616,18.5
7.033718164007203,24.318070181848338,18.5
6.467152169630249,23.559670100500536,18.499999999999996
7.423149276248584,23.37109187909642,18.499999999999996
7.295820432579544,21.585570035731696,18.500000000000004
7.672118236854263,22.851628028671477,18.5
7.407326795252282,21.986949475370135,18.499999999999996
7.595865534556873,23.216611609455796,18.499999999999996
7.529373475944622,22.287255860699055,18.500000000000004
7.398746835877865,23.248119074970287,18.500000000000004
6.770629440794782,23.78357673611687,18.500000000000004
7.211177438557858,23.733621541616955,18.499999999999996
7.218735718147566,22.86671596174846,18.5
7.388615386508241,23.175281114635425,18.5
7.3235148671034445,21.674382747734647,18.499999999999993
7.5373592321682725,22.702023812923418,18.499999999999993
7.373151803055594,22.60080829283985,18.500000000000004
7.083672689583661,23.563865685751068,18.5
7.5778093362824075,22.456478385571746,18.499999999999993
7.513257720037107,22.571260930291903,18.499999999999996
7.152661956123022,23.385517041640398,18.5
7.291650466978927,23.709191760005467,18.500000000000004
7.280307077078973,23.679906647667224,18.499999999999996
7.39139066959354,23.421758971622374,18.499999999999996
7.296129438982486,23.316789900504123,18.500000000000004
7.691095266680223,22.421905450581157,18.5
7.241299690500378,23.200174987245223,18.499999999999993
7.967392021494552,22.445669405749385,18.5
7.71671851076191,23.38163629283122,18.5
7.6978239048355706,23.022306780803753,18.5
7.663101307726353,22.95449699013974,18.5
7.684235592869535,23.21483679414936,18.499999999999996
7.775331679193417,22.080134890148607,18.5
7.186395453515429,20.881859778154478,18.5
7.578679639592954,22.746066840011125,18.500000000000004
7.25311277293772,21.491666236506163,18.5
7.4462899300587395,21.905474147107007,18.5
7.543754543163353,22.156148739245765,18.5
7.447938932410559,22.20202685267504,18.500000000000004
7.237119136440286,22.311037874121713,18.499999999999996
7.2920682391268965,22.348552380844666,18.499999999999996
7.204194663245514,20.895633351181246,18.500000000000007
7.5772755899911655,21.489477278786723,18.5
7.380949162622105,21.424429313889075,18.5
7.288065269439443,21.446317511256662,18.5
7.471252098407446,21.77793464920198,18.500000000000007
7.5522005749353704,21.783490969231128,18.5
7.5807136212672175,22.05136081320098,18.500000000000004
7.620172406513485,22.581331334273685,18.500000000000007
7.131011469881693,21.09876936723133,18.499999999999996
6.838267116952864,19.4089431221674,18.5
7.151359849146126,20.52098628433113,18.5
6.964390258058618,20.351422916739523,18.5
7.118731202624227,20.084195442789582,18.499999999999996
7.215366283527675,20.671330981977665,18.499999999999996
7.069843592803506,19.824075681957858,18.500000000000004
6.767023038986964,18.23723229379767,18.5
7.331712437060539,20.45510758619631,18.5
7.066517536990357,18.327556386243703,18.499999999999996
7.182516970551913,17.94498329788275,18.5
7.008538580905333,18.965060320728057,18.5
6.9094315832989714,18.77224313503178,18.499999999999993
6.959038892773742,21.48126095678108,18.500000000000004
6.764620706357191,20.772680689621303,18.499999999999996
7.22471665347194,20.74038706376602,18.499999999999996
7.221434191384164,20.81595110759651,18.5
7.2419943269099045,21.435930705823534,18.5
7.445646484406522,21.870438275579836,18.499999999999993
8.057416436726474,22.152754559965384,18.5
8.098772698665009,22.56691617491467,18.500000000000004
8.034196152508068,22.0481517635877,18.5
8.256193453793601,22.586251224764897,18.499999999999996
8.120000945411247,22.376687033178495,18.499999999999996
7.852673507888409,22.52046216203675,18.5
7.323525605830493,23.749209144186352,18.500000000000004
7.391102437483702,22.092162016469963,18.499999999999996
7.556276059591343,22.2763701765965,18.500000000000004
7.459813770483959,23.58245334814073,18.500000000000004
7.49479687573579,24.681718941359296,18.5
7.287423411128502,23.66006177643081,18.500000000000004
7.489961836952065,22.141806340588754,18.5
7.156450414686194,24.138433149660784,18.499999999999996
6.4427646502751745,25.188093138905643,18.500000000000004
6.994755304835022,23.425320480458396,18.5
6.687932710569843,25.252006077250673,18.500000000000004
6.638541214016332,26.103413813637108,18.5
7.228014791326811,23.937283303666014,18.500000000000007
6.88109009543881,21.919941058355434,18.5
6.88709210078692,23.40741304794569,18.499999999999996
7.488698237685255,23.847647932314732,18.500000000000004
7.774203855434699,22.586501566146726,18.500000000000004
7.511335804742257,22.75542807431339,18.5
6.770896853442473,23.446855646230958,18.500000000000004
7.588197121172496,24.53215420566386,18.5
8.10811234292978,23.23209394842288,18.5
7.533412919611215,25.117595568235853,18.500000000000007
7.611256063653433,24.25412713861848,18.499999999999993
8.208606387081403,23.129345370952937,18.499999999999996
7.981158973301051,23.428147432395694,18.499999999999996
6.363433960682081,25.96250348931939,18.499999999999996
5.954806992668819,27.55933047584269,18.5
6.959425271460644,25.469483694875343,18.500000000000004
5.9309363481388715,26.491940212335052,18.499999999999993
5.985313323878875,26.775799240842172,18.499999999999996
5.873180530633149,25.94902797037803,18.5
7.669403488756514,25.276546526825616,18.5
6.545436406521248,25.455389946099082,18.499999999999996
6.64239956100133,26.648322295380645,18.500000000000004
7.423878612536442,23.73169865907824,18.5
7.901404812051467,23.4462870948544,18.500000000000004
6.773162163082122,25.03345537480321,18.500000000000004
7.084659321388347,24.753978686471555,18.5
6.757309873001239,25.64539261478396,18.500000000000004
6.484539330613079,26.34297003775731,18.499999999999996
6.73980580001077,27.287460843470114,18.499999999999996
6.371831776772082,27.052308716239622,18.499999999999996
7.2457862714185755,24.45036347907031,18.5
6.382525497547964,27.567275874705214,18.5
6.386245400481639,27.0452403287991,18.500000000000004
6.181345063322998,26.936781450955483,18.500000000000004
7.136171495235442,25.756013395468095,18.5
6.613359359723677,26.798416110590995,18.499999999999996
5.96245259063116,27.594961557780376,18.5
7.0496875606679215,26.001432452248604,18.500000000000004
5.916679762434606,27.247994539642985,18.500000000000004
6.5937480889723314,26.113284469254783,18.499999999999996
6.011781462733186,27.3124578606244,18.499999999999996
6.373569853882674,26.078911991005555,18.5
6.098951242878624,27.547597328700462,18.499999999999996
6.1589198782681915,27.738289450463586,18.500000000000004
6.72714209930984,27.355367614212405,18.5
6.6125577682982914,28.102941031850577,18.5
6.014316939440995,27.54412989769419,18.5
6.538956417372078,28.009770731257195,18.500000000000004
7.29198321963773,27.449984978088636,18.5
5.909407170035241,27.522030684906337,18.5
6.239909678089498,27.303510753146718,18.5
6.283906705866551,27.66482584097932,18.500000000000004
5.603769878206614,27.007363375693036,18.5
5.956792479725012,27.615190105049862,18.5
6.46640162270348,27.1970695861477,18.499999999999993
5.9164401338045245,27.26527824781507,18.5
6.391749492808586,27.4921725046292,18.499999999999996
6.316587331915383,27.635901748638396,18.499999999999996
6.475877157466869,27.268471486951142,18.500000000000007
6.344221772797396,27.575997851208765,18.499999999999996
6.199723364954987,27.46763395557444,18.5
5.92185000327297,27.260395547358115,18.499999999999996
6.01491311341581,27.537593108158877,18.5
5.968982375828066,27.699372162464208,18.499999999999996
5.687311440224173,27.11201562306464,18.499999999999996
6.030530106358237,27.46696151614194,18.5
5.757476214121137,27.2110404024154,18.499999999999993
6.078262575858648,27.875014792161082,18.49999999999999
6.122433682778722,27.967738218416486,18.5
6.402260150705772,28.201195351967126,18.500000000000004
5.742380979777881,27.686382401531635,18.5
6.448797576998784,28.356506998823093,18.500000000000004
6.4773769335817715,27.862319333235273,18.500000000000004
6.1043467875805515,27.896401083186642,18.5
6.074567150567246,27.874162113254645,18.499999999999996
6.5428780385740914,27.11879465104523,18.500000000000004
6.2749491130585335,27.640387978583625,18.499999999999996
6.888589326782398,27.693391190253134,18.499999999999996
8.352532463490752,17.831872911196037,18.500000000000004
7.55655909981072,19.165726808814437,18.500000000000004
7.494594376803422,17.61555860505408,18.5
7.427348800289075,17.774523217551618,18.499999999999996
6.571988131753848,18.165053261032917,18.5
7.4436378908442,18.269104659466066,18.499999999999996
7.767151883318091,18.202361428643016,18.499999999999996
7.929548025853497,17.673340297885723,18.499999999999996
8.185649357618601,18.35862684546736,18.499999999999996
7.386969083560482,17.90048750200939,18.5
8.576811025775468,18.597094071010886,18.5
8.319804432356646,18.673404899168393,18.500000000000004
8.394473930156533,18.896856609597236,18.500000000000004
8.768884785328671,19.3556344234713,18.5
9.530546114619113,21.00975815115549,18.499999999999993
7.8609014765152425,20.22446010653761,18.499999999999993
8.549498127810562,19.479209516010563,18.500000000000007
9.068122361780643,19.564562150259658,18.5
8.25066542713185,19.84181813128401,18.5
7.53006310085994,19.36040285052886,18.5
8.977544738244086,19.861073604204346,18.5
8.134686370917322,17.87289730211161,18.5
8.62917368169879,19.32372756545846,18.499999999999993
8.681803791152014,19.942948546085194,18.499999999999996
9.121390683629118,20.597725571065833,18.5
9.260411315952771,20.38025281961485,18.499999999999996
8.977209146648017,20.758667539776223,18.500000000000004
8.65562213359965,21.687862345429235,18.499999999999996
8.190135905183478,22.220463471061926,18.500000000000004
8.59596354333009,22.134069663824327,18.5
8.820470489000286,22.3061269839513,18.5
8.999537758435665,21.587966627579952,18.5
10.180812684015152,19.513558826075013,18.5
8.983169852881687,21.31382734714354,18.500000000000007
8.679426451547993,20.716587973156955,18.500000000000004
8.833560967880292,22.247045278944075,18.5
9.037567562821287,20.779023879137007,18.5
7.33056878159427,23.16033777850672,18.500000000000004
8.411518581306579,23.78702827914209,18.499999999999996
8.216381477223683,23.224203512786048,18.499999999999996
7.895315785200238,24.795164008451753,18.5
7.2262825325026,25.214386088112953,18.5
8.418658931409531,22.916077153602906,18.5
8.449930155114616,23.586923475717462,18.499999999999993
8.187237115495767,23.71144143659907,18.499999999999993
8.160590063042752,23.201467078563503,18.500000000000004
8.679445753406396,23.837780870391178,18.500000000000004
9.448402824636478,22.688915438932042,18.5
8.785817010120107,23.30114515261486,18.5
8.591075867426282,24.42109960894546,18.499999999999996
8.70506179960635,24.03419597228119,18.499999999999996
9.305494722094643,24.426881618956234,18.500000000000004
8.369492703795272,23.069947065460735,18.500000000000004
9.83032014462905,24.7151414627386,18.5
7.2413619431280685,26.230562096916522,18.5
8.182809914882842,23.943511585912677,18.5
8.016790704916513,23.798248188018263,18.499999999999996
8.25153457743345,24.10824621257292,18.500000000000004
8.557703974178672,23.28144391262761,18.499999999999996
7.89629472932351,24.946432771889263,18.500000000000004
9.120945050512217,23.7729672879227,18.5
7.74229010376806,25.604690032841177,18.5
7.806096522066412,26.27471535476657,18.500000000000004
7.351960184169786,25.030601691441,18.499999999999996
7.540427592174798,25.256540495651755,18.5
8.548172261311494,24.857481912210318,18.5
7.309672594780774,26.79274600641953,18.5
8.543229811878422,24.91711975907197,18.500000000000007
7.260819574504035,27.084354952212163,18.500000000000004
7.240563436576103,27.037690969129322,18.499999999999996
7.740269704629188,27.89819292153755,18.500000000000004
7.301326134364539,27.958984217350665,18.500000000000004
8.245509556557119,24.59518337101456,18.500000000000004
7.080295396142398,26.963387502070756,18.500000000000004
6.509843831668784,27.32688011461239,18.500000000000007
6.604081091719707,27.341545546312013,18.500000000000004
6.541881891510448,27.590226803590248,18.49999999999999
7.394626633800971,27.86073072767579,18.500000000000004
6.766427514637153,27.811281395208457,18.500000000000004
7.758582577555895,28.277505427689277,18.5
8.041214677095214,28.139130944338667,18.5
7.79893846714598,28.25818832213671,18.5
7.319096916807355,28.131902531559483,18.499999999999996
6.577141810948961,27.997358767938938,18.500000000000007
7.294021947268129,28.126468239369505,18.5
7.307084861282929,28.46446817470051,18.500000000000004
6.786348604267744,28.286207716180453,18.5
7.240339382094643,28.31484913793651,18.5
7.469585697550123,27.957723297748355,18.500000000000004
6.730609994209314,28.43131151597521,18.5
6.576165226749356,28.440547679031248,18.500000000000004
8.163184922759289,28.356772415851005,18.500000000000007
7.260918644829754,28.558341308058267,18.5
7.151078537423733,28.51826789962433,18.499999999999996
7.704089946262814,28.430463825476618,18.5
7.469174826773579,27.91622355971383,18.499999999999993
8.46909955675339,28.308538024001837,18.499999999999996
6.928480666514481,28.478085442106682,18.5
7.06163324023469,28.21264319733298,18.500000000000004
6.351206568816939,27.725679497952665,18.5
6.656161696635815,27.4309406811601,18.499999999999996
7.085499651550242,27.483064712178134,18.500000000000004
7.082929834581008,26.64396188929119,11.1
9.803648261067265,28.0820213155569,14.558769366138574
10.195331812126078,27.85644921006394,13.264308104944709
10.70832931770994,28.018895562983708,15.132806322585365
10.271237841392484,28.124806673931946,15.03391472505261
10.681506424655595,27.791814454094435,11.099999999999996
7.729169295500064,28.10218536476536,11.100000000000001
8.09032741200884,28.201380378332896,11.099999999999998
7.970308278806333,28.05208405880301,11.1
8.879244496464095,27.89763781488648,11.100000000000001
7.166901588147498,27.780048484725725,11.1
6.371395305786685,27.524871873044756,11.099999999999994
7.569470953968651,27.796432816166377,11.100000000000003
6.535216997524762,28.001820783296697,11.100000000000005
6.131403654305074,27.546653453222323,11.1
6.2392095287481295,27.894229747264,11.1
6.0523160637160665,27.538083922089438,11.100000000000001
5.8804339162951615,27.608873999150887,11.100000000000001
11.164241607508608,27.72318224286273,11.36847911885203
10.75592939345267,27.700115266824092,11.1
10.714881725418303,27.406368840237104,11.1
11.444366167621734,27.59029910712109,11.835389344865478
10.416647508786149,27.592073828805464,11.1
10.948046910858125,27.67415539867921,11.100000000000001
8.23994089370856,27.585022938106913,11.1
7.736244641896996,27.412412471899884,11.1
7.706717689757091,27.902753472785175,11.099999999999998
8.018890650034749,27.38552384197813,11.099999999999998
8.235948687788902,27.673708429170272,11.1
8.01098628686551,27.512916800819518,11.1
6.499808416103267,27.25418529771334,11.100000000000001
5.743566636749507,27.302680430167072,11.099999999999996
6.255704946425519,26.90988735547291,11.100000000000003
5.715783219865351,27.737794340127177,11.100000000000001
6.361126559510607,27.17778475681449,11.100000000000001
5.7597794074472235,27.046322336255113,11.100000000000001
11.014792353654718,25.692569962288594,11.099999999999996
10.879114315223362,26.093480970328827,11.1
10.911058679477168,25.390317150074054,11.100000000000001
12.806810054876978,23.424620258050485,14.250139041436872
11.526729963902204,25.661450575987807,11.099999999999996
9.436212224280467,23.648343636205645,11.1
8.653880229027829,24.866715368011725,11.099999999999996
5.976993876242773,25.553038485646226,11.099999999999996
6.658127067232237,24.84340869730421,11.1
7.121056312943206,25.360027113633567,11.099999999999998
8.955173757141793,25.634689275599797,11.1
9.109689487650213,26.192113098360167,11.099999999999996
5.541907520509259,25.88552237423983,11.100000000000001
5.980474857177006,26.159476627225885,11.1
6.434835077064323,26.167062918422047,11.099999999999998
5.870912906621955,25.70190245928879,11.099999999999998
5.978580053172319,26.669301259586486,11.100000000000003
5.826620336946154,26.278149155109197,11.100000000000001
11.924029135888734,21.667172469903598,11.656602452994088
10.864393431382222,23.24003770828602,11.100000000000001
12.392935745554995,22.84463409228044,12.001494284515157
11.036737838039965,24.283496247044475,11.099999999999996
11.257504057270884,22.287184038454917,11.100000000000001
11.655241977925181,22.07639507733581,11.1
7.948521033607103,27.14405788380522,11.1
8.260102276313631,24.241713629902335,11.1
7.916536909357813,24.031409409939464,11.1
8.025485114441478,24.430120199394455,11.100000000000003
7.940142023501353,23.420018842454564,11.099999999999998
8.181248885939175,23.80090443021872,11.100000000000001
8.288407470866543,23.98523159190927,11.099999999999998
6.0130142555988115,24.842926381064444,11.099999999999998
6.633255826104814,24.372169647879208,11.1
8.076056971494454,24.286318464880807,11.100000000000007
6.41841466580609,24.5815249206183,11.1
5.86809366467004,25.42861419570468,11.100000000000001
11.549829690874247,20.849213033534884,11.1
12.093226491421575,21.28243594753961,11.491362645334933
11.942917051516602,21.331697348218665,11.100000000000001
10.839125921126591,21.290206539399694,11.099999999999998
11.829942204054955,21.297747055951906,11.099999999999998
11.779397914541823,21.514377382641445,11.099999999999996
8.141978914311673,22.534424991431017,11.1
7.925702168828729,22.842773547442384,11.099999999999998
7.128050075047741,21.073253131996818,11.100000000000001
9.226947798569567,22.234949102660522,11.100000000000005
8.942525662411388,23.1175295500163,11.1
8.701598444783187,22.173168716558006,11.099999999999998
6.625250299433549,22.86295735477875,11.100000000000001
7.098730599196079,22.40248015338186,11.099999999999996
7.418095172884447,22.4956983094811,11.099999999999998
7.93443250091383,22.100654383025145,11.1
7.360603736602578,22.154857245937993,11.1
7.646933029932063,21.47791965994735,11.1
10.711680673808688,19.89338110720007,11.100000000000005
11.731050004797256,19.239653226011683,11.1
11.28115249378747,19.096806601717134,11.1
11.945953690302218,20.56486746513058,11.1
11.611188991703044,18.9563086204877,11.099999999999998
11.610414409895373,20.278138612423113,11.099999999999998
8.696986861192709,17.96414389211056,11.100000000000001
9.925784426131923,18.05111666815673,11.099999999999994
9.319569915504125,18.241891114204787,11.1
8.495652186166827,17.956443330086426,11.100000000000001
9.007950192018301,18.266891101810995,11.100000000000001
8.374427084614881,18.009494006150856,11.1
6.831204395051815,19.179695571420325,11.100000000000001
7.471263726295391,18.726509564081383,11.100000000000001
7.280323387057182,18.848655980886537,11.100000000000001
6.746208979544945,18.72416049900646,11.1
7.5839866605568265,18.900070019394956,11.100000000000003
6.2892089097481,19.071654333955337,11.100000000000001
10.660354326926516,17.751898204260904,11.100000000000003
11.418171686673945,18.09728339941388,11.1
11.490025438103508,18.37682905231641,11.100000000000001
10.644437932105825,17.734125419289274,11.100000000000001
11.434994872837759,18.149888384000917,11.1
11.403449857421956,18.17135441966439,11.1
8.054652798762527,18.02032455276734,11.099999999999998
8.868780263854122,18.36244478582131,11.1
7.387295588994001,18.428621753638573,11.1
9.52012064513809,17.881538844452134,11.1
7.160852558807132,18.039311777023755,11.099999999999998
7.113848165338397,18.36776408265893,11.100000000000003
6.73536165472995,18.18280974415676,11.099999999999998
7.102196019868518,18.546342243977172,11.099999999999996
7.824520662704458,17.65301326955491,11.100000000000001
6.68151154666377,17.760339631953517,11.099999999999996
7.22765184919769,17.593768725317243,11.100000000000001
6.6681162842416315,18.24845174699898,11.099999999999998
10.438174200370732,17.58862558903041,11.100000000000001
9.241054610287094,17.24317002984811,11.099999999999996
10.069815784365154,17.805045599591278,11.100000000000003
9.84545447874845,17.539254824429218,11.100000000000001
10.40801035119063,17.582798040762967,11.099999999999998
9.21725391651034,17.26903946629977,11.1
7.7919697539271064,17.3596895253297,11.100000000000001
8.872993310361124,17.516274910833598,11.099999999999998
8.809004384572125,17.488679538541977,11.1
8.654371795320563,17.728570953005235,11.100000000000003
8.065021988472465,17.387096871763813,11.100000000000003
9.220668208747083,17.696513417526468,11.100000000000001
8.24543001781418,17.44620607782084,11.100000000000001
6.2711486593089685,17.655299243971257,11.099999999999998
7.002497252854301,17.424503796369315,11.099999999999998
7.121261522071633,17.461112400025435,11.1
6.6566640974656055,17.538093283304228,11.099999999999998
6.648630863512632,17.48896086971697,11.100000000000001
7.236588678375059,17.86271970804015,11.1
6.505949991096504,17.987779148403046,11.1
7.6544150133073385,17.33244103667942,11.100000000000001
7.028681435560956,17.369507041314513,11.1
7.656603957405217,17.296499954946306,11.100000000000001
7.567995868895765,17.32794581373602,11.1
7.81913173374998,17.413288820797973,11.099999999999998
8.671829339047108,17.62282535656084,11.100000000000001
8.904778369123807,17.64087366170837,11.100000000000001
8.170508138468886,17.287434227353238,11.099999999999998
8.310686488547736,17.45236714330563,11.100000000000003
9.08555507248632,17.538130677563334,11.1
9.578077754525241,17.675816081401766,11.1
7.70648689455444,17.39333229597758,11.1
9.102658339105844,17.145279812112044,11.099999999999994
9.447640418205198,17.536749006069435,11.099999999999996
8.9805268989872,17.397302197905212,11.1
8.696540261325898,17.562653373226368,11.099999999999998
6.972613686200346,18.269405531812634,11.099999999999994
8.002531439463413,17.612418346427464,11.1
7.960264511683359,17.530411981762228,11.100000000000001
5.8741694066956445,17.902830061840042,11.100000000000003
6.5710022220298345,17.730611660537217,11.1
8.53109987505385,17.747541184430915,11.100000000000003
6.809343949855307,18.40185865759888,11.1
9.184173410095472,17.61094049612287,11.100000000000003
9.695731936567634,17.835339051615488,11.100000000000001
9.456164016367264,17.82711339597481,11.100000000000001
9.400849513386074,17.880230748699123,11.100000000000001
8.78779093545587,17.85407562874611,11.1
8.884500483283489,18.4154637528603,11.1
9.646521391182127,18.270009967912085,11.1
8.534317711974726,17.975927070428618,11.100000000000001
8.352432862757238,17.647183062872443,11.1
9.623993948153633,17.75052511193159,11.1
8.977921844962001,17.768402683791653,11.1
6.313420692967467,19.829078589687057,11.1
6.161215094988898,18.884962686957145,11.099999999999998
6.302464077938401,20.53127001302833,11.1
6.1020189910767195,19.264625779072713,11.099999999999996
5.803112010568308,19.92184225970634,11.100000000000003
6.080036913883143,19.183857001200412,11.099999999999998
7.007204712689343,19.102272651308372,11.100000000000001
7.041493390479197,19.382175058270448,11.100000000000001
7.517812936769094,19.48017619717629,11.1
6.888704292201505,19.09439192386352,11.1
7.073438619932036,19.958936318826446,11.100000000000001
7.201833040343116,19.868540853882322,11.100000000000001
8.513106714300877,19.224818749159063,11.1
11.519783812700371,19.353068237737272,11.1
11.8032600686604,20.277870346402857,11.100000000000001
11.264267344484756,19.45970708013495,11.099999999999998
11.55122108614066,20.03423601792894,11.099999999999998
9.45060372640873,19.503969530850426,11.1
6.1934006753539785,21.725660904192043,11.1
5.215630821177229,22.73877242341628,11.1
5.218523880182203,23.259626824945606,11.1
5.027782447000647,21.699988538712322,11.1
4.895372472136098,22.65037412633697,11.099999999999998
4.906560102833922,22.622635668884197,11.100000000000001
7.76841663838166,21.48898973505844,11.099999999999998
7.141929821782884,22.008553559778072,11.099999999999996
7.455046689369525,22.071544760822853,11.100000000000001
7.05108510383144,22.184586657184784,11.1
6.366923996854262,21.04444027017745,11.1
7.010689762683353,20.55463634830081,11.100000000000001
9.500737943772181,21.800639490548303,11.099999999999998
11.292543596261334,22.24057737616573,11.1
12.374680501635599,21.487386512021907,11.64969305117144
11.717318831493538,21.70648305428412,11.100000000000003
11.719912969432379,21.40420533345586,11.100000000000001
9.831289839377908,21.864212447520025,11.099999999999998
5.696486783215955,23.3977873988883,11.1
5.017847190436373,25.081337504056368,11.1
5.031988790588847,25.26686161163551,11.1
5.267730543181912,24.38171031263097,11.100000000000001
5.258133221883213,24.45922791084196,11.1
5.292436262076978,24.558356455369424,11.099999999999998
5.902665834274836,24.968101353672054,11.1
7.621044577820076,25.93786047931295,11.100000000000001
5.867744796384551,26.220197308729027,11.1
6.492633477446145,26.637325450945248,11.099999999999998
6.428953507690798,26.013727369005913,11.099999999999998
5.985227269595649,25.89251908301782,11.1
8.80632962335303,22.75325723613304,11.1
7.846525167698787,21.010818899426482,11.099999999999998
7.121725588093251,23.00369263611961,11.100000000000001
9.657516495850555,23.378462807232356,11.100000000000003
7.686767211380681,23.229924077030258,11.1
9.814998888101282,23.495877112310403,11.1
5.95234855379848,26.025763932058275,11.1
5.4947904035376,26.14249190779778,11.099999999999998
5.659105481179465,26.516232576345335,11.099999999999998
5.3715519481579435,26.664500285489726,11.099999999999996
5.496865986687795,26.563391221166366,11.100000000000005
5.743976976145689,26.635355134171363,11.099999999999998
5.485150247626397,25.94747574780111,11.100000000000001
5.860383531099721,25.35138193246994,11.099999999999998
5.357219932112392,25.4843675219441,11.100000000000003
6.027890746260249,26.03908512701275,11.1
6.045450745000528,25.87819470734664,11.1
5.86225654562561,25.836938512791264,11.099999999999998
10.262370553490175,25.829646340789157,11.099999999999998
10.243567295917615,24.031699271652286,11.1
10.15768337957065,23.83564227779321,11.099999999999998
10.536153807974763,24.184324410324034,11.1
9.178682426693166,23.978326466923505,11.100000000000001
9.93303664583039,23.838855328566293,11.099999999999998
5.892962968354004,26.938316657932646,11.099999999999998
5.638229085283392,26.60420282765594,11.1
5.72463983352685,26.939275131288333,11.1
6.485094862504406,27.386422143897324,11.099999999999996
5.291779155439899,27.171870448957367,11.1
6.792892003185675,27.24503704371058,11.1
5.851435204630548,26.224368815803967,11.100000000000001
6.375828839959491,26.624156329224583,11.099999999999996
5.740428722700114,26.533450748094804,11.099999999999996
6.391999887635482,27.054121105981164,11.1
5.701379141429908,26.761066274620216,11.099999999999996
6.3405618288516585,26.754866836677376,11.100000000000001
9.306403844437972,27.50661749552606,11.099999999999998
7.953797481887788,27.99633469304485,11.100000000000001
8.393756982620513,28.178726502540744,11.099999999999998
9.46950391682716,27.91039098379719,11.100000000000001
9.26892225782556,27.90049043437771,11.100000000000001
9.863412429116254,28.03091489810839,11.1
5.71269783170648,27.156499793099073,11.099999999999998
5.363545418787966,27.23319933077766,11.100000000000001
5.732450881806722,27.764197216303344,11.099999999999996
5.52785762380238,27.596285542649603,11.100000000000001
6.061449999798134,27.858796692003374,11.100000000000001
5.3413999764313695,27.276448977772617,11.100000000000001
5.460071767347429,27.437200902809625,11.099999999999996
6.551651445206625,27.587219740903482,11.099999999999998
6.769328032218705,27.33310518327214,11.100000000000001
6.430869132611668,27.69283779114165,11.099999999999998
7.190960131341085,27.323516719040157,11.1
5.754516852570542,27.701870265895522,11.1
8.988921139614149,28.157228047093483,11.099999999999996
8.323494279236881,28.14812208017196,11.1
8.652044756665381,28.150436800529743,11.099999999999996
8.222948930460227,28.29753918628005,11.099999999999998
8.775255947284299,28.122583085183354,11.1
8.055974040009101,28.272145226812196,11.100000000000001
8.130752663475976,27.51662799117136,18.499999999999996
8.788234847632415,27.36244465502916,18.499999999999993
8.868460898440663,27.982519118292842,18.499999999999993
8.27193546470476,28.13420682057668,18.500000000000007
8.040119628195573,27.550646404936643,18.500000000000004
9.34945424847713,27.586379914733406,18.359959906628518
6.816460944923828,28.534751069974483,18.499999999999993
7.014872364999618,28.448012226333752,18.5
6.872064500135923,27.752742477279597,18.5
6.701639333387428,28.19683041820486,18.499999999999996
6.627221301242543,28.298337293232077,18.5
6.909505768429828,28.1686143879516,18.499999999999996
6.840836704008867,28.605611987219586,18.5
6.590154324103892,28.460552370319192,18.5
6.207640579776862,28.028218122550314,18.499999999999996
6.320292640091904,28.203200476029323,18.499999999999996
6.674362930148837,28.068411368876482,18.500000000000004
6.438160689579082,28.31687610991268,18.5
9.08756012770156,26.159373945942356,18.500000000000004
9.238599125322096,27.22955945289337,18.499999999999996
8.65476122854016,27.77693015623934,18.499999999999996
9.13292688862748,27.042098601996038,18.499999999999996
8.143746290285325,27.56585698897531,18.499999999999993
8.857671204148453,25.97328387572044,18.5
7.58380881101013,27.387513699046647,18.5
7.718577099340114,27.350741271211476,18.500000000000004
7.398663970350882,27.19126856320638,18.5
7.358121006231166,27.24078298247915,18.499999999999996
7.367022511998905,27.204422037214396,18.5
7.429746329721287,25.963480663560134,18.500000000000004
6.145831360956177,27.56895559092769,18.500000000000007
6.250488579540633,27.61795833922735,18.500000000000007
6.965847416458315,27.83122786918377,18.500000000000004
6.816028475832921,28.213155749774163,18.499999999999993
6.794724554319501,28.025040092933704,18.499999999999993
7.244767852077106,27.916825569379952,18.5
8.540334422812847,24.831641132270963,18.5
9.031528087210008,25.546501863380943,18.500000000000004
8.327766581162326,25.100848034483747,18.499999999999996
9.085581657810726,26.207437670974002,18.499999999999996
8.105893435245818,27.033133072620853,18.499999999999996
9.085934184794459,26.00336576240916,18.5
7.429582617222201,23.92432746497741,18.5
8.337726676009407,23.850009831867787,18.499999999999996
8.181195424672312,23.482734692422103,18.500000000000007
8.204920489367051,24.22685741209595,18.499999999999996
7.808819628535915,24.721990987236428,18.5
7.540059316531109,24.648436032903412,18.499999999999996
6.316045555777523,27.13879363645757,18.5
6.527870800166107,25.942391940227797,18.500000000000004
6.815389575383867,24.766222878023168,18.5
7.456949682580529,25.54689725241139,18.499999999999993
7.090147996455161,25.245921910213593,18.5
6.8340632872888545,25.668900089453047,18.499999999999996
9.172345909111305,22.27526196285757,18.500000000000007
10.843677812675748,20.788459735986734,18.5
8.978452234536315,21.83441190017899,18.5
8.894730187103962,22.843968723345114,18.5
10.791802738521968,22.059212959196355,18.5
10.850352443029601,21.147772724433548,18.500000000000004
8.447662933170665,23.201148756762432,18.500000000000004
8.36260057556562,24.036183787427568,18.500000000000004
8.491176873887571,23.68556698028396,18.500000000000004
8.501029525104576,23.28292136069206,18.500000000000004
8.05988022587447,24.992095777092167,18.500000000000004
8.296186979992463,24.46451630151934,18.500000000000004
8.28239693056394,23.050347159722797,18.500000000000004
8.328991584789673,22.610897776225606,18.500000000000004
8.197348064299982,23.047942677863876,18.5
7.988135861131911,23.061521566895603,18.499999999999996
7.369807339033235,25.0884192257938,18.5
7.3078065827645835,24.823535318916992,18.500000000000004
11.374917134147418,19.868955297413123,18.499999999999993
10.445163384942676,20.6478578030794,18.5
10.291830250349536,20.27252151745287,18.500000000000004
11.66228544867578,20.47042605398511,18.499999999999993
10.828471603156396,21.153786116231288,18.355256359323022
10.982109278513642,20.407261769815577,18.499999999999996
7.9151184097915355,23.311979933350568,18.500000000000004
7.874674554077239,22.98407692187635,18.5
7.417578165914481,23.955679291739248,18.5
8.138355992334137,23.368768130705767,18.499999999999996
7.954092068505642,23.69969451371221,18.500000000000007
8.16649215960231,23.486653843582328,18.499999999999996
8.382167745838286,23.106237186116275,18.5
8.246117038398028,22.116391312906103,18.5
8.459652383737867,20.17897095055399,18.5
8.203724030095794,22.022409425080802,18.5
8.324773093442436,23.204618613290215,18.5
8.30427017947814,19.92843992853637,18.5
8.53365167986935,18.147821482561003,18.5
9.054952677920474,18.96153274782271,18.5
9.00506819123157,18.791623655273888,18.499999999999993
10.248893685992806,18.42239864368572,18.500000000000004
10.622367401700977,18.779581645731998,18.5
10.413735896802347,19.267516933888082,18.499999999999996
7.861912958361298,18.048563603623755,18.499999999999996
8.564749946968966,18.902065751466758,18.499999999999996
9.374979479906184,19.952647941483615,18.500000000000004
8.534506330729084,19.192945088960624,18.499999999999996
7.861159658168032,19.572442403681567,18.499999999999996
7.363831219568822,18.871842466305434,18.5
7.688116895521941,20.853294861643143,18.500000000000007
7.317863893905009,19.682596284076045,18.500000000000004
8.266756924553496,22.67831413982888,18.500000000000004
6.668073311318299,19.555865144183205,18.499999999999996
6.980761761978774,19.424004502333098,18.500000000000004
7.232336187567149,18.75544198506378,18.5
8.733901318404731,19.403151114926523,18.499999999999993
8.336956415611644,18.505926162480606,18.5
10.63228030862173,18.630504315894086,18.5
9.715833482789016,18.6488614302242,18.499999999999996
10.315942033836881,19.008435848775477,18.5
9.958160518831248,18.237894066174523,18.5
8.033151995343907,19.123718000569,18.500000000000004
9.960047770015924,18.557293115772453,18.500000000000004
10.441428048159073,18.83677733090346,18.499999999999996
8.344207258872972,18.080397512850894,18.499999999999996
9.890221240888465,19.082189895842575,18.50000000000001
8.323791680377274,20.670861195176606,18.5
7.298947362139917,18.05959902978171,18.499999999999993
7.592122602989998,18.722718020010287,18.500000000000004
7.628598472341734,20.523145750544682,18.5
7.2973022707151936,19.4674224122149,18.500000000000004
7.613565445797521,20.47344710364822,18.500000000000004
7.250300225054963,19.62336057191731,18.5
9.123301339213784,18.419593904165005,18.500000000000004
9.116584419702255,18.26118906956258,18.500000000000004
9.765300214279995,18.360108558147825,18.5
8.877196567430321,18.893018343335633,18.5
8.183409205994682,18.315594711311576,18.5
9.158980821458094,18.644385182577672,18.500000000000004
6.1937444841624645,17.661759002778282,18.5
6.97643198235976,17.68658369345685,18.499999999999996
7.234016744243153,17.601143181490084,18.5
6.972920620944605,17.4150805467656,18.500000000000004
6.872910704054169,18.379899777280702,18.5
6.8495089517017576,17.952286494593814,18.500000000000004
7.1825345752126735,19.168524226897283,18.5
9.068501130793084,18.466266460943526,18.499999999999993
7.144180067801681,18.000262040317136,18.500000000000004
6.8746376680416414,18.058293164376302,18.5
8.052176114320792,18.68139064212668,18.499999999999996
7.830108810983856,18.717577477754823,18.499999999999996
7.111309385555742,17.33278013594186,18.500000000000004
7.107407774883322,18.68326615967791,18.5
7.107958453462406,17.885630030868622,18.5
7.161806251494746,17.324115495193382,18.5
7.187821678074001,17.311259717381922,18.499999999999993
6.903944481342104,17.501258596016633,18.5
7.030125796801318,17.832129271291084,18.499999999999993
6.9125839891939025,17.648916157157593,18.499999999999996
6.562279570536753,18.05818210536777,18.5
7.094312816329289,18.21587873867956,18.500000000000007
7.28415253198472,17.475177523729485,18.500000000000007
7.245898389456166,17.266822273329936,18.500000000000004
7.355394422854073,17.53866796962825,18.500000000000007
8.677570648988354,17.77352188396015,18.5
9.900288008325745,18.90958326073311,18.499999999999996
8.722322881973001,18.154417230994614,18.499999999999996
7.1337047558002,17.607386018116692,18.5
7.940845730133751,17.74445538408997,18.500000000000004
6.64779254203821,17.824472415876738,18.499999999999993
6.276492079745683,18.640404688047656,18.5
7.387635051391889,18.008399528019723,18.500000000000004
6.7387626884874345,18.041342945765894,18.499999999999996
6.941671827516787,18.071900006625942,18.500000000000004
6.974802901947346,17.63891744874697,18.500000000000004
7.940855968764759,18.550327335338224,18.500000000000004
7.358807946460197,19.86118439566967,18.5
7.530234719635817,19.50631709309198,18.5
6.408428379005604,18.3490756791234,18.499999999999993
6.861388590054407,18.149042790414935,18.5
7.173011848013199,18.25140619873347,18.5
8.082779258699736,19.34434554858227,18.5
8.761261348860144,19.953457023242883,18.499999999999996
9.488919256616516,19.485052681875445,18.499999999999996
9.200659322510782,18.902426548649142,18.499999999999996
8.864714615399674,19.0666050454577,18.499999999999993
9.547068951386356,19.49939470462028,18.500000000000007
7.36523208798483,19.156984348903123,18.5
8.619131012647735,18.991992392765027,18.500000000000004
8.377660832414664,18.26417693899924,18.5
7.418616455732994,18.03253761302109,18.499999999999993
6.293676700521096,18.57957818369082,18.499999999999996
7.48373107905158,17.505301837419108,18.500000000000004
9.188131365476316,21.983775255122477,18.500000000000004
8.682429604746341,22.41360043170144,18.499999999999993
8.782910036099407,18.98620126609723,18.499999999999996
7.617233822438038,18.406183185163307,18.5
7.6397384358502425,18.57544322636959,18.5
8.026731874423062,18.872410410551645,18.500000000000004
8.924866579546109,18.37592563390723,18.500000000000004
9.17702487491158,20.621313874849932,18.500000000000007
8.938920722449646,20.181318082068056,18.5
9.220473022080348,20.28601901362904,18.500000000000007
9.525478895339507,19.63333332778886,18.499999999999993
8.739034616797545,20.695214085837357,18.5
7.505073119077579,20.452417108636528,18.500000000000004
7.467699990214269,21.583509447506124,18.499999999999996
7.605284222893241,19.18166317620727,18.500000000000004
8.736121885013342,23.052570937774135,18.500000000000004
8.923087360798696,22.127168960336313,18.5
9.056987074090582,20.576376769588006,18.5
7.6425814664214755,22.508023122198857,18.5
8.849346903693801,22.521541058666127,18.499999999999996
7.853178699705766,21.855922071408624,18.499999999999996
7.928307566352814,23.131993707963353,18.500000000000004
8.778005186132557,19.044386159694852,18.499999999999993
7.982481509255763,22.88747556998108,18.5
10.83369946427456,19.326130187806772,18.500000000000004
10.998969580421736,19.38345333235209,18.499999999999996
10.598649550160584,18.990184172428993,18.500000000000004
8.836895126291587,21.437043814062065,18.5
8.788040400085375,22.565073837717694,18.499999999999996
9.424917908881397,21.67227776945206,18.5
6.371107925273545,27.37149901141403,18.5
6.8331809127767125,24.144783007570766,18.5
6.922497385274422,24.019409381903873,18.500000000000004
7.256829401972146,23.84972173500865,18.499999999999996
7.052646790164332,24.17290652694385,18.5
7.6526899301498075,24.05663793668412,18.5
7.742485381280355,23.649107794938168,18.5
7.49052050497664,23.835155736018496,18.499999999999996
8.201281586963887,22.59734219355313,18.499999999999996
7.625131973931304,23.25431014081175,18.499999999999996
8.527685740494654,22.687970180721486,18.5
8.10740282414947,23.04034521199703,18.5
8.398380806978166,24.49001956987719,18.500000000000007
9.045520773527253,23.332427044734107,18.499999999999996
7.886561301864163,24.62223809054719,18.499999999999996
9.34649226367587,25.73741818172881,18.500000000000004
8.596450302606616,24.00079473390472,18.499999999999993
9.260588617689368,23.585665496707346,18.5
6.327895316446969,26.75053507858357,18.5
6.605338481095527,26.27158192726574,18.5
6.438456186801701,25.667113542070158,18.5
6.2725608255158996,27.029650999684513,18.499999999999996
5.6253309492531685,27.476998131900185,18.5
6.403913603087655,27.998127888656654,18.5
7.293934286152627,25.684967200368963,18.500000000000004
6.945853206783518,26.88295740682572,18.5
6.335573451120469,27.0246519430901,18.5
7.244153883148609,25.855908267371042,18.5
7.261412835421175,25.82639141704766,18.5
6.658296295438693,26.70416645502162,18.50000000000001
8.420980925127205,23.374350651170605,18.500000000000004
8.062563846778437,25.76138320562742,18.500000000000004
8.444698273890655,25.55331576796056,18.5
8.150092771358763,24.38279514242597,18.499999999999996
6.839428219312126,28.0131439229962,18.499999999999996
9.451180303571652,21.83445453985845,18.499999999999996
6.208945402236994,28.08755349916547,18.499999999999996
6.416685671540998,27.849985635642998,18.5
5.794771707067707,27.521708285024896,18.5
6.09592249023613,27.442641689443555,18.500000000000004
6.112492867863218,27.94796457922014,18.500000000000004
6.108295013001977,27.684735654122534,18.5
6.654546017687713,28.292468760677703,18.499999999999996
6.755216383885911,27.947649180966632,18.5
6.899186023357381,28.0452927015603,18.500000000000004
6.76947045514121,27.71659506561359,18.49999999999999
7.019837459156121,27.545706353773472,18.499999999999996
7.101245567859804,27.808152999102887,18.5
7.002462900621448,27.35308772971574,18.499999999999996
7.625096221128392,28.241995255970753,18.5
7.953667579204936,27.581966321189523,18.499999999999993
7.61845502836522,27.76512178899052,18.5
7.793422938461959,27.71570665240756,18.500000000000004
7.8672730247188785,27.666734364456488,18.499999999999993
6.46154369239342,28.288774430458115,18.5
6.124206718572087,28.15265281855819,18.499999999999993
6.0498782479941084,28.02263026799123,18.5
6.617805766928143,28.11941267898295,18.499999999999993
6.285053583409559,28.241702870462763,18.500000000000004
6.27775569702249,28.39052247303653,18.499999999999996
6.756860832824062,28.051941050997144,18.5
6.47198184784227,28.355449562912344,18.500000000000004
6.759974387200597,28.294691333036234,18.5
6.662096783814366,28.50764167200022,18.499999999999993
6.479377128589164,27.851121862507423,18.500000000000004
6.551848535532737,28.07366633784053,18.5
6.9511110634166124,28.437430380393966,18.5
6.564522097430378,28.412864039925466,18.5
6.562404773815966,28.00540825099547,18.5
7.14751610688228,28.15353289621488,18.500000000000004
7.156684527651239,27.699629594434256,18.500000000000004
6.984858994374673,28.49952331930746,18.5
