8.82245987701082,26.386612750865712,12.814452151969025
6.295311635730807,25.424864937296583,11.1
9.301104924634773,25.730381216844766,12.846653173557872
9.802012727019608,26.113544369340776,11.1
6.140291289335618,25.37237316165975,11.099999999999998
7.9547942660445985,27.20231111701857,11.099999999999998
5.3799374450268225,26.429903157550577,11.100000000000001
4.6346686426536685,26.369748349882606,11.100000000000001
4.581545602491322,26.05085271652657,11.1
6.606659995452976,27.888507838492167,11.1
5.284195371076083,25.735416483482425,11.099999999999996
5.775961556442782,26.385836689521547,11.1
4.1253779,26.470222725679683,11.1
4.1253779,26.620735821282512,11.1
4.125377899999999,25.484410370090085,11.1
4.125377899999999,26.34838436635318,11.1
4.1253779,24.836225430455862,11.099999999999998
4.1253779,26.055452661119826,11.099999999999998
6.497120140709704,25.324654999850033,11.100000000000001
7.988657240460459,25.185973668291858,11.100000000000001
5.309244947950033,24.36183882583891,12.053024390332258
5.9844078542942185,24.869951923873415,11.1
8.279813224037389,25.52561191773497,11.099999999999998
6.317080617834217,24.499822904642446,11.1
6.7503878799273735,25.014796681192973,11.099999999999998
4.687170885246678,24.451300462141965,11.1
5.332228866073461,24.342305067215307,11.1
6.180094868251735,23.44706099549652,11.099999999999998
6.807790413724397,23.817363819113798,11.100000000000001
6.206062548717437,24.33963880915521,11.100000000000001
4.1253779,25.336565235777275,11.1
4.1253779,26.108708521226145,11.1
4.1253779,25.811455161052383,11.1
4.1253779,25.83324922802155,11.1
4.677453386669299,25.677117819113796,11.100000000000001
4.1253779,25.877739748681655,11.099999999999998
6.0301825643148295,23.862856485358073,11.1
4.87270110340322,23.880410398319437,11.1
5.534412389757205,24.314349897024393,11.1
5.999700420500367,24.11121731871333,11.100000000000001
4.64919042739976,24.42290984139924,11.100000000000001
4.760566647563101,24.09007261330708,11.1
4.737420530495772,24.331835180546005,11.100000000000001
5.634598594589202,24.066283107182752,11.1
5.592219216183363,24.302507213090774,11.099999999999996
5.936608836935623,25.359977006236576,11.100000000000001
5.467951555064778,24.8142813150063,11.1
5.5129489337699455,25.097616513964567,11.099999999999998
4.1253779,24.88436241951992,11.1
4.125377900000001,24.604346071092984,11.100000000000001
4.1253779,25.46349690194154,11.1
4.1253779,24.842561444038342,11.100000000000001
4.1253779,25.987858489313574,11.099999999999998
4.1253779,24.45092347137888,11.100000000000001
5.418301735981578,24.623468136441367,12.1054817489251
6.337120190093235,24.302652129300075,11.099999999999998
6.211810456460053,24.08663583289313,11.100000000000001
6.428307696404111,24.841844462058646,11.100000000000001
6.122803412794817,24.51673361409306,11.1
6.29632034791561,24.52163178179778,11.1
4.1253779,24.42683806510855,13.127153723856917
6.79081422709423,23.297252746783602,11.1
5.485570808602974,23.371280503219438,11.099999999999998
6.434706515437932,24.13851731711812,11.1
5.991029977193757,23.83527158936045,11.099999999999998
4.638610667439891,24.104204544460412,11.1
4.1253779,24.104606615952545,11.1
4.1253779,24.13175130379755,11.1
4.1253779,24.06277355709873,11.099999999999998
4.1253779,24.027154064227837,11.100000000000001
4.1253779,24.388593754020434,11.099999999999998
4.1253779,24.145525151187858,11.099999999999998
4.715748396434438,23.397086492243893,11.099999999999998
6.532656930959182,23.672487767910106,11.100000000000001
6.662195432058969,23.07199793054727,11.1
4.1253779,24.634704523176456,11.1
5.395386300646216,22.782200978568053,11.100000000000001
7.274665079989899,22.54928572877622,11.100000000000001
5.4279236097336225,23.40282619571594,11.1
6.829603736847668,22.280021660074325,11.1
4.699815126453657,23.790173634700487,11.1
7.304252320176213,22.804492058499534,11.1
5.686046409299047,24.324323799002446,11.1
5.349917274117443,24.382310264292947,11.1
4.641605759000495,23.081941826928315,11.100000000000001
4.125377900000001,23.032276002041833,11.100000000000001
4.1253779,23.202526935667134,11.099999999999998
4.1253779,23.108818072450436,11.1
4.1253779,23.273277728947892,11.1
4.125377900000001,22.161297409055685,11.100000000000001
10.186576068782855,20.277229564152957,11.099999999999998
8.626804409220497,20.92175307410219,11.099999999999998
6.67705219204945,19.479118776825636,11.100000000000001
7.931085767606034,18.725343158237788,11.1
6.874564850845731,18.719474232069246,11.1
8.000195249770789,19.1854575093599,11.1
8.51491789,19.539987997504582,11.1
7.25986580000874,20.02542549102274,11.099999999999998
5.19208846562262,21.34937561833892,11.974514661017578
7.907694159008182,21.277789367683802,11.1
7.974523369638131,20.930374073121087,11.100000000000001
8.51491789,19.253419737613047,11.099999999999998
4.125377899999999,22.050780022883576,11.099999999999998
4.683454642948636,21.531614467300166,11.100000000000001
4.1253779,21.72664864778435,11.099999999999998
4.629984406634618,21.786298882397254,12.085866986865952
4.125377899999999,21.743730620479738,12.038685070422913
4.1253779,21.47468582647036,12.191430111473718
7.904500189777444,18.73406506854695,11.099999999999998
8.514917889999998,18.478907376999995,11.1
8.514917889999998,18.478907376999995,11.099999999999998
8.51491789,18.478907377,11.1
8.51491789,18.478907377,11.100000000000001
8.51491789,18.478907377,11.1
8.51491789,18.68968475335205,11.099999999999996
8.514917889999998,18.742008586440004,11.099999999999998
8.514917889999998,19.010675304656285,11.099999999999998
5.207633861826431,20.915192465025804,11.100000000000001
8.51491789,18.697039501249996,11.099999999999998
8.51491789,18.69699309373319,11.1
4.1253779,19.67832143581784,11.1
6.5708244481988896,19.475073952242628,11.1
4.125377900000001,20.167197016298147,11.1
4.1253779,20.448397747483668,11.1
4.1253779,19.61341442846115,11.1
4.1253779,19.539052823772654,11.100000000000001
8.597366745247546,18.22009182769774,11.100000000000001
8.616110893084455,18.207108690435284,11.1
8.514917889999998,18.478907377,11.099999999999998
7.926001416770162,18.219403306040498,11.1
9.917698768220333,17.90747659945129,11.1
8.69454258000778,18.18245668246795,11.099999999999998
5.944925160189004,18.71228967078379,11.1
9.151119889675956,18.21974687018293,11.1
9.059448100844582,18.03841872101423,11.1
8.514917890000001,18.72861470745314,11.100000000000001
8.51491789,18.478907377000002,11.100000000000001
8.514917890000001,18.478907377,11.100000000000001
4.1253779,19.00071443452012,11.1
4.125377900000001,18.928568111342127,11.1
4.125377900000001,18.675023530413263,11.100000000000001
4.125377900000001,18.279665431550896,11.1
4.125377900000001,19.38863478492006,11.843606668695255
4.125377899999999,19.525137788490987,11.1
6.822063239268532,18.051101607538378,11.099999999999998
8.51491789,18.211462343254503,11.1
8.51491789,18.71392547816682,11.1
7.88581664155167,18.72995441006008,11.100000000000001
7.860247823058144,18.995453394349298,11.1
7.247854573700332,18.99812304840718,11.099999999999998
9.291832767721655,18.162426678154947,11.099999999999998
8.51491789,17.90588949195696,11.1
9.093612513858114,18.46351168461929,11.1
7.2663661916390705,18.478907377,11.1
5.347414334247934,18.478907377,11.100000000000001
8.51491789,18.478907377,11.1
9.194769046060669,18.20724762194409,11.1
11.857750858496257,19.303079710117327,11.1
9.551710984038806,18.246191329872868,11.1
10.400211461827478,19.923723620066333,12.090708322933938
8.717911975234616,18.711608930499985,11.1
9.210794922424496,18.478907376999995,11.1
8.514917890000001,18.69788999707888,11.100000000000001
5.742547113836597,18.478907377,11.1
8.51491789,19.49851499667298,11.100000000000001
8.51491789,19.011594647126472,11.099999999999998
8.51491789,18.478907377,11.100000000000001
5.253666881766278,18.478907377,11.1
7.261054649358449,18.478907377,11.100000000000001
8.51491789,18.69220829899171,11.099999999999998
7.302342292391326,18.478907377,11.100000000000001
9.174632884455491,18.210168717887033,11.099999999999998
9.117600971229331,18.233400992453863,11.1
9.122802899005416,18.478907376999995,11.099999999999998
9.74739595202183,20.773496733669518,11.1
9.995488555968555,19.864588122314323,11.100000000000001
8.086540561900888,20.58845925190922,12.854304055054648
10.410505813221313,19.763233436519908,11.1
8.475073677450116,18.991928426910018,12.161558930884048
11.388759792028814,19.074184070490045,11.100000000000001
4.125377899999999,21.348911807421707,11.099999999999998
4.1253779,21.312138068837072,11.1
6.569280382735307,19.667617367788665,11.099999999999998
5.726914054792491,19.1443299691119,11.100000000000001
4.1253779,19.176575769436234,11.1
4.703254507374436,20.898985648957336,11.099999999999998
6.127156822470155,19.26682290993063,11.1
4.711562897605525,20.248311398519476,11.1
7.963520003351983,18.934650287647116,11.1
7.232139775051309,20.528737649174957,11.100000000000001
5.962421589260698,21.810739285135313,11.1
11.319298853468942,19.399575055232816,11.100000000000001
10.316505847916702,19.73021490138981,11.1
11.04507395695661,19.00827623604612,11.100000000000001
9.527309865238713,19.827889040016274,12.063264509603947
5.352782400862658,22.27228039158239,17.41747625565313
10.746899595474797,19.355628910646004,11.099999999999998
12.29170600464472,19.243334775976216,11.100000000000001
4.1253779,23.63247095939956,11.1
5.938108525975367,21.861146333958892,11.099999999999998
6.59084300611539,22.088214735020426,11.1
4.1253779,24.38589898362527,11.1
4.7175368465235845,24.388915547759293,11.1
4.716104639244838,23.89231494694824,11.100000000000001
4.1253779,24.359366735770788,11.1
4.1253779,23.608732390179057,12.080334893344501
6.584037547982145,23.082558764795923,12.184040564092975
4.1253779,22.28131380707673,12.320938300324663
8.52978009103679,21.007165448726752,11.1
4.720796455101615,23.04343007036855,12.224214944363798
9.25493863347622,21.066857597753387,12.131293120229621
8.561260926141836,21.65564672024094,12.059941318711303
9.01023169415616,21.017708371668604,14.382493591685499
9.126662397722813,22.319419244115526,13.252578459107955
5.315757433310723,21.80060694773325,16.49322740729847
6.50366240146455,21.05132376409696,15.435975767861997
5.309783644649815,24.341468817746247,11.1
4.1253779,24.09891075546581,11.099999999999998
4.1253779,24.491675103840013,11.1
4.1253779,24.09781936558364,11.100000000000001
5.324145749888826,23.613349156566557,11.1
4.125377899999999,24.323641401581988,11.1
4.1253779,24.525995606188502,11.100000000000001
4.1253779,24.063449919927848,11.100000000000001
5.75164889533258,24.304463179565143,11.099999999999998
4.1253779,24.359703512902875,11.099999999999998
4.1253779,24.370495255633557,11.1
4.125377899999999,24.37176648113,11.099999999999994
7.146223449844602,24.222410138743058,11.099999999999998
5.294035095718108,22.60717501027745,18.5
4.1253779,23.2264544675551,18.500000000000004
6.3935878929219045,22.27600990922552,14.79291446664896
5.46014619235517,23.59333339515019,17.374906552175162
6.601255520348646,22.068008655314785,14.38994365744038
4.727360151679849,24.347315835642615,11.1
4.1253779,24.87072539404457,11.099999999999998
4.1253779,24.354014059799407,11.099999999999998
5.272040769405177,24.61676851389931,11.099999999999998
6.158304987665776,23.606295060303744,11.099999999999998
5.978552279213172,24.38616927373569,11.1
6.530249987842836,25.085049466140237,11.100000000000001
5.275502893855899,24.09592114605314,11.100000000000001
4.641075326612442,24.265041483628806,11.1
4.125377900000002,24.087516091452276,11.100000000000003
4.707295740674367,24.329366157885573,11.100000000000001
6.0021764868427745,24.37640336695043,11.1
5.28464180173607,23.358507149680158,18.5
4.125377899999999,22.816719871968687,18.499999999999996
6.019691488827952,23.580037198574082,18.5
11.81926106208499,23.499092352053694,11.985565357439517
7.4166268292310145,24.390583958106884,15.210828967807995
9.84032668356136,24.859199455914354,14.199343437560545
5.428705777095665,25.581556486011582,11.100000000000003
4.1253779,26.29235130216954,11.100000000000001
4.708489942474565,24.7897157568418,11.1
5.3575664987206775,24.60827524057962,11.100000000000001
4.731078976270826,24.90401719923742,12.128628471853826
5.464803059614028,23.838330394380627,11.099999999999998
7.405664614330416,26.5157066436137,11.99951024307137
8.51491789,26.715120729324084,11.099999999999998
6.078839538832463,25.434727144097195,14.120617211397738
7.258402261805554,26.14330868079757,11.100000000000001
4.7435615798366255,24.580811422788592,11.100000000000001
6.852469382373984,25.391103721734133,11.099999999999998
4.1253779,24.344255604634277,18.500000000000004
5.24438698368295,23.61530233918529,18.5
6.018837194544871,24.07123012394947,17.48414653067119
10.37547445803498,25.90266021484959,13.1873621483589
7.288157895566688,24.70763372124472,15.186213732713615
6.7272613693315435,24.34451072884106,16.391973066545805
4.1253779,26.198194250498553,11.1
4.6961170432093295,26.499931439060354,11.1
4.1253779,26.51649455524245,11.099999999999998
4.125377900000001,26.298836219020238,11.100000000000001
4.6352652072119955,26.11383603038999,11.1
4.643121649836677,26.061506675221754,11.099999999999998
6.79907768860674,26.904975270898984,11.099999999999998
6.638180708350912,25.11143977121851,13.124098741824453
10.273836620867845,27.42099555828595,11.099999999999998
6.552097046217072,25.571800876637145,11.099999999999998
4.1253779,24.096848925847482,16.424998624002136
5.352904425578077,23.853154899293607,12.128011738731688
9.233092184774398,25.146998738037183,14.192056100440205
5.435328400607084,23.576411802504097,18.5
5.368449634150251,23.59003352565867,18.5
4.125377899999999,24.346769487421724,18.499999999999993
7.239965498074,23.811954135240896,17.498822345522044
6.104418727196541,23.565113982126395,18.499999999999996
5.221498766195559,28.503209272494274,18.5
5.2628443267773095,28.429340671108317,18.500000000000004
4.1253779,25.893002898875753,18.5
5.2307057238768815,28.512879217079796,18.5
5.396075055564409,28.279099711872732,18.500000000000004
5.263522750284653,26.388460015565713,18.499999999999996
7.580007326339514,29.023601174971297,18.5
8.006766315557684,28.803161649218733,18.5
8.51491789,28.776850589602628,18.5
5.731867765073592,25.438363706046456,18.5
6.9915790319694855,28.586991265401775,18.5
5.35226713740782,28.439220197742998,18.5
4.125377900000001,28.169351879698887,18.5
4.1253779,28.650774417314015,18.499999999999996
5.218564432441669,28.177398645288303,18.5
4.1253779,27.908517188901484,18.5
4.1253779,28.44699345273631,18.5
4.1253779,28.402046149268923,18.499999999999996
4.771125789090856,26.664463317186026,18.5
4.717883962072957,24.077709026647476,18.5
5.316110426796449,26.97790866665977,18.5
4.6144585274550804,26.190808967941845,18.5
4.125377899999999,26.055160632084633,18.5
5.868970689919173,24.352945631195876,18.499999999999996
5.466131818125586,26.467876351811874,18.5
6.99164350255187,26.79743968023834,18.500000000000004
6.389123553316572,26.040158567818686,18.5
4.859172868161646,25.061259904746848,18.500000000000004
6.114723706553752,26.072551634880234,18.499999999999996
5.4249807082535995,23.055522999658706,18.5
4.125377899999999,27.76123583612527,18.499999999999996
4.125377900000001,27.217319244976427,18.500000000000004
4.1253779,26.90538357160839,18.5
4.125377900000001,25.477166699677127,18.500000000000004
4.630550200204752,26.99813141263229,18.500000000000004
4.1253779,25.31407090569684,18.500000000000004
5.167222791700947,23.022632594951013,18.500000000000004
5.425223316056902,23.304983241621514,18.5
5.398893976435421,23.064639915424127,18.5
5.205754212567242,23.38468466726373,18.5
6.585594668618261,22.795669107035053,18.500000000000004
5.300597955955296,23.0995161433945,18.5
7.299135567539775,25.0399670688643,18.5
7.916236502554211,25.857691078561704,18.499999999999996
7.256701234796385,24.797121814192955,18.500000000000004
5.525258414382434,23.30517278366201,18.5
5.37114891445593,23.28040424791277,18.5
4.770776352715083,23.85472901845906,18.5
4.1253779,24.349880344578605,18.5
4.125377900000001,24.224767843709245,18.5
4.1253779,23.8226859977328,18.5
4.1253779,24.688028741172847,18.5
4.125377900000001,25.55536233666216,18.500000000000004
4.1253779,25.571851327716754,18.5
6.012249652627543,23.042724972927644,18.500000000000004
7.199161061449095,22.563105972161118,18.5
7.963685552523733,22.55906812228057,18.500000000000004
5.54019988435822,23.287842564537275,18.5
9.802363696421814,23.070744429539737,18.500000000000004
5.309085112295752,24.051102579022704,18.500000000000004
6.847762901603178,23.011968579563163,18.5
4.675118625941999,23.52420421583592,18.5
5.340630834005594,23.542984381884462,18.499999999999996
5.282592705527458,23.299551001305897,18.5
4.724327106376085,23.463704015410414,18.5
4.66829241737406,23.548776818492456,18.500000000000004
4.561732354339278,23.43874701812684,18.500000000000004
4.1253779,24.029630173608094,18.499999999999996
4.1253779,23.799353747239948,18.5
4.1253779,23.635699452270327,18.5
4.125377899999999,24.036718748556428,18.499999999999996
4.125377900000001,23.57517327893794,18.5
5.762470721553553,22.880492923159544,18.499999999999996
6.179052552319673,22.995937426591286,18.5
4.125377900000001,23.565663296534293,18.500000000000004
5.986348531801597,22.802795886902608,18.5
5.3394482749227175,23.08440227166285,18.499999999999996
4.685850446277689,23.030009346828106,18.5
6.2705097383652895,23.022197969981764,18.499999999999996
6.138070151355812,22.807246231846364,18.5
4.773241520322444,23.279187776347296,18.5
5.872893424685754,23.31589270120586,18.5
4.9812863889926025,23.543147066071587,18.5
4.899746742906408,23.295015340162337,18.499999999999996
4.1253779,21.81497272950757,18.5
4.812339268594229,23.563382075096474,18.5
4.5784174922059355,23.12052590066501,18.5
4.58603023315807,23.259170637825473,18.5
4.125377900000001,23.070457316133364,18.500000000000004
4.665432236346049,23.28009645928085,18.499999999999996
4.1253779,19.584583225014374,18.5
4.1253779,20.265016363894382,18.500000000000004
4.125377899999999,19.584259517711057,18.499999999999996
4.1253779,19.628320255247793,18.500000000000004
4.125377899999999,19.600343269696463,18.499999999999993
4.1253779,19.61829868352307,18.500000000000004
5.536872036515015,23.31800376922039,18.500000000000004
5.214378854681042,23.13589412724395,18.5
4.7332536160543865,22.527380867900007,18.499999999999996
4.1253779,23.56405320951673,18.5
5.47016637375593,23.295412458286265,18.500000000000004
5.476175084962923,23.292964775563824,18.5
4.1253779,20.73539731466301,18.5
4.125377899999999,21.494090990402956,18.499999999999993
4.1253779,21.94353626771426,18.5
4.1253779,20.228231043883277,18.5
4.1253779,21.347673570276026,18.5
4.125377899999999,21.51603275152334,18.499999999999996
5.348427532055823,22.04124154451287,18.499999999999996
4.1253779,21.025468912517354,18.5
4.125377900000001,21.101924819270852,18.5
4.1253779,20.061344832458335,18.5
4.1253779,19.582653541940463,18.5
4.1253779,20.991825314718486,18.5
4.67133103474629,22.00871600826034,18.5
4.813039912434105,22.78757761198922,18.5
4.779413348084761,23.266117015103003,18.5
5.377057445532791,22.097274732048835,18.500000000000004
4.743273267740662,22.30370401816737,18.500000000000004
5.459255158781016,22.821377531179976,18.499999999999993
4.1253779,20.53556855961149,18.5
4.1253779,20.46632219316291,18.5
4.125377899999999,21.334517066145054,18.5
4.1253779,20.479638739439935,18.5
4.125377900000001,21.45296671788584,18.500000000000004
4.1253779,20.51137174615822,18.500000000000004
4.125377899999999,20.60143868190893,18.5
4.66382175143796,19.514797461582805,18.5
4.619166784044609,19.849053383539584,18.5
4.1253779,19.346150052588605,18.5
4.1253779,19.47202876744045,18.5
4.1253779,19.34445751963373,18.5
4.125377900000001,19.22312143764438,18.500000000000004
4.736297906402724,22.049554607513592,18.499999999999996
5.742413733800044,22.71233413842493,18.5
6.5890102870105824,21.57032518909207,18.5
4.1253779,19.965344302895826,18.5
5.996683614036679,21.50349037475945,18.500000000000004
4.1253779,18.705241130349783,18.5
4.125377900000001,18.688264534596414,18.5
4.1253779,19.788721352859383,18.5
4.1253779,17.14220192120645,18.5
4.1253779,17.60225607812901,18.500000000000004
4.1253779,20.416393857682376,18.5
4.1253779,19.71623076452497,18.5
5.3215985548805085,20.282522229300188,18.499999999999996
4.125377900000001,18.698081965681318,18.500000000000004
4.1253779,18.671054150679726,18.5
4.1253779,20.25043733902686,18.5
5.423443548315319,19.506003673349078,18.500000000000007
4.1253779,18.69462054761459,18.5
4.125377899999999,19.21052292835816,18.499999999999996
4.1253779,19.21279279825928,18.5
4.1253779,18.688148242703868,18.5
4.1253779,19.20995425960751,18.500000000000004
5.327458054785604,18.967532689282468,18.5
5.280055275781905,19.545894030966437,18.500000000000004
5.301043634018752,19.537844854577333,18.500000000000004
5.367838639293496,19.512365432189448,18.5
6.145817675266881,19.696097818783894,18.499999999999996
6.070790378511584,19.72945550376748,18.5
6.178772901161116,19.681394863728137,18.5
4.1253779,21.32560734679181,18.5
5.326576916198854,22.528149044731382,18.5
5.392724363866826,19.49995943161282,18.500000000000004
4.1253779,19.487176821728642,18.5
6.401470609343832,22.466770119026602,18.5
5.18162011413232,22.687218039613484,18.5
5.126879819239159,19.183470953496922,18.5
4.125377900000001,19.483565654913885,18.5
4.1253779,19.48117020912953,18.499999999999996
4.1253779,19.54288327442437,18.5
4.1253779,19.56933711616692,18.500000000000004
4.1253779,19.497155044121637,18.500000000000004
4.1253779,20.24789509274932,18.5
4.1253779,20.246499798735577,18.5
5.265724445515099,20.246515625926556,18.5
4.1253779,20.244838483328017,18.5
6.066029449320512,20.791029342483316,18.500000000000004
4.125377900000001,20.74372492921338,18.500000000000007
4.1253779,21.025500900488773,18.5
4.1253779,20.530468806570173,18.500000000000004
4.1253779,21.969709002024914,18.499999999999996
4.125377900000001,21.53578116600086,18.500000000000007
4.125377899999999,20.969854795858105,18.499999999999993
4.1253779,21.489845350886387,18.5
5.343784695656713,20.52466868023943,18.5
5.171826457191705,21.592958482321432,18.500000000000004
4.125377900000001,19.571614286184662,18.5
5.193837973476429,22.462760362999568,18.5
4.1253779,21.057984048343844,18.5
4.741570428861961,22.526722381579873,18.5
4.672005044767696,20.269646629363056,18.5
5.319145036360764,19.529595232582945,18.5
4.125377899999999,21.00137436606819,18.5
4.1253779,20.248244462267575,18.499999999999996
4.714522607360427,20.75390026318179,18.500000000000004
4.1253779,22.333364183631435,18.500000000000004
4.726364347700797,23.024513536046463,18.499999999999996
5.9846932707072975,23.063199620748954,18.5
5.219738447422307,22.938980032907903,18.5
5.148225191557146,23.37036861330878,18.5
4.664263061974599,23.14120886276983,18.5
5.353668954281304,23.06482086379971,18.5
5.5456964536596205,23.296680894851264,18.5
5.686279209440645,23.047939712072942,18.5
7.38062260389774,22.809088152113127,18.5
4.658505891824661,22.03890485449937,18.5
8.416074061870393,22.55566885273434,18.500000000000004
7.909478988805118,22.69586141793724,18.5
4.125377899999999,21.536655957537313,18.5
4.745637702395989,22.035846494823705,18.5
4.1253779,20.246438208806826,18.500000000000004
4.752789397701195,21.80602262644136,18.500000000000004
4.748195895616926,21.296024650210594,18.499999999999996
4.125377899999999,20.239181681936376,18.499999999999996
7.398575930230697,23.131692191597935,18.5
6.682892996883485,23.07915622817446,18.5
8.065033973209509,22.858632951423143,18.5
8.523801293197765,23.332727018164114,18.5
7.2755343601467874,23.27048610690943,18.5
7.145998512052492,22.810453141408246,18.5
7.928368383439169,22.578777822472315,18.500000000000004
8.003382179785477,21.57290463068531,18.500000000000004
7.860848070599813,22.05511559213251,18.5
7.271499951329699,22.80721389632177,18.5
7.2148765762277876,22.792667720130932,18.5
7.84038826038677,22.799791574529394,18.5
7.30884076889321,22.015462049243894,18.5
7.396507238013024,22.722087962916724,18.5
6.207455798469375,23.553187572604593,18.500000000000004
6.1008573894437585,23.56679255741845,18.5
5.47165005720307,23.331972665204674,18.5
8.570354252402801,22.558449909625395,18.5
4.1253779,23.34321715492899,18.5
5.389564066543303,23.56118928738824,18.5
4.688642056473391,25.088479631135673,18.5
7.4501790476494,23.341428334709384,18.5
4.745524616594114,24.931480096393404,18.5
6.7025554935753355,24.325195493050483,18.5
8.63150654573727,23.515322301445142,18.5
8.383743970116518,23.605918052974715,18.499999999999996
5.4219478290730665,23.301919787295645,18.5
8.490243538770672,23.383064830168955,18.5
4.807073470318431,23.54968759901269,18.5
5.490968270926345,23.266721174672604,18.500000000000004
4.125377900000001,23.61464225338355,18.5
5.8957649681982796,23.168628012208732,18.5
5.284720917313565,21.841516708797766,18.5
5.930327335413936,23.16170254336971,18.5
4.1253779,23.6178207512509,18.5
6.4150193156200395,23.727207299499717,18.5
5.58702396483719,27.419427919999997,18.499999999999996
5.418294454552926,27.419427919999997,18.499999999999996
6.2513437277274315,27.419427919999997,18.5
6.700524308008522,26.280174442111864,18.5
6.289742437786197,27.419427920000004,18.500000000000004
5.411097916558565,26.249826169293254,18.499999999999996
4.125377899999999,25.70881488128701,18.5
6.610227950746207,24.9768647326257,18.5
5.439374952038314,27.419427919999997,18.5
4.733857693433958,24.884688691234217,18.5
4.1253779,26.052202524989962,18.5
4.1253779,25.300388807169163,18.500000000000004
5.342868087724159,25.396015995277327,18.5
8.595250939581394,27.84771025150201,18.5
8.590916645141077,27.681492243355674,18.5
7.416203384964737,26.533076145896757,18.5
5.41492413826441,27.41942792,18.5
6.515819698472716,25.058427142214956,18.499999999999996
4.7332293857267365,28.20569631462374,18.5
6.66973286570395,28.2151290425318,18.5
6.106731773533956,28.483637019031022,18.5
7.075360023612536,28.28811371799941,18.5
5.369300787007486,28.168844365113767,18.5
5.963680152712325,28.45851861501435,18.499999999999996
4.1253779,27.86620879429386,18.5
5.210035689792467,28.18082437450599,18.499999999999996
5.911948634485876,26.724248945310602,18.5
5.347558197883852,28.18653150699181,18.5
6.61710445923119,28.435865356279663,18.499999999999996
4.6655151367840615,27.816476415840857,18.5
4.125377899999999,26.696540008842465,18.5
7.954209275982114,27.940420616714853,18.5
5.447569424397646,25.91193191186998,18.500000000000004
7.925387071019079,27.444700402570945,18.5
5.3856983517423345,24.097329407677947,18.5
5.3799300778121175,27.445793107500496,18.500000000000004
7.208207930162545,25.478046178535884,11.1
9.208417218265154,26.656108442253213,11.1
7.268512728275744,26.6831728105199,11.100000000000001
10.530313065907148,27.18870404496364,11.1
8.719039475172872,26.696226913917343,11.100000000000001
9.77193223815627,27.653155453087173,11.1
5.295938777678829,27.78658148712985,11.099999999999998
4.669118230128651,26.849713982002644,11.100000000000001
4.680654596323867,28.26745761493869,11.1
4.683363542461147,28.269037296352867,11.100000000000001
5.243787297801458,27.815728239888294,11.099999999999998
5.312959707857195,27.76111891344435,11.100000000000003
4.1253779,24.858546975680035,11.1
4.1253779,24.57645668391219,11.1
4.1253779,24.89500413786456,11.1
4.1253779,25.327554210799587,11.100000000000001
4.1253779,25.509429619771094,11.1
4.1253779,25.80348624426675,11.1
9.75741908145032,25.89500724342137,11.099999999999998
8.073792462022002,25.451628855041186,15.171830325555044
7.93658380180935,25.362599176916994,11.099999999999998
9.708497019066835,25.602907668301963,11.1
10.127624495670563,26.288269028950765,12.976151835443856
4.1253779,23.875410963825082,16.28215121564779
6.716481592753607,25.076385100100957,11.1
6.71683174287949,23.91473839647696,11.100000000000001
6.130149138852885,23.880929011703103,11.099999999999998
6.1851871506088365,23.849865513087828,11.099999999999998
6.16005784086148,23.86327489237835,11.100000000000001
6.446127907027008,23.8615795489176,11.100000000000001
4.1253779,25.90983357447062,11.099999999999998
4.708468925804334,25.905492110805383,11.1
4.704136056495706,25.822075515274136,11.099999999999998
4.750434575579716,24.834483701676106,11.100000000000001
4.1253779,25.66769931493717,11.100000000000001
4.791367048920096,25.858295270344243,11.100000000000001
4.125377899999999,24.0999205110747,11.1
6.5463258083678735,25.108045692205813,11.1
6.614203400252701,25.359796050085716,11.1
6.247774980432175,25.372976638180965,11.1
8.519848085660762,25.889898985523374,11.1
8.539191963204777,25.887634684085665,11.099999999999998
5.136406422757701,24.624538788888508,11.100000000000001
6.093786352428232,24.32801602004592,11.100000000000001
6.671305884313701,23.826986051541517,11.1
6.621565343965449,23.587876899975505,11.1
4.726245084406093,24.068782879904465,11.1
7.875019331115224,23.58255337859689,11.100000000000001
4.663475691465351,24.179114039598495,11.100000000000001
5.4613962192661685,24.107996696578027,11.1
4.778779795179544,24.846549437322718,11.100000000000003
4.1253779,25.332167912975564,11.100000000000001
4.1253779,25.59389357091527,11.1
4.789157579036515,24.83314613027757,11.099999999999998
6.5426387629173215,25.103582220941185,11.099999999999996
6.606910154764074,24.359901723210353,11.099999999999998
5.9977292339843284,25.105382701415998,11.099999999999998
6.038233044701157,24.582920955103184,11.1
5.952866921893161,25.333565064443032,11.100000000000001
5.819280085572786,25.387435417318038,11.100000000000001
6.257913205065974,23.597816388223844,11.099999999999998
6.370468323376869,23.407780746460002,11.100000000000001
6.733921716325394,23.652770876064483,11.1
5.890377067235148,23.31257095537346,11.1
6.839446943060532,23.58068612247314,11.099999999999998
6.194264349602852,23.330652985646175,11.1
4.1253779,24.123412364689777,11.099999999999998
4.59740107096828,23.73494652946247,11.099999999999998
5.50861538460989,23.142160623616785,11.099999999999998
5.368567487474992,23.601617897000047,11.1
4.1253779,24.334171624873907,11.099999999999998
4.125377900000001,24.30538350155808,11.1
9.221172415696932,23.341043119138856,11.1
10.448584310733064,21.583774934689266,11.1
5.1925003180425575,23.83323151898668,11.1
11.047308195644352,20.554115686747664,11.100000000000001
6.650263636095929,23.822395832115056,11.100000000000001
5.969717390098989,22.89745097284301,11.099999999999998
6.394033358804581,21.191161202851514,11.1
6.653946544098717,21.297038318710282,11.1
6.695156544652924,21.31382544706731,11.100000000000001
6.705053158572791,21.317856889094447,11.1
6.561577289867839,21.25941117709019,11.100000000000001
6.649968382319479,21.29541779185963,11.099999999999998
4.709347477007003,22.050192297012817,11.100000000000003
6.702370427527398,21.31676406332884,11.100000000000001
6.515093045847196,21.240475555627928,11.1
6.582042450565482,21.26774777681983,11.1
6.536718763258149,21.24928491474242,11.1
6.42517352295375,21.203846326015817,11.099999999999998
9.741583754802456,19.99609084821909,11.100000000000001
4.1253779,21.437865081345752,12.186100356425284
8.548937250292276,21.570921704651898,11.1
7.4766481943264855,21.357933135368242,12.926548975858676
11.272631372953652,20.718926326349894,11.1
7.461486479313631,22.066417294639095,11.1
8.51491789,18.675087016746936,11.099999999999998
5.272093424029227,21.50525861997296,11.100000000000003
7.344263465559655,20.267011485,11.1
8.514917890000001,20.691277680823987,11.100000000000001
5.433319314367117,21.248928631399608,11.099999999999998
7.9889846479587945,20.262726432617573,11.1
5.844771448154454,22.04624949287894,11.1
6.5385724539625745,20.267011485,11.099999999999998
5.702879131925904,21.555956154827353,11.1
5.973722698602488,21.05463469811074,11.099999999999998
4.768820386173397,21.49836749828102,11.100000000000001
6.500370047080245,21.23447805825405,11.1
11.731035802459951,19.013531061947667,11.1
10.174512118085325,19.142594238202072,11.1
8.497594593256547,19.485975837160503,11.099999999999998
11.72644151099636,19.56016401002659,11.099999999999998
11.057072354364726,19.510934723731225,11.1
10.45504286616077,20.0005677219034,11.1
8.51491789,18.728076591381736,11.1
8.514917889999998,19.242661131361153,11.099999999999998
7.326359866895341,19.782845606900825,11.100000000000003
8.514917890000001,18.994880397270624,11.100000000000001
8.514917890000001,19.269711166045354,11.1
7.526288463552919,19.620770096266668,11.100000000000001
4.1253779,20.089431239388798,11.100000000000001
4.125377899999999,19.927624190998777,11.099999999999996
5.2233684675415955,19.375244191786937,11.100000000000001
6.567915955738992,19.08626439777602,11.1
7.23560544767428,19.26407447257504,11.1
7.994800994036325,19.187361863662098,11.099999999999998
9.18774472800335,18.20482753376485,11.099999999999998
11.041081510229777,17.449860243455866,11.1
10.367806473324906,18.219284160167156,11.1
9.800812988205706,17.955090687435497,11.099999999999998
9.974655871908631,17.88427479897564,11.099999999999998
10.248774804969667,17.772610890882873,11.099999999999998
8.965259585983771,17.87602323973359,11.1
9.66119764782002,17.767433693459935,11.1
9.108308204433547,18.237186453916973,11.099999999999998
9.193202815656417,18.20260415068347,11.100000000000001
9.18071774119621,18.207690016849252,11.1
10.413848718536356,17.705367092334598,11.100000000000001
4.64411405393588,19.367788665436112,11.1
7.148142814931587,18.228325632918907,11.1
7.379159640569559,18.2614589417893,11.1
4.6696698178037535,18.478907376999995,11.099999999999998
8.51491789,18.478907377,11.1
8.51491789,18.478907377,11.1
7.776995385357172,17.439356064444205,11.1
8.51491789,17.969771338099026,11.1
8.458775366323938,17.720846960737948,11.1
8.51491789,18.23195287169367,11.1
7.861747208653409,17.95788842493242,11.099999999999998
7.266034376859565,17.96308930197454,11.1
9.831998461984295,17.94238710713568,11.1
9.128256942229234,17.976405817615557,11.1
9.213725760162326,18.194244012390538,11.1
9.764302960976007,17.969963254899252,11.100000000000001
9.731375977546966,17.230509556050087,11.100000000000001
9.699081735069667,17.99653149261263,11.100000000000001
11.77976971844499,18.41704936135645,11.1
10.813567315379489,18.485900514367728,11.1
12.90445788,18.01212497028213,11.1
12.904457880000004,17.791998150904398,11.100000000000003
11.722769916879912,18.18797839788239,11.100000000000001
12.271104819205505,17.974203132005727,11.099999999999998
6.584264998476677,18.478907377,11.099999999999998
6.569029337793605,18.478907377000002,11.100000000000001
8.51491789,18.724210363353965,11.1
8.51491789,18.710533733664626,11.1
8.514917890000001,18.683635928645163,11.100000000000001
7.940035176230657,18.478907377000006,11.1
8.51491789,18.478907377,11.100000000000001
9.064667452698389,18.922765717703378,11.099999999999998
9.690134042173913,18.454985778589155,11.099999999999998
8.514917889999998,18.675863968269343,11.099999999999998
8.514917890000001,18.248334574827858,11.100000000000001
9.081851755774156,18.478907377,11.099999999999998
12.904457879999999,17.530647963885748,11.1
11.230969851275546,18.43203477443327,11.099999999999998
12.90445788,18.464957157300752,11.1
12.328961431853187,17.762855771948505,11.1
12.90445788,18.463384396798688,11.1
11.862334475739623,18.885988465461217,11.1
4.688289767245593,22.785272867741835,11.1
8.51491789,18.717245377645717,11.1
6.859463726833489,19.82796886435915,11.1
7.414311332220749,19.38723277928088,11.100000000000001
7.9021934315743145,19.231723457430828,11.1
7.901653537484944,20.019061190509568,11.1
11.609482913971501,19.48577585009765,11.100000000000001
9.67702145262079,19.231935571081905,11.1
8.51491789,19.229808349292846,11.100000000000001
5.355184351989862,18.99298597251478,11.100000000000001
12.313861579880172,19.483913437713294,11.1
9.047172707255823,18.909086241505953,11.100000000000001
11.598097078344127,19.22522796993955,11.1
8.56442464239342,19.24035681003008,12.146627894203986
10.217215429440014,18.251721866099036,11.1
8.346314424608487,18.478907377,11.099999999999998
11.658747352344921,20.508696482250024,11.100000000000003
9.927409318102605,20.934826297037088,11.1
7.883895442938126,21.844290192829426,11.099999999999998
5.720290743035264,23.427302834815105,11.1
5.292402974806328,23.094074699203077,11.099999999999998
5.952750751355625,23.86754892439964,11.1
4.7115391298288625,24.078089579106905,11.1
5.961816746762597,23.362907436020294,11.099999999999998
6.632896277127211,23.362525401994965,11.100000000000001
11.004300666501537,21.566028851876865,11.1
5.903890673506657,22.776372019578815,11.099999999999998
6.080844425610338,23.092944136746546,11.100000000000001
8.617161031614161,20.78736692815735,11.099999999999998
6.972945014926365,22.53457741942121,11.1
7.915054332835631,21.803000845995182,11.1
5.398552347922418,23.551621789795256,17.426824799854955
6.459847068283112,23.359035795866625,16.53224576098519
6.655219536818404,22.53712672656738,16.36756378172828
6.0922989138984684,23.010209843146683,17.350873593939596
12.904457880000002,20.912356173022687,11.1
4.125377899999999,24.079447811915998,11.099999999999996
4.6068078354213675,24.10155531648133,11.099999999999998
4.125377900000001,24.087741105639296,11.1
4.1253779,24.098301093739227,11.1
5.978249355954652,24.557205872226472,11.100000000000001
4.766634020713393,24.369900242578236,11.100000000000001
5.19128251173693,24.472530926881277,11.100000000000001
5.153372908927061,24.507106420704233,11.1
5.417321877571343,24.829255844938555,11.099999999999998
5.3393324130745015,24.588012850963647,11.1
5.261954369574273,24.882720532756785,11.100000000000001
5.899339122823183,24.906951869439624,11.1
7.2767039168854915,23.58975704511587,17.439925245670004
4.734013177275748,23.8432197,18.500000000000004
6.6293852843809455,23.860189642607697,17.409555177112914
6.510643843443228,23.8432197,16.48942850256618
5.732760420843201,23.62255600212348,18.5
6.00355309467323,23.595688488477656,18.5
4.671928061290306,24.333544517174754,11.099999999999998
4.125377899999999,24.123297753084636,12.244850856196164
4.1253779,24.3829338812668,11.099999999999998
6.413087550567854,23.820159861709993,11.1
5.355070542850614,23.887473480986216,12.150499356545803
4.694544343827794,23.91609698617405,11.1
6.54100193966713,24.59238944833193,11.1
6.529280715933486,24.61230122074936,11.100000000000001
5.357540316588708,24.122224822987747,12.113255050828
5.328445696614023,24.892895052747853,11.099999999999998
6.565867204060882,24.61699446354286,11.1
6.356086166571607,25.167247848732668,11.1
6.442292692377647,23.612257897203115,17.553347987547674
7.317524876989658,24.11197344862851,16.34742817660995
6.156500609859843,23.559461782318124,18.5
5.294317547658683,23.83479248644155,17.5146856604131
6.645894033680846,23.84454796015848,17.434963708270644
9.059205986394737,24.545666262776088,13.82405061930796
4.7193905214161,27.168351829160255,11.099999999999998
4.755324737230932,27.141744429253823,11.1
4.759528911659483,26.920314597455658,12.101012178538102
4.723103803360729,26.932453819348154,11.1
4.743150834343944,26.8939559241427,12.199936968269318
4.125377900000001,25.678821501817495,15.204397984649258
5.484252399532407,25.927786616981727,11.100000000000001
7.946171325487185,26.221324183951314,12.094994321518815
9.537258556618326,27.02427500966015,11.100000000000001
8.514917890000001,26.932228622722587,11.100000000000001
7.91589077235847,26.46259445206586,11.100000000000001
6.041068780855083,25.403954877421857,11.1
11.025627354240733,27.407771573792715,11.099999999999998
6.675870675039799,25.135237247928785,14.200313340739271
8.556428308322253,24.831205484691125,14.322865649468827
8.514917890000001,26.702975950464236,11.100000000000001
9.748610773969897,26.422538895909582,11.099999999999998
8.517322613303335,25.17189836917746,12.098284917135592
4.1253779,27.15319628307438,11.1
4.125377899999999,25.12365786125207,11.099999999999998
5.4381046282521055,27.36845172616381,11.100000000000001
5.233587884823551,26.79057557420436,11.099999999999998
4.125377900000001,28.02718002660697,11.1
5.3115958599647035,27.26496889004836,11.1
4.671940541325298,25.636515948624396,11.1
9.74734589736785,26.44151738441338,11.099999999999998
9.098943387367639,27.89989112293413,11.100000000000001
8.501873052127474,26.16679800946897,13.172593525701988
5.7502428769692155,23.829201364745675,17.62559643289362
5.94732111251683,24.58539864219206,13.245065426836595
9.082145067449556,24.89761370750655,13.110846137133471
5.404935757770688,24.074854572477943,18.5
5.28234450411814,24.096973988033987,18.5
6.064331360251158,23.570262049868045,18.5
6.064051206597546,23.570345699158523,18.500000000000004
9.334236278403402,25.525395172187764,15.148340087418804
5.148799453839479,27.690645177419896,18.499999999999996
4.1253779,28.512494343596234,18.5
5.195647479888745,26.769795996365712,18.5
7.728480462857634,28.42423559408363,18.5
5.888491039954317,28.545875458905677,18.500000000000004
5.92951446195869,28.48566186887958,18.5
6.913555543248812,27.845321241469094,18.5
6.683667334121161,27.905170630280768,18.499999999999996
8.51491789,28.744407960506337,18.5
6.6695038108082825,27.918359685068474,18.500000000000004
6.143162984688844,27.675980663969536,18.5
5.423008202482084,28.667789315592657,18.5
5.0485482147750655,25.38158769200571,18.5
5.3037304818639575,27.419427919999997,18.5
4.1253779,26.73848104773864,18.5
5.275191561687121,27.41942792,18.5
4.1253779,27.659952441550935,18.5
4.125377899999999,28.27362505227887,18.499999999999996
4.1253779,25.907602678299174,18.5
4.125377899999999,26.755627222428362,18.499999999999996
4.125377899999999,25.355455235960104,18.5
4.1253779,25.339117180165513,18.5
6.787909587446545,24.23867340959938,18.5
4.1253779,23.8432197,18.5
7.234267677849193,27.419427920000008,18.500000000000004
6.140080141548453,27.416195413092787,18.5
5.805438726477867,27.427468350451434,18.5
5.571911874442282,27.62345803743665,18.5
5.88013919337747,27.41942792,18.500000000000004
7.533095858261489,27.419427919999997,18.5
5.87470211821951,27.82713125153615,18.500000000000004
4.125377899999999,28.416591263245838,18.499999999999996
4.1253779,28.25885909953834,18.499999999999996
4.1253779,28.332664137713145,18.500000000000004
4.70618731432257,28.21504975175267,18.5
5.366863951124694,27.826905731462936,18.5
5.969663075830648,23.339845647782806,18.5
8.74435934427647,23.581443710223468,18.500000000000004
5.404486596059795,23.58269359484849,18.500000000000007
5.665597901115247,23.763800383083378,18.499999999999996
5.518688296269846,23.559433238438544,18.5
5.69310188359353,23.52390905450413,18.500000000000004
6.090153137844293,24.066375077230933,18.5
5.381183893439529,26.981737726095275,18.5
4.6846796147574015,27.593233589442328,18.499999999999996
6.2998285081662555,24.815245080859313,18.5
5.243053156372046,27.027647000264462,18.500000000000004
5.284183123689196,26.335034656718243,18.5
4.125377899999999,24.124195339782414,18.5
4.734167334175497,25.74335925920388,18.500000000000004
4.67819010635859,25.47486448460564,18.5
6.030262861781868,26.44109941732395,18.499999999999996
4.125377900000001,24.74004344456648,18.5
5.39418289816752,25.383777055060452,18.5
6.98555872089863,22.89393677858896,18.5
5.309951921958139,23.352428722032,18.499999999999996
6.638998332391127,23.05422393763683,18.500000000000004
6.315277852212804,22.706603012512357,18.5
5.350868724322656,23.346657348745016,18.5
6.324404065101159,22.943163160359383,18.5
5.3015930736736125,23.587448562021407,18.5
5.514895088572071,23.259713637917905,18.499999999999996
4.7073236651506525,23.586354142359525,18.5
4.125377899999999,24.902307530852337,18.5
4.1253779,24.051003016531514,18.5
4.618964457403369,23.698585165827723,18.500000000000004
4.7316126495099,23.507088986888583,18.5
4.683744971197271,23.501700285414646,18.5
4.853189820719313,23.53295350219539,18.5
4.856550489272437,23.531020329349364,18.5
5.030315460042091,23.577220279340786,18.500000000000004
4.760324225500966,22.994209436327843,18.5
5.522822050807096,23.025611050257112,18.500000000000004
4.1253779,22.197308994897945,18.5
4.125377900000001,21.74590121488756,18.5
6.680456816986169,22.7904506786375,18.5
6.545518797277911,22.67778302230802,18.5
5.419995107718025,22.555623457677918,18.5
5.540637948408913,23.317305124104966,18.5
5.354881534307071,23.064029812339612,18.5
4.730232965853155,23.321734245967452,18.5
5.620270349821155,23.27935141970679,18.499999999999993
5.277302641679184,23.03805625650583,18.5
4.793352967790231,23.289295586470026,18.499999999999996
4.7310389447676195,22.994528324512974,18.5
4.57934016212353,23.07614166372155,18.5
4.656797698690237,22.926492021104018,18.5
4.6507208739175825,23.2679456150478,18.5
4.690242913538593,23.193647314080515,18.499999999999996
4.795032321158089,23.454618093265836,18.500000000000004
4.125377900000001,20.990979996413095,18.500000000000004
4.1253779,19.582653541940463,18.5
4.1253779,19.80935174456589,18.5
4.125377900000001,19.793868711355955,18.500000000000004
4.1253779,20.26701148488926,18.5
4.1253779,20.044048674537237,18.5
5.786369336628901,22.48513056216038,18.5
4.673717692375373,22.203905259793864,18.500000000000004
4.66476637686429,22.248625023246717,18.5
4.690881219257706,22.247231005228457,18.5
4.1253779,21.06891259088689,18.5
4.6942492213186195,22.281264837088976,18.500000000000004
4.675120988657458,22.74654478267181,18.5
4.678091111699276,20.762432645608527,18.5
4.1253779,21.110462647969605,18.5
4.6470533139423384,21.92339609828295,18.5
4.1253779,21.110897835970007,18.5
4.1253779,21.75664853712579,18.5
4.1253779,19.75432246369688,18.500000000000004
4.1253779,20.049502651438154,18.5
4.1253779,20.75689992637444,18.500000000000004
4.1253779,20.043942568987738,18.5
4.1253779,20.038037850731715,18.5
4.125377900000001,20.045562015300423,18.500000000000004
5.365041829713874,21.083474252415243,18.500000000000004
4.56850382079523,20.784117384859233,18.499999999999996
4.1253779,20.262903798936712,18.5
4.125377899999999,20.584246608032515,18.5
4.1253779,19.964100055349345,18.5
4.1253779,20.02055721772292,18.5
4.711710043069756,22.27202960064421,18.5
4.1253779,21.846925792553222,18.5
4.524415831108131,21.530661129939382,18.5
4.703054500739277,22.248969285139246,18.499999999999996
4.1253779,21.23076686113459,18.5
4.71870231901055,22.270232504028865,18.5
4.1253779,19.27458935705157,18.500000000000004
4.1253779,19.738194402569246,18.500000000000004
4.125377899999999,20.236669029496774,18.5
4.125377899999999,19.747404242831763,18.5
4.1253779,20.89959359728151,18.5
4.1253779,19.729920842484038,18.5
4.125377899999999,18.95434506470864,18.499999999999996
4.7206275289603505,22.278980427003532,18.5
4.751972742108148,20.05353632073302,18.5
5.377929320991456,20.76339866036911,18.500000000000004
5.3412898020781325,19.76153272125608,18.5
4.1253779,20.55658997279508,18.5
4.1253779,19.68117285189031,18.5
4.125377899999999,19.478386491227003,18.5
4.1253779,19.98113187911543,18.499999999999996
4.1253779,19.960738055437034,18.500000000000004
4.1253779,18.73980657967662,18.499999999999996
4.125377899999999,19.962037105117766,18.499999999999996
5.196363866180051,21.133858345998153,18.500000000000004
8.544177837901271,20.808378448725634,18.5
7.905225541432658,22.043997608707546,18.5
7.285558193255095,21.34996371264806,18.5
8.545052384231571,20.2080946306829,18.5
9.131683859799518,21.554016707096153,18.499999999999996
5.395690410401489,20.274158023419687,18.500000000000004
4.125377900000001,18.982316452704517,18.500000000000007
4.1253779,18.96387615196984,18.5
4.125377899999999,19.53293851701512,18.499999999999996
4.1253779,19.48602114645477,18.5
4.1253779,19.48235817592297,18.5
4.1253779,19.787460189577114,18.5
5.306852347702615,19.77855895070897,18.500000000000004
4.1253779,19.545748963159703,18.5
4.1253779,19.78364297769544,18.5
4.125377899999999,19.785909192394524,18.499999999999996
5.334882674473313,21.547737311226317,18.5
9.019555747050198,22.27384959073887,18.5
6.4093512074935735,22.03885947456113,18.5
6.345330998993369,21.811653675322095,18.5
7.340756192157482,22.719793276503232,18.5
8.510629002218204,20.291421286376973,18.499999999999996
5.624090678695585,22.419955826406042,18.5
4.1253779,18.991596171606,18.5
4.1253779,19.567015470819612,18.500000000000004
4.1253779,21.294237292648905,18.5
5.919482150768752,20.527777034248956,18.5
4.125377899999999,21.257033204068364,18.499999999999996
4.125377900000001,20.262629208498662,18.500000000000004
4.1253779,19.548508189575468,18.499999999999996
4.1253779,19.546926090690032,18.5
4.1253779,19.55276218176303,18.5
4.1253779,19.787676309625162,18.5
4.1253779,19.783726979396135,18.499999999999996
5.692810439499036,20.693103203550482,18.499999999999996
7.966536065074699,21.854749101048874,18.5
7.26597741887017,22.564228331928476,18.500000000000004
7.910706988906858,21.819192971834823,18.5
6.934514373352641,22.50391063166668,18.5
9.025546720638577,22.072590413029445,18.5
7.317371730787743,22.070547577318507,18.5
5.732815643653051,21.132156540113122,18.500000000000004
4.1253779,21.751556936888434,18.5
4.739390908795167,20.76262309205659,18.5
4.1253779,21.252152492948166,18.5
4.1253779,21.808421888342593,18.5
5.373082398366719,21.016227800350745,18.5
4.1253779,19.78979153548459,18.5
4.1253779,19.780723631623232,18.5
6.070144879565623,19.714661767105373,18.5
4.726769317192152,21.268921834441876,18.5
4.1253779,21.277967774639418,18.5
4.1253779,19.784867641501197,18.500000000000004
8.51491789,22.30352696470116,18.5
9.121558121825085,22.53209184280768,18.5
9.09857284181983,22.526195074015725,18.5
5.520543372703359,23.510450762492667,18.5
8.51491789,22.313797681094147,18.499999999999996
9.066323620558915,22.670216810511125,18.5
5.366929860104455,21.232123106505192,18.499999999999996
5.2490915152638635,20.919247800238175,18.5
4.1253779,20.49750382733992,18.5
4.734374939876277,20.270872568539275,18.5
7.206188947277834,22.05511559213887,18.500000000000004
8.575410079284188,22.283440410929057,18.5
8.063836701310105,22.49393983926993,18.500000000000004
9.764369240046845,22.043896480617953,18.500000000000004
7.334548599479379,22.557649669963148,18.5
5.328080911997739,22.80705830728453,18.499999999999996
6.161576855843282,19.692513293372,18.5
6.765889903703716,20.05965352126692,18.499999999999996
9.5657094008252,22.7095673801622,18.5
8.502403284481503,22.934880868539373,18.500000000000004
8.520605326757043,23.198100539372962,18.5
8.108336506747525,22.70912784068839,18.499999999999996
7.9577581287646915,22.940332636260315,18.5
8.024517706083465,22.268715427042064,18.5
5.933056126831415,23.09397219942413,18.5
9.268098921906235,23.080512833619895,18.5
10.27745099065772,22.554909423306206,18.5
9.807080560387078,22.548521879038493,18.5
8.598356278499582,22.500411210928178,18.5
7.929496073522888,22.54580923536581,18.5
7.273963037333756,23.06395023654468,18.5
8.556224994836278,22.554237891109008,18.5
6.520513088648743,23.595983252354504,18.5
5.336040732180412,23.356145115718746,18.5
6.049856031337893,23.32037533257099,18.5
5.395556468867794,23.33353563577371,18.5
5.440362453057003,26.17559752114462,18.5
6.293110348875148,24.75777142328148,18.5
7.402687554059747,25.607848268908565,18.500000000000004
8.000746755574637,23.746413795390076,18.5
4.64030696916164,24.66807697421641,18.5
6.340357657024423,24.599614987868954,18.5
6.383781281153768,23.14327117704041,18.500000000000004
6.190355242804813,23.633829121210223,18.5
4.723799492253261,24.306992968107554,18.5
4.7103463991985866,24.603834011593676,18.5
7.254599646928536,22.819409555571646,18.5
4.719923753138089,24.306296168099664,18.5
4.1253779,24.30295607704925,18.500000000000004
5.284650245620565,23.60710160468508,18.499999999999996
4.1253779,23.8432197,18.499999999999996
4.1253779,24.31794165517198,18.5
5.282857144526813,23.607466819655112,18.5
4.125377900000001,23.843219700000002,18.5
7.2303204300592,28.731119208462854,18.5
8.51491789,28.77840962994462,18.5
6.367243793635982,28.971077085477106,18.5
7.442052952269906,26.050413284915763,18.5
7.923719496549218,28.671181494111693,18.5
6.942042357361151,28.55939283898372,18.5
4.738840271607316,25.354005079618307,18.5
5.395422277106671,25.387065341656303,18.499999999999996
4.797218266141327,26.417819218978977,18.499999999999996
5.269320039574817,26.561346759933997,18.5
4.739382113405974,25.87815343183555,18.5
5.309488203680026,27.419427919999997,18.5
7.379724371842689,28.30721786285899,18.499999999999996
6.88375075481811,24.532428640660086,18.5
5.207971680601657,27.869074916841882,18.499999999999996
7.32696523259693,27.94707061215118,18.5
6.61120613626365,26.14172373298466,18.5
5.925718349643233,27.663392456210687,18.5
6.895760866363547,28.77305426710429,18.500000000000004
5.948523481439417,27.918041595914737,18.5
8.51491789,28.738978156720275,18.500000000000004
6.071192821559308,28.69295412562054,18.500000000000007
6.785589787098056,29.003569520191398,18.5
4.673924191820128,28.704946649874447,18.500000000000004
4.125377899999999,27.858787717698686,18.499999999999996
5.319324879102295,27.419427919999997,18.5
4.704807210075188,26.96349812809425,18.500000000000004
5.9696455935071455,27.939229439367526,18.5
9.326146857618436,28.975210456900868,18.500000000000004
5.520429287310056,28.494267599664095,18.5
5.490427369158172,27.981598965424944,18.499999999999996
9.270195852169094,28.718276622099545,18.5
10.508037554448546,28.726074939481222,18.5
9.168095947378411,28.709696855268273,18.499999999999996
8.56931638244785,25.914650227554247,18.500000000000004
7.961733452927464,28.21286081960075,18.500000000000004
7.354782810776759,27.360915708516732,11.100000000000001
6.852883263772762,26.48267270897211,11.1
7.351719269086159,26.55937715732538,11.1
7.290249058319652,26.066763006543447,11.1
7.421894349212888,27.408722902156505,11.099999999999998
7.974207024343019,27.081206810326893,11.1
4.125377900000001,25.096367302759106,11.099999999999998
4.1253779,25.62505218984567,11.1
4.1253779,25.59973540013428,11.100000000000001
4.1253779,25.625308701144863,11.099999999999998
4.125377900000001,26.522256360636618,11.100000000000001
4.1253779,25.924767308318003,11.099999999999996
4.125377899999999,25.614327258392496,11.099999999999998
4.125377900000001,25.133630942912745,11.100000000000001
4.1253779,26.02903020018004,11.1
4.1253779,25.648929778567997,11.100000000000001
4.1253779,25.999161798409492,11.1
4.1253779,26.088232424403248,11.099999999999998
9.759105555168055,25.87974854323846,12.169387541948069
4.9347672886902565,25.065652266052705,11.100000000000001
5.5780758848349175,25.717987468021633,11.100000000000001
5.489733238772441,24.826022959042525,11.099999999999998
6.23550949430555,25.62817384632323,11.100000000000001
6.859817943909162,26.33899910216262,11.1
6.793831701313167,24.796324217605466,11.1
4.679287785965037,26.132406734579057,11.099999999999998
5.3893375787373,25.731402593841658,11.099999999999998
5.367997456033208,26.50006545201161,11.099999999999998
5.265975932253235,26.051882329374966,11.100000000000001
5.448526622694883,25.418502727295532,11.099999999999998
4.125377899999999,25.257576251066148,11.099999999999998
4.1253779,25.226311469447793,11.100000000000001
4.1253779,25.438749667567606,11.099999999999998
4.1253779,24.871328115963173,11.100000000000001
4.1253779,24.88890823828549,11.1
4.125377900000001,24.999265947123217,11.100000000000001
7.550882147045081,25.808890001889853,11.1
6.661246625947565,24.03780368745223,11.099999999999996
6.751498928638976,24.329255561485112,11.1
6.689253606589016,24.809655797220692,11.100000000000001
5.957814753669894,24.840231182910625,11.099999999999998
5.343004504811554,24.863584826173383,11.1
4.1253779,24.60221943941188,11.099999999999998
6.414011671446111,25.550763510958515,11.100000000000001
5.397957202778668,25.605000205561364,11.1
5.5845931381609635,25.76963602841709,11.100000000000001
5.518481628764104,25.31221671003948,11.099999999999998
5.389541805467069,25.116476173614245,11.099999999999998
4.125377900000001,24.577945736377217,11.100000000000001
4.125377899999999,24.983521308526903,11.099999999999998
4.1253779,25.03229297063998,11.1
4.1253779,25.045988015814796,11.100000000000001
4.1253779,24.5704405863846,11.1
4.1253779,25.075777312134015,11.1
5.3589096021863,24.587737734198008,11.1
6.081250664139237,23.021699058878006,11.100000000000001
5.340043461669316,24.107148430673526,11.099999999999998
5.932845126433041,23.603478422591742,11.1
5.434566312698893,24.32948115420787,11.100000000000001
5.2595668346902675,24.332444111953286,11.100000000000001
5.316417263092961,24.158611961225333,11.100000000000001
7.51372207474795,24.446347682368906,11.100000000000001
5.407908291498057,23.8432197,11.1
5.405773541713387,22.490103294050996,11.099999999999998
6.0605122414542025,23.850256326443564,11.100000000000001
6.485958689212113,23.400659246621224,11.099999999999998
4.1253779,24.282536859864628,11.099999999999998
4.1253779,24.028627021957288,11.1
4.1253779,24.033857864588082,11.100000000000001
4.1253779,24.059317312497118,11.099999999999998
4.125377899999999,23.65102309186762,11.099999999999998
4.1253779,24.025461465146687,11.100000000000001
5.943768020673077,21.796638685626192,11.1
8.51491789,21.274663843666737,11.1
7.17886105950234,22.79317765146567,11.100000000000001
5.409716494999479,21.54103404515789,11.100000000000001
5.347344049169778,23.62632924645735,11.100000000000001
4.739143803389753,23.848025783127337,11.100000000000001
6.4684117138079325,21.22145964923915,11.1
4.1253779,21.576847773799003,11.100000000000001
5.428689177496972,22.53465967219906,11.1
5.258020468897055,22.271516591526233,11.1
6.606733822934222,22.79160567651816,11.1
5.169977340384804,22.482239803459276,11.1
4.1253779,23.596176161942815,11.099999999999998
4.1253779,24.2861289619644,11.100000000000001
4.1253779,23.65541385807175,11.100000000000001
4.1253779,23.145362012996976,11.099999999999998
4.1253779,24.060787083076637,11.099999999999998
4.1253779,22.54440062785006,11.1
8.514917889999998,18.478907376999995,11.099999999999998
8.51491789,18.721514946877004,11.100000000000001
8.514917889999998,19.22412654267026,11.1
8.51491789,18.478907377,11.1
8.007653825606715,19.141826242112764,11.100000000000001
9.05779000226121,18.880616774335877,11.1
6.03168540517156,20.535695329300495,11.100000000000001
7.931846454092307,19.500934046916868,11.100000000000001
7.217616857532833,21.325092475189287,11.1
5.154996683890944,22.318922591203474,11.1
5.242932240263407,22.727781607773206,11.099999999999998
7.857298762320821,19.52787129184756,11.099999999999998
4.1253779,23.373005815444138,11.100000000000001
4.1253779,23.106590301520363,11.100000000000001
4.1253779,23.338743561841387,11.100000000000001
4.125377899999999,23.355277226722418,11.099999999999998
4.1253779,23.10324389225383,11.1
4.1253779,23.36296780232833,11.1
8.51491789,18.478907377,11.099999999999998
9.043136044397366,18.478907376999995,11.099999999999998
8.51491789,18.478907377,11.099999999999998
8.007258638542448,18.892503150162305,11.1
8.51491789,18.478907377,11.1
6.876601114559519,18.69494006098585,11.099999999999998
4.7146494783962565,19.449245419712764,11.1
8.51491789,18.716262716950887,11.099999999999998
7.9535978973169446,18.959658498846405,11.1
8.51491789,18.703729634517043,11.099999999999998
8.514917889999998,18.698975636937938,11.1
8.514917890000001,18.984593328569584,11.100000000000001
4.125377899999999,22.27031427314073,11.100000000000001
4.1253779,21.831033078656965,11.1
4.1253779,19.973622661937835,11.100000000000001
4.1253779,19.76667990900106,11.100000000000001
4.125377900000001,20.910736365925732,11.100000000000001
4.1253779,20.517694745014765,11.1
9.167871979739143,18.212922810916798,11.1
9.119785461391306,18.232511127948875,11.099999999999998
8.492819704545985,18.21828553585338,11.1
9.190428656317458,18.20373422028501,11.1
9.762066477540492,17.97087429916024,11.099999999999998
8.437146150248154,17.974176855725663,11.100000000000001
8.51491789,18.23755900763773,11.099999999999998
8.51491789,17.94826117574871,11.099999999999998
8.51491789,18.49691269694975,11.1
8.514917890000001,18.25951475186646,11.100000000000001
7.868683374228761,18.217248283067867,11.100000000000003
8.51491789,18.248753940115506,11.1
4.1253779,17.97416151946317,11.099999999999998
4.1253779,17.805883102154286,11.099999999999998
4.1253779,17.842341145757462,11.100000000000001
4.1253779,18.695179964687355,11.099999999999998
4.1253779,17.994301767319968,11.100000000000001
4.1253779,17.963358074531968,11.100000000000001
5.232796360949096,18.250054122056444,11.1
5.2916613262854435,17.950217958045453,11.1
5.166632218403277,18.26744978817522,11.100000000000001
5.922518811375926,18.235381040523336,11.100000000000001
4.125377900000001,19.904660395768122,11.1
4.1253779,17.451358432380236,11.100000000000001
10.447999773244346,17.691455465758494,11.1
9.211849165971405,17.96671367033219,11.100000000000001
9.231242048538164,17.962763335979155,11.100000000000001
9.772080722017758,17.478404292483038,11.1
9.178754901916712,17.97376098469189,11.100000000000001
9.118096037038477,18.013719254699666,11.099999999999998
9.152414355631588,18.219219562105796,11.100000000000001
7.355914785386723,18.72815923518873,11.099999999999998
8.53564666014243,17.987776073460036,11.1
9.717031592676108,18.477384245949295,11.1
9.665685058753883,18.23343262521177,11.100000000000001
9.746040422246766,18.499593403348165,11.100000000000001
4.125377900000001,20.949207457721748,11.100000000000001
4.125377900000001,19.984984519158363,11.100000000000001
4.723174198986344,19.201109840399937,11.1
6.583948078479285,18.478907377000002,11.1
4.1253779,19.730866426400784,11.1
4.1253779,18.702849704917316,11.1
6.246995451659745,18.478907377,11.1
8.51491789,18.72950839396981,11.099999999999998
8.51491789,18.478907377,11.1
7.398677898352551,19.111263932640114,11.1
8.514917890000001,18.478907377,11.100000000000001
8.514917889999998,18.478907377,11.099999999999998
11.589457664822474,19.485206520717036,11.1
9.169635853151044,18.722193019660388,11.099999999999998
9.113075072722047,18.963297176516875,11.100000000000001
9.785039063145739,18.991786559496493,11.1
10.878897574772505,18.22170944437523,11.099999999999998
10.956003146859043,18.96882844202001,11.099999999999998
7.276124881916491,20.50763566994353,11.100000000000003
4.1253779,22.05050795778825,11.099999999999998
4.1253779,22.50149348112607,11.100000000000001
4.1253779,20.567612054776156,11.099999999999998
4.1253779,20.309552121778115,11.1
4.669902852139426,21.7010873870943,11.1
8.51491789,19.798592780431665,11.1
6.668108504611675,20.754792039963977,11.100000000000001
7.832423492824264,21.271504591819696,11.100000000000001
7.39486477469179,20.092129741592483,11.1
7.319837281032471,18.799260128417988,11.100000000000001
6.575269885339009,21.29795054562538,11.099999999999998
9.10291950998392,20.281104325007263,11.100000000000001
11.593561885455799,19.2342457802712,11.100000000000001
11.78660577268047,19.58652918732244,11.100000000000001
11.664708659748108,19.76021850743944,11.099999999999998
11.651803420040205,20.026533871369438,11.099999999999998
10.327075676937065,18.23284311295896,11.1
4.698572183128282,22.748357775893016,11.099999999999998
4.125377900000001,21.830560568130732,11.1
4.682922101034756,22.75992470637313,11.100000000000001
4.125377899999999,22.36140055041595,11.099999999999998
5.097591464837395,22.88047112994379,11.1
5.058100422459407,22.854074130922783,11.100000000000001
6.024334361470054,23.57046021378325,11.099999999999998
4.7408396123889,22.361440888383058,11.1
7.730810595073301,23.371938894323996,11.099999999999998
4.1253779,21.230053614133027,11.099999999999996
4.125377900000001,23.841140293648426,11.100000000000003
7.2014428521662985,22.866424191453294,11.1
12.90445788,20.006250883289546,11.1
7.932853398652796,22.060255976803433,11.100000000000001
10.21729598093336,21.597308898432743,11.099999999999998
9.137607633518112,20.78059991365899,11.100000000000001
10.36991886673092,21.552113122251754,11.1
10.991723404139261,22.30766146585602,11.099999999999998
4.1253779,24.10558834349568,11.100000000000001
4.1253779,23.38663723473111,11.100000000000001
4.1253779,23.35048256039668,11.100000000000001
4.125377899999999,24.086238638365803,11.1
4.125377900000001,23.41339462391002,11.100000000000001
4.730739873986737,23.601410242982723,11.1
4.125377900000001,24.081975857086448,11.1
4.1253779,24.33929787702648,11.1
5.217190529056474,24.08112081914847,11.1
5.481886782577727,24.322185260165377,11.099999999999998
4.1253779,24.323102113796285,11.1
4.125377899999999,24.326504469141618,11.099999999999998
5.533297731640383,22.867512333355474,13.122397052419736
7.3205510550574635,24.587363615490702,11.100000000000001
5.337338096381035,23.8710429449017,11.1
5.219336869383286,22.936444208054173,12.987028868661783
8.043211505147564,23.596027069374294,11.100000000000001
4.1253779,24.616495887680788,11.1
4.125377900000001,24.864021466246918,11.100000000000001
4.1253779,25.33949080410739,11.1
4.818140763638808,24.074458237608543,11.1
4.1253779,24.56251404046086,11.100000000000001
4.1253779,24.581891646875654,11.1
4.730080609615226,24.78233450734409,11.1
5.434836417660651,24.084024862593242,11.099999999999998
4.1253779,24.07556136257708,11.100000000000001
4.1253779,24.079178332071905,11.099999999999998
4.125377899999999,24.36441794114477,11.1
8.575668903899528,26.16641716324512,11.100000000000001
6.046007534736228,24.623583558947995,11.1
5.293939673314971,24.018531385007126,12.982110936550974
5.409383529573705,24.345017115085373,12.137678654281341
5.245114030444415,24.80891983631669,11.099999999999998
5.340059643844032,24.354395635559495,11.1
4.1253779,24.347130649551097,14.274048647258628
5.382942375886983,24.60987339717154,13.169887396065375
4.125377900000001,25.728884124573778,11.100000000000001
4.1253779,25.30457158908796,11.1
4.1253779,26.491031586322592,11.100000000000001
4.1253779,25.819988989592552,11.1
4.1253779,26.31583763065543,11.100000000000001
4.1253779,25.876724621206936,11.100000000000001
4.674278939559946,27.25134452069461,11.099999999999998
5.819029235166624,26.976502329450337,11.099999999999998
6.123244185653771,25.840438876796988,11.1
6.2478137554386635,26.277213128225466,11.1
4.1253779,27.157165086599424,11.100000000000001
6.09535203304522,25.089909852159323,11.1
6.788373286192937,23.851091465246128,17.361374884520902
8.038752918638098,25.426605304715835,11.987418396693311
4.125377900000001,23.36719165622056,18.5
7.887031107740222,25.415530085485187,13.164454178621433
9.765844919316411,26.66246481277232,11.1
10.234188658486513,27.18734731977886,11.1
4.1253779,26.241647959616607,11.1
4.125377899999999,26.270501924190967,11.099999999999996
4.1253779,27.220167140699875,11.1
4.1253779,27.4583581515949,11.100000000000001
4.79092598538452,27.682903331776537,11.099999999999998
4.696576872882021,27.925534303442245,11.099999999999998
4.628373726182757,27.0030940692289,11.1
4.1253779,26.56985405660755,11.100000000000001
4.1253779,26.965985008619608,11.100000000000001
4.1253779,26.78171908541887,11.099999999999998
4.1253779,26.904603757716803,11.099999999999998
4.125377900000001,25.8896993428124,12.138268250520149
6.038298191086027,23.815058560186866,17.502745701808887
5.452001902111591,23.344506977272612,18.499999999999993
8.032895160014858,25.085339065860595,12.740472937028937
5.282751929453922,23.607488249634624,18.500000000000004
8.508427525989502,25.890491051093484,12.062870678812708
5.363096840621797,23.358673732272003,18.5
4.652000070791041,28.42087428340143,18.5
5.659556100010637,27.869105212754672,18.5
4.714127148448297,27.667978673575302,18.499999999999996
6.041855617051515,27.93134075113375,18.5
5.424438887286735,27.644947511817403,18.5
5.79710536061656,25.647493935965187,18.5
8.514917889999998,29.020215172870188,18.5
8.51491789,28.818557770705517,18.5
6.667598874452008,27.942500574128402,18.5
8.019587934773355,28.50815660425412,18.500000000000004
6.115131756668851,27.703726763205225,18.5
6.601720635714555,27.91439645278112,18.500000000000004
4.636907517403605,27.610201511050278,18.5
5.369925842440147,27.868193520532767,18.5
5.308411667217857,28.165384814272286,18.5
4.1253779,28.624138181851222,18.499999999999996
4.623103485266493,28.28342019595444,18.500000000000004
5.385010611939407,28.16107725985611,18.500000000000004
4.1253779,24.92747232409575,18.499999999999996
6.2411145782067585,27.41942792,18.5
5.366486903593962,27.419427919999997,18.500000000000004
4.70401552829185,27.197144627658755,18.5
4.1253779,26.52229673287155,18.5
5.964872499038957,27.419427919999997,18.5
7.377194032773125,27.41942792,18.5
5.9708456388716264,28.430951094375146,18.5
5.541509073429749,27.41942792,18.500000000000004
6.072771059932077,28.233681961409232,18.499999999999996
6.081494838857218,27.63052118741189,18.5
7.43056798687845,28.178768372572804,18.5
4.1253779,28.352322112990034,18.5
4.1253779,28.365573581443524,18.5
4.1253779,28.06331778133087,18.499999999999993
4.125377900000001,28.355796719923735,18.5
4.1253779,28.205800764224005,18.5
4.1253779,28.066009414996838,18.5
7.529373316203372,23.05408807752187,18.500000000000004
6.45587853353048,25.45330248741483,18.5
7.391138507391617,22.784534312788956,18.500000000000004
9.084458358888773,23.69273614706518,18.5
8.520314858439233,23.551703023151614,18.500000000000004
7.442802997549728,23.256255535313187,18.5
7.4150297475652245,25.977072916585936,18.5
7.46182374231132,26.665008443031198,18.500000000000004
6.741975227256546,25.36418818120439,18.5
5.317492403612688,24.863360612919607,18.5
4.942181710458771,24.56178872256648,18.500000000000004
6.201323515621333,25.56127005522281,18.499999999999996
4.654613296405871,27.419427920000004,18.499999999999996
4.1253779,27.23637812458433,18.5
4.420747059113081,27.297626759728054,18.5
4.1253779,25.725920532229516,18.5
4.1253779,27.06773458299729,18.5
4.125377900000001,25.28537497295881,18.500000000000004
6.513529513374943,23.327074860685745,18.499999999999996
5.524658804564916,23.28592251259122,18.5
4.612122555033449,23.398752797594867,18.5
5.397701315000982,23.040064220630207,18.500000000000004
6.053044839866475,22.804421567345617,18.5
6.0798509791389455,22.810623905230344,18.5
7.203046775058314,23.563768355046474,18.499999999999996
6.070353393175373,24.31887385719978,18.5
7.246206886682302,26.112194861912393,18.499999999999996
6.761016090493794,25.877002367846202,18.5
5.493958029027201,23.567122650387198,18.5
5.981863791389411,23.310317207841557,18.5
4.694045347032425,24.43167901455309,18.5
4.125377900000001,24.027181568252473,18.5
6.198661325869858,23.228138251701477,18.5
4.125377899999999,24.061175630162065,18.499999999999996
4.1253779,24.471130764320037,18.499999999999996
5.359584932533176,23.498893970618646,18.5
5.28017025922164,23.39215169374433,18.499999999999996
5.525136169827828,23.28738202445587,18.499999999999996
6.5948547586865685,23.054615958289176,18.499999999999996
6.742774232747212,22.793578344111623,18.499999999999996
5.191373769732957,23.41186549306618,18.500000000000004
7.180600018644114,22.59098318991927,18.5
4.881090293520343,23.31032584869413,18.499999999999996
6.724759630974994,23.059066726773253,18.5
4.931902103181913,23.556684921767584,18.5
4.9207429841578225,23.32905519084728,18.5
6.785063405661832,22.791334843090358,18.5
6.752448708271803,23.081887206181307,18.5
5.569147359135757,23.277444260341902,18.5
4.621483440270246,23.817280399249547,18.500000000000004
4.722258806646753,23.516046700106003,18.499999999999996
4.882809495511571,23.282426831214895,18.5
4.671835287880892,23.549372270076418,18.5
4.125377900000001,23.815802095996844,18.5
4.619651557496063,22.00664292451098,18.5
4.562236131957515,22.007815642254098,18.5
4.1253779,21.07025398566492,18.499999999999996
4.1253779,20.235006814463027,18.5
4.1253779,20.25152431366196,18.499999999999996
4.125377899999999,20.251412238642256,18.5
5.406413811335735,22.80397205442982,18.500000000000004
7.972970475236634,22.598525824706165,18.5
7.937492391374348,22.616539764744783,18.500000000000004
7.9663195334855335,22.57513961768513,18.5
7.935573189493185,22.61181340009544,18.500000000000004
7.951935913126572,22.538622872401366,18.500000000000004
4.6151632071848585,22.436125229601572,18.5
4.701678693025554,23.006782845773078,18.5
4.792778848365266,23.326665562647072,18.5
4.79637231894062,23.263082170902862,18.500000000000004
4.751720232480952,22.468087560363276,18.5
4.777608818004976,23.02578698178412,18.499999999999996
4.1253779,21.007147397270955,18.499999999999996
5.067979694140714,20.54700283886962,18.5
4.125377899999999,20.233434932019215,18.5
4.664172312823376,20.56873691321127,18.5
4.665656985816529,20.576728263585625,18.5
4.685443611329782,20.581832889027286,18.5
4.645171273061627,23.055038041052796,18.5
6.012472606623692,22.803886307913313,18.5
5.486990174938786,23.053542115546335,18.499999999999996
5.527715929906226,23.038980165022874,18.5
6.104597163002475,23.060494710209557,18.5
5.097127197301687,22.940066904836176,18.499999999999996
4.1253779,21.009211586449776,18.499999999999996
4.125377900000001,19.53398050032532,18.500000000000004
4.6621053328882125,21.049706598811525,18.5
4.1253779,19.986543587728868,18.500000000000004
4.1253779,19.56752654535896,18.5
4.61425754658946,20.530288492208626,18.5
5.333457987049977,19.537894258619293,18.5
4.697088996961086,20.01211997908982,18.5
5.965308475892787,19.571646267324827,18.499999999999996
5.288430532820543,20.07256587283341,18.5
4.706245274367552,19.781779111623138,18.5
5.9879492759786785,20.45347879038219,18.5
4.1253779,18.716446170170272,18.5
6.372258216489808,21.872835717139957,18.5
6.014576631298454,22.072247403805033,18.499999999999996
5.983713864701847,20.69092325766808,18.5
5.391237950030745,23.33186001983258,18.500000000000004
5.750492937050529,22.480768048225,18.5
4.1253779,18.752652191787895,18.500000000000004
4.125377900000001,19.22557057496596,18.5
4.1253779,18.725546264842812,18.5
4.1253779,19.228031807920758,18.5
4.1253779,19.48819827468017,18.5
4.125377900000001,19.442509648363693,18.499999999999996
4.125377900000001,18.495867350223715,18.5
4.125377899999999,18.664798315314194,18.5
4.1253779,18.734274750951567,18.5
4.1253779,18.6632101939667,18.499999999999996
4.125377900000001,18.744247525621795,18.5
4.1253779,18.678882504600278,18.499999999999996
6.321720756180522,19.630428978364577,18.5
4.1253779,18.718565465257598,18.499999999999996
6.581812795145782,20.29994247615691,18.499999999999996
5.981781304128502,21.254217088293707,18.5
4.74799932846688,19.533000146042248,18.500000000000004
4.125377899999999,18.700163241588243,18.5
4.1253779,19.997476928785844,18.5
4.1253779,20.221255587457442,18.5
4.125377900000001,19.498270003099332,18.5
4.125377900000001,20.014946007168106,18.500000000000004
5.258084145114639,20.26159388855048,18.5
4.1253779,19.75775995713559,18.5
4.125377899999999,19.70257408688405,18.499999999999996
4.1253779,18.975413598490842,18.499999999999996
4.1253779,19.997157392166514,18.499999999999996
4.125377899999999,20.261947612350284,18.499999999999996
4.609072121170602,20.731649575697777,18.5
5.018822193313454,19.721087054953145,18.499999999999996
5.753555566158944,21.37701218717251,18.5
7.1140647583582535,22.055115592141213,18.5
7.143584363309291,21.572844214113932,18.5
5.966710662978667,22.328180980138647,18.500000000000004
4.768586212729611,20.516576095485014,18.5
5.22919853729589,21.32475221380886,18.5
4.1253779,19.752839076791673,18.5
4.1253779,21.24253681083569,18.5
4.1253779,20.24775345681799,18.500000000000004
5.446893462746452,21.039160342049595,18.5
4.1253779,21.249284506449442,18.5
4.125377900000001,19.73864661328343,18.500000000000004
6.32762512188439,21.799595759770614,18.5
4.602625626777725,21.588237970633877,18.5
4.699186502841814,21.05020565888434,18.5
4.724785739992624,21.985041740989743,18.500000000000004
4.634796575924985,21.73923075185731,18.5
4.632536142708813,21.791578913932582,18.500000000000004
6.6234276660215645,22.81203002432822,18.500000000000004
4.617447833556136,20.497756646718955,18.5
6.653294507509785,22.300534449121578,18.5
5.922144363942512,22.77349154482983,18.5
4.7556900156255315,22.787068631855384,18.5
6.012478163556243,22.30473562849976,18.500000000000004
4.1253779,19.560159341678585,18.5
4.1253779,20.274414814267956,18.500000000000004
5.402958104847647,21.283649726414463,18.5
4.125377900000001,20.74239303100745,18.500000000000004
4.747429259143878,21.27533775284308,18.5
4.1253779,19.747203414748697,18.5
5.864125368368893,22.016840789491923,18.5
6.868113432806422,22.509181568149806,18.500000000000004
6.3041286471440205,22.4928238073359,18.5
6.565447700074289,22.55360915274442,18.5
4.721954817147622,20.772102757641562,18.5
6.723806793837708,22.32502439463828,18.499999999999993
8.391001406663712,22.100077604473142,18.499999999999993
6.67218987950578,22.81339079703032,18.5
9.620524725545112,22.343544105608878,18.5
8.042071678769679,22.465395565767018,18.5
8.054973514713902,22.695305920428353,18.5
8.649799035193416,22.555527940736106,18.5
4.125377899999999,21.295659379456758,18.499999999999993
4.125377900000001,20.650938371988854,18.500000000000004
4.1253779,20.849620881742947,18.5
5.362790348986459,22.548425582418364,18.5
4.1253779,21.28030699755984,18.5
4.125377900000001,20.712231814821617,18.5
5.944099013907364,23.11573704963369,18.5
6.790122320367632,23.01479283873389,18.5
5.724457653269977,23.20914524062287,18.500000000000007
6.995198175938836,23.103399785579082,18.5
6.170330764698262,23.246558670821493,18.499999999999996
6.111502339587583,23.024238191767076,18.5
7.472856146860525,22.933863255344708,18.499999999999996
9.097085519466912,22.319838495423483,18.5
9.829862376768919,22.780631032472247,18.500000000000004
9.829651340398383,23.063260530581836,18.5
8.501521815329806,22.60437928249454,18.5
9.761704918130512,22.757659081714348,18.5
8.683261097233252,22.52775314005837,18.500000000000004
4.1253779,23.017763036150455,18.5
6.683388448160601,22.79282733973932,18.500000000000004
8.397978338703616,22.539416220606125,18.500000000000004
8.496373678105142,22.57018223488338,18.5
6.873017406231125,22.934330944921033,18.5
5.926363953589325,24.142476789946326,18.5
4.1253779,26.008243866639244,18.500000000000004
6.370356848192681,23.819099413372918,18.5
8.512903932085951,24.10944843983828,18.5
7.211777778842881,24.65160908114906,18.5
4.698438216789781,25.948145505563335,18.5
7.910365330884295,23.549944839873678,18.5
8.060993071615362,22.867277371954582,18.500000000000004
6.663440628323718,23.34404476361523,18.5
9.136645816777543,23.523092301876375,18.5
8.50438742517765,24.12254200095681,18.5
8.037866050929768,23.37181586506415,18.5
10.513361237723409,22.298622299902195,18.5
6.6121562005228185,22.817839159609502,18.5
9.726627049484167,22.48626078231477,18.500000000000004
4.1253779,23.6272227629903,18.5
4.1253779,24.306334204602933,18.5
9.130033505033806,23.06764221847622,18.5
5.7613003834838965,27.41942792,18.499999999999996
7.36931882918817,26.518089215714934,18.5
6.689291406854554,26.754640597588406,18.5
6.113125943118753,26.993479924170614,18.499999999999996
4.754243183051955,26.468029950075163,18.500000000000004
5.405229559338795,27.419427919999997,18.5
4.750062895240516,26.96114788921439,18.5
5.348106406808845,26.37952463528405,18.5
5.23691505106199,28.439653190567505,18.5
6.71839918640997,24.340708779806175,18.5
6.95200743365916,24.468020483699455,18.5
6.678308162433728,24.68663262398524,18.5
6.358760901692497,23.605065552084895,18.5
4.647553011077542,26.09469895597876,18.499999999999996
5.427862856216931,25.644679211403005,18.500000000000004
4.1253779,25.650943280254445,18.5
4.125377899999999,25.96898474702338,18.499999999999996
7.783441941382038,27.41942792,18.5
4.692107592404586,27.65547620197609,18.5
5.919816155402031,27.909768352959915,18.5
5.265249458905515,27.64110645523219,18.500000000000004
8.51491789,28.83653237914603,18.5
7.367239791352738,28.99831592743194,18.5
8.017178375917823,28.995345682507974,18.5
4.1253779,28.008511369719827,18.5
5.345483284824559,27.679162643018735,18.499999999999996
6.65102988358967,26.15032412822848,18.499999999999996
5.466988020559002,27.911737757688968,18.5
4.714922656221045,25.367533129834836,18.5
5.345698279139245,27.709035200846913,18.499999999999993
7.238593398498114,28.455469356588054,18.5
6.674426656531158,28.21798320728491,18.5
5.39376317864776,28.19346482765941,18.499999999999996
6.702375079040737,28.21514127855532,18.5
5.270805743697676,27.89526311946144,18.5
4.1253779,25.97619069163816,18.5
5.422896257922731,25.604440899548795,11.099999999999998
4.7503885283189495,24.58687646704447,11.099999999999998
7.943402647578246,25.89501372003038,11.100000000000001
6.428098525985455,25.675934335435095,11.100000000000001
6.605132787728469,24.82045023986317,11.1
5.257109711652927,25.566898579149118,11.1
7.864136278492248,26.089074033831974,11.099999999999998
4.709071194496854,25.38314150278974,11.100000000000001
5.367766620416085,25.629178711030537,11.100000000000001
4.679897086368367,26.54678118695868,11.1
5.407243663257408,25.661709005291037,11.100000000000001
6.684478722011561,25.369055672555433,11.100000000000001
6.05644187598338,25.564631057073242,11.1
6.2056003400156605,24.735434895389744,11.1
5.714147120633066,24.472581514379375,11.1
6.5752725344897645,24.078962987515567,11.099999999999998
7.45985934039116,24.961402963733978,11.099999999999998
6.528802080666862,24.085581410800092,11.100000000000001
4.763092949552453,24.673338424581637,11.100000000000001
6.007970121660467,23.843219699999995,11.1
5.18791481619299,24.49026083165248,11.100000000000001
6.945797780807214,25.824965770685466,11.1
6.089570662290228,24.0750054755797,12.093847310501625
7.240269238319646,23.300958433103617,11.1
6.71587540165985,23.84321970025794,11.100000000000001
5.25974376025258,24.080358134497782,11.1
5.7619890297079195,24.790140034653767,11.100000000000001
5.372963264942171,25.09830505420729,11.1
5.192111967458493,24.544050307255752,11.099999999999998
5.340509812425052,22.600653455618783,13.213147485442292
5.369289029142204,23.89540771666521,11.100000000000001
4.1253779,24.852749428539237,11.1
4.1253779,23.001595984910615,11.1
4.125377899999999,24.08558715402334,11.099999999999998
4.1253779,24.335581552126502,11.1
4.750103663090212,23.6040684419309,11.1
5.336585755383505,24.070232136071578,11.099999999999998
6.70348007963526,21.756102147897632,11.1
7.867469875404493,21.25226028632408,11.1
6.547366859593533,21.327030076988766,11.1
8.514917889999998,19.616872431854993,11.099999999999996
8.534247187444107,21.75310596202264,11.100000000000003
7.918750006335398,21.238421012029935,11.1
5.9305915303661925,23.86629585681126,11.1
6.33732055179555,23.612929425087643,11.1
5.28712885681148,24.35351918342866,11.1
5.349209910444475,24.112987282373073,11.099999999999998
5.9967070352826255,24.11609018629101,11.1
6.264837638431546,23.181969176738654,11.100000000000001
7.308060720982054,23.575043470037418,11.099999999999998
5.94022009427802,24.125592189421113,11.099999999999998
7.113928603395273,23.892387732692182,11.1
7.2693175496918006,22.811357781400808,11.1
5.942158157974374,24.60943975576507,11.099999999999998
6.881926744257158,23.215036759852445,11.099999999999998
6.252842850404367,24.74154375017131,11.099999999999998
5.324433956677039,24.30863635249656,11.100000000000001
7.20201897377864,22.87546347587214,11.099999999999998
7.196895184193124,21.324130398697832,11.1
6.453709637906211,23.38382077090327,11.1
8.514917890000001,18.983448676391024,11.100000000000001
8.51491789,18.73183667075424,11.1
7.865448412713481,20.055428638467827,11.099999999999998
8.51491789,18.72310284865378,11.099999999999998
8.51491789,18.976953959564902,11.099999999999998
8.514917889999998,18.733935207216184,11.1
8.026085065543143,18.86291727366146,11.1
7.8997166745612555,18.978238101169936,11.1
9.107925128284899,19.236674740484695,11.100000000000001
11.021392123365851,20.013137872134962,11.099999999999998
8.514917889999998,18.969562299959442,11.099999999999998
8.51491789,19.225470019715186,11.099999999999998
8.533840422704403,18.21970456002021,11.099999999999998
6.659740123745304,19.723643892455545,11.1
11.238201658755752,19.122903215343797,11.099999999999998
8.51491789,18.478907377000002,11.1
10.366374712677977,18.97663049558011,11.100000000000001
9.110107792424632,18.72136137263283,11.1
8.51491789,18.748824995025423,11.1
8.51491789,18.478907376999995,11.099999999999998
9.884964453771168,17.920811108816675,11.1
8.514917890000001,18.478907377,11.1
8.51491789,18.478907377,11.1
9.042754256291811,18.263890227927316,11.100000000000001
9.205558444618815,18.19757101487822,11.099999999999998
11.765200002979919,17.15488645262792,11.100000000000003
8.51491789,18.478907377,11.100000000000001
10.767962025781282,17.5611170204659,11.1
11.089316996130451,17.430211243642987,11.1
11.591531879141144,17.225631151662107,11.100000000000001
9.125124973257762,18.230336047389283,11.099999999999998
9.177687007998825,18.20892460327284,11.1
9.796386548790156,17.956893822733583,11.099999999999998
9.112156788758199,18.235618711180212,11.1
9.262903496670713,18.174211181427854,11.099999999999998
9.761780387168137,17.50952107319584,11.1
9.316888398289397,18.152220124387647,11.1
9.215666272538014,17.692144001386932,11.099999999999998
9.78393509444441,17.461065671840966,11.1
6.598528833269611,18.227391403422736,11.099999999999998
8.507444790397988,17.975860903433077,11.100000000000001
7.488864931654873,17.783644665978272,11.1
5.349469702120855,27.233999928101337,11.100000000000001
5.247458195727167,26.097692656366842,11.100000000000001
5.352461271396283,26.172512835229263,11.1
6.033491471590611,26.622130475160176,11.1
5.400376003444604,25.948970039248344,11.100000000000001
6.884333704101991,26.05604369322658,11.1
5.656116686927689,27.73796392693924,11.099999999999998
5.220714044116722,26.77279790721352,11.1
5.36523422936438,26.085654916723797,11.1
6.061015240075364,25.312925696060415,11.099999999999998
5.422706901091914,26.88288643045054,11.100000000000001
7.909766441040386,23.838633532726284,11.100000000000001
7.34100423192472,24.312267212143905,11.1
7.33574219066047,23.147300473184966,11.1
6.710302471912497,25.313477674483018,11.1
6.414300526468515,25.101375990373548,11.1
6.348655413254092,25.44380050292992,11.100000000000001
6.124284437162294,24.847758743748223,11.1
6.327970950278796,23.65355268961369,11.100000000000001
7.325456762927725,24.360720576007537,11.100000000000001
6.427455881488209,24.915514340458017,11.099999999999998
7.367080472268925,23.870558868364515,11.1
6.952152366709366,24.256240476716545,11.100000000000001
7.338299330024733,24.334186657204352,11.1
6.035956625479411,24.07525798543928,11.099999999999998
6.03771294943817,22.817272789678352,11.100000000000001
6.7452442845984475,23.863281452613304,11.1
4.705220713893881,23.34594055169645,11.100000000000001
6.694441594540114,23.342500178892077,11.1
6.757171910929327,24.020710323719737,11.100000000000001
5.47049354558046,21.612582852833892,11.1
5.68828931256377,23.18933005760104,11.1
5.216589063308577,22.977720124960076,11.100000000000001
6.063614351553272,22.114346266119583,11.099999999999998
7.292641239031752,22.595879979547497,11.099999999999998
4.1253779,20.763702518693584,11.099999999999998
6.553223364733621,21.603870389432185,11.099999999999998
5.276246051712859,23.219174090279203,11.099999999999998
5.360731983336764,22.115767202226444,11.1
5.1359768403471335,23.183578496842866,11.099999999999998
4.74171230237639,23.644362447623582,11.100000000000001
4.1253779,23.339777948029145,11.1
4.726603593409346,23.011014798774607,11.099999999999998
6.697126007327378,22.30916142524954,11.100000000000001
4.698664771240814,21.438958310413142,11.099999999999998
5.959568284228766,22.861513094676948,11.099999999999998
4.7516414464077625,22.728319084837825,11.1
5.384526352067775,22.127324728695672,11.1
4.724037597327758,21.6856942092286,11.099999999999998
7.204301552994318,23.54624276994781,11.1
4.729692012126054,22.028976312345186,11.100000000000001
5.270137180321275,21.830334086354103,11.1
6.00873460248463,21.82711810061681,11.099999999999998
4.6489073058583665,22.78008925994443,11.1
6.651338633382996,23.0840800790074,11.099999999999998
6.334677859657328,21.622207605223988,11.100000000000001
4.71751896133353,19.768567330775138,11.1
6.658257094621844,22.33215919835174,11.1
4.125377900000001,19.466186028516248,11.100000000000001
4.1253779,19.994013764879327,11.1
7.893264610944046,18.998976003946385,11.1
6.307431601275939,19.81844942547937,11.1
4.1253779,22.29958972460193,11.1
6.304092587025626,22.725834865610413,11.1
4.125377899999999,21.275838916918595,11.1
7.227789091501047,18.74723912596447,11.1
7.843129556126808,18.743842613353447,11.099999999999998
7.210883940754881,20.006313859810717,11.100000000000001
8.51491789,18.71955398845573,11.1
8.51491789,19.360402385660986,11.100000000000001
7.882372097658729,18.748114606482346,11.099999999999998
7.867316810503848,18.747507701953317,11.1
7.238055809256834,18.747828351518383,11.1
7.886379148542853,18.746671678717536,11.1
6.274670732826358,18.918918752227054,11.1
8.51491789,18.678881034132267,11.099999999999998
8.51491789,18.71865897234213,11.099999999999998
8.51491789,18.742681510048868,11.100000000000001
8.51491789,18.70743667319809,11.100000000000001
8.514917889999998,18.478907377107003,11.099999999999998
8.51491789,18.706367813093394,11.099999999999998
7.868466413105214,18.730559276960193,11.100000000000001
8.51491789,18.992040955624788,11.1
8.51491789,18.223573449560917,11.1
8.51491789,18.717943628130875,11.1
7.245705023235079,18.731786133056264,11.1
8.514917889999998,18.478907377,11.099999999999998
7.85253251102576,18.74058859934249,11.1
8.51491789,18.478907377,11.1
8.51491789,18.736236818425535,11.1
8.51491789,18.742287907715674,11.100000000000001
8.51491789,18.21921244512872,11.100000000000001
8.51491789,18.739524207041967,11.1
7.2666767738719065,18.733922315144113,11.1
9.135178718013991,18.22624059722132,11.1
6.645464959601906,19.28449427792776,11.100000000000001
8.51491789,18.21610776206611,11.099999999999998
7.1724271368116135,18.47975322691865,11.100000000000001
7.165544835488487,18.481623461701233,11.100000000000001
4.125377900000001,18.693317856752273,13.830859986737146
7.248908010912878,18.220802842172375,11.100000000000001
4.759545243852977,18.478907377,11.1
8.514917889999998,18.733234578845657,11.099999999999998
6.62053996361096,18.741382502085145,11.099999999999998
8.51491789,18.478907377000002,11.1
7.412866351319417,18.71300595531538,11.1
5.964577406799203,20.219053844856482,11.1
8.51491789,18.723092329951722,11.1
7.879495602592938,18.742193837283818,11.1
8.51491789,18.478907377,11.1
8.51491789,18.478907377,11.099999999999998
8.51491789,18.747623573319757,11.099999999999998
8.51491789,18.719418306398303,11.1
8.514917889999998,18.478907376999995,11.099999999999998
7.900882399679813,18.74337978615532,11.099999999999998
8.51491789,18.75686704113204,11.1
8.514917889999998,18.714857472185003,11.099999999999998
8.50059266530607,19.0185677097953,11.1
5.455317917564418,20.253105024696108,11.099999999999998
4.721412873093053,22.100754566410128,11.100000000000001
7.912019941395895,18.767511874689973,11.1
7.906031136978791,19.00357271927491,11.100000000000001
8.51491789,18.783548233071247,11.100000000000001
7.868869351824916,19.527936208876223,11.100000000000001
8.514917890000001,18.72578624629385,11.099999999999998
8.51491789,19.141609488817515,11.100000000000001
7.916423202201389,18.72270759577164,11.1
4.643595581279487,22.648776424856813,11.1
4.7458945643516826,20.7095396556301,11.099999999999998
4.1253779,23.59332990408269,11.1
4.73907332381025,19.975747271766956,11.099999999999998
6.602606985642568,21.051523055811188,11.099999999999998
5.392130944497142,20.443437422343465,11.100000000000001
5.591894905584519,24.03028760318317,11.099999999999998
7.915550316756412,21.523620451605566,11.099999999999998
8.475162523510338,20.303829844739134,11.099999999999998
7.270788888132832,20.544395712651692,11.1
7.984517820501859,19.572880147572665,11.1
4.1253779,24.086788095286522,11.1
5.684841940880948,23.647609201172,11.1
5.344543692946558,23.65022717053172,11.099999999999998
5.330051898428904,23.810076751463917,11.1
5.324845739599341,24.062905403760624,11.1
5.9452934438439335,24.152798281993817,11.1
5.310348863636287,24.37354517602823,11.099999999999998
6.08212879112179,23.612476333859114,11.099999999999998
6.752006735562963,23.359008502013864,11.100000000000003
5.187446804564631,23.41953492478393,11.1
5.361022469691203,24.846631464385798,11.1
5.166213904821527,23.844905540385454,11.1
5.848849519352454,23.63729458361625,11.1
6.053228600277809,24.529787919489777,11.1
4.1253779,24.084493805603593,11.100000000000001
5.242384270278084,24.72658725584856,11.100000000000001
4.626577468551449,24.102626306637795,11.099999999999998
5.326987835489218,23.887849275358484,11.099999999999996
5.717757155942163,24.11389071201693,11.100000000000001
7.8275676037565445,25.253792676432194,11.1
6.0688310684192315,25.929119517128658,11.100000000000001
4.7069636874450325,24.113873073222965,11.1
5.438411058506158,24.64172788742876,11.1
7.30649374141738,24.610458752724064,11.1
5.412890792470646,24.369981984969726,11.1
5.540897948183143,25.584353641601965,11.100000000000001
4.653497152593379,26.06325030998151,11.100000000000001
6.08270863036644,26.599928589963987,11.1
4.677560372915478,25.85816790933327,11.1
6.069385881019809,26.62937565366111,11.1
4.1253779,26.547281821764628,11.1
4.7165334946305295,27.437673038058467,11.100000000000001
4.737114086625318,25.94640983660875,11.1
4.74997265207962,28.186155380107206,11.099999999999998
4.729040673221704,27.427609599701654,11.099999999999998
5.996727450159734,27.18948782755936,11.1
5.1882466842466775,27.102517199817534,11.100000000000001
6.727407687900287,25.76681691682653,11.099999999999998
6.550137931395662,26.49840515374094,11.100000000000001
5.402460343567926,26.115854171643797,11.1
5.957672717905842,26.01168301358809,11.1
7.264854697024142,27.408308950879462,11.1
7.100016678088768,26.749010236687326,11.1
5.288642022710818,25.740776262343275,11.1
4.720559845974692,28.034720409200926,11.1
4.754830970436225,26.969622307887157,11.1
4.1253779,27.75978210002822,11.100000000000001
4.663033409698895,26.840602709268527,11.1
4.125377899999999,27.965702630464687,11.099999999999998
6.251130328758989,26.377462707833637,11.1
5.341539572582518,26.099147816420896,11.099999999999998
4.709595472905382,26.414751754677994,11.099999999999998
5.352850005414047,26.050340828477072,11.100000000000001
5.373675410875799,25.718850508827806,11.1
4.641065105834623,26.886726152081756,11.1
5.35665588174126,26.899474321723268,11.100000000000001
4.735856761973173,26.063423015472658,11.1
4.1253779,27.462676673177576,11.1
4.1253779,26.649496204978213,11.100000000000001
4.718871755783312,27.748939227194132,11.1
4.125377900000001,26.88769768203792,11.1
4.714444007615292,26.726200273189203,11.099999999999998
4.1253779,28.533300701555266,11.099999999999998
4.715144486787482,25.417766512326892,11.100000000000001
4.1253779,27.495011392477203,11.100000000000001
4.6807735478740025,27.822463956415607,11.100000000000001
9.115223243081035,18.234369573552783,11.1
8.514917889999998,18.478907377,11.099999999999998
5.407072049256937,18.478907377,11.1
8.51491789,18.478907377,11.1
8.511549594321218,18.26520312188625,11.100000000000001
7.894005198536285,18.214847235484857,11.099999999999998
9.832970516919335,17.941991135023443,11.1
6.010929204538749,18.478907377000006,11.100000000000001
8.514917890000001,18.478907377000002,11.100000000000001
8.51491789,18.478907377,11.100000000000001
8.51491789,18.478907377,11.1
8.51491789,18.749202440401394,11.099999999999998
7.270310263406577,18.478907377,11.1
10.953543713240414,18.731758381604497,11.099999999999998
8.514917889999998,18.478907377,11.1
10.6300229335918,18.904363349522765,11.099999999999998
9.919069263749618,19.046641828797593,11.099999999999998
9.710938068541266,18.964221216375062,11.100000000000001
9.732635556814865,19.219773859787953,11.100000000000001
10.454452895172563,19.268988004641997,11.1
9.112643116384907,19.2208483618667,11.1
9.120335921160866,18.986621987095315,11.1
9.07012837358886,18.252739225390403,11.1
8.514917889999998,18.6844527941736,11.099999999999998
9.103410036023378,18.478907377,11.099999999999998
5.312449477506297,23.628437619356625,11.1
8.007974070144812,22.520571548819454,11.1
6.667823038497635,22.513240867716842,11.100000000000001
11.076393358584163,19.7662603018459,11.100000000000001
8.066785459771653,23.178390527854095,11.1
10.350816952888907,19.468862387777996,11.099999999999998
6.555077173909253,21.11316259584826,11.099999999999998
7.907408258343715,20.265213658665907,11.1
7.271636410259308,20.771707687617948,11.1
9.689750218713273,21.12199530500431,11.1
9.687537736609169,20.23784240182804,11.1
6.292474741693728,20.674036372900503,11.100000000000001
7.4539163736929055,20.248913058682668,11.1
7.229221614654362,21.807830644752073,11.1
5.353430310744081,24.615837145265026,11.1
6.592424561618999,23.58989368426551,11.100000000000001
8.56366112621054,23.588040319729217,11.100000000000001
5.526302579591102,24.3235210045565,11.1
7.9342364435720425,25.394779916260784,11.099999999999998
6.490325430032395,25.332381117821882,11.100000000000001
7.230972345641117,25.35975813850489,11.100000000000001
6.8294149024288116,24.49357971910999,11.1
5.505965055103949,24.391325560773478,11.100000000000001
7.916896830640166,23.914377271112006,11.1
5.823918526467454,24.534563535856297,11.1
7.24283607394289,25.360368203315808,11.099999999999998
5.906187893351914,24.0713336075019,11.099999999999998
6.009771750439449,25.35726903835414,11.099999999999998
5.995723202739457,25.32415758701748,11.1
5.452281600648127,24.8864436924299,11.100000000000001
4.125377899999999,24.331762906724375,11.099999999999998
5.906368495926082,24.576848915535127,11.099999999999998
4.125377899999999,23.482676608570575,12.65013144258559
5.924592241392398,24.32749898630178,11.099999999999998
5.333233983975172,23.8494345340349,11.1
4.1253779,23.841237182292073,11.100000000000001
6.55823089804701,25.334530905604804,11.1
4.1253779,24.10196066972448,11.1
5.878238826411733,24.579298536777678,11.099999999999998
5.892419917835491,24.572471503793302,11.099999999999998
6.473516889013718,25.10186392537413,11.1
7.019091517552547,24.834091247381547,11.1
4.70301490127066,24.598007670296766,11.099999999999998
4.741220345549034,24.07209922957971,11.1
4.1253779,24.488349666755298,11.1
4.1253779,24.311800474812163,11.100000000000001
6.0089090785373775,24.86049750682302,11.1
5.4009700046193405,24.084793719499835,12.099744776772994
4.1253779,24.344745050105928,18.5
4.7840181861332765,24.59703174810198,12.081401784906477
5.931400377648926,24.834627749546108,11.1
5.3844413879457855,24.603989394765193,14.312033461951597
5.3844413879457855,24.603989394765193,14.312033461951597
5.4216335231155455,24.878593371988497,12.121664197933866
4.125377899999999,24.33939563924836,17.461289377081584
4.771644830411228,24.62139891363651,14.319703916794623
6.028781450454729,25.899462093402157,11.099999999999998
4.747940296427528,24.338316365368605,15.343824289660311
4.1253779,25.180116560385297,17.60571677784064
10.579245534405443,26.47223943071587,11.1
9.721067832708279,26.12265585726378,11.099999999999998
8.697795937222383,25.94889542377203,11.1
9.942664143854717,26.21292437643082,11.100000000000001
8.37876895455432,25.82434093542459,11.099999999999998
10.495011369072866,26.437926163818492,11.1
9.217765042384087,26.66235187754921,11.099999999999998
6.000289001067574,25.415553612674827,17.4006622262129
9.840300885581398,26.64567105762198,11.1
8.613955460825583,26.17565425005189,14.199893139548196
7.9530450936545,27.00807283694222,13.081499885511072
11.101141058555683,27.671784350343966,11.1
4.1253779,25.409808427284506,18.5
6.03660203722128,25.36628284182674,12.080629840267708
8.620966096655206,26.425991910956423,11.100000000000001
8.61531253160658,25.67096629964264,11.1
9.075202489545829,25.65294632308229,11.1
9.79132436996988,26.421486490835353,11.1
6.517076111237932,27.908843088401767,18.500000000000004
5.420641283830651,27.67731666466221,18.5
5.848634940630939,28.2402710250908,18.5
6.814318376967196,27.74909769603208,18.5
6.917418349910877,27.847497190276975,18.500000000000004
7.253750173993132,28.41480108462473,18.5
6.672022137259219,28.464279356714595,18.499999999999996
4.65784607217143,28.149979441796816,18.500000000000004
6.716599864672263,28.720072363833633,18.5
6.601416407284134,28.414580000285934,18.499999999999996
6.698380030065257,28.699801667865074,18.5
5.906173138101896,27.64865561358556,18.5
6.00933174928569,27.419427919999997,18.5
10.31073834332721,23.14755579226579,18.5
7.326817025113028,27.366363873024675,18.5
7.273749372551086,25.571933674384557,18.499999999999993
7.934078407198782,26.331368941776383,18.5
9.29090259797336,22.776294904250136,18.5
9.109597093204947,23.264570872797886,18.5
8.489504598641016,25.112372989991538,18.500000000000004
8.000907827779029,27.689395495890732,18.5
8.424476641291665,26.955996021652723,18.5
5.179511566549068,27.53405642788541,18.5
6.634999526514387,28.45160979735944,18.500000000000004
8.619570004204496,24.447976808918895,18.500000000000004
10.389806347411772,22.81864903901731,18.499999999999996
9.980611454702972,22.56780235285376,18.500000000000004
10.386547141332855,23.051182113202195,18.5
6.364346195416068,23.632388266071025,18.5
4.75893340631931,24.81538379793314,18.5
10.533269102947195,22.788613935367035,18.500000000000004
10.484025743890998,22.78915352246577,18.499999999999996
11.606377250168642,22.31805774049255,18.5
11.70104452478812,22.734173561240475,18.5
10.943435702883983,22.576199587725906,18.5
5.914741554436752,23.611494271462117,18.5
8.474219308451678,22.328667543104654,18.5
10.509224027088669,23.0559512151454,18.5
9.759152709174582,22.544555741691504,18.499999999999996
10.15606866582893,22.701333031218667,18.5
9.262226878251905,22.577653078877937,18.500000000000004
5.982901505942186,23.075361171268764,18.5
5.38054595472294,23.07285936716784,18.5
8.136046272211596,22.68507030176127,18.5
7.201346304147737,23.30602928248051,18.500000000000004
7.353836920603001,22.817281095733293,18.5
8.67673403649032,23.32271803574533,18.500000000000004
7.8177920624693344,22.82035329325753,18.500000000000004
7.3555249321936484,22.964558118456516,18.5
5.956113418206286,21.809231976205485,18.5
8.571797135387198,21.57731331236889,18.5
9.158291090741617,22.307092821222657,18.500000000000004
11.119324115146771,23.025571252167822,18.5
7.262323044381954,21.57161519580794,18.499999999999996
10.495345751235343,22.055115592,18.499999999999996
9.716323782617206,22.096551833415628,18.500000000000004
8.492524493070423,22.33425244110663,18.5
9.112108285355845,22.304621033535888,18.5
5.495378846394944,23.564180857001247,18.5
9.768439826257882,22.482840828315645,18.5
8.581884399649617,21.32387342052757,18.499999999999996
5.318208130877402,21.044279950825768,18.5
5.34902844380033,22.832839870374986,18.5
9.649574423337803,21.810478813204643,18.5
4.1253779,19.551705221014828,18.5
4.1253779,20.493491646626815,18.5
4.1253779,19.551705221014828,18.5
4.125377900000001,21.04162466873079,18.500000000000004
6.7839465015855165,20.72527365795398,18.5
7.830398255827216,21.043954482834803,18.5
4.125377900000001,20.792839616824146,18.500000000000004
5.82781926051419,20.80213050496574,18.5
4.1253779,21.264817722998096,18.5
4.1253779,18.978172576957064,18.5
4.125377899999999,19.75768235606079,18.5
9.164981253299112,20.67418804515727,18.499999999999996
5.411056117092234,19.758820738470835,18.5
4.1253779,19.79158125717042,18.5
5.319305571597454,20.04554895477178,18.5
4.1253779,20.772852438106582,18.499999999999996
5.559490929146975,21.246528761988756,18.5
5.3928513445956385,21.263925775058745,18.5
6.623032461350403,21.272112819056307,18.5
4.1253779,19.52852982429498,18.5
5.901188741522645,20.71157426927269,18.499999999999996
4.1253779,20.23493465374154,18.500000000000004
4.1253779,19.222556344905726,18.5
4.1253779,19.365457664874473,18.5
4.1253779,19.364657434082226,18.499999999999996
4.125377899999999,19.242084761543754,18.5
5.185183547028491,19.5868669501494,18.5
4.125377900000001,19.15734143607562,18.500000000000004
4.125377900000001,19.707588189588915,18.500000000000004
4.1253779,18.735722290893055,18.5
4.125377899999999,18.22065312011767,18.499999999999996
4.1253779,19.49771208025978,18.500000000000004
4.125377899999999,19.76858147553259,18.5
6.581943774537969,19.00903897070229,18.5
4.1253779,20.294156988138514,18.5
6.547441808893167,21.282066726284285,18.5
6.568555051470347,21.544856353715623,18.499999999999996
5.904600088535793,20.0215578114934,18.500000000000004
7.903823389787716,29.207532020000002,18.500000000000004
8.51491789,28.840485310626224,18.5
8.514917889999998,28.741886758991402,18.5
7.957708064647174,29.207532020000002,18.500000000000004
7.250255692617053,25.797822112464328,18.5
7.367039253300222,29.20753202,18.5
7.293718041293207,29.20753202,18.499999999999996
6.693798181202384,28.716871952812447,18.499999999999996
6.026558828286931,27.659465750063404,18.5
6.057119862742907,28.251917252769093,18.500000000000004
6.660127812208467,27.17214868449422,18.499999999999996
5.936677243498599,27.89933814875757,18.499999999999993
6.435420558582296,28.269807426517637,18.5
7.933095195171883,25.648304010615405,18.500000000000004
6.687364898753806,28.131689601351408,18.5
5.946050653646871,28.23049986977905,18.5
5.448396505364476,27.419427919999993,18.499999999999996
6.763875144883071,27.881538339411343,18.5
6.003737229111611,23.53891754837195,18.500000000000004
7.918775025812442,25.35167198483737,18.5
5.408457968893184,27.192879622836898,18.500000000000004
6.392722646429861,26.815039087211893,18.5
7.921286567759383,25.137899341969245,18.5
6.4035137275160485,28.30948932630438,18.5
7.83132603030106,27.37390749518039,18.5
7.401515531976922,23.27762266409261,18.5
7.210164764180555,25.057548866276363,18.5
7.197932232057935,25.069439122692938,18.5
6.664761897853754,22.595020415960896,18.5
6.730044617488463,23.791631735332036,18.5
7.92519797982396,21.63243116760156,18.499999999999996
9.871218050244252,22.847687616598094,18.499999999999996
7.391495365884619,23.758362752051482,18.5
7.345516752535424,22.1334647007611,18.5
7.906722601432704,25.44480080339593,18.5
7.9209538439459894,21.641615248793574,18.500000000000004
7.296685938061036,25.528578938288383,18.5
7.960659490512066,22.592087175948453,18.500000000000004
7.954176301100181,22.581606151571872,18.5
7.960623187244243,22.571563204834778,18.5
7.952880171132389,22.580791037847142,18.5
7.909571649062958,23.025579245127442,18.5
6.123014926637541,23.017685813321563,18.5
8.514917889999998,22.318505026649785,18.499999999999996
7.128799274196096,21.59599521736404,18.5
8.51491789,21.83290666447281,18.5
7.263398330239291,22.56745928744336,18.499999999999996
8.51491789,21.850238147073416,18.5
7.896556748533975,21.561354305364272,18.499999999999996
7.98522195927403,21.86530723933571,18.499999999999996
6.200870811739529,22.832665218496516,18.499999999999996
7.965623964177341,22.634873499343257,18.500000000000004
7.133692449469394,23.006664258243134,18.5
8.51491789,22.11815894089678,18.500000000000004
7.3184961538632916,21.23354356988246,18.5
8.51491789,21.567289699508425,18.499999999999996
7.943622348010893,22.053379895504666,18.5
7.916832029694369,22.545924265407,18.5
7.94635945778217,22.04154202069363,18.5
8.51491789,22.073550066972334,18.5
7.949609744249152,22.045049482855557,18.500000000000004
7.94819501569195,22.555825443316248,18.5
7.95272005660249,22.554717710097126,18.499999999999996
7.944944358114153,22.552844862315435,18.500000000000004
8.51491789,22.07960575460192,18.500000000000004
7.901085433962796,21.319058060486952,18.499999999999996
7.958989933698548,22.52581607003023,18.500000000000004
7.890285430027142,21.817737795443144,18.5
7.36720498589671,23.03220298784658,18.5
10.304866880338007,22.792550638206585,18.5
9.026244363273767,22.515658600778085,18.5
8.514917890000001,22.333715716544713,18.5
8.027763708358817,21.25332161566765,18.5
7.341146213964113,20.784331815310562,18.5
9.096780176480651,22.53976926683099,18.5
6.742510625285462,23.03640966912331,18.499999999999996
6.789792951134215,22.249545863009452,18.499999999999996
8.016422190026207,21.835443851733867,18.5
8.51491789,22.08618654349771,18.5
7.9005377418959375,22.576690978176405,18.5
8.536052092486432,22.466275197420362,18.5
7.928395652125609,21.546729226229424,18.5
8.51491789,21.841488522115796,18.5
8.51491789,21.838461909333816,18.5
7.94228830102991,22.56726058812439,18.499999999999996
7.981842708919253,22.058533409388644,18.5
8.51491789,21.80341158861852,18.5
8.019889361576318,21.847845209225355,18.5
7.935931246212134,22.541812736800846,18.5
7.284857174084808,21.31130590860218,18.500000000000004
7.284788490834189,21.291737975129465,18.5
8.504380402785905,20.99081815772052,18.5
8.502105025723381,21.56949627422305,18.5
6.697292688170856,22.04781856183736,18.5
7.930399118688794,21.567658342778877,18.5
6.343332144803151,21.888222231090943,18.5
6.84522086193282,20.909652230559388,18.5
7.920525894345293,21.553972830032375,18.5
6.277231627000226,21.175634926707627,18.5
6.6225314299617635,20.47748701022734,18.500000000000004
6.640400673434102,21.826533913374412,18.499999999999996
6.301680711804443,21.613795549180026,18.5
7.307711191102397,20.78119030859819,18.500000000000004
7.29433384011692,20.76726010410933,18.5
7.3190275037760255,21.757950307565256,18.500000000000004
7.322873246053247,21.755188898253113,18.500000000000004
7.270012467546883,22.09002630180557,18.5
7.268921789426014,22.573735944578072,18.499999999999996
9.178163716636679,21.294158671948317,18.5
7.977479142507463,20.563099591135046,18.5
7.9065745576259445,20.774950837475707,18.5
8.497383774792322,22.328058434972633,18.5
9.030364804547292,22.22606842685526,18.5
7.309435655196137,21.775348308151976,18.500000000000004
7.509269226394805,23.14206453859878,18.5
7.305592634598133,22.061385726353798,18.5
6.449386342343974,22.89436469733125,18.5
7.326008340648867,23.06335402039195,18.5
7.947067106618667,23.268813845921045,18.5
7.285611017026703,23.09475925411572,18.5
7.295391642703357,22.319070583568266,18.5
5.711356259343712,25.22132686215366,18.5
4.7357308994524745,25.94763537138486,18.5
5.370137747827112,25.113681579304995,18.5
5.326218948782036,25.435121874490733,18.500000000000004
4.1253779,27.93077663246905,18.5
5.5613490842348625,24.7973371498175,18.5
6.0132168751880055,23.066144805307214,18.5
4.736756998877981,24.638259067404316,18.500000000000004
7.963741888857355,22.583914784395922,18.5
7.309616181829357,21.793990879231256,18.499999999999996
6.1821592510782,23.056084510037696,18.5
4.711193515711545,24.691109960986385,18.499999999999996
5.325486568758398,26.39491322738265,18.500000000000004
9.04705090733204,22.455019411948854,18.5
5.342426875483587,25.888858437872525,18.5
4.735434058931308,24.913573666556793,18.500000000000004
9.793030259138867,22.313477291920574,18.5
9.012979741840038,22.8776513593839,18.5
4.756694713082132,24.890785707631565,18.5
4.722899220750113,28.439195887016,18.499999999999996
6.6220049554659015,24.641524566935317,18.500000000000004
5.289299072820024,26.463795560801593,18.5
4.701806361540806,26.72066900752918,18.500000000000004
4.646919338334689,25.234051213966257,18.5
8.381790582525376,23.897018918919823,18.499999999999996
4.752396657706575,25.156221508342508,18.499999999999996
4.756384975623544,27.410218668242766,18.500000000000004
7.305869421595976,22.305691935946793,18.500000000000004
7.407819844546887,22.76483674294052,18.499999999999996
5.211814820611013,24.777773720657724,18.5
7.305368219661825,22.313233667728177,18.5
6.102389355400035,23.799862640246747,18.499999999999996
5.527751215611175,24.599971650549836,18.5
7.296316156322118,25.852575527214306,18.5
5.398291707678274,25.857605053341,18.500000000000007
6.623516192764035,22.87030012540266,18.499999999999993
7.203054356093464,27.90830238192907,18.5
4.74507920510346,26.158751156969174,18.499999999999996
5.402245032464358,25.085248661689462,18.5
5.974489667221467,23.087965963344416,18.500000000000004
6.611900730459803,25.363035676119846,18.500000000000004
5.333923692231215,26.947742425589134,18.5
7.456826176632071,25.088882738921015,18.5
5.442697318583453,28.188546935187127,18.5
5.52538002382367,24.536891500568633,18.499999999999996
5.356700700087198,28.194781506657087,18.5
5.187166782662617,24.707950090197965,18.5
5.366096014078753,28.19697910700844,18.499999999999996
6.5741655301000845,28.24970877716467,18.500000000000004
7.883273240169416,25.55151396790497,18.500000000000004
7.28089401691307,27.912984425203938,18.5
5.960637145691566,28.404877161169754,18.5
6.752796047903337,27.88215040546618,18.500000000000004
7.2237663807185735,26.4798025163974,18.499999999999996
6.586393101284751,27.97994248005501,18.499999999999996
6.534895619156584,27.645718273174474,18.499999999999996
6.777324834112459,27.658460322337895,18.5
5.2320822639222575,28.67300145455802,18.499999999999996
5.905697760447933,28.448902678011148,18.5
7.273373731057843,27.92483843193013,18.500000000000004
4.677024450444899,27.032061948226694,18.5
6.682626717149274,27.95599469235308,18.5
5.989410860922793,28.19840714250793,18.5
7.507523244294635,27.076951297829815,18.500000000000004
6.639955173876353,27.96304993058831,18.5
6.060751310420464,27.698015610264058,18.5
4.6821403463570626,27.061786142805957,18.499999999999996
6.638396638538174,27.925009747222145,18.5
6.633101473519515,27.94920182546197,18.5
4.1253779,26.73105912479003,18.5
6.6661683552809965,27.93693399786009,18.5
5.382021439076644,27.93132881840404,18.5
6.749993845760029,28.725051129174407,18.5
6.659315710674212,28.699071001314444,18.500000000000004
4.739411947903641,28.425023047084725,18.5
5.493768409305799,27.976849582785853,18.500000000000004
7.287014137587809,29.207532020000006,18.500000000000004
6.630135296474795,27.94532319908992,18.5
7.34608701296532,28.73140210930466,18.5
6.6622146772279836,28.452822820770038,18.5
6.650642300387222,26.33411165256696,18.5
6.705067015877145,27.496955111094103,18.5
8.51491789,27.774620456539154,18.500000000000004
5.303164338761382,18.974197387176872,18.5
5.1688864714132725,19.83137324939899,18.5
4.1253779,19.474497825627097,18.500000000000004
6.2711015196335484,18.471204298589708,18.5
5.336569510063708,19.487724199353067,18.5
6.644650192239599,19.188240243371187,18.500000000000004
4.1253779,19.738628928780987,18.5
4.125377900000001,20.683352574239382,18.500000000000007
6.108221082531085,19.1982284049671,18.5
5.933816519054973,19.239665394558152,18.500000000000004
6.01889152310829,19.51611143661486,18.500000000000004
6.069206587812497,19.485633757708335,18.500000000000004
4.1253779,20.78553072767835,18.5
4.1253779,22.608909259119592,18.5
9.010661351659673,22.055115591999996,18.5
4.1253779,23.112657298717266,18.5
4.1253779,22.57778699848997,18.499999999999996
4.1253779,21.782388165400963,18.5
4.1253779,23.122649887670363,18.5
5.428348887010016,20.243869143152903,18.5
7.8537644025109286,19.254417916107958,18.5
4.1253779,19.990280892336038,18.5
6.013277391917593,19.975329031543367,18.5
4.650672168695379,21.17609079856873,18.5
4.1253779,23.113646334321658,18.500000000000004
4.1253779,22.81906442856353,18.5
5.312540839007316,22.558937700492248,18.5
4.1253779,23.606333764847683,18.499999999999996
5.1434616748695134,23.430258498135537,18.5
4.1253779,23.608376039484334,18.499999999999996
4.1253779,23.622223991946385,18.5
9.830933572955988,22.566290230085162,18.5
6.562833349529778,21.807824100756022,18.5
7.393392737629935,21.822868371251303,18.5
6.745390865121796,21.296709773333507,18.5
7.2789785193846726,22.554310895174464,18.499999999999996
7.872705834559372,21.300280718981035,18.500000000000004
4.1253779,23.595761999210477,18.5
5.3134739318668025,23.59474438737492,18.499999999999996
4.125377900000001,23.340214624349368,18.500000000000004
4.663444639495165,23.624035150033183,18.5
5.206334160540816,23.62305285627096,18.499999999999996
7.900649809180627,22.811191312178025,18.5
6.772254811443191,23.307309577951678,18.499999999999993
7.97887168940351,23.299577930101997,18.5
5.484365184452817,23.31624790979542,18.5
10.991122040900178,23.023401541952516,18.499999999999996
5.384962406315845,23.586670239777803,18.5
9.194897005683378,22.482557591466794,18.5
8.598978957166699,22.844725832176806,18.5
4.125377899999999,23.59655602348987,18.499999999999996
5.2249195036679925,23.619267433599113,18.5
4.1253779,23.569330854887163,18.5
4.1253779,23.624353970031315,18.500000000000004
4.1253779,24.321891751249254,18.500000000000004
6.947355840680988,22.714128646556595,18.5
5.413866296065359,23.318346615493756,18.499999999999996
5.348017598880665,23.849537195526548,18.5
6.91347963409742,22.709378396088162,18.5
5.3879580944029035,23.87171017730962,18.5
4.1253779,23.61717306433122,18.500000000000004
6.565376771622318,23.06214448955468,18.5
7.9723360971693085,23.076623893111645,18.5
4.7188265935314915,24.33913231391763,18.5
9.539095365109548,22.70708037964095,18.499999999999996
10.192933220851323,23.197537364822534,18.5
4.1253779,25.410201123756952,18.5
10.950705940969394,23.36049724412727,18.499999999999996
4.125377900000001,26.190389746805515,18.5
4.1253779,24.86387764127257,18.500000000000004
5.819291396516634,27.65449009687484,18.5
4.657843126616706,27.6290708350778,18.500000000000004
10.355383497607626,22.552853402115716,18.5
7.512147686037131,26.83718248758801,18.5
5.336537158561805,26.65987616266656,18.5
5.3453061092774705,26.140955982410667,18.5
5.386000899982477,26.730661147838163,18.500000000000004
5.763539591316887,26.79781410752571,18.499999999999996
6.0630055046013185,26.759023581449974,18.5
5.4097049038086125,27.957409874562504,18.5
5.474998947658977,27.93204648520016,18.5
6.031056925535461,27.987767791100737,18.499999999999996
7.803012904359639,28.160899503009894,18.499999999999996
4.664332679276819,26.74935933513776,18.5
5.422285977685515,27.966021710435935,18.499999999999996
7.295822585533202,28.701403250628758,18.5
4.701090486482735,27.667945873129767,18.5
7.044149017562485,28.123821400784408,18.5
6.495270438795481,28.170331775679397,18.500000000000004
5.8770087730770575,28.191906175596717,18.5
4.678655184025598,28.207806595324563,18.5
6.605571872894899,28.4120090986543,18.5
7.184869966669005,28.714958132400366,18.5
5.321573705376115,28.4229241541531,18.5
7.802757617139875,28.515915508116514,18.5
7.98043035659402,27.69087288625578,18.5
6.742880097416364,27.851896858235715,18.499999999999996
6.695267490800994,28.179263205238115,18.5
6.5439507345080425,27.66570854923988,18.5
5.0106666676419644,28.151905876605326,18.5
4.1253779,26.771005684201768,18.5
6.5952852827156105,27.417773986717258,18.5
7.187721707818589,25.226645855982056,11.1
5.347329167770024,24.364576211058445,18.5
5.387292168951554,24.848941398276693,17.43631615026686
5.181628034762712,24.069661974715373,18.5
5.198641282143308,24.0639601859424,18.499999999999996
4.1253779,24.334431228872365,18.5
6.714519681612188,27.19589643553123,11.1
4.740309428821679,24.866174960343244,14.294704618745902
7.946595042336466,26.681706179524678,12.09966084129912
10.070770060556697,26.51179838165583,12.97809494597795
4.744869325330735,26.937567235704158,11.100000000000001
4.7369246897503805,26.099926058838044,11.1
4.8534532113043545,27.585173275327584,11.1
4.751174734127531,26.38810275261892,11.1
5.244922602236105,26.2394737566582,11.1
4.1253779,25.827038844194796,12.062855438015491
4.743014041522514,26.575673827019727,11.1
4.125377900000001,26.178649651265754,11.1
6.040542276873031,24.055170302166683,17.503413514491648
9.107346555969082,26.40021900215779,11.099999999999998
8.027233697512502,26.095152283171075,11.099999999999998
4.1253779,24.327990051616375,18.5
7.83068505494258,25.870569082423764,11.1
4.831429784361419,24.89980468814125,17.30971947944948
7.261272136370538,26.13229132708785,12.13669173768189
4.732798616789484,25.151863568754134,12.884102022421215
4.710855095734225,25.17061315696658,14.253125004508231
6.0017477092458735,24.881601851215926,12.09740645989558
8.0106329952696,25.613804612727915,12.897071504590436
6.302914992697446,25.3880252177294,11.099999999999998
4.940440222296141,25.317218511136872,11.099999999999998
4.1253779,25.778444824149222,11.099999999999998
5.251269954135196,24.400858606220513,11.1
4.125377899999999,26.336517663263596,11.1
4.724097096924712,24.837339500684415,11.099999999999998
5.277625395833818,24.363637703747386,11.100000000000001
7.3294334608616385,25.185629003436983,11.099999999999998
7.876473151072361,25.629776254953953,11.099999999999998
5.314616599537535,24.83926642888417,11.099999999999998
4.1253779,22.802776227743436,18.5
4.125377899999999,24.09817933171152,15.369813150473961
5.218181323742287,24.308402345792548,11.965041612987957
4.125377899999999,24.33697942066197,11.099999999999998
5.275790261186059,23.629718461407194,11.1
5.3514804457309735,24.405479972120002,11.100000000000001
4.711171631042301,24.895332951652897,11.100000000000001
5.720281410822258,24.533136170247964,11.099999999999998
6.311956145314774,25.15486518686743,11.1
4.725891477628554,24.568708825913987,11.1
5.347870200002565,24.3183539152287,11.100000000000003
6.07653594199329,23.8390567896538,11.099999999999998
5.518994138267318,23.83444174974736,11.1
5.408768360623202,23.598784927824536,11.100000000000001
5.252125405904278,24.490331153676298,11.099999999999998
5.325659386216182,21.81122810780869,18.5
8.454904124842994,24.135218282554373,11.1
7.953628540911527,23.20069789918447,15.665357964054
6.305891895574321,23.417072939007106,13.01778025789828
6.68006139892459,22.574352587702798,14.329082865838227
6.689042847856782,22.05060704080855,17.47324847873847
4.125377899999999,23.3601159829809,13.139664447051661
5.319644061380616,23.89466863556236,11.1
5.2961975672491315,23.913758260317863,11.099999999999998
5.317655966498392,24.67260072628654,11.100000000000001
4.125377899999999,24.180687000187735,11.1
4.1253779,24.381693850075667,11.099999999999998
4.1253779,24.603247848082443,11.1
4.1253779,24.88596111469414,11.1
4.125377900000001,24.385273417112277,11.1
4.1253779,24.832498301042715,11.1
4.125377900000001,23.8324600570366,11.1
4.631045487208235,24.029144677122392,11.1
6.940462528211131,22.50548232081393,12.894581759361635
6.5694251495798355,20.263829489435842,16.42047961295585
9.689105790349828,22.2967521263518,12.892471258282352
7.990561391622366,22.535458435807833,13.19869779359312
7.028597267090034,21.26038997390461,15.228485479249784
11.870182732915847,22.058620581376992,11.1
4.748488279072448,24.396411500136054,11.099999999999998
4.758280546147566,24.114227437686896,11.1
4.1253779,23.39299654487143,11.100000000000001
4.1253779,23.046502690625836,13.286507052879832
5.236904402392603,24.307179841322924,11.099999999999998
4.1253779,23.340018673227828,13.2183822207146
4.1253779,24.60211410157117,11.100000000000001
4.1253779,24.548770353662977,11.099999999999998
4.1253779,24.6336584457759,11.099999999999998
5.26351423868851,23.612848193664504,11.100000000000001
4.1253779,24.352721429215183,11.1
4.125377899999999,23.361148706081952,11.099999999999998
5.375755178770523,20.97447391577048,15.164661015472648
11.630965076795063,19.74824694062705,11.1
8.945326135756988,19.974215610135275,13.225478872450601
10.7299340835214,20.501892490767936,11.100000000000001
10.394399664801561,19.244524979320513,11.100000000000001
10.427462412855164,20.012018010465905,11.100000000000003
6.6733703167302005,18.733533116362242,11.100000000000001
11.062896243155947,20.522017352963807,11.100000000000001
6.729106975801056,19.011003184654136,11.1
5.796911873114431,20.68971416668417,11.1
9.735751993683778,19.75804530993795,11.1
8.51491789,19.2677353407619,11.1
5.998911108197291,22.30255631389739,11.1
4.6778460351795825,20.28940736618585,11.100000000000001
8.51491789,19.301486661887562,11.1
4.778682051806671,21.249927246517043,11.100000000000003
6.5138662442101305,20.75753705456485,11.100000000000001
4.1253779,21.106820235235386,11.1
10.735205141329489,18.43999105287373,11.100000000000001
11.616671702440852,18.984562727666795,11.1
12.212656767148973,19.238552379407064,11.1
10.274621858955392,18.21262347336961,11.100000000000001
10.723036245207698,18.920467485004682,11.1
10.722928957978628,18.920161038829022,11.099999999999998
8.514917889999998,18.73897710444961,11.1
8.514917890000001,18.702157047490456,11.100000000000003
7.463152918966261,18.948299103430642,11.1
8.514917890000001,18.478907377,11.100000000000003
4.668405675016962,19.162387367076768,11.1
7.8316341259651665,18.982082707273584,11.1
6.935470087965866,19.05302716160633,11.100000000000001
6.5214744800586075,18.737641701410414,11.099999999999998
7.431840582292868,18.694593725446175,11.100000000000001
5.831449131490938,18.941589943349484,11.1
4.737184979222748,18.71802106512282,11.099999999999998
6.486530020815941,19.21942211172311,11.1
9.165352850238303,18.21394899266176,11.100000000000001
9.73837480144973,17.9805252383056,11.100000000000001
9.466560186896334,18.276248025429766,11.1
8.57120187708318,18.221554646752196,11.100000000000001
9.228304798055234,18.188305158298355,11.1
7.207118225806633,18.20659936027619,11.1
9.10587577567011,18.23817731762292,11.100000000000001
9.792407014869504,17.95851490853385,11.100000000000001
9.186048626007064,18.20551845056988,11.1
9.100729572870323,18.240273652633586,11.100000000000001
9.173115481513083,18.210786840615036,11.1
9.132716732291613,18.227243501122775,11.100000000000001
7.801684077090072,18.478907377,11.099999999999998
4.1253779,19.4370980360844,13.473214805112523
6.027031043659896,18.478907377,11.100000000000001
8.51491789,18.478907377,11.1
4.734738597055069,18.232279706234156,11.1
4.1253779,18.011300096675534,11.100000000000001
7.8836848760405,18.478907377,11.099999999999998
5.768725576833804,18.478907377,11.1
4.698233141989565,17.975574099765744,11.1
5.963943040657354,18.478907376999995,11.099999999999998
5.253464961691759,18.23615778378259,11.099999999999998
4.1253779,17.774759883282968,11.100000000000001
8.51491789,18.478907377,11.1
8.514917889999998,18.478907377,11.099999999999998
10.409866419057415,17.46615348013034,11.1
9.85480814942645,17.68811694477795,11.1
8.51491789,17.949149217081764,11.099999999999998
9.847540097083101,17.936056133591077,11.100000000000001
9.172847321657585,18.210896077058955,11.1
4.727938227407574,18.478907377000002,11.100000000000001
8.60313268770807,17.951147322473695,11.1
9.58536150745919,18.25953590136873,11.100000000000001
6.738781153555218,18.478907377,11.099999999999998
7.337285370492246,17.996417840451514,11.1
5.330958274501674,19.704575749085052,11.099999999999998
5.24692834162559,18.962039738105474,11.1
5.883975531973467,18.478907377,11.099999999999998
4.1253779,19.418655776321092,11.100000000000001
4.125377899999999,18.05272017570068,11.099999999999998
7.841613910909343,18.710507805205488,11.099999999999998
6.583208539604081,19.20785134114186,11.1
7.308386225304844,18.478907376999995,11.099999999999998
8.51491789,18.478907377,11.1
8.51491789,18.478907377,11.099999999999998
8.51491789,18.478907377,11.1
8.51491789,18.478907377000002,11.1
10.398798692357913,19.756664216621342,11.1
12.90445788,20.05223559603174,11.1
9.121266068794933,19.21036921160296,11.1
5.410604124787076,18.478907377,11.1
11.064735077670194,19.51372692877072,11.100000000000001
9.642331034573468,18.93816554068403,11.099999999999998
4.581705464784681,22.25946243538754,11.100000000000001
4.1253779,21.49592823558501,11.1
4.1253779,23.05703546461525,11.1
4.1253779,21.288552671728713,11.1
4.1253779,21.795909379761216,11.099999999999998
4.1253779,20.266111973658507,11.099999999999998
6.401348263291111,21.18512885579108,11.1
8.51491789,19.274676240494767,11.099999999999998
8.514917890000001,19.60030321029935,11.1
7.922345618471244,20.271481530545877,11.1
5.571291158493231,22.257051039211074,11.099999999999998
5.405284191533485,22.773994003255694,11.1
10.386562019767762,20.267011485,11.100000000000001
11.7707753358832,20.036105465357707,11.099999999999998
12.312593640308481,20.27019427904339,11.1
11.018401231440127,20.01150738624356,11.099999999999998
10.41679760373474,20.255662383400868,11.100000000000001
9.089734725829075,20.470869882475284,11.099999999999998
4.624411042547624,22.46726548561814,11.099999999999998
4.1253779,23.5723781871028,11.099999999999996
4.1253779,23.072560002956966,11.099999999999998
4.1253779,21.766487672445827,11.100000000000001
4.1253779,21.464278945897128,11.1
4.1253779,22.00174819108553,11.1
5.8403368438000225,22.971929117215886,11.099999999999998
4.1253779,24.344638875965423,11.100000000000001
4.125377899999999,24.343761696684904,11.099999999999998
4.1253779,24.34726333711193,11.1
4.1253779,23.858351717085764,11.100000000000001
5.335117725090804,22.80767843564491,11.1
9.319362295917319,22.74960852408736,11.099999999999998
7.245693075746359,24.097747583009703,11.1
7.845241149996793,21.568935672981418,15.82273138881937
12.317931243371037,22.53613005657207,11.1
11.067269129188283,22.566627654852496,11.100000000000001
9.294140538213497,23.522157959148487,11.1
4.125377899999999,23.678963276815338,11.099999999999998
4.1253779,24.65679322822314,11.1
4.1253779,24.556697336238347,11.1
4.1253779,24.123633912882056,11.1
4.1253779,24.104284077133943,11.100000000000001
4.1253779,23.932926256365352,11.1
5.1159864594273765,24.119192564847097,11.100000000000001
5.390756837429804,24.10557219810554,11.099999999999998
4.673949271220431,24.11346630364377,11.099999999999998
4.7421253901784945,23.893472404775572,11.1
4.698678248331807,24.222468236149524,11.100000000000001
4.125377899999999,24.28609306279333,11.099999999999998
4.1253779,24.092047776801707,12.20287079456697
7.002143967847801,23.792335190777052,11.1
4.1253779,24.359382405821748,11.099999999999998
5.29005941967661,24.114828089195534,11.099999999999998
5.259732985199016,24.14267253489743,12.113725281713188
5.442779071112965,24.608170461081905,11.099999999999996
4.680814292052883,24.129158129976723,11.099999999999998
4.1253779,24.59542746996574,11.100000000000001
4.125377900000001,24.183388157872937,11.100000000000001
4.1253779,24.210172761354553,11.100000000000001
5.408626709927725,24.076805518943885,11.099999999999998
5.289398085574727,24.333817256548144,11.1
4.1253779,24.247867171883385,11.100000000000001
4.710055978947313,24.092294323605834,11.099999999999998
5.207658629668096,24.28647905000297,11.1
6.388432848652046,24.473690461064994,11.099999999999998
6.372275695923744,23.843219699999995,11.1
5.332242918949181,23.870842561805997,11.100000000000001
4.1253779,24.089276975642317,11.958205933919707
7.336042026075405,24.607864770940125,11.1
5.448761412284208,22.539540370577964,14.331375539240057
7.2245157776824325,24.618345298764687,11.1
6.634477059368347,24.61923457690962,11.099999999999998
5.896675514135681,24.568963508785245,11.1
4.788901790034197,26.592355128255992,11.100000000000001
4.125377900000001,24.872508116067074,11.100000000000001
4.1253779,26.376372099132038,11.100000000000001
4.691519751980952,26.458681942130017,11.1
4.1253779,26.201180590946034,11.099999999999998
5.184482430461065,26.552902886188733,11.100000000000001
4.125377899999999,24.319917702391514,11.1
5.287468480865441,25.81513109742007,11.099999999999998
4.821500780055944,25.532232832090852,11.1
5.4238746386978995,26.368024436845182,11.100000000000001
5.340107083278191,24.843214555940445,11.1
5.3984235789767085,25.92901458563544,11.100000000000001
5.590184946565541,25.036614682748887,15.082271661068553
9.799990451419097,26.391010062823582,11.099999999999998
8.523199443940756,26.43144186486951,11.100000000000001
7.837844215892005,25.911676373023063,14.219885857101843
9.094943596656409,26.944040473191453,11.100000000000001
11.052849970870263,26.21065366565397,12.107351579344332
4.1253779,26.36466232922021,11.099999999999998
4.1253779,25.343079549958357,11.099999999999998
4.1253779,26.34966680927153,11.100000000000001
4.1253779,26.477047119853815,11.1
4.761199991548272,26.625975909631578,11.100000000000001
4.1253779,26.206843030007267,11.1
4.125377899999999,26.68835345281045,11.099999999999998
4.713540677990024,26.116685390782017,11.099999999999998
5.4300955284043635,24.613804999232336,11.100000000000001
4.694758117766953,26.12562520701281,11.100000000000001
5.945408106758297,25.74828047814327,11.1
4.1253779,26.73360754401507,11.099999999999998
8.558478743253872,26.54921293950023,12.900675592568916
5.461493476773963,26.14262218453096,11.1
10.509529593322986,27.419427920000004,11.100000000000001
5.345876976878645,25.06488121746828,15.407394075629735
10.415606687723034,27.419427920000004,11.1
4.1253779,23.812566444380195,17.482390912298765
6.588055328637527,25.63398469144809,18.5
5.339512500041874,27.91993551960917,18.5
6.439330348091747,27.663238057924243,18.5
4.1253779,25.95523269766214,18.500000000000004
7.959751029023945,26.929509363171853,18.5
7.505876424783702,27.90199134315095,18.5
4.1253779,28.23506794036524,18.500000000000004
4.740091707144758,28.196908023576928,18.499999999999996
4.1253779,26.416877173244973,18.500000000000004
4.1253779,27.915395214944496,18.5
5.309870007077168,27.419427919999997,18.5
6.637741601643931,27.652894135627378,18.5
6.569163190648975,28.59774863924673,18.499999999999996
7.279180706187807,28.976033941918068,18.499999999999996
5.752519150804976,27.82622177874395,18.499999999999996
6.0883394800500765,27.95318305234556,18.5
7.254529139943076,27.902232278139255,18.5
5.300396088555948,27.87874155762022,18.500000000000004
6.608170856368639,24.58027389404878,18.5
4.780439078979211,24.607465326843275,18.499999999999996
9.801851742026814,27.152421564039855,18.5
4.1253779,23.587381423961006,18.5
4.1253779,24.857512738940756,18.5
5.372598598721154,23.589188473488047,18.500000000000004
9.039766735713146,26.124572099342984,18.499999999999996
5.4192745716560085,24.617595956097663,18.500000000000004
8.62487961706385,24.267613249121304,18.5
8.385430655505816,24.12929783490819,18.5
7.632851339785761,25.39674636538054,18.5
8.05975265298106,24.03084745069575,18.5
5.240339098403515,26.149821437345153,18.5
4.715460207915094,26.413826919773797,18.5
6.15581721961728,26.478122312502467,18.5
6.492858322360299,27.41942792,18.5
5.4366460147875,26.438832838450264,18.5
6.921836625529854,25.971658262452483,18.5
9.060927960756917,24.074578569671893,18.5
4.753517659707634,24.099096007892488,18.500000000000004
6.552454250574835,24.117420528303548,18.499999999999996
7.5461070913770385,23.380402998217104,18.499999999999996
4.125377899999999,23.8432197,18.5
5.917023471306059,24.1190955260272,18.5
6.589320680636645,22.57635848244979,18.5
7.436511219866708,22.60745691985217,18.5
9.691335666870906,22.29275627932301,18.5
11.066340792953886,23.289617057633578,18.500000000000004
10.289901933180316,23.595201469430453,18.499999999999996
6.906338345991884,23.860653112785112,18.5
4.1253779,23.628168776433053,18.499999999999996
4.706255169648393,23.805136065857383,18.500000000000004
4.714117015786973,23.843219700268246,18.5
5.456863569674903,23.291247827642643,18.500000000000004
6.206904863805297,23.02260119783977,18.5
4.7342918505293845,23.78905295657517,18.5
9.208715001089159,22.055115592,18.5
7.880434907938601,22.056864044169007,18.499999999999996
6.80203738447417,22.26505642743731,18.5
8.54799731519085,22.552963969808758,18.5
7.846042047803463,22.55334386386467,18.5
8.440508464460507,22.567901232110653,18.5
4.738897745293286,23.260496702432956,18.5
6.511322437156035,22.57719759674239,18.5
8.495889219128019,22.825749263288458,18.500000000000004
7.383017595083211,22.687850834057564,18.5
5.40333228257124,23.29261216435694,18.500000000000004
7.85321999872316,22.81673005961939,18.5
6.517628999772402,22.559902917666207,18.499999999999996
5.17170044033708,22.71777932775261,18.5
5.316322762142317,23.026808971570535,18.499999999999996
5.236418206609397,23.123795929297927,18.5
4.785574714361805,23.527083335828955,18.5
4.708804137798643,23.49234606416814,18.500000000000004
6.6218967886001305,20.79530478796273,18.5
7.314849747716396,21.794160606617385,18.5
5.912399635083965,21.781275179507645,18.500000000000004
5.728839138744145,21.82527966805862,18.5
7.427942204356855,22.306570995505222,18.499999999999996
6.538990872727037,22.534279478987226,18.499999999999996
4.684862212039588,22.718135146984988,18.5
4.874555605650575,22.580833405512074,18.5
5.411979439467909,23.317676998892214,18.499999999999996
6.59467384314061,22.809403987883847,18.5
8.550858022897117,23.036327738315578,18.5
6.931308112274643,22.73410812920216,18.5
7.00302551139869,22.907626752968266,18.5
5.266563825212388,22.306499745993523,18.500000000000004
5.49756377337439,22.040543576222007,18.5
5.516711446216302,22.296220074170495,18.5
5.497091465769671,23.004878498773685,18.499999999999996
5.278098973770551,21.62279949929946,18.5
4.125377899999999,19.569301329770955,18.5
4.1253779,20.040017064011398,18.500000000000004
4.1253779,20.018901527968087,18.5
4.1253779,19.571455177032703,18.5
4.1253779,20.249008438854183,18.5
4.703357197058407,20.27388536598173,18.5
4.125377900000001,20.795725108953608,18.500000000000004
4.1253779,20.26701148485121,18.5
4.125377899999999,21.336093581621135,18.5
4.630557578803506,21.611665207169903,18.5
4.125377899999999,21.228206990749133,18.5
4.707276798761013,20.755852033621508,18.5
6.439340768777285,22.316018606677854,18.5
5.033976348313225,21.658766687717918,18.499999999999996
5.2310792540439035,22.92529579907734,18.5
4.70365133262008,22.037739019183995,18.499999999999996
4.682892203355445,20.76162496151862,18.5
4.125377900000001,20.484051243272127,18.5
5.364852011575533,20.021358081140264,18.5
4.125377900000001,19.508554791832804,18.5
4.1253779,19.526562880902663,18.500000000000004
4.1253779,20.036471148232124,18.5
5.145405594161897,20.059254440485113,18.500000000000004
4.1253779,19.175505911869703,18.5
5.16753896991391,21.1799648942775,18.5
4.1253779,19.79149510775953,18.5
4.1253779,19.784418195444772,18.499999999999996
4.1253779,19.743674471573684,18.5
5.688701862049446,20.96106074628255,18.500000000000004
5.317864726522043,22.529995149614386,18.5
4.1253779,20.24912138638272,18.5
4.6392888683594435,20.72673287967639,18.5
7.211742464313917,21.501182987456637,18.5
5.328551988938482,20.78555268690062,18.5
6.58779076390976,21.023263802408763,18.5
5.964779709165731,21.29370091224152,18.499999999999996
4.1253779,19.53119488078793,18.5
4.1253779,19.53057320488303,18.5
4.125377899999999,19.78688133126283,18.499999999999996
4.125377899999999,20.024860998520143,18.499999999999996
4.1253779,19.74783596987177,18.5
4.125377900000001,20.03966631545908,18.500000000000004
4.1253779,19.487403261625424,18.499999999999996
4.779203651261278,18.76417288117879,18.500000000000004
4.125377899999999,19.022898207913396,18.5
4.1253779,18.68454067849951,18.5
4.726211340049377,20.768885151228993,18.499999999999996
4.6511996707087935,20.05365080973331,18.5
5.958943429590481,20.30729773584956,18.499999999999996
4.1253779,19.534420824457616,18.499999999999996
5.311506611846732,19.11513693786456,18.500000000000004
5.293416872270314,19.13032513002269,18.5
6.731526441010124,18.68523235746898,18.5
4.69118093096472,20.036528398778735,18.5
4.1253779,18.714179785827564,18.5
4.1253779,20.752412188872288,18.5
5.401055128900448,20.205997673979663,18.499999999999996
4.125377899999999,18.658512150687585,18.499999999999996
4.1253779,18.704774314741343,18.499999999999996
4.785961297946151,19.51605194846089,18.5
4.1253779,20.229059732423664,18.5
7.334219912125052,19.431788949341694,18.500000000000004
4.716547188902427,21.782877324251793,18.5
5.191149172557367,20.31016034625238,18.5
5.61435209283352,18.86911040458769,18.5
4.1253779,18.729173342262193,18.5
4.1253779,18.96646614257986,18.5
4.1253779,19.499392824786035,18.5
4.732924953880733,20.270848446173297,18.5
5.127785773998597,19.159730478026006,18.5
4.1253779,18.722594413123932,18.5
4.1253779,18.711752332246135,18.5
4.1253779,19.989670710227344,18.5
4.1253779,20.05662394504231,18.5
4.125377900000001,19.591925261605144,18.5
4.1253779,19.730366570885963,18.5
4.125377900000001,19.746819324931494,18.500000000000004
4.1253779,19.489299590404453,18.5
4.1253779,20.545740773145578,18.499999999999996
5.415390922539585,20.754752354703623,18.499999999999996
4.701702657155057,21.05212251918064,18.500000000000004
4.1253779,19.548913827190606,18.500000000000004
4.1253779,19.495447294534706,18.5
4.1253779,20.034911562217033,18.499999999999996
4.1253779,21.02513331079739,18.5
6.07165251596882,21.068575096922423,18.500000000000004
6.6014210452161795,21.031315351227434,18.5
5.965082966944538,19.51413466952862,18.5
4.1253779,21.01842887639134,18.5
6.629874530976869,21.035820399786463,18.499999999999996
4.1253779,22.77042867037687,18.5
4.1253779,20.790168652620913,18.5
4.1253779,20.462472105090185,18.5
4.1253779,20.97793783384921,18.5
4.1253779,20.45188226783674,18.500000000000004
4.1253779,20.488595422571787,18.5
6.796517180075326,22.91857324101513,18.5
5.648992786623895,22.863988592881057,18.500000000000004
4.1253779,20.516988905759337,18.5
4.125377899999999,20.518051701019097,18.5
4.125377900000001,20.25519877887517,18.5
4.1253779,20.771460173294678,18.5
4.1253779,19.571976712896188,18.499999999999996
5.186052367526134,21.136613060061293,18.5
4.125377900000001,21.288814793973476,18.500000000000004
4.1253779,21.26867581661152,18.500000000000004
4.1253779,20.74836271048111,18.5
5.695428387408949,21.38219616645331,18.5
4.70909362964433,21.536923506892204,18.5
4.6835690942450725,22.249451642732442,18.5
4.1253779,20.75333637536223,18.5
5.315396413335212,22.536764930674256,18.5
5.345682710343248,22.543676728750242,18.5
4.125377900000001,22.568757435142842,18.499999999999996
4.708216762166501,22.77159778250748,18.5
5.3369114202266354,23.053460162293753,18.500000000000004
4.1253779,22.052287932859187,18.5
4.125377899999999,23.13465948036265,18.5
4.1253779,20.537663634624764,18.500000000000004
4.7821202794124025,22.577467526524753,18.5
4.1253779,20.282697396531017,18.5
6.569206920258978,20.779081201342994,18.5
4.1253779,20.285702365645715,18.499999999999996
5.98996771807859,22.53546972847405,18.5
8.569108160307696,22.515522298309012,18.5
6.7592069925400065,22.502940701964842,18.5
4.631811622892284,23.538332329325648,18.499999999999996
4.7097604102600386,23.46127922450336,18.5
4.748742608050564,23.477558825099113,18.499999999999996
4.690079377888054,22.699471672174305,18.5
5.264661913658438,23.46167644187662,18.5
5.358410031478516,23.356554215699802,18.5
4.751627729370253,22.71854667827998,18.499999999999996
5.185589300060273,23.138235299231855,18.5
7.2656794501972435,22.771533151701124,18.5
4.1253779,22.806693182508322,18.5
7.0342511806447305,22.808564638697618,18.5
6.469896987037799,22.561668810375426,18.5
10.377893069870733,22.548645008320815,18.5
6.86178770208643,22.936226321070585,18.5
4.642816691438929,23.359674667741288,18.5
6.66290512256986,23.087390123796524,18.500000000000004
7.305925798810064,23.03027119411226,18.5
9.155622507842619,22.31364957094932,18.5
5.321551584930115,24.36132602396489,18.5
4.678324726059146,23.499505157657214,18.5
4.696157422533884,23.547555870164263,18.500000000000004
4.1253779,23.992990896708402,18.5
4.1253779,24.971057397583788,18.499999999999996
4.125377900000001,26.077595552184835,18.5
9.009043513160236,23.8099330833874,18.5
6.664059849101017,24.818558106209306,18.5
4.688943314191777,25.264346034331314,18.499999999999996
5.972710435531635,23.986414597996067,18.5
6.700185993108685,24.03403304516592,18.500000000000004
5.801655428781311,25.132511114518554,18.500000000000004
7.688666778750454,22.707697887561828,18.499999999999996
5.91595991631759,23.85475016731787,18.5
5.330064571726259,23.59785171252592,18.500000000000004
5.384740655492898,23.586715405507967,18.5
4.125377899999999,24.715644917328845,18.499999999999996
6.875342283597006,22.280999983251146,18.5
4.633822922388229,27.00519196984913,18.499999999999996
5.4191590221689205,27.419427919999997,18.5
4.1253779,26.18238446826367,18.5
4.709592512330099,25.94543367028973,18.499999999999996
5.472104211380107,27.234274897582367,18.5
4.7188126679106475,25.789214461611806,18.5
6.610367271045257,27.41942791999999,18.499999999999996
6.442542445623098,26.792560015725254,18.500000000000004
8.475549415380451,26.900573288204654,18.500000000000004
6.4020850563607965,25.375319668675417,18.5
7.272904716745154,24.61421731819795,18.500000000000004
8.527527581264094,26.619369688611513,18.5
5.429132004868748,24.869247922298165,18.5
6.702646710759497,28.04995708193954,18.5
4.743949466399649,25.40523980659915,18.5
5.198476548922091,26.57226958881842,18.499999999999996
6.024666617649597,27.142862004529686,18.5
4.1253779,26.49166361933149,18.500000000000004
5.208836371864139,27.419427920000004,18.5
5.2494394329195915,27.419427920000004,18.5
5.236077587673451,27.419427920000004,18.500000000000004
5.445362535783394,26.770982615271187,18.5
4.1253779,27.866696673205517,18.499999999999996
4.1253779,28.438087225772325,18.5
6.673814611445322,26.631203019903325,18.5
4.1253779,28.458128544792075,18.500000000000004
4.1253779,28.173905570253943,18.5
5.305738952973531,28.16576380195766,18.5
4.694816092858361,26.283602918430283,18.5
5.296522541477965,27.419427920000004,18.499999999999996
6.587581086375072,28.442851114750827,18.500000000000004
5.346579320790258,27.90255380054033,18.500000000000004
4.1253779,27.87161547465604,18.5
6.379794213539143,27.645026595598914,18.5
6.50651240164869,27.904412266281064,18.499999999999996
6.5085907953666915,27.65383437741004,18.5
