8.841627604078644,28.172021104660857,11.099999999999994
8.427424272539442,27.924292523784395,11.1
9.747432473408619,28.084585537555085,11.1
8.8279546865038,27.964562423877148,11.099999999999998
9.035790415577004,28.005027700559467,11.099999999999996
9.133275538090347,28.047139712635133,11.099999999999998
7.387193061756936,28.010203456545316,11.100000000000001
7.179797799967882,27.968761567227965,11.1
6.985997457643227,27.75883929190493,11.099999999999998
7.291753004780841,27.841414615690418,11.1
7.5845782514534825,27.97083985649144,11.099999999999998
7.194305058743875,27.846324783467967,11.099999999999996
6.0445863946145675,27.421921198639975,11.1
6.2642555860966675,27.96462400247556,11.100000000000001
5.847591007486281,27.456660988084934,11.100000000000003
5.743250041741793,27.380222270656237,11.100000000000003
5.649632209661628,27.460222305977986,11.100000000000005
5.548572400093486,27.33727394706993,11.100000000000003
10.35281328941307,26.923627287696608,11.1
9.336091429902654,27.419651485130725,11.100000000000003
9.645497521498118,27.296498917612848,11.100000000000001
9.537631290581327,27.378476793796892,11.099999999999998
9.437984413154416,27.54470246580438,11.099999999999998
9.945720341236628,27.003706380171455,11.1
7.6941005030608105,27.715714527442014,11.1
6.679385423448418,27.58720665225139,11.099999999999998
6.677565188394219,27.173732803955797,11.100000000000001
7.29257479957637,27.21228783706203,11.100000000000001
7.889079187990764,27.507615247358025,11.100000000000001
7.18660846196135,27.21697810589913,11.099999999999998
6.364249579557003,27.33517300851138,11.1
6.268432508018068,26.464911583992496,11.1
6.866753995786216,27.291178695215663,11.1
6.771898550277489,26.838903349007385,11.100000000000001
6.780096328202843,27.25491828010275,11.100000000000001
6.87623861749326,27.298756569181506,11.100000000000001
7.491271478730825,24.925132189478898,11.100000000000001
8.322188755421864,25.21824549827063,11.099999999999996
7.290941366646918,26.049470356908955,11.100000000000001
8.418625384137355,25.465544645361135,11.099999999999996
8.115772738487083,25.715242614658585,11.100000000000001
9.032833191435156,25.674238367963316,11.1
6.469310140127062,26.131375174690756,11.099999999999998
6.879566457191145,26.507954072235375,11.100000000000001
6.977150922781028,26.628915594308857,11.1
6.777015391957414,26.673109825500266,11.1
6.571821661805887,26.504840642614898,11.1
6.7729300801563825,26.712310477197192,11.100000000000001
6.461934734480746,26.294820310414508,11.1
6.04531027904529,26.571652045210968,11.099999999999998
6.052622187135432,26.873233499465627,11.099999999999998
6.2507907933002285,26.574888334217906,11.099999999999998
6.457881294832965,26.49955806367247,11.100000000000003
6.56490618654498,26.496730123752542,11.100000000000001
11.169168632834873,24.841625132289778,11.1
10.96544243240066,24.302423728367202,11.1
10.151685193658336,23.716965882554415,11.100000000000001
11.269679185303701,24.716641895452174,11.1
11.067817655448042,24.675185898556393,11.1
11.375404966723275,24.67432860052897,11.100000000000001
7.5934423561053,25.67478264023716,11.1
7.4997978298315795,24.630606359038094,11.1
7.697818079788273,25.54952930136865,11.099999999999998
8.003876952514945,24.467155687462256,11.099999999999996
5.453874527998258,24.630293127913127,11.1
5.146999350698054,24.21850810161909,11.099999999999998
5.036678560940384,24.01144693831104,11.1
5.439451070092291,24.17701384116315,11.099999999999996
4.836336789798366,23.92782186503628,11.099999999999998
6.053296478615203,24.67564728892963,11.1
5.036523359956348,24.758855648700607,11.100000000000001
5.337690382991614,24.093954097344888,11.099999999999998
10.349517953147412,22.802778538984327,11.099999999999998
10.963857752528995,22.05802110882428,11.100000000000001
11.068110420499323,22.34613992475371,11.099999999999996
10.24634147782956,23.676642070581842,11.100000000000001
10.250795464298072,23.05428019539962,11.1
11.170025771460722,22.75934949063327,11.099999999999998
6.978695512425856,22.097935581078396,11.100000000000003
5.8609432633061616,23.011483937137058,11.100000000000001
6.874822644621491,23.091847697481185,11.100000000000001
7.8194700641354435,23.679570351598393,11.099999999999998
8.419637701689492,23.801242514152058,11.100000000000001
7.595714472517495,23.552042486965018,11.099999999999998
5.649855412861831,23.38281181022134,11.099999999999996
5.448153433954131,23.3832579239986,11.1
6.156418355255631,23.132180255145194,11.1
6.162039891194739,23.423077774021074,11.1
7.2887987719211775,22.593509453647464,11.100000000000001
7.075151904150892,21.803845427403314,11.1
10.459646086626627,19.81214640852273,11.099999999999996
9.339538156252972,19.480242287776907,11.099999999999998
10.058244067242196,19.272171450688475,11.100000000000001
9.33692049900757,19.14366285766962,11.099999999999996
8.412731049933987,19.061405726143967,11.1
9.741207153773468,19.812857414949267,11.099999999999994
9.125360890757285,19.7246814761802,11.100000000000001
8.721153487759747,19.724978267121898,11.099999999999994
8.004679095242222,19.47739229680692,11.1
8.406556493993824,20.848353491405398,11.099999999999996
8.909302519688094,20.434522504900063,11.100000000000001
9.030925433352108,19.269695855632154,11.1
5.039497147355878,21.879698193731922,11.100000000000003
7.686528742481451,19.89805421126577,11.099999999999998
6.569372665784041,20.641212831795034,11.099999999999998
8.411669842319508,20.35152138941424,11.100000000000001
7.38078991249934,20.224407594563473,11.100000000000001
7.180840348566567,20.01729131850815,11.100000000000005
9.024679164342258,18.147795410359855,11.099999999999998
7.99473288035488,17.686280551983447,11.099999999999998
8.71481750796172,18.062422901661794,11.100000000000003
8.409597696066388,17.81421447635541,11.100000000000003
8.10183700290923,17.478649483518275,11.1
7.385812023962193,17.686385077653384,11.1
9.02032579636798,18.272822225062697,11.100000000000001
8.71741454443079,18.48033171685163,11.1
8.108609562416564,18.812487061543816,11.099999999999998
8.308719010785996,18.937679004169592,11.1
9.025737391748262,18.648391887883886,11.1
8.613890074001178,18.562141340846015,11.100000000000003
7.991493199082904,18.974517579278267,11.100000000000001
8.313302503560674,19.05870364606602,11.1
6.145258283929168,19.55132142688733,11.1
7.786409896033505,19.3885660827416,11.100000000000003
6.354035576410938,19.46807304124789,11.100000000000001
7.373842657647942,19.220987867585357,11.099999999999996
8.517199218292841,17.395704222184694,11.099999999999998
8.61582551125406,17.475947243602082,11.100000000000001
8.713496503540025,17.64337975733268,11.099999999999998
10.138874295640392,17.684363122468234,11.099999999999996
10.55253264210506,17.685593608456763,11.100000000000001
10.14644933964663,17.5205430338743,11.099999999999998
7.58176489446032,17.30870752810046,11.1
8.105180448616238,17.347852166538956,11.1
7.793687865098033,17.224446891305128,11.1
7.801492813850158,17.221692534989575,11.100000000000001
8.689136682219155,17.55338252862259,11.099999999999998
8.497134808387788,17.51418846360165,11.100000000000001
6.55891622957335,17.51674906778045,11.1
6.050304719800675,17.80369854302369,11.100000000000003
6.552492698644201,17.5949051317776,11.099999999999994
6.660103162295296,17.80875892429433,11.100000000000003
6.462458290527154,17.686039755899277,11.099999999999998
5.939422628578104,18.507810029063318,11.099999999999996
7.695429017960745,17.220822061689017,11.100000000000001
7.782063119889681,17.221008198380833,11.1
7.289033451221537,17.591381709224425,11.100000000000001
7.589172551088304,17.552900456773394,11.100000000000003
7.780444886620762,17.587561343236082,11.1
7.784178476451261,17.34464893377445,11.100000000000001
9.315765666754015,17.346640775296596,11.099999999999996
9.113130180295752,17.38589908518144,11.1
9.931577347869572,17.764890448786698,11.099999999999998
8.203897853396578,17.349673939647207,11.100000000000001
7.2830293743549825,17.595382292708205,11.100000000000001
8.504808450850238,17.766988284173383,11.100000000000001
11.897355141631817,18.971856861199207,11.1
12.405779140609203,21.217492574293527,11.605263168144068
12.105635090833307,21.421543290573826,11.1
12.403515527388064,22.007848262532953,11.778689989276346
12.00174447645402,19.671373813223955,11.099999999999998
11.494260401898533,19.37077976851812,11.100000000000001
8.29922297385349,17.977428175166683,11.099999999999998
8.407875599216446,18.148259937194833,11.099999999999998
8.209259695919325,18.477517934240975,11.099999999999996
7.69736177015335,18.062175108877966,11.099999999999998
8.508810514299144,17.564093204991114,11.099999999999998
8.712395596520055,18.270700090093133,11.099999999999998
8.612750112993718,18.06509913977487,11.1
9.841600964351821,18.980297503088174,11.100000000000003
11.066515859637397,18.56356205242621,11.1
10.553234267258379,17.857588490475077,11.100000000000003
10.754616888519543,18.06195022592207,11.099999999999998
10.857536075989547,18.233762595121707,11.1
12.39796396070216,21.904087399943297,11.100000000000001
12.503684125395463,22.725400869457065,11.438758776182981
12.70378358659214,22.679477034989883,11.774557881584494
11.799017074507582,20.21190935825433,11.100000000000001
12.202143839744057,20.866253953882794,11.1
12.40600459656454,21.588274583318103,11.266615819040851
10.652550679074315,19.56534300452761,11.100000000000001
7.181564524361731,20.190090075712703,11.099999999999996
8.721702981140128,18.691326748047707,11.100000000000003
6.872482455993055,18.72294121169612,11.100000000000001
7.591782878975957,19.18402848630349,11.100000000000003
7.492633495690598,19.146285995486803,11.1
10.147479190963832,19.399786791118903,11.099999999999998
10.55322602481889,19.520512148820913,11.100000000000001
11.164616682595234,19.065262875609488,11.100000000000005
11.676367337773184,19.64659565513182,11.100000000000001
11.162386895664463,21.094780638069548,11.099999999999998
11.069928761318439,19.439375761834167,11.100000000000001
12.201697411698003,21.236996381021005,11.1
12.501944362243602,21.447627703542658,11.26838415392282
12.298086706575749,20.720039282485804,11.269447049237154
12.801077984618065,22.764779409327517,11.77167391878242
12.001293065680764,20.663690888779126,11.1
12.704102771020072,22.317301056777303,11.6051788518807
6.465984967059115,22.299127153863203,11.27046717301336
7.493256372593812,20.14225323987057,11.100000000000001
10.348390725372882,19.68787516203445,11.099999999999998
8.51168752255548,22.22389205733074,11.099999999999998
8.715259372282162,21.763111369083592,11.099999999999998
8.61571691134915,21.139736338139564,11.1
10.861737845335604,22.513075635106027,11.100000000000001
10.756503250984766,21.26322906337088,11.099999999999998
11.061592988367755,22.34119046066927,11.099999999999998
11.268919162707688,21.30521286752797,11.100000000000001
11.260725109758585,20.806475264824222,11.1
11.376084634458213,20.13916874405667,11.099999999999996
12.50043261846047,21.145413006211946,11.100000000000001
12.602220433522417,22.45542084041487,11.099999999999998
12.602630264363018,22.42038806397971,11.099999999999996
11.991703250378764,21.790611563950893,11.100000000000001
12.603256548398779,22.915295202814956,11.269311733717865
12.703355674473679,21.737955608887205,11.1
9.126684042566332,24.21824041818166,11.099999999999996
8.717778327261897,23.970309472191385,11.1
9.226205200474094,23.428421940386965,11.100000000000001
8.203652543596197,23.429067193379442,11.099999999999998
6.47088272279977,23.633384693531514,11.099999999999998
9.324331051561,23.513355568529438,11.1
9.636706977238218,23.50909840906073,11.099999999999996
10.04462235517522,23.718809173034398,11.100000000000003
10.560619728620408,24.00766668247489,11.099999999999998
10.450816793754298,23.76158628021511,11.1
9.430533880194613,23.678242786391433,11.099999999999998
9.226213632272984,23.59430939398017,11.1
12.299402255787168,23.8379541665812,12.289069496612704
12.90445788,23.552722293514115,12.979419204587478
12.904457880000002,24.25942917889994,14.719495293022584
12.703249814541284,23.174157573057908,13.147732052428672
12.501827593046393,23.596450959363004,11.95379827109638
12.803824917797579,23.621149582981143,12.97549002605573
9.635842320847377,26.33937044739117,11.100000000000001
9.334768661332074,25.8440311369168,11.099999999999996
7.698702095563717,26.673815112100208,11.099999999999998
6.471332045063555,25.549815262654718,11.099999999999998
9.01633150395614,26.589007244681248,11.100000000000001
9.327368199713506,27.004065179822845,11.099999999999998
11.980918060202495,25.71863438037267,11.1
11.06524200224936,26.04740874697121,11.100000000000001
9.739880241470791,26.671610285025366,11.1
10.048822037196324,26.300236317890302,11.1
10.757197430525649,26.508026932625697,11.1
11.36588340014568,26.257981638301548,11.100000000000001
12.904457879999999,24.90279142188292,12.632349840628057
12.90445788,24.143660029971947,12.294352187144188
12.904457880000004,25.068984877682187,12.79907644772523
12.505202830004027,25.548576177375594,12.454242035370301
12.704501818316679,25.18330122880924,12.285509752472818
12.506441298813062,25.77114439173811,12.443297741889474
7.670787398057984,27.464000185720025,11.099999999999996
7.571796047038062,27.795685126246806,11.099999999999998
6.773415122815525,27.215463480187157,11.099999999999998
6.872153424246809,27.464512455277404,11.1
8.290280295342491,28.07933578749969,11.099999999999998
7.190409778445676,27.04779561235624,11.100000000000003
10.56023014635125,27.43409953140714,11.099999999999994
10.265106944137182,27.590687263855983,11.1
10.57081365575377,27.309907078885423,11.099999999999998
10.055474687158943,27.510912526881047,11.099999999999998
10.05436693534393,27.059270890698908,11.1
10.265738646175059,27.25771178753656,11.100000000000001
12.40674230508396,27.029124556189785,13.824971260882903
12.099664205898904,26.72774461365758,12.798600186075085
12.301651514262984,27.09885077688804,13.46714873061667
12.305785471384445,26.583022202460636,12.950869763512195
11.520048435738017,27.424418464049168,12.580550708770831
11.592833828326418,26.73200356234857,11.435679921959716
7.286354339130435,27.926364163373368,11.1
7.39979120457639,28.175715455524934,11.1
7.905839433502525,28.05170408797852,11.099999999999998
7.17766907798674,27.841318632856385,11.100000000000003
7.082174697551537,27.549264902539726,11.1
6.578214988010262,27.800422718236643,11.099999999999998
9.41921589829554,28.04111334840845,11.099999999999996
10.044028946725412,27.75587256845029,11.269360018475131
10.561551956549238,27.884153773785265,11.100000000000003
10.65317609047256,27.676916345010603,11.099999999999998
10.147896301862227,27.76529753652181,11.272445025800508
9.943232406350893,27.76120451373214,11.2693050100654
12.50503300447291,26.092583752136168,13.475994882750198
12.604493432941902,26.614950192285864,13.818558962200413
12.706389206782726,26.70536007545965,14.143428087866456
12.706995725847541,26.748246218061176,14.33485966082613
12.708587728650969,26.673315910920323,13.974480062616824
12.70650562404892,26.25854447994571,13.818558683258587
8.405399058714638,28.080403540403008,18.5
8.010001261464492,27.917567783234396,18.499999999999996
8.3070867906177,27.542682218454452,18.50000000000001
7.899271135427768,28.039810094417216,18.5
8.728777187326779,28.08676266758047,18.49999999999999
9.32744735858693,27.583274197317472,18.5
7.177648246022189,28.43121893037706,18.5
6.9748174823723375,28.350740437260622,18.500000000000004
6.975018559994198,26.93013588526702,16.989911750312267
6.98326957636068,26.741550171138112,16.633333366260292
7.182037741692691,28.30210433676094,18.5
6.5778742242044705,28.09863486045261,18.5
7.090214190042957,27.9170783298391,18.5
7.181846187947093,27.671851777118334,18.5
8.31302450291954,27.998874098385127,18.500000000000004
7.695719859959396,27.58866800579237,18.5
7.5938529121274865,27.419696552323632,18.5
8.319961124666607,28.044170481920457,18.499999999999993
8.707964982321771,27.333575625089118,18.500000000000004
8.718569078252344,26.296871219708333,18.499999999999996
8.610881367206783,27.49980141815973,18.500000000000004
9.017197662429197,27.37608170407788,18.5
8.926635238214157,27.543530433162903,18.5
9.124946455950624,26.461819432663166,18.5
7.992012901700908,27.416774273552416,18.5
7.189209571628197,27.4571104866624,18.500000000000004
7.5911269058765365,27.499752573603786,18.5
6.879306773576052,27.45910175704986,18.500000000000004
7.082940509001172,27.584667889786918,18.5
7.994135314114408,26.296772633023572,18.499999999999993
6.8765960090635945,27.66894354946008,18.499999999999996
6.468714204881151,27.16925097173127,18.500000000000004
7.695244768507751,27.792744031800538,18.5
6.9861774379071475,27.462167118207912,18.499999999999996
6.7832169879764885,27.335706571371137,18.500000000000004
7.896970578568608,26.260217406383944,18.499999999999996
8.823908605337904,23.967624408602,18.5
9.643807418724894,23.46820228050909,18.500000000000007
9.743323697735436,22.804276368350372,18.5
9.644500469045717,23.095990280237757,18.5
10.152778616343802,23.673672085320806,18.500000000000004
9.33951167888247,23.429452363269668,18.5
7.3913516188765165,26.50441719156016,18.5
8.301928253343313,26.509654729260117,18.5
7.593021283058564,26.873265180090723,18.499999999999993
7.28915367064613,25.756363585229344,18.499999999999996
8.303490926005225,25.63531654631577,18.499999999999996
8.202071057000625,26.836204318949555,18.50000000000001
6.78238442036266,27.25031763901752,18.5
7.791820723799994,26.962872029421327,18.5
7.89643051681394,25.55319253875906,18.499999999999996
7.5915217114801425,26.962765690294553,18.499999999999996
7.082268904233988,27.043984971793037,18.499999999999993
7.183973659139132,26.757616674503005,18.499999999999993
8.42242199807042,23.67440140706878,18.5
9.337124274392842,24.092815503196963,18.5
10.55677721951889,23.631976257829788,18.5
9.336914419446089,23.46710242993755,18.5
9.134288499724466,23.75915172691325,18.499999999999996
9.336348526398723,24.509736884013442,18.5
7.695554946163997,25.258188183360623,18.5
8.517340811867319,24.468329618220345,18.50000000000001
8.099614837343308,25.382267946367534,18.50000000000001
7.900422176754789,25.424484697230692,18.499999999999996
8.721550388893426,24.174062707420088,18.499999999999996
9.232619049185534,23.80149015360764,18.5
8.931165591487508,23.302968671464505,18.500000000000004
8.922317742869993,24.177211478090694,18.499999999999996
8.219562606796421,23.843984015664827,18.5
8.318213037144067,24.13436724050052,18.5
8.907835826170539,25.300026047305284,18.32893051764254
9.338981038771857,24.425275028596587,18.5
9.851705189419002,22.927767871949136,18.5
11.375246427587019,23.220990387078288,17.295419874547882
10.566731393374825,23.18184780463265,18.499999999999996
11.065793849451591,23.46662802599697,17.472748044096946
10.255264829892303,23.222413989861156,18.5
10.354786776892263,22.39252446678806,18.5
8.408785864543528,23.13331852098252,18.499999999999993
8.415336338673029,23.423879631793742,18.500000000000004
9.1270111657312,23.136624903678246,18.5
9.021765498498182,23.800085734231832,18.499999999999996
8.916829476258156,23.05015519514669,18.499999999999993
8.922434949437614,23.053584380963922,18.5
8.408264895547333,22.679472575875295,18.499999999999996
8.92934461820799,23.30223837005293,18.499999999999996
9.225935576191642,22.472795395811534,18.5
8.72184125263219,22.640048308187154,18.5
9.53723323282954,22.39252040294781,18.500000000000004
9.133550279197562,22.88799456050522,18.500000000000004
9.02706929209399,18.77068398979328,18.5
11.06032484557703,19.30590359961525,18.5
10.853630611686722,19.679818674352695,18.15897908830119
7.903255351228298,18.644913787594348,18.499999999999996
8.21032567576254,18.35479562323184,18.500000000000004
8.003337397369725,18.645120187124398,18.5
8.102581559102807,22.715204436656613,18.5
8.513426753570208,23.09368529613723,18.500000000000004
8.715691159966028,21.933631733375105,18.500000000000007
9.532930750803688,23.51081691009731,18.15726148120549
9.22601876460944,22.099107078394265,18.500000000000004
8.615863286041773,21.84866855699807,18.328914389584
6.777179614735261,19.801578750127362,18.500000000000007
7.699961066294467,22.05718078951053,18.499999999999996
8.0064583074062,22.473640264649458,18.500000000000004
6.4757285515546545,21.642214317029826,18.5
8.82359736522199,22.225829562789418,18.500000000000004
8.4109399912336,21.88822713410737,18.328685082313594
11.375471392298625,22.214749054162372,17.8150926272489
9.135277576264668,19.391876074413638,18.50000000000001
9.022871595637197,20.2681840302236,18.500000000000004
8.207768669849225,18.687326780038212,18.15751922721291
9.026179148599446,19.31029619247016,17.98511116847406
10.85770914627024,20.304788073561216,17.987763103470805
7.897287280061092,19.47695387185835,18.5
8.307747468777082,20.35021456837287,18.500000000000007
8.822226485154898,20.76040369744564,18.500000000000004
8.208137750093707,21.72328410548652,18.5
8.007167138511717,19.349581518543555,18.329166516082804
9.320845234524697,21.598331217775907,18.5
7.491002097386438,18.103060229065157,18.500000000000007
7.689662938865469,19.34637210764814,17.98624927655955
7.587502756023736,19.219066607810547,18.500000000000004
7.074178416643433,18.765316840481876,18.158570066499614
7.800470965752885,19.55641631096162,18.499999999999996
7.179439976030956,17.93600287955168,18.329496770671344
9.231664438149284,18.478691543332374,18.155955304551807
7.798615214204294,17.60454364994434,18.500000000000004
7.39301594734201,17.896103223952423,18.5
7.699212230011643,17.72996773469997,18.5
8.20457265075263,18.308617008278915,18.158475808671326
7.799318612519212,18.10273378253115,18.499999999999996
7.075578339993863,17.473084747195497,18.5
8.204758834965439,19.13200686869818,17.815782942910026
8.09826769181041,19.54206454774369,17.987980257044267
8.400303072097705,19.331279216553668,17.817502906844187
7.488630968599357,17.927455523354176,17.988979237588893
7.994332365858607,18.713616648676375,18.158701573762524
7.278790261880663,17.76825184643132,18.5
7.374296727344419,17.933355275796327,18.329540851894322
6.875073944102145,18.101522141790234,18.500000000000004
7.376885502059314,17.767059092852843,18.5
7.376200141649531,17.76599322374628,18.500000000000004
7.585119095103788,17.76740892579653,18.500000000000004
7.078455682223506,18.267120551425407,18.499999999999996
8.307381371465231,19.585583771559417,17.64218690521271
7.7876273001602625,17.805794486255753,18.32958399776171
8.394217337800935,18.830304579157914,16.458200279871726
8.09595566175918,18.960423852941748,17.818719353390716
8.290232389234058,17.803011368458993,18.499999999999996
11.163506785995374,20.800788588536328,15.405358878733232
7.799681086766606,18.886301215111484,17.30091031148139
10.76020899545574,20.641460961141398,15.055891690348101
9.127078677844535,19.267011891901443,16.436348455992853
8.41832954662764,19.349072693273342,16.781857227428482
10.758967525590707,20.432508996197036,15.745822042130325
12.90445788,21.813902165291942,17.48407475055931
12.30201053403618,21.188028704964385,17.31303648729064
12.705257618985694,22.015962157361688,17.827287568561992
12.705085363831826,22.011425841133914,17.82336403882061
12.904457880000006,22.506506225144953,16.972368662419285
12.804681291561371,22.423441724566583,17.823548708073815
10.761089472021943,21.766903384059198,17.120163338795372
10.562186952577653,21.523032133084524,17.117145517598658
9.427978478692502,19.346340160248285,17.299481207967002
8.412542615776456,18.685525843030476,17.81150399817609
11.074306261510397,22.63917900665533,15.911203471099803
9.331893845621217,21.549914782851634,17.811104552030393
11.270623452422242,20.340854292061447,16.615608422550146
10.252834668663601,19.349981948873978,17.297289832253927
10.86008940418666,19.932214018748244,16.092472251409355
11.166159952907881,20.0527746281986,17.643348729138648
10.555411763990096,19.639460254358955,17.642852883574097
8.713006465297275,18.557770590585854,17.643834739601314
12.90445788,21.90451067093307,17.314461217576348
12.804476347643655,21.69847603919649,17.31352218976831
12.90445788,22.04020794454562,16.624224992444933
12.704609995164311,22.12226935657548,18.165136181775306
12.90445788,22.211567618766534,15.930670836631428
12.195888192546839,20.928601165709402,17.82059521608624
9.63318088230274,21.472718509897312,16.77671718477223
7.388929130287849,18.313995325533636,18.500000000000004
8.916604907140794,20.225476264323515,18.156974500471517
8.813875169021351,20.222775114697985,16.954551039340014
7.996408816108014,20.305748286940243,18.5
8.714998853274325,19.351836416050393,18.499999999999996
10.963920566620429,21.056728765638816,16.953180342070567
11.783284170931385,21.808040850139154,17.64273117855589
10.969805573659466,20.72234661744357,18.157380171002927
11.07122744283535,22.26662974649963,18.156114503328283
11.682717137849236,21.803230500145574,16.0991093069296
11.578621615056637,22.51754373308324,17.121877707358454
12.503401217969717,21.987417960475668,17.140602800133237
12.604332742105738,21.207378993926152,17.996860053392076
12.605376792446801,21.79166182817232,17.995977780866784
12.70500445743563,22.440712603956463,17.989338579182444
12.503004136587085,21.664850574783316,17.658207070202153
12.904457879999999,22.6635869757742,17.483298060661664
8.21062021640317,22.348496447931023,18.499999999999996
9.742444583814521,24.215082079574803,16.95384836494696
8.307617717844938,23.05379901584586,18.157187405111365
9.330086770111508,23.59442902853153,18.49999999999999
9.333856786029399,23.304602178262243,18.5
8.714877756748525,23.554400018931606,18.500000000000004
11.070156905586407,23.388375253867956,17.643464974544628
11.37193598474752,23.302186669317305,16.607962564391322
10.8623064369689,23.424135018824323,16.959094475576567
9.539937772032783,22.59379451661076,18.500000000000004
10.557701071168802,22.468576201498006,18.157936556955338
10.557274895532553,22.470143432820322,18.499999999999993
12.90445788,22.65636175146153,18.331856634908434
12.90445788,22.74812971475333,18.16150414966567
12.602743298322643,21.503594672497282,17.99211677749371
12.904457879999999,22.426480838256794,18.162230303725075
12.90445788,22.377782342326306,17.993603430465527
12.904457879999999,22.074774272458676,17.991768498475064
8.930314612705008,24.09282438872548,18.5
8.523553891257762,24.297782909571573,18.500000000000004
9.94623055699299,24.586789298728007,17.814685445935975
9.03068224180998,24.423225798849572,18.5
8.833229334959396,24.71382455708588,18.500000000000004
9.031536864261444,24.42507431691603,18.5
10.763025887438426,23.924576545749908,17.472110924315125
11.580556234751961,22.886096276590273,17.12678539135
10.971016871337653,22.059010355816202,18.156512675095506
11.374372692124135,23.053055531439295,17.47462093513194
11.169704939385818,22.18239114497344,18.157928260408077
11.372444721323918,23.136370005125745,17.645427088405835
12.904457880000006,22.310007744557797,17.48634837213527
12.703097095615854,22.668892864819547,17.14097007644266
12.904457879999999,23.47534642787852,15.413938814121384
12.904457880000002,24.22012074431795,16.10625564147368
12.90445788,24.14093325042776,16.275194123724322
12.601112068612421,22.679519177928363,16.794100071135723
11.374068720666479,26.254662929494383,16.780546524086926
8.711055276046176,26.22068202089616,18.5
9.94050313077504,25.884202586604818,17.469709511373505
8.820246095576252,25.803222479094277,18.500000000000004
8.108946613758338,26.049157364457514,18.500000000000004
8.911303738298125,26.263784256391986,18.499999999999996
10.252473403598797,25.595276957323456,17.813783136524403
9.533841464729967,25.21851542492844,18.499999999999996
9.743672815163531,24.341520831518334,18.5
10.459525877256619,24.798460265247744,17.813987313592804
9.026331584509567,24.51004573274502,18.5
8.824219853868504,24.59288900474023,18.5
12.904457879999999,25.095090520879772,17.13453279693242
12.60054567672832,24.431778901713823,15.577523058175048
12.803364614991388,23.214002718845496,16.44584580824433
12.296536809453753,24.182965639955327,16.789986015453156
12.80370362880268,24.384225763738172,16.964872578288016
12.702002669549444,25.355734048043548,15.220002569716208
8.201926117171876,27.83145941106585,18.499999999999996
8.713445009852256,27.628000797495336,18.5
8.707805313661115,27.461212952716277,18.33046741727616
7.5923677394447875,27.419403604734786,18.500000000000004
7.993258827090778,27.41760716535142,18.5
8.097846743972456,27.62530959378876,18.5
8.099474394529414,27.25181070149631,18.500000000000004
8.919848058864257,26.839145647862086,18.499999999999996
8.106083818905159,27.542394416728033,18.499999999999996
9.021581824642054,26.87780721867752,18.499999999999996
8.811500782112825,27.540222393198842,18.5
8.306244152099273,26.797068716482542,18.499999999999996
12.606888275503039,26.22883057910917,16.276305019948488
12.505089094003624,27.029905801584718,15.783633476832374
12.604904165532853,26.977557793572217,16.803318489443896
12.6012275751783,27.3449461080749,16.447055931026682
12.705298064226442,26.99741912753276,15.392367155094917
12.904457880000002,26.161870437478996,15.76513275523514
7.679641211062058,28.132843362567844,18.499999999999996
8.281062595267967,28.303067471701223,18.499999999999996
7.6763164820237195,28.218689849704162,18.499999999999996
7.2767197479014305,28.016747435722408,18.500000000000004
7.670412322271202,28.25753055437524,18.500000000000007
7.782568247295828,28.216471595684784,18.5
9.4563671160419,28.007674514566098,18.161314466044786
8.71956500635617,28.041603056500488,18.5
9.63025978736255,27.92023883690709,18.331251663206277
9.552948646950934,28.049079645601715,18.5
9.347168435126857,27.9241710001803,18.5
8.207956986321667,28.001930146186073,18.499999999999996
12.706220739470027,26.739097782298227,15.934173094219048
12.505402206937344,27.033056369176755,15.408907049482597
12.805511564173152,26.25370502115051,15.954184580531608
12.707239976980999,26.581452838001074,15.070471834021719
12.904457880000004,25.667276600300916,14.729731315706015
12.406282513907554,26.82866463962745,16.094833041502035
10.353617590057082,27.83482360366856,11.1
9.749075078014183,27.67812516867072,11.100000000000001
8.629345924207449,28.009387807448675,11.099999999999996
10.367215323550747,27.761134778614366,11.1
8.928892672641275,28.08848075682026,11.099999999999998
9.9620898499011,27.927019001562932,11.1
7.6910518630938425,28.053319957904815,11.099999999999998
7.685726897740187,28.09264158673192,11.100000000000003
7.6914449562041325,28.175595289979885,11.100000000000001
7.588849594807678,28.092251804575227,11.099999999999998
7.588116561621335,28.05157306749324,11.100000000000003
7.791754745599502,28.13267670504425,11.1
6.057189114454829,27.586827201383723,11.1
5.653365935149476,27.28884985912651,11.100000000000001
6.3683644165943,27.629105237593496,11.099999999999998
6.1629863781959955,27.466539857678672,11.100000000000001
5.959563543555338,27.838125300246887,11.100000000000001
6.777540659445927,27.842231200463672,11.1
11.379896179404376,26.964682634392904,11.437834951201186
11.183330740900132,27.703664578210574,11.268869802108103
11.788707380828473,26.13467948564843,11.440063794235806
11.485270864555456,26.2180055881217,11.270845771230091
11.188698831984201,27.132093978632845,11.100000000000005
11.277741489457805,25.97511479607722,11.78177655996516
7.481223940792907,27.46237050748552,11.099999999999996
7.7950766617490315,27.2945384386379,11.100000000000003
7.997170160252601,27.544399151598917,11.1
7.382814791141315,27.37788621434665,11.099999999999998
7.384077020775618,27.2538858901438,11.1
7.383084661391894,27.170665576567437,11.099999999999998
6.675444218261399,27.63191955592068,11.100000000000003
6.978620178789558,27.382860746062374,11.099999999999998
6.57735565405365,27.587896035969095,11.1
6.271839079032921,27.336847204334635,11.099999999999998
6.773774258047916,27.30009982317353,11.099999999999998
6.980847608354433,27.58987649361633,11.1
11.068028531352118,26.004986503126577,11.099999999999998
11.169000531799224,26.214602327458433,11.099999999999998
11.57599323583236,25.921057925611183,11.269675815404801
11.175562871510566,25.59316866478831,11.099999999999996
11.373372174408276,26.340634259898902,11.1
11.577342790890656,26.54779029122818,11.1
7.175510863413635,26.839099806203535,11.1
7.7906844896569,26.9621844564509,11.100000000000001
6.577266356627263,25.717437203955566,11.100000000000003
8.901169816592681,26.756506084405753,11.1
5.7583002779550965,24.458432888244452,11.100000000000001
6.67228840982093,25.510862776372925,11.099999999999998
6.371534037457529,26.590101008115102,11.099999999999998
6.778447866833592,26.712654813069367,11.100000000000001
6.566712799298448,26.49974024606351,11.1
6.767289654501215,26.833413664352022,11.1
6.670506147442556,27.002338970192227,11.099999999999998
6.970539630793251,26.50143499693219,11.100000000000001
11.581298915075532,23.972714313216336,11.100000000000001
11.582282056178448,23.718859456474817,11.100000000000001
11.47544085625087,24.26165332671271,11.100000000000001
11.373269415456374,24.674372212305254,11.099999999999998
11.477237135269565,24.674910728123542,11.099999999999998
11.67993324958418,24.220594596452234,11.099999999999998
6.163845297725981,25.045087522484717,11.099999999999998
6.1657421399180725,24.711738131226333,11.1
6.475665447639685,24.753088848917642,11.1
6.772119842541598,23.96029631249169,11.100000000000003
7.587621559928132,23.466546442829266,11.100000000000001
6.575087609818614,24.253905848050383,11.099999999999998
5.65390480755056,24.71420227766483,11.1
5.65318533240365,24.795316695616208,11.1
5.965080695925327,24.715648231677722,11.099999999999998
5.657933495226094,24.752697804744756,11.099999999999998
5.5480331844269015,24.713102149921706,11.099999999999998
5.647684038593253,24.83992323792037,11.100000000000001
11.678342299165477,22.76302387935621,11.099999999999996
11.570628382482441,21.55415596318197,11.1
11.265506956260252,22.63281771609612,11.1
11.577587877665554,20.392423900711226,11.099999999999998
11.571152170235122,21.46936230762242,11.099999999999998
11.573084130270466,22.3789448311408,11.100000000000003
7.4835335614076826,22.049917968501553,11.100000000000003
8.001080963419556,22.92455286319775,11.099999999999998
8.29520462095209,23.460346158166097,11.1
8.093129338416079,23.46029327538582,11.1
8.306486458838306,22.674381599998775,11.099999999999998
7.890366814506719,23.335601075772725,11.100000000000001
5.451669779754751,22.09459168496079,11.099999999999996
7.186185691699412,21.59519575428676,11.099999999999998
7.688024259648418,22.630570990777258,11.1
7.606591317555248,22.820376345081527,11.1
7.585796369624639,22.464034447719154,11.1
7.585607797078227,21.842883894384713,11.1
11.473594785524147,19.478954129352058,11.1
10.65268481258376,20.764862481035905,11.099999999999998
11.676889708467305,20.759869450793687,11.099999999999998
10.961681358532385,21.186661395324847,11.100000000000001
11.88535423049897,20.88465744464386,11.1
10.55192739059202,22.049503589899505,11.1
9.32945875902467,18.314708090242778,11.1
7.5970335328290854,20.140981810126476,11.100000000000003
8.817889348387618,20.144668301354017,11.100000000000001
8.820216032659872,20.39206667104687,11.100000000000001
8.509895238402473,20.267434026289507,11.1
8.30667334193151,19.97684188969976,11.099999999999998
6.875599559600238,20.47779214619988,11.1
8.511194512068382,19.72646256560588,11.100000000000001
6.367951265719637,20.10336161193538,11.1
7.996093972896502,19.934706132041423,11.100000000000001
6.469869591554359,20.26980668800305,11.099999999999998
7.386257687254402,20.307646836209496,11.100000000000001
10.462578537774377,18.564752423225336,11.100000000000001
11.069722341656366,18.562403941344947,11.099999999999994
10.452832267733259,18.85675744292038,11.100000000000001
11.271096146190496,19.267978902175958,11.099999999999998
11.069653613169448,18.892574277701677,11.099999999999998
11.269579465811827,19.31307409331424,11.1
8.718604697470163,18.729243892955846,11.100000000000001
8.413532553640325,18.52293644803402,11.099999999999998
7.9029577632217585,19.310599271534667,11.100000000000001
8.718965298011822,19.22676585391638,11.099999999999998
8.81855673014074,18.770445221910016,11.100000000000001
8.108991170451525,19.103146682500864,11.099999999999998
5.74364200785325,19.470006668228088,11.099999999999998
6.365773017805656,18.808646024827006,11.100000000000001
7.069780582693196,18.89177191400436,11.100000000000001
7.4813071208537165,19.13916569478663,11.1
8.61746750783558,19.145476858945415,11.100000000000001
8.821204199036858,19.3116053766534,11.099999999999996
9.943445714216091,17.563552807648506,11.099999999999994
9.950751922453678,17.599995801342555,11.100000000000001
10.355736487244792,17.687115578946454,11.100000000000001
10.356243313046537,17.64456237209015,11.1
10.556369964895884,17.679627353702184,11.099999999999998
10.049075271045744,17.559026868351687,11.1
7.8041433006561425,17.26089859737392,11.099999999999998
8.10450408855257,17.299513418460144,11.099999999999998
8.506004001231922,17.346238336165452,11.1
8.002417324630681,17.18105493084095,11.1
8.003531466647779,17.180417924965578,11.099999999999996
8.604177620938133,17.26193642562009,11.1
7.375436583496425,17.641976838640186,11.1
8.400067096148256,17.353020196645193,11.099999999999998
8.81024957532904,17.437036774845406,11.100000000000001
7.885474831133788,17.478598301221126,11.1
8.096697688653434,17.72577629457027,11.1
8.20277451282847,17.478246030151034,11.099999999999996
8.28160580075159,17.298580837274013,11.100000000000001
8.484988101210382,17.382609026461868,11.099999999999994
8.293951518133444,17.22015518228067,11.1
8.795719064677218,17.343964618481248,11.1
8.790118423338804,17.505205058603934,11.100000000000001
8.584954421598189,18.10994263620806,11.099999999999998
10.561621857003749,17.765390842491996,11.1
10.86124708366144,18.377902479792994,11.099999999999996
10.75943699159621,17.97326434492978,11.100000000000001
10.460601721175205,18.01391037561891,11.1
10.248223496089865,17.801087289914594,11.100000000000001
10.34835761926705,17.68166107262414,11.100000000000001
12.210415148319115,20.837464804057138,11.434852461619482
11.90015003431816,19.941206067394955,11.435242329514155
12.207828515973643,21.72479967396668,11.767318478975845
12.107183586064632,20.86854589512993,11.437388033966577
12.201850225673782,22.040869629331404,11.437530832474623
11.900002276535014,19.950077230984135,11.4344376061187
8.00250764833543,18.934104120086552,11.100000000000001
6.579075291398556,17.560610599868703,11.099999999999998
8.397017575308215,17.85078969835738,11.1
8.302796304388888,18.225282258071104,11.099999999999998
8.3050178166388,17.933630612811694,11.100000000000001
8.20300393551277,18.307638399896742,11.099999999999998
10.314205963188481,18.38479852838421,11.1
10.87109994278287,18.381964582843423,11.099999999999998
10.964603308635807,18.229918731875603,11.099999999999996
10.754458027440826,18.514974413429737,11.100000000000001
11.066565618028964,18.17852468510309,11.100000000000005
11.065435338952927,18.841517331640304,11.099999999999998
12.607588412066107,22.227634267903746,11.266148501530267
12.306914803231738,21.624671226659142,11.266139859461235
12.605341477072557,21.128957118120095,11.268799372864084
12.605955953175568,21.91962689127796,11.270625305200891
12.706740696170984,22.495194964314823,11.1
12.404565585345955,21.51593729415175,11.100000000000001
6.667316263099328,21.309230823565397,11.099999999999998
8.513579368173868,18.7697557918582,11.1
8.105625630544596,18.68823285005292,11.099999999999998
8.412812569562304,18.810023724506102,11.100000000000005
8.715566272666281,18.602952878767255,11.100000000000001
7.704707384996605,18.520571904376265,11.099999999999996
11.885592593275396,19.72129478641301,11.1
11.263678857679475,19.02297575623144,11.1
11.365789197400465,19.315583614214262,11.1
11.465175889944362,19.60436327695749,11.100000000000001
11.477445565813044,19.14302376963532,11.099999999999996
10.959177850353214,19.150071146001366,11.1
11.783745700418033,19.01898214215171,11.100000000000001
12.40118890679662,20.833646834972356,11.268306861296768
12.402413328299353,21.446692793511822,11.606606173973798
12.003523837130022,19.667911334372203,11.100000000000001
12.502801542102508,21.724980738696555,11.43949774222218
12.205235392036817,21.351251441975453,11.609086672504272
9.23226823745973,21.017692816674632,11.100000000000001
8.101995223873931,22.55434381934348,11.1
9.633289146949659,22.801048939161365,11.271107627845831
9.523049248138602,23.218862507144372,11.099999999999998
9.827255003236264,22.134150102026762,11.099999999999998
9.122661013210971,23.26009124571427,11.100000000000001
11.67762705362931,21.84564102763749,11.1
11.886307324484712,21.678320264357797,11.1
11.164665494593232,21.349622538650387,11.100000000000001
11.778963802417293,22.05342613402973,11.099999999999998
11.57581225022897,20.465466295973577,11.100000000000003
11.781269459867836,22.212541822621795,11.099999999999996
12.195918920272803,22.760371663605714,11.099999999999998
12.904457879999999,23.784437723329294,12.292736062136937
12.904457880000002,23.721601585322805,13.167349411524054
12.904457880000006,24.25611455400514,12.977434627117002
12.904457879999997,25.134053535007098,13.336297044380213
12.90445788,25.55653322069327,13.510630879928593
5.855176869271582,23.55217045641409,11.1
7.179655087787301,24.961086797193424,11.099999999999998
7.896931450508872,24.63115568240818,11.099999999999998
8.301647351020396,24.380394218723215,11.1
10.248350852510214,25.43165412052825,11.1
8.211511593477203,23.63715379055408,11.1
9.946885875574509,24.135239636344803,11.100000000000001
11.072045682859507,24.134204329384414,11.1
11.577076524986154,24.008727990881557,11.1
11.783216916872107,24.298718565690564,11.099999999999996
11.375453041843128,24.134360040762473,11.099999999999998
12.08388109368668,25.08969427275533,11.099999999999998
12.90445788,24.320450713778015,12.293116854207959
12.904457879999999,24.469678435595576,12.470673129064117
12.805560220950778,24.53814193976597,11.939287174347424
12.904457879999995,24.635792030278438,12.811120927865002
12.70590592742617,24.40957212700503,11.605429360263583
12.904457880000004,24.098538129098163,12.12099575758427
6.06793905298349,25.716922347602708,11.100000000000001
8.315188144173685,23.843879893704873,12.611047881431318
8.202865264567578,26.590247975051962,11.100000000000001
8.608209218922571,26.256952696544207,11.099999999999998
7.896250923203111,25.80264209922313,11.271441828194149
6.773798134144974,25.170910255817173,11.100000000000001
11.987261958671594,25.3443694921266,11.1
12.187624904679192,25.050342354689153,11.099999999999998
12.090293835220892,25.675586661971963,11.440845454444162
12.085296031619379,25.301156351682415,11.1
12.087873623710747,25.21893775977442,11.1
12.086693961008567,25.54818286592555,11.099999999999998
12.904457879999999,24.365616574131035,11.948330515631358
12.90445788,25.460930738085676,13.120030080453194
12.904457879999997,25.152527677387482,13.130944089753962
12.904457880000002,23.68949986971238,12.467631732523
12.90445788,25.6940610197307,13.287735030273767
12.70516720404779,23.77903640194563,11.268128365962712
8.268911255230558,28.088008321246146,11.099999999999998
8.173949201272638,28.005576655424093,11.100000000000003
8.691608131598155,28.330884491933446,11.100000000000001
8.800070874843476,28.33008144268572,11.100000000000001
8.600049578440771,28.087427689554914,11.439062527170222
8.284080869743795,28.249638112201428,11.099999999999996
9.942660340266317,28.24600514507379,11.100000000000001
10.155386688404075,27.63140821959851,11.266913325042804
10.557450730829894,27.4262611739065,11.099999999999998
10.456934908310561,27.709693675636906,11.600426400226153
10.47542485997483,27.590819185707485,11.434524561803782
10.56539664423528,27.347402199375097,11.268030656626808
12.80638011426062,26.52196816334244,13.815324050757983
12.20777590517091,26.947377082268932,13.662494289794203
12.606719273240733,26.652674364263845,13.972439623549151
11.908747997768796,27.19781695619936,12.804608742123285
12.708323539686859,26.464179458432447,14.155375703765937
12.30870566850547,26.77992357180971,12.977023254598263
6.979221569491415,28.09399351504885,11.099999999999998
8.210518208995328,27.47471622325029,11.099999999999998
8.109578635440835,28.009719722783746,11.1
7.700322649228448,27.92726722965052,11.100000000000001
8.703276034205105,27.807222495302785,11.099999999999998
7.691957208663493,27.884151777256868,11.099999999999998
7.699569984706243,27.75252076034407,11.099999999999998
11.262694162514906,27.633466803424458,11.437003234806738
10.447057620833455,28.125464347476935,11.26613709478663
11.572532018205962,27.51451714492108,12.118461194947955
11.474593301555833,27.141548526347982,12.961966028619264
11.164094327841715,27.508464149575794,11.268117602969708
11.695480854095269,26.558830281018974,12.113907471113253
12.904457880000002,26.507026966285025,14.185036681037884
12.606602664396778,26.391275884794418,13.296545277913536
12.80620843507558,26.637285637262902,14.351886510750878
12.904457879999999,26.545088018917728,14.321278012717487
12.904457880000004,26.41148038560877,14.307124832333633
8.928211554652904,27.628369176189135,18.5
8.833339495676713,27.879980580477604,18.5
9.439651304958476,27.62897656463509,18.5
9.238686941285652,27.836273997032997,18.5
9.326790768956771,27.583055849537786,18.5
9.128234233573766,27.87364906831801,18.5
7.579354876480344,28.012667087357865,18.5
7.2803297470254025,27.9760426789427,18.5
7.671776157229983,28.10214111255982,18.5
7.4801125229225205,28.096880037169043,18.5
7.0795308421084675,28.058253481170954,18.5
7.788637516308398,28.38755323520904,18.499999999999993
6.981786455823634,27.92500356934694,18.499999999999996
7.2851411127043955,28.09060202766134,18.499999999999996
7.08426318320684,28.00823776354472,18.5
7.285732167689884,28.048278014328517,18.499999999999996
7.4821220941209425,28.4224152820886,18.499999999999993
7.493375613977568,28.256727695619972,18.5
11.590654729025747,27.300704624690635,17.469787306272256
11.082417574508593,27.34268551773465,17.81211978521217
11.386336348115803,26.83909871659493,17.30161758022792
11.584248274692357,27.17205158135198,17.46814266900793
11.67847070999259,25.601166417016117,16.612155544277254
11.37408887062955,25.463940792068385,17.47090118212987
7.690939140052767,27.29068002834155,18.499999999999996
7.691030599592736,27.496986319030025,18.500000000000004
7.28837175999155,27.498131171161205,18.499999999999996
7.188890041843042,27.70631516998522,18.5
7.7898826258673175,27.3327210012196,18.5
7.893830420341606,27.415908850238477,18.5
7.289593792892507,27.915413650011633,18.499999999999996
7.081038710576593,27.877886181695363,18.5
6.673656700190878,27.87619766705265,18.500000000000004
6.877926342045531,28.084343870690876,18.5
6.882145041736557,27.793255547900326,18.500000000000004
6.884209336263019,27.95736175162292,18.500000000000004
11.681767200078054,24.796733953016886,17.47263744020802
10.76740736993118,24.50662332297957,18.158260319610697
11.174187271135894,24.673329654062325,18.158103738633116
10.861810409377917,24.633085435322077,17.470678995357662
11.886230181159272,25.092944576171327,16.945881086618684
11.071819733981432,24.343747070259074,17.295683021432836
8.202080387558652,26.424878008471957,18.499999999999996
8.00086312612483,26.839866665904378,18.500000000000007
8.711918177210036,26.465228738776002,18.5
8.303157053052663,26.094065859094428,18.5
7.390190840614736,27.00361325780429,18.500000000000004
8.306512626351825,26.75754753232207,18.500000000000004
7.998705626156553,27.212481556293895,18.499999999999996
7.792734981572372,26.96364204895082,18.499999999999996
7.892897482780355,26.96321395452906,18.500000000000004
8.096838836588285,27.006020168788538,18.499999999999996
8.198592912072277,27.169193418498296,18.499999999999996
8.198926152197364,27.169238765778772,18.5
11.68722665232329,23.888510167467455,17.470296915823507
11.990024186053548,24.221474264893814,16.789600081600224
11.989301743630586,23.228910615221807,17.64385148160847
11.988023791269825,23.226525080857897,16.958503195167662
11.685472384592721,24.054703404517205,17.98619317255891
11.991015152815223,23.889871601436,17.46954794228685
8.619054441270874,23.928916264100536,18.499999999999993
8.822511614143018,24.38537754875592,18.500000000000004
8.520995755370546,24.67609769771377,18.5
8.212014626824224,24.052713836692735,18.500000000000004
8.505800247731607,25.595228257055123,18.5
8.316626579562472,24.38563601119518,18.500000000000004
8.824011600560983,23.052910810771813,18.500000000000004
9.026682588688132,23.01143529839567,18.500000000000004
8.82277732183067,23.218169875078956,18.5
9.025757571221472,23.177074352801057,18.500000000000004
8.71742956218382,23.554093954048366,18.5
9.32912611093684,22.845234311184043,18.500000000000004
11.989325550602812,23.386611362306834,16.786912929393047
10.865074212352605,22.265366035289677,18.499999999999996
9.942792381405075,21.0140476142641,18.499999999999996
11.481077150785474,23.25619058215347,17.295388086298995
12.193362088658814,23.3502443213695,15.913258495287131
11.887400289620624,22.97051018080644,16.954523999080887
9.019961462632017,22.427139652400307,18.500000000000007
9.535368340837204,22.84650955371915,18.5
9.433685003955404,23.01135922940566,18.5
9.12684359540491,22.63716767689528,18.500000000000007
9.845143743121824,22.434295193115176,18.499999999999996
9.531414502704168,22.887452498175225,18.5
9.427865081552305,21.966987807559498,18.5
9.330933446873031,22.21727935515821,18.500000000000004
9.63031792313705,22.22490841809565,18.5
9.434142166125833,22.43215159470986,18.5
9.93655690766312,22.26079521906721,18.500000000000004
9.126211013125818,22.67907320348963,18.5
10.457393258208675,20.682400148325847,18.5
8.619219440660997,18.437257181849084,18.500000000000004
11.060622462314253,19.721397970485576,17.816537573588032
10.865561025132315,19.64239868439333,18.5
10.965588411527385,20.640882058173073,17.985362204210507
10.148108370023694,19.642515943957086,18.5
8.525698999737262,19.679372522414777,17.64076820510315
8.621606961959136,19.476420926685545,18.500000000000004
8.926799459743155,20.30637049699917,18.499999999999996
9.031508797909312,20.0159049954372,18.500000000000004
8.416029663531098,19.80841913177569,18.5
8.923032218331178,20.512865978795897,18.5
8.613462881772206,20.515926412472904,18.499999999999993
6.88229541784158,18.603210777636356,18.500000000000007
8.005196630498105,18.975212626805554,18.5
7.695801989285698,19.390095639132152,18.49999999999999
8.010353467132457,18.10363897030511,18.500000000000004
8.820741865717892,19.097574262834833,17.987069447270677
9.128592234983966,19.141785076398044,17.642381276147063
10.044555809817695,19.80774473966614,17.469790551461323
11.473562234263742,19.891557666710124,17.81450026115107
11.163985604480892,19.724084546745956,17.98715407186096
10.046555337088998,19.26719269212631,18.5
10.352451935611448,18.93642623621732,18.500000000000004
9.236668877659339,19.63584737956303,17.471780090958415
7.390155455807085,18.727807270485226,18.500000000000004
7.286325318766124,18.640416382024124,18.329223476426947
7.5946348431313275,18.063815652997977,18.5
7.180513788359113,17.97699090403389,18.500000000000007
6.978793250824258,17.772321842701885,18.5
8.20674129257846,19.14111735238032,17.812416572372147
8.518049247385362,19.098541797050014,17.98722783427937
8.513311866573314,19.678541346109807,17.300496772802607
8.20832735225717,19.13960399228055,17.813411797957784
7.994462001531497,18.764603405490153,18.1579588105932
8.308578383167957,19.512561696859738,18.15873038520276
8.21391338301833,17.938096073726836,18.5
10.248601042904227,19.514450416213656,17.126702955740512
9.437976424341798,19.56240253136005,16.43148607680741
7.390999847390381,17.896034417984108,18.500000000000004
9.533903512796785,19.141369746800834,17.813453828168964
10.765353445231584,20.398364093986032,15.221744733419987
8.095667915662785,18.418499896418776,17.819000630478197
8.700360316247705,18.825770053090224,17.649605747561804
8.700548015934531,18.74415497481326,17.65170607453407
8.302286793436224,19.098090845527544,17.669113705497278
8.501910463969006,18.706585148815904,17.65068930512362
8.807146703730195,18.583973227398676,17.817928025117208
7.483306901442986,17.643281863920475,18.15959964893311
7.0761809545741325,17.432685215185607,18.330940953716798
7.487397020505373,17.686061522631135,18.328994466339065
6.977556213652053,17.639557901721275,17.99078687937194
7.276209029478153,18.380652735153117,16.96947795884916
7.078652145663007,17.67997182758905,17.821394784815347
9.53812445650388,19.52194912952016,17.290841162926167
10.12520054199866,22.465833609671638,15.07888203631639
8.79451578485303,19.76922377326411,16.9717564968623
9.729049830175141,21.941478248252153,15.41444472187941
9.70694778481632,20.97137546367276,15.94145780921894
9.20863532122652,20.234736786103117,16.62132915529769
9.83842860126389,21.38554591269947,15.059677302742706
8.517913481616294,18.640636817036494,17.471593297757842
8.30921704840747,18.556223858620363,17.64550556679738
9.931658727419157,19.093263305773316,17.305140698638183
8.91584041200049,19.340455544025254,16.78591823679357
8.81079064593613,19.337606520172066,16.96103861617313
12.503361122644835,21.27619466818675,17.655309666572087
12.802808961077057,22.349957944943107,17.138732018681047
12.602455161456541,21.39381977655482,17.658322172324162
12.704991705144906,21.85211987841233,17.99421030777527
12.401382983858632,21.451713351710076,18.33123394048146
12.499688346234779,21.915504044327438,17.307197968220677
10.55872201353668,24.052381653731395,16.42450988050234
8.29627611044901,20.727647922226733,16.45257340407956
9.213877963095658,21.194906600708503,15.931890426381877
10.328793199890567,21.69017000685722,15.932324157696643
9.728246643784427,21.243525332813125,15.923650244550553
9.106167126206705,20.027326115772986,16.623945850216025
10.04965102173043,19.93124547543842,15.922058346839357
9.130036045381837,18.975931045670194,18.500000000000007
10.972704836448038,21.434922866826387,16.26081518902973
9.541116501097196,19.89131291721366,17.294301106653606
10.56006684226961,20.476715700223135,17.642436888409105
9.534841821036965,19.59477940534684,16.78646053665846
12.600916046244938,21.821197627000572,16.621494519964852
12.904457880000002,23.426684197704105,16.637309782355263
12.80420912235108,22.021380546617948,17.143211801590546
12.60139939653329,21.23589215408065,17.824701791052252
12.904457879999999,22.469506933749653,17.485843365772645
12.499352842247331,21.696782643776878,17.484108671420504
8.714205355590352,21.423192402142885,16.95289592670952
8.102591156450407,19.471592964767325,17.64090714327955
8.205754677579673,19.844549656448503,17.470049357735537
8.721041348972182,19.980025135383965,17.119202910096245
8.001848635193644,20.472064487491135,17.46797540732488
9.429435494568573,20.593461154733337,16.952164985963698
10.146233685476554,20.88740392657146,16.956226423373163
11.069269563833705,21.715480750821158,16.955599450666433
10.858241455723336,19.932273298744004,18.499999999999993
10.854575544717694,21.215747389195425,18.159427221884883
10.857689391823074,21.71426568497937,17.129322950792826
11.368801892270387,21.177320113350905,17.300344942758386
12.299353973008786,21.207011171266775,18.500000000000007
12.904457880000004,21.864129147056996,17.31925651477243
12.904457879999999,22.436475862394822,17.994271872061248
12.701700272742878,22.355466732526807,17.14292941869241
12.504478066009801,21.62408273042387,18.162425891141847
12.904457880000004,22.24376466321502,17.137037247321572
8.206525693007869,23.920029173779582,18.158208733900178
8.922656954082278,23.891821025957345,17.286763208543494
9.128664152317857,24.80051731206863,17.289808046593514
10.050244617208142,26.386640292398432,16.947145454571363
7.898420762595026,22.54841044563257,18.5
8.812396622000652,24.251596347761126,17.814503755591044
9.639235026321295,20.2228420228536,18.499999999999993
11.366278288550088,21.639131735016026,17.3009835654254
9.642427626028809,20.73157532296761,18.5
11.370606448340785,22.885059047696224,16.954293577245082
11.47535333130034,23.394025355000082,16.602281280043982
10.66082936141447,21.63315757923884,17.986670672811744
12.904457880000002,23.281403615411183,16.96570154446471
12.90445788,23.252220741643402,16.616452404813305
12.904457879999999,22.62373010087917,16.627600382898976
12.904457880000002,22.37546189279611,16.632919121470657
12.904457880000002,21.61253435447115,16.794083856485354
12.90445788,21.535646150749898,16.970681951710766
9.633526827670623,26.712036656771684,17.124335736281992
7.99773187237972,23.545868056117488,18.499999999999996
8.106429151394982,25.30035757516516,18.32888557334771
8.613710405665286,24.920794914977176,18.329381990308278
8.10082256083415,23.17492578949357,18.499999999999996
8.918754280043068,24.381455509391127,17.985604432928398
11.483698333619058,23.765522896467456,16.958421350225073
12.090025399740087,24.964573617945945,16.956727868696078
11.785061496656589,24.260181649129258,17.468418825912085
11.986793123355664,24.217042559569695,16.959948939357353
11.477476722597919,23.636661628738445,17.29823262151494
11.584611194342383,24.134959062519957,17.301859241426346
12.904457879999999,22.873539616753416,17.138618391534177
12.90445788,24.223481132393996,16.25362380377437
12.904457879999997,24.310091206908197,17.137053891663978
12.90445788,23.797668938294112,17.472427139873254
12.804117195817888,23.84857068158465,16.43010778419801
12.904457880000002,24.114516423955724,16.949782165422622
8.002481935269275,27.500294992059548,18.5
8.61226596745115,27.046110135421742,18.5
8.510778785177086,27.210685910845886,18.5
8.518937776452082,26.300856335410487,18.328635184471853
9.021184876662195,27.169891331423823,18.500000000000004
8.713636715135015,26.920707369707717,18.499999999999996
8.10450874163419,24.136364762313413,18.5
11.889837807535264,26.713026211746353,16.432811635996888
10.45304646022485,25.799121737922846,18.327733242324996
9.11876766631109,26.592534017140572,18.499999999999996
9.434100496910167,24.5137603795621,18.500000000000004
10.562767727292528,26.29403874922234,18.32886431566213
12.904457880000002,25.360527883008977,16.284174698134926
12.904457879999999,25.050499512011196,16.793987452760582
12.904457879999999,24.966089500962447,16.96219995384644
12.904457880000002,26.011648938954426,15.598685235174868
12.904457880000004,23.854289415324445,16.798102912911908
12.904457880000002,24.30805477830633,17.315536189671636
7.483375037226197,28.38290964300001,18.500000000000004
7.57416561148454,28.099521834698194,18.500000000000004
8.280067617398158,28.180747887605953,18.500000000000007
8.086710093553158,27.39257004599335,17.819108130001442
7.88195201307189,28.131811132786677,18.500000000000004
8.287363721306775,28.213585441263145,18.5
10.140167248868451,27.5416148699866,17.30173447058147
9.110220958640936,27.127476498669434,17.988248526796625
9.30613719871053,27.414570861337612,18.331319227185272
9.008818674150197,27.3324377641746,18.329530533677655
9.533648881116626,27.377118323347805,17.98783334662811
9.825122009664533,27.583576524938586,17.473133837938672
12.708024133086619,27.00077536984584,15.287099388429995
12.80544014571022,25.770203405775685,16.286920260974206
12.706493300681943,26.831484158958613,15.446818435718683
12.904457880000004,25.578691179342854,16.63926590990555
12.70503140227689,26.17481738714746,16.1184784364999
12.104888561858193,26.942694312217103,16.78550548838985
7.776032774331949,28.43255265052031,18.500000000000004
8.182619295261256,27.84907353221279,17.824014397481804
7.879016435783664,28.14046007658075,18.499999999999996
7.675973037904313,27.93052851793022,18.499999999999996
7.873456785839057,28.097601683093874,18.499999999999996
7.781028288217809,28.045428870867724,18.500000000000004
7.79108907350864,28.12691835845754,18.499999999999996
9.54136146930249,27.960329063436586,18.499999999999996
9.637509849333806,27.8366108764684,17.817425732767763
10.056792427926657,27.797023100309172,18.328408121437498
9.965819904197478,27.801756923360845,18.329984631940206
10.77342451837606,28.130498827138005,17.46405740217094
10.578344640621033,27.759377618870705,17.64658183498833
12.90445788,27.071544024266856,15.43280987711843
12.806043967794384,26.50767014787693,15.798565109777394
12.706695118063505,26.18173037680036,15.946641186204975
12.904457880000002,26.038372203963522,14.913946903442541
12.708856864216125,26.412002951156904,15.799790020502986
8.525137587392566,28.294268406324807,11.099999999999998
7.903045533764924,27.964648759772984,11.1
8.508692235029807,28.208735079491138,11.1
8.819724841947343,28.171477090035154,11.099999999999998
8.621948358507684,28.253537863892582,11.1
8.519264331207598,28.088886358803276,11.100000000000003
6.678492449930682,27.681263887314277,11.1
7.072527751732233,27.719158943116955,11.099999999999994
7.174419966667579,27.67984104024602,11.099999999999998
7.183500569018013,27.76468301132635,11.1
7.378039711864514,28.00658754397142,11.100000000000001
6.984472946397778,28.011280725261553,11.100000000000003
7.268802906162727,27.62799089465664,11.100000000000001
6.768510058845286,27.503069955565618,11.1
7.171821846351705,27.670310058487885,11.100000000000001
6.771809391163134,27.965075381195465,11.1
6.96960914740933,27.752117118937424,11.1
6.873698414178397,27.546942749630244,11.100000000000003
11.687682721579689,26.67217119262591,11.270213145762165
7.493860869711981,27.54476825880476,11.1
7.288236793118181,27.215498911555358,11.1
7.284779916489666,27.37711632848974,11.1
8.603638556677511,27.626792113288534,11.100000000000001
8.50658856465579,27.753422805640977,11.1
7.480921822267397,27.09066732232989,11.1
7.2857681714079705,27.55555378292463,11.099999999999998
7.378437280954227,27.841581158913854,11.099999999999996
7.580226834748519,27.885355334662513,11.1
7.073800372759279,27.67466405182205,11.100000000000001
7.18830468307351,27.597388819493734,11.099999999999998
6.052421450252414,27.041106513581937,11.099999999999996
5.75360096049588,27.207289901278838,11.100000000000001
6.870038717989673,27.214252430345642,11.099999999999998
6.664907945178312,27.00509847945559,11.099999999999998
6.150379533372744,26.910935893878143,11.100000000000001
5.548576424972121,26.99735232475793,11.099999999999998
11.06615657392282,26.46723622103606,11.100000000000001
8.403715305012888,27.045818049823882,11.100000000000001
9.532420734983633,26.003671060872488,11.099999999999996
9.63572329711704,25.838317726465167,11.1
9.845866286611605,26.213411461878085,11.100000000000003
10.358782334731158,25.507449138034637,11.1
6.874922358715184,27.58935710004705,11.100000000000001
6.882199061334912,27.42269136939744,11.099999999999998
6.879631418776715,27.547295359694758,11.099999999999998
7.789468099949371,27.7135137821436,11.100000000000001
6.872246790070904,27.417984321441608,11.1
6.578678279829062,27.498899133819684,11.099999999999998
6.259761467387455,26.671812422128443,11.100000000000001
6.365300039887799,27.046314823860907,11.099999999999998
5.744345761216761,26.66723725890174,11.1
5.443498554584985,26.79231850295082,11.100000000000001
5.647577233011072,26.953326877053318,11.099999999999996
6.051719466830326,26.70587166207929,11.100000000000003
9.542053995365318,23.72049651385924,11.099999999999994
9.422350341569246,22.63895171297726,11.100000000000001
9.234692919573257,23.01392589231931,11.099999999999998
10.038096688104092,22.347693226171046,11.1
9.431949907634682,23.678260918050153,11.100000000000001
9.438193716695597,23.594439333422432,11.1
7.800366414178136,24.88116194494157,11.100000000000003
6.886842943139125,26.420920912356813,11.099999999999998
6.674629686535886,26.335297810981032,11.099999999999998
6.476968432825975,24.46520442603861,11.099999999999996
7.385472830531715,26.512508306278686,11.099999999999996
6.270776215694647,25.500499444115853,11.100000000000001
6.253208254993116,25.871663200881795,11.099999999999998
6.859725618610216,24.71686784137507,11.1
6.548792876281397,25.376813725488464,11.099999999999998
6.85435488282066,25.58284436693034,11.099999999999998
6.556216871087217,24.055466719983364,11.099999999999998
6.041997725038211,24.386105055563096,11.099999999999998
10.556934150398652,21.59656001805985,11.099999999999996
9.74198011219125,20.97419265008506,11.100000000000003
8.00464526299268,23.009359984326963,11.099999999999998
8.715310098238021,22.628614834056357,11.100000000000001
9.542102037468709,23.55741536312018,11.100000000000001
10.153733508780165,22.808155476837726,11.1
7.996581569804568,21.179310198145757,11.100000000000001
6.172563534397943,24.0982627208475,11.099999999999998
6.069485341719389,24.921254797867228,11.099999999999998
6.579835639462413,24.509048141662138,11.1
6.682653260938605,25.05054207070054,11.100000000000001
6.175478751196317,24.969209119203438,11.099999999999996
5.041300796153086,23.30307199707634,11.100000000000001
5.539372246077337,23.22387514635463,11.100000000000001
5.339098284866787,23.8847091041965,11.100000000000005
5.53492377480041,21.940868806806375,11.099999999999998
5.537802600614042,22.39697030641752,11.099999999999996
5.234065560821473,22.007771640044975,11.1
9.844127860626823,18.651088651063272,11.100000000000001
9.131757127923496,18.855700681565914,11.1
9.02566122265366,19.226818099490075,11.099999999999998
9.641075846275262,18.73283911332888,11.099999999999998
8.927323988983389,19.061998506262004,11.099999999999998
10.05415874152786,19.023214980726085,11.099999999999998
8.20672076724058,20.059412636513837,11.1
8.298917347471308,19.600426344616977,11.1
7.078486765902163,20.02111680131914,11.099999999999998
6.564971462695946,20.38934617388619,11.100000000000001
6.673060720180937,21.137894344578104,11.100000000000003
7.686882247786377,19.4815950795716,11.100000000000003
5.640835531910818,21.43023354215059,11.100000000000003
6.153348607692463,21.474745393480788,11.1
5.651096316493323,22.801330640192496,11.100000000000001
5.954403565793986,22.466445183379985,11.099999999999994
5.953978247005776,22.800462923746654,11.1
6.456921797674998,21.434030449471404,11.099999999999998
8.809135247655297,17.647493882790442,11.099999999999998
9.427373988759067,17.689387366615783,11.099999999999998
8.30349394629618,17.726719523390937,11.100000000000003
9.117687699503431,17.85271904458695,11.100000000000003
9.224862080122818,17.81197610840516,11.1
8.712565494161709,17.64579719967835,11.1
7.077860366653014,17.685736913824318,11.100000000000001
8.922007395108892,19.01756959804289,11.1
8.20804709433134,19.143424010213916,11.099999999999998
8.61681526842529,18.727865620318205,11.099999999999998
8.817423697632286,17.98016419063782,11.1
8.107861833974729,17.898898187828976,11.1
5.240865304364852,21.085349896027953,11.099999999999998
6.568296237976283,20.473932178496504,11.100000000000001
6.4597260685276625,20.55129675935746,11.1
7.166976963085548,19.63705544343119,11.1
5.544818293329047,21.418057691468867,11.100000000000001
6.460778959375364,19.969221817399422,11.099999999999996
8.307086514170392,17.388412231029637,11.099999999999996
8.211369303012534,17.264852038424984,11.099999999999996
8.099347990965724,17.14061265618463,11.1
8.205490113364036,17.142048735184922,11.1
8.096804346812542,17.180790644307834,11.099999999999998
7.99996186649884,17.22479736149086,11.100000000000001
7.891932768563407,17.303026127844586,11.099999999999998
7.991868078741179,17.17951941690324,11.099999999999998
7.287588692999426,17.388391538976034,11.100000000000001
7.591378193920441,17.262773594249225,11.100000000000003
7.8947790905817925,17.34374662135773,11.100000000000003
7.9860283987786085,17.633891809402247,11.099999999999998
8.484742996167911,17.267365584867697,11.100000000000001
7.164720349262245,17.75725630224651,11.1
6.862708165294974,17.79900652963981,11.099999999999998
7.158985981135229,17.929751356525195,11.1
7.568692234508224,17.722408539446487,11.1
8.176870723518025,17.516988669388912,11.100000000000003
7.367797041331735,17.262082507819276,11.100000000000001
7.059066084785988,17.4250836696085,11.099999999999996
7.264366400457001,17.260454007352305,11.099999999999996
7.370395042381313,17.258303078448456,11.1
6.7634761944527915,17.423749774315777,11.100000000000001
7.554158636931469,17.177384156235526,11.100000000000001
9.504907269630767,17.4231036360155,11.100000000000001
9.298037298611659,17.508663093501724,11.100000000000001
9.40935771773014,17.429995635404257,11.100000000000001
8.908569825812062,17.389137491915932,11.099999999999998
8.497451041504691,17.263354938876873,11.100000000000003
9.31298816203017,17.471289066186266,11.1
11.379927266455516,18.09795151988075,11.099999999999998
11.590109731213612,18.67626860592956,11.099999999999998
11.591818329055794,18.511107558962113,11.100000000000003
11.588514776201695,18.34842084774711,11.1
10.872723529144512,18.30228366911953,11.100000000000001
11.295778264860244,18.47018804769493,11.100000000000001
6.670186503906396,19.269739566134476,11.100000000000001
6.979715871841133,19.26446053851246,11.099999999999998
7.272060381967994,19.300973332473376,11.1
8.605574526841643,18.809315043979844,11.1
6.665575088225659,19.223856333183026,11.099999999999998
6.969618662051689,18.641562865939598,11.100000000000001
8.517732899309468,18.647714937261316,11.100000000000001
9.12387422733814,18.481047781814258,11.100000000000001
9.121178409991979,18.062878536150098,11.099999999999998
7.595562929819585,18.27084492443359,11.1
8.104100681101361,17.97844154803921,11.100000000000003
8.819522866858659,18.687324441500895,11.100000000000003
11.586360894288537,19.056742177278508,11.1
11.294687612649525,18.930242919224845,11.100000000000003
11.592930164496265,19.499453681086244,11.1
11.793949268054266,19.74621224322188,11.099999999999998
11.394573849354503,19.004133028622547,11.100000000000003
11.580929557833597,19.218969650133015,11.100000000000001
8.820611783317478,19.978212541262867,11.099999999999996
7.1856228358308645,20.43521154016203,11.1
6.460757608758763,20.270640696753958,11.1
5.541507409649542,21.160651725055384,11.1
5.53960500053838,19.84382232176232,11.100000000000005
7.285324113453982,20.475378368581342,11.099999999999998
8.62416558734993,19.726906106624348,11.099999999999998
9.325282332588749,19.93625511960207,11.100000000000001
9.129909242658874,19.563255562412547,11.1
9.224734178446951,20.019906946908318,11.099999999999994
8.31301952898281,19.352815717500587,11.100000000000001
9.026057631972014,21.13966829235427,11.1
11.986944048649713,20.218331401820485,11.099999999999998
12.08420161728394,19.43224837169095,11.1
11.889274781010558,20.095951059224245,11.099999999999996
11.784486215088457,19.5141788122332,11.099999999999998
11.987863213560418,20.347958142413127,11.1
11.886088007480717,19.800534793407888,11.100000000000001
5.752309017975342,22.592350410334298,11.099999999999998
5.438307189879093,20.258056609605948,11.100000000000003
6.053499451956226,21.96061180406343,11.1
5.242609889221146,21.296329585096935,11.1
5.645279437241599,22.168302297573863,11.1
5.44472675915654,22.00779120406186,11.100000000000001
10.343769639752706,22.428493085162344,11.099999999999998
10.140413179294594,21.88783511617044,11.100000000000001
9.941585448116202,22.303192623378386,11.099999999999998
11.36791917766354,21.388361575138397,11.099999999999996
10.345291389577575,22.673599268489024,11.1
10.659075258431802,22.675949562044504,11.100000000000001
12.70311414770646,22.081652529705107,11.100000000000003
12.398870976065488,22.74196288125118,11.1
12.399125522130685,22.50237251894737,11.268475194505632
12.19649221306952,21.42476497124684,11.100000000000001
12.504783223272952,23.125176582210837,11.437036564271741
12.70459064182365,23.50181248592471,11.604994142647996
7.082264319980473,23.262850118020793,11.099999999999996
6.979063712535598,23.302620491955242,11.100000000000001
5.959374530914455,23.718693850291068,11.099999999999996
7.084970756257619,23.75862374631344,11.099999999999998
6.2674182531761105,23.549776420332964,11.1
7.4944983177810105,24.132743771695534,11.099999999999998
9.429859636774598,23.845200349016476,11.099999999999998
9.635917141010337,24.134581324412842,11.1
10.044552342472496,24.218193591311486,11.1
9.236352456468524,24.34298836112277,11.099999999999998
9.32991387579667,24.79984893654504,11.100000000000001
9.63412152487115,23.560067958542245,11.1
12.192063464655776,22.636402506199644,11.100000000000001
11.994424743024222,23.05174430478433,11.100000000000001
11.989122663502979,23.05866520195719,11.1
11.889560939804147,22.886043174326176,11.099999999999996
12.193036677293305,22.932580925619018,11.269673013272609
11.889761702965192,23.266206465184123,11.1
6.869984475509983,26.880415326708118,11.100000000000001
5.9569688496836175,26.088295880381793,11.099999999999994
6.775858129879301,26.884238896213226,11.099999999999998
7.477964491832477,26.92046995212073,11.1
5.959543595703286,26.133049059527472,11.100000000000003
6.366942447088846,26.303792550403934,11.099999999999996
8.725190560522602,26.80322844794253,11.100000000000001
8.615631635150642,27.716838468326017,11.099999999999996
8.007764385063464,27.755402634176708,11.1
9.84390135099007,27.545350256564596,11.1
9.240008514919117,27.880276692823898,11.100000000000001
9.03284444023654,27.631257538944414,11.100000000000001
11.993840281711048,24.594459660681597,11.1
11.681742210664456,24.468320111105825,11.099999999999996
10.968009104362816,24.68014028538885,11.1
11.580852580389362,24.79595285525194,11.099999999999998
11.17710145878339,24.223057531657503,11.270280838198437
11.990318096371855,25.178220642685496,11.783236165357795
6.967627299567859,27.541835533114288,11.099999999999998
6.661885642117305,27.005385058429596,11.099999999999998
6.976434361769793,27.71036847901211,11.100000000000003
7.083840368638602,27.3398873975232,11.099999999999998
7.273173132348949,27.5881653470015,11.1
7.4808681132526225,27.62806555139469,11.100000000000001
8.783155724074643,28.085868762514554,11.100000000000003
9.72900583977407,28.117769309358366,11.100000000000001
8.71342313310299,27.91893272366253,11.099999999999998
8.509869588534563,27.915409095643398,11.100000000000001
8.38007808874939,27.919431274188614,11.099999999999998
8.402281967859828,27.7522840698997,11.100000000000001
12.602748146397927,25.497258726971097,12.112503713667056
11.394307947191798,26.812216547939638,11.268813857644023
10.783223619936676,27.145500281516288,11.1
11.390717897944096,26.61231726057389,11.099999999999998
11.294198338443868,26.9801528160247,11.433879483076776
10.896311695277333,27.184823866877466,11.267299405392004
6.66798960024756,28.176201964716068,11.100000000000001
6.567297726395428,28.050995115385714,11.100000000000001
7.088921030053382,28.09478880421405,11.100000000000001
6.988002353574673,28.29854839035077,11.1
7.397239154945051,28.134803272632777,11.100000000000001
7.191240133077164,28.258436855979006,11.100000000000001
8.005784975856178,28.046240207246935,11.1
8.402402760258813,28.252193179524227,11.1
7.792405640524099,28.046788009845784,11.1
7.886431396907149,27.963398931594316,11.099999999999998
7.991927505226196,27.961883255277595,11.099999999999996
9.01700653633688,28.20952243202325,11.099999999999998
11.903843542774935,26.57306501340315,12.274713435566031
12.398999762348371,26.113072840484957,13.131717321270584
11.579560790881086,26.854073008672362,11.268480346176494
12.403435422333363,26.61079039133794,13.312905131255427
11.28871861839543,27.183828480421784,11.946784102092206
11.897790699766796,26.770640407251165,12.805378698479496
7.889308323613626,28.257687446680084,18.499999999999996
7.487487358693787,27.926628006045803,18.500000000000007
7.780249849194227,27.961172448335574,18.499999999999996
7.790152687719099,28.051045491426972,18.500000000000004
7.69162166479189,28.005646875134754,18.500000000000004
7.482927010383277,27.834654814458275,18.5
6.975175724683486,28.26610946727595,18.5
6.972127515665368,28.266386834193703,18.499999999999996
6.777460353518385,28.25955267258595,18.5
6.9714770881891654,28.262683165238556,18.5
6.57567263240646,28.216889140389224,18.5
6.774490793358921,28.300370575079267,18.5
7.491341136726709,28.20743280781769,18.499999999999993
7.190151193174374,28.04134875416327,18.500000000000007
7.59512394628687,28.28925880287382,18.5
8.100809400922289,27.712740904979213,18.499999999999996
8.511960123468164,27.668478609259896,18.499999999999993
8.105524581868053,27.709251036815736,18.499999999999996
9.207130531646486,27.042882599307436,18.499999999999993
8.608046476960922,27.54079394263238,18.5
8.095617541242936,27.539202949745032,18.499999999999996
7.994249193195139,27.457556047891345,18.500000000000004
8.497483692549341,27.412307813710726,18.5
8.707651855876678,27.458159325984322,18.5
7.4924455016011295,27.627014162119472,18.499999999999996
6.772942716549112,28.13483275813056,18.499999999999996
6.980948134099505,28.04865920959881,18.500000000000004
6.974460706212956,28.219391543903036,18.5
6.978424969364672,28.048487635097047,18.500000000000007
6.877461103580946,28.175813490835218,18.499999999999996
7.282189005903238,27.91890487820307,18.500000000000004
6.775826689219784,27.58554525247802,18.499999999999996
7.081168296418478,27.626685396567837,18.500000000000004
7.383127786308418,27.79446391985815,18.500000000000004
6.981682134462367,27.33997567711627,18.5
7.496084474806764,27.628534090066484,18.500000000000004
10.454909805045316,25.008099685417015,18.158088278520918
8.710378678328142,27.08751508095024,18.328777056148372
8.101458898175805,25.13612597633385,18.5
8.508626820440051,26.09302997378049,18.5
8.00287392078799,25.512854536947742,18.5
8.100057022615669,25.675484013231117,18.499999999999996
7.900035965421299,27.250353515918267,18.5
7.996405232410333,27.00264316450477,18.499999999999996
8.101757133286446,26.961075676558593,18.500000000000004
7.6128539316054376,25.998995678414847,18.5
7.592250322770716,25.924832659320014,18.49999999999999
7.7962359324425945,27.085009647557737,18.500000000000004
7.592700093578686,27.21202123191536,18.499999999999996
7.58586450290461,26.17584058455702,18.499999999999996
7.484829222844178,27.335287236139145,18.499999999999993
8.30553292757065,26.135292526521066,18.500000000000004
6.869389748210813,26.25870157315891,18.499999999999996
7.60162758041604,25.05088858154555,18.500000000000004
11.578713371027485,23.720102983424315,17.644479207685183
8.822464195179474,24.301978826232524,18.500000000000004
8.926545117569392,24.01162040868073,18.5
8.104719422632044,23.387579317803848,18.500000000000004
8.413897080527297,24.423976911817174,18.5
8.104562039583955,24.093188176868903,18.499999999999996
8.814775405563683,25.67829441311689,18.500000000000004
7.988009454560881,26.250077112312713,18.500000000000004
7.487068414022609,26.748468741432998,18.499999999999996
7.289189199599039,26.752417690276843,18.5
7.283094488720407,25.592036713111522,18.500000000000004
7.99658849300766,25.550752051772157,18.500000000000004
8.202169686155045,25.264879553661117,18.5
8.623016987650793,24.345740274631133,18.5
8.820222520924522,24.717490037722776,18.500000000000004
8.606890185952402,25.638220734235016,18.500000000000007
7.997773850404843,25.7629350803819,18.499999999999996
8.518514192892404,24.38696983345613,18.499999999999996
9.33703446980159,23.303213472590624,18.5
9.540780549322053,22.471042868951088,18.500000000000007
10.052355610126929,23.38628008009871,18.329218955601167
10.765783229614346,23.5936845427231,17.29637699022588
10.559270974078617,23.304071356712726,18.155268053076195
9.637844876741509,22.38919532456041,18.500000000000004
7.792998885978437,20.435377477510592,18.499999999999996
7.287360043087667,21.887686871770494,18.5
7.791979170114214,21.017787149152344,18.32884174583472
7.486942311279945,20.517397685351927,18.32857001914137
7.692674029459399,21.305739343521715,18.500000000000004
6.677410835099491,23.384790724541343,18.5
9.023284116127819,23.300686348925304,18.499999999999993
8.816715454195018,23.31490153668518,18.500000000000004
8.720448881993022,22.970575573132447,18.500000000000004
9.330461739483841,22.887249499379497,18.5
8.827512174050561,23.51098135705673,18.500000000000004
8.822474966207082,23.67647070690021,18.500000000000007
8.523533532558139,19.470637800864875,17.814323447862332
9.038720261157465,19.96953066102717,17.29835005761147
9.541047670065137,20.297753535971378,17.30209511038123
7.80480072498613,17.978406729290832,18.499999999999993
8.828150305547684,18.685185739047057,18.157085526706396
8.519585914370845,18.27057749015825,18.500000000000004
9.328280648278314,21.554190886017523,18.5
7.393135451264449,21.467295453506846,18.154431720757074
7.289853939199287,20.922749991116948,18.155965282263686
7.4924359611776055,21.304774261575343,18.155538731168548
7.492245265711425,21.04701692566473,18.155500347428607
8.514389910688475,22.9209148036568,18.156547946972523
8.823863640650385,20.22100933077735,18.500000000000004
9.02928556891348,20.888066767373278,18.5
9.533766723739564,21.348123427286147,18.499999999999996
9.532773237935649,21.725997245731698,18.499999999999996
9.631403704666486,21.098257097877028,18.5
9.126041810171557,21.389705473360035,18.32878460240642
8.409897506316378,19.098024912416374,17.987292757651513
8.921563875779185,19.09682385662831,17.98801381143988
8.92341355377219,18.393131790052845,18.159075457960046
8.71878382076844,18.806887020634264,17.817498744280954
8.514671003495978,18.641520129335436,17.988183029148782
7.903645811436981,18.351478720150013,18.500000000000004
8.308261398597747,20.168709211702353,16.613720488255584
7.9944228948774105,18.885622905910736,17.98728708363788
7.591243243561675,19.13669318613216,17.985431692300903
7.392023304704701,19.974460736931995,18.500000000000004
7.487434419511542,19.42518137635203,18.157860024464025
7.391839558413058,19.3852700522019,17.98639712764785
7.493283863444585,18.019293956372554,18.500000000000004
7.075885183628608,17.8120907127617,18.500000000000004
7.5945199916578945,18.8934319103088,18.500000000000004
7.079513548638813,18.099648158368815,18.5
6.369464005017432,18.22117710614605,18.500000000000004
7.082142519849293,17.97452169108039,18.499999999999993
7.999593108117317,18.30901427224076,18.159301528323798
7.391939249392612,17.85308308757197,18.500000000000004
8.100727682033975,18.432829262092607,18.15931141389586
8.206337915791558,17.86561668650835,18.499999999999993
8.402981210948544,18.473801329444033,17.98801444010814
8.102646977335406,18.310423547854032,18.500000000000004
7.887485085762553,17.718054374085984,18.161244537571484
9.398597834308205,21.8195195144558,16.119833565406722
9.603148203197426,21.819886032144037,14.933763356690218
9.599889150161253,20.42881081160525,15.78034468877576
8.794176708829987,20.549930184706064,16.630151073047205
8.391713047793317,19.028637224641297,17.312014990685388
7.072331477241721,17.56003673165746,18.5
7.38064008902013,17.684366117277783,18.500000000000007
6.669261936576142,17.766812722902557,18.500000000000004
7.383738450350148,17.726151966045222,18.499999999999996
6.774593869877318,17.809357713294908,18.5
6.969982822919228,17.678376984629914,18.331058392972555
7.985441608131735,17.88998415253814,17.81815692973529
7.377630823985443,17.682934359731856,18.329916030529926
8.292787599994067,18.63174322664306,16.451619590507487
7.175215169062895,17.47423073545121,18.5
7.177595051425955,17.394733677925753,18.5
7.79114904659922,18.802407609932345,16.616067322377514
9.514321097350214,20.364879207712008,15.935196427249778
9.51082196998894,19.372677460202944,15.938835622702996
10.22857280398443,20.790035101091767,15.414002935257534
10.434191507901641,20.989433825495244,15.249436846149743
9.616155510366553,20.3228166421826,15.936548187163346
9.624064916379819,20.002767351121335,14.561665722217079
11.481393444103734,20.67674245205458,16.95703679994321
11.988222645661196,21.33362445579291,17.81745950157155
11.581939861944427,20.057112096521212,16.77849927292637
11.684527132768258,20.221847515078093,17.301006916204773
12.293771748767853,21.38479627639694,16.784061399524596
11.169694296063904,20.17701303450506,17.30294636032134
7.186383939330701,17.89508443737871,18.500000000000004
7.894005062369139,18.63735536573967,17.473941485406783
7.598691870214228,17.897659489821983,18.500000000000004
7.493838085638771,18.395572538063632,18.5
8.406935552153339,18.562200060369637,18.158463356103127
8.410145850534375,18.77060428306081,17.6407295430865
9.432153912279722,20.01584483581501,17.294501927011677
8.103083054757498,19.68032696554657,17.985656786757342
9.124711654600558,20.846037836801372,17.29696082517018
8.718078358482654,20.80114677000508,16.952741140541285
7.9954816319677935,18.062058769681883,18.499999999999996
8.71539798538606,19.060037628843038,17.64280402092842
12.396356904862968,21.207658868366952,16.619934278022647
11.784377685845005,20.88402856077767,18.5
12.086446915436127,21.207681628895433,16.625392356358358
12.599824102980536,21.380570182312663,16.614992182392136
11.781763375307287,20.67415089925538,18.329747865993443
12.090816041594891,20.623394583737227,17.650102688787545
8.507508880205512,22.38338073958767,18.500000000000007
8.914051774457189,20.72315482523419,18.5
7.997026449531757,19.520480598863106,18.500000000000007
8.40503998834991,20.101286679633482,18.500000000000004
7.079382411173551,19.561901809412188,18.5
8.712778342961697,20.557300513174933,18.499999999999996
11.275988535302814,22.225836052074445,16.08625054533379
9.637853330870533,20.01291258793906,17.985175105365702
9.02675910300531,20.717309901449575,17.986863194061712
10.665613490168004,21.935766054047583,16.77045848879747
10.35404526625119,21.465798309247,18.15773716132603
10.967057793418984,21.849812001153456,16.94802595743684
11.986149787334284,20.471680998965855,16.78359052713866
12.094273772142477,21.046271139114392,18.158018072949083
12.092730733589088,21.4662513591487,16.785246433206332
12.395372739169712,21.41642419448403,17.30984812807457
12.09407073976817,21.216174732624506,17.645748233730625
12.191843777518748,20.959150524063418,16.961597607959355
8.010535253676078,21.725072762208534,18.500000000000007
9.94432329229379,23.50760468647728,16.955278987242362
9.533668632723966,22.264670609679555,18.5
10.35067187808234,23.09323843615581,17.468051956582816
8.41063991598454,20.38980029233985,18.50000000000001
10.760007319201277,23.466679061524523,16.782172116316435
10.965640198173048,23.966940973576975,16.6075721943116
10.04550309135342,23.053292054342805,18.157763686087883
11.06721013103425,24.050943334508716,16.60823864600434
9.845410071658291,23.42385464564762,17.301009480432086
10.456127426115188,23.844811078385018,16.78001922984688
10.411860279443234,23.761456235747875,16.821282453980537
11.578757727606932,22.477903325727265,16.94942782604776
11.986736362273271,21.55389244186935,17.6470321589654
12.293018107015792,22.218097901064336,15.759071839809803
11.681388458745174,23.62871195783221,16.960344137414438
12.295528753421742,21.926763635647703,16.790846022648772
11.983378496022928,22.46206860658159,16.787996554247457
8.313579218583158,24.635408871714798,18.499999999999996
9.335380467390895,24.508131888427318,18.500000000000007
9.028532933015574,23.46777169019523,18.5
8.613619953264074,24.592705060270678,18.499999999999996
8.218597646872325,24.00810064539943,18.499999999999996
8.81957846434787,24.34613745782936,18.499999999999996
9.947374867122965,24.96726692010247,17.813437384361187
10.459283197137406,24.383663061759506,16.951921794596316
9.74304575805189,24.1729389909319,17.8118575290918
10.356249176779484,24.760266133082194,17.468894102678547
9.635782408850073,24.301272446629053,18.157258637985084
9.028956647650453,23.339670238559098,18.329170705149213
12.498408753006906,24.093956779820672,15.58833042318109
12.296783881684101,23.763459843195943,15.92544841252092
12.804239554795997,24.7000383510701,14.692256677451589
12.500111711619635,23.7181881484838,16.445169705996467
11.992492946583617,22.27506299744121,17.647506497517647
12.397550278650197,24.75217364584448,15.924132213155904
9.107601860325076,26.62768635644053,18.500000000000004
8.796637392396711,27.125631833527013,18.499999999999996
9.115760824246632,26.38181408446005,18.5
8.505522249207107,26.091024728151663,18.499999999999996
8.606287770260224,26.094769589248653,18.500000000000007
8.69769833685508,26.9612905087143,18.5
8.717548370062918,25.09408170639074,18.5
8.824177751661248,24.760306859034223,18.500000000000004
8.819335574097787,25.462911249009473,18.499999999999996
8.508329376742966,24.900564110572034,18.499999999999993
8.613202796612354,25.59670458610123,18.5
8.407296986962663,25.05102141233878,18.5
12.499848433514117,24.9723933048408,15.41026693175601
12.399099957327023,25.222205039775403,15.750777333908614
12.601624880740191,24.67994893802098,16.099735906093276
12.502680496158968,23.939896720715872,16.794628860310173
11.586639075340834,25.793730607277734,17.301871926487003
12.600073530000525,24.725572566883894,14.713538348806711
7.491033693489002,27.872582751770615,18.5
7.90076365299331,27.54228981921924,18.5
7.492567189072627,27.58452331592346,18.5
8.095128481285172,27.129345221526677,18.499999999999996
7.694293319020876,27.251868920021312,18.5
7.998011040628034,27.458791123627385,18.499999999999996
8.5017583246289,27.745370460296265,18.5
8.404529863961931,27.54219933465405,18.499999999999996
9.433555723229798,27.669573740312753,18.33039190784808
8.504672639411035,27.003911900609147,18.500000000000004
8.918724605329398,26.842104493902333,18.5
8.409974867093153,27.087339125479126,18.5
12.093325150507644,25.80070087109865,17.125102635663747
12.09627098229778,27.381885463912386,15.925977440235787
12.803301795807045,26.796712565085613,15.40629260380479
11.793801048666754,27.79149951026539,16.262165511159537
11.086715321375292,27.383021017176436,16.94752038760121
12.298959391754746,27.267089497946426,16.62046036461634
7.57561670279958,28.258796469478643,18.499999999999996
7.278782548472369,28.425512503901807,18.5
6.876465723861222,28.051615988870452,18.5
7.37247633360081,28.22809503457556,18.5
7.85667346907758,28.22706882916243,18.499999999999996
7.675670448508191,28.22745030848983,18.499999999999996
8.20966052194885,28.04500384718767,18.499999999999996
7.49074737798821,27.78794369480718,18.500000000000004
7.584077972279842,27.876953582309756,18.499999999999996
7.690497339540539,28.083076363742304,18.500000000000004
7.382128482214958,27.875162998825513,18.500000000000004
8.299882769272159,27.790975160373673,18.499999999999993
11.191677784198669,27.931192321982373,17.124373838466177
10.681730064068526,27.75611316598295,17.470949787259777
10.570487098099669,27.715860100860763,17.98445035351259
11.084886682592087,27.80012216521233,17.13060886557699
10.580716878232964,27.467404731807296,18.159514998270346
11.787658034292374,27.381683033276712,16.265553729452126
9.93447071589317,27.7144500704834,11.099999999999996
10.03861394199128,27.133019246920195,11.099999999999996
9.831566318847392,27.300045169963564,11.100000000000001
9.630886138603696,27.50794154680212,11.1
10.455557548016683,27.547918806990914,11.099999999999996
10.141733971682044,27.75316543932319,11.099999999999998
9.01890404008384,28.250282044585404,11.099999999999998
8.813957895522524,28.171121827557357,11.099999999999998
7.9919516960581,28.1285306687207,11.1
8.83023584248777,28.010584818646905,11.099999999999996
8.408037132673881,28.089235361123652,11.099999999999996
8.721267119939442,27.96600727887826,11.099999999999998
8.933541503953213,28.094359619948072,11.1
10.041840040628477,26.674451248603106,11.100000000000001
11.368603280193193,25.30197493760251,11.1
9.030700466733931,26.879953529288887,11.1
9.94724024267104,26.629003842996802,11.099999999999998
9.131398088811855,26.50705173375207,11.1
9.232353002133397,27.173217958479828,11.1
9.225235796584311,27.670908900634558,11.099999999999996
9.43628249711265,28.000998192882687,11.099999999999994
10.457869802246277,26.806672290356225,11.100000000000001
9.639665452210705,27.464492120909657,11.1
10.361236477350307,26.878756713608393,11.100000000000003
9.735817313305107,25.846586508803398,11.1
11.064077190509943,23.678432849562252,11.099999999999998
10.557491924005257,25.79776355334268,11.1
11.369142268788462,24.43131431396031,11.099999999999998
10.760274738060344,25.59129326304239,11.1
11.474139983702612,23.34402903886925,11.099999999999998
10.66294539433892,24.389522710638712,11.100000000000001
10.960381309867602,25.883314427181062,11.100000000000001
10.762961605456331,22.84078365366803,11.099999999999998
9.741119142434673,23.757448103625197,11.100000000000001
11.37414216210099,23.96533183017118,11.1
10.859318654637216,23.96425692621459,11.099999999999998
9.634835991248316,23.058690467828765,11.1
10.35138224815688,20.763376268578106,11.100000000000001
11.066754839660799,20.600777320457986,11.099999999999998
11.476412844339874,21.430300181651962,11.100000000000003
10.857702263870305,19.52026755970898,11.099999999999998
11.26795119098369,19.726397669454833,11.100000000000001
10.861853307039773,20.181602526736704,11.100000000000001
11.678904959824505,23.094681685824366,11.099999999999996
9.119216876359129,21.80609765431045,11.099999999999996
11.578119865010082,23.55241937171161,11.100000000000001
10.352380451850964,21.30639498483945,11.100000000000001
9.63710362548635,22.84626285717196,11.100000000000001
11.370156326299679,21.46892628153048,11.1
11.371391584366801,22.18267886186518,11.099999999999998
10.860837505331792,21.805703781660227,11.100000000000001
11.67666237982347,21.013200494503852,11.099999999999996
11.882306024753856,20.929787455213724,11.100000000000001
9.9446375088912,23.34427996699034,11.1
10.453136142271664,21.929462450639086,11.099999999999998
10.661260384621887,23.26329810602078,11.1
10.861597035930966,22.847702000020618,11.100000000000001
10.870384218422755,21.511842714522224,11.1
11.369682276095,20.139337215052745,11.099999999999998
10.857356321540419,22.464680084044662,11.100000000000001
8.717595549760635,19.023209501073307,11.100000000000001
9.022530984249274,17.980766817369307,11.099999999999998
9.329874137209437,19.31041769498789,11.1
9.63531010471261,18.69141825846785,11.099999999999998
10.653246562188727,18.81610891578643,11.099999999999998
9.325377212310741,18.93809437135577,11.099999999999998
9.634759036672696,18.35764865560377,11.099999999999996
9.94162480570803,18.564237411360097,11.100000000000003
11.164635307552382,19.185055341287217,11.099999999999998
11.576315778378104,19.889069393908024,11.1
11.26473850039464,19.767656600916926,11.099999999999998
10.65666917053725,19.729437102389113,11.100000000000001
11.779015332025962,18.56204885622395,11.100000000000001
10.96376604493115,19.432169472246002,11.099999999999996
11.570215260424316,18.649187586203087,11.100000000000003
9.944092720487026,18.06862462526459,11.099999999999998
10.761006928633275,18.483649460389515,11.099999999999994
10.758183343714318,18.440257416679614,11.099999999999998
9.734918386032085,18.35571220494271,11.1
10.655609744265783,18.02361251123009,11.1
10.56372014620588,17.76700522042715,11.099999999999996
10.14808529240496,18.813736957430717,11.1
10.047416741419557,17.941501061679293,11.1
10.458597300217413,17.77236060549583,11.1
8.410534926935387,17.2223041889482,11.099999999999998
9.429334501485371,17.2238496584755,11.1
9.113598923572201,17.347003421880455,11.099999999999998
9.832042328255982,17.306946585980413,11.1
8.227831378181522,17.140835612613866,11.1
9.024378895747935,17.141483804713868,11.100000000000003
9.111175342830853,17.392891772640617,11.1
9.522487737777338,17.559857031592372,11.100000000000001
9.42070598592345,17.556367706492882,11.100000000000001
9.938241290230543,17.847781032813312,11.099999999999996
9.216320692356959,17.513284324878263,11.1
9.317923267929194,17.346207984184332,11.099999999999998
9.323216325504067,17.470662758673694,11.1
10.063180666895684,17.347932980697614,11.268989164425566
9.726646878662155,17.583322906614107,11.267074444339167
8.728924415855628,17.181480414282756,11.099999999999998
9.334832634765469,18.65926956192704,12.117636110608446
9.434154377845664,17.099370257296894,11.099999999999998
7.695603983022668,27.387721830521755,11.099999999999998
7.485850608180907,26.471390841588907,11.099999999999996
7.891925467456007,26.887587550012125,11.1
8.00196206469972,27.39267538495042,11.1
7.08186009700826,26.851604419523472,11.1
7.384562671063643,26.804902651905614,11.100000000000001
8.403050063758702,27.760716818925584,11.100000000000001
7.285743295009121,26.97335411487105,11.099999999999998
7.181043076854546,26.88853075232481,11.1
7.388970781801603,26.10015523541511,11.099999999999998
7.5862964287404555,27.38703831484332,11.099999999999996
8.406364787943994,26.385343488128065,11.099999999999998
6.983598660403333,26.46848444693481,11.100000000000001
8.606146011465649,25.010303987240036,11.1
7.294361377107767,26.264092041092205,11.1
8.30532108618293,24.313486999493083,11.099999999999998
6.674990406500496,25.215792881325942,11.100000000000003
6.980043801800313,26.38433476469031,11.1
8.611002456065249,25.849207009022088,11.099999999999998
7.078926366231227,26.2573167285862,11.099999999999996
8.50764546377823,26.343145452485278,11.100000000000001
8.29944624684995,26.590872292616545,11.099999999999998
8.303758687815375,25.345518324676785,11.1
7.691218958762148,26.589521483846067,11.100000000000001
7.382096066034515,26.38257974735974,11.1
7.0753685066843275,24.387615533899304,11.1
7.076172704004197,26.175466673340082,11.1
7.583596860126142,25.142087411718222,11.100000000000003
6.668876127753275,24.582125705391544,11.100000000000001
6.87991202491287,25.759538358465374,11.099999999999998
6.166842818764559,24.12872139651503,11.100000000000003
10.661005630273314,21.67141859557581,11.100000000000001
7.687651523381984,24.14745362616726,11.270339355889728
8.103670686784232,23.134674352411974,11.100000000000001
10.150963530095872,23.177373835237645,11.442448735726739
7.088963215955963,24.806575124305887,11.099999999999996
7.901733757894225,24.6110387301864,11.441873187835837
8.216943564698045,19.513401703121513,11.100000000000001
8.199747909138871,23.34982350050393,12.12622160789576
7.0827793481294075,24.71264974360525,11.270699130264838
8.610834465055213,20.38457702676522,11.785513467457333
8.404155905094107,25.173309709625443,12.297498687440092
6.570259657188835,22.93365830752785,11.1
6.8799978796866785,22.607802840316708,11.1
6.8766285091046475,19.096882083580834,11.100000000000001
10.350548262941833,19.187596024172887,11.100000000000001
7.281449847393319,18.804053834008144,11.1
7.387281930661516,21.806033542671905,11.099999999999998
7.387716284732158,19.850300288457017,11.100000000000003
5.859694300191615,20.229226713493798,11.1
6.163184815244958,18.59706327376121,11.1
6.565909658369124,19.384138296170573,11.1
6.1611738796767535,20.42417232646346,11.1
5.85287904231143,19.62530651334047,11.1
7.283194816726854,19.09519564619506,11.099999999999996
7.37776367342088,18.052297134403567,11.100000000000005
7.278741998694154,17.55837903846252,11.100000000000001
6.471181352185391,19.00745942972509,11.1
6.25489688510613,18.672404533259243,11.099999999999998
6.669333797799537,18.92221143487956,11.100000000000001
7.903641700852548,18.853643899364428,11.099999999999996
6.567967278089738,18.054468575372464,11.099999999999996
6.259802172200504,18.057778402745203,11.100000000000003
5.760932496687484,18.838135153223696,11.1
6.3599529546213,18.174191425335035,11.1
7.381571445868508,17.849310230597148,11.1
7.177768694945028,17.80694775306203,11.100000000000001
7.794040927581447,18.346259624587937,11.100000000000001
9.114843536552273,18.05944000736468,11.099999999999998
8.302801896223762,17.809196406793184,11.1
8.41041162990712,18.26930030980551,11.099999999999998
7.593945970731193,17.851509531679103,11.099999999999998
7.902641695977719,18.064651462173668,11.100000000000001
7.692642972510298,17.435098140921937,11.1
6.681305457798064,17.884004168234483,11.1
8.501654749798059,17.347437730574992,11.100000000000001
8.50366312785622,17.470601166514417,11.100000000000001
8.092798602430163,17.308085812639188,11.100000000000001
8.101700200936035,17.51158488292496,11.099999999999998
7.6843910270373526,17.42970741671178,11.099999999999998
7.989623348167988,17.468737135017992,11.099999999999998
7.1836737654566,17.59332125294986,11.100000000000001
8.288897256205582,17.472172727379835,11.1
7.577305781726594,17.343753858500367,11.1
8.69854903636878,17.470189925734022,11.100000000000001
7.785626845796426,17.30856043717669,11.099999999999998
8.70069182960008,17.469901829318093,11.1
7.895327564823946,17.474644622187938,11.1
8.405737255454296,17.308233990005842,11.100000000000005
8.807449939239685,17.387640709832652,11.099999999999996
8.902214218836274,17.474320950484064,11.099999999999993
8.70732642414261,17.181715885681363,11.1
8.605850934240026,17.263675487490488,11.100000000000001
8.196471627036864,17.430308209237275,11.1
8.299696837840221,17.259996933797115,11.099999999999998
7.492587204611145,17.305496594230373,11.099999999999998
9.008900671695889,17.389387832171714,11.100000000000001
8.701740966552451,17.097334014429755,11.100000000000003
8.699259105698921,17.26083579698374,11.099999999999998
9.10848489634626,17.222475470434397,11.099999999999998
8.803376882851984,17.13852337863319,11.100000000000001
8.802216068499233,17.263660978925223,11.100000000000001
8.71156479091258,17.310045533213767,11.099999999999998
8.411491757019666,17.30876492657156,11.1
9.016226939214702,17.308619576724563,11.100000000000001
9.62571674397664,17.47340344287001,11.1
9.428589515152767,17.7244756101979,11.100000000000001
9.536712993063137,17.516874072344546,11.1
9.110431979450366,17.38451753025719,11.099999999999998
9.12751528087378,17.34900254820342,11.1
9.024814397104397,17.34816235800621,11.100000000000001
9.437157548235843,17.519787595547644,11.099999999999998
9.224278750688942,17.351718892900656,11.099999999999998
9.020078670272845,17.30869315806207,11.100000000000001
9.532240655399967,17.43368691017579,11.1
9.423239343965522,17.727041555879193,11.100000000000001
9.940840646719504,17.812924277380176,11.099999999999996
11.06515958879345,18.602161189782926,11.1
8.606077125536808,20.764488308427147,11.100000000000001
6.974046726494729,23.26149106678754,11.1
10.554014756490318,18.724869095266474,11.099999999999998
9.43795030038992,18.92684162855803,11.1
10.565966661008623,18.270170127853934,11.100000000000001
9.332345950177604,18.47689481989614,11.099999999999996
10.35397266844533,18.55917209517548,11.099999999999998
10.257751788250888,18.061364188238553,11.100000000000001
8.91829260089163,17.97470758451368,11.100000000000001
8.202388190966854,22.512713032620667,11.100000000000003
7.790356246778381,22.504832883120176,11.100000000000001
8.200789760077324,25.592999083820068,11.1
7.688857966926352,24.43038170754065,11.099999999999998
9.334417936249611,21.05038559561658,11.1
8.610915146261211,22.427419833340643,11.099999999999998
10.867481935513428,24.12845819843149,11.099999999999998
11.687024361702194,20.302804649062658,11.1
10.76625844590544,19.852796503050037,11.1
11.175164579480185,21.001894988299718,11.270304171694239
11.273543665727132,19.642806860876448,11.100000000000001
11.290224393416395,21.286201937311763,11.438719698888626
9.123153586547183,23.42908048395924,11.1
7.898826819463622,26.716441105607984,11.1
6.887774602508764,25.973891669379004,11.099999999999998
7.495386910556246,26.883384896864037,11.1
7.797124086517244,26.882001550381588,11.100000000000001
9.0153136150728,25.730663091053405,11.1
8.009945566731512,26.963231959285487,11.1
7.295519398545372,26.169369048682388,11.100000000000001
7.394452728963772,26.631538762778973,11.099999999999998
7.912848163600553,27.384063548044455,11.1
8.012261280206278,26.71889666972503,11.1
8.61792198568302,24.176240824841596,11.100000000000001
7.389978955284203,27.341392427916517,11.1
7.501796090981701,27.26151880894992,11.099999999999996
6.782955405234652,27.05509878641643,11.099999999999998
7.707213384047583,27.799193514079718,11.099999999999996
7.59480576239666,27.629875023506088,11.100000000000001
7.590518186345845,27.590770700906454,11.099999999999998
8.822863360872322,27.8828842185123,11.100000000000003
8.125437521073543,27.930764153817194,11.099999999999998
8.836204595455417,27.10930995790471,11.099999999999996
9.120097285351402,27.761466765974724,11.100000000000001
7.89752039599683,27.757494272212693,11.1
7.889477240095431,26.972143961972023,11.1
7.7894816222945344,27.75488330397916,11.099999999999998
7.273157247369331,27.589277268442256,11.100000000000001
7.589849004900741,27.55021603335911,11.1
7.57619505147363,27.50598116294227,11.100000000000003
7.590065066735492,27.631996260541065,11.099999999999994
7.88959253373723,27.7136846360964,11.1
8.010355502696395,27.96904610374975,11.100000000000001
7.903054106635022,27.84257604812122,11.099999999999998
8.002873014335998,27.884490464660214,11.099999999999998
7.794036953713248,27.799988652512678,11.100000000000003
7.697114220164726,27.759297406119238,11.099999999999996
8.91016919542344,27.844087324021064,11.1
7.688355511498002,27.76040257563745,11.1
7.479110461421307,27.839711894023026,11.099999999999998
7.3783830593198445,27.840856818301425,11.1
7.8939951983671195,27.96913157243376,11.100000000000001
7.379675985142056,27.80228067148322,11.1
8.30654345185617,27.96605606984409,11.099999999999998
7.475061155077796,27.842520012809448,11.1
7.4727674689442685,27.841954860231187,11.100000000000001
7.3770288281072975,27.761068976898095,11.100000000000001
8.38963573962687,26.981389867316302,11.43829326206309
7.091466266734956,28.01174531460176,11.100000000000001
7.99653957906875,28.05284197174826,11.099999999999994
7.4830452473120905,28.09013214946435,11.1
7.473192921577189,27.841089065648603,11.099999999999998
7.084903928167268,28.04978566267385,11.1
6.971036103373414,27.878842628659903,11.1
6.870445810505007,27.91972918414691,11.1
7.784687841761727,28.007309838724144,11.099999999999998
7.594175429433956,28.010991645038928,11.100000000000001
7.907009204658687,28.215375091977204,11.099999999999998
8.31661840150333,28.056641001049307,11.26911588152203
8.52218233196151,28.216519442319033,11.1
8.912024975090839,27.515185858588957,11.100000000000003
8.110081394256605,28.17533835553475,11.099999999999996
7.489420597930482,28.133740600663156,11.1
7.787273278626178,28.134681952483863,11.1
6.981031005535764,27.969130352620567,11.099999999999998
8.194191297500007,28.093746328839092,11.100000000000001
7.987591236711649,28.132643976644005,11.1
9.736009034410449,17.560487029942916,11.1
8.612839390716932,17.22561658606458,11.1
9.531525815702208,17.603295169933368,11.099999999999996
9.328827661161396,17.688366177693016,11.099999999999996
8.616203534798007,17.14577303843549,11.100000000000001
8.82152608827325,17.4339791789111,11.100000000000003
11.070368837132351,18.017605060226774,11.1
9.834541433298176,17.810192110706755,11.1
9.327894343298084,17.898393783025348,11.100000000000001
9.226210868130256,17.477082431183355,11.1
8.607248307762617,17.187544611857327,11.099999999999998
8.918097290209953,17.854828786483292,11.100000000000003
9.945683231261684,17.85181615044718,11.1
11.059333962240455,18.312689177041698,11.1
10.350510208314153,18.274540788905714,11.099999999999998
11.474911378629427,18.395218250666925,11.1
10.956848469474455,18.397578813092643,11.100000000000003
10.551837950525503,18.440055494978804,11.1
10.755298466019843,18.564227880628973,11.099999999999998
11.265873677317778,19.227556556693763,11.100000000000001
11.263604010352145,19.14472250344547,11.099999999999994
10.653191799981704,18.855333645792285,11.1
9.84131890998279,18.15157619777189,11.1
9.842845746721924,18.35899249418729,11.1
10.457943777541825,18.274780935068073,11.1
11.36851954177252,20.803222936227318,11.099999999999998
11.775014642176112,20.13643685524236,11.099999999999998
11.16485068415105,20.678958324276756,11.1
11.779270036697337,19.269867824968397,11.100000000000003
11.979215080229881,20.014898946928625,11.1
11.375642426375745,19.34623042899907,11.100000000000001
11.476446228329312,21.800764632429598,11.1
11.479319653882525,20.887614905161477,11.099999999999998
11.576804030720849,20.601615912011667,11.099999999999994
11.782786399205095,20.35074699861766,11.100000000000001
11.786405414376764,20.89359011480199,11.100000000000001
11.2663395849823,19.6044583189467,11.100000000000001
11.367215981294486,21.719129777678585,11.100000000000003
11.46835324710166,21.46915590802562,11.099999999999998
10.553989910326129,22.679678137851276,11.099999999999998
11.57560878536128,22.33423925608864,11.100000000000001
10.857610732967958,21.762626854812765,11.1
11.68139947707546,24.049933626399515,11.099999999999998
11.994810552230893,23.60160378093179,11.100000000000001
11.479187144243673,22.923073890248226,11.099999999999996
11.476851066239595,24.30163339282058,11.1
11.985291331587282,23.464290835789736,11.100000000000003
10.552468782488736,22.17472449824828,11.1
12.194364613591189,23.3431664469348,11.269995640937209
11.782208868033173,23.928078772904847,11.1
11.476318964058747,24.85227245983048,11.100000000000001
11.074623583686751,24.85141937381382,11.099999999999996
11.371152881024301,24.304869843073156,11.100000000000001
10.449248619222672,24.055910315914627,11.100000000000001
11.268019198402788,22.92243068443488,11.099999999999998
11.067080453475421,23.96911365925762,11.099999999999998
10.457257933109966,22.555546582725984,11.1
11.678838274331738,22.835665535200167,11.100000000000001
11.169733281535576,23.839315269457394,11.099999999999994
11.377837277894615,24.008035315289355,11.099999999999998
11.182094751538113,24.304609110400403,11.270338988635924
10.763312828847546,26.05231627864944,11.100000000000003
10.96714417399067,25.71951673386331,11.100000000000001
10.967669831069506,25.802838715720224,11.1
10.96676534688228,26.217881900614596,11.100000000000001
11.272501918257374,26.46876722055931,11.439797279446287
11.786252344797788,26.054850277415287,11.612617212657176
12.087911476293193,25.42706189145931,11.100000000000001
11.88310922509896,24.60204610920864,11.099999999999998
12.395083699465808,25.0097205311925,11.099999999999998
11.994246657089016,24.007398168777755,11.1
11.986001992554078,26.17415659091449,11.1
11.888559770759228,25.565353407234678,11.269478402352846
10.97798060733697,27.379197077535316,12.120858102397422
10.051948357320889,27.378961713165232,11.099999999999998
10.960186588816201,27.17933202087054,11.100000000000001
10.765153116931554,27.463198481904207,11.269084372805912
10.765153116931554,27.463198481904207,11.269084372805912
10.249764389382635,27.217317517754516,11.27001970003458
11.688495029204493,27.38413245735174,12.960393005037078
10.774724316716668,27.876386867934826,11.43926900270975
10.35176520929807,27.63234386768212,11.267245979176923
10.058457126790785,27.79092244505623,11.100000000000001
10.979291027595034,27.66790092086227,11.612014993455508
10.34469537030555,27.71248152569431,11.100000000000003
10.76348810394652,27.37703081801997,11.099999999999998
10.863035174639272,27.5890651925913,11.100000000000003
10.759546816646361,27.70913414892215,11.099999999999998
10.050542328564363,27.25722997276745,11.1
10.85861268610134,27.00511193633798,11.1
9.843983267700004,27.75387906751678,11.099999999999998
11.691127840944656,27.804340748707805,12.78132765075755
10.261218846145468,28.09213500256173,11.268897402901088
11.688675299840591,27.716058433995148,12.455075726345232
11.286834521665723,27.608050186921588,11.770220674391068
11.887529580476219,27.397793690781942,11.775266737679189
11.795335218747233,27.353778419905346,13.153402149402234
11.476176021673767,27.384386703476746,12.124922571450858
10.658852528480319,27.584809683493997,11.100000000000003
10.868179775214298,27.50478296342564,11.1
10.762057656335978,27.298526958673712,11.100000000000003
11.162316022346626,27.262134766988698,11.1
8.501961368003519,27.62294880177492,18.499999999999996
8.502899942991615,27.62261431538395,18.500000000000004
8.20548767270737,27.545410451711863,18.499999999999996
8.612886397005354,27.583221810261048,18.499999999999996
8.514697353203749,27.66838811939149,18.5
8.425611515246668,27.83551312065932,18.499999999999996
8.081993716734749,28.212760535793134,18.499999999999996
7.7836082518984115,28.047016384864808,18.499999999999996
7.881089900506625,28.052794978683963,18.5
7.582659428378065,28.128906346198363,18.499999999999996
7.781614508416559,28.043923897126565,18.500000000000004
7.585844495287036,27.918487200884165,18.5
7.58314763782513,27.91613434084832,18.5
9.739360980545088,25.469255030402042,18.499999999999996
9.110382556260063,27.663180493195643,18.500000000000004
8.71409138035357,27.127588582794697,18.49999999999999
9.330835819689183,27.296394736676646,18.499999999999996
11.172707957080693,25.755812546978824,18.154808052294825
10.050623654248845,26.216094731306956,17.984883826663935
9.334928902133937,27.382967289350937,17.815966973796034
8.716824461590267,27.541798254110283,18.5
8.914291921470175,27.461462815195354,18.32994899847594
9.330813002828334,27.791143016186616,18.328994688326773
8.604574016081086,27.583403292544297,18.499999999999996
9.840821805177756,27.381075346524575,17.297383951003642
9.843839066278402,25.717920488138773,18.327605557214184
10.359404618709332,25.00839766681487,18.156095629881477
9.128777108933734,24.717311870279083,18.5
10.049887206363827,25.966683749544025,17.98628617862182
9.84726172105188,26.42391612497541,18.500000000000004
9.23242301021191,25.464379512014236,18.5
10.052886810637883,24.50713285786195,18.327191596265397
10.050096287562255,24.752538988826423,17.98562000022175
9.232272079635914,25.094450736899002,18.499999999999996
10.863922289501165,24.84075918862136,18.15747804346916
10.152244314583921,25.878206412615196,17.814807366043844
9.535278618815173,23.133232233635788,18.5
10.965106158015601,23.259274822205565,17.6398743642693
10.965917684375471,22.975451143664227,17.640110013465133
10.767653958844773,23.100260013431498,18.153404105643453
10.963973514032475,22.38912593965729,17.81267986652845
10.966559306398231,22.59657976054101,17.473784283652453
11.275545435911166,22.9351325604581,17.125527907384473
10.658055765827426,24.047989911928227,16.783581179185884
9.744308417934603,24.88401592776049,18.5
10.559127554780408,24.011650513188922,17.98222828085825
11.165415187999113,24.67055079519193,17.12435465164169
9.842714481065023,23.049778488299598,18.5
10.867173053166555,24.177019876634255,17.471262618705484
11.2767196382007,21.556544956141103,17.812576906719563
11.475705108402384,21.220871860835228,18.157462774744456
11.374116194132261,21.098626294235352,18.32748682836329
11.98707228963338,22.35231355399565,17.12673838577434
11.884405499717545,21.18186507043735,17.81508390599071
11.680217890034946,21.97133257207762,17.816075138888507
11.58093748646715,23.56343015900165,16.25303900837957
10.860833083834832,22.262831965393637,17.64138234198003
10.659972369361414,22.67254694990342,17.297066334545814
11.58182375150599,23.93271817304999,15.907199581884495
11.680329077850605,23.967833619204043,16.60545941771912
11.370687173228406,21.595531225469824,17.29973240813606
11.068152933548655,21.216395417976106,17.46695486311305
11.482714560645054,21.935912851895406,17.300543846493845
11.577258302223967,21.382957103345376,17.470754847069664
10.96342960700457,19.67790117513292,18.158363633629303
11.061586268271066,20.46684399004535,17.64596078477869
10.86056467523588,19.429178867896532,18.5
9.640801255995248,19.93289650401131,17.812902338519326
8.403473320782787,19.34444974001052,18.5
9.32786555561493,19.558802315419797,18.500000000000007
8.61365880278892,19.35178221082762,17.813347509775532
9.120025895680765,19.34790484985464,17.986963392327525
9.843487865376638,19.723672441202282,17.986301819595564
10.662034915559682,19.598021862085314,17.638930846352395
11.984942099837593,21.387933185843856,15.574267078475994
11.473927060968832,20.967794528508286,17.299297147905577
10.862839123956963,19.51977414753287,17.46587319459495
10.552529366760414,18.973622218225447,18.5
10.65982211370642,19.68912420322996,17.463296075868385
10.749099985108636,20.509234969904508,16.268388344099005
10.759772644600265,21.18557919036139,15.225248100854817
10.145368981463504,20.92742735536259,16.090536124585487
9.736674706215366,19.847686379419898,17.296167518122992
11.788461899768095,22.10299270125857,18.324402369388263
9.742045661550147,20.314872598132897,16.25680039764315
8.699193700805298,18.501985433878428,17.65070530966654
8.50170063870611,18.50165233196888,17.479388978433544
7.798965548347306,17.64105919403711,18.500000000000004
8.820615407046704,18.636170275210997,17.64515658015467
9.225957291513643,19.257997517631537,17.129153347399882
9.114499731794476,19.957446273010973,15.931429754577282
11.065296272685963,20.67771146031063,14.031563505519898
9.930783489618833,20.58774680580108,15.071068234766702
8.91217261751809,19.666924350774444,15.762831657657161
11.066132274519315,20.597630160823883,13.85856131451213
11.780952813565142,20.76142279087957,15.060679660492628
11.68444187288784,22.567935180436717,14.18559018634417
10.343401097784293,20.470744049376385,16.260035089481345
11.061867661394817,20.93605000908873,16.949458548574096
10.860070466478161,20.638290663965698,17.294799759060755
11.162147955622254,20.768944314808405,16.94870774190602
11.067161958394694,20.223621088544252,17.129226910017245
8.009330376864998,28.427923369249065,18.331521034643178
7.683619884223064,28.434287915589884,18.164829455713267
8.198462254635173,26.155875116956295,14.743829899243678
8.006669327536715,28.056685168510505,17.822216038049604
8.312790978717542,26.727464623179632,16.961822311041402
7.793584785479231,27.029389222842656,16.802350841118354
7.900764422085619,28.34468422897838,18.500000000000004
8.623711575938025,28.17546470088209,17.991111717921168
8.930279026456304,27.678128997312832,18.161201420761696
8.214344719542002,28.423977387419477,18.500000000000004
9.12407033468034,26.226642503547534,15.766168919286514
8.313751059337779,27.80615318516246,17.648371280723907
8.630098211792696,28.381600599960137,18.5
8.105765668877346,27.75369907337629,18.500000000000004
8.212255593064691,28.210517435816215,18.499999999999996
7.70470554722125,28.169429322516535,18.5
8.003624434537794,27.878805483478924,18.5
7.489824414974957,28.294905308993744,18.5
7.394659882202787,24.425111990031077,18.5
8.732200959221448,27.75735070872766,18.500000000000004
8.522741883044018,27.58996842382157,18.162407340225368
9.434379135418856,27.67445701612685,17.818900572664756
8.625779162836801,27.505523733849,18.5
8.429795584828911,27.962593532577575,18.5
8.528820194033111,27.875046662840475,18.499999999999996
8.724360280306502,27.673249435287754,18.499999999999996
10.04787303153812,26.76738114108969,15.939277523291926
9.341059756782716,27.182743184319357,17.311075905374615
8.729912439639765,24.983867224305644,16.447416937439666
9.029230682483584,27.343305156607737,18.499999999999996
8.306374620955884,22.971925691766245,18.329172009391254
9.739165157006985,24.842743445044384,17.98799413431918
8.717083011532964,24.085444681590555,18.15842303530057
11.173916797328154,26.186885134306753,16.61961264947021
9.34104469395821,25.111618227053036,17.474513657676688
9.95177871721134,25.56012376570213,18.328064387102366
9.04310612931075,27.30522212080648,18.33099744645879
7.507401978097896,23.22891354113582,18.32963143914884
7.797189466868707,22.032059268789613,18.330368400565693
9.030611227605965,23.60320019563355,18.32841945692643
8.814365907146342,22.460301155422282,18.328869167034238
9.02745615564858,26.596301611620554,18.330087166975044
9.636086938969475,24.17347054821528,17.985372166941413
10.25044250724071,26.004878264876627,17.644872126292718
6.982876234364205,20.220599663492173,18.325992939924543
9.95434184643531,24.52097808480685,17.98507474722377
8.000121762545666,21.833229443069733,18.327183535690384
9.443094541963589,24.26745207526198,18.156684627301264
7.697159971875844,22.005518242696915,18.32876552832392
9.335612791711936,24.135393554588685,17.467320205131298
9.338678506342422,24.59482621648837,17.983593608395488
8.62105267900142,23.389863421197717,17.98251251606125
8.510143164668692,22.323412544460904,17.642505497445082
8.204094879072805,21.912364378820627,17.984113340629488
7.487605392899659,20.61290714599265,17.818316401146745
10.559286643779291,24.802555172258874,16.424560577196313
10.547657132278653,23.54190602643453,15.74858607360593
11.68522363925671,26.891281616224322,16.083511678548614
9.528002536742784,23.409215759258377,16.43133674774192
9.013654894756236,22.52369239484905,16.783029261495553
11.38310988343149,26.563407747145337,16.250694870696524
10.258256596152858,25.72826756635305,18.328769783480954
10.558986193873851,25.724348605848906,17.987542770787865
9.636209438545,23.590217553587923,18.154769626407294
9.948435467756106,24.88812911567116,17.812706238807465
8.823256497081502,23.305754718295542,18.157575553390615
8.921952680520217,23.58811656774369,18.1575261539142
8.719106981381856,22.75949065087709,17.982393009247687
8.410982084893119,23.046482073944162,18.327444519433985
7.68532606788944,20.480554995133346,18.328855526192147
8.509276241799213,22.03551657182294,17.12910199301222
8.717832751948118,22.306827467906615,17.824223893618697
8.511406080333016,21.49630004580588,17.984629502830813
9.525559879184943,23.078187599829583,16.610645048744253
10.150463237528065,24.881668353357288,17.816488459696046
9.311418020278566,22.628218868989872,16.792244458194084
9.114842904665373,22.35552388660247,16.95984683509786
9.624827530303687,23.367717251385898,16.784434871748953
8.704150090873313,22.46087920976308,17.81639661321251
9.72011799272379,23.132743372637528,16.101618976356523
9.224086992405223,22.87017407574668,16.0957492176021
8.808269683468108,22.223642822919558,16.276892105915824
9.017834716747183,22.235710800171624,15.926082739134927
8.91042913293845,22.18522427051892,16.617282458489708
10.134146194053576,24.58874263377209,16.960716768131288
9.30774243129971,21.112369916319846,16.617228198949643
9.205291375213617,21.35777030737378,16.449009403838513
8.399609027643175,21.36745372352419,17.299386744886558
9.213346689492303,22.509622025745156,17.817783055779685
8.289880542165156,21.092100401834916,17.989030124850334
9.198882771000635,21.538645018466603,16.45656222384992
9.926317369616019,22.841045809349914,15.589306974741667
9.815913868234691,22.25486026432859,15.76646313578907
9.810559530012714,22.042125770406543,15.598385546094033
9.822848399956287,22.885602519366106,16.099549002493298
9.507212585193487,21.62424010763617,15.604051408620961
9.099387986793698,20.310176034152782,15.607447222523335
10.117907021905271,22.006782453931528,16.44799044102778
9.80533767611108,21.66315759342697,15.605883828323623
10.632188617927616,22.719551504954477,14.396910344046049
10.217076084123025,22.699675646418488,15.424093579471837
10.432810559096632,21.901962302133978,14.39353629243856
7.791110136127823,20.377204820098843,18.326534575558473
9.421421814483356,22.28496117030003,17.13382899462975
8.80469428997814,21.76171107484155,17.986983171877455
8.808777018200248,21.526934553551207,17.81528608705243
8.913489238546747,22.155433610369272,18.156561580344153
9.841060450403305,24.45284449998611,17.98844985196932
10.968087669542848,22.51920840311053,13.688753436549657
9.951889782310863,21.697452690942928,15.403951173855777
10.559462561621878,22.275061736506032,15.754102720515712
10.868543912996445,21.899153888729927,15.400726181567604
11.277280068463694,21.184714894663294,12.818113160454555
8.418928355053042,21.018937252505133,17.467461938721648
9.947337780595168,24.012923147243328,17.813261877501212
6.773699814147492,18.14141729501674,18.328540041349733
7.7987922632973214,21.3822764276621,18.328685039817092
6.776282617291145,20.889406287009308,18.327919297697747
9.434625863267966,25.63492055852649,18.329304881740896
6.776979083665426,20.84953061568366,18.3281840670165
7.085806845166594,20.716113446929956,18.328091577614064
8.416393308793019,24.60933541198981,18.5
10.657670349538764,27.010918757336118,17.64452174752739
10.547165321795847,25.478731719044077,16.78686711998036
10.44905150700214,26.761371364202517,17.132131417572435
10.048179434617456,26.7190851005597,17.98904717275743
9.642127237542805,23.85876222916338,17.128943884742938
8.825921950407897,24.566027754203464,18.500000000000004
9.2288831393512,26.63760693431354,18.32974424392973
7.908558601772876,22.605914701656292,18.152648459826978
6.880930088998377,21.26400514597052,18.328016589539647
7.186607934619111,22.600097608296732,18.32732661989851
9.234586631803724,27.011451110384925,18.499999999999996
10.0466070139787,26.84299690600507,18.5
10.251381180768904,22.429123979484874,16.43909402737876
9.837075363041054,24.68209046133131,17.985915814301155
10.762728915844544,25.7705656570854,17.819613069362482
9.94085931075432,24.26085556002333,17.643838341158986
9.628214896986673,23.052475810228458,17.470854547251403
7.6999262756172655,26.218978771643382,18.499999999999996
7.90908814003239,27.995271923951663,18.5
8.308233666380273,25.6418754329516,18.158065270225944
8.001685840879475,26.511963805612865,18.499999999999993
7.697847417084109,28.0816699544693,18.5
8.005734237507824,26.140674533735876,18.499999999999996
9.22042039879467,27.17232834828717,17.987893265145537
9.110361602778452,26.836462471690396,18.5
8.300169427580377,27.783943456075804,18.499999999999993
7.790523726583835,24.887929073322706,18.500000000000004
7.691898615070956,24.55360142319962,18.499999999999996
8.300368842550343,25.640169306254325,18.5
7.378316752034797,25.54701095782422,18.500000000000007
7.479641739974413,26.384757515923575,18.499999999999996
7.171283079107385,26.514391756062537,18.500000000000004
7.890799985243839,27.877730942389917,18.500000000000004
8.090391219109918,27.9598278629331,18.5
7.796453898287852,26.21914412285673,18.5
8.91932870021965,28.00382639246488,18.5
8.50676168219959,27.797652083755477,18.330606148622152
7.5801635418020075,26.18768087818955,18.5
7.591657322564562,26.560254902042058,18.159509260234305
7.795086719163558,27.794930840743252,18.500000000000004
8.300423642511836,28.006857790741943,18.5
7.795346081881659,26.76606690036502,18.1594072269466
8.295281679049095,28.040377516964337,18.5
7.177300045115114,26.886432328178298,18.5
8.09539503741741,27.99663698785192,18.500000000000004
8.292584999772426,28.081054063737923,18.499999999999996
7.486469921481919,28.039943691399476,18.5
7.9987381247746185,27.962806310737026,18.5
7.584603247970498,27.710121717261394,18.499999999999993
7.986433819759717,28.044862931639425,18.500000000000004
7.585500214645659,28.040344077886473,18.499999999999996
7.992756076294336,28.001766108141823,18.499999999999996
8.09478816577682,27.792123286994705,18.5
7.796596356732053,28.083227265355227,18.5
7.795566052181192,28.040013752974158,18.500000000000004
7.589257783113233,28.126380272675572,18.500000000000004
7.885790797956126,28.119205902734027,18.499999999999996
7.581790354917991,28.373204618811062,18.500000000000004
8.080921517822857,28.17139474483686,18.331434875032812
7.584010991617337,27.478401484202,18.500000000000004
8.192948305596246,27.887786891708043,18.161332026512802
8.184982030004738,28.259398791337933,18.499999999999996
7.5783205312689095,27.765648697352674,18.500000000000004
8.187599158329444,28.25758434138439,18.5
7.782238849242984,28.17209968331685,18.5
6.976362083241299,28.173981582296257,18.5
7.781538654222821,28.214864491170648,18.5
7.4784676957487894,28.300300744987094,18.500000000000004
7.281853339847896,28.33951675410242,18.500000000000004
7.581879005554442,28.29776956853721,18.499999999999996
7.483117548593697,28.421076748446048,18.5
7.865745546014617,27.364806468322342,17.48674095263586
7.9726286401137685,27.611188568678923,17.320542589907877
6.774325905537774,27.04470954610892,16.978897690843294
6.673562210657916,26.17043781512592,17.14002588116562
8.272169236351345,27.04423633980299,16.135537081730092
7.382272647663127,28.17608518033146,18.5
7.2819904911751365,28.05929985567735,18.499999999999996
7.184477528541485,28.22304109810543,18.5
7.377464550953686,25.443214405151224,16.639503678456453
7.076133875789894,27.93297889719197,18.5
7.977915543289246,27.522583529589465,17.65597358242045
11.782664884988828,21.508945408896405,17.298783659891335
9.122805897127472,19.22499533006899,17.297375349689627
11.170444908406488,21.269150072784623,15.569498185017077
10.246624582806513,19.718417504963853,16.617829581271373
9.122745385120014,19.928643758782123,16.60851339413581
9.52987479417645,19.761312817285436,16.95407433795846
9.533606112365797,19.13755017074873,17.47306989668109
11.989070395968843,21.515491910511976,15.235263857997007
10.863543298611226,20.097115405410385,16.096152031135116
11.68396712088749,20.94045521803373,15.049034933413083
11.210822880104976,20.554856167294716,15.637420334431187
11.57853591403562,20.71700521995069,16.9557536556139
10.868343870503791,20.94054874326283,16.081146010443057
10.765074176642079,20.10569439733146,18.329492261710502
11.680988013842608,21.846061897796673,17.124573981391595
11.28358037753193,21.945650251294126,16.77747979432711
11.889232801114735,21.439138249459404,17.130285981009536
11.584607855283362,22.510850568580192,17.816308233982497
10.97552356898084,21.728746878549543,17.13412532597916
12.09036008113813,22.422849201386732,16.26801347192731
11.783105014656293,21.178281743512176,17.303235488458
11.377103107009058,20.309560702231742,15.578947610660007
11.487619122032301,21.311005480620135,18.328639235787655
11.984999454504388,22.0407359488143,17.135932016261563
11.985173202861136,22.173534540482812,17.13007489687526
11.387609150734276,22.10067174425137,18.15999529867153
12.089666546168514,21.359178528574688,17.816430056417857
12.093237077481591,22.73043733137553,17.64579913152168
12.398616079776103,23.399391853594913,17.29910336752783
11.792920647949266,21.99088280317018,17.641261105958872
11.993796540833399,22.854020794480306,17.814449075727804
11.572337473507247,21.506351816107344,17.815668022535835
11.883233080970768,21.794366908401216,16.616717499114404
11.57748218019091,21.50564561847451,17.644868389579774
11.877925313852252,21.998720039791795,16.96007671941962
11.575674018559038,22.21460717735367,16.786110664105074
11.67735087932547,21.63294238659178,17.12929001046924
10.66931877772005,22.56030706905861,17.813671445070604
11.375600082715064,23.10728354172962,17.635954657418335
10.153254063743612,24.01232781947762,18.327495280195585
10.570848746528265,25.08992841802745,17.810004879987797
10.368864736756956,25.254280534361186,18.327173363255316
10.762007595618746,22.59452897316452,18.15766682860986
11.686658050910632,24.59834984338679,16.263388448964093
12.499187321325852,25.34995474037831,16.25942324930985
10.867128113268304,23.891684001366986,16.430528794587463
11.068920369225173,22.35053595935235,18.156198515892005
10.973320403504138,23.846168124519803,17.64243518266702
11.582684637069745,23.92983615841815,16.61047180433341
11.682424668383831,25.049962965966778,16.955689811156518
12.601399193650986,23.935275759238376,16.271399100087464
12.501733888221464,24.43916696803299,16.78707080110684
12.195559222779822,24.019329187040512,16.948175219982545
11.2792647028705,25.17212352755511,17.644439873938406
11.693014650582015,26.170261235307933,17.476453397418407
11.791973578000905,25.13779330311028,16.60997572175944
9.954623272161498,25.384583417491267,17.643431775424357
10.56179065582209,25.25722020947365,17.98705208410193
11.687631882818545,25.264807633432902,16.608944634354575
10.556398675929808,26.12978211885397,18.155567975553847
11.691463401168551,23.3557119013905,17.990927157843366
10.158667725609604,26.59339382829552,17.813939597921724
9.522592547568406,26.13687953640595,18.499999999999996
10.040570433494365,26.42196951266416,17.983169130236305
9.530228891907788,26.340885931920777,18.328407283078445
11.073828707816872,24.848204552425106,17.984517787730713
9.638578146057782,26.758900006283767,18.328934980181817
11.788661495177221,25.841094070781185,17.81287198211653
10.875557920407475,26.345868235991002,17.813317293158434
10.87211513416407,26.62913782065261,18.328668234736842
10.256843548590087,27.335969775018956,17.982930716735932
10.143339253804776,27.377948498216412,18.15813584374325
10.76701899660959,26.550409274078397,17.12534698451807
9.6270739679696,27.335960340051383,18.500000000000007
9.224354740895915,27.46169104896646,18.500000000000004
9.311841883856898,26.962236951863638,18.499999999999996
9.329783064564353,27.627717291623856,18.15804966153572
8.916631451512295,27.542095296983543,18.5
9.428361871208285,27.667657223482564,18.329612822281067
10.675649810570052,27.463894761332043,17.815041294906575
10.767711628848494,27.17364322774693,17.635340546999302
10.352276637223376,27.709485386552128,17.817055100878328
9.31542005285171,27.869260749550612,18.16281023247817
10.467578925102412,27.381965111707114,17.815450048026158
10.45767889120498,27.75404177550363,17.29977351384021
8.31089625782415,28.00130000474523,18.5
8.308152648918316,27.95999886532315,18.500000000000004
8.299830421072024,28.084820396756097,18.5
8.524014404582498,27.959002498268976,18.499999999999996
8.212030216504795,27.96123957647482,18.500000000000004
8.71477537528597,28.29379806495735,18.5
10.98006249400683,27.55303978553812,16.430878243692007
8.619842321416767,28.169054939563313,18.3283930202346
9.028465134747215,28.25130432782983,18.16124529148613
9.045666298864319,28.04497266745468,18.5
9.454854198115058,28.004125045396115,17.475198983357892
10.67834115439065,27.92640459515099,16.964517126816506
9.644359788060642,27.924430418591722,18.331272341956236
8.925650547658641,27.711622862292412,18.499999999999996
8.518516193977293,27.83573061992658,18.499999999999996
9.24718897579552,27.631816151363907,18.500000000000004
8.925558988896194,27.878383042233764,18.5
9.34064677354417,26.650029521315098,12.462065777897598
12.704482741666617,26.46067227666528,13.294415767443104
11.997222212728598,27.190102281325984,12.800728597167002
12.405879483863243,25.80837352284277,12.61345192085384
12.30813954720574,26.50362155135667,13.470323116770018
11.896511571061133,26.870635890707163,13.138094667791307
9.21595897282113,28.126389776122224,11.1
8.920749015719037,28.295226156156644,11.1
9.432659212352693,28.37346776051334,11.099999999999996
10.056615118049628,27.883405677837768,11.605419515561593
9.02204940461426,28.33586311701608,11.1
7.590035988493424,28.254398616714116,11.1
8.403340013364245,28.297718482717837,11.1
8.3043444575899,27.68662197493265,11.608044542934485
8.710048671684357,28.337305527991273,11.100000000000003
8.814539233720136,28.133132418737752,11.439979226994005
7.90403774134138,28.094290934828752,11.100000000000005
7.404664470635985,28.096626260911655,11.1
11.69679658547615,26.25730151171218,11.773744617769207
11.291941273161644,26.98946318166071,11.60643320076344
11.687455753777943,26.123828998681475,11.435486159105217
12.60239815479339,26.48576875455658,13.821470250206788
11.590305960394637,26.52660825059485,11.776187112154215
11.594085427275717,27.434547396788226,13.13298701885218
9.854943216529147,28.084389665519915,11.1
9.843308717909295,27.879533152243496,11.100000000000001
9.330808603207087,27.960539395273745,11.099999999999994
9.847247136026239,27.504575038344033,11.099999999999998
9.645782587474537,27.916690389788236,11.100000000000003
9.319781207953838,27.674212677843155,11.099999999999998
7.896395220646755,27.5439517374913,11.099999999999996
7.38864627448224,27.754374427444862,11.100000000000003
7.290142398560955,26.794685417959133,11.1
7.896192008029333,27.712730559413412,11.1
8.819028851367097,27.047986621629903,11.100000000000003
6.881829362558306,27.044598997711088,11.1
12.396561962118568,24.961616884363107,11.1
11.787556503467266,26.00578062658972,11.100000000000001
12.397144238503456,25.04847602570289,11.270058822715532
12.707769150539637,23.961699226529646,13.100506216785453
12.702083450716511,25.182842617584672,11.610914522154497
12.397006432339882,24.722278742272454,11.100000000000007
11.166113749756162,25.220688869006636,11.100000000000001
8.11158116957623,24.67756388580519,11.099999999999998
11.06364244645737,24.763822888716316,11.100000000000001
10.857909398638991,25.719523919234835,11.1
11.0682813740617,25.71841243850132,11.100000000000001
11.27097560605799,25.512233335425396,11.099999999999996
6.773212175491853,26.464659859980635,11.099999999999998
9.42471950126425,26.550650279252622,11.1
7.491078086298466,26.132883706945815,11.100000000000001
6.473806390640369,25.633171139848884,11.099999999999996
6.479477773037233,26.08821321783411,11.1
6.370458861589732,26.254848722255186,11.1
12.401617565503077,23.50773338753162,11.610884117431556
11.592938333413597,23.429314830473153,11.099999999999998
12.703893335773934,24.33499096047123,11.1
12.092637588298686,24.1315230567296,11.100000000000001
12.704015448276767,23.2944863886502,11.100000000000001
12.20188342013057,24.164640989882738,11.60651084390606
10.967581950406228,24.054787066622133,11.099999999999998
11.068702384023428,24.09195728974095,11.100000000000001
10.765147777623346,23.970342461613118,11.100000000000005
11.272631593847503,23.927417946592264,11.099999999999998
10.656952905327975,23.803298831066723,11.099999999999998
10.556111830984522,24.176286939627612,11.099999999999998
10.250378617264895,23.886047729734194,11.100000000000001
9.429540658664536,24.633523411764614,11.099999999999998
10.149753145570383,24.13572033395588,11.099999999999996
10.25093577187176,24.094658206416796,11.1
10.046737606963537,23.84436308787484,11.099999999999998
10.554973445208704,23.969106375472474,11.100000000000003
12.196960256191252,21.751420742486236,11.1
12.90445788,22.75650500498258,11.947716937307598
12.400105983250283,21.73254955923735,11.774760478111162
11.791767000401506,22.998991209204036,11.099999999999996
12.402472578004001,21.599452618590327,11.43612169162878
12.702581722711317,23.78365840539171,11.608292248681835
11.271097427958896,22.79730992732304,11.1
10.967557071686143,23.05617454273324,11.1
10.661674110818383,22.968173496540402,11.1
11.060723828256043,22.219561340525132,11.099999999999994
10.965431944592758,23.137054330817513,11.100000000000003
11.063264233951982,22.471681431493785,11.099999999999998
9.634393596323205,23.3850160305521,11.100000000000003
10.246030424660951,22.925982764537007,11.1
10.655007590958878,23.133803278390047,11.099999999999998
10.555229163809184,22.88383266888715,11.100000000000001
10.44661304821675,23.173664890956157,11.1
10.859337484451954,23.172507622067496,11.100000000000003
12.196960241223907,20.8439548026952,11.100000000000003
12.099550359170177,20.296870779683612,11.099999999999998
12.200894550509796,20.793156536975356,11.099999999999998
12.502420197925277,22.496035399485635,11.27071922996596
11.789309655282983,19.97462480577152,11.1
11.891632665333244,20.80912866608366,11.1
11.367804673385011,19.519245933043067,11.099999999999998
12.086122426899076,19.97138929022315,11.100000000000001
12.085896235418087,19.89222704018004,11.099999999999996
11.47918029876275,19.59966838383874,11.100000000000001
11.474999618767761,19.723524041111705,11.100000000000001
10.760734638450195,19.189121004608477,11.100000000000003
9.53919775867954,19.691461159001364,11.100000000000001
8.718122199337987,19.767731770060855,11.1
8.410857542744036,19.64337431993231,11.099999999999996
7.488280611690328,19.639912145587047,11.099999999999998
9.84156757101579,20.35488672752943,11.1
7.080734319560765,20.058790418259125,11.1
11.693909257659598,18.55655375096182,11.1
11.690005033245662,18.969658069965657,11.100000000000005
11.999061169374272,20.080254556703206,11.267847870727348
11.381558938232438,18.50858068974735,11.1
11.995418864747203,19.34070166479605,11.100000000000003
11.791811184828425,18.560417661356023,11.100000000000001
10.049166982921424,18.604534770834224,11.1
10.147000587422555,18.69179424052968,11.099999999999998
10.659412987204096,19.146980558926963,11.099999999999998
10.863773998426673,18.48216901564381,11.100000000000001
9.331892022339774,18.604035405668903,11.1
8.718788226069158,18.316100281787545,11.100000000000005
8.003915710288085,18.48024122549827,11.099999999999998
8.71522688069037,19.10256365978845,11.1
9.021850278380974,18.559557602506363,11.100000000000003
7.2834956872552965,18.10310838054886,11.099999999999994
8.613894422848285,18.228152127211757,11.1
8.106041958085447,18.23241524662346,11.1
10.478585449506655,17.643072471016076,11.1
9.249888174828397,17.268097858845806,11.099999999999996
10.885500309126208,18.348815795973884,11.100000000000007
11.18426416066067,18.432818901068472,11.099999999999998
10.674767987721243,17.932343601530196,11.1
10.078194887312888,17.810578850406557,11.100000000000001
7.88386584066833,17.26608525292144,11.1
8.908317426666175,17.348517025299426,11.099999999999998
8.00837870667124,17.22590169019152,11.1
8.601254663377226,17.514948543635626,11.100000000000001
7.901271957450668,17.266376082610698,11.099999999999998
8.607241090235082,17.392491792884314,11.100000000000003
7.679150409853317,17.30678441417465,11.099999999999996
7.3612249839167285,17.26667080953966,11.099999999999996
7.472560930723751,17.38885598491301,11.100000000000001
7.574164112525032,17.42942174003919,11.100000000000001
7.067732652579724,17.386175546084516,11.100000000000001
6.969739167458282,17.345215610706557,11.1
7.170129495793645,17.51161044054454,11.100000000000001
6.653588645708231,17.473552665416985,11.099999999999998
7.662929236449293,17.424867726721764,11.100000000000001
7.2710275667794315,17.427747567064085,11.099999999999998
7.57570068768903,17.305211581685406,11.099999999999998
7.258148763553418,17.425437602406976,11.1
7.90071172064387,17.346601607624223,11.099999999999994
8.807796920177205,17.430933549386822,11.099999999999998
8.610676856313214,17.426385416763203,11.099999999999998
7.998241745993274,17.17882749102432,11.099999999999994
7.803966929353559,17.2631381971417,11.100000000000001
8.909025261409449,17.427787572503526,11.099999999999996
10.143248732957012,17.644123072816917,11.100000000000001
10.561438645502152,17.72732430796915,11.1
10.062311179932253,17.601118633161512,11.099999999999998
10.157422690628623,17.564308732749897,11.1
10.569916583715123,18.22899117056309,11.100000000000001
10.664109608760466,17.812250481132466,11.100000000000001
8.094349899354661,19.099111965965875,11.099999999999996
8.80927720225047,18.186396842071712,11.1
7.589180722790408,18.14429140071966,11.1
7.176127441293435,18.474766347571375,11.1
6.964780633651963,18.178958264829273,11.1
8.508410440181697,18.27021430178065,11.099999999999998
7.800326236323695,17.89734527308171,11.099999999999998
9.221609131806325,17.563519799640318,11.1
9.637312973368523,17.898693999957896,11.100000000000003
9.531611566762761,17.895863685019226,11.100000000000001
9.637329558349961,18.021349506566747,11.099999999999998
9.022641314635608,17.981192371335887,11.100000000000003
11.984574715152794,19.557957774958577,11.099999999999998
11.881493625637882,19.27186376619246,11.100000000000001
10.348000844615715,18.44061012249173,11.099999999999998
10.861014813438889,18.563564623431304,11.100000000000001
11.276666774795615,18.64892615574544,11.1
10.96151138070319,18.937101887892847,11.099999999999998
6.673958613842909,19.84784803285676,11.100000000000001
7.474757863492924,20.18179800673089,11.100000000000003
7.39105474878212,21.222890190640303,11.1
7.183051370481521,21.05581314820918,11.1
6.25385846538355,20.719756246277306,11.100000000000001
6.769794071695305,20.095178123519574,11.100000000000003
9.636218573404491,20.269747261346875,11.1
8.206654339550576,19.770574725145984,11.100000000000001
9.841083903012848,19.811765253640782,11.099999999999998
9.027903360657525,19.973970924365567,11.1
8.41148025495529,21.22218354710809,11.100000000000001
9.325027982887676,21.139756478664886,11.1
11.570494455518267,20.27047861400735,11.1
11.890434028872,19.98162181838807,11.1
11.993232215196759,20.59819492408244,11.1
11.68575024171914,20.64173659244246,11.100000000000005
11.793857045958951,21.091072377530484,11.1
11.776203689334581,20.22933746894769,11.100000000000003
7.694741793448928,21.18291653635898,11.099999999999998
6.568810496142728,22.1742810234104,11.100000000000003
5.550485661137879,21.887612364232325,11.100000000000003
6.674791667378025,20.304431686704774,11.100000000000001
5.242074451942245,21.588096295238067,11.100000000000001
5.439109846009188,21.461316753996954,11.099999999999998
11.467964908533329,22.09326957034275,11.100000000000001
9.531598561103742,23.13313406262289,11.1
9.231225332843753,23.29999947575766,11.100000000000001
9.332772556207193,23.095000967493704,11.099999999999996
10.247156450311675,23.21610708534666,11.099999999999996
9.835040519356724,22.673807345292303,11.271057715542167
11.890845761086947,22.55547565322064,11.1
11.88250764537926,22.302797072114092,11.100000000000001
12.094876639356972,22.57756942464244,11.268485708911477
11.987733669413808,22.384189540175445,11.1
11.987158883145623,22.883689754143333,11.1
11.584027332007762,22.517682862133242,11.1
5.6495680252368174,23.01118640308756,11.1
6.261771540606203,24.215603599086364,11.1
6.161814098670161,24.630899274145325,11.100000000000003
5.857908650429412,23.553323471149525,11.100000000000001
6.978754943328159,23.635050286762958,11.099999999999998
5.548099898391161,23.71753780088596,11.099999999999998
8.110665259127298,24.260399401800324,11.1
9.02886068983976,24.63662160129659,11.100000000000001
8.726984836519113,24.636542261932387,11.1
9.742166284026327,25.215021984487777,11.099999999999998
8.312933959353911,25.092063707265687,11.1
8.827000114810001,24.21387989493399,11.100000000000001
11.688520303499022,24.13793621186888,11.099999999999998
12.09147628707135,23.757423723567882,11.100000000000003
11.69131609615683,24.51330502472474,11.099999999999996
11.481651728994464,24.591980587091918,11.100000000000001
11.685033122210903,24.798112539945226,11.100000000000003
11.890354558567985,24.382235723069456,11.269485525949243
8.623430269124551,25.427483054320778,11.099999999999998
7.491924950223082,26.29902473972895,11.100000000000001
8.30736872781495,25.049290720102086,11.1
6.5630535900648415,25.254574106092104,11.100000000000003
7.192308906349752,25.589801193379426,11.100000000000003
6.477988354776542,25.17566227022015,11.1
8.413833524535223,25.965070324743788,11.100000000000001
8.410429029434132,25.3825528059379,11.1
7.7994640774396276,26.463071380156777,11.1
7.288497612503307,26.92092516144751,11.099999999999998
7.90700075084178,26.46268420818907,11.1
7.388487230073288,26.09126792188485,11.099999999999998
10.865058514051508,25.383165628124473,11.441964460284648
11.782522305346994,24.721122145746563,11.100000000000003
11.17196791668963,23.886864983976963,11.785019288425795
12.196542031744272,24.807422843367814,11.100000000000001
12.08473287733522,24.84293779402376,11.1
11.78567096867707,24.554138117571775,11.100000000000001
7.377058208670956,27.588271252565516,11.100000000000003
6.5682193605219865,27.244759686251037,11.099999999999998
7.47610332605431,27.710767073346464,11.1
7.786825222720196,27.711720843934295,11.099999999999996
7.270508069632641,27.832771098212845,11.100000000000001
7.5898924708315745,27.75334190891234,11.099999999999998
8.314632104719633,27.34219899522977,11.099999999999998
8.400398624436411,27.586826707502507,11.100000000000003
8.197831192658976,27.462809172437364,11.1
8.408038665995186,27.71054305663965,11.099999999999998
8.405567144124593,27.70822045340695,11.100000000000001
8.708108073531337,27.66794483273092,11.100000000000001
10.868553367870387,27.435480385387006,11.943044920104018
9.546214763624993,27.755269576954877,11.099999999999998
9.5409999031817,27.91828801418176,11.1
10.162475357884082,27.880597033185136,11.267393552040703
10.761315002113692,27.798062306559103,11.26743074816107
10.66735512525715,27.801952915865147,11.438974664723574
7.276399516173184,27.965323605901187,11.099999999999998
6.2683959920434456,27.669974848951124,11.100000000000001
7.481207584128963,28.04971010798037,11.099999999999998
7.992779120940657,28.213137685668542,11.099999999999996
7.086920416887953,27.801174638654228,11.100000000000001
6.872354913324917,28.050334072782643,11.099999999999998
6.673130900859765,28.052100470290235,11.100000000000001
9.517599486557984,28.212306827867053,11.100000000000001
8.00213888362719,28.37843548712287,11.1
8.806156807746559,28.37597578920736,11.100000000000001
8.207696048996139,28.21535436603188,11.1
8.808265069146001,28.213040562172473,11.100000000000001
10.762363609719808,28.049956904007054,11.438129148132163
11.168019741301665,27.3045293924001,11.272102010239456
11.683350438328945,27.344992321218857,12.29306046229119
10.460203470453495,28.048691892609227,11.44123307451859
10.668157128480667,27.759559085576868,11.100000000000001
10.766980123258836,24.703345301869277,13.831410306282903
12.402340246914022,26.45625113778279,15.254779487989387
11.596343503868615,26.61007052514382,16.785640062012305
12.103093660300422,26.649800264971258,15.776195431632999
10.879835458807381,27.425994625733708,16.602970009530978
12.097675910389098,25.989412784859283,16.452341766936122
12.304621519348292,26.320992590994496,16.107897022257887
8.489139751161732,28.210998178883802,18.5
7.9844200404093275,28.08681669094267,18.499999999999993
8.486097746910136,27.96024074306689,18.160784318507048
7.183890151370234,28.21515764448261,18.500000000000004
8.188962554104354,28.21398098596426,18.499999999999996
7.584912281796019,28.047546359723462,18.500000000000004
7.776022779055681,28.220964181124405,18.500000000000004
7.859967961490743,27.940176597360242,18.165621990910147
7.668136704457132,28.131550172766456,18.5
7.663985507469176,28.17893416563935,18.499999999999996
7.576577519218587,28.010494126527405,18.499999999999996
7.677592028669889,28.174647295648057,18.5
12.601945576685484,25.901059695901377,16.95758228040731
12.504719648865498,26.3519564908827,16.62793751498143
12.202560612574592,27.006469728707483,17.138255583277456
12.904457880000002,26.15199317575993,15.584380620919053
12.305913713986975,26.934951062376594,16.624887362116013
12.90445788,26.440254824926704,15.048687286214136
9.74046563316285,27.172925322266128,18.160076012313763
9.937810523248666,26.879050368317348,18.499999999999993
9.118467588064066,26.592442512201707,18.500000000000004
9.121749665365005,26.921702549491734,18.499999999999996
9.519323916495361,27.37421307466211,18.499999999999996
8.814645634516484,26.92115155995825,18.500000000000004
8.194922558772092,27.918116552662873,18.500000000000004
7.889815929403919,27.832962387138302,18.499999999999993
8.406453032661618,27.376659066227845,18.5
8.402045229516736,27.54103496447922,18.500000000000004
8.907824168642751,27.45818815572335,18.499999999999996
8.311052956602191,27.420545966092394,18.500000000000004
12.298582031117629,25.178832879008414,17.302868593653685
12.60207756106859,24.89340244079975,17.482736712093175
12.499872057666733,25.639627838197217,17.13499465196251
12.600331186070173,25.716150512724877,15.93209819605391
12.095098162239756,26.714976968077437,15.910594120855349
12.403342019822134,25.678963495725476,16.964466297176703
8.30850526167012,24.550679265602724,18.5
9.123333480276424,25.5947148178451,18.328629114682503
9.12824595800937,24.17444499764748,17.98529812373763
10.556997310925919,25.424047882311772,17.121524237264598
9.633325959962301,25.423396357870622,18.328846608297503
8.924638719405577,24.881388562958964,17.98618091211783
8.915062315912813,27.208373420711574,18.500000000000007
8.71033348724134,26.010038732266242,18.499999999999996
8.90575447178591,25.473559343644446,18.500000000000004
9.226140816885328,24.46772872896948,18.500000000000007
8.618191661491661,24.383317273905096,18.499999999999996
8.61411945836361,25.053610179096957,18.500000000000004
11.78848121417061,22.35427739880448,17.47662476314208
12.396618818428173,22.5122636400034,17.647526663166836
11.790410084906373,22.22742443138129,17.650188579211903
12.19302219678942,22.679125531933998,17.642547576385752
12.39594150485021,22.730292363876945,17.647281256094356
12.092289787592254,22.34667239218645,17.132978879901597
9.74680834243819,23.303329057756095,18.5
10.865895016957806,24.094083325115093,17.986547572231682
10.560048430745653,23.636663355774925,18.15748132146521
11.379157150092778,24.631615268440882,16.610714702658058
10.869416345954617,25.007046221688537,16.779059294305977
10.35549898327475,24.46696912855073,18.158012478040877
8.721969454842917,23.800148338240344,18.499999999999996
9.22945530684831,24.09302616779647,18.500000000000004
9.229358039540124,23.594746489288415,18.5
8.928427846007953,23.549063029212924,18.499999999999993
9.131042843330038,23.633751157619944,18.499999999999993
9.641271373548628,23.05393612255747,18.500000000000004
12.393235277623477,23.089088493941844,16.43632826093503
12.396715870292052,23.16812520352859,16.27792262043984
12.299320908956709,21.798504207186266,17.48256841609836
12.296166160768925,22.13386240855669,17.3059012589292
12.197828651761114,22.51643189020232,16.95807713967002
12.394731204923897,22.271079924746104,17.30237839969305
9.739871471975672,22.554814825699506,18.5
9.330541482419797,22.42895654511988,18.5
8.616590418429624,23.631643438281614,18.499999999999996
9.84064202542356,23.466294085220348,18.157590331725626
9.639384005516844,23.634326292686264,18.157031884953753
9.429802450485532,22.387405215666877,18.15682778547789
10.14879418562979,22.178775475087395,17.816023428473596
10.049518985918136,22.141883830632242,18.49999999999999
10.557163624034924,22.679431840979994,17.812563332733
10.456870470358776,22.59754686351647,17.982423535173844
10.354271652608599,22.676784332349047,17.98467489799807
11.372203613775108,23.052605010310113,17.297862225685968
10.866055039770712,18.93425520727169,18.500000000000007
11.786062352641181,21.137798270893693,17.47163199461257
11.782006844301376,20.17909287491428,17.64353526068837
12.195283720990863,21.540587035626245,17.987476442398894
12.192954819590309,20.964662347878857,17.81802640130214
11.989827423783499,21.0496857619981,17.303109178033452
10.871100930710734,20.728219902698342,16.090058216973475
9.337819595453198,19.42845407738476,17.816437181787613
11.273968849238337,21.805568011129306,17.46785008965325
10.051787959050536,20.843653691476757,17.637422891092214
8.311780363797645,18.977301815405387,18.499999999999996
9.535986202039012,19.43143042042274,17.814912963398914
9.12770525392919,20.76506452467689,17.465036096386182
9.02714998546189,20.177698207819788,17.64118101229892
9.434736693774315,21.600931573922427,17.981759104223254
8.417833239891555,20.305710659038553,17.121889724197835
7.899169129376155,18.933664665839373,18.329163132771832
7.594701926705455,18.72959367537421,18.5
11.679667430285335,20.796546532318498,17.816233921645544
11.28267490498545,19.308748144933684,18.32827073813896
12.29692118853413,21.405175257204874,17.823221073112666
11.987538171176583,20.258271440188757,17.305308837172642
12.702972340011803,22.11555215877417,15.765846927570355
11.89498122959491,20.214017356741223,16.79738738482064
11.167292314773594,21.259844684131235,16.78132901782865
11.474208157469599,20.97123311365507,17.46974338732745
11.679555526380426,21.09442271864848,16.61550964428744
11.27243228410071,20.678434022317703,17.47037114911955
11.368757528665318,21.59150575875487,16.784541872849235
11.171630287510553,21.76452232759198,16.77795488070827
9.328362781038757,19.600327148203338,16.262794562994017
8.209301147110805,18.849430319826297,17.98480637624001
10.14862052322785,21.59408268232976,16.089866688135327
7.890025920651755,18.391461330343002,18.329702438542547
8.820750936327075,20.184720371264646,17.465750336901685
8.003454976446076,18.97198310485206,17.98673875461186
11.076203715395378,19.26337348682042,18.33048261605802
11.27199474477097,19.432124170020952,17.301086553039283
12.094798148926118,20.13266011597866,17.648107198670175
11.680995718241489,20.50843505327009,16.78465787183731
11.48046432727527,20.135730385546875,17.132821647710546
11.783998620061729,20.58873467201151,17.475846357245146
9.119058162453483,19.509630237294637,15.412919592157168
10.558603541710712,20.981627673451673,14.708269787779882
9.530634219526346,19.63648790695906,16.095480990992233
9.85049194822218,19.85602759102705,15.050582010842279
9.015329288938696,19.469075993506333,17.126103403608468
9.324588915051649,19.09574751445732,17.29751289558405
8.708511255536614,19.30052762174752,17.13064823857292
10.247217183899417,19.305511908178786,17.12904169714151
8.203188476807696,18.3931669842535,17.6413605868792
7.7939484654604145,17.728873917330798,18.499999999999996
9.021424911854343,18.598935110014718,17.988000327827642
8.307060188882168,18.22694270946074,18.500000000000004
7.176096893732892,17.638253056774044,18.499999999999996
8.306744820670511,18.144852468468166,18.5
7.896066198767921,17.895912149716207,18.499999999999993
7.378194878199413,17.476397103056442,18.500000000000007
7.37821360905903,17.39416827513422,18.499999999999996
7.279046726211965,17.644376904229386,18.5
8.499662937742933,18.66458862835749,17.819098514157616
10.95761044520619,22.086464525845685,14.032818893598579
10.126187794120685,20.945202930045674,14.911486795845727
9.721885523637823,20.578966147018484,15.078787157477501
9.924894437971545,20.07720842740628,15.59218034170191
9.711755457466289,19.363988841766307,16.457316477211517
10.154155792273567,21.140174613768426,14.710751223106191
11.989219477972437,21.680258110469033,14.707302939707105
11.78218920034693,21.681813119323632,15.054886633860102
11.37111310427794,20.847571963880423,15.399981081785624
10.560296873858366,20.725314654657073,14.710389548145042
11.888813567813786,21.31018964021371,14.013205331450619
7.284357640073854,18.227955514391805,18.329088742697795
7.698790667684596,18.105807098062385,18.499999999999996
7.186419369086433,18.104629721372817,18.500000000000004
7.389790452959128,18.186488856230813,18.499999999999996
7.795397969022586,18.186276052915627,18.5
7.080862473045563,17.81281240582126,18.5
9.537853822550604,20.178124625151817,17.470321965430262
9.021896604225402,19.803291145722813,17.472700972357572
8.726213939279111,19.513249124762037,17.641382065969484
8.410973482162664,19.05811965975248,17.46951645456219
7.7979589474394215,17.896107010271013,18.5
8.107427720604745,17.894258738436037,18.5
9.847128394269932,20.513909608844777,16.781945721451745
11.680504150897734,21.97640084429974,15.9157181462099
11.372521288311688,21.558026948690976,16.26107681676886
11.268495543914792,20.677422833914292,16.435323040744997
11.784327565846851,21.72802980786674,15.74337037497144
11.984806803491363,22.1443841917326,15.399688081938335
9.945563827176944,21.5920882815589,18.500000000000004
10.04886637774801,21.01199665512487,18.156866797147472
8.009179730698998,19.727036777233,18.499999999999996
7.7969594840521115,18.851563856303713,18.5
7.312051477736019,19.211245836758,18.500000000000004
7.380706244548016,18.93448247044007,18.5
10.554435985670722,21.468324856579493,17.81640394077102
10.250355911132555,21.428609699226318,18.157762575237637
9.535597270559624,20.221192740038276,17.98556750658585
8.11315088615347,19.97576043593928,18.5
8.111000392768961,19.51493829601651,18.32913268762774
8.61864595461978,19.889167466657323,18.32897506510868
10.869262945202593,20.466432677329035,17.645652207871446
11.576172272283438,21.17762713282411,17.818528888585945
10.457921873305036,20.766940774010646,18.155411702269692
11.374516483778718,21.26547332486555,17.4719132798864
11.685654647021794,21.10406811966139,17.985737817039208
10.860213966945523,20.804468345926022,18.500000000000004
8.208500314198567,20.895772385807,18.500000000000007
8.82881518660349,21.310348876710858,18.500000000000004
9.026193947956145,21.06032162763209,18.5
10.863662150543556,22.720573566540786,17.474024592728373
10.454322284450285,22.474441275933295,17.986559388732907
9.640297923148504,23.2619708632269,18.499999999999996
9.33076787983524,22.015098863588797,18.500000000000007
9.839387601979784,22.14018958445232,18.500000000000004
8.316619586124476,22.47196252945457,18.500000000000004
9.231522656927488,22.92966604114364,18.5
8.817600227473092,22.50521216010303,18.5
9.32411707013567,22.63467224112963,18.5
12.19298069964314,22.846320317945708,16.4362066948571
12.40687865581082,23.810200653006696,15.63238690047743
12.090934278009069,21.844191557021624,17.467197906948197
11.98727449886361,23.14014946355903,16.60676193842866
12.189907677713911,24.103821249859543,16.086020611463404
12.397441877165255,22.894714884143305,16.776791926797436
8.824131796124535,23.30153784678169,18.5
9.030555138587774,23.343465641559344,18.5
8.82718778555159,23.92373413270615,18.5
9.031104352271136,23.009890983769008,18.5
9.132909499706294,23.263017753148734,18.500000000000004
9.54092497458009,23.509097848598053,18.499999999999993
8.825432791375988,23.25973970228642,18.499999999999996
9.639186797608795,23.756259982434756,17.814922597967318
10.154321045562204,23.80008078446268,17.129306944017056
10.047221344427918,24.01053488137159,16.43404039283636
9.236841247928995,23.175711738985854,18.5
8.620759900023048,23.013425756567788,18.5
12.497887001892023,25.04824899566061,16.09505829665099
12.499488231612299,24.589713584109422,16.09784627253199
12.0947029870142,23.80833993109385,17.298510214717624
12.499975264410974,25.683680581498155,15.397200912308183
12.091096346638118,24.26629123734974,15.74072567453785
12.601154131097143,24.347716152464642,16.09022326498388
8.201461294449416,25.884345407765682,18.5
8.104797801300096,25.840951082646907,18.499999999999993
8.913803535969585,25.34571846019015,18.500000000000004
8.51084796278862,26.50808647164748,18.5
8.811832815253107,26.258659862560723,18.499999999999996
8.102060183983978,25.973308797160183,18.5
8.308074843846388,26.009304416442916,18.5
8.203412845338994,26.135137863827502,18.500000000000007
8.60904358708656,27.500390619938308,18.5
8.101327358662163,25.80386473220563,18.5
8.507139672155304,26.633896084436593,18.500000000000007
8.30015830795396,26.919996954007626,18.499999999999996
10.659560712537774,24.380904576186484,16.954670460565854
10.656455201692914,25.964761659079805,17.64110690505274
11.589486766415462,26.252766317169897,16.947544486101446
12.500748630183551,25.767656160368144,16.77257229349137
11.076381009818206,26.838893998767134,16.774310305023626
11.682353785420121,23.682351339680547,16.610045951161606
7.691700926552249,27.792394919622993,18.499999999999996
7.386290991419581,27.58496285429047,18.5
6.979864084591212,27.541329876709913,18.5
7.692777104875838,27.666200183288318,18.499999999999996
7.586570429093149,27.832994903877445,18.500000000000004
7.487941593457791,27.459222976547892,18.499999999999996
8.413598212810447,27.71028231615657,18.499999999999996
8.299108607224115,27.58105188922267,18.5
8.204465201838605,27.70600109421393,18.5
8.506061993550507,27.088261884222284,18.5
8.606719500924967,27.33628538844915,18.5
8.81199495370524,27.58368494016806,18.5
10.354430602708172,27.67116783638013,17.474179245772053
10.260518416395819,27.75384396563461,17.640793794687013
10.77428845654624,27.511345771851634,17.301170008330185
9.63908333622767,27.751760799606725,18.32989843922181
10.57006620016413,27.470035321282598,16.959266477052584
11.083001182648964,27.554435456378073,16.781863465025765
7.480155098035404,28.13061829939513,18.499999999999993
7.767054342590424,28.174582703257528,18.5
7.28097852695392,28.092175665484376,18.5
7.680827031802535,28.13261060098736,18.5
7.2772050157026715,28.336330567375846,18.499999999999996
6.768918853067246,28.216556160847766,18.500000000000004
7.882485690534206,28.007784471797926,18.5
7.584335557351739,28.292631168656765,18.5
7.888265279813905,27.79641043954203,18.5
7.581014662246379,28.17359653158353,18.499999999999996
8.079888003393917,27.267618708213735,17.823767748475948
8.396461680282128,28.051086764732773,18.3293263381036
9.340034079983072,27.968988675035718,18.160359755441597
8.199125469969374,27.87618756319885,18.499999999999996
9.129188258216749,27.87813139235202,18.15980131911677
9.547288525851442,27.841640949155394,17.985526857944848
9.846806421901455,27.58906004713345,18.15994935385828
9.43946335207467,27.91961647195703,17.988604897819897
