8.276991744058463,29.137150233884885,11.100000000000001
6.202616454236939,27.135697187746697,11.1
9.28903682779513,27.899113153203977,11.1
9.222713009003492,29.207532020000006,11.100000000000001
8.831413292019981,29.207532020000002,11.1
9.004639092880854,29.20753202,11.099999999999998
6.926498581527076,27.142294201219876,11.099999999999996
5.720496388507525,29.072433686562466,11.100000000000001
5.883451385282653,27.076066462798643,11.1
5.658881197190771,26.996132802166827,11.099999999999998
5.663692828681141,29.0655795914921,11.1
6.516048483231861,26.985477965032956,11.100000000000001
4.610286491245786,28.437874210653938,11.100000000000001
4.523595076560375,26.679106075443496,11.099999999999998
4.7240247039528525,26.76048817133518,11.099999999999998
4.924745769284793,28.431584233258945,11.1
4.931326584909596,28.3808198234194,11.1
4.703888202704894,26.98493377774817,11.1
12.15752642595514,27.55787344979859,11.1
10.932899831764866,28.230416938746885,11.099999999999998
12.168782219489914,27.51319386708414,11.099999999999998
11.799185475097854,25.828482547696574,11.1
11.744667048942155,27.76321562100494,11.100000000000001
11.698861498736976,27.936771762834177,11.100000000000001
8.064482439065307,27.518678117719233,11.100000000000001
6.315856507468652,27.97751530800434,11.100000000000001
8.17068194200543,27.44874764101317,11.1
5.828893201588616,24.417446458052996,11.1
8.153883202299012,27.565865239948547,11.100000000000001
7.952781653115924,27.12270830157919,11.100000000000001
4.533679126843104,26.3043278580362,11.1
4.317456716541191,26.111156244588095,11.1
4.516080911438848,24.699624672143493,11.1
5.634085909290392,26.926195833561408,11.100000000000001
4.306794964895697,24.94710402485232,11.099999999999998
4.890548797940108,25.36956489757137,11.099999999999998
9.631391934478925,23.945331895059564,11.1
8.561655786624241,25.47290805887744,11.099999999999996
7.438571190274736,24.543670524752415,11.1
8.321704752455473,24.74806411933649,11.100000000000001
9.02358516681926,24.10449441038705,11.1
9.62500086232913,23.77665443819138,11.1
8.17125817991455,27.385066429278602,11.099999999999998
8.150533060632092,25.79651232301585,11.1
8.176986482591772,25.80645264468147,11.100000000000001
8.155274037877536,25.762444885077667,11.100000000000003
6.27800079346681,23.694776215651785,11.100000000000001
6.342230890239765,23.63802488058042,11.100000000000001
4.525266981754514,23.270585261763024,11.099999999999996
4.659796310591365,23.487267936241402,11.100000000000001
4.1253779,23.291587675285175,11.099999999999998
4.866601019452691,27.1753562572447,11.1
4.524640155641126,23.372739110520207,11.100000000000003
5.16817790615937,26.74868772156467,11.1
10.397808861545935,23.378547950533154,11.099999999999998
8.401622043455284,24.161922060328713,11.1
9.169624925267053,24.13788893402098,11.1
8.994050792382776,24.005005320401914,11.100000000000001
9.95274223319902,23.663751322259742,11.1
8.980333205315745,23.722071750913685,11.100000000000001
6.20982231622219,24.21731613541806,11.099999999999998
8.385882021911465,21.08912511782376,11.1
6.362434298604644,22.135687679939274,11.100000000000001
8.571149103637769,23.383668334152475,11.1
7.59207972523672,23.66672276195205,11.100000000000001
7.051747053718756,24.53864674676194,11.100000000000001
6.224730094428715,22.39485143595895,11.1
5.7179979834747074,22.09721101414766,11.099999999999998
4.31960130572666,22.28122260713231,11.1
5.0072228339112215,24.816497163463552,11.099999999999998
4.79487128050352,23.349770963059722,11.100000000000001
4.328361442359838,22.222086286471004,11.099999999999998
9.453612364786279,21.17838071262771,11.1
11.230189178458968,21.860442482053998,11.099999999999998
12.033012633057915,22.12256456516794,11.100000000000001
11.831995863755202,22.501916705866535,11.099999999999996
11.638452759569871,22.115338217074903,11.1
11.3869618844034,22.220934514528068,11.100000000000001
7.189547056121692,19.985856424789652,11.1
7.168094718716816,20.994809035701007,11.1
6.986847126611115,20.938497693934085,11.1
6.392090417441776,20.72895021327651,11.1
7.511148395167389,20.461707962202016,11.099999999999998
8.074868531904757,21.172157740403673,11.100000000000001
5.41949210968721,21.878541620040746,11.099999999999998
4.498604125765269,21.37089939409274,11.100000000000001
4.303212982634286,21.25970554535769,11.1
4.278886830994289,20.91297564178853,11.100000000000001
4.290640477760075,21.250763530990305,11.099999999999998
4.2794614471646195,21.793517689296305,11.1
9.835425649772692,21.088424801716442,11.099999999999998
10.714618836434752,21.558475323247443,11.099999999999998
7.542072026123931,19.268105688994446,11.100000000000001
8.027228553239972,18.810091916398914,11.1
8.457925326145709,20.637079420143717,11.1
11.680930617809581,21.553206787807355,11.099999999999998
7.730878768785252,20.467862752382356,11.1
7.453762137352224,23.7350219634652,11.100000000000003
7.255071201180949,22.43032893869473,11.100000000000001
7.455268283568087,20.499788567397818,11.100000000000003
7.049782817093937,20.69010335034205,11.100000000000001
7.862163078271316,22.608347017748002,11.100000000000003
6.338378384680076,21.423591181706467,11.100000000000001
7.157331426228408,21.425971225603575,11.100000000000001
6.492377065204408,21.687844406803993,11.100000000000001
5.459407699604586,19.9473542218782,11.099999999999998
6.176185913869772,20.34837503506217,11.1
4.902562239157521,20.436204449376014,11.1
6.973176404245153,17.142359599122216,11.1
8.647839430712,19.476905388396546,11.1
8.915843551693566,18.702797694841994,11.099999999999996
10.513453499630034,17.142028944613934,11.099999999999998
8.98539182107793,17.143698935681698,11.1
9.18603692081917,17.216757965526927,11.100000000000001
8.11401832604841,20.192928387557377,11.100000000000001
7.65802224433756,20.17478814158269,11.100000000000001
7.862905170632392,17.20862493402104,11.100000000000001
7.478025495345879,17.753122805098016,11.100000000000003
7.905783033473531,20.801855569872945,11.100000000000001
7.831904787946058,18.00226421218808,11.099999999999996
8.76433259195286,18.647740282864177,11.100000000000001
10.108147506183355,17.981587738269692,11.1
9.717258985518608,17.862484446465576,11.1
9.369756225996655,17.82678576886766,11.099999999999998
9.330098514448874,17.832564792580698,11.099999999999998
8.580948391166693,20.273427673680644,11.100000000000001
9.63853314465508,16.827181044926864,11.099999999999998
9.029982591738483,16.769441512675495,11.100000000000001
8.921572549556267,16.832071124353003,11.099999999999998
9.455211031491132,16.839676428760132,11.099999999999998
10.300639245194649,16.983309730278126,11.1
10.155464386573733,17.0815381686938,11.100000000000001
8.020393793209381,17.17404354388514,11.1
7.877252788812061,17.16850213703882,11.100000000000001
7.235300866450815,18.55151182444763,11.100000000000005
7.858852995867299,17.175463652802474,11.100000000000001
7.667322452452647,17.26073680050926,11.1
7.917903155642297,17.176193514324464,11.1
11.003395159711445,18.116943393677758,11.1
9.12403364187572,17.626188152607213,11.1
9.34177515028264,17.398724185802063,11.099999999999998
9.801774350776897,17.30700674474542,11.100000000000001
10.582758051080603,17.74679010874846,11.100000000000001
11.405406069584277,17.918844661070384,11.1
8.709459354192003,17.045924297792673,11.1
8.041469025532864,17.212934362565765,11.1
6.536498455095988,16.82192091800322,11.1
8.460907186994342,17.215891364679486,11.099999999999998
6.680700189355168,16.690803269999996,11.1
6.618328035104728,16.90349342245381,11.099999999999996
12.292411999942674,17.455927840338834,11.1
8.923223410861482,16.917504266607665,11.1
8.983737835768318,16.843150221371996,11.099999999999998
9.28573834736853,16.763744546017904,11.1
12.298561771047126,17.568719923059547,11.1
12.254609948252998,17.64485396497803,11.100000000000001
12.538663396137832,17.614991496020096,11.1
12.90445788,18.194075557439653,11.1
12.90445788,17.940719031524054,11.099999999999998
12.35157462972378,17.481654775642212,11.099999999999998
12.347122625073629,17.69598121513126,11.099999999999998
12.904457879999999,17.93588266259888,11.099999999999998
8.318310748890122,19.658378343403886,11.099999999999998
7.975291228759357,17.255552048168838,11.1
8.92639585541019,17.37587849684199,11.099999999999996
8.116824503711065,19.57563951383701,11.099999999999998
7.037548139904983,20.17181566513646,11.1
9.033775391958152,18.006456312742422,11.1
12.904457879999999,17.830349301206105,11.100000000000003
10.102043482919598,17.132841432849848,11.1
9.531143600681792,16.95839433845739,11.099999999999998
12.522329853244447,18.14739215454252,11.100000000000001
9.161592743233054,16.85068812724177,11.100000000000001
10.034899622550881,17.617294801402196,11.1
12.345815363292456,17.796506962131378,11.099999999999998
12.337674531579786,17.860883128758996,11.099999999999998
12.34167720435024,17.506567641403556,11.1
12.904457880000004,18.143297399410347,11.100000000000001
12.904457880000004,18.390541384610877,11.100000000000001
12.333844967473308,17.526739073750637,11.1
6.0654344781247715,22.09277020345591,11.099999999999998
6.285487080989038,21.444529875319912,11.099999999999996
6.9304725585794795,20.505611379658973,11.099999999999998
7.117995496385601,19.93748039243701,11.099999999999996
6.538282754877698,21.968331893519252,11.1
6.748212261560099,21.69886143943695,11.100000000000001
12.248741343461896,21.035578015359157,11.099999999999996
9.20782802395643,17.87754070643001,11.099999999999998
11.58767159559616,20.206228697287052,11.099999999999998
11.052419319029644,17.944055954004188,11.099999999999998
11.619412969099523,19.61263602761192,11.1
12.517274987113428,18.26296183794382,11.1
12.90445788,19.365691129395078,11.1
12.904457879999999,19.88539099954478,11.099999999999998
12.90445788,19.203262002721683,11.1
12.904457879999999,19.0359626452553,11.099999999999998
12.904457879999999,19.537778001957165,11.1
12.904457880000002,19.52520385198256,11.100000000000001
8.836938403493892,22.678924395800614,11.1
7.858814034910421,20.980044968663723,11.099999999999998
7.013065366563436,20.828486853478054,11.1
8.069646430816961,21.609667036446613,11.1
7.3027019265164865,20.67179173273704,11.100000000000001
8.077984412311046,21.775741014728982,11.100000000000001
8.680585344249009,23.019121035430658,11.099999999999998
9.145585999330791,23.039932302914895,11.100000000000001
11.174527360121193,23.468170105235142,11.1
11.578007628785885,23.397630050066454,11.100000000000001
9.499938164299438,22.988128537006652,11.099999999999998
9.816243297564393,22.634242141168063,11.100000000000001
12.90445788,20.742222440777173,11.099999999999996
12.904457879999999,21.2453769845791,11.099999999999998
12.904457879999999,20.850984308331405,11.1
12.904457879999997,20.57516391666598,11.099999999999998
12.90445788,21.868740325329387,11.1
12.90445788,22.007698246619785,11.1
6.792692337827461,24.538497031011516,11.100000000000001
8.811765936046275,24.01670831545125,11.099999999999998
8.79596005979481,24.812031321284266,11.099999999999998
8.311326645940207,24.032432974882806,11.100000000000001
7.712006888268264,25.1612538239968,11.1
8.525339963407765,24.608696052194475,11.099999999999998
11.84715489387786,23.29478496712072,11.099999999999998
10.73986624307326,23.60606359401094,11.099999999999998
12.09050765127429,23.25573805582504,11.100000000000001
11.845252595857911,24.627882933346367,11.099999999999996
11.938873306961018,24.218644093014635,11.1
12.711157982101977,24.095455604188306,11.099999999999998
12.904457880000004,23.060697620233473,11.100000000000001
12.904457879999999,24.081470927628057,11.1
12.904457880000002,23.021680177251458,11.1
12.904457880000004,24.33428680526671,11.1
12.90445788,24.32799365966107,11.1
12.904457880000002,23.195807583732368,11.099999999999998
7.974642192131529,25.260292464192105,11.100000000000001
7.8880015961400165,25.706419890003826,11.100000000000001
7.1489540180342965,25.882073332350984,11.100000000000001
6.711104051606744,24.47744195348262,11.099999999999998
6.83133089430768,25.574780195523665,11.1
7.1489704220474035,24.849041054749772,11.100000000000001
9.321931718184471,24.581118347764697,11.099999999999998
9.550761053174304,25.064955513602072,11.1
9.127776707189792,24.116849403720014,11.1
11.831986662148292,26.04304226933996,11.1
10.140090805792571,23.858460388220212,11.1
10.384826596544016,23.639725265829178,11.100000000000001
12.904457879999997,23.394006065396006,11.099999999999998
12.904457879999999,23.91530287317805,11.1
12.90445788,24.829638353696748,11.100000000000001
12.90445788,24.414863811200004,11.099999999999998
12.904457879999999,26.075509455582104,11.1
12.904457879999999,25.020533458533713,11.1
6.96346114665979,27.575256601990908,11.1
4.725100041707038,26.174884494363802,11.099999999999998
6.363503204186948,27.73624209455314,11.100000000000001
5.383294004795416,26.513824357113652,11.099999999999998
6.651238633901577,27.65210322046483,11.100000000000001
6.706854127827816,27.838358885157366,11.099999999999998
4.951747268993681,25.895310234385974,11.100000000000001
7.8252556124499435,26.00312997876285,11.099999999999998
7.330076288005852,27.287730955235666,11.100000000000001
10.096084258622511,26.178057706474824,11.099999999999998
10.226216860732535,27.960089609664365,11.100000000000001
8.992493102529536,26.10800901185706,11.1
12.716488506007527,27.667117496058257,13.274569767601285
11.684749841261766,28.020465812768485,11.1
12.744193782988493,27.469994365000684,11.912203881875492
12.904457879999997,27.86184617670512,13.401949625487608
12.904457879999999,27.539287598260245,12.910824260411895
12.162038762005775,27.987271166928693,11.57866097361378
5.430958065710585,27.155993018414954,11.1
5.6140112678344005,27.680171200398274,11.099999999999998
6.057591372066897,29.1291061107971,11.100000000000001
5.440464961165704,27.071611876720755,11.1
6.420560418411055,28.833407428956217,11.100000000000001
5.253283746596854,26.981817458936437,11.1
7.693556788487889,28.97165103100702,11.1
9.916761408121175,27.16193479138885,11.1
9.955907396114398,28.533219470892565,11.100000000000001
11.643257991771364,27.442196387734448,11.099999999999998
9.898498937483856,27.24640394212032,11.099999999999998
6.953485864421674,26.526436162550603,11.100000000000001
12.90445788,27.1370775259558,11.1
12.904457879999997,27.044464469733313,11.400219072153469
12.90445788,27.532910182588942,12.054315242229093
12.904457879999999,27.298856896888473,11.722641206990282
12.904457879999999,27.30614020857152,11.420691752880645
12.904457879999999,26.285907836923446,11.1
9.493213034204695,28.04340786262847,18.5
8.553942874919219,28.972114299764403,18.5
9.629199536678177,28.838924293026047,18.5
7.923317338084931,28.882394352688646,18.5
9.50288007101686,28.901214518841584,18.5
9.211450932563285,28.973401809760976,18.499999999999996
6.07130281229049,27.57941517149666,18.500000000000004
6.0140064719151045,28.972952596247595,18.499999999999996
6.406038760298668,28.23504170141064,18.500000000000004
5.933106286545191,27.9843641818817,18.499999999999996
6.324256318666326,27.763633800779598,18.5
6.075435658005047,28.98643982220562,18.500000000000004
5.801103817527575,25.590646169609858,18.500000000000004
5.831013752288468,26.61711908550267,18.499999999999996
5.3601677625744735,27.64496335976342,18.499999999999993
5.012960329304236,28.14631375351799,18.500000000000004
5.739230649599341,27.35969601027786,18.5
6.262626225873734,25.10805513985916,18.5
10.189397485590135,26.386174918971804,18.5
9.804675791276933,27.42583370169019,18.5
7.70507705627998,26.985254045469034,18.5
9.305845929722478,25.4017636672336,18.500000000000004
8.744257345111809,25.315827352235615,18.499999999999996
11.561026546178645,27.090625878368776,18.5
5.188715275115255,25.351330230936917,18.5
6.543846639982551,24.130321799343452,18.5
6.09499385800847,24.589142081402457,18.5
5.433332470273351,24.88394982946527,18.5
5.666370255428228,24.77011860005829,18.5
6.677186006971959,27.377784139153746,18.500000000000004
6.735937891586813,24.522780776727405,18.5
6.528739861649001,24.532147862864683,18.5
6.539964465556547,24.43633987742347,18.5
6.528619991634442,24.533762578064962,18.499999999999996
5.499067405677466,26.783782981926553,18.5
6.380425210264328,26.84177496344734,18.5
10.319649836326175,24.33183642397085,18.5
10.829523136182539,24.2709811752441,18.5
9.705906932098081,23.682496001796633,18.5
9.163916578394467,24.34148941646265,18.499999999999996
9.735027958138183,23.732666914978935,18.499999999999996
8.961419267515506,23.717019766800956,18.5
6.825232057610842,26.949795746502843,18.499999999999996
5.413517574556254,25.137232450881065,18.499999999999996
6.45309491136583,27.043453724284294,18.5
6.054592453824894,24.5500871919855,18.5
6.7664021839152975,26.750906185080318,18.5
6.3188325260064,24.591395707198995,18.500000000000004
6.9846472474440215,23.387556397971668,18.499999999999996
6.5216167735767385,23.407963629675418,18.499999999999996
6.959467000083054,23.308640909724158,18.5
5.084235347455941,25.681495159987456,18.499999999999996
7.002558697270675,23.306507527125426,18.5
6.938100251405343,23.621055194076845,18.499999999999996
8.506035575011637,21.770765106794165,18.5
10.057949748413751,24.45237502074305,18.5
10.81474509913618,24.741146163920845,18.500000000000007
5.377974690523629,22.364248700434242,18.5
6.983750658739001,24.453239973652195,18.5
9.76554004819431,23.824694452979664,18.500000000000004
7.0055131240192186,25.475039021268564,18.5
7.716666069222864,24.607456097807507,18.5
6.949836409465634,26.276347207183502,18.5
7.162973567715889,25.502609183348582,18.500000000000004
7.432650000395918,24.908540703463963,18.5
6.583696181298313,25.884593478054782,18.499999999999996
6.491416741591708,22.651599436108498,18.500000000000004
6.732768036751109,23.49361288447662,18.5
6.726153539919789,23.40982448770754,18.5
6.630495000753695,23.238389554043824,18.5
5.947723199881964,23.786174391941948,18.499999999999996
4.973407264772739,22.812448162344424,18.500000000000004
7.712295854272103,22.980845997058793,18.499999999999996
8.481741592482754,23.80028767263529,18.499999999999996
8.32958675627663,22.443051020547546,18.5
7.819277309746044,21.169802919345365,18.500000000000004
8.783620982821777,22.80857037924377,18.500000000000004
7.741918493534794,22.431931389945397,18.5
7.526395011710475,23.653161664595814,18.5
7.441272613602407,25.000606200333824,18.5
7.515196441863117,24.90274086783923,18.499999999999996
7.410112389412587,24.609377436495578,18.500000000000004
7.488783396384953,24.468467122989527,18.5
7.950503077738718,24.854739767758627,18.5
6.071850918983695,21.532947229386128,18.499999999999996
7.945656754369292,21.231677939653874,18.499999999999996
5.925985013700927,22.65291601892337,18.5
5.94616212090393,22.53536507544812,18.5
5.686406748662876,22.424323533762593,18.5
6.566523521787649,22.57557932370622,18.5
11.439604505577604,18.488155492711,18.5
10.010144711550167,19.35685458960103,18.5
10.062201441654718,20.66365142017952,18.5
10.703713511845477,19.84865653365852,18.5
10.496615929080635,19.585381272751732,18.500000000000004
11.312033511650801,20.23598167303366,18.499999999999996
7.246153043430047,22.714423238086376,18.499999999999996
6.724945430400871,21.925502237226244,18.5
7.470929456843216,23.55282515938142,18.5
6.666920422180843,22.676652391474974,18.499999999999996
6.689694578929725,22.95340625352114,18.499999999999996
7.178847271730326,22.897694568870936,18.499999999999996
6.692266801292244,19.95023156123627,18.500000000000004
5.6375370940435605,19.133380804010194,18.500000000000004
5.859386277985439,21.16488099743944,18.5
5.44248704913857,19.97744929415233,18.5
5.158321157488015,19.16851512453192,18.5
5.164660007187066,19.670534106179502,18.499999999999996
10.911697282874709,18.318544433371045,18.5
9.538267574498061,18.042871548662276,18.5
10.031417089879403,17.98052659167864,18.5
11.610948820149602,18.179747087945163,18.499999999999996
9.162859745833838,17.78109385565914,18.499999999999996
10.435489473262864,17.8204337810195,18.5
5.297977596602376,18.6987743549893,18.5
5.167586038917909,18.636325333264878,18.499999999999996
6.409803617324628,20.676792606124245,18.499999999999996
6.6423925686615,19.545726954476894,18.5
5.979901839934141,18.866540513355524,18.5
5.977740557354561,19.022425442404018,18.5
6.660820360218523,19.929766878997675,18.500000000000004
7.07241251324572,19.855195189707626,18.499999999999996
5.780316291068356,18.802387484146955,18.500000000000004
5.424221591888198,18.91767940612874,18.499999999999996
5.893043991913508,17.842659851577068,18.5
5.5986917595776795,18.11834884479891,18.5
9.765309646030447,17.264303337587116,18.499999999999996
11.284041584144223,17.632988313090962,18.499999999999996
9.431240409641054,17.053295882693757,18.5
9.989087405051304,17.51649867730596,18.500000000000004
9.935703041450445,17.301702184547786,18.500000000000004
10.247170613565313,18.74578399847158,18.5
7.087010256666934,16.74146395417783,18.5
6.612886319709456,16.985163687445763,18.499999999999993
6.864946518196306,16.899238013590434,18.5
6.962318540056955,16.69080327,18.5
6.6470219051227595,16.690803270000004,18.500000000000004
6.615351595336344,16.962230470352623,18.5
7.554567234032257,20.09387773627836,18.5
6.381526173721994,17.71329966122314,18.5
8.68366420752702,19.208441995303673,18.5
6.269428411066471,17.357873332348777,18.5
8.345019458874939,17.34645097780672,18.499999999999996
7.492939306592799,17.28896642830519,18.499999999999996
6.103616326337035,16.926562933304144,18.5
6.141340328803626,17.00696931363879,18.499999999999996
8.543018134712812,18.246276380657957,18.5
8.505269290351254,18.519192097950768,18.5
7.882824806414018,16.935229590202706,18.500000000000004
7.200719524569923,16.833691062886636,18.5
8.198797895485745,17.26551869368061,18.500000000000007
9.932741297020463,17.49104128158518,18.500000000000004
8.743839814824673,17.282952034788273,18.500000000000004
8.798504485443246,17.180544061687865,18.500000000000004
10.714294390513306,18.657041934508037,18.5
10.055417346861676,17.283872418020024,18.5
12.904457880000002,18.80775225477169,18.500000000000004
12.725385114919625,18.737725246869164,18.5
12.738122236391682,18.691812386116357,18.5
12.729254589232312,18.879230827698276,18.499999999999996
12.725825479453912,18.897383145837278,18.500000000000004
12.717989117291468,18.91240417333974,18.500000000000004
8.801604703737539,17.45647518968002,18.5
8.689153321246023,17.839102565658454,18.499999999999996
7.609574899701574,18.02966289299184,18.5
7.082184005789261,17.764139473408108,18.499999999999996
6.201466649574394,17.493970435361103,18.500000000000004
8.008166927721984,17.256863421215197,18.5
10.695673656397714,18.648045642950066,18.499999999999996
10.715698979436162,17.730794218469292,18.500000000000004
10.046289113076359,17.884643464176314,18.499999999999996
8.40345898018909,17.582150119732574,18.5
11.886671307553192,18.167992994585298,18.5
10.32025579146791,17.94209912663402,18.500000000000004
12.904457879999997,19.211568433912177,18.499999999999996
12.904457879999997,18.89077625967498,18.5
12.90445788,18.98970728261085,18.499999999999996
12.90445788,18.977146233484643,18.5
12.904457879999997,18.984986176285805,18.499999999999996
12.74163408173798,18.64241457271739,18.499999999999996
8.208626177957374,17.646711025113476,18.5
8.068136045114064,17.48863039184389,18.500000000000004
9.765521287111477,18.582864313866512,18.5
7.903082359943742,17.400065741922297,18.5
7.064409028013555,17.486656996496315,18.500000000000004
9.115352350091989,17.67765034487498,18.5
10.629762235318097,20.44782349008409,18.5
8.765455004648846,21.97725527254714,18.499999999999996
10.038279122470678,21.65273169619861,18.5
9.709085609692625,20.825246758825852,18.5
8.52439583018473,21.66749497692701,18.499999999999996
10.705319014908698,20.803863767562536,18.5
12.745026920891515,18.810895997401417,18.5
12.716478488782705,18.86587533952296,18.5
12.728843161531481,18.76251999272502,18.5
12.743144117402425,18.833128289745428,18.500000000000004
12.749702974254246,18.784215645611187,18.5
12.561318228026472,18.68442301602302,18.499999999999996
6.458277537100792,23.166457520430697,18.5
7.245891285333284,23.371096973482437,18.499999999999996
6.828035451193331,22.83989553525074,18.5
6.764894499667817,22.099859966602708,18.500000000000004
6.050624975385635,22.70161484403297,18.499999999999996
6.837354158994745,22.13749535442067,18.500000000000004
9.527694479465925,22.022946813491796,18.5
9.566378331576612,21.635237481026678,18.5
9.47071844659556,22.038615489258383,18.499999999999996
9.46004032077457,23.40496352073056,18.5
9.689413050639846,22.421644219511776,18.499999999999996
7.7602103118986685,22.603068373057123,18.5
12.904457880000004,20.72726346520198,16.773071847021605
12.904457879999997,19.181027949816354,18.499999999999996
12.904457879999999,19.049277263357336,18.499999999999996
12.904457880000002,19.39599746486602,17.86481359767898
12.904457879999999,19.416637960479665,17.870009850628527
12.904457880000004,19.147216649743658,18.500000000000004
8.396619825797455,23.31746496141707,18.5
8.525107703950697,24.29557638808531,18.5
6.8381825932979154,23.99135052329106,18.5
7.447750542528438,24.560826049436123,18.499999999999996
7.5323329759563995,23.580992997233203,18.5
7.566996944748953,23.674389063723382,18.5
11.190233923054276,24.792546402330238,18.5
10.327293663949648,24.642058226827594,18.500000000000004
10.383394317282107,23.895187714757146,18.500000000000004
10.399383414661177,24.799542408336908,18.500000000000007
9.262623323188258,23.88951408278372,18.499999999999996
9.294897483857156,23.277246656566838,18.499999999999993
12.904457880000002,21.30129801137502,17.771384842605116
12.90445788,20.74876044398834,18.500000000000004
12.904457879999997,22.416936298229476,17.846052840329122
12.904457879999999,21.879190032034156,18.175451232620897
12.904457880000006,21.78365685059168,18.155769707633205
12.904457879999999,19.899509147525347,18.5
8.538845401740039,23.94597322832663,18.499999999999996
7.245966228384085,24.08971267853052,18.5
7.4985910636582975,25.712290840817257,18.5
7.679549649161872,24.190452407614774,18.500000000000004
7.048311137897417,25.451753212983945,18.500000000000004
8.338093240586957,23.6979979810409,18.5
9.211772955134714,24.37602922519597,18.5
10.384894398028996,24.52038186601026,18.5
10.254831649305718,24.69571913145306,18.5
7.114508679534489,25.200318240632438,18.5
10.323849922405723,25.15922122517788,18.5
7.340449609037542,24.461537743910675,18.499999999999996
12.52018996656136,25.794562031130184,18.500000000000004
12.281510320884816,25.623875041447842,18.5
12.499873447396197,24.755306516242165,18.5
12.307076875530406,22.44787266485226,18.5
12.90445788,26.849062578248066,18.500000000000004
12.483429641538358,22.42255955721699,18.5
6.393584444862082,28.641032172469515,18.5
5.968953131751965,26.074631626660064,18.499999999999993
5.989590367279439,25.915736693294374,18.5
6.091032486646275,28.097937117133547,18.5
5.829796640037867,25.484245214907357,18.500000000000004
6.075041873397355,25.82724179870165,18.5
9.790043698135133,28.21709993804462,18.499999999999996
10.69971181042537,28.31064382344082,18.5
10.870473096947869,26.46326320616414,18.5
10.456213537409145,28.390344835154494,18.5
9.378510032501708,26.812754772412625,18.5
9.79878070027535,27.268625999398022,18.5
12.904457880000002,27.548417694207117,15.158797984551388
12.501700181321835,27.288272345827114,18.500000000000004
12.498256033126518,27.008312355618514,18.5
12.705856819582143,27.114908448170084,17.83314490992414
12.90445788,27.580900449844457,17.155230078447648
12.707608432390309,27.087183592208543,18.499999999999996
6.295845002042845,29.007487184340622,18.5
6.3338553761178344,28.234378767641925,18.499999999999996
5.889066663408705,27.963864539222776,18.5
6.313393480796819,28.03516055123319,18.5
6.108566872910123,28.06029695317512,18.5
6.264566896628329,28.93156381759651,18.5
9.85282176754383,25.621539562134224,18.13407629745637
9.6018131482718,26.89292347438007,18.500000000000004
10.495876628021229,27.182487072798335,18.5
10.322510550292934,27.718320190636163,18.499999999999996
10.223272550233705,26.958393520807576,18.5
8.35016652275364,29.029087356089324,18.499999999999996
12.90445788,27.83977583063117,17.445837264736365
12.490243739656613,28.41296141883946,16.66607555569817
12.508240785913374,28.094384142624705,18.168477632844496
12.90445788,27.9191503487668,16.74560404784826
12.904457879999999,27.716561697134996,16.417793485749797
12.90445788,27.75795821112699,17.141932694904774
9.392420772194415,26.077349926988653,11.1
11.245680806931007,26.119719173046587,11.1
11.839716283663787,26.104405546329158,11.1
12.035470959757438,26.96068235874062,11.099999999999996
11.624654305762808,26.70937391860981,11.100000000000001
11.396922465429954,26.698425576651267,11.100000000000001
5.15854759583235,27.247312781573314,11.099999999999996
5.393282355741786,27.14428418949608,11.100000000000001
5.600686073785647,27.414411912771563,11.100000000000001
5.610210418347054,27.326818196168126,11.099999999999998
6.834332897095781,29.090228305467264,11.1
6.825300428247904,29.041194007339463,11.100000000000001
6.0332873029276275,28.911070029731054,11.1
5.358677475407788,26.858989315528927,11.1
6.534423766550248,28.956144980190572,11.100000000000001
5.966424175919259,28.560018270124964,11.100000000000001
4.945015456901192,26.83708253655147,11.099999999999998
5.4330333997794344,26.95004711856308,11.099999999999998
12.468083397068202,27.532152922692784,11.099999999999998
12.698582844227843,26.555773790713268,11.099999999999996
12.202768739773449,24.291391250624066,11.100000000000001
12.254778672885015,25.892200832334545,11.099999999999998
12.904457879999999,25.63720747418865,11.1
12.262128922342132,27.22327050178805,11.100000000000001
5.655887726533812,25.548592314308795,11.1
9.01171687146833,27.26544802983586,11.099999999999998
5.918540474005892,25.385606258233494,11.100000000000005
6.560927176934926,24.89749758953635,11.1
7.365912130427405,27.413624169126926,11.1
7.079661022486473,26.308029064793402,11.099999999999998
4.483855867705347,27.664206509896967,11.099999999999998
6.333607810239811,27.283479885967836,11.1
5.850893330347716,27.907098103907384,11.100000000000003
7.175600279424175,27.056922559823736,11.099999999999998
4.709090981653316,25.940455224986472,11.100000000000001
5.873121486124318,26.930149617614255,11.099999999999998
11.650515828585469,26.52842375703541,11.1
12.706309424406495,24.308473299213485,11.100000000000001
12.508035092616863,26.794733696755458,11.1
12.307206464612621,23.70696782309568,11.100000000000001
12.703207597386179,24.029295489758866,11.099999999999998
12.50129208902948,25.221966886394505,11.1
7.597866972036729,25.528523901871775,11.099999999999998
7.866552356311225,25.082803252839287,11.1
6.60051537397591,23.005674650186773,11.100000000000001
5.2849151768605465,22.752245404405116,11.100000000000001
7.172949341414835,24.29094605817537,11.099999999999996
5.44176823245492,23.323789719293607,11.100000000000001
5.67104709642396,24.705081996650772,11.099999999999998
5.277605015366138,25.091384405062037,11.100000000000001
5.542527859669216,24.904000224319923,11.099999999999998
5.3149375419619265,25.25658123990695,11.1
4.723442257359824,25.686436418887613,11.100000000000003
4.503256882409775,25.91198936474891,11.1
12.713849666528091,23.474659370889547,11.1
12.744003626527025,23.740312878771388,11.100000000000001
12.731486727807605,23.893025470458156,11.1
12.904457879999999,24.377910991267743,11.1
12.475427019673125,23.385266637690826,11.100000000000001
12.733926253150582,23.571557254502792,11.100000000000001
7.743166735703616,24.30931582777534,11.1
6.9335944574475485,25.29299604893387,11.099999999999998
7.6635500897436275,24.75674714856998,11.099999999999998
7.978327710589519,23.025011576660102,11.1
7.650395361278312,25.701308174008194,11.1
7.567267455633407,25.29710590094369,11.1
5.959117077726085,21.34884384275027,11.100000000000001
6.631007116974088,24.323927143433707,11.100000000000003
4.340652645688852,21.986701154263557,11.099999999999998
4.330077949454641,21.798899822633267,11.100000000000001
4.68856144562784,22.751042195307676,11.1
6.028096048636957,24.090410479796468,11.100000000000001
12.733402074087572,22.802727941226912,11.100000000000001
12.193906595600444,21.256301807440973,11.1
12.730169065250454,21.90784541909812,11.099999999999998
12.516617732831786,21.557376534715928,11.1
12.056574292074206,20.815582702322562,11.100000000000001
12.904457879999999,22.57256369763813,11.099999999999996
6.826724467123378,20.974472169933236,11.100000000000001
6.708379734875603,20.98015030353867,11.099999999999998
6.91023267240598,20.62119611703983,11.100000000000001
7.300563999947012,20.9892069524596,11.1
8.512980385241116,22.694156014835368,11.1
7.682628425388986,21.14711740480655,11.099999999999996
6.310203527056457,21.43207666850837,11.1
6.356188895306978,20.830997129841293,11.099999999999996
8.328122188414916,23.214795878205337,11.1
6.751107553522488,22.47299271630097,11.100000000000001
9.640340234786107,23.480840076431267,11.1
7.4522490986817616,21.08492381182912,11.099999999999998
11.207975906780497,19.68848491679709,11.1
8.743938701883355,20.11506523498341,11.099999999999998
10.662875721514222,19.18930571168571,11.1
11.47373470887848,19.681026741474682,11.1
12.50125013784824,20.53066506321325,11.100000000000005
9.632755705145366,19.769246049961133,11.099999999999998
6.330949689845259,20.866833555901763,11.099999999999998
7.97728838546211,20.28441878902457,11.099999999999998
7.53724862845227,20.277508994232377,11.1
7.467163187853021,20.270778916838193,11.1
6.842966783554535,20.417965288575196,11.099999999999996
6.7746597239912205,20.47387228690832,11.1
6.7166298697234375,20.028060397444143,11.1
7.338481932468184,19.750504968951773,11.1
7.484832898796973,19.67712605666367,11.099999999999998
7.279111976372271,20.256973792550838,11.099999999999996
7.533240292710595,19.970822690645225,11.1
7.904569122589976,19.39267937435234,11.1
12.092627156708238,18.817681327965182,11.100000000000001
11.931783882444515,17.28163274525072,11.100000000000003
11.29236277703131,17.2368314392285,11.099999999999998
11.314485087990551,17.187470022638195,11.099999999999998
12.515137418974753,18.077328902587205,11.1
11.505508428649097,18.617585143415656,11.100000000000001
7.553786728071733,21.253486432526863,11.1
7.316489850068807,18.469597200487872,11.1
7.866323523995669,20.980644813740646,11.1
8.510451759205878,20.543620304170517,11.099999999999998
7.004723735956259,19.910154712978184,11.099999999999998
7.849045768126578,21.067475710574648,11.099999999999998
7.820533951540098,18.04592127867297,11.100000000000001
9.16193419376344,18.261517750263522,11.099999999999996
7.929031822089732,18.333497552880875,11.1
7.232382202895829,19.16382025335559,11.100000000000001
7.016185962114962,20.79843431323136,11.100000000000001
7.024775423508672,18.962578200681396,11.100000000000001
12.530414486863627,17.520899596383472,11.1
12.33833411001801,17.510833663590645,11.099999999999998
12.348639581734842,17.43456157395117,11.099999999999996
12.543286794317929,17.430321044937692,11.100000000000001
9.35911242850922,17.152158692029218,11.100000000000001
12.140605015720624,17.363697440201854,11.100000000000001
7.648861252865539,16.839167366882837,11.100000000000001
8.143731910239678,16.69080327,11.1
7.717068860928904,16.69080327,11.100000000000001
7.83316550513244,16.9941448880718,11.100000000000001
10.173604875412659,16.934284216238062,11.100000000000001
10.371799105493206,16.85280866895233,11.099999999999998
6.040843417914111,17.38432784418609,11.100000000000001
6.250992411723621,19.76587066182363,11.099999999999998
6.80500401969399,18.207580872698255,11.100000000000001
8.094865663918911,20.45042792414831,11.099999999999998
6.172383440445446,16.84266153307978,11.100000000000001
8.06100201576339,20.616643656488673,11.1
7.812284348629278,16.775056650225995,11.099999999999998
8.256357467442356,16.690803270000004,11.1
6.136028597888783,16.690803269999996,11.099999999999998
6.890371384947748,16.75986160753309,11.1
6.7286816832034555,16.69080327,11.1
8.23341786778329,16.69080327,11.099999999999998
10.111730560916449,16.758233350697,11.100000000000001
12.361034595431049,17.425382262521893,11.1
12.161859991575081,17.35226883660158,11.099999999999998
12.140271835694735,17.16813094877617,11.1
12.159467983614391,17.264117595505006,11.100000000000001
9.423950768741294,16.759005117794306,11.100000000000001
12.904457879999999,17.722232237588678,11.099999999999998
12.90445788,17.94091521806094,11.1
12.904457880000002,17.971897159171608,11.1
12.904457879999999,18.19184903979256,11.099999999999996
12.90445788,18.16886413460457,11.1
12.904457880000004,17.931544992589142,11.100000000000003
6.897213435048953,16.90026886758598,11.100000000000001
7.686115756078511,18.793689386139725,11.1
7.682541193823022,18.37637599750596,11.100000000000001
6.616729151228849,17.286209195987546,11.099999999999998
6.590490786790153,16.95412703640156,11.100000000000001
6.878933801021034,17.112916395620196,11.100000000000003
10.033332471100362,17.268932961377566,11.099999999999998
10.602771529113658,17.212762538435715,11.1
11.902263533526899,18.596738758298002,11.099999999999998
12.904457880000002,18.110003067508142,11.099999999999998
11.464984844288427,17.02526401492703,11.1
12.904457879999999,17.892039359133058,11.1
12.904457880000006,18.780188280870103,11.100000000000001
12.90445788,18.46155133003609,11.100000000000001
12.90445788,17.95795205062058,11.099999999999998
12.904457880000002,18.76380852505118,11.100000000000001
12.90445788,17.891830018353623,11.100000000000001
12.72365715613477,17.806788740036406,11.099999999999998
6.611567999509432,17.645983661366614,11.1
6.44597477477892,17.631975402690777,11.1
6.425058847735477,17.600222206524172,11.099999999999998
6.513145307206793,17.93940680444538,11.1
6.988535108190248,20.714714931142353,11.100000000000001
7.637431155824359,20.26658845116915,11.1
11.981575986683865,17.142866844701057,11.099999999999998
12.71015275718531,19.06018020599927,11.100000000000001
11.067500837072597,16.967548468545594,11.099999999999998
12.706773898568867,18.81746651137939,11.099999999999998
11.067143010796885,17.643746834031262,11.099999999999998
11.516600351238255,17.29039331763222,11.1
12.90445788,18.376571367808193,11.1
12.904457880000002,18.559890328513845,11.100000000000003
12.513415092848543,17.749921343536247,11.1
12.90445788,18.917257037953213,11.1
12.904457879999999,18.227545522821185,11.099999999999998
12.90445788,18.809062045785947,11.100000000000001
7.012587703091375,23.221659769131083,11.099999999999998
7.062549827060165,25.39684059999372,11.1
7.05442349649781,25.4471751705217,11.100000000000001
6.390557720682852,24.961659612885907,11.099999999999998
7.0535252780670845,25.463234155374142,11.1
7.046496782035214,25.717706867185232,11.099999999999998
10.340419447606541,21.661189718274418,11.099999999999998
11.567109489888988,21.251927281710753,11.100000000000001
12.06920655250389,20.67508414726903,11.100000000000003
11.882614710403997,20.88458679326902,11.100000000000001
11.673474309584918,21.004704008323458,11.099999999999998
12.056006827388321,20.558902429384887,11.1
12.90445788,20.564337467131402,11.431725756778421
12.904457879999997,21.082050830858723,11.099999999999998
12.904457880000002,21.16175293224938,11.100000000000001
12.904457880000002,21.31803664609894,11.45780186235846
12.904457880000002,19.374374019209977,11.100000000000001
12.904457879999999,21.91191196577647,12.557173520889933
6.716550100476452,23.022778217312297,11.100000000000001
9.008568416924168,24.45181804295235,11.1
7.240589406826941,24.937153869752382,11.099999999999996
7.4578408855289755,25.11502399856388,11.1
7.630757110159301,25.446979837572464,11.099999999999998
7.441600300588545,25.416014916308974,11.1
9.67761240913033,23.20604051530807,11.1
11.47100565123415,23.776365414245767,11.099999999999998
12.478830261516208,24.140723699966564,11.1
10.908544008495813,22.945499207005284,11.1
11.695464269100524,24.190199329469856,11.1
12.296902451794734,23.801385773078625,11.099999999999998
12.90445788,22.234033813963546,13.210417433613655
12.90445788,24.036038201803166,12.158685720185487
12.90445788,23.391862690184634,13.527383849777475
12.90445788,24.494689901977928,13.339679655389903
12.904457880000002,24.30960623626359,11.100000000000001
12.90445788,23.209156343296534,11.099999999999998
7.768543738449775,25.009239513009888,11.099999999999996
7.394956822556203,24.77099221154389,11.100000000000003
8.22497339614752,25.275778570376183,11.1
7.646871822224335,24.7177611757775,11.1
8.163736087458938,24.11373541366417,11.1
6.78789477935177,24.584296226545412,11.099999999999998
12.324919175110542,25.249015179473556,11.099999999999998
11.262103560372642,23.848921944548056,11.099999999999998
12.315420911304585,25.538227061538947,11.1
11.787641428497471,25.81140400085806,11.1
11.925462574413451,24.34576652651072,11.100000000000001
12.904457879999999,23.99649183319219,11.099999999999996
12.904457880000002,25.234922540452573,12.921842640649507
12.904457879999999,25.25486000281327,12.561095319422252
12.90445788,25.35866974233599,14.009646204076798
12.90445788,25.441512376250586,12.958407664102683
12.904457879999999,27.137579920422816,13.334670542643302
12.90445788,27.089648335003734,12.936404470420191
7.903442367548944,26.036063080618636,11.1
7.669305077174186,27.880198660705346,11.099999999999998
7.880854432445053,27.254085930393146,11.1
7.878213408945257,27.62736498039234,11.1
7.864760940747024,27.769187256599057,11.1
8.081533113232698,27.351525731815393,11.1
7.5517185207796755,27.752231235677034,11.099999999999998
8.730392253694884,27.56065400454765,11.099999999999998
7.862096049397344,27.421982737301846,11.1
8.218664973411814,27.498078827865584,11.099999999999998
6.877810846742143,27.12173092069513,11.100000000000001
7.676631690309646,27.57475884794847,11.099999999999996
12.534477130912943,27.126536605010074,11.099999999999998
12.55177446452792,27.349501767727343,11.41800775290817
12.904457880000002,26.9228999368142,12.073535564558798
12.495134505222444,27.37391284288329,11.099999999999996
12.716590122650034,26.964352932682903,11.40985131880877
12.71027863023443,26.845601608312094,11.1
7.8561622372597055,27.95748838476115,11.100000000000001
7.003520956809598,28.310237380695693,11.100000000000001
6.9950496035989875,28.53513368370559,11.100000000000001
6.960180550493464,28.80542450711791,11.1
6.859423038394452,28.898508824932176,11.100000000000003
7.319257353826968,29.04438347991675,11.099999999999998
11.040374680887522,28.02207916624727,11.099999999999996
10.464579663004248,28.11816923296682,11.1
10.915423924933574,28.144393799387863,11.100000000000001
11.832351730835441,27.59161707979254,11.100000000000001
10.18723200610711,28.210023613337484,11.1
10.954501483199484,28.179977841728356,11.100000000000001
12.904457879999999,27.5780081479299,12.399713345068934
12.904457880000002,27.55923190689528,11.706175441553373
12.904457879999999,27.900202623262274,12.733175844850326
12.904457879999999,27.349525255178566,11.742920715952117
12.73686017112352,27.476990361167836,11.712799660171209
12.904457879999997,27.536338955351326,12.370158165928498
9.809225988031194,28.28523948093863,18.499999999999996
9.431720092733599,28.683148804282627,18.500000000000004
7.858699262144123,28.699821925090692,18.5
11.62890680986597,28.94075942042877,18.500000000000004
8.820226578545638,29.03965080035325,18.500000000000004
9.509738735689004,28.959769334077112,18.5
6.18243091413376,29.033338625022715,18.500000000000004
5.861221257893796,29.150327525899367,18.499999999999996
5.927105461361176,29.102105980861793,18.5
6.013706063614176,29.034211225111854,18.500000000000004
6.507255440021677,28.42707432680626,18.500000000000004
5.894958967520319,28.05642377665242,18.499999999999996
5.003244062402599,26.810309394543488,18.5
4.750453375980131,26.535288353230982,18.500000000000004
4.995750883611066,26.970039707223783,18.5
5.19831771729781,26.640532321917053,18.5
4.955781958735369,27.401599741710307,18.499999999999993
4.540854177875017,26.542821922034328,18.500000000000007
12.265059868123792,28.300764998781656,18.5
12.48538932134027,26.834649879518317,18.5
12.380484797967323,28.399341998427357,18.500000000000007
12.26853958328148,26.207524012940315,18.5
12.904457880000002,28.529590496841383,18.5
12.057847703635789,26.340829691683545,18.499999999999996
6.122530520983095,27.772913897750982,18.5
6.7465236462406315,24.32843027792273,18.5
6.538545381961393,24.325527087054255,18.499999999999993
6.1459470291755,28.116228241562588,18.499999999999996
6.105906663570249,27.181057918795663,18.5
6.266118491537128,27.304527080531457,18.500000000000004
4.957819470581203,27.127245566279413,18.500000000000004
5.76323851810767,28.74060478001875,18.499999999999996
5.011158344858351,26.97532831112212,18.5
5.4212060255958825,26.19737579680177,18.499999999999996
5.0089984783193415,26.524052378100624,18.499999999999996
4.99109056242926,25.805297324875884,18.5
12.321466828550026,25.019797253594113,18.499999999999996
12.102860112587612,24.503003949097728,18.500000000000004
12.00411512860261,25.21472952738037,18.5
11.282093720768,24.44837941020338,18.5
10.600946919554984,23.525943754265683,18.499999999999996
10.99582157792382,24.090273339090263,18.5
6.574858801584704,23.63736374781945,18.5
6.921198951075055,24.197416149327587,18.5
6.806184774195658,23.539206843242866,18.5
6.103020328695771,27.08018898099699,18.499999999999996
6.7695318763319134,23.55984760692685,18.5
6.788324757267078,23.56464081536641,18.5
6.752813053047018,26.832959410722797,18.499999999999996
6.790377142736738,26.843535638475952,18.500000000000004
6.685721231761471,26.802869385875418,18.499999999999996
6.9209876357368705,26.879472185421466,18.5
6.95667913699386,26.688253720328575,18.5
7.0214072709133815,23.20635504813331,18.5
11.94557970670343,24.588254935564997,18.5
12.904457880000002,25.52674238176138,18.500000000000004
10.867982898430297,23.415157677224357,18.500000000000004
11.256626612416795,23.485461010373808,18.5
10.707399571000385,23.446826690693115,18.5
11.942810163980159,24.94728892852155,18.5
7.334495985736147,22.11099130326371,18.500000000000004
7.2895464645894545,24.04825876441422,18.500000000000004
8.127302659685732,23.725572503203107,18.5
7.2287457363013905,22.47646637887284,18.5
7.267376327044772,22.256379037326134,18.499999999999996
8.070054575136767,24.0580545665103,18.499999999999993
7.664070546816596,24.211191405716242,18.5
6.540557828795302,24.508686707498274,18.500000000000004
5.998610351885721,24.413065117301166,18.500000000000004
5.824504590251802,24.37899820771021,18.500000000000004
6.756946746575221,22.672437647639633,18.499999999999996
7.022289316162088,24.066952768017206,18.5
12.70729880686273,22.17805573284878,18.5
10.558155596543846,19.847046798946856,18.499999999999993
11.641639805946985,22.722824364163895,18.499999999999996
10.64093367473923,20.337585965874545,18.499999999999993
11.707776130379226,22.807112193990882,18.5
11.736527835762516,22.590791501162734,18.5
6.565179466911095,23.33797693027094,18.500000000000004
6.498764765420021,23.151056826817186,18.5
6.357315649333431,22.958609673716445,18.500000000000004
6.550396563909095,23.252776487316904,18.5
6.832775924378352,23.326375454988042,18.499999999999996
6.6070705152367575,23.25548157984185,18.5
6.038761182414241,23.06527065244724,18.5
6.374855698069837,23.007500049670845,18.5
7.384261916809914,22.591351874069407,18.5
6.524923049390859,22.859009567100177,18.5
6.168628435215923,20.10410896355864,18.500000000000007
6.1944012411163145,20.13764704971735,18.500000000000004
11.316524518398207,19.05112124175128,18.500000000000004
12.268038385564303,19.918591377286635,18.5
12.439290742009558,20.625177337597034,18.5
11.87506967392914,20.144882839666067,18.500000000000004
11.541906977325866,18.770364787012745,18.5
12.3175179396498,19.742886153631197,18.500000000000004
7.3129913156046245,23.167332763168254,18.500000000000004
7.024220869672098,21.922793673547197,18.499999999999993
9.884007068859098,23.37945765545983,18.5
7.0543838519673265,22.905636561540135,18.499999999999996
8.119272111325277,23.018647900543808,18.499999999999996
8.426049195200394,23.179680561763725,18.5
8.506766585328078,21.613774636007882,18.499999999999996
7.392354897276469,19.550605259075844,18.5
7.035559605447431,21.191061848826973,18.5
7.674062443880886,20.994465498502507,18.5
6.801759580962471,20.836795346116624,18.500000000000004
6.578752657189863,20.21375385857128,18.500000000000004
12.29697729337927,18.332469764496544,18.499999999999996
12.70550071440262,19.14680733969686,18.500000000000004
12.90445788,19.132266726025957,18.499999999999996
12.904457880000002,19.183738685587887,18.5
12.508106472657296,18.938339989069924,18.5
12.711030906692585,18.52630270143327,18.5
9.221568878203174,21.783060817518233,18.5
5.671917593841496,17.639129922609342,18.499999999999996
7.398818894162872,19.643442635367396,18.499999999999996
9.984959637233239,21.524486444289384,18.500000000000007
8.394600603506788,18.859891961045875,18.500000000000004
5.325824749751884,18.260916610447865,18.499999999999993
5.401281094428739,18.12074908522198,18.5
6.058980541420052,17.357483023087788,18.5
5.401096214318986,18.193747616670986,18.500000000000004
6.256062287945976,17.34595145488055,18.5
6.0672153041598635,17.43428525618593,18.500000000000004
5.193367083340315,18.197392518862163,18.5
11.528338231897461,19.288180613115834,18.500000000000004
9.168678003194731,19.959739877945374,18.500000000000004
9.99758776447522,17.39180648178653,18.500000000000004
10.654984280948796,17.66165724853269,18.5
11.534947784465489,19.406432556095936,18.5
11.286463667603012,18.174316143018505,18.499999999999996
6.58894987181718,16.8475504305389,18.5
4.534408519585483,17.38979152252231,18.499999999999996
4.5429907486842325,17.222641270571685,18.499999999999993
6.480032215272322,16.79569955393515,18.500000000000004
4.332567333301161,17.47282146973147,18.5
6.71397959115,16.8419963442911,18.5
4.722043369515442,17.83024509178277,18.5
6.039488241803879,18.60846627735411,18.5
6.092222840996176,17.043654367345614,18.500000000000004
5.357060786178386,18.338792013833316,18.500000000000004
5.672180428598212,17.087587874207067,18.5
6.075014616474581,16.875146165020794,18.500000000000004
6.248206146826916,18.813068820392367,18.5
6.730147703833323,17.035663579290134,18.500000000000004
6.582503347024595,17.129540478185877,18.5
6.631426556332191,17.046220354276635,18.500000000000007
6.882512495498051,17.29517279224769,18.499999999999993
6.467034636413732,17.09706511651547,18.5
9.791878596918682,17.69215068171317,18.5
12.27337927972925,18.66719610909757,18.5
9.98151369404244,17.445974299337486,18.500000000000004
12.29316324075917,18.65448211334692,18.5
9.800175050527988,17.452683779006712,18.499999999999996
12.263820397419455,18.70614953704046,18.5
12.90445788,18.750146065646476,18.500000000000004
12.904457880000004,18.69675745286521,18.500000000000004
12.90445788,18.619137485395477,18.5
12.904457879999999,18.798538098457527,18.499999999999993
12.904457880000002,18.69810200968525,18.5
12.904457880000002,18.629179882839704,18.5
6.265201004123713,17.40490169708735,18.500000000000004
7.972459308975802,16.69080327,18.5
6.977638096382674,16.833841424924803,18.5
6.319068421614093,17.651612121871928,18.5
7.078748833557128,16.845165994701908,18.500000000000004
6.269850987526603,17.139245638100917,18.499999999999996
12.117466302291028,18.997661702886678,18.5
11.34944423238677,17.73645323777732,18.500000000000004
11.384314303926008,17.753539071058213,18.5
11.072526747249665,17.703582103163967,18.5
10.30182513545747,17.402753023113988,18.5
10.245324422264602,17.531221641930216,18.5
12.904457879999999,18.88213408967692,18.5
12.90445788,18.751711849490018,18.500000000000004
12.904457879999999,18.700615408974475,18.499999999999996
12.904457879999999,18.872354068941323,18.5
12.904457880000002,18.964436603126316,18.5
12.904457880000004,18.80593659746452,18.500000000000004
7.919978222955825,21.035283771123186,18.5
8.587134542023637,21.81588845284974,18.5
7.466273666572894,18.395044426131182,18.5
6.438341315880709,18.170503330992805,18.499999999999996
9.164602211074428,22.344341103667393,18.5
8.452700193122997,21.498866266621352,18.5
11.622617085261648,18.219069598633894,18.499999999999996
11.884362672655836,18.497612124247084,18.5
12.305369395552125,18.463148326277828,18.5
12.481367989259562,20.54022637207312,18.500000000000004
11.139807609509617,18.488982785713656,18.500000000000004
11.38753324442223,18.548771830594557,18.499999999999993
12.730498210807745,18.531812624129664,18.499999999999996
12.904457880000002,18.79261098498624,18.5
12.904457879999999,18.988075176453407,18.5
12.741257001780513,18.506699167184777,18.500000000000004
12.904457880000002,19.083870280030283,18.500000000000004
12.904457879999999,18.826320353446228,18.499999999999996
9.426349676828092,24.297339674389185,18.500000000000004
9.25709834230657,23.52979216139581,18.5
9.05529458542387,24.297630966153672,18.5
7.806423561495459,23.210259059928163,18.500000000000004
9.315890159844587,24.205118130528806,18.499999999999993
8.832434426895638,25.406888502097377,18.5
10.921345247023856,21.020012916790943,18.5
12.682604983923506,20.329223551529275,18.5
11.574957008373016,19.744761863530584,18.5
12.233028421895174,20.953914415266503,18.5
12.475803707963934,22.267938260981197,18.499999999999996
12.240429451021232,21.870525587415326,18.500000000000004
12.90445788,19.192976425372652,18.5
12.90445788,19.488377070951103,18.5
12.904457880000002,19.647942633923236,18.148720197062225
12.904457880000002,19.27253307573212,18.500000000000004
12.904457880000002,18.90157604405594,18.500000000000007
12.904457880000002,19.14950762065072,18.5
7.0342324604971465,26.22353278356345,18.499999999999996
8.354705401448749,25.718014030090025,18.499999999999996
8.063135133823518,23.762576051150553,18.499999999999996
8.173356287288334,24.639264094135502,18.5
8.852859828564771,24.53801176144716,18.5
8.946463179648616,24.447114234223104,18.500000000000004
11.210459334663279,23.122856998385128,18.5
11.903097244351411,23.752141202072004,18.500000000000004
12.491210960287717,24.559023327391042,18.5
10.054051685514555,22.487872818344346,18.5
9.73751304365216,22.90826650043323,18.5
10.2518239937958,21.678745683837352,18.499999999999996
12.904457880000002,19.465472068375476,18.500000000000004
12.904457880000004,19.518757495999402,18.500000000000004
12.904457880000002,19.257528879493048,18.5
12.904457879999999,19.783657802780255,18.5
12.904457879999999,19.783657802780255,18.5
12.904457879999999,19.783657802780255,18.5
6.713165398290655,26.62395583952505,18.500000000000004
6.783953843107631,27.25873850179167,18.5
6.550861029796903,27.360508106903843,18.499999999999996
6.952323707654887,26.783990587063272,18.500000000000004
6.923797226229896,26.308764665886038,18.500000000000004
6.818401899814346,26.980021699483142,18.5
11.887537607368591,25.216947871360215,18.500000000000004
11.439760857349789,25.00908435136966,18.5
12.312871746471426,25.63766503924579,18.500000000000004
12.292183153541924,25.698200190430217,18.499999999999996
9.84436113932449,23.43113367209681,18.500000000000004
11.45135483487206,25.175936967523384,18.500000000000004
12.904457880000004,25.435583499336005,17.086875739892587
12.904457880000002,23.108797919735732,18.5
12.904457880000002,24.108788290185796,18.5
12.90445788,24.77203035906079,18.499999999999993
12.904457880000002,23.04580022574279,18.5
12.693865939220169,25.16891946267626,18.500000000000004
6.086431396150854,27.499268290223963,18.500000000000004
6.463029190322471,28.427689698840915,18.500000000000004
6.487986558125455,28.328456297073735,18.5
6.264666246012171,26.54506927942883,18.5
6.0467265708919316,26.546011339341558,18.5
6.242596058679241,26.37387088458858,18.5
9.309318459796065,27.917090720060102,18.500000000000004
9.732663658067231,26.68103734563122,18.5
10.833189248727646,27.185300055039132,18.5
10.642524469470265,26.829687294731613,18.5
10.831143464190617,27.177476624719652,18.499999999999996
11.464071020044171,27.540813151333715,18.5
12.90445788,27.0358581643659,17.430269466731534
12.904457879999999,27.523088947778096,17.45581593202502
12.904457879999999,27.64369725836593,17.045427607587335
12.904457880000002,26.98183621498295,17.009012796082885
12.904457879999999,27.612949244966586,16.728673600238295
12.904457880000002,27.616683543724953,17.098790090215097
6.971780783715013,27.787808758484466,18.499999999999996
6.3321633783545535,27.688661809254583,18.499999999999996
6.076551422468446,27.40286221648499,18.5
6.358085148267512,27.52438936235903,18.499999999999996
6.578078078159311,27.89833371489005,18.499999999999996
6.976400896823617,28.052615164930888,18.500000000000004
11.7716633994558,27.981733538440746,17.79137496277493
10.977930040024335,28.49843777909181,18.5
12.072555071944414,27.418977806823083,18.500000000000004
11.660137801683376,28.6710805448736,18.5
11.201455856959456,28.559837682321373,18.5
10.688325399730758,27.29262226265407,18.500000000000004
12.70769508032748,26.54651865789637,17.829924378545307
12.698906735360644,23.152740176597696,18.5
12.904457879999999,24.425195421738238,18.1543922416687
12.90445788,27.113420001270985,18.5
12.705722886263107,27.22884005630402,18.5
12.904457880000002,26.33474895670051,17.782156541317555
7.8588258666533815,27.81785467178493,11.100000000000001
6.644898660842639,26.323217270299292,11.099999999999998
6.128433033934571,26.13684850553263,11.1
9.5829234573033,27.964593274573176,11.1
8.647788809468592,28.692143380157205,11.1
7.870460912084825,27.881347937107897,11.1
6.576300621324627,26.742498664560923,11.100000000000001
6.804585859385753,25.91420688157779,11.099999999999998
7.5150454590199,28.589181932358308,11.100000000000001
6.3822573660453115,26.45169603141869,11.099999999999998
7.505344712423934,28.599988718408923,11.1
6.387026036927061,26.62965380716425,11.100000000000001
4.817027337669828,28.470149496784618,11.100000000000001
4.7772364059960575,26.691536668216454,11.100000000000001
4.542995326229149,26.174148078944732,11.099999999999998
4.797802369747014,28.12487831977188,11.1
4.623541805466776,28.464870914073018,11.099999999999998
4.6754347650785935,28.417580977984493,11.100000000000001
9.93999119370301,27.269692844932273,11.1
9.267896784404202,26.14186511889957,11.1
10.6559440594497,27.57675005775986,11.100000000000001
10.380021099922663,27.589825313712673,11.099999999999998
8.90918845257962,24.594126657623956,11.099999999999998
10.435853004295288,25.534538610204837,11.1
6.965000242595493,24.563750085462594,11.1
8.01356133746847,28.00069712121534,11.100000000000001
6.857939864947856,26.50329786915571,11.099999999999998
8.0047248131851,27.880458625314752,11.1
7.275916366894713,26.29330702813621,11.099999999999998
8.153526734904045,27.831113571956543,11.099999999999998
4.422356276900174,28.37842932891506,11.100000000000003
4.934232933122417,26.818104432151717,11.1
4.532633070965188,26.853262303000697,11.100000000000003
5.083836029239488,28.19085193588913,11.100000000000001
4.328737798266085,26.136096755366786,11.1
4.745865712777985,26.431079933012903,11.100000000000001
6.44584181737308,24.771634109308373,11.1
7.668139658906685,23.942431734872997,11.099999999999998
7.537365128384708,23.713877700128805,11.1
7.981831001253027,23.51747413113599,11.099999999999998
8.887075376648745,24.21441909696241,11.100000000000001
6.941340034101158,24.562321572024842,11.099999999999996
7.313026637892046,25.293246792290162,11.099999999999998
6.964766317604399,24.794067095336928,11.100000000000001
6.950215426505459,24.239187916410486,11.099999999999998
8.514917890000001,27.36030367458388,11.100000000000001
6.89916521641752,25.29099844049388,11.099999999999996
6.899200192315996,25.30161333164889,11.1
4.549945813635303,28.208800959311798,11.099999999999998
4.327928102030889,25.35455999249252,11.1
5.157539511171794,27.862672896302094,11.100000000000003
4.959348899779703,27.733242532817965,11.099999999999996
5.027510301415291,27.451887253151874,11.099999999999998
4.318102344295246,24.016773284960593,11.099999999999998
9.211851105338026,23.541455830716902,11.099999999999998
8.404746190746662,21.711551506046884,11.100000000000003
7.282016967619129,22.464018193314523,11.1
9.130227507768012,23.27483943683389,11.099999999999998
8.460009691786478,21.790052862745455,11.099999999999998
9.80330481180287,23.875584127022847,11.099999999999998
6.511921919736578,22.758327422659736,11.099999999999998
6.810314103684675,22.020539420590076,11.099999999999998
6.7924582440238055,21.484734028908534,11.1
6.573803992901096,21.77966247768806,11.099999999999998
6.3977010588785435,22.117699427489043,11.1
6.692471459788625,22.26494462666367,11.099999999999996
4.307974133770329,22.251274532196227,11.099999999999998
4.321932521881881,23.36343607365436,11.099999999999998
5.381496084742811,26.05419121068917,11.100000000000001
4.337592343240931,25.035649253197896,11.1
4.812812330117882,26.032431779577962,11.1
4.1253779,22.156657103921088,11.100000000000001
7.0387139767541065,21.92930845702601,11.100000000000001
6.577825315903039,21.97010871650296,11.100000000000001
6.40115581698672,21.014240762926146,11.1
6.986156061950203,20.996079139214128,11.1
6.777145688790482,21.898639312708635,11.099999999999998
7.2856372905030335,21.660602750697812,11.099999999999998
6.91803590681867,21.70440958018027,11.099999999999998
6.920745033332353,21.791892594910355,11.1
6.917377637197218,21.254611323941262,11.100000000000003
6.78185083388388,20.53710617548363,11.1
6.063604976969961,20.170088703835646,11.100000000000001
6.9806789809795236,21.467329999750667,11.1
4.6637787930063,21.641567997469586,11.1
4.332351501671175,22.290360251480642,11.1
4.1253779,22.005254552013454,11.1
4.1253779,21.843179639516194,11.100000000000001
5.191027345712627,22.942858144681715,11.100000000000001
5.550285907722172,23.6551769223416,11.1
9.629394128897312,19.40445706560016,11.099999999999998
8.447914255007126,19.379689353105853,11.100000000000001
9.827274603637782,19.440765851152197,11.099999999999998
8.739918483313682,19.255636926659026,11.100000000000001
10.079812300114266,20.53197603081522,11.1
7.408179240005635,19.844038500490676,11.1
7.223664983307302,24.679417293259483,11.1
7.247837482985212,20.924802177648353,11.100000000000001
6.722677872024892,21.43016219710136,11.099999999999998
6.706843667977382,21.35538073830712,11.099999999999998
7.290788105706422,22.803788762856982,11.099999999999998
7.25460368028334,21.42651351840397,11.100000000000003
4.497086892794678,20.04190699053185,11.099999999999996
5.294642102797428,21.445328063006794,11.100000000000001
5.1169665561384345,22.31664207610076,11.1
5.041027099682567,20.12447998606323,11.099999999999998
4.928427588732639,21.78960457636716,11.100000000000001
4.515405561228647,22.486949683656466,11.1
8.7600337677578,19.27714109834879,11.100000000000001
8.44873786998685,16.69080327,11.1
10.7576196219385,18.557326300854488,11.1
8.90528756344029,16.83420846412117,11.100000000000001
11.468850280116623,17.8722086253463,11.1
11.601603585765945,18.089503109482976,11.1
7.217954344651327,17.937983359653558,11.1
7.4245015278790465,18.061902939502794,11.1
7.275526985966151,22.29377681048183,11.1
7.4352829789709505,18.067117151756662,11.100000000000001
7.668863133528747,23.299864731731645,11.1
7.682708702988288,19.099966703351978,11.099999999999998
7.793139660731463,17.771856435029775,11.100000000000001
10.328437705398631,20.091997699813845,11.1
6.482450951726419,20.492479858251418,11.099999999999996
9.684009332747745,19.65783616106576,11.100000000000001
7.423561535010776,20.972578531826386,11.1
6.876413874546798,19.379004401018676,11.099999999999998
9.205263862327422,16.848724973350127,11.099999999999996
9.799476359210416,16.91560097844361,11.100000000000001
9.908022395926348,16.88597855190214,11.100000000000001
9.870291618207556,16.889861917594175,11.099999999999998
8.461966147526883,16.766305113319714,11.1
11.899496880988453,17.1904308174344,11.099999999999998
7.875341865244994,19.3927375279877,11.100000000000001
6.86724843616949,16.813822279448218,11.1
7.454724546418412,17.224934190921566,11.099999999999998
6.477688216488478,16.80365216850914,11.099999999999996
6.782171849906657,16.8572110171058,11.100000000000001
7.281615340266448,17.74540949096749,11.099999999999998
8.905231379320751,17.01939043568222,11.100000000000003
6.504470709875095,16.77464144126961,11.100000000000001
6.307090430552491,17.104007607515864,11.1
6.228626941883806,16.84827491554392,11.099999999999998
8.8976938333561,18.691257389866887,11.1
6.703017782387665,17.01323922700687,11.100000000000001
9.365516956481763,17.126559539469454,11.099999999999998
10.479657262080583,17.20746664910329,11.1
9.606987044835309,17.12901692580112,11.100000000000001
8.884699824038204,17.117114901450847,11.1
8.386952812423875,17.29978065756089,11.099999999999998
9.543983406916785,17.204860313877468,11.1
7.3200965239312294,16.75869057982238,11.1
7.5716621502693044,16.690803269999996,11.1
9.258360074443742,16.943336205581716,11.099999999999998
9.666927646715253,16.771364953699333,11.1
6.770975330752034,16.69080327,11.1
8.604480873375,16.690803270000004,11.100000000000001
12.90445788,18.12159614985221,11.1
12.285415464591042,17.298070752664714,11.1
12.904457880000002,17.721904883048783,11.1
12.90445788,17.874923110375274,11.1
12.697599112341413,17.546059496329804,11.1
12.404098691316847,17.364474016577933,11.100000000000001
7.833327847939358,20.888294665470852,11.099999999999998
7.814903864357431,19.642142262048722,11.099999999999998
7.956004373047651,20.028765442232398,11.099999999999998
8.85449413110363,19.832615912767558,11.1
8.925267216463336,19.848964928356416,11.099999999999998
6.741309999851757,19.56319447435972,11.099999999999998
9.183682506765836,20.45917926533568,11.100000000000001
9.462610991028498,17.108586076532426,11.1
11.065657059125408,18.45293143105527,11.1
9.174836315372866,18.139655875353743,11.1
8.708476166425633,17.57989221507215,11.099999999999998
7.838646789910106,18.018961782681632,11.099999999999998
12.715268788584831,18.314696605207008,11.099999999999998
12.90445788,18.0988774308235,11.1
12.904457879999999,17.900777972006516,11.100000000000001
12.904457879999999,18.408432894301967,11.099999999999996
12.12430467126315,17.731478477233157,11.099999999999996
12.282618595270876,17.210613532969056,11.100000000000001
7.917616132598357,21.753199173071412,11.100000000000001
7.188721462625846,20.59227819853089,11.099999999999998
7.623928227517788,22.197910150780118,11.1
7.219396705536821,22.105535570578585,11.1
7.388334324446108,24.060369023541824,11.100000000000001
7.6142826912937736,22.6415548457858,11.1
8.142494928804169,19.371603800661404,11.099999999999996
8.287610415747565,21.35341937489847,11.099999999999998
9.654691813763733,21.33551923533312,11.1
9.445598415250032,21.682490410114315,11.099999999999998
9.938675561499815,21.32663353085269,11.100000000000001
7.482223776849545,20.45556543817973,11.099999999999998
12.90445788,19.128121486026032,11.1
12.904457880000002,18.892652027433453,11.100000000000003
12.904457880000004,20.000503977389783,11.100000000000003
12.90445788,19.71304111199831,11.099999999999998
12.547932340738223,18.74551768406701,11.100000000000001
12.904457880000002,18.39514414538877,11.1
6.4814910754497745,21.26227186683308,11.100000000000003
7.001249934887119,21.039169628720042,11.099999999999998
5.980949015218242,21.343489674564214,11.1
6.087710663990013,20.634813960020754,11.100000000000001
6.9585458060884235,22.948729795338274,11.099999999999998
6.549785223360088,21.033851257870527,11.099999999999998
11.208817483660566,22.141777445419045,11.099999999999998
9.201033043781933,21.4263094899619,11.1
9.32620234643055,22.697977546504458,11.099999999999998
9.454536257227387,21.32572689424267,11.099999999999996
10.555713575626879,23.134498083293742,11.100000000000001
9.879899970020613,23.319714910022604,11.100000000000001
12.904457879999997,20.845288891466204,11.099999999999996
12.503597112362847,21.191400262181006,11.100000000000001
12.904457880000004,22.794884816512173,11.099999999999998
12.904457880000002,21.764934142758534,11.099999999999998
12.718414887213276,21.603824695407575,11.1
12.90445788,22.390428747317955,11.1
8.335977151362755,23.506440269270932,11.100000000000001
7.014916124808998,24.865589211618303,11.1
8.087918488714415,23.466805179280495,11.099999999999998
8.250860836066645,24.216844538891852,11.1
8.792657388943862,24.05365762858862,11.100000000000001
9.341202764893508,24.181495910146786,11.100000000000001
8.077454530489772,24.489387141306903,11.1
9.487486042840043,24.493076450418485,11.100000000000003
10.224328817763602,23.445798331334498,11.099999999999998
8.979681832861257,24.440481721452546,11.100000000000001
9.2259958203636,24.622242251028535,11.100000000000001
8.027630543708973,24.622210892676957,11.099999999999998
12.904457879999999,23.3123416067494,11.100000000000001
12.90445788,23.518636042513872,11.1
12.904457880000004,23.54158062987872,11.100000000000003
12.90445788,23.204330640132667,11.099999999999998
12.90445788,24.724633292049976,13.20964557506161
12.904457879999995,23.97517310730349,11.099999999999998
10.016904719868498,26.573188587027197,11.1
6.9258352805693715,26.393223495255526,11.099999999999998
9.571117259114773,26.185786373475903,11.099999999999998
10.125484994834354,24.6022224667565,11.1
7.469196658992997,24.635111261197192,11.099999999999998
9.605885976193882,26.206948223604122,11.1
7.475422397610031,24.98670220281405,11.1
9.878133284963724,25.694424333440892,11.1
8.499260360946847,25.53003349440337,11.099999999999998
7.941425864418082,25.365513364560996,11.100000000000001
8.304401887128497,24.910956542764517,11.100000000000001
8.502045652608201,24.862481968033684,11.100000000000001
10.77954011263718,22.849123933862845,11.1
12.90445788,24.967998737339546,11.44389581830083
12.904457880000002,25.376564983945432,11.100000000000001
12.678717561615686,26.251672091284725,11.099999999999998
12.904457880000002,26.493327977284007,11.099999999999998
12.70421929237542,26.609322459279067,11.100000000000001
5.989411237021679,27.849946107006303,11.100000000000001
5.372554450799078,27.58620736297906,11.100000000000001
6.219888441072342,27.589547081278333,11.099999999999998
6.050570345817291,27.722370996631852,11.099999999999998
5.730103896974258,27.87751534889348,11.100000000000003
5.780569663543638,27.56637449263575,11.100000000000001
7.487983491334768,27.998172686194806,11.100000000000001
7.200273810343642,28.173534305863114,11.099999999999998
9.733861423910238,26.741319374232127,11.100000000000001
6.853003564934267,28.03917657956982,11.1
7.257898180619494,27.948060161343463,11.099999999999998
6.941706417218115,27.895876989731804,11.1
11.890610286326623,27.792637324295548,11.100000000000003
11.997157068793511,27.551912542596867,11.1
11.873675891856687,27.91897782914757,11.100000000000001
11.334629286437918,27.762384988953585,11.1
12.144073356764334,27.81964137465815,11.383737330725136
12.223245707874101,27.692808514142403,11.341626033352025
5.978223274893554,28.800289113221766,11.1
6.213087475378535,28.8466953598168,11.1
5.568310108454604,28.966747278364952,11.1
5.094182354840263,29.012850500525253,11.099999999999998
5.990144269343999,28.966389984442138,11.100000000000001
6.372342730722397,29.037500422340408,11.1
8.80329936629451,28.887829603287155,11.1
8.282407183222842,28.76729869987522,11.099999999999998
8.050100433840722,29.13201928451407,11.100000000000001
11.080292637360898,26.82085748464258,11.1
8.6956647122929,29.04878822958017,11.100000000000001
7.872163315307511,29.207532020000006,11.100000000000001
12.543884567394386,27.67043361981822,11.100000000000001
12.904457880000002,27.671170540799544,11.990402581631923
12.337676243178853,28.096011593226507,11.099999999999998
12.513221657786783,27.82181974373017,11.1
12.177353767134282,27.963244228127216,11.100000000000001
12.701667375333825,27.88857222021083,11.099999999999998
5.384571888210342,27.13989280165319,18.499999999999996
5.181142754410573,26.35987184057393,18.5
5.218070438948547,26.176823164449996,18.500000000000004
5.224288429061773,26.452101343365754,18.499999999999996
5.629041363167705,26.185524635268226,18.499999999999996
5.220623641108181,26.281996444506746,18.5
6.529680718803069,28.59430334217926,18.500000000000004
6.450369691977709,28.67143136175065,18.499999999999996
6.314171964951783,27.692141777201762,18.499999999999996
6.174565508973842,28.70610194072419,18.499999999999996
6.505823072478313,28.62839650376391,18.5
6.305622377109561,27.171673350588755,18.5
4.569420931600599,26.87889988652718,18.5
4.780443560001202,27.2413960187661,18.499999999999996
4.762686161811061,27.315721202955274,18.5
5.461976164506838,26.96086377178114,18.5
5.427951240179238,28.76519949043286,18.5
4.811615077373302,27.447644918664714,18.500000000000004
6.546560896498168,24.410252998947584,18.5
6.439419242821386,27.16231858051948,18.499999999999996
8.02365098092158,25.730529043961578,18.500000000000004
6.733140067454988,25.454854333371873,18.499999999999996
5.700560095294151,26.940879559986662,18.499999999999996
6.9266235747898435,25.287920556966196,18.5
6.665816000292947,25.60604545557471,18.5
6.18653400060482,25.87143492145006,18.499999999999996
6.214052681554955,25.61139072662305,18.5
6.388912644371516,25.60861181552957,18.5
6.439723392799341,25.43219034030176,18.499999999999996
6.414717574327962,25.87375836467637,18.5
5.180479931579904,25.818854100715484,18.499999999999996
4.961157435139679,26.00358456213747,18.5
4.953432218233188,26.00761910329462,18.5
5.147580686648299,25.760782237891476,18.5
4.529355452408964,26.357951433393172,18.5
5.469714966280986,27.522036284600954,18.5
8.012218428870167,22.383573026621164,18.5
7.223570866917896,23.457204696646958,18.5
8.326944888893523,23.485328568613223,18.5
7.012537361483405,22.240287255487686,18.5
8.366428925933576,23.320031600742176,18.500000000000007
7.025730270763588,22.42474392406252,18.5
6.54504859343458,27.466732144895943,18.499999999999996
7.454683808055917,24.25091054395942,18.500000000000004
6.589118124433507,24.2533917777263,18.499999999999996
7.23256694359478,23.637859263192237,18.5
6.207098405137422,25.186734867485708,18.499999999999993
6.207208850910352,25.763985988573484,18.499999999999996
6.536912785131336,26.987076043657996,18.5
7.008036524590782,23.37741320591054,18.5
6.75444391983522,27.009340586339654,18.5
6.801186276489494,23.634828779283914,18.499999999999996
7.021864960015588,23.463886436846387,18.499999999999996
7.23271804572248,23.291717382218884,18.500000000000004
7.389913246898666,22.058968907309726,18.500000000000004
7.716787048440272,22.063421736226633,18.499999999999996
7.632412383002652,22.325829470083058,18.5
8.037250657699706,22.676129030060743,18.5
8.095484098907233,22.524127613885256,18.499999999999996
8.350490043138155,24.334891790078863,18.500000000000004
7.077653030618825,26.536313650800682,18.5
6.862953914179859,26.640183416780097,18.5
6.702064274645387,26.86016972005877,18.5
6.731646027467715,27.005263159428527,18.499999999999996
6.649229885000359,27.04849737070692,18.5
7.210719543752122,24.819244325909196,18.500000000000004
7.155369807195213,23.2254921184915,18.5
6.751863941552502,23.290571421688696,18.500000000000004
5.216943374246371,23.5084752045746,18.5
7.171484364815858,24.126357084605715,18.499999999999996
6.349384735794484,22.766318544553624,18.5
6.2753409055658285,23.82393614105962,18.500000000000004
9.900020007350903,23.784930823103224,18.5
7.113956469413828,22.214752209546187,18.500000000000004
7.7083708241818725,22.287580999550244,18.5
9.680760703771293,23.650500716344485,18.5
9.576645082162909,23.748188616381526,18.500000000000004
10.501025288748881,23.681596166362556,18.5
8.106994021870658,25.0314540436136,18.500000000000004
7.241782937868907,25.8306969814785,18.5
7.897883050672301,24.666719335833722,18.499999999999996
8.094220655217756,24.853143495922467,18.5
7.262151107090698,25.56273948078201,18.500000000000004
8.089633133941055,25.288916350113784,18.500000000000004
6.386881646168991,23.4099843780073,18.5
6.35165192726856,23.27359604186768,18.5
6.052828976527759,21.84668670716256,18.499999999999996
6.777628357511575,23.576993058863017,18.499999999999996
5.922731765619403,22.875850009075112,18.5
6.766737720211416,23.379539996690585,18.5
6.801538763903427,18.501090585538154,18.499999999999993
9.165603624107844,22.76428957075064,18.5
5.909414073022003,19.8521786781955,18.5
8.414787485725192,22.182721543715616,18.5
6.533599984267984,18.300699213292788,18.5
9.962070464980524,22.64787184432835,18.5
8.088814711014962,24.442896979816197,18.500000000000004
6.930218363758499,24.36118752937211,18.5
6.863444394695662,24.304882058048733,18.5
8.094886530679432,24.017330470598612,18.499999999999996
6.891551163066336,24.522418993662168,18.5
8.30413500323631,24.574229375826825,18.5
7.662770078105934,20.434860734051554,18.499999999999996
6.889092256235482,23.22740608550709,18.5
7.267754209361653,22.078149945481275,18.500000000000007
7.4526604927463165,22.17508454402924,18.5
6.6749143480498185,21.505115708234094,18.499999999999996
7.642473298303622,22.12434858547228,18.5
11.344559752547466,21.34001465037026,18.500000000000007
8.59568583687617,17.71387289031094,18.5
9.909999519132096,22.266614231435604,18.5
9.96836167317395,18.598499833137158,18.500000000000004
11.228274762299957,17.951526219400467,18.499999999999996
7.72672723135544,17.58119311465028,18.499999999999996
8.108096169284213,24.9978719356522,18.5
8.92832312250259,24.50916232065264,18.499999999999996
8.725793229370332,24.335792650885992,18.500000000000004
8.523974902310432,24.503229336955105,18.499999999999996
8.718156662045295,24.325264547200096,18.5
8.930888813962847,24.50386157829101,18.500000000000004
7.926777890088198,23.346538354785174,18.500000000000004
9.22250553701406,23.037477875303676,18.499999999999993
7.258669225420553,21.12910992577794,18.5
5.327394478300751,18.618026208778915,18.5
8.94990042761898,22.504961819622977,18.499999999999996
6.196825066486912,18.57438159376734,18.499999999999996
8.479548803291612,17.2663964444258,18.5
7.228272648015976,17.48526211714255,18.5
7.5563992971830425,17.142630107726685,18.499999999999996
7.3528141539868015,18.404173592499703,18.500000000000004
7.976495141922415,19.43521634700373,18.499999999999996
6.243853051883545,17.205800643370708,18.500000000000004
6.668885979057152,17.017197850167705,18.5
5.615524215792011,17.445393341411336,18.5
6.737765770960219,17.052232080869697,18.499999999999996
6.750153884594919,17.04804297288861,18.499999999999996
5.678864578642512,17.341681698470914,18.500000000000004
5.963302162314455,17.365273273690725,18.499999999999993
10.547477013652005,22.61787196882816,18.499999999999996
8.860600202032943,21.11619140758805,18.500000000000004
9.506227671043643,21.049337160712252,18.5
8.110709929864111,20.233979757040363,18.5
10.074988201035866,21.69825985489271,18.500000000000004
10.052928380274384,21.851108589046575,18.5
6.4251286656740705,18.065518619791877,18.500000000000004
6.0238679828611446,16.95892307845816,18.500000000000004
6.409587032528898,16.96960736965278,18.499999999999996
6.730795744368304,17.152247680604553,18.5
9.368133161053542,18.46390255773783,18.5
6.975718546671365,17.290791076718623,18.500000000000007
6.764593742940182,16.764360640141025,18.500000000000004
7.696489634664442,16.771650646917088,18.499999999999996
7.245095623266889,16.766367969261395,18.5
6.523100930325271,17.223088457461973,18.5
7.521968024128858,16.767603085818244,18.5
7.91598856783222,16.844207394039515,18.5
12.90445788,17.88236413600078,18.499999999999996
12.904457879999999,18.300090121611507,18.499999999999996
12.904457879999999,19.326501684090623,18.5
12.904457879999999,18.830509216566966,18.5
12.904457879999999,18.74097382949092,18.5
12.330395617670609,18.10818984514438,18.500000000000007
6.11123931259941,17.817569624761845,18.499999999999996
8.986531742454938,19.835084547625886,18.499999999999993
9.092607154842291,18.43795251167606,18.5
10.597568311103672,19.70121744146081,18.5
11.048558028682558,20.787287753448346,18.499999999999996
10.575997028731079,20.463861615794926,18.499999999999996
7.15444985001917,17.381593128825134,18.5
10.26246999249831,19.78573803590964,18.5
7.8343365975404415,17.25856929684242,18.5
7.88061368273444,17.25913716671283,18.499999999999996
10.20408792195912,21.031061693696813,18.5
8.561978211163483,19.60630931434439,18.499999999999996
12.904457879999999,19.430904791929706,18.5
12.733589398994319,18.457227984546964,18.500000000000004
12.904457880000004,18.742196099790394,18.5
12.904457879999999,18.762527865266595,18.499999999999996
12.904457879999999,19.119894001495318,18.5
12.904457879999997,19.056820714586024,18.500000000000004
6.872738655774589,18.920573053658185,18.499999999999996
9.916148925475659,22.18326035616084,18.499999999999996
9.920538524135447,21.604498726738882,18.5
9.34103819983211,21.507622475926244,18.499999999999996
9.260083304988626,21.818266368592333,18.5
8.416322352641933,19.72676584097191,18.499999999999996
8.212280659249124,19.973614966144908,18.499999999999996
7.834951363613267,19.271786097486416,18.5
11.424695407730693,22.46703934612251,18.499999999999996
8.499250048235703,19.11067319220382,18.5
9.268843096082147,18.35241639230421,18.5
7.27969688924946,17.89907974869915,18.499999999999996
12.904457880000004,18.89177891513057,18.5
12.485452077238527,19.225412457687206,18.5
12.90445788,20.12442075388639,18.500000000000004
12.904457879999999,19.74891146448501,18.5
12.384173285843518,18.393553571436794,18.5
12.904457879999999,19.05591612199479,18.5
7.393265029212511,23.066540023869866,18.500000000000004
9.503762703527164,23.76670973350547,18.500000000000004
7.220834125765807,24.295001006568853,18.5
7.840001764614826,23.653741483082282,18.500000000000004
8.876116627086398,23.74779726725634,18.5
7.9213201928483326,24.09593398948002,18.499999999999996
9.392642248154528,22.315675410125607,18.5
10.576005699509475,23.76627897331661,18.5
8.34807259674576,22.561288562083536,18.5
10.75820580532035,23.713674333018304,18.500000000000004
10.576634821314453,23.613499014560055,18.5
10.552160120822487,23.932355595685085,18.499999999999996
12.262898005185445,22.43726574634116,18.5
12.904457879999999,21.66310964089226,18.5
10.733008516215598,22.6897040376904,18.5
12.473818871974544,20.93674547058968,18.5
12.01598278910152,22.412189075260947,18.146136912576086
11.192734148390254,24.396788587406725,18.5
8.754358394473188,23.303214431051952,18.499999999999996
11.68195159382197,24.29663987203328,18.5
8.266157565624763,24.104878355384997,18.5
8.050250149641693,23.267047085146196,18.5
9.76209335098138,24.369669663880003,18.500000000000004
8.787020346062391,23.67832853196424,18.5
11.230478874935564,24.903087093452296,18.5
11.755846584958572,24.93356248877606,18.5
9.815495888891189,23.602248006910557,18.499999999999996
11.903392293073264,25.051163490689014,18.5
8.230316881032808,22.64393693007735,18.5
9.445500559263019,24.33985858177282,18.5
12.099734127478387,24.25203456135025,18.499999999999993
12.697941681668484,21.868226417393252,18.500000000000004
12.492311672304917,23.56855921174922,18.5
12.699030818503061,24.99892405954585,18.5
12.904457879999997,24.254581195240995,18.499999999999993
12.707942237349446,21.247909200186744,18.500000000000004
7.9394104335605995,25.188987801130263,18.5
6.9806664499495525,26.01225695342052,18.499999999999996
8.573644376074721,25.929312353768438,18.5
7.6838004408567,25.45623326524167,18.5
5.904895538664063,26.532331400022763,18.499999999999996
9.058826052859224,25.359952710767367,18.5
7.445253277287616,26.29686611758097,18.5
8.920881551412114,26.084018260525994,18.5
11.012114783965709,26.893329214423584,18.5
10.155478160260914,26.525026125551822,18.499999999999996
6.0085528972099915,27.337441040959348,18.5
6.68025053458957,26.927025419275022,18.5
11.207858655503202,24.085742692098812,18.500000000000004
12.083665260049877,23.83363250080004,18.500000000000004
12.125865353184725,24.16130638113513,18.5
10.11995844206847,22.3690051286192,18.499999999999996
12.47550704598204,24.887684330371304,18.5
12.701739822984848,24.77055824417086,18.5
6.457109475094949,26.54915304887428,18.5
6.508668850697813,26.29467831596888,18.5
6.752046395062431,28.54822122499887,18.5
6.1614438363742945,26.48310846292086,18.500000000000004
6.496044683698597,27.143633640200985,18.499999999999996
6.530910622701279,26.31391067443867,18.5
6.716744388935556,25.130092252267712,18.5
6.143718272066508,28.40390767260201,18.5
7.310278044367147,25.992763098112498,18.5
5.980263676245004,25.835203482528566,18.5
6.242784785097017,26.448042097305724,18.500000000000004
6.18763141536163,28.565800478079836,18.499999999999996
12.904457879999999,27.967509639328476,18.499999999999993
12.68780308639148,26.536852091278543,18.151967334026157
11.41987337902001,27.127076480697156,18.500000000000004
12.706050203848132,27.70104849621264,16.629262030677243
12.092672254227061,26.941371147898955,18.5
12.690417302981071,27.05523591349712,18.5
5.902398312528342,29.09150337413349,18.5
6.161089628724068,29.04393913380727,18.5
6.124471967350422,29.145048584415594,18.5
6.335088381406097,28.139013983639714,18.5
6.239134907406198,29.025612238689227,18.5
6.024099414350323,28.914614620866303,18.5
6.664380441357963,28.512116135047194,18.5
5.919611926368552,26.741581759638063,18.5
5.932997932346581,27.075497316680593,18.5
6.344872534378833,27.332856773089215,18.500000000000007
6.087121910519122,26.879778804740784,18.5
5.8378767220854835,26.53107875492108,18.499999999999996
12.904457880000002,27.73476681870054,16.429638353315653
12.071061602722724,26.684482145313332,18.5
12.532959780650007,27.53611520675457,17.853804264470188
11.508521992415103,27.59617065781468,18.5
11.881507987022928,28.44376789180946,18.5
12.049439297621381,26.881781960934024,18.499999999999993
10.297626477792365,27.109585376830893,11.100000000000001
9.163719452435545,27.55859174894062,11.100000000000001
9.150421699258416,27.64084680953816,11.099999999999998
8.966906594884556,27.504639546340087,11.099999999999998
8.13233500782812,26.985571442969974,11.100000000000001
8.970328808203186,26.724807125224306,11.1
8.053135764121953,28.279571107619397,11.1
7.457965872354596,28.851702731801694,11.100000000000001
7.251373635990795,28.881225993898756,11.099999999999998
7.257432036313482,28.824159204201848,11.1
7.190723493870859,28.990100804277844,11.100000000000001
7.170303247047224,28.97933439096015,11.099999999999998
10.152223409874328,25.40636446118501,11.099999999999998
9.005918974252713,26.71803382619492,11.099999999999998
9.528748721602653,26.13613200616375,11.1
8.548756762759714,25.710244395223015,11.100000000000001
8.37903939277707,26.5279847983458,11.099999999999998
8.072734932019504,26.02474573683959,11.1
6.899577702077217,26.355065935858207,11.100000000000001
6.715124441760179,27.34076438958389,11.100000000000001
7.167185479094784,26.918786326186783,11.100000000000001
6.708147267261721,26.822524387182693,11.1
6.3292525669719275,26.930038142432274,11.099999999999998
6.838206416619549,26.17990160512409,11.100000000000001
11.397744157943158,23.038492267468598,11.100000000000001
10.41325044835432,23.645370817287056,11.100000000000001
9.755178656557899,24.240769505655436,11.100000000000001
10.94076605771118,24.10458390340727,11.100000000000001
10.059382670547057,23.80451806177647,11.099999999999998
7.806301556600002,24.942312963266197,11.099999999999996
10.01408583548822,23.491773888195908,11.099999999999998
8.069313270295522,23.740606302293603,11.1
8.34177189889651,23.997149062402382,11.099999999999998
7.444892821310403,22.281785774520927,11.099999999999998
6.797916618876981,24.084330752034898,11.1
7.928034833429596,22.580822024754383,11.100000000000003
10.906636724992888,22.456499657677906,11.099999999999998
10.303572206025715,22.942035312792065,11.100000000000001
9.058705722166362,22.233901678585813,11.1
9.889999303668318,23.044034283124713,11.1
9.296606724483613,22.71784258679139,11.099999999999998
8.99388533162502,23.20581961186431,11.100000000000001
9.814892441050993,21.00177247451921,11.1
10.011641225600783,21.764620164835602,11.100000000000001
9.64220856887434,21.690364773666836,11.100000000000001
8.580420906686099,19.848510418140624,11.100000000000001
11.4111825004622,20.931773714964926,11.100000000000001
9.4559660599746,20.816262890284662,11.099999999999998
9.214988543956478,20.734952073885225,11.100000000000001
8.807066990312105,21.338977496727395,11.100000000000001
8.988511389720138,20.013984586801065,11.1
9.588957936022897,18.59221599924129,11.100000000000001
8.747121417154528,19.31250484164436,11.099999999999998
8.9503153091565,19.920908694185027,11.099999999999998
8.604114226481713,19.74257479908853,11.099999999999998
8.830266315600827,19.84100696697017,11.100000000000001
9.024815136250654,19.90358187152882,11.100000000000001
8.843364058125253,19.936364022602156,11.1
8.739092903765092,19.376209134396646,11.099999999999998
8.579210809057914,20.181937593671964,11.100000000000001
12.253046195313614,17.8392304012522,11.1
10.976196922911544,17.263848045215173,11.1
10.153283252161037,19.13093511423123,11.1
9.356808068956324,17.278691443394038,11.099999999999998
11.460616115663395,17.27403971524548,11.1
11.491445277413797,17.004949369888877,11.1
11.698105397060576,17.010694733336653,11.100000000000001
11.460012495617967,17.282761099380537,11.099999999999998
9.162337163410216,16.778269460579597,11.1
10.102310970673571,16.774987643228794,11.099999999999998
8.747213096327341,16.69080327,11.099999999999998
10.984314975840789,16.954062659888418,11.1
10.904199321376206,17.106345291368697,11.099999999999996
9.668760650142625,16.769319284565213,11.099999999999998
9.547216904468536,16.77257061054373,11.1
11.14106222036999,17.273579149728974,11.1
10.02753829057327,17.03144693603328,11.099999999999998
9.381694427293473,16.844377408616776,11.100000000000003
9.924801376750699,16.849696593815032,11.099999999999998
8.802070273739666,16.84354994705846,11.099999999999998
8.73982443853851,16.690803269999996,11.099999999999998
8.735510252365067,16.690803269999996,11.099999999999998
9.166443865463302,16.69080327,11.1
8.914751943821365,16.69080327,11.100000000000003
8.693965827946634,16.840340328518867,11.099999999999998
8.70345079529872,16.837987464511095,11.1
8.39205343799421,16.845118789753087,11.100000000000001
8.623198302596633,16.84300037985853,11.100000000000001
8.739126065104625,16.834516925133336,11.099999999999996
8.695973123674793,16.836874639272118,11.099999999999998
8.132306978758866,16.69080327,11.1
7.713058927267717,16.690803270000004,11.1
9.227736720182717,16.77581805043133,11.100000000000001
8.883152053923975,16.69080327,11.099999999999998
8.894457928523993,16.69080327,11.1
8.674223399755462,16.690803270000004,11.100000000000001
9.714039098657937,16.69080327,11.100000000000003
10.742688388063527,16.93441067157311,11.099999999999998
10.302666749671063,16.929946635140197,11.100000000000001
10.501730706316524,16.932189487454767,11.099999999999998
10.497000879082764,16.93363620832405,11.1
10.090172626696985,16.853642368045655,11.1
8.131178316492955,27.072229172714152,11.1
8.170658329479778,27.39427737489268,11.099999999999998
8.15264181765227,27.35156138321783,11.1
8.168127641061492,27.38648241432808,11.1
8.161193797507567,27.43563448383565,11.1
8.165533829453521,27.37723744125228,11.100000000000001
8.096680970626384,26.994956804108263,11.099999999999998
8.153458425427102,27.35163980880741,11.099999999999998
8.322995094181728,27.38658341930601,11.099999999999998
8.334297903120344,27.673431185570863,11.099999999999998
8.329381758067875,27.4144736341327,11.1
8.342854106442136,27.451776887272946,11.099999999999998
7.6811474920136344,26.900580580297266,11.099999999999998
8.106998437889208,26.720646750102244,11.099999999999998
7.916840063900609,26.980145180403436,11.099999999999998
7.722727170720801,26.804084831878097,11.100000000000001
7.727129404984379,26.575476452148802,11.1
7.905846177223342,26.810409717285246,11.1
7.690638843029523,26.439074981277834,11.099999999999998
7.499181210504123,27.281133831846528,11.100000000000001
7.4625979823997435,27.182888999160124,11.099999999999998
7.641024783286225,26.635748457218646,11.1
7.669234909943016,26.769751790329337,11.099999999999996
7.486244358975134,27.033960399511543,11.100000000000001
7.579703666679719,24.313331398888305,11.1
7.197346229261337,20.264077439979367,11.099999999999998
7.216121936055174,20.533073590837994,11.1
6.776443638370234,22.134269749358758,11.100000000000001
7.205141544898418,23.908982453284974,11.100000000000001
7.213795400745783,22.188298074635906,11.099999999999998
6.989942535367465,21.606204641765558,11.099999999999998
7.413024213614398,19.29866292242274,11.099999999999998
7.245207528119563,23.40422388996868,11.099999999999998
7.432718607925533,22.030869963275485,11.099999999999996
6.967785244541112,21.341742941055674,11.1
7.4211061767569735,21.23849178781021,11.100000000000001
7.445437324136409,19.666141669882006,11.1
7.403661602794939,19.21918023192375,11.100000000000001
7.40451221112952,19.561346844442436,11.100000000000001
7.670554741480418,20.459468925469917,11.100000000000001
7.2245791619870845,20.27332837775426,11.100000000000001
6.984862341687977,18.24659987998631,11.100000000000001
6.986764681927446,18.39204184745651,11.1
6.984276664541486,19.381551852628778,11.1
7.191954321023871,19.825446189908057,11.100000000000001
6.777081977166954,19.905786387314077,11.100000000000001
6.982359621892538,20.266804414402507,11.100000000000001
7.4421461883496836,19.42682931757951,11.100000000000001
6.922388508615583,18.10016071254774,11.1
6.898067576803616,17.71393604755386,11.100000000000001
6.579692970445855,17.641146109866625,11.099999999999998
6.824915157648111,17.410452681871345,11.099999999999998
6.857886948272903,17.74553596303603,11.099999999999998
6.527374684807665,18.612045050825433,11.1
6.775330332415054,17.433630731709545,11.1
6.392542052334544,17.807973824054503,11.100000000000003
6.632924516850276,17.585558731448117,11.100000000000001
7.008508717593594,17.385082343188706,11.1
7.004981326787396,17.355181822334135,11.1
6.815702834335747,17.425333640761064,11.1
7.00635926414012,17.46785325539306,11.1
7.1548226570638604,17.491407601142978,11.099999999999998
6.985746015110505,17.451214187116616,11.1
7.000968024265343,17.460499409118054,11.099999999999998
7.2181654597338945,17.488119380674824,11.099999999999998
6.966156374377214,17.675662775198887,11.100000000000001
6.949364395733456,17.256440999355995,11.1
7.268235383709164,17.112346006481445,11.1
7.446281921162429,16.830392900232304,11.1
6.917114840469771,17.240406513061526,11.099999999999998
7.012072873722398,17.02140012255673,11.099999999999998
6.880067074485926,17.234527712365285,11.1
7.313925278460567,16.74793137855493,11.100000000000001
6.764449153565904,16.86140871019184,11.099999999999998
7.369156108426514,16.746931941483194,11.099999999999998
7.420237455016112,16.750333306901435,11.099999999999998
7.086623367242135,16.88141944050091,11.099999999999998
6.870621168089895,16.918715916485876,11.099999999999998
7.501342254779129,16.755904633827587,11.099999999999998
6.972470248695471,16.883619001769116,11.1
7.0253425806138585,17.017765672884515,11.099999999999998
7.522324135373907,16.890423550634914,11.099999999999996
7.315066165647318,17.029131148807025,11.1
7.240196807334216,16.820872671708006,11.100000000000001
6.614797031293864,17.012053570696086,11.1
6.679717072145433,17.090055834599276,11.099999999999998
6.8641481121879195,17.025348343015853,11.1
6.856609719913578,17.081592644643564,11.1
6.894999242040304,17.186011314924787,11.099999999999996
6.696563844528006,16.948277014087225,11.1
7.2919159462473475,16.904014303735014,11.1
7.429869065052794,16.835021324481787,11.099999999999998
7.240128636669411,17.13774410896336,11.1
7.17076404713097,16.898536841392065,11.1
7.379039667196169,16.83304945314397,11.1
7.060823547389345,17.10964871863079,11.099999999999998
8.107158197693078,16.69080327,11.099999999999998
7.883305445334275,16.690803270000004,11.1
7.804062837778999,16.690803270000004,11.100000000000003
7.769557491686969,16.69080327,11.1
7.775356450470558,16.69080327,11.100000000000001
7.6123313984857655,16.69080327,11.100000000000001
7.076398206030333,17.05304130878777,11.1
7.225861161261379,16.89189795525239,11.1
7.416272602917502,16.822484253118766,11.100000000000001
7.072334995531102,17.113102261566386,11.099999999999998
7.255573608488126,16.893259386939388,11.099999999999998
7.258609483743063,16.889989355119546,11.099999999999998
7.153599033427027,17.632963650083397,11.100000000000001
7.156791027139942,17.712954785798527,11.099999999999998
7.151020207488673,17.690957460123087,11.099999999999996
7.182243134578679,17.878723351603814,11.1
7.171309250884443,17.873034645123326,11.1
7.1832662668224865,17.88162333859733,11.1
7.427520153012514,17.929616294685978,11.1
7.8920858740414905,18.397643957295994,11.100000000000001
7.46249913313268,18.022666932148493,11.100000000000001
7.41751681387093,18.063513859906973,11.100000000000001
7.385363734040238,18.128117239396843,11.100000000000001
7.381101709616992,17.61706130318997,11.099999999999998
8.084273016282976,20.638602728264754,11.099999999999996
7.871373790932934,20.17360525216291,11.100000000000001
7.86655771684036,20.67235053520004,11.100000000000001
7.869210611801025,20.685562716497948,11.100000000000001
7.879063191868723,21.637188857392182,11.100000000000001
7.864476297352281,20.764281809962185,11.100000000000001
7.662308657598292,25.554636340325985,11.099999999999996
7.874106103020711,24.275944984824097,11.1
7.652548621035901,24.776332616009523,11.099999999999998
7.46357471532488,24.9127549056885,11.100000000000003
7.457440504918566,25.186262074248575,11.100000000000001
7.454146035896629,25.198758276105067,11.100000000000001
7.467575299118616,25.37949671965551,11.099999999999998
7.8894860789428565,23.407630107963993,11.099999999999998
7.867995781251667,24.663862661426812,11.1
7.672440047356271,24.765130849099194,11.099999999999998
7.672160081598657,24.496432986689534,11.099999999999998
7.668907706487054,24.74392555619994,11.100000000000001
8.103602903286538,26.240718726576976,11.100000000000001
8.099778735396468,24.729429921277617,11.100000000000001
7.685383143011213,24.89311953367038,11.100000000000001
7.693590580629355,25.54440210571516,11.099999999999998
8.095060313725002,24.26662635629913,11.1
7.514778081592135,23.11084220566615,11.100000000000001
8.10970541905123,26.705601984611683,11.099999999999998
7.4676439376473285,25.89723417645061,11.100000000000001
8.102349293341033,26.438346756400197,11.1
7.89641771478164,26.0283006733052,11.1
7.47287714809086,26.14220444558767,11.1
7.473209029896955,26.09306108335694,11.100000000000001
8.33070892492378,27.271428549480206,11.100000000000001
8.113529973906898,27.146634884726772,11.100000000000001
8.306406607771285,27.203763254044695,11.1
8.32818254591361,27.130328321260656,11.1
8.333557963916501,27.28603824763838,11.1
8.340612587374563,27.288963466109422,11.100000000000001
8.121258590577462,27.152410138326175,11.099999999999998
8.121040854538347,27.149843379609873,11.100000000000001
8.321869948305451,27.259847239771467,11.099999999999996
7.934796770768101,27.034993781392842,11.1
7.950853572249884,27.106625681999308,11.1
8.336308753619365,27.29274264128657,11.100000000000001
7.995430047408605,27.233128347631354,11.100000000000001
8.149955065028369,27.209894634452823,11.1
8.320998464356547,27.21320801781766,11.1
8.312070550784927,27.228356978485103,11.1
8.310528134176526,27.053876715241,11.100000000000001
8.314790605212524,27.246332076652955,11.1
8.51491789,27.520294275221307,11.099999999999998
7.90272846004695,27.698009267279332,11.100000000000001
7.913415911915313,27.72139619257219,11.099999999999998
8.124225853609353,27.595886064461162,11.099999999999998
7.909253489241107,27.768061468412782,11.099999999999998
7.941789953017932,27.756034205084845,11.099999999999996
7.9479142388377895,27.757858617944372,11.100000000000001
8.096923003626113,27.816167044590323,11.099999999999998
7.908615891215111,27.817610623804576,11.100000000000005
7.9116680304423515,27.993273978137378,11.1
7.9291710015906665,27.931398641392203,11.099999999999998
8.296403774476296,27.839413651142024,11.1
7.918625526376729,28.012330952526153,11.1
8.122271380869398,27.892583507437894,11.099999999999996
8.309211471259328,27.846757728537725,11.1
8.114310815896626,27.925844366364302,11.1
8.11211956291002,27.86137713404337,11.1
8.31330495558246,27.839033581478976,11.1
7.397562980658641,28.36771302675644,11.099999999999998
6.981023780548281,28.585902063728096,11.100000000000001
7.271284466439145,28.541581466384528,11.100000000000001
7.419416203750667,28.356041574197228,11.099999999999998
7.783994569687705,28.160343787873273,11.1
7.041443348665851,28.537122243773766,11.1
6.919561055470499,28.386270864694534,11.1
6.906824826537249,28.30643714889852,11.100000000000001
6.940804778777798,28.367305505578074,11.100000000000001
7.135677130744552,28.371055070257285,11.1
6.80031467964117,28.58188233229542,11.1
7.323930827417233,28.322935233733684,11.100000000000001
6.868292469522465,28.411662174457554,11.1
7.66702492430082,28.252325850668612,11.1
7.5301174470679335,28.423842524456976,11.099999999999998
7.326272553744691,28.583912577720263,11.099999999999998
7.701580238101421,28.126441756459105,11.1
7.664157745929099,28.229221400649127,11.1
10.957131597664974,16.837646228861768,11.099999999999998
9.410445442522834,16.690803270000004,11.1
8.704168544498815,16.69080327,11.1
8.417045371293511,16.69080327,11.099999999999998
8.656042122130119,16.690803269999993,11.099999999999998
8.536372953183083,16.69080327,11.099999999999998
9.28030273246341,16.850230566130225,11.1
8.940541041988315,17.037138576989147,11.100000000000005
8.095489876754733,16.95191240134464,11.100000000000001
8.936040539357673,16.8678670922478,11.1
8.277331451168296,16.853887285059564,11.1
9.757155642228074,17.0210517139452,11.100000000000003
10.504179757491716,16.935822091430843,11.099999999999998
9.047114210331012,17.145831154387682,11.099999999999998
11.153330640677371,16.95506417655564,11.099999999999998
10.228308446820716,16.9332024145231,11.1
9.711886484767831,17.039437721416334,11.1
8.488149622993891,17.126782625317585,11.1
11.971474750683393,17.157706143149557,11.1
11.016660003796845,17.659103742297948,11.100000000000001
10.216956149093441,17.54735637557526,11.099999999999996
10.784307609872906,17.639985484736822,11.100000000000001
11.462833439451202,17.871404703358998,11.099999999999998
11.233923080914218,17.622817843692808,11.1
11.715630841684348,19.592923495534965,11.1
11.657150130706064,19.865633759471983,11.099999999999996
11.986797402572638,19.778959169569838,11.099999999999998
11.959264580530101,20.35329962239915,11.099999999999998
11.756574606511984,20.890875319699326,11.100000000000001
11.744918717535313,19.871107695338083,11.100000000000001
10.337705385713324,20.44545149908083,11.100000000000003
11.373317269633858,18.43218581704346,11.099999999999998
10.968730546970733,19.385424614831418,11.1
11.997572017175123,18.29121864589895,11.100000000000001
10.960246429321737,18.736585500032263,11.099999999999998
12.21594088125801,18.81293581430916,11.099999999999998
9.403364419083418,22.41523013901327,11.099999999999998
9.32323130523336,22.391950086316676,11.099999999999998
9.011838404374524,22.266558482084992,11.100000000000001
8.79312048524357,22.25996332166131,11.100000000000001
7.397905133064424,20.79377779664068,11.100000000000001
10.570923590021366,23.079133804100564,11.1
11.695555346878239,24.382989708794376,11.099999999999998
11.666351981338256,24.59627028164052,11.099999999999998
10.414589859136363,23.523602745036605,11.1
9.933330349397654,23.70040041245927,11.100000000000001
11.6192606067866,23.04774382125898,11.099999999999998
12.240577783789993,24.439012619597122,11.1
10.064794619273094,26.1133883240625,11.100000000000001
8.457182419830792,25.85168481310992,11.100000000000001
7.845285581149291,25.182535782643487,11.1
9.79644947905995,26.144316096523678,11.1
7.499500467476553,24.766011045931606,11.100000000000001
8.92864840412524,24.540310817918268,11.100000000000001
8.710174815364562,25.347416646358713,11.1
7.367352441613367,25.046883889035552,11.1
7.1477071360867805,25.214568679575706,11.099999999999998
8.890359346519299,23.801827270379807,11.1
9.116810331995628,25.06195993332218,11.100000000000003
10.682134168764817,23.3213801412123,11.1
12.111647094962224,27.019214615491027,11.099999999999998
10.704523390801654,27.29869946032305,11.100000000000001
9.974477061411324,27.901967501829397,11.100000000000001
10.286800001601943,27.51157994960117,11.099999999999996
11.860193806025642,28.211434240562923,11.1
11.39714346642496,28.393478395632453,11.099999999999998
10.618679923061523,27.995077856620423,11.100000000000001
11.199455175421154,28.072030751410292,11.1
10.579547743388733,27.699028546464767,11.100000000000001
10.734791915224802,27.971386092994617,11.1
9.733678172843412,28.28151060183864,11.099999999999998
10.428923866979481,28.12107017034966,11.1
9.676068420993694,28.760272334112326,11.1
9.786667736964592,28.562433731058974,11.100000000000001
9.640508401626033,28.693425597266234,11.099999999999998
9.21324560641956,28.581691688019195,11.1
8.301980259185529,28.062167468659453,11.1
9.623856263518785,28.863118197370092,11.100000000000001
11.569360807603717,28.00565150785286,11.100000000000001
11.663816793085312,28.133643281884428,11.1
11.567471272778217,28.128039142158123,11.100000000000001
10.523020145508251,28.19231184234387,11.099999999999994
10.76730898027132,28.37222556580445,11.1
11.288912304318977,28.19907231796266,11.1
10.911249377622811,28.702899072261744,11.099999999999998
10.311371005166446,28.38048765625458,11.100000000000001
10.301326347507636,28.547052226306757,11.100000000000001
10.66376609344914,28.602208399407807,11.099999999999998
9.854180043201982,28.68106128944634,11.1
9.906640402478908,28.626172369823532,11.1
11.711534526617642,28.329801236611857,11.099999999999998
10.729784490323807,28.843588474597116,11.100000000000001
10.450257922892296,28.468447096188928,11.1
9.994020272365239,28.650863093150257,11.1
9.36384288516321,28.679274995176744,11.099999999999998
10.68943857902887,28.38611898988909,11.1
11.659559805752853,28.09296302608737,11.099999999999996
11.85061651772876,28.06129376282656,11.100000000000001
11.850973369471784,28.24513270299208,11.100000000000001
10.956869757063703,28.062649787816056,11.100000000000001
8.506194612924508,27.16924146599741,11.100000000000001
10.93666908146789,27.87377408846069,11.1
10.363093725476489,28.065211767066216,18.5
9.372310426483033,27.702037095330375,18.500000000000004
9.436656990503373,27.246701734730824,18.500000000000004
10.585065662232605,27.068924629191375,18.5
8.729972089845308,26.982199817293733,18.5
8.947978317511602,28.129384203100145,18.5
6.631185378377218,28.715322987536286,18.5
6.619955279191262,28.571183083299086,18.5
6.602273683775712,28.56485361654293,18.5
6.609815697786777,28.56512563816813,18.5
6.448606253814823,28.567606167778344,18.499999999999996
6.3075611435401,28.57363992255709,18.5
8.614913633413124,24.499625970180322,18.499999999999993
6.943032288183088,25.09955995489822,18.5
7.901320219316585,25.36501266005598,18.5
6.713668868574513,27.603925816105267,18.499999999999996
7.136859551352663,26.4647928110661,18.500000000000004
6.099428533174917,27.289431303027545,18.500000000000004
6.272204707900729,27.098866967287876,18.500000000000004
6.9156286382446766,27.914238548306074,18.5
6.5145989482436155,27.108353844345885,18.500000000000007
7.669186685861151,26.72572027281189,18.5
8.75751127085878,26.26727930640431,18.5
6.930952837478702,27.71933289791198,18.499999999999996
8.440054562207363,22.854072785478614,18.5
9.786902319048613,23.758533973826825,18.5
9.127191778012323,23.236419844453422,18.5
9.522281001827713,23.521050675503012,18.5
9.636641568120094,23.660727722566726,18.500000000000004
9.391846082802951,23.64872633988753,18.499999999999993
8.229728933095501,22.70190264440391,18.499999999999996
7.925249523763324,22.37360810170396,18.499999999999996
9.093895001105606,22.90523851518632,18.499999999999996
8.08052415194788,22.228776465009997,18.499999999999996
7.969489614208088,22.92472698656903,18.5
7.84520893794369,22.207618283949603,18.500000000000007
8.100138514176258,22.652798642456368,18.5
8.57942533071126,22.747423581440437,18.500000000000004
9.01905223751741,22.1097433175703,18.5
9.336438374570049,21.315606550280044,18.5
9.123129826353672,22.2285270136324,18.500000000000004
8.883683494783547,21.38007943397098,18.499999999999996
10.157220760666844,23.482597898367903,18.499999999999993
9.499640875335778,22.556923673899544,18.500000000000004
11.414159609606697,24.345822927588863,18.5
9.929762277915293,22.62107221553964,18.5
12.48963354291628,25.07660809335794,18.5
10.024321878818695,23.429852318160414,18.5
10.317777698323598,21.34559546986961,18.500000000000007
9.90197481863931,22.054763017168277,18.5
11.205420346032994,20.401247275826822,18.500000000000004
11.141102904083585,20.687308420359088,18.5
10.564162638739713,20.571467010817848,18.499999999999996
10.910480798031637,19.929178881679125,18.500000000000004
9.562707779428495,19.360203168002123,18.5
9.526690923135257,20.89446448216814,18.500000000000004
10.015226701392447,19.665949962317228,18.499999999999996
8.060688234259567,19.131159523144937,18.5
9.850042104647303,20.608019741788713,18.5
8.936445118883382,20.032420338648052,18.5
11.609683947036261,18.413460355769004,18.5
8.061133882845795,17.454417449372727,18.5
9.356583101661585,17.803314465667373,18.500000000000004
10.23167132328489,17.81114487498565,18.5
8.677763612058222,17.342880620406724,18.5
10.018466978216036,17.882336201498727,18.5
10.00035908667625,18.181931730605555,18.5
7.454032728703134,17.84992531912555,18.499999999999996
7.691900057572189,17.98852637724473,18.5
8.29477637449428,18.99105899641191,18.499999999999996
8.278846101570995,17.845504463027197,18.499999999999996
8.462092879303539,18.007158019773236,18.5
9.863552330874505,17.633451736542586,18.499999999999996
10.491138588232346,17.728827714858404,18.5
11.193914404719564,17.70856223764842,18.500000000000004
10.866190731487418,18.106531502645705,18.499999999999996
10.692188791737044,17.88342335146227,18.500000000000004
11.400356159945792,18.151374800433125,18.499999999999996
10.248208516938693,17.722685528175504,18.5
9.37235026146274,17.345941844438297,18.499999999999996
9.114255852820126,17.416599566448745,18.500000000000004
9.497973251153187,17.251714520558515,18.5
10.005205235226539,17.428050593026875,18.5
9.11123336615189,17.421059326026697,18.5
8.747680615967111,17.05723925288287,18.499999999999996
8.272359020522535,16.97417018423333,18.500000000000004
8.595252002730494,16.975878065625473,18.5
8.60049738208026,16.97028983075994,18.499999999999996
8.623605827506386,16.981396938246306,18.499999999999996
8.676298378023503,16.993625317263266,18.5
6.78609069666786,16.905524859903128,18.500000000000004
8.192235431226802,16.837129370319385,18.500000000000004
8.513153728543639,16.839190970339416,18.499999999999996
8.141558788078902,16.766272586779582,18.499999999999996
8.619286312307635,16.915269224570377,18.5
8.169886509515285,16.839610858808086,18.5
8.872243710003731,17.207390265002825,18.5
9.376685929066477,17.215884872237723,18.499999999999996
9.329774199592556,17.205612013298744,18.5
9.3644056871731,17.29589527138367,18.499999999999996
8.92005462174993,17.197566573701625,18.5
9.395782359239327,17.31069491086472,18.5
6.084850566465638,27.976387140811084,18.500000000000007
6.035153476439689,27.885350254832428,18.499999999999996
6.048606868280492,27.9851260846456,18.5
6.249921920724772,28.070922298410583,18.499999999999996
6.254381222551801,28.08574477588397,18.5
6.255539318793895,28.256963237750895,18.5
6.069810768633713,27.981463475883775,18.499999999999996
6.276866004903862,28.237101030013903,18.499999999999993
6.290149655498119,28.071312172921047,18.5
5.906080054156856,27.904599734513152,18.500000000000004
6.465429188880399,27.71933757044882,18.5
6.115219385866462,27.825650847143923,18.5
6.719448340820157,27.033960769718128,18.500000000000004
6.707663086312414,26.87592834161673,18.5
6.700561153430979,26.70946860619048,18.5
6.9229298721510695,26.294919316610425,18.5
6.9231889531571955,26.29287855816339,18.499999999999996
6.952677677359701,26.209148408820155,18.5
6.598503370236539,24.116714294606652,18.500000000000004
7.180801675776098,25.689268234397208,18.5
7.011669351152581,24.763668167586122,18.500000000000007
7.229120519149167,25.298738044182507,18.5
7.03116834209449,23.854511113194995,18.5
6.806632658403224,24.6387912149913,18.500000000000004
6.863503345855692,24.055565086920634,18.499999999999996
7.214770786311834,21.787745274191128,18.5
7.445141968028987,21.300119502547844,18.499999999999996
7.631183596219587,22.133472536157228,18.499999999999996
7.428411482765264,23.555786161226557,18.5
7.402563199424834,20.923389242418278,18.499999999999996
7.193479773082437,20.52094027577442,18.5
7.447476320616919,21.006223539655164,18.5
7.277358785298229,22.149405290850208,18.5
7.6242470044654445,21.376876001213915,18.499999999999996
7.273178755904919,21.856137124640092,18.5
6.970577799598821,23.4635477344975,18.5
7.2939491384564015,22.807753733880418,18.5
7.619616875276101,21.350849895102897,18.5
7.341751177537428,24.241139618842322,18.5
7.462106906983921,22.22454981674174,18.5
7.659390537406661,21.108569841339268,18.500000000000004
7.236302297050752,23.388626631634157,18.499999999999996
7.476491575600152,20.868980974638227,18.5
7.480898683905315,20.416380040969205,18.500000000000004
7.420652728448468,20.93347509677582,18.5
7.639836109331241,21.97148702634627,18.5
7.6602565352724445,21.326712584580765,18.499999999999996
7.451793451782859,20.886756151275655,18.5
6.98258663446715,19.74219784886489,18.500000000000004
6.569445464348668,17.667255351343627,18.5
6.720627259386836,18.688114863158436,18.499999999999996
6.743006594303973,17.72463863901944,18.500000000000004
6.55912662473208,17.746027608057723,18.5
6.938112459619343,19.756028476568883,18.5
6.602762668723564,18.455969843267486,18.5
6.833925623601201,18.78881442738907,18.5
6.909669829599165,18.649203377498235,18.5
6.751535027511272,18.06258653737734,18.499999999999996
6.920890360832631,19.420944398997715,18.499999999999996
6.85985740512543,18.771904080590126,18.5
6.933543257537907,17.90674418067407,18.5
6.745421793387911,17.720876289652473,18.5
7.13739438774227,17.373874106315828,18.5
6.997502638982647,19.355045325427387,18.500000000000004
7.1910461495431095,18.35344445316443,18.500000000000004
7.079315178531744,18.520728576969205,18.500000000000004
6.79287792487022,17.720173107710306,18.5
7.036992871073664,19.43895861032153,18.499999999999996
7.298865150927487,18.997939939445473,18.5
7.214683987185825,17.425248816817568,18.499999999999996
6.67103727569022,17.517131863121893,18.5
6.954798094310507,17.398038114651563,18.499999999999996
6.488988930439249,17.35554537272279,18.5
6.967087383279804,17.17499592765922,18.499999999999996
6.802515810125294,17.45067132837213,18.5
6.9928345847496844,17.156637385298822,18.5
7.210676609510042,16.93471474447619,18.5
7.193993840648638,16.814392999299958,18.499999999999996
6.369498824021336,17.384783345132384,18.5
6.740956588115761,17.16736241943968,18.5
6.809447164691104,17.207471220969158,18.5
6.990392308048762,16.895004951886847,18.5
6.935261534997294,16.838269227161035,18.5
6.992959198824808,16.97904576642005,18.500000000000004
7.2009909993854455,16.748958918171535,18.499999999999996
7.077369820764939,16.74926582408939,18.5
7.15503562114358,16.749528803756288,18.500000000000004
7.201613129688562,16.69080327,18.5
7.077414668428942,16.690803269999996,18.499999999999996
7.123165113299798,16.690803269999996,18.499999999999996
7.04360838392689,16.821922726867754,18.500000000000004
7.097154659496789,16.81965990525855,18.5
6.556423645910906,17.27948735929305,18.499999999999993
6.667667146790206,17.158607310436405,18.499999999999996
6.865431259121265,17.00738396920393,18.500000000000004
6.713131532593442,17.013360420649825,18.5
7.1854917373310725,20.642025643155264,18.5
7.02828649855586,19.611591525782075,18.500000000000004
6.805749463294073,18.784247002531625,18.5
7.297743747728332,20.295917568139018,18.5
6.984216836535415,20.08725483398709,18.500000000000004
6.986457350427092,19.673102761861365,18.5
6.834809210698747,19.693406751958875,18.499999999999996
6.991054936368598,19.68761704995736,18.5
7.560040759916577,19.67659880039413,18.500000000000004
6.963152288358264,19.09543908753126,18.5
7.17331757026599,19.60223005244559,18.5
7.371984572295233,19.723038169728767,18.5
6.779681288676146,19.744142853667945,18.499999999999996
6.791967887230123,18.906843538274625,18.499999999999996
6.98458000251882,19.039344887622523,18.5
7.37589530946748,20.508929067446587,18.5
7.8670705515404595,20.966445549753637,18.5
7.7999741752592255,20.367600440818478,18.5
8.346591289066337,22.843651049144103,18.5
7.179700141665088,20.915946176805114,18.499999999999996
7.736884932910113,21.073221720101966,18.500000000000004
7.8205336590134165,21.034947010853926,18.5
7.7629013256752035,20.90100635830999,18.5
7.775140078318577,20.867273183852276,18.5
8.073960859658184,23.919842626807522,18.499999999999996
8.736485982944872,21.668946390230232,18.499999999999996
8.735141194146012,21.658375826113215,18.5
8.698264498793705,21.61006205962148,18.5
8.715138247145891,21.658169803944567,18.5
8.694182058817352,21.573165793834207,18.5
6.999039734411341,26.56600014413506,18.499999999999996
7.021430914101427,26.563231918689368,18.5
6.9811277122041755,26.577329166216074,18.500000000000004
7.250879383944007,26.473387000676464,18.500000000000004
6.69100181119835,25.82094545087354,18.5
7.003301233337384,25.934557750716728,18.499999999999996
7.870177315377342,24.37601480119799,18.499999999999996
6.786991203997043,25.456619720269387,18.499999999999996
6.793760844052123,24.90624023718069,18.500000000000004
6.774670270500822,25.44744910594956,18.5
6.768323428848485,25.468303421984103,18.500000000000007
6.99221534058733,25.26727650702226,18.5
6.754760663391323,27.058596486006603,18.5
6.778654084732865,26.77718138817665,18.5
6.538295648457622,26.901446617142255,18.499999999999996
6.541014772518551,26.704971964418444,18.5
6.7544963121652115,26.79851067152257,18.500000000000004
6.527920932606641,26.80215164441115,18.5
7.643064512731962,26.41778105615007,18.5
6.9954136766189885,26.78858220166585,18.500000000000004
6.74525564580936,27.06800634145706,18.500000000000004
6.786319138153474,27.064893905321703,18.5
6.751166508161535,27.06633469764021,18.499999999999996
6.749905914300914,27.067065762101986,18.5
6.118653514529567,27.634110379980765,18.500000000000004
6.292157244372819,27.28572425639292,18.500000000000004
6.313672597238804,28.008450259128995,18.500000000000004
6.159822365065751,28.120316299817084,18.500000000000004
5.944279359206029,27.637230256626964,18.499999999999996
5.994909002515675,27.965255127159768,18.499999999999996
6.107521753023773,27.613345852484944,18.5
6.4705869665452465,28.176351544546097,18.5
6.121140297650909,27.79428940748462,18.5
6.077498109332527,27.800543807742784,18.499999999999993
6.106353999439213,28.245260457943658,18.499999999999996
6.100174347845502,27.61073790937632,18.500000000000004
5.823350726274356,27.816247793294806,18.5
5.833536977465952,28.211930403910245,18.499999999999996
5.81980858038777,28.20435418886197,18.5
5.836140525090744,28.22204796613723,18.5
5.60803098452776,27.90440699566619,18.5
5.83508952903941,27.931572428811382,18.499999999999996
6.482046284463121,28.262944709363637,18.499999999999996
5.893726581196592,27.550488719978368,18.500000000000004
5.8723135355077405,27.529442908548404,18.500000000000007
6.04888697921635,27.191062346468048,18.5
5.852604705461498,27.724183024922837,18.499999999999993
5.858633555840248,27.989975177066363,18.499999999999996
5.870058567247141,27.82746792355503,18.5
6.225382870269472,28.354655833705124,18.5
6.68025413899172,27.294721686460722,18.5
6.353707342671413,27.62314793937375,18.5
5.9457703922321725,27.630488646016175,18.5
5.909537428828639,27.628836588659688,18.499999999999996
6.306218426780886,28.364309836623274,18.5
6.262576413525051,28.56542141323375,18.5
6.273188686237995,28.56405316179119,18.5
6.095313091577915,28.25367362471718,18.499999999999993
6.096434725311995,28.206668110071895,18.5
6.288954187516282,28.579937374832106,18.5
6.30253818147695,28.36122354685278,18.5
6.076027307675944,28.2623577468258,18.500000000000004
6.2720902787426125,28.378014794855286,18.5
6.289576859934649,28.26388776418368,18.500000000000004
6.2651622418899935,28.27587028227053,18.5
6.449436036474744,28.362773504592738,18.500000000000004
6.706995570608531,28.60047314070289,18.500000000000004
6.47564699200559,28.578505854732636,18.5
6.3052944445886405,28.571651139637883,18.500000000000007
6.307242285656046,28.56450131493126,18.499999999999996
6.2952989709608875,28.4659319101521,18.5
6.484732442773256,28.56589193955111,18.499999999999996
6.308378926570553,28.338012496550377,18.500000000000004
6.283251990514808,28.472300215102216,18.500000000000004
6.285750303250043,28.468610497802032,18.499999999999996
6.291773968244295,28.46303394082237,18.499999999999996
6.2835167944368875,28.435640699357606,18.5
6.107065596533208,28.24880327069387,18.5
9.384838436288623,17.207839277634896,18.5
9.807333133442544,17.781624993030718,18.500000000000004
9.174354297345479,17.536701678437225,18.5
9.413371740119352,17.64127683313995,18.5
9.625613149736203,17.63971796835174,18.5
8.888577665464776,17.520815849507297,18.500000000000004
6.92853542243169,17.23053966480725,18.5
8.517768334699456,17.3268345438195,18.500000000000004
8.488422994475364,17.163416537839726,18.5
9.379204638992114,17.220248727179612,18.5
8.091965743675118,17.245346416717158,18.5
9.027105510290195,17.284659049115827,18.5
9.309429497801867,17.614546603461733,18.500000000000004
10.327472062298588,17.840743849689822,18.5
9.356395465477872,17.730094245941306,18.5
10.202326313556236,17.72694289502599,18.5
10.221524778609288,17.562028655835086,18.5
8.898191935930843,17.64328782498793,18.5
8.646713002041238,17.54487504564112,18.5
9.830496018424938,17.652738107204392,18.500000000000004
9.829462696886699,18.078097888476094,18.500000000000004
10.101773525478361,18.110323516549506,18.499999999999996
9.644467168176188,18.080386829686137,18.5
7.420180664609812,18.552998950492476,18.5
10.068188959244813,21.177744321444816,18.499999999999996
11.402556050771073,20.70449735563859,18.500000000000004
10.082382765220299,22.059074222210555,18.499999999999996
11.167294621241897,20.19544499208117,18.499999999999996
9.14608440993355,19.39092198175305,18.499999999999996
12.267496058645975,19.205435248260756,18.499999999999996
10.325284986425698,21.528878746700624,18.500000000000004
10.773292623277875,22.042630121278002,18.499999999999996
10.954085327758001,22.474359132298407,18.500000000000004
9.807610880920276,20.906494191559595,18.5
11.212408892835626,20.861629797313856,18.5
9.627494998876992,20.69501785387551,18.499999999999996
10.761114414064165,23.828053830738256,18.5
9.685052484183542,23.403854797787332,18.499999999999996
9.664473965459626,23.15748102458578,18.5
10.992155490434492,23.451574200357264,18.499999999999993
10.534689239109857,23.395506667480117,18.500000000000007
9.7342040504405,22.925831509599952,18.500000000000004
11.55574528337755,20.47477058447051,18.5
12.040868790547277,20.357104030479235,18.5
11.128420906484836,22.789298671347016,18.5
9.703518374628889,22.799866927257415,18.5
9.208600518365076,23.338452186245856,18.499999999999996
9.660049777408242,23.834623575260615,18.5
10.98474767774404,24.74116401656511,18.5
10.991146979976886,24.99755752839455,18.499999999999996
11.806859544809255,24.81585347460924,18.500000000000004
10.575933624763476,24.975348785216454,18.499999999999996
11.404719064867558,25.31987226976409,18.499999999999996
11.260483026544062,25.751529836668865,18.5
12.080173965879617,25.01637915415681,18.499999999999996
12.71377083334306,26.233132694424675,18.5
11.681599637221018,24.878369818090746,18.5
11.847795269920487,25.183252419048344,18.5
12.706961833069254,25.906579047166698,18.5
11.646906943055702,24.684900184856726,18.499999999999996
8.542461693553848,22.871904601791915,18.500000000000004
7.396991766211139,25.480714346461795,18.499999999999996
9.250023024945273,24.671202716401268,18.499999999999996
8.365694510946385,24.06368105529757,18.499999999999996
10.392862896160446,25.000096444538602,18.499999999999996
7.4593098082923825,23.832723176638165,18.5
8.943724813210977,24.562756423432624,18.5
10.734488444135094,24.923369646332198,18.500000000000004
12.485861365145995,25.698918247085906,18.5
10.562193554345733,24.735842128779247,18.5
10.785291638437892,24.815320597305213,18.5
11.42094648562129,24.459193514947486,18.500000000000004
11.841492094229237,28.30150376613287,18.5
10.703646836477557,28.557722492431854,18.144637483654492
10.690583285088715,28.28616842534636,18.15974942171609
11.364730418567856,28.475169393813772,18.14280244019402
11.789431446399417,28.398355318718256,18.5
10.056644699025991,28.469240823758117,18.5
11.170724448172262,28.012887332876698,18.5
10.905136325258043,28.12084573662776,18.5
11.378248158627667,27.630443233213906,18.5
10.952894912761929,28.461240827457814,18.5
11.223045557717574,28.57928741807674,18.499999999999996
11.193232069956258,28.56748873732233,18.17656570568418
7.021341979802799,29.117089052458084,18.5
6.8518812869600865,29.04058698038783,18.5
6.505226306541941,29.11370243006904,18.500000000000004
6.499895999147391,29.112971749994355,18.5
6.895508712627023,29.026395637903317,18.5
6.2612028077866615,29.11560180452826,18.5
9.818941751687113,28.85097997346599,18.500000000000004
8.54005249070358,29.12230696754915,18.5
10.306268475097838,28.855064576832696,18.5
9.429778472346692,29.027442319805978,18.5
9.18180143053256,28.847671473980768,18.500000000000004
9.326766655495941,28.939882441868782,18.499999999999993
11.24429683009763,28.677428692396077,18.5
10.815143599296457,28.84897128435081,18.499999999999996
10.620432972349171,28.76620222729813,18.5
11.474968090877782,28.92672010100685,18.5
11.46311850048116,28.84067420347124,18.5
11.45522305256572,28.85357990114356,18.499999999999996
12.269623544611404,27.443592802049224,11.100000000000001
11.755212060807493,27.959635070713816,11.100000000000001
10.709745078068972,28.313774033632015,11.100000000000001
11.794858814367828,28.161982758872433,11.100000000000001
12.552894319347498,27.94389892736631,11.100000000000001
12.02611698603683,28.46046662511379,11.099999999999998
7.181468478120526,29.036457401589175,11.099999999999998
7.301301936293674,28.694479625312322,11.1
7.778587734990152,29.037492289628215,11.100000000000001
7.074889364014594,28.96443327092497,11.1
8.143686568237248,29.040657141290264,11.099999999999998
7.810681059073669,28.858647492850302,11.100000000000003
5.9140769642783555,28.95688979251802,11.1
5.5687566932035955,28.97944905221875,11.1
5.434142417327145,28.98646826326639,11.100000000000001
5.887601213691406,28.984511970699845,11.1
5.421720757053486,29.062718296251933,11.100000000000001
6.282971819202571,29.00204284080322,11.099999999999998
12.542913268993576,27.522040074977912,11.1
12.140878073217463,27.884855393204713,11.099999999999998
11.83045397865825,27.860488785354327,11.1
12.325341368754508,27.75888896012851,11.099999999999998
12.075167616240284,27.89078801021945,11.1
12.087255542527078,27.872840802500946,11.1
9.0860123569711,28.776051038104193,11.1
6.338721057757333,28.114308386564186,11.099999999999996
10.578850888511722,28.046098178503545,11.100000000000001
7.687642257908257,27.498218325369763,11.100000000000001
7.412580435632283,28.043287135887475,11.099999999999998
8.50150394083115,27.689623708596947,11.099999999999996
5.741179266418471,28.030950586827288,11.1
7.462730823632848,27.425954787586566,11.100000000000001
7.413079955547742,27.513588294817453,11.1
6.624541847801621,27.180177612543776,11.1
7.05343705150805,26.771315609907177,11.099999999999998
7.213196667526335,27.428195551675948,11.099999999999996
12.90445788,24.85890485724571,11.1
12.710847301448695,24.608424277500312,11.1
12.904457880000002,24.180372957308496,11.1
12.90445788,26.307427762592155,11.099999999999998
12.904457879999999,24.302192189920245,11.1
12.904457879999999,23.631373009459036,11.099999999999998
7.890580742629139,24.89598204775835,11.099999999999998
7.70118408963514,25.96184947087633,11.100000000000001
8.99415501343179,23.309933534002443,11.100000000000001
8.096457468872625,25.55529601404724,11.100000000000001
9.489563545349661,24.50488472269873,11.099999999999996
8.838214791148589,25.442040427494952,11.100000000000001
6.635268488682139,21.701934717691152,11.1
7.654672696241946,24.433358202433567,11.100000000000001
7.335519437703575,25.522807269112256,11.1
7.8851651699899294,25.162921956734017,11.099999999999998
7.528886995447762,22.53117681485121,11.1
8.115838527841227,25.23918054000258,11.1
12.904457880000002,24.190783587988914,11.100000000000003
12.904457880000004,23.876768236577995,11.1
12.904457879999999,24.269226377408245,11.099999999999998
12.904457880000002,23.65140795282401,11.099999999999998
12.904457880000002,23.126866953180322,11.100000000000001
12.904457879999999,23.186449955991115,11.1
9.739119210276295,22.693276792676063,11.100000000000001
10.753468668231621,23.330053056286093,11.1
11.14901937116953,23.806995516905513,11.099999999999998
10.403995367990564,23.469145541713804,11.099999999999998
11.559261076317682,23.32886414689193,11.099999999999998
10.304163053123782,23.50437402563904,11.1
6.859693264117446,22.766085758402575,11.099999999999998
8.015704254093134,23.376179247721424,11.099999999999998
7.755010937406281,22.60214591446419,11.1
6.578182683512839,24.34662757849899,11.100000000000003
7.223215690232513,24.456238683269394,11.1
6.941822046390999,24.739703491664855,11.1
12.71162648476897,22.97907956849921,11.100000000000001
12.271315016935331,22.46787347523881,11.100000000000001
11.856780520116237,22.372784711504288,11.1
12.696502508113136,23.194849027834213,12.147602506506544
12.518255387987033,20.607694132642855,11.100000000000001
12.704975902775846,22.146431399522157,11.748938310745755
9.511310680027632,22.851902023314825,11.099999999999998
10.743852785085586,23.04284667292057,11.100000000000001
8.024771190269046,22.75826426264178,11.1
10.033526505911013,23.31728976229801,11.1
8.126277974023528,21.33537287499411,11.1
7.720864306156714,20.59437405292215,11.099999999999998
9.876983411031295,23.085446330961904,11.1
8.338025352927259,22.933353392135984,11.099999999999998
7.886721078002042,21.332083906888858,11.1
7.410198477909314,23.478320022652028,11.1
9.64209121785393,22.68702241530122,11.099999999999998
5.98172540770456,21.697504147720828,11.100000000000001
12.904457880000002,20.06114607453259,11.1
12.90445788,20.226245551692575,11.1
12.90445788,18.820635243185407,11.099999999999998
12.904457880000002,19.165416822735974,11.099999999999998
12.904457879999999,18.66775341784974,11.1
12.904457879999999,19.228875337101623,11.099999999999998
11.450126950199472,19.907980112253284,11.1
11.799740498748895,22.04354125303267,11.099999999999998
11.859578552364358,19.227603383981965,11.100000000000001
12.470120972006136,21.501505510440982,11.1
12.253853229533048,20.972045294711016,11.100000000000001
12.474326196170619,21.667386928612846,11.099999999999998
8.067255575540047,21.428832814811656,11.100000000000001
6.029799165603639,19.1145268843623,11.1
7.6560828391586,21.074259974930282,11.1
6.370641976848919,21.41808068424691,11.1
6.072380097001648,22.40799393017414,11.1
6.758248813541993,22.141445914643406,11.1
11.481260230368154,16.954278438276937,11.1
10.83327085195638,17.40229483188502,11.1
11.624910873956887,17.31205428917803,11.100000000000003
12.904457880000002,18.278334120310724,11.100000000000001
11.881642168665813,17.68851418588898,11.100000000000001
11.192260699615531,17.13340488037556,11.100000000000001
7.922485175003643,17.0837098938698,11.100000000000001
12.702393567702444,17.79274946075168,11.099999999999998
11.655810891524961,18.225817140759215,11.100000000000001
9.307354311634024,17.048870001478168,11.100000000000001
11.466251276277005,17.886378811646058,11.099999999999998
8.969170403444618,17.025046613243184,11.1
7.673051084971752,20.25912158008864,11.100000000000001
8.43732855787815,17.032511684550208,11.099999999999998
7.231780894096821,17.47542725735322,11.100000000000001
6.227550796650751,17.624478302188674,11.100000000000001
6.947540960587107,17.480011589388063,11.1
6.747388340498351,19.839073466253414,11.100000000000001
10.337213633542296,16.924612813742588,11.099999999999998
10.284683362968154,17.017289543704596,11.1
10.306446064243513,17.025058824533357,11.099999999999998
12.50012832495133,17.74696772005333,11.1
12.320672683633763,17.403210385738596,11.100000000000001
9.891765973843846,17.001509527548095,11.099999999999998
9.478969269901773,17.03834352167607,11.099999999999998
9.094671145699175,17.289089207710074,11.1
11.073366374069098,17.271103476747278,11.1
11.269837779310702,17.265614852092387,11.099999999999998
10.437145105682156,17.103137970787,11.1
8.818976239755608,16.922315601645707,11.100000000000003
6.667353392309696,16.69080327,11.100000000000003
7.043357211260606,16.839020635157674,11.1
6.917830723092514,16.759445117084063,11.1
7.802564096552706,17.559079831794595,11.1
8.355113993488393,16.93577224173813,11.1
7.609188626232828,17.560775819918437,11.099999999999998
6.889114238605491,16.84279190914235,11.100000000000003
5.8457981427051475,16.832695701630144,11.1
5.940519153190774,16.83819030563104,11.100000000000003
6.3233601659011685,17.650558374302577,11.099999999999998
6.913625103731968,17.564348654264954,11.100000000000001
5.584935379442028,17.902498855210293,11.099999999999998
9.200006872383089,17.035312885268553,11.1
10.170207327279211,17.019672678963737,11.100000000000001
9.565124767705704,17.124313046216347,11.1
10.086484304622429,16.948006002167286,11.100000000000001
10.277698525148473,17.025993933961875,11.099999999999998
10.083908210969877,16.942586590487842,11.1
12.517346627456394,17.521546902633286,11.100000000000001
9.417350716532917,16.770694275956043,11.1
12.508317323825176,17.54429156996452,11.100000000000001
9.194058227069668,17.015138579045047,11.099999999999998
8.594571212620982,16.860481114312762,11.1
12.716397298323878,17.62811577248632,11.100000000000001
7.422448153447174,19.132521794084273,11.100000000000001
6.429782185088453,18.860710183753806,11.1
7.784054969324502,18.239470789849832,11.100000000000001
7.97578060093785,18.14966550317173,11.100000000000001
7.896017854948908,18.420014404964377,11.099999999999998
8.481226423866167,18.05075712522269,11.1
8.657731638996122,17.09661657770384,11.099999999999996
10.89628318198297,18.584045115708747,11.100000000000001
10.763626698237314,19.123611169496453,11.1
11.0232956408972,18.91040764442154,11.100000000000001
10.635720135516095,18.929563949602755,11.099999999999996
8.247042763588688,17.250935008057837,11.099999999999998
12.510535496233803,18.795173431310435,11.099999999999998
12.31144686962824,18.151674918792917,11.099999999999998
12.092607588148164,18.69770970914202,11.100000000000001
11.649000633535596,18.09982316137569,11.1
12.904457879999999,17.911021117770797,11.1
10.109778842723127,17.310265215787652,11.099999999999998
6.479879106875015,21.689386477929133,11.100000000000001
6.88663067067796,21.239979673641766,11.100000000000001
7.1794781428986285,21.14449647812737,11.099999999999998
5.379890956672203,21.8836422923386,11.100000000000001
6.473241177744414,20.623475267429335,11.100000000000001
5.370682796948738,19.578735444147892,11.1
7.484198654504737,21.07389223446248,11.1
7.637763637615165,21.494112476293783,11.100000000000001
6.694749281716204,22.074536333337676,11.100000000000001
7.084478951541065,22.78849367351289,11.1
8.107734327751173,21.67413054119589,11.1
7.477672942094914,22.02383342301657,11.100000000000001
12.720243328906049,19.536793643736324,11.099999999999998
12.496290081157774,20.371139377572508,11.100000000000001
12.521475015957398,20.451263717492754,11.100000000000001
12.702072205399661,20.44736058657294,11.1
12.71074476511761,20.42453629437733,11.1
12.90445788,20.211824107752612,11.100000000000001
4.285665174782917,20.54189834081845,11.1
4.5197065101777625,21.247315965353273,11.099999999999998
5.0355639363799485,21.442802345262788,11.1
5.139760373880165,22.079547485832745,11.1
4.823880468235615,23.226725523407392,11.100000000000001
4.551151694399727,22.52788365987832,11.100000000000001
9.663852458368465,23.39422319253913,11.1
7.622801507069959,22.58334160450369,11.099999999999998
10.61251374780694,24.010435047946924,11.100000000000001
8.615886987150864,23.243208389087233,11.100000000000001
8.425749013558175,22.78516705993047,11.1
9.207141069381004,23.92985559191205,11.100000000000001
12.904457879999999,22.221689236857195,11.099999999999998
12.50057362766066,22.991169014290712,11.1
12.730173949255365,21.806785702886756,11.100000000000001
12.724799203413951,22.87641974240167,11.100000000000001
12.73422460547159,22.87898392848877,11.1
12.552960220861525,22.46790212434654,11.100000000000001
6.287452192382582,24.212700277819888,11.1
6.098142937255612,24.96337406930716,11.099999999999998
6.779078087244464,25.205745965911888,11.099999999999998
6.380423119225464,24.860281061882876,11.099999999999998
6.650302095133056,24.875539555308823,11.100000000000001
7.045169818995008,24.563617585941234,11.1
7.1197869694427816,22.912851214942776,11.100000000000001
7.408572635968652,24.56122567456557,11.099999999999998
7.867604666402359,24.299844511666386,11.100000000000001
7.691709039893814,24.3059996642534,11.1
7.189936668474704,24.936452349578147,11.100000000000001
6.532339883418922,24.169376683427444,11.100000000000001
12.540782182732682,23.23598985522058,11.100000000000001
12.90445788,23.928084490437932,11.099999999999998
12.722832745773859,23.545592234137224,11.100000000000003
12.904457880000002,23.603889171101812,11.100000000000001
12.904457880000002,23.831999759965992,11.1
12.54194936878998,23.5602920185342,11.1
5.817828123833869,22.93996879195522,11.1
7.084839450721225,25.96705299906224,11.099999999999998
6.366306102538169,25.48163552695971,11.100000000000003
5.8252754568982565,23.886315382024428,11.1
5.578918571732215,22.401755676497068,11.099999999999998
6.661987710718912,26.783388125437018,11.1
7.693272165010846,25.82211965253711,11.1
10.110450613166357,23.705311860284546,11.099999999999998
10.167106040693023,23.64075456275649,11.100000000000001
10.0694975709915,23.14468348165066,11.100000000000001
9.308591720161028,22.736995126603745,11.100000000000001
9.2530540654783,24.627938247388037,11.1
12.643109569864777,26.952806585992576,11.1
12.90445788,25.424459479838838,11.100000000000001
11.899692530819358,23.46740997897491,11.100000000000001
12.487778743307862,24.067713562636502,11.100000000000001
12.904457879999999,24.67729466698575,11.099999999999998
12.904457879999999,23.80585694965201,11.100000000000001
4.52142467244685,25.87337527741085,11.1
5.777643637824565,27.160318007446953,11.100000000000001
4.953425592620981,27.573536844362675,11.100000000000001
5.7132018515188845,25.142724895737487,11.099999999999998
6.073079728263351,28.382681941979083,11.1
4.5382200923411915,26.23654524452844,11.100000000000003
6.005418690543826,26.218892677977635,11.099999999999998
6.36938687999418,27.66750713315945,11.1
5.820710556817192,28.12724236816868,11.1
6.182535075724262,26.603214157164803,11.100000000000001
7.228099111419189,27.31941447732473,11.1
7.142714061955497,27.584781320113557,11.099999999999998
12.297530013728734,27.401684877728506,11.1
12.499666039816494,27.02234058144712,11.1
12.727031119313425,27.66271184609026,11.100000000000001
12.08013017394997,27.741918078185265,11.100000000000001
12.716157945978052,27.659011157725654,11.1
12.350619713388094,27.64605808084218,11.099999999999998
5.142218514480776,28.93636353541636,11.1
4.759490985609662,26.97417802948759,11.1
4.935273715361785,26.85340903988891,11.100000000000001
5.1180272170048084,28.916067205540287,11.100000000000001
4.738360360457175,26.992931018630458,11.1
4.566021344388998,26.90191068879556,11.1
6.036988209964978,27.852214355309137,11.099999999999998
5.652574615384338,27.87164533838076,11.100000000000003
6.248408622238794,27.767721557760115,11.099999999999998
5.402401273472264,27.33494299938528,11.1
6.9301401478020965,29.140921473655734,11.100000000000001
5.861916487333581,27.952795652568337,11.099999999999998
12.695483510519157,27.885359825379062,11.1
12.695817564379222,27.88780992099941,11.1
12.705956389878153,27.91034636402777,11.099999999999998
8.573830980749541,28.953940319055015,11.100000000000001
10.294761537830341,28.604893393426238,11.100000000000001
8.828177871618696,28.955182095524577,11.1
12.118624730435327,28.1839086989903,18.499999999999996
11.493004583896345,28.685928851461977,18.500000000000007
11.892894062913609,28.695090017864995,18.5
12.704777777106974,28.607699488361988,18.500000000000004
12.075037722028739,28.6957805279631,18.499999999999996
11.702111819591895,28.683971195700362,18.500000000000004
6.5140291833275015,29.065457792455543,18.500000000000007
6.516420649554821,29.064058600718113,18.5
6.608005986691701,28.931319162834317,18.5
6.453686343273387,28.83623604008067,18.5
6.650365869195163,28.77222062974068,18.499999999999996
6.463198403467384,29.06689698923624,18.499999999999993
6.72294240064792,29.051666114190656,18.500000000000004
6.15058321099195,29.207532020000002,18.500000000000004
6.279444814981666,29.065063983973175,18.499999999999996
6.0786243217947336,29.074193286410825,18.499999999999996
6.724557634546658,28.94095493424255,18.499999999999996
6.094606077485408,29.207532019999995,18.5
12.90445788,27.838834420792406,16.757888960879004
12.904457879999999,28.11863566247588,15.936710659294691
12.904457880000002,27.92235666391428,17.85589555906552
12.904457879999999,28.01881603843747,15.928610246206837
12.511042254583202,28.221768740497556,18.5
12.514038520192715,28.230135048793684,18.5
8.427918485548295,27.977854250608857,18.5
7.742881071209805,27.89205990927869,18.5
6.935296456595347,28.338439705438553,18.5
7.667422864514139,27.91255299903846,18.5
6.539091285737814,28.183216498908045,18.5
6.522108570507072,28.45466212890718,18.499999999999996
7.116269076199107,28.53246642464391,18.499999999999993
7.396398168424076,28.23492973521256,18.5
8.009994118406423,28.24685291034107,18.5
7.787543092598065,28.415670132333144,18.5
8.030239456766125,28.049762994795106,18.500000000000004
6.740284392467209,28.52504958966951,18.499999999999996
12.548199789132068,25.910975057666985,18.499999999999993
12.904457879999997,26.41049784832707,18.5
12.904457879999999,26.799095960736818,18.499999999999996
12.065476140339483,25.197515354187292,18.499999999999996
12.904457879999999,26.795233036495333,18.5
12.904457879999999,26.871189922543582,18.5
8.747912132708382,24.94801809576554,18.5
9.45090473911021,24.646411241242408,18.499999999999996
9.165909030524357,25.374517105723122,18.5
10.744371521969715,25.168091586669117,18.499999999999996
9.671938395205768,24.263475182261715,18.5
10.57218656649234,23.975111516136867,18.5
6.716447973020306,26.161082299165606,18.5
6.063072920250283,27.04709146399806,18.5
6.273029328721413,26.639713760948894,18.499999999999993
5.663286960892016,27.139013591970695,18.5
6.0659173544628,27.208939014818775,18.5
6.271017364074854,26.516541354189062,18.5
12.904457880000002,19.964207484192386,18.500000000000004
12.90445788,21.64444377490231,18.499999999999996
12.698545163344818,23.68667880972477,18.5
12.904457880000002,22.26450205382924,18.499999999999996
12.904457880000004,22.287447653995226,18.5
12.904457880000004,21.749481373950882,18.15374828092387
8.323728597918947,23.65566452623495,18.5
7.199194641276629,24.12308433291672,18.5
8.819915721604799,23.679908375208637,18.5
8.321028235760986,23.662759902697793,18.500000000000007
7.818914424669766,23.855502900723046,18.5
6.722399345757022,23.795081637713427,18.500000000000004
8.599158136262048,23.51322050536196,18.5
7.651391411199809,24.199566326942694,18.499999999999996
8.34626531698409,24.474987049901983,18.500000000000004
9.430435864070624,24.125227594219986,18.5
7.6392254326261355,23.300923113528718,18.499999999999996
8.079499931914002,23.39709275125068,18.5
12.700935615853087,20.50676518492773,18.5
12.699115821487965,21.36980241663422,18.5
12.691440716250444,20.273608107535626,18.5
12.904457880000002,19.913702599070035,18.500000000000004
12.90445788,19.947238080285562,18.5
12.904457880000002,20.290530053866814,18.5
9.229864984486255,22.796829134931805,18.500000000000004
8.73028423790846,22.40055049159698,18.499999999999996
8.283784562099962,23.01045849770128,18.5
10.26505930584561,23.287060713820622,18.499999999999996
10.081828616853855,22.029705608567646,18.500000000000004
9.388556199454378,21.895889356105183,18.5
9.016799647117852,23.055918113758494,18.500000000000004
7.209728571942858,23.205667231118028,18.5
9.837172365135446,22.780672622884225,18.5
8.516247036173962,22.60024371168752,18.499999999999996
8.334064523276568,22.965505366013996,18.5
8.967904841138898,22.875275653677605,18.5
12.90445788,18.71029903096788,18.5
12.733540568021464,18.744060923737965,18.499999999999996
12.745058756641756,18.503942469670168,18.5
12.90445788,18.970766063635963,18.500000000000004
12.904457880000006,18.996700809524167,18.500000000000004
12.90445788,19.021740687035084,18.5
10.68937481350567,18.743772308910774,18.500000000000004
11.090816443870965,18.940782530441407,18.5
10.649233573026137,18.68510785551207,18.5
10.869787188053184,19.029290472278653,18.499999999999996
10.47929821625554,18.383513825422597,18.5
11.39010985143452,18.286930220388843,18.500000000000004
6.102678724246306,19.637104838979358,18.500000000000004
6.502240919719078,20.24019171439957,18.499999999999996
6.375363379440215,20.15846939412861,18.5
6.440343252741608,21.080729139741514,18.499999999999996
6.662208355141067,20.868557271277073,18.499999999999996
6.516232242091252,18.9724273713248,18.499999999999996
12.735434345743318,18.443022418122176,18.500000000000004
12.756890896087597,18.516139461562915,18.499999999999996
12.90445788,18.698429068030578,18.5
12.904457880000002,18.85250861533889,18.5
12.904457879999999,18.79379310121467,18.500000000000004
12.740846883391704,18.791170269997902,18.500000000000004
8.705861142684284,17.645786155194294,18.500000000000004
9.341180294952059,19.04045877909084,18.500000000000004
10.261308316659868,18.590718638636115,18.500000000000004
9.363950714593496,19.448381227148648,18.499999999999996
8.283075207526522,17.81612452366867,18.5
9.808930869979468,18.45498344841659,18.500000000000004
8.669464659840475,19.56525383054675,18.500000000000004
7.921535732365946,17.61481595630216,18.5
10.400280254901533,18.244816635249798,18.5
9.63577768246268,18.283935074774316,18.499999999999993
7.8064632221566805,17.43213728473569,18.5
8.639066903744903,18.344442205056914,18.499999999999996
11.932864489534706,17.818228175013502,18.499999999999996
12.492539630713635,18.10709754766861,18.499999999999996
12.136049037612729,17.937051565157745,18.5
12.14641498828851,17.91174734919543,18.5
12.193426812897453,18.06515184358115,18.500000000000004
11.764072770076481,17.919484762594674,18.499999999999996
9.375982972005467,17.85864422239913,18.499999999999996
8.266024991582436,17.506814608591924,18.499999999999993
6.736630744942175,17.10846172315586,18.500000000000007
6.448630399242855,16.99410333698663,18.499999999999996
7.390142916575278,17.24478951952956,18.5
6.409111700105638,17.07241709469278,18.499999999999996
8.055456765228104,17.06328416523026,18.5
8.240305285514365,16.86021630701642,18.5
6.904014084894625,17.1876901944022,18.500000000000004
7.36514880184191,17.218158004479676,18.499999999999996
9.788049626256596,18.500226110832145,18.499999999999996
10.033432700883004,18.417754687870314,18.5
5.960177487833084,17.386852435185805,18.5
6.327870900895052,17.509469458478044,18.5
4.281804246272576,17.380746676139005,18.5
4.82138694808647,17.44867801525103,18.5
8.169231073439981,18.322174796156336,18.5
5.352156259441321,17.90114647897703,18.5
6.611372348194392,16.934156049720766,18.500000000000007
7.609802010091471,18.849037579479386,18.5
7.069167916633233,17.20086678548902,18.5
7.01078791276897,16.690803269999996,18.499999999999996
6.773502064483708,16.69080327,18.500000000000004
6.769515467855917,16.765958285049088,18.5
12.312342557179395,19.102945150415774,18.5
12.317842700838812,19.33968537612438,18.5
12.527388906978212,18.844333690113192,18.499999999999996
10.328419952204698,17.85367789475004,18.500000000000004
11.124412648067738,17.85892121017606,18.499999999999996
10.091378638982661,17.21427114013487,18.499999999999996
9.867977343685286,19.476771554108524,18.5
9.911042112866017,22.436351440826183,18.5
6.882465159690177,17.69182582793481,18.500000000000004
5.8888899096501985,17.69955640824483,18.500000000000004
9.949037636175934,22.244855063547146,18.5
9.003887183246956,20.986232599710235,18.5
8.961271298387086,18.213739473412087,18.5
7.174715583117299,18.03661767065091,18.499999999999996
7.22096924508263,19.23623536427343,18.5
7.640550735500743,17.987889654988987,18.499999999999996
9.461248027042567,21.698396217115075,18.500000000000004
8.979117086128397,20.24949104128222,18.499999999999996
11.702281524679174,17.956981064961536,18.5
11.793377286695037,18.40273066875954,18.500000000000004
12.904457880000002,18.915737107790974,18.5
11.35587424427109,18.042867224309045,18.5
11.778815295900177,18.018283596827104,18.5
11.116382938875706,18.0919817412458,18.500000000000004
9.60825813729458,22.999581915791385,18.499999999999996
6.360789424196652,19.651361479819204,18.5
9.759725285579476,22.465443924389536,18.5
9.500610448311903,21.6463770339731,18.5
9.898315408027429,21.935101084807048,18.500000000000004
7.946000251256869,19.536104892129995,18.499999999999996
9.054450184439249,20.850531367314467,18.500000000000004
8.280569553930329,20.433504126430904,18.5
10.9262165651024,24.057464578973864,18.5
9.700915813090301,21.00204261796565,18.5
9.24222510068249,21.466491017230982,18.5
8.834121166333134,20.440886997076635,18.500000000000004
12.508922517782894,18.796786635210555,18.5
11.382103612028663,18.25838201730677,18.499999999999996
12.517339908417146,18.813636971235823,18.499999999999996
11.20853350017815,18.163516381858503,18.499999999999996
12.311238567910216,19.542026862960444,18.500000000000004
12.513084692312525,18.800259610267034,18.5
9.222868779049426,23.294389158179104,18.5
7.869154200447741,23.38727166993299,18.5
7.605110228045506,23.453119904190476,18.499999999999993
6.963895659192468,22.675081821952045,18.5
8.827278548124225,23.75478111798604,18.5
8.445150557808967,23.492817396564604,18.500000000000004
10.034176595485075,23.85843148176776,18.5
11.09183535545457,24.126534398544795,18.500000000000004
10.47160052518769,24.112353799132343,18.5
9.692358687099777,23.782304399148593,18.5
10.497859276465356,23.817271834160948,18.5
8.654037348246442,22.64639501242858,18.5
12.904457880000002,24.055951359019556,18.499999999999996
11.438210838181174,22.476230438412706,18.499999999999996
12.904457879999997,22.089797876954247,18.5
12.686972971900325,19.51893214461104,18.499999999999996
12.697008406490067,19.844801525235024,18.500000000000004
12.703218626859064,21.265609812767828,18.5
9.830738665718773,25.201959348464612,18.5
8.680060857840711,23.568674159986095,18.5
10.077336254891238,24.850351648395044,18.499999999999996
9.459887476433078,24.80316600436981,18.5
8.710077511149578,24.15018662417713,18.5
10.296815635874243,25.96379267066172,18.499999999999996
9.73751607106071,24.774750355917636,18.499999999999996
8.13964386201399,23.894250783032252,18.500000000000004
7.436509307236386,24.638486709561015,18.5
10.11917978030141,24.62850826035938,18.5
9.601801397023225,24.400789881058607,18.5
8.238951105794516,23.97726405034756,18.5
12.031374911610284,21.463008195143477,18.500000000000004
12.709994502919882,22.325587139224076,18.5
12.90445788,21.82114991013679,18.5
12.096652627419967,23.027667465910447,18.5
12.680529459334176,22.396753117978573,18.499999999999996
12.488106803803978,21.63768936335539,18.5
8.020166774011253,26.546795529173714,18.499999999999996
7.702181224167815,25.216928347926007,18.5
8.910500912055465,24.65678248675168,18.5
6.53945201174211,25.891635799461344,18.5
9.102678861878722,25.796748865891086,18.5
6.578117533497807,24.88977568737834,18.499999999999993
7.190486075549269,24.93256647452381,18.500000000000004
7.2585221635175285,24.83901505676522,18.5
8.134726742875248,24.906496999191077,18.499999999999996
8.443640980503476,25.05138466561883,18.500000000000004
7.9538664362329605,24.021163688976877,18.5
8.912594960486405,24.684059959072584,18.500000000000004
12.90445788,26.490328918861728,18.5
12.489259710952993,26.44803004855974,18.5
12.7019855326743,26.35399640140262,18.5
12.490944594454223,26.37352738468541,18.5
12.705586319238158,26.63171571917639,18.5
12.489099437245581,27.00588473120787,18.500000000000007
6.416620029256708,28.74840930239575,18.5
6.707927673820549,26.75554785418442,18.500000000000004
6.458356108992573,28.770619932298438,18.5
6.50616094585159,28.76568252711387,18.500000000000004
5.949739023488524,29.0797565666473,18.500000000000004
6.335294398062913,28.972404366160436,18.5
6.698129416036688,27.310115181400413,18.499999999999996
6.332099325784209,27.107496245353637,18.500000000000004
8.751175395843415,27.51574366976392,18.500000000000004
6.526179706736251,27.346911640716808,18.499999999999996
8.348198984418609,27.42468890743606,18.499999999999996
8.540204452111945,27.421059073406298,18.500000000000004
12.263311342691766,28.157830125011575,17.808265573618883
11.843827065642522,28.69692253743047,18.5
11.843304611511824,28.7837967976228,18.5
12.499680194653383,26.979953709159314,15.623432092303641
12.904457879999999,27.679956985278963,14.21527231607341
12.90445788,27.53039493453141,14.779356147966972
5.937448041263913,28.930030492469907,18.5
6.100158769677967,29.207532020000006,18.500000000000004
6.251731768701396,29.08743353515094,18.499999999999996
6.100168955507126,29.14251947917548,18.5
6.24521834942572,29.08966449754238,18.5
6.216709575184863,29.086875660260045,18.499999999999996
6.226763053853086,29.137071145813863,18.5
6.727867922598019,28.81492744641485,18.5
6.725306070316787,28.751099211074006,18.5
7.6689701206528245,28.96634826871047,18.5
7.181783920854366,28.88597857666146,18.500000000000004
7.834420930364805,29.207532019999995,18.499999999999996
11.455238396276954,28.492495192492466,18.5
10.293327864394152,28.75416577989145,18.5
12.904457879999997,28.27118924491788,18.5
11.891149531623649,28.77604796600454,18.5
12.31288126155293,28.68190841705201,18.5
12.718558251041866,28.602375195639908,18.500000000000004
