12.523574546075675,27.60188297522322,11.1
8.7365998028584,28.52412290083138,11.099999999999998
12.845488770494972,28.000849967052787,11.1
12.424030382973406,27.836032819938104,11.100000000000001
12.636398712205434,27.482065328457082,11.099999999999998
11.481023627780813,27.29127233725623,11.100000000000001
6.656957950149001,28.046070644139622,11.100000000000001
6.245729339174107,26.903647037140903,11.1
6.660159987239054,27.76225827946691,11.099999999999998
6.37972914942856,27.577108850899588,11.1
6.028145025728134,27.241618280301704,11.099999999999998
6.324136055690365,26.601843464180757,11.1
5.63626674515448,26.82979184993303,11.099999999999998
5.938075066016304,26.93112804741096,11.1
6.376049194921355,26.636947479051067,11.1
5.705010087245831,27.51383687598951,11.100000000000003
7.328825681307702,27.896996284917574,11.100000000000001
5.656507796859328,27.33665452068971,11.099999999999998
12.624758626420581,27.572414264967325,11.100000000000001
12.05149772175123,27.597301067655888,11.100000000000001
12.193026153763489,27.234699030517323,11.1
11.935569650940762,27.611351941444592,11.100000000000001
8.514918392001364,27.419427913316778,11.099999999999998
11.865564268743556,27.56406477528187,11.099999999999996
8.441329229765463,27.68780691666918,11.1
7.064258569544078,27.9775619368108,11.099999999999998
7.593010526482112,27.587612716392282,11.099999999999998
8.514917797254682,29.20753184752644,11.100000000000003
8.364724572914453,28.42520272414919,11.100000000000001
6.717037709676319,27.21863803451429,11.099999999999998
5.880468978531111,27.839903818997083,11.1
5.817708844190944,27.465129572519285,11.099999999999998
6.478798907559709,26.835223397100844,11.100000000000001
6.251997922623588,27.19241420988941,11.100000000000001
4.640553270861307,25.928686405212453,11.099999999999998
6.270985199498215,27.10507104099695,11.099999999999998
10.802697190766198,26.233387489829067,11.099999999999998
10.819243631769126,26.03979000530773,11.1
8.514903492747663,25.231497644921685,11.1
11.186376683094075,25.163535931774014,11.1
11.46134220939755,24.922488584785565,11.099999999999998
10.805440764554731,25.62273140972928,11.100000000000001
8.292482115522398,27.67423055924295,11.1
6.587821315347063,25.895725734405826,11.099999999999998
6.51505494165182,25.4928260931704,11.1
6.290829165827654,25.566311157033052,11.100000000000001
5.175746210135813,24.34108508886026,11.100000000000001
4.12537828233481,23.84321991804509,11.100000000000001
6.210685307554072,25.663533038808808,11.099999999999998
5.064607793500931,22.442542567152636,11.1
5.887391179278139,24.74636019799544,11.100000000000001
5.5577254219216705,25.282771897480096,11.1
5.230135297347106,22.77093419018326,11.099999999999996
5.79569273862129,25.3042527728892,11.100000000000003
12.544232842130388,22.637366838728695,11.099999999999998
8.514918125696102,24.374861378747376,11.100000000000001
11.860206274978358,23.276277276413946,11.1
8.514918031062093,22.055115860472842,11.099999999999998
8.514917933511393,22.055115725471403,11.1
8.514917997863833,23.379094215643107,11.1
8.514918316203634,27.419427022209703,11.1
10.712859272911107,22.269736619758884,11.100000000000001
8.489421762646751,28.35146020711499,11.1
7.624991206084796,26.93703613365075,11.100000000000001
7.326252998668695,26.9228168145762,11.1
10.669447266268744,23.898958832995724,11.100000000000001
5.051531213990793,23.093067964733212,11.1
7.258246347666019,26.687601111560674,11.100000000000003
5.84959139525944,24.681880469027867,11.099999999999998
6.979283585662681,27.068933939821576,11.1
7.030540036780868,26.642156842565246,11.1
6.925667244580541,26.229831212331693,11.1
9.14694763404584,19.096994758985694,11.1
11.298517215034662,21.022938398544117,11.099999999999998
11.613949133456144,21.496862792156147,11.100000000000001
12.191195415807723,21.435388344790713,11.099999999999998
11.833899635796461,21.72317009294007,11.1
11.654059565853416,21.78012429522905,11.099999999999998
10.034642336477788,20.093281543352,11.100000000000001
6.735534232676866,16.690803306409645,11.1
8.514913626339863,16.690811954069012,11.099999999999998
7.1044347752355215,17.89208083095523,11.1
8.514916160167909,16.690808907623584,11.099999999999998
12.904457579183363,22.05511564016441,11.1
4.7373670244134285,21.25389248068796,11.100000000000001
4.864869963163834,22.938438171131782,11.1
6.499586724502506,25.218970141425824,11.099999999999998
4.535858077918922,20.86349657656994,11.099999999999998
6.830013346588266,25.849434796734265,11.1
4.913293753540226,22.284414606239643,11.1
12.104314160038784,20.433720936726864,11.100000000000001
9.893691345181999,18.81736237079929,11.100000000000001
8.329866338889778,17.60760279611839,11.1
10.810730115316717,18.45627164698841,11.1
12.90445706052265,22.05511504575304,11.099999999999996
11.923170013086544,20.026250877365804,11.1
7.413830840718311,17.267907695263,11.1
8.564521951209352,18.835158100559788,11.100000000000001
6.7095403473789865,16.690803434265177,11.1
7.385374558581507,17.094996462583968,11.099999999999998
6.715359457738524,16.69080340584057,11.100000000000001
7.463978633445699,17.49837327799761,11.100000000000001
4.125378412981033,16.690803651203446,11.100000000000001
5.826713365940155,17.557923269002792,11.1
6.936563283752192,19.72944461493329,11.100000000000003
4.5903616270689565,18.413813108147032,11.1
4.6602549130669715,21.502404439050977,11.099999999999998
6.176761262455504,23.148447639145907,11.099999999999998
6.544081298693106,16.88132337919012,11.099999999999998
7.103555021356336,16.96691869408259,11.1
10.645649793426408,17.277465903605776,11.099999999999998
10.826025717958625,16.69080327,11.099999999999998
7.916549995820512,17.69380477891898,11.100000000000001
6.686372406504016,16.690803272645216,11.099999999999996
6.799665892650458,16.69080327314987,11.1
7.86393597503179,16.690803270742407,11.100000000000001
8.254609926920562,16.690803270134307,11.100000000000003
7.419064705322239,16.69080327122803,11.100000000000001
7.043642320786262,16.690803307330388,11.1
7.42904792206141,16.69080327132662,11.1
6.533129405283992,16.72345158588689,11.099999999999998
7.107099457256271,16.69080327057964,11.100000000000003
6.477078029022178,16.71308894236848,11.099999999999996
6.98711370524337,16.690803270459504,11.099999999999996
7.081655799536828,16.690803271075033,11.099999999999998
6.664397626908039,16.69080327957096,11.1
8.58271678037021,16.690803269999996,11.1
6.3388331574214964,16.71908336792018,11.099999999999998
7.016968660287116,16.740080058737234,11.1
7.913557480910148,16.76456764080949,11.1
9.123075155201175,16.897291798862803,11.1
10.178835656819981,16.97492523650569,11.099999999999998
4.125378017265677,16.690803270979153,11.100000000000001
5.451954172729319,16.810163014248108,11.1
5.345577678659399,16.734871389822356,11.100000000000003
5.658420504255841,16.86029860458444,11.100000000000001
6.293943708551996,16.69080327488959,11.099999999999998
6.284168923423438,16.76441440193099,11.1
10.678064852409216,16.849171086854124,11.099999999999998
7.666795683950792,16.803598283470627,11.1
6.808356933977051,16.919061504015364,11.1
8.831469146847374,16.735063703160606,11.100000000000001
8.913166508099971,16.792353043636947,11.1
8.8187513410286,16.85908079751823,11.099999999999996
6.282231993751217,16.834571062195923,11.1
6.693670576759684,16.888026488632068,11.1
5.585203665336756,16.753398191755647,11.100000000000001
6.630796733254955,16.839556957554063,11.1
6.587836015052464,16.76835999142989,11.1
7.482272063817363,16.74284588176359,11.1
10.355287754603896,17.33689845251753,11.100000000000001
9.814512569240502,17.10307031471403,11.100000000000001
10.288429450396988,17.320417519541692,11.100000000000001
10.486269615929208,17.128040240194302,11.099999999999996
10.131344317986414,17.538857370965943,11.100000000000001
10.289114916353624,17.593449222445322,11.100000000000003
12.425868164309984,18.514149397285383,11.1
12.65536593202871,18.72197976480249,11.1
12.236970103351512,18.443248958994193,11.1
12.211465414110174,18.183879086533413,11.099999999999998
12.454604782654181,18.510738248360056,11.1
12.30398611949514,18.30097615565165,11.099999999999998
8.009993499068834,16.90100757291284,11.099999999999998
7.319366703651023,17.083910101023974,11.099999999999996
6.884341655294738,16.911489538276772,11.100000000000001
9.43092331765505,18.366733307091213,11.1
8.5149179738457,16.690803344471604,11.100000000000003
9.400882094693268,18.225930936565096,11.099999999999998
9.734210686436422,17.31130335488869,11.099999999999996
9.96656133033176,17.63816315401524,11.100000000000001
11.683041079690755,17.964438549437638,11.099999999999998
11.085861507719498,17.64503795860931,11.100000000000001
8.703419493114106,16.935815749659966,11.100000000000001
11.694151757118599,18.05435028734073,11.099999999999998
12.269809464991813,18.150929381266803,11.1
12.357847062956086,18.373306687868226,11.099999999999998
12.255629497766023,18.11119007752613,11.099999999999998
12.350712792359944,18.318171938125868,11.099999999999998
12.196685258539812,18.22810735890038,11.1
12.19295798695421,18.34248281179296,11.1
11.205624041776217,21.399511136798026,11.1
12.90445782891032,22.055115611195422,11.1
11.281110771557321,21.09264498101518,11.099999999999996
10.637416563018906,20.909409554079957,11.1
9.036846101630033,19.452361390878174,11.100000000000001
10.623227335673839,20.645705759857957,11.100000000000001
11.018801290351222,17.873148396175434,11.099999999999998
12.661676636571084,18.19846889577759,11.1
11.122821799799963,18.85097297130701,11.1
11.74304663162894,17.807646080152864,11.099999999999996
9.095221049185017,17.65802681818194,11.099999999999998
12.68386378951335,19.9104111300218,11.100000000000001
12.90445788,19.075135533031627,11.100000000000003
12.904457879999999,19.331972971757107,11.285546154800725
12.904457880000002,19.10819899727925,11.099999999999998
12.904457879999999,18.769554710688393,11.1
12.90445788,19.258679587404227,11.206431330781076
12.904457879999997,19.067144335197927,11.230255437925752
12.029404155098177,21.959092978288,11.1
12.495238069460957,21.940459361884166,11.099999999999998
10.360696179292631,21.129028670032454,11.100000000000001
12.718874775824911,22.04256071620056,11.1
12.62516141716,22.043155877086456,11.100000000000001
12.307057439061332,22.09156479417481,11.100000000000001
11.375451908090941,21.56101118875459,11.1
11.543146330300337,22.143884632872034,11.099999999999998
12.175254757743756,22.23247887614327,11.099999999999998
12.173673888209304,22.169889696341645,11.099999999999998
12.100594322087652,21.52195576931885,11.1
11.868193164198141,22.5855771134079,11.100000000000001
12.904457879999999,20.546862069167165,11.1
12.904457879999997,20.84574228482068,11.1
12.904457880000002,20.53597496590385,11.100000000000001
12.904457880000002,20.495666210130743,11.1
12.904457880000002,20.74805310475056,11.100000000000003
12.904457880000002,20.50249932151752,11.099999999999998
7.797783857181934,23.38614316603513,11.1
10.774561529670924,23.092020559656692,11.099999999999998
11.576880308287027,23.429984996892188,11.1
11.408786274810163,22.82374662362721,11.099999999999996
8.89540976959585,26.401271738688237,11.099999999999998
10.05137298958505,22.056452569789105,11.100000000000001
12.816406878586783,22.196294814274122,11.1
12.630664744070483,22.290207138305956,11.100000000000001
12.284480358469809,22.659306730711407,11.099999999999998
12.55490779201887,22.536281979955376,11.1
12.656181550134502,22.80055050290812,11.1
12.60040405478188,22.902722896167074,11.1
12.90445788,23.362002717425227,11.100000000000001
12.904457879999997,23.858127562026546,11.380556097241582
12.904457879999999,23.326722661093555,11.1
12.904457879999999,24.917207617731883,11.1
12.90445788,24.530723377204886,11.100000000000001
12.90445788,23.869235238194246,11.1
10.330625432662362,25.185642781914485,11.1
11.255213316062095,23.922794426771297,11.099999999999998
8.836092968175178,25.293240040964005,11.100000000000001
11.319084930078493,24.147268523159802,11.1
10.363037088234067,24.975386182863655,11.100000000000001
9.773797912631418,25.075168507283315,11.100000000000001
12.087088563586125,23.949154174125834,11.099999999999998
12.651513493404558,23.805046905890393,11.100000000000001
12.326784253529905,23.00428186096326,11.100000000000001
11.867651962626995,27.02114919146485,11.1
12.582908678901127,22.563762404832392,11.099999999999998
11.36231866063446,21.92329250162251,11.1
12.904457880000002,22.98066858069812,11.1
12.708768066344966,24.60696169845611,11.1
12.700614299682211,26.085591586927677,11.1
12.904457879999999,25.149519960035764,11.099999999999998
12.904457879999999,25.557832968666382,11.1
12.90445788,26.36100899442791,11.1
8.921759936642824,27.556652060622675,11.100000000000001
6.938505597340121,27.567602155547696,11.099999999999998
7.91514340438078,27.486074826070038,11.100000000000001
8.208593277845857,27.472620962192142,11.1
7.76874849548369,27.562143699201204,11.100000000000001
6.689548259066828,27.328608590604276,11.100000000000001
8.909665492019483,27.66786047506235,11.099999999999998
11.244430350466859,27.681958589856794,11.1
9.694787404830118,27.45502045214477,11.100000000000001
11.918580972296791,27.66715041830808,11.099999999999998
11.85087361954966,27.64377934628288,11.100000000000001
11.015613554892619,27.59901261300721,11.099999999999998
12.650544760524483,27.770056369474815,11.441777580309532
12.312016188543884,27.90807234767223,11.099999999999998
12.59566940240779,27.86403714837989,11.185860658605456
12.659018095199107,27.988495421135454,11.26711341180674
12.485670884430421,27.913978626118798,11.198498905282186
12.728945769229334,27.730639771868756,11.22897155147954
6.826143352349199,27.79758201140891,11.099999999999998
7.390274562656844,28.635997335585348,11.099999999999998
7.623057342292926,28.57219950097914,11.1
7.185997078340405,28.229212977532,11.099999999999998
6.391476841941523,27.996416619764272,11.099999999999996
6.922207083395209,27.88949808169257,11.100000000000001
11.637023258793848,28.134510695319225,11.1
12.303383127917611,28.382058769929323,11.099999999999998
12.289056127661505,27.999716689629636,11.1
12.141421014859903,28.189289141054367,11.099999999999998
12.056326903922843,28.026025808747164,11.099999999999996
10.750846286484496,28.364381848703594,11.099999999999998
12.706413615662415,28.134033147941793,11.239992637006033
12.904457879999999,27.92036034257314,11.270394371526914
12.904457880000006,28.11601893447264,11.69060456833254
12.904457880000002,27.65910615817662,11.302488184780055
12.90445788,28.0256360194393,11.52539829941147
12.904457880000002,27.255377505500842,11.33549954648633
12.436386352244119,27.474503669280764,18.13724491273013
11.419499294999692,28.732302719503306,17.64878517831079
12.90445785631428,27.455471339348986,18.350835870369547
12.904455046122617,29.207531072942853,11.1000188431838
12.49062312485022,28.620915306657007,16.563563045196197
12.904457545762117,29.207531537915866,11.100003599116867
4.125377907265459,29.207532018385628,18.499999999999993
4.12537790182156,29.207532019654618,18.499999999913854
4.125377921089556,29.207532014241043,18.499999999999993
7.416137071025194,29.2075320188204,18.499999999171227
4.125377911051873,29.207532017336106,18.5
4.125377905906984,29.20753201933304,18.49999999973439
4.125378453461778,29.207531760848504,18.499999999999996
6.531996329005435,28.2271823404126,18.49999995346257
7.127133936257654,27.959825191957542,18.413985397881877
6.322440151023305,28.079152088397407,18.499999999999996
6.492011491520531,28.052765081116842,18.499999999999996
5.891877485873219,27.6415118947405,18.499999999999996
12.904456897051052,25.631323123683156,18.500000000000004
12.904457874965024,27.471179181069058,18.285829465219958
12.904457854313558,27.419427928974397,18.49999999052987
12.88605326155943,27.85902364513827,11.141957289548735
12.904457866436008,27.851765798817485,11.100000061797228
12.587761302483113,28.496163333642745,12.934733087819115
4.12537792477289,29.20753201206002,18.499999999999996
4.125377978392005,29.20753198766827,18.500000000000007
4.125377960409602,29.207531998669207,18.500000000000004
6.114558749304497,28.34210322656148,18.500000000000004
6.305983517307643,28.21400521258248,18.500000000000004
6.567341198496209,27.426370800183054,18.500000000000004
6.3583969962842355,26.930777058798604,18.5
4.844033302489648,25.373635017700092,18.499999999999996
4.731776070271126,25.24970390595188,18.5
4.8484796708985245,25.374668794902245,18.500000000000004
6.083186798261425,27.511436436952554,18.499999999999993
7.305127857021463,26.742129694012213,18.499999999999993
11.910080710462218,23.64969533988542,18.500000000000004
11.871146342426911,23.644182264848205,18.5
10.674879621063877,23.349171837360064,18.5
12.380786696499927,23.56391761777763,18.499999999999993
11.24986077432356,23.151084926342175,18.500000000000004
11.407781920135355,23.227152626129016,18.5
5.885237591508801,27.638822565592353,18.500000000000004
5.26523703535299,27.51161208756663,18.5
5.593320624409941,27.462822892228413,18.5
5.591343814180631,27.538936585241512,18.500000000000004
7.071673191170923,25.652282509453098,18.5
5.994058643577612,27.37064604440163,18.5
5.811990600183938,27.10530935582467,18.5
7.226388249577566,24.054358814168705,18.500000000000007
6.368100664115442,25.53583379166594,18.5
6.3248067477485606,27.03821106550363,18.5
7.051738494898177,23.54520192742584,18.5
6.564010919301627,23.64454180482058,18.499999999999996
10.552350060936618,23.102197579622086,18.5
12.707054697916794,25.231960424343733,18.500000000000007
12.904457745840869,23.843219778345144,18.499999999999996
9.523433145269596,23.341920512724535,18.499999999999996
12.904457648954875,23.84321969834895,18.500000000000007
11.6163538851123,23.396000493057606,18.5
9.002568070285283,23.147831707106107,18.500000000000007
8.370151038812871,25.556490234314186,18.500000000000004
7.972720082210152,22.833882173411425,18.5
8.977616739224256,23.1386539285111,18.5
9.490353808022405,22.551943888132048,18.500000000000004
10.6892944623883,23.95425369102535,18.500000000000007
6.095067641565123,21.374814074558557,18.5
7.5394505392521225,23.942562653847006,18.5
6.80787718997395,23.445862221525573,18.500000000000004
4.139075554119099,24.768849971578636,18.499999999999996
5.946498912091223,23.521503930575584,18.5
4.125379113136937,29.207530005268673,18.500000000000004
10.873585921950337,22.93655419588089,18.499999999999996
10.358244999252115,23.51207037113991,18.5
10.484020543049152,23.329881926190346,18.500000000000004
9.509089487950833,21.044632581893218,18.499999999999993
11.588769919062015,23.19038426696722,18.499999999999996
9.279885808556713,21.84830660894389,18.5
7.4982448417174545,22.026728650432137,18.499999999999996
7.492862068140859,22.35337087678133,18.5
7.287161946720118,22.26604584971023,18.499999999999996
7.75590722321291,22.546252731797406,18.5
9.455586219560043,23.00567202195535,18.5
8.493176528868922,25.523139154988236,18.499999999999996
7.109566191395076,23.532278701361708,18.500000000000004
8.479246759979139,20.42266453974024,18.50000000000001
5.660033375276892,23.059304610624338,18.5
5.483426980257415,23.070357778269443,18.500000000000004
7.251011768119882,21.6858310241417,18.5
7.783309180646965,22.253782717601045,18.499999999999996
9.95983464193172,21.660391914573164,18.500000000000004
11.207680600168256,22.30060311655596,18.500000000000004
10.55645152763851,21.789165645815867,18.5
11.682741197522349,19.279957868961613,18.5
12.48698013822896,19.88998378228451,18.500000000000004
12.391275228027451,20.726004011907595,18.5
8.35573177495106,20.302701188146138,18.499999999999996
8.171589475752493,19.40177959099919,18.500000000000007
5.903129876712853,18.81865742006266,18.499999999999996
8.483652894936569,19.568217819080335,18.499999999999996
8.840719523855796,22.533434717539976,18.5
8.15399656705364,19.31096166684091,18.5
5.937117492809652,17.959794739265224,18.500000000000004
5.288297821406164,17.754954614812398,18.5
5.7818146746630275,18.484056635974266,18.500000000000004
4.125378044594344,16.690803381156357,18.499999999999996
5.258382145320632,17.58501231186529,18.499999999999996
4.125377942785717,16.69080332227798,18.499999999999996
11.443969956817462,17.326257479811016,18.5
10.896711305297814,18.127955300054218,18.5
11.203954565388003,18.259109970044204,18.5
11.584763376304593,19.75526875711251,18.5
8.820227231210357,17.305631495406736,18.500000000000007
10.580312976065585,18.681444963432718,18.500000000000004
8.147036270885504,16.73334957282973,18.500000000000004
6.7142855873873994,17.53380333354091,18.5
7.765579570216905,17.474822248061447,18.499999999999996
8.143694564809506,17.671468455357118,18.500000000000004
7.379853952724272,18.505521327891255,18.499999999999996
7.2686781491099826,18.41812652214694,18.499999999999996
8.52978042642282,21.21282655039983,18.500000000000004
6.842739971345258,20.267051486159776,18.499999999999996
6.544089863173999,17.516241066561616,18.5
6.664632231431809,17.08929827611858,18.500000000000004
6.291660105047691,17.37918935718464,18.5
6.132532868948275,17.248225953582295,18.500000000000004
5.666306726125962,16.758103585974773,18.499999999999996
4.125377925923475,16.69080328224463,18.499999999999996
5.076421369289537,16.852369769411144,18.49999999999999
5.056583059507149,16.891163297638624,18.5
7.360643780590079,17.494812623209572,18.5
4.125378130528832,16.6908033406936,18.499999999999996
7.797849637091244,16.783536191661923,18.499999999999996
8.370846728477806,16.713085625752093,18.5
8.140857313382941,16.74507408191222,18.5
8.253664200790109,16.713543122010115,18.5
7.007128513825481,16.744092906669746,18.500000000000004
8.298536873200838,16.713857379167276,18.5
5.546409987840482,16.798195110120897,18.49999999999999
6.8063474435194005,17.269474926612983,18.500000000000004
4.125377978569301,16.69080328179156,18.499999999999993
4.54967556400117,16.719707432884427,18.499999999999996
7.230687771993688,17.067623849427168,18.500000000000004
4.125377909732136,16.69080327082398,18.5
4.328545731254848,16.732319243690693,18.500000000000004
4.820515041143418,16.769851509441775,18.5
4.4208877178391095,16.726313968313153,18.5
4.346503416668897,16.707919724453816,18.5
6.535579650819583,17.599934401122916,18.500000000000004
5.594879503908194,17.155550473785432,18.500000000000004
6.8351279069576405,16.841764954253915,18.500000000000004
11.212419881827959,17.450865842629973,18.500000000000004
10.227126606677862,17.37430212957403,18.499999999999996
9.586563128843004,18.120689436941408,18.5
12.046981862373741,18.930719377375123,18.5
10.238534368901725,18.304759064785173,18.499999999999996
12.499994934166875,18.668495474070344,18.500000000000004
12.331700960128922,18.24079407879154,18.5
12.672001411757257,18.504810925320466,18.500000000000004
12.704195544816464,18.422372873369874,18.500000000000004
12.56989103217075,18.299441229610622,18.5
12.904457879999997,18.98389076725324,18.5
8.992057194721314,19.08145122129336,18.5
11.350856375673034,18.89473194066775,18.499999999999996
8.596109283925678,20.933039133585325,18.5
8.439830720926095,18.17886028181679,18.5
7.464313872319814,17.890409765063925,18.499999999999996
5.52815131553198,17.316754252897802,18.5
10.895849797925013,19.853903307578666,18.5
10.73007536964767,19.133406452916383,18.499999999999996
11.32434807094367,19.15069276482853,18.5
10.006753126332137,19.338205156815732,18.500000000000004
12.60802848013662,18.896057632384633,18.499999999999996
11.606052524943701,18.251199591543475,18.5
12.548151566322444,19.74895737725219,18.500000000000004
12.90445788,19.23743815466498,18.5
12.661082566742555,19.68944335011835,18.499999999999996
12.699546217188544,19.49669314567122,18.5
12.766040664874529,19.4647316169595,18.499999999999996
12.904457880000002,19.148357308142135,18.499999999999996
10.136085219490047,21.978154361200712,18.500000000000004
6.350191223336973,18.350996608961726,18.5
5.904580485771678,17.954142890251678,18.5
6.94944231215198,18.740891237336243,18.500000000000004
6.179132711057533,17.371157244816246,18.499999999999996
6.516731176827998,18.841885685150725,18.500000000000004
12.505820655958178,20.534899945128043,18.500000000000007
9.975598232527455,22.07644887682917,18.499999999999996
11.584314174848302,21.825712619870895,18.5
10.820269251493256,22.033904278380746,18.5
9.629992929855945,22.303067591681522,18.5
12.750583618492149,19.61670937550181,18.500000000000004
12.90445788,18.921823508642603,18.5
12.606048494337339,18.61272340344953,18.500000000000004
12.389037539642342,18.348765612543126,18.5
12.90445788,18.851787485779724,18.5
12.904457879999997,18.80599691248674,18.5
12.744544996589863,18.645232911405568,18.5
9.372488510646978,23.376456472651892,18.5
10.504026504779546,23.325830000508738,18.499999999999996
9.399873063703334,22.88407372920927,18.5
9.630975503371607,22.748479763249662,18.499999999999996
9.170337369023258,22.917214797940645,18.5
10.30142802510384,23.25583406771309,18.500000000000007
9.927811638711585,22.269266091079942,18.499999999999996
9.981176900128286,21.6621346193337,18.5
11.208002347865865,21.93785920059221,18.500000000000004
10.942628788359565,22.1295927961677,18.499999999999996
10.227640202150504,22.144801345553955,18.500000000000004
10.138195091493364,22.169617173997228,18.5
12.90445788,20.678029175355526,17.49218947391061
12.904457879999999,19.25466242882545,18.5
12.90445788,19.17459346295078,18.5
12.90445788,19.144031342607676,18.255317792465217
12.90445788,19.10806410319066,18.241683923147747
12.732900589198547,19.429039001158557,18.500000000000007
11.319159668551297,23.659042205721853,18.5
10.600051416406137,23.727666210204664,18.5
10.354023473907203,23.91898835452235,18.499999999999996
10.853474244529739,24.01947840819764,18.499999999999993
10.581867070196717,23.76475268953719,18.5
11.785745961867338,23.777908020850624,18.499999999999996
10.923189168995261,23.424194229738834,18.5
11.339604703617868,23.976453316450097,18.5
10.400642135122338,22.385411878073267,18.5
10.697965340107919,23.39022134408186,18.500000000000004
10.885337728416616,23.228814885123697,18.499999999999996
10.104570482287569,22.331062577235333,18.500000000000004
12.90445788,21.54114537471084,17.69323181902478
12.904457879999999,22.02125086086172,18.10083800331837
12.667816223842452,23.09414125704886,17.70516936600641
12.703293818833334,23.531890250065018,16.86330693805013
12.695285543297992,22.90707121243872,17.659135082956205
12.700741727793181,22.634148151892436,18.14138969142483
9.27517106474841,22.61774398402163,18.5
8.402197432692889,22.88787553783997,18.5
10.43713792396774,23.054559966270492,18.5
8.822060277978215,22.490572125597826,18.499999999999996
9.750877186244285,23.01506413967681,18.5
9.48563597598052,22.268801189214543,18.499999999999996
11.240878207824798,23.71165558125868,18.5
11.174169357809093,23.645851370289705,18.500000000000007
10.832452779196434,23.464153029405274,18.500000000000004
9.455177828866262,24.223149312688534,18.500000000000007
10.812826913991701,23.908391509931906,18.500000000000007
9.50687404963245,23.912925917301177,18.5
12.90445788,25.731576862221626,17.307377460814234
12.681379965902302,24.99484252651958,17.59540636878573
12.90445788,25.359126563367294,17.540589271479746
12.904457879999999,23.935266008551356,17.470635130206272
12.904457879999999,27.15178220184912,16.963667812346564
12.904457880000002,24.417321245110568,17.51488784903482
7.50607414117616,28.940651779024364,17.190729677405727
6.120943162347572,28.780497974436376,18.499999999999996
6.6390183146690545,28.863645442022865,17.974205598982472
6.108125198627521,28.540975644570118,18.500000000000004
7.6149560362517565,28.880264993009465,17.05570009493907
10.193164680897683,28.8067228181338,14.979229270691325
12.554189792620173,27.965861375067202,15.32177858151187
12.904457879999999,27.573105752478906,15.600094764980826
12.108220210017553,28.12622315161689,14.620347588036656
12.706864012289397,28.04919424851071,15.807310338056602
12.90445788,28.239704220449237,13.539799950989504
12.267438914494113,28.433711102202157,14.666283793411717
12.904457880000002,28.4228841392511,13.066305929365257
12.90445788,27.663088690187713,16.449903973000268
12.904457880000004,26.98057969845758,15.710359795690888
12.90445788,27.459832803334216,15.231098870439501
12.904457879999999,28.162659029445013,14.636621093331678
12.90445788,28.018420797945733,15.811999515208328
8.093025904981099,28.835848237877624,16.37843454541679
7.21740306850486,29.05351208890265,17.7294187824344
6.904328987908706,29.03910712003327,17.841245476244957
7.031186027658302,28.95912369404921,17.375658505080793
7.273878203340587,29.051936069738662,17.499479914596794
7.678487377306458,28.935820523273428,17.612697111719264
12.754135518592838,27.482759311775748,13.301344396448988
12.754594401826553,28.308948883270173,13.185401000950772
12.904457880000002,28.03469462694545,13.486431828440415
12.904457880000002,28.56500510790062,12.990531618505585
12.821752541914238,28.399256575816906,12.523748451842648
12.674752765218292,28.197985839951325,12.961688725916888
12.904457880000002,28.009925777145025,14.86435317659983
12.90445788,27.991715437761272,14.59898800275246
12.904457879999999,28.141836215139847,15.193178817368366
12.904457880000002,27.977896816468704,15.044885023151602
12.904457880000002,28.114242286351914,14.581986655480987
12.904457879999999,28.316634143711916,15.527319636391097
11.172392675133889,27.382575725407737,11.100000000000001
12.439760227028545,26.412889376513625,11.099999999999998
12.810778649484918,26.59916743725349,11.100000000000003
12.904457879999999,27.178956572526914,11.100000000000001
12.773103193115311,26.82016824496939,11.100000000000001
12.696901041355735,27.784327289597773,11.1
4.125377984287958,29.207532006302227,11.100000000000003
5.068410002693506,28.929721935505583,11.099999999999996
5.832451670416385,28.85729356578573,11.100000000000001
5.665356797317303,28.869826299658463,11.1
7.811601233264538,28.921031959153026,11.100000000000001
4.125378202483246,27.419428005171262,11.100000000000001
6.747270047725043,27.694836934820437,11.099999999999998
7.181893247751972,28.028666387725295,11.1
8.282166126130186,28.904352241472115,11.1
7.183502120446905,28.02082773093336,11.1
4.125378148256565,29.207531857444636,11.1
7.077013412502984,27.95923802442879,11.100000000000001
12.782147200890686,26.782425098415388,11.100000000000001
12.697301488046483,27.40726323834472,11.1
12.806495370765687,25.928595831655795,11.100000000000001
12.7945729171296,27.25748935464462,11.099999999999998
12.747942335421552,27.18686814293246,11.1
12.584065896639268,27.101179310254413,11.1
6.065139524864915,28.558081682610883,11.099999999999998
9.514628836698348,26.51596737417172,11.100000000000001
8.266609957546303,28.364054391643432,11.099999999999996
6.028349849657642,26.40651027807926,11.100000000000003
5.919117169099429,28.079728193641255,11.099999999999998
4.125377988970602,25.99316653773965,11.100000000000003
7.047123526534875,27.85074414867901,11.1
7.692515217473348,28.013856700025098,11.1
8.245051613726798,27.941694264132053,11.1
8.514917889766608,27.49507635720214,11.100000000000001
6.625877803758218,27.607876848453,11.1
7.954901633615051,28.106787169889756,11.1
12.734628215324195,27.255127592333512,11.099999999999998
12.77923337671514,26.681947191931044,11.100000000000001
12.57438640852265,27.495243716795475,11.1
12.762306795839997,24.195741866182754,11.099999999999994
12.904457879999999,24.107981207328454,11.099999999999998
12.798380087441098,26.48181725679408,11.099999999999996
4.125378300115581,27.419428014356534,11.099999999999998
8.475656304922738,25.026316330023047,11.1
7.366159921619649,27.394086502508568,11.1
4.125378911246558,27.419427763699122,11.099999999999998
6.320560343773197,27.512785350020504,11.099999999999998
4.125378023452263,27.41942794089153,11.1
4.125378268601342,20.52330132319205,11.100000000000003
7.20125761810266,29.207531034649392,11.1
8.514917049627886,29.207530518815116,11.099999999999996
7.084241417997746,29.20752743265887,11.099999999999998
8.51491662955888,29.207530409717428,11.100000000000001
7.191385411317432,29.207531957166985,11.099999999999998
12.869349246241782,23.807448742291562,11.1
12.894800004955373,23.25885264874224,11.1
12.904457879234664,22.05511562058499,11.100000000000003
12.904457878753437,22.055115647151847,11.099999999999998
12.904457879999997,22.83024074050257,11.100000000000001
12.844535449935908,23.256669379099883,11.099999999999996
9.279880489801098,20.958817873006815,11.1
7.813304726625572,25.860724261780202,11.100000000000001
8.171255207951964,24.937546015280308,11.100000000000001
7.470363925458889,22.76190568379006,11.1
10.206269347754144,23.773002725582998,11.099999999999996
7.792612697233791,27.58854313837435,11.1
5.64450829831003,23.19421683079081,11.100000000000003
6.170730836611601,25.30634572345702,11.100000000000001
6.472440384278321,24.55883158071201,11.100000000000001
8.51491787603572,27.753621169176174,11.100000000000003
4.12537799033464,20.1151832285328,11.100000000000001
8.349939891558696,27.62236801934839,11.1
12.90445788,22.164184094109945,11.1
12.904457874265917,22.055115584558582,11.100000000000001
12.904457879999999,21.57652227958219,11.1
12.76453480359891,21.391777425868682,11.1
12.531312379840177,21.155035971857167,11.1
12.904457880000002,21.284620221158335,11.1
6.267622295376175,17.766470588205358,11.099999999999998
6.739383767286315,20.31333402827177,11.099999999999998
7.7504858495346864,18.852447799338655,11.1
8.31885016744464,18.99267493255851,11.1
8.249647080110638,18.943967959578984,11.1
8.308887579162285,18.99766536895583,11.099999999999996
4.125377939290991,20.40245517806136,11.099999999999998
6.665763140076148,17.754837021911246,11.100000000000003
5.120752527393541,21.3239424285141,11.099999999999998
5.803359023794821,18.407986854204008,11.1
5.662298343647995,21.250400061928307,11.100000000000003
7.418379876318078,20.4484334527544,11.1
12.788578438099332,21.751993135500182,11.100000000000001
12.904457597687786,22.05511530275545,11.099999999999998
11.200595765916525,20.14623512613088,11.1
12.42814014818518,20.25761507971418,11.100000000000001
12.666354416612098,20.62558765768797,11.1
10.283061343911843,19.907141158359057,11.099999999999998
5.402356951789127,19.304082595444417,11.1
6.622406247919638,16.69080332907812,11.1
7.348430441973018,17.692088053971954,11.100000000000001
6.692229170178802,16.69080329415549,11.1
6.7528989565899815,16.690803288680723,11.099999999999998
8.020997724373123,17.862897616580465,11.1
8.51491759438372,16.690803304626073,11.1
8.514917788042466,16.690803305206675,11.100000000000001
7.9368726728601215,16.69080327874321,11.099999999999998
7.126490421818626,16.690805264537104,11.1
8.447381748138111,19.560468986592632,11.100000000000001
8.514917668370424,16.69080330015656,11.099999999999998
9.620318915633298,17.967926965912802,11.099999999999996
11.899468856771575,18.047580317817626,11.1
11.767554908966966,17.991091675003922,11.100000000000001
11.140741785252605,17.583866554726647,11.100000000000003
11.662965428874328,17.634622659225727,11.1
10.656417823613221,17.870116841846407,11.1
6.706546375336699,16.690803274320448,11.099999999999996
6.996435318022189,16.69080327090055,11.100000000000003
6.936127125156129,16.690803271220865,11.099999999999996
6.907457150333226,16.690803270755783,11.1
6.6161822647468105,16.690803271813298,11.100000000000001
6.752775689790315,16.690803271697437,11.100000000000001
8.514917734994908,16.690803309603112,11.099999999999998
7.107049018585426,16.69080327171856,11.1
7.161810989603443,16.690803270851465,11.100000000000001
8.477815305024517,18.487968433084625,11.100000000000001
6.164378346236847,18.57446343831845,11.1
6.485092463099895,16.69080327082472,11.099999999999996
12.904457786185866,16.69080333090985,11.099999999999998
10.781863489371089,17.098487065064685,11.1
10.688461189448976,17.15213527148403,11.099999999999998
11.584771637864602,17.473305241869753,11.100000000000001
10.040520337519789,17.182244008485572,11.1
9.322995317397,16.972494035937913,11.1
6.180890345850232,16.734719573697692,11.100000000000001
6.947595049894695,16.759833703593134,11.1
6.521689978236238,16.72513792721186,11.100000000000001
6.770528634529952,16.789003440590104,11.1
4.904409334315881,16.72099591659201,11.1
5.757923501588554,16.760159252524492,11.099999999999996
6.013517135641753,17.22628379317137,11.100000000000003
7.189975031488852,17.016292683927126,11.1
8.51491784413721,16.690803275597887,11.099999999999998
6.994480965744731,16.85349801213823,11.1
6.600472307192136,16.69080327,11.099999999999998
5.929524728483909,16.83102581223068,11.1
6.669436365779462,16.70323171856248,11.1
5.879728108247786,16.729313809350025,11.100000000000001
6.3963133540973836,16.690803269999996,11.099999999999998
5.952187916911999,16.766363968675,11.099999999999998
6.32714138740356,16.726632811099552,11.1
5.504966772922131,16.70980179018325,11.100000000000001
10.22210414868268,16.953330888063785,11.1
9.52759509906052,16.99978200940454,11.1
10.459509902469442,17.098908613226435,11.1
9.585095269146395,16.92897746112525,11.099999999999998
8.367463098517865,16.690803270000004,11.1
9.079200471065418,16.833921286533847,11.1
12.681304321936757,18.04615246477385,11.100000000000001
12.421603253173892,18.52774553313572,11.1
12.630783729310837,18.899722348929213,11.099999999999998
12.516984710588707,18.92280799053252,11.100000000000001
12.73255729458371,19.15452534402775,11.100000000000001
12.766941633378055,18.8311070064592,11.1
4.125377917683115,16.69080327111101,11.099999999999996
5.705586645204433,16.85349229325544,11.099999999999998
5.4750735501122865,16.77157397845225,11.099999999999998
5.557345766428987,16.88965812834191,11.1
5.899816981689491,16.88570314710437,11.099999999999998
6.011381210002578,17.109283516616237,11.1
7.947418624629604,16.69080327,11.100000000000001
11.4599347429881,18.100371064781157,11.1
8.485859945504373,17.194972155336075,11.099999999999998
9.960360487901779,17.268805029352848,11.1
11.445947027876436,17.517723640517367,11.100000000000001
10.710881990174416,17.626067072172756,11.099999999999996
12.570847369683976,19.225364951653305,11.1
12.378183699437697,18.872017483542916,11.099999999999998
12.336829304806228,18.37350708421886,11.099999999999998
12.520375532922166,18.943170322811085,11.100000000000001
11.766679897843826,17.993094959720406,11.099999999999998
12.504517942156658,18.73729232857586,11.1
6.788480563010809,17.40236251447329,11.099999999999996
7.191824134608117,17.052247246122864,11.100000000000001
5.940595810620215,16.885423131870425,11.100000000000001
7.83671702346136,18.088501760163975,11.100000000000001
6.452703609218015,17.14654836696874,11.1
7.063026068991827,17.276890502667964,11.1
8.909054468640363,17.174876909079153,11.100000000000001
10.617268601884362,18.49982633381472,11.1
9.238306950890546,17.82682415896511,11.100000000000001
8.855938480035555,17.84068512139946,11.099999999999996
9.569977814352718,18.13506349089913,11.1
9.804594399227913,18.109436777725126,11.1
12.753733517883365,19.326008768525515,11.1
12.558402596663793,19.524592167841124,11.099999999999998
11.657591608283084,18.447174395415804,11.1
12.904457879999999,19.714800929351238,11.1
12.526577806945077,19.160942256587397,11.1
12.627928769747298,19.483612682759524,11.100000000000001
11.744452815390567,22.71177231530876,11.100000000000001
11.247417153665733,22.04586600276943,11.099999999999996
8.420402736460366,18.491116087312065,11.099999999999996
10.447667430201285,20.655127896072223,11.100000000000003
10.70328483721487,20.773020441945583,11.100000000000001
11.52518471377202,23.033893302068595,11.100000000000001
11.032108958952584,20.85340719530204,11.099999999999998
12.55881951321333,21.66184414064574,11.099999999999996
12.216403968996694,21.09655823088093,11.1
11.83918109279355,21.050044872270185,11.1
12.303744862471879,20.834525644561527,11.099999999999996
11.935966304684305,20.862512017485876,11.1
12.904457880000004,19.959617844478846,11.911591289088117
12.904457879999997,20.494901755773878,11.1
12.90445788,21.365512735182104,11.1
12.904457880000002,20.678447410634668,12.229727103417144
12.904457880000002,20.62107612771474,11.100000000000001
12.904457880000002,20.703463611966143,13.432256984663018
11.612048582302556,22.603046520287222,11.099999999999994
12.177155905216878,22.958542948946253,11.1
11.437493995627328,21.803943408803832,11.099999999999998
11.396412204625403,22.854196730904278,11.099999999999996
10.844880412010838,23.47536774992254,11.1
10.040878913514296,24.036596277483884,11.1
12.904457867109945,22.40125815115766,11.099999999999998
12.585521971930987,23.130200233711957,11.1
12.750028167632273,23.306544569279694,11.100000000000001
11.559555612031243,22.10257586192474,11.100000000000001
12.441915036157273,22.78376731352528,11.100000000000001
12.798427916105554,23.372607313104577,11.1
12.904457880000002,21.35687034722391,13.565502823356502
12.90445788,22.674005888063295,12.15745276324454
12.904457879999997,22.0892956643382,13.452949376755893
12.904457879999999,23.367297524149432,13.950658407667301
12.90445788,25.020388160298182,11.100000000000001
12.904457880000002,22.590028598662858,11.100000000000003
11.382186915586017,23.516426718056913,11.099999999999998
10.198548210248267,24.935633187335572,11.1
11.101324480842075,24.619664018886283,11.100000000000001
10.981574856367063,24.054512782517406,11.100000000000001
10.792169550041248,25.088890858947746,11.099999999999996
11.11994680963275,24.86870754486686,11.1
11.868480340331823,26.68591673324749,11.1
12.502843136525879,23.386560838901573,11.099999999999996
12.440004668042244,24.29114739261863,11.099999999999998
12.008286321917486,26.216660356377396,11.100000000000001
12.323303633028093,24.13747217746061,11.1
12.60003617220618,25.90934130807707,11.099999999999998
12.90445788,25.458629368812993,12.191985281370577
12.904457880000002,25.452146574914586,12.626996172250639
12.90445788,25.742933833158446,12.58040318024036
12.904457880000002,25.857705196162758,12.272590653846928
12.90445788,27.42629198808211,12.748331931733402
12.747815650469,27.757248429713144,12.334645913944023
8.079254490729776,27.403757251666082,11.099999999999998
8.401105904308777,27.452118517402447,11.100000000000001
8.488345191452712,27.413931978560083,11.099999999999998
7.921098977025934,27.41081594343822,11.099999999999996
8.548241059823189,27.32536275426263,11.100000000000003
8.381300098412872,27.382992892114604,11.099999999999996
8.514918038956457,27.419427921248825,11.1
11.20095081681873,27.655094031093633,11.099999999999998
11.299134820571869,27.686675324245847,11.099999999999998
10.940447804899907,27.828730462401992,11.100000000000001
11.212112495896596,27.692093839037174,11.1
11.921652148023492,27.679826638067095,11.1
12.51470299289112,27.68068616114478,11.332863749654038
12.630260909621734,27.73139343142355,11.338744741146575
12.904457880000002,27.698810196789726,12.280320996563908
12.525167909566218,27.605210322281604,11.346441258244447
12.603505936420053,27.61413649250012,11.1
12.562363528662782,27.493009411191178,11.099999999999998
8.79005665667032,27.610594128386584,11.1
7.393422429140073,28.230961870621307,11.1
9.394945789577422,27.80761056883329,11.1
8.569196050391644,27.778694391252206,11.100000000000001
9.628317265409398,28.214812657371045,11.1
10.863328805943869,27.939993255542543,11.100000000000001
12.422698544015839,27.692353093649718,11.1
12.55629455542662,27.662964560641928,11.099999999999998
12.382238373544299,27.934083149897436,11.1
12.5257449103606,27.70795486816304,11.1
12.075786332865503,27.84085628681055,11.1
12.338102409098767,27.747563303308986,11.1
12.904457879999999,27.784354206899224,11.799575377630859
12.904457879999997,27.667261670686184,11.519441776308241
12.904457880000002,28.054882616016577,12.065389452413765
12.904457879999997,27.611916375028017,11.8739000860387
12.90445788,27.6212863907437,11.512274054415485
12.90445788,28.0728192865755,12.144894900284827
12.369105576859587,26.693473370689304,16.806061779885372
12.558707065215069,27.215954794854575,13.785353453873372
12.674168973920667,27.52189912298072,13.820578317275688
12.904457880000002,28.264873907496046,14.214316581366536
12.705930044687781,28.246553547054784,12.862422852428331
12.76798852939168,28.509017463177575,14.179573538243867
6.301286025171862,28.968873867119513,18.040417337270604
10.589702020155727,28.703881216783103,14.472510904895096
6.80666587912072,29.097229892444755,18.069082903572333
6.133020290987112,28.97858543880083,18.085251499322897
6.077973124273888,28.91077397910458,17.75120244252401
5.9853948372772425,28.907124640050814,17.92830535606806
6.908083835843226,29.207532019599963,18.499999998748816
6.573545116882691,29.051659701539926,18.158624711373985
7.423071851712908,28.7479497632985,17.876589421637224
5.5129628070715615,29.09198676963278,18.27100899215343
5.847217359854409,29.171829596220476,18.383434478675586
6.141796380835639,28.897780536804937,18.137419243145427
12.70685969827473,27.447908321612267,15.787566285238196
12.904457879999999,28.15197946774207,15.892042753048031
12.904457879999999,28.3474980528339,15.913014436668941
12.904457879999999,27.288954944551072,15.59528055733991
12.904457879999999,28.224119309842443,15.47992605982861
12.904457879999999,27.20924392757591,15.692537522083597
6.625545967186467,27.72574838758197,18.500000000000004
5.255903836644697,28.116826275187805,18.499999999999996
5.686255485983237,28.378777151189546,18.499999999999996
5.270843858512499,28.101851886244383,18.500000000000004
8.610827508216891,25.712311201619066,18.499999999999996
9.76590528140173,26.005748286982477,18.5
4.45425863478891,29.180153853434376,18.479682527449537
4.702257424140157,28.937937710993474,18.500000000000004
6.597998460355607,29.144232565495,17.894364098702777
4.12537790544084,29.207532017802844,18.500000000000004
4.1253779167158875,29.207532017411392,18.499999997044302
5.671534829242494,28.29151083841945,18.5
12.564193792808224,25.678240912721538,18.20782830379232
12.73639299418704,25.51929823733756,18.232845303010205
12.663029014059733,25.187806684377392,18.499999999999993
11.060726609240751,23.626681290925927,18.5
10.711560896576168,23.312852443175757,18.500000000000004
10.20889569926712,23.101331490676372,18.500000000000004
8.027170885752252,24.43925493472801,18.5
7.3290117414689195,24.951313130665667,18.5
5.972601397140018,27.3189529699517,18.500000000000004
5.02192048834577,26.728389160418427,18.500000000000004
6.59119139618338,26.132175601649333,18.5
5.677504184385546,26.52042163318344,18.5
6.464271384042305,27.807619047172174,18.499999999999996
6.595200859513456,27.693093714941252,18.5
6.264013606940246,27.950447640510106,18.5
6.122318076015162,27.768065270431983,18.499999999999996
5.8612866154530625,27.73790894270783,18.5
6.366050680354253,26.519744082594972,18.499999999999996
11.092386492266382,23.48043260072806,18.499999999999996
12.481192870498155,24.672025199210548,18.5
11.859092292292896,23.664487109751313,18.5
11.748080463126113,23.490699325724076,18.500000000000004
11.058062287396405,23.396102268750735,18.5
11.489832721047646,24.23818050580291,18.5
8.04829988768425,21.60361131624818,18.499999999999996
10.085859122122617,23.190311556033137,18.500000000000007
10.400971946270447,23.27407758857298,18.5
8.514828122902356,22.551767254875195,18.5
8.514866855808616,22.55177638372441,18.5
11.109331355536433,24.443010455635026,18.500000000000004
8.758783747728137,24.53860061223776,18.500000000000004
9.49034711393237,23.54525966834534,18.5
7.783269635069894,24.141273088757394,18.500000000000004
8.271033512194327,24.141238579472628,18.5
9.223703286144023,21.974120109430597,18.500000000000007
7.295602578995566,24.439254586123297,18.5
12.2095030325962,20.015268998357268,18.499999999999993
10.136006606131165,20.83670706843279,18.499999999999996
12.904457839390965,23.84321965515573,18.499999999999996
10.623222554107288,21.061215577026985,18.5
12.904457636777034,25.631323424996598,18.499999999999996
12.145313146563822,24.457631167030847,18.50000000000001
9.133746575000561,20.7550403324226,18.500000000000004
6.2289520431348535,23.505079649745966,18.5
7.8024024038201025,23.41588473667922,18.5
6.139740728435905,23.370635195104164,18.499999999999996
7.029149710260351,22.317280762938367,18.500000000000004
7.740111368348225,23.06081549291306,18.5
5.54245561402293,19.11250218551096,18.500000000000004
7.29022992369204,19.48093173039498,18.5
7.761743223772601,21.015596415932354,18.5
8.514917861885234,25.63132368974438,18.499999999999996
7.67809832878307,19.099669130268712,18.500000000000004
7.829915583202023,22.655851537765173,18.5
12.59454533143939,18.674947694291106,18.5
11.039956425188619,20.58400244779487,18.5
12.803749469315512,23.310519887449576,18.500000000000007
12.904457876879798,19.599543654202197,18.5
12.498339372277451,19.914194805223328,18.5
12.791786667150886,18.90787938535833,18.5
4.125378000677661,20.26701165588529,18.500000000000004
9.191867423286169,22.176881081253057,18.5
11.546520125668062,23.59818633816523,18.5
8.878182135191418,20.734850733878986,18.5
10.152671819448045,22.493051918083125,18.499999999999996
9.246471137363788,23.247176984637722,18.5
8.04652128498186,20.411476911251146,18.5
6.807870255062638,21.26039329453429,18.500000000000004
8.027193521476956,23.04850466802925,18.5
6.807872337456119,22.353143461733378,18.5
8.027190953997929,23.346505234904882,18.499999999999996
6.972953832962964,19.36836196036014,18.5
12.904457836239624,16.690803379759544,18.5
12.851524930174428,18.875576193079965,18.499999999999996
12.763926686331011,18.55952214292355,18.5
12.744711173045665,18.53212470570713,18.500000000000007
12.904457871525066,19.071597766475243,18.5
12.904457877605845,19.39489392162805,18.500000000000004
7.781016534146278,17.39473877693859,18.500000000000004
6.320321102698633,19.83566600843574,18.5
8.514917865286451,16.69080329352988,18.5
6.9611070395627195,16.690803503267666,18.500000000000004
4.125377982419747,16.69080329430511,18.499999999999996
8.059744958666258,17.489763587237675,18.5
8.514917870899794,16.69080327828275,18.500000000000004
7.802423400753768,17.015348344764323,18.500000000000004
7.5621590063138395,17.045326031261403,18.5
7.206507306575921,16.909285314597167,18.500000000000004
7.168223453487104,17.15059120452489,18.499999999999996
6.9887036434454535,17.18284563770147,18.5
10.648985417812556,17.262361272009638,18.5
9.616905792606314,17.336165304322027,18.5
8.10514693173821,17.543300252448883,18.5
5.970389266727809,17.134084733937236,18.500000000000004
4.1253780881180315,16.690803306151107,18.5
10.37157412250013,17.133215594610526,18.499999999999996
7.046694727918815,16.768443216903187,18.500000000000004
6.918292978575735,16.806116657074995,18.500000000000004
7.212460976721321,16.7534610485437,18.499999999999996
6.953673273051137,16.72734461829145,18.5
7.713853133477268,16.74678184241508,18.5
7.241642908951216,16.71846025578829,18.500000000000004
7.556340833403206,16.6908032713137,18.499999999999993
8.514917879387129,16.690803270682114,18.500000000000004
7.101264259743316,16.844567831319715,18.500000000000007
6.8981724199343,17.012567469139952,18.499999999999996
7.718357153484486,16.690803270861473,18.500000000000004
6.264111291002481,16.741174654000826,18.500000000000004
6.803113555777928,17.710312787230077,18.500000000000004
7.140393947583987,17.746800421959993,18.5
7.146880883062756,17.331557230054553,18.499999999999996
7.472534489584197,17.486070589838135,18.5
7.834679700908028,17.650605203926315,18.500000000000004
7.032148993419817,17.21273627868523,18.499999999999996
10.635660551085268,17.63396084915851,18.499999999999993
11.366186603938583,17.939366139923454,18.499999999999996
10.349127404366167,17.469764143534093,18.5
10.990538637613495,17.744983254198733,18.5
10.246799094614385,17.525997157404596,18.500000000000004
9.123312522292059,17.37667977894406,18.5
12.904457879999999,19.064184984328012,18.5
12.71846974562651,18.92697796923132,18.5
12.401878086003775,18.42873557472277,18.499999999999996
12.720460277142745,19.28212767027069,18.5
12.745814416625313,18.75489545554606,18.500000000000004
12.379809136594126,18.268720188350173,18.499999999999996
7.51840070713702,18.978728391688687,18.500000000000004
10.122702377057761,22.223981457633567,18.499999999999996
9.003183618314644,20.57839211590922,18.5
8.649080814965938,19.660773497921387,18.5
8.606676355059319,20.25985642329253,18.5
8.674883273995547,20.51987323197064,18.499999999999996
12.408355289126723,19.010104809670427,18.5
12.39048987747531,18.553921899730792,18.5
12.720727419158168,18.584953388564706,18.499999999999996
12.346492709836353,18.129588207586135,18.500000000000004
9.98535228976124,18.4524066173605,18.500000000000004
12.579060438954814,18.253137820390062,18.5
12.904457879999999,19.836282708379095,18.499999999999996
12.700994307613088,19.057700299859526,18.5
12.491654830832104,18.73858171868155,18.499999999999996
12.704999716059381,19.628865159051067,18.5
12.706222252256556,19.576342952673585,18.5
12.733457967017557,19.47684947427834,18.499999999999996
7.948499305771735,19.205105377194077,18.500000000000007
7.923998543669729,20.95281263797208,18.499999999999996
11.436050389215547,23.210980114923114,18.500000000000007
7.867083848428777,20.14090801335233,18.500000000000004
11.192971297544156,23.79784808133737,18.499999999999996
7.5271792072925,19.050845847313067,18.500000000000004
11.363255370860239,19.42828548190739,18.499999999999996
12.14477444677244,19.846521886618163,18.500000000000004
12.27436363788557,18.530465172247858,18.5
12.28545739772938,20.17466495522162,18.5
12.904457588664423,23.843219278586233,18.500000000000004
11.979724567365482,21.379925131826663,18.500000000000004
12.362739307022743,18.36304794932522,18.5
12.74641936961051,18.628151487465427,18.5
12.552290881533366,19.067159099427272,18.5
12.602109646068659,18.56005882342624,18.499999999999996
12.532521168541859,19.167352341981722,18.499999999999996
12.72912204488831,19.094129832829186,18.500000000000004
10.645880414239809,23.109436297266686,18.5
10.243580509355018,22.88222805197995,18.5
10.297698753320756,23.439415891972786,18.499999999999996
10.046193868803206,23.254994361367853,18.5
11.117441158202809,23.839894846574953,18.500000000000004
10.202948554605562,22.80508472077895,18.5
11.08778584500844,18.504763042815373,18.499999999999996
12.03451328472242,20.696911740830856,18.5
9.009782040869244,20.426873526057204,18.499999999999996
11.224020256982024,19.978471323095544,18.5
11.394651232167663,21.675175778209283,18.500000000000004
11.49921082900605,21.520144084528646,18.5
12.904457879999999,19.62174275068916,18.5
12.74529198603344,21.180294408390793,18.499999999999996
12.90445788,21.983133884257274,17.070926542423773
12.705113951152814,21.96064210329642,17.840115001125834
12.514228527743477,21.060776377898495,18.5
12.691516546351323,20.041977160404503,18.187812058538533
9.685466185795512,23.350568118808663,18.499999999999996
11.104383543053151,23.756861544722764,18.5
10.848024417141982,23.383996306513982,18.5
10.789514343919896,23.736143602466477,18.499999999999996
10.452804529454689,23.50221048851539,18.499999999999996
11.914708948098628,24.32271097436596,18.500000000000004
11.086822325230184,22.782509947230533,18.499999999999996
12.670504460772479,22.67791595098987,18.499999999999996
11.802678192071763,23.355067700684696,18.500000000000004
10.351738517207332,22.311101542272294,18.5
10.593356138118558,22.356665850183,18.500000000000004
11.404693334115985,21.01359678843241,18.5
12.680882263558727,21.238516579362376,18.080782660488897
12.697088440697906,21.86665012321299,18.14955883062367
12.67731222742785,21.704323604455702,18.11131734208639
12.704198477380857,22.46603879179229,18.029016184590667
12.704198477380857,22.46603879179229,18.029016184590667
12.704198477380857,22.46603879179229,18.029016184590667
10.354655402276112,22.7273080855823,18.499999999999996
10.409464489029501,23.603742272119177,18.5
10.388276004874491,24.396890434758113,18.5
10.343429507058433,22.847358152894426,18.5
9.369801705594377,23.10237358519042,18.500000000000004
10.78933489460312,23.495797520849003,18.5
11.236537564972904,23.695386240022003,18.5
10.94674825795861,23.698244247567818,18.500000000000004
12.041298714989136,24.760749221006783,18.499999999999993
12.11831257607965,24.66299045808558,18.5
10.672449321683425,23.28051394640311,18.499999999999993
11.90441194297034,24.5205261884683,18.499999999999996
12.904457880000002,26.138138755824485,16.36269231074851
12.904457879999997,25.121512948275225,17.13531921573686
12.904457879999999,25.221252070142377,17.2305578825074
12.703814274416663,24.642414282415185,17.31463552261411
12.71995709255026,22.610102781480556,17.88624437226155
12.70009881640159,24.563886597790198,17.23249116486985
6.488753990384068,28.207300699255054,18.17801830191634
6.239423044357006,27.43220322662764,18.5
7.523417514995392,26.869822671368773,18.5
6.226360616017267,27.351805450925074,18.499999999999996
7.00301233770336,27.615849363405182,18.500000000000004
6.7372224511713155,27.161129734592055,18.500000000000004
10.599320129056697,28.07839500824172,17.46999826376332
11.627033787381004,27.6730029782446,17.240796138356128
12.251167061937931,28.260529027636817,14.872180429328292
12.316798529654626,27.98860505565557,15.742066847704221
12.172065414659697,27.97988731211864,16.61573378225198
12.636286492901519,28.43543867338923,15.474733712909222
12.904457880000002,27.509551508372454,15.556158314029034
12.90445788,27.958856605747165,15.517817756027256
12.904457880000004,28.044206088652246,15.352154545881723
12.904457880000002,27.950615564068624,15.392814140478535
12.90445788,28.19557659422229,14.838871587430326
12.904457879999999,27.79819437352531,15.778722401580104
4.263964664724115,29.168638746504495,18.500000000000007
6.316299485117609,28.80276701576135,18.032671867507513
5.536350537413217,28.328049614595766,18.5
7.3432050349650115,28.689365104162366,17.417304531735134
5.386463770500907,28.948964506619262,18.283355042880213
6.900166551309581,28.923781243456546,17.945660522855682
12.904457879999999,28.57811386739401,14.301165736679847
12.904457879999999,28.370425871078222,13.417215719117923
12.90445788,28.006776289812127,13.71623725734726
12.904457880000004,28.476788643109842,15.651021712336515
12.541887808099457,28.282917139418103,15.906309849444858
12.744389773300641,28.372805562975792,14.095326871451514
12.904457879999999,27.342847759949592,16.69443353837759
12.723867134789952,27.210472125800138,16.547666994349257
12.904457880000002,27.2246306045048,16.71379806220869
12.710427094962931,26.871189700188577,16.6719030147513
12.71866200070541,27.173517874140696,16.567119502603365
12.904457880000002,27.345415968352796,16.228091520580833
7.896170266321194,27.952166041990363,11.100000000000001
8.200476841094487,28.129429653576587,11.099999999999998
7.695981099776284,28.002143597687216,11.099999999999998
8.514917982718805,27.419427938605534,11.100000000000001
9.052765901087753,27.65167640081303,11.100000000000001
8.3799461743325,27.56371790538241,11.1
8.51491784566871,28.214251157350425,11.099999999999998
7.637507883943675,27.21529961526658,11.099999999999998
8.514917878283965,29.20753191174824,11.099999999999998
7.466591636520643,27.322916063640363,11.099999999999998
8.29275858337781,28.606360904974494,11.1
7.000981303296564,26.30359439562516,11.100000000000003
6.312491917940808,27.02975213322051,11.100000000000001
6.239053350036518,27.326949667826895,11.1
5.771624850436259,25.86381344668553,11.100000000000001
5.684848258370668,25.06457525753361,11.099999999999996
5.940723305394302,26.596096062379676,11.1
5.763520700933299,26.523666927572744,11.1
10.437042561218751,26.232699212954333,11.1
10.492731980650078,26.211532188487475,11.1
8.514918439837333,27.419427578508888,11.099999999999998
10.151419984036762,25.558523595735434,11.099999999999998
8.514918089359387,27.41942782768791,11.1
8.51491844454484,27.41942793129783,11.099999999999998
8.317319850926012,27.769190173793618,11.1
7.963337129118306,27.95840403795967,11.099999999999998
7.282775967999306,27.276699626341177,11.099999999999998
7.922068504134801,27.861354527199797,11.099999999999998
7.232944001028036,26.69511119770565,11.100000000000001
7.745478842653605,27.756725740366857,11.1
5.287950149241113,28.248015756536557,11.100000000000003
4.43078337057247,29.096182864926753,11.1
5.713807152328312,28.349029069951584,11.100000000000005
6.0127114794456675,27.77894559941953,11.1
5.529591351792806,28.479577149670394,11.099999999999998
6.011439459846385,27.804421943049185,11.1
8.514917988314338,27.41942780142436,11.1
8.382684343927483,26.015969654536743,11.1
7.24852460502602,26.925589083017936,11.100000000000001
10.311411129884993,24.91002019885651,11.1
8.416769016177172,25.396071227974026,11.1
8.362000994947895,24.292632825659545,11.099999999999998
8.449412557373801,28.948228382979146,11.1
8.366749995161495,28.640807346884575,11.100000000000001
8.328302090878148,28.517311456659808,11.100000000000001
8.514917798296128,29.20753183674578,11.1
8.175791594608851,28.206277062772514,11.1
7.988829792286151,28.064359959726804,11.099999999999996
5.738776233391812,27.367600994829214,11.100000000000003
6.300388711753608,25.96367699381996,11.099999999999998
6.571071237141448,27.48783279894332,11.100000000000001
4.125378299977022,20.044858019207982,11.099999999999998
6.173110789177778,26.039588800082562,11.1
5.925039684123712,24.924625822476496,11.100000000000001
12.904457792339638,23.843219608235987,11.100000000000001
11.774261137315367,22.398002103593768,11.1
11.489445824337006,21.924298324420306,11.100000000000003
12.303394874734808,22.259821435885712,11.099999999999998
11.48073285737568,21.498538171805592,11.099999999999998
12.267772136816435,22.481965939271443,11.1
6.483982674618881,25.520140075748596,11.1
6.84909390865842,25.319461144531903,11.1
8.50802918648237,24.305285108185014,11.1
7.390239050780647,26.430066382645,11.1
8.826672847747972,26.61850345315852,11.099999999999998
7.791221460173821,26.49706279522403,11.100000000000001
6.347605739789216,25.69572866458489,11.100000000000003
4.125378653965861,20.118072802659672,11.1
6.719773020514173,27.054695431087936,11.099999999999998
6.284278238968638,26.358786384252866,11.099999999999998
6.536553996953801,26.040891889008446,11.1
6.63781163299949,26.369722810463358,11.1
12.70566990142841,22.641040582177403,11.100000000000005
12.904457781849086,22.292728420338605,11.100000000000001
12.904457845193962,22.330180116512764,11.099999999999998
11.965418456735172,22.9050073615535,11.100000000000001
12.904457730682292,22.055115570941478,11.099999999999998
12.904454950253468,22.055113387853233,11.100000000000005
7.790523950649757,20.514409951684016,11.099999999999994
4.125385626491768,16.690805860060067,11.100000000000001
7.297487224824011,17.279051708046822,11.1
4.125378546912182,19.017652566278187,11.1
4.989990839260235,17.675328253372548,11.1
7.620144450908286,17.42365712142031,11.099999999999998
5.548711947272019,23.458154851827107,11.099999999999998
6.407467780691368,25.40086016805587,11.1
6.165170007587879,24.99414309825073,11.099999999999998
5.706035606562786,24.15925692590488,11.1
4.639694637906932,22.79117130830095,11.099999999999996
5.605445608857697,23.994578117204433,11.1
4.857709708569532,16.917600536541276,11.100000000000003
6.737793798024044,17.137259941302922,11.1
6.484601462402521,18.07186962894475,11.1
5.695867666117895,17.025747448144198,11.100000000000001
7.488226221274207,18.63001692593211,11.099999999999998
8.51491782460106,16.690803496252713,11.099999999999998
7.6293518381979775,17.04516761494794,11.1
8.5149177569816,16.690803281221577,11.099999999999998
4.125380181863841,16.690803394003403,11.1
7.754139716887812,16.802858620563264,11.100000000000001
7.565397463755388,16.690803393231036,11.1
7.6523678874206045,16.69080332167748,11.1
5.838043810968065,23.461914009843696,11.1
6.0844441304023755,23.951693841951112,11.100000000000001
6.021096658300971,24.658297375851042,11.100000000000001
5.174268075063776,21.780277367198934,11.099999999999998
6.297740189081435,24.337426217174436,11.1
5.42027425818335,23.23833512839502,11.1
7.141526455120884,16.690803269999996,11.099999999999998
6.295474996051294,16.70611824415671,11.099999999999998
5.95617811368558,16.710263349224928,11.100000000000001
8.514917083581347,16.69080327,11.100000000000001
5.95715029543091,16.714668627995177,11.100000000000001
5.608772531436134,16.695070396974053,11.100000000000001
6.29559425338815,17.150643979589628,11.1
6.3514801062048765,16.69080327494928,11.100000000000001
5.210033425631746,16.73139421247185,11.1
7.361178703047969,16.801500037129024,11.100000000000001
4.125378014797711,16.690803284586607,11.1
7.119329528694009,16.768266628288664,11.099999999999998
7.755767147766658,17.06014235861619,11.100000000000001
9.423725632286882,17.398930909945346,11.100000000000001
9.698319740644214,17.825050626556603,11.099999999999998
9.976800023776546,17.306154187183378,11.100000000000001
8.11604487518364,17.123483161336356,11.099999999999998
7.154294215851916,16.932417343623317,11.100000000000001
4.12537791561937,16.690803271195126,11.099999999999998
10.686667327638489,17.031282429704888,11.1
10.392334966062378,16.847800678948744,11.1
9.727945842376151,16.93500150786514,11.100000000000001
6.72564339763819,16.792081706430945,11.100000000000001
6.74358129074153,16.82127871633937,11.099999999999996
7.187402982793883,16.716601233076666,11.100000000000001
6.230963952192775,16.7295641094575,11.1
6.038776859759798,16.74310411854972,11.099999999999998
4.61872609661987,16.719269558535135,11.099999999999998
5.783258570655113,16.718478936537277,11.1
5.818470348436046,16.71010738416524,11.100000000000001
6.5153286551022065,16.75513964344122,11.1
6.029006744632045,16.69080327,11.100000000000001
5.260161308930129,16.749678815804668,11.100000000000003
5.774322338959785,16.746999505933555,11.099999999999998
6.515140903090764,16.741867231237443,11.099999999999998
6.501760314332729,16.69080327,11.100000000000001
6.585163379090765,16.74368562448155,11.099999999999998
6.810619602051256,17.0106478452035,11.1
5.980455483471933,16.69080327,11.099999999999998
6.211405173053571,16.85487975588279,11.1
6.074710913981995,16.951946253690416,11.1
6.976354650953313,17.085552054799145,11.099999999999998
6.1189049251246415,16.805915848750487,11.1
6.292427422986517,16.751462097042612,11.099999999999998
6.875384960097961,16.847005678951998,11.1
6.982877175714746,16.734492730814548,11.100000000000001
5.463145800331432,16.7417586392521,11.100000000000001
6.130965859222762,16.690803270000004,11.1
12.507869150153464,18.377422271427836,11.099999999999998
12.401494430066789,17.92037245789336,11.100000000000003
11.835184679419964,17.875035853384848,11.1
12.459943613010878,18.642103154958335,11.1
12.364425034895199,18.182222594390765,11.099999999999998
11.479728618807416,17.358333066799133,11.1
6.534716007288059,17.76377257944918,11.100000000000001
4.125379010862825,16.690803284297516,11.100000000000001
8.514917829946636,16.6908032706941,11.1
6.650225723498862,16.69080327,11.100000000000001
4.125378205577946,16.6908032723367,11.1
6.26558796844135,17.189236480931392,11.099999999999998
8.514917754474236,16.690803270000007,11.1
7.896979251388904,17.192538888993315,11.100000000000001
9.675247623118413,17.59297633024367,11.100000000000001
9.417501713506633,17.776303587222266,11.100000000000001
7.858752206627473,17.263377561698444,11.1
7.813440750272195,17.11270388225981,11.100000000000001
12.145230085178758,18.024131788221215,11.100000000000001
12.49329962164545,18.53732646350724,11.1
11.96627506061509,17.998417320771576,11.1
12.07296584503305,18.214749254988515,11.100000000000003
12.904457880000004,18.479406320194226,11.100000000000005
12.724091726685831,18.279294005332634,11.1
4.125378579864291,19.34727963795489,11.099999999999998
6.754569449149159,16.69080343384457,11.100000000000003
7.184170026197238,17.567321800167225,11.100000000000001
8.597077344874064,18.21176582234671,11.099999999999996
9.28891166765631,19.47878714545114,11.1
6.7814955123164875,17.108129077680275,11.100000000000003
5.281649832721466,17.01266300168728,11.100000000000001
6.641469313155153,17.823924884622503,11.099999999999996
6.835424472458794,18.054173699558437,11.099999999999998
5.599297372172057,17.171489196479108,11.100000000000001
5.494557583708575,17.121939167201887,11.100000000000001
4.125377993339907,16.69080330074592,11.100000000000005
12.904457879999999,19.543499196955157,11.100000000000001
12.623064642041872,19.711980832441558,11.100000000000001
12.904457880000004,19.93268933059235,11.100000000000001
12.593982077331013,19.345764367102138,11.1
12.593070986304777,19.283342481602872,11.100000000000001
12.608268742999334,19.02907804669626,11.100000000000001
6.256329860483496,21.186394640695198,11.099999999999998
8.233522382702834,19.840741125033922,11.099999999999998
4.125377907567335,22.055115539834077,11.1
6.691834010004233,20.63985318838483,11.099999999999998
7.57853117919568,18.49332093551168,11.1
6.076612121049031,22.923705324454044,11.099999999999998
11.983463911300351,21.732508773494207,11.1
10.7733495067771,20.785343790211996,11.1
11.114969794332778,20.97911103030098,11.1
10.961920063954723,20.94334982328708,11.1
10.01727771388265,19.846539383147473,11.099999999999998
12.593907707012436,21.99736104169887,11.100000000000007
12.904457880000002,21.086995924722558,11.099999999999998
12.90445788,21.70325559024718,11.100000000000001
12.90445788,21.654096988150272,11.1
12.904457879999999,21.22294620402502,11.099999999999998
12.90445788,21.635471957202967,11.100000000000001
12.904457880000002,21.627894407721033,11.100000000000001
5.545479667377433,20.804330295511168,11.099999999999998
7.671518607672787,23.055301303570566,11.100000000000001
11.082843570413688,22.379734117809967,11.099999999999998
9.39401171481742,21.085246179020178,11.099999999999998
10.128598603248186,22.153695670362495,11.100000000000001
11.547303669863313,22.029478754950507,11.099999999999996
11.551249205502195,23.090882166904716,11.1
11.303654195951657,24.375627846793876,11.1
12.035042468894527,23.5196394351475,11.099999999999998
12.305929529883127,23.26797051213569,11.1
12.199380307397425,23.539078211158976,11.1
11.943098009056914,23.571983603224794,11.100000000000001
12.90445788,23.109555710020476,11.100000000000003
12.90445788,23.357339799513163,11.099999999999998
12.904457880000002,22.92107700460194,11.100000000000001
12.788773331440717,22.907846919383147,11.099999999999994
12.904457879999999,24.45516017405284,11.684333300677189
12.90445788,24.737382549307274,11.099999999999998
8.94149999202698,25.80937689702087,11.1
6.6357851803952945,27.52328874231311,11.1
10.164874950910235,26.095155425182305,11.099999999999998
10.942596606355083,24.97732172086873,11.1
10.920904953038553,24.741255031574244,11.1
10.23898763390642,26.09643252439347,11.1
10.88004445277395,24.717109894101313,11.1
11.691554407725466,24.500418899302034,11.099999999999998
11.067094215696272,25.273461149848714,11.100000000000001
11.463846126073905,24.918300415157866,11.100000000000001
11.229378063106251,25.44629396329985,11.1
12.717158123757983,22.861864321822775,11.100000000000001
12.404127928439662,23.753324781832113,11.100000000000003
12.354803158537475,25.46013938773199,11.099999999999998
12.524550758703048,26.329475595152026,11.100000000000001
12.719916008113954,27.1240356379384,11.099999999999998
12.577112049646464,27.230398972239463,11.1
12.609211026612051,27.077734725247417,11.1
5.915112077339853,28.295785676471397,11.1
5.155173987995601,27.9819181295919,11.099999999999998
6.4138369883408615,27.74170909930297,11.100000000000001
5.102219552353581,27.73503439962963,11.100000000000001
5.2848606963809885,27.82580820074031,11.1
5.13469707751477,27.902268625039888,11.100000000000001
8.514918007531453,27.419427922601756,11.1
12.53931096949114,27.60003661705645,11.100000000000001
11.943528897544184,27.64180450313883,11.099999999999996
12.904457848320023,27.419427934319987,11.099999999999996
12.853152531349584,27.460314591883808,11.099999999999998
12.065614848677525,27.62935630746977,11.100000000000001
12.43539128500014,28.09110230296781,11.1
11.952585575853593,27.936933731907196,11.1
12.371568391006802,27.817162946031896,11.100000000000001
12.59673420585196,27.592500068585647,11.099999999999998
12.39390327919792,28.264117225948763,11.281485153640132
12.537561959180076,27.842031293660924,11.166623154874781
5.583347316210675,26.735973479052735,11.099999999999998
5.4937836701140546,28.363300510784253,11.100000000000001
4.420659066544671,28.629920180720866,11.099999999999998
4.701391869318356,28.093958838884024,11.100000000000001
4.472338272466366,28.78270652872582,11.1
5.96422960742176,28.75043563876489,11.100000000000001
12.749352437273288,27.553885568619464,11.100000000000001
10.765456742677841,27.57847069928753,11.1
11.602403976787539,28.086246558523502,11.1
11.509287100202986,27.80133333225552,11.099999999999998
10.601086015214157,27.5866398211282,11.1
11.40275480513292,27.91944378251798,11.100000000000001
12.69770170456356,27.75757020406996,11.207739207488167
12.710708125550221,28.233423472243476,11.717960010878057
12.60908849243124,28.022179461711612,11.100000000000001
12.601858421110105,28.06078434467455,11.1
12.623515430649231,28.0242921591387,11.1
12.655392750712231,27.887325335092033,11.099999999999998
6.048002298124373,28.857532807085796,18.12720462451463
7.664008817752038,28.11088592383408,17.898635833308713
7.427465350323373,27.705019661271464,18.5
5.010837501372571,28.753934690568098,18.421423082556664
7.8210048958785805,27.16857654320096,18.500000000000007
5.323590030648548,28.551240027854348,18.500000000000004
4.12537790273857,29.207532018927303,18.499999999999996
4.125377905167781,29.2075320188129,18.499999999999993
4.125377909254242,29.20753201897384,18.5
4.125377902606159,29.207532018498497,18.500000000000004
4.125377902351932,29.207532019158872,18.500000000000004
4.125377905976253,29.207532017611285,18.499999999999996
6.390134703323424,28.791041500163388,17.882026635442983
6.570301084614251,28.896295607736082,17.8100988929131
4.844764469010884,29.114772235325326,18.32863704478292
6.408265965768834,28.36165078292307,18.396149818988732
4.787997378998392,29.084174046675244,18.429503256635144
6.931275829396525,29.207532019528045,18.499999996390155
5.574355553297013,28.031477603824957,18.500000000000004
11.416707035827049,25.916413092489297,18.5
12.744418366290114,26.221573693016722,18.5
11.83913476179719,26.450883514623637,18.499999999999993
5.178597715760925,26.703908121237532,18.499999999999993
10.433812314947234,26.02144013711136,18.5
4.125377914633726,29.20753201149505,18.499999999999996
4.1253779129449955,29.20753201436785,18.499999999999996
4.125377907717469,29.20753201327519,18.500000000000004
4.125377926588124,29.207531996634177,18.500000000000004
5.5665793093156495,28.19529006302456,18.5
4.45143499668149,29.065583785419374,18.499999999999993
5.738525124577834,29.20753200246829,18.499999999999996
6.117513746739843,29.029385633708802,18.351692378489183
6.272294001096854,28.927715551599626,18.499999999999996
6.027552141243032,28.900615572265618,18.5
5.642901604166388,29.207532016506047,18.499999994675424
5.513832669012805,28.14704130409059,18.5
9.002624941263552,23.147841742256485,18.500000000000004
8.514881942484823,22.551785848155575,18.500000000000004
6.831972685030677,26.302055850842553,18.499999999999993
6.515359295038971,25.74523113021835,18.5
9.68407452862413,22.135672697947378,18.5
8.514865513823054,22.452514763397808,18.499999999999996
5.5875573481991445,27.69230057707225,18.499999999999996
6.844296784707636,25.77718892785513,18.5
5.925794767503069,27.733450755148894,18.5
9.623232884416888,23.429829001360545,18.5
5.846803679043297,28.29424689361777,18.500000000000004
5.567457875568156,27.522287570286487,18.500000000000004
6.030001604374417,28.144428322552198,18.500000000000007
6.42785283266971,27.882832782467823,18.5
6.022264020587416,28.252594856905397,18.500000000000004
6.350479590674284,28.09577411454697,18.500000000000004
6.342655238355329,27.62994638993576,18.5
6.6880173270072625,27.582979671843415,18.499999999999996
8.372189061636071,22.966817726345234,18.500000000000007
10.17285048461966,23.312605544469466,18.5
9.278261112299852,23.175690624126702,18.499999999999996
9.845471559422512,23.42300196924728,18.5
12.90445644526646,23.843219250438267,18.500000000000004
12.90445516320531,23.843218795165164,18.499999999999993
7.490073324019575,19.391564479518287,18.500000000000007
6.9427188372566855,19.43935343941852,18.5
6.6125058116353035,21.37789035970524,18.500000000000004
6.686273748201735,21.162080110865887,18.5
5.166328110854429,28.032847797479725,18.500000000000004
6.318143090400465,20.77228983897251,18.500000000000004
4.125378285334064,16.69080377930404,18.499999999999996
5.595574879982983,20.084541434110207,18.499999999999993
4.125378393427877,29.20753101733952,18.500000000000004
6.600098924056616,21.994239992452695,18.5
5.750948330728174,21.16691135527782,18.5
5.803605359189794,23.234184161735367,18.5
10.530745613687829,23.417862220195154,18.500000000000004
9.375645331147181,22.959212162987285,18.5
12.904456748122792,23.84321953159577,18.5
12.90445752034555,23.843219647231024,18.500000000000007
10.893000712944312,23.66922183589878,18.499999999999996
12.13361173643706,24.335649032633583,18.500000000000004
7.196514559292404,17.764921570099034,18.500000000000004
6.55692823323943,21.299390942225067,18.499999999999996
6.185937480640079,18.588250466031536,18.499999999999996
7.185079400281793,18.51868413520073,18.500000000000004
6.77082374725978,19.733735385856882,18.5
6.8994685549225805,19.129286984955307,18.5
7.1407936670666885,19.79159180807232,18.499999999999993
6.87252369900743,18.88376338764202,18.5
6.7354111617958345,18.823877979611698,18.5
8.12155507931272,24.26929389956992,18.5
5.997539028898868,18.727392408859888,18.500000000000004
8.514913218573705,22.663654431099754,18.499999999999996
4.125377912347855,20.267011457962337,18.499999999999996
7.8915905162519175,20.34055407006476,18.500000000000004
8.179800978102593,21.28691745511266,18.499999999999996
6.835471023039414,19.232447571458458,18.500000000000004
8.128816873301858,20.984543361310138,18.499999999999996
10.328210729845553,22.72904378234233,18.499999999999996
9.20144104585625,19.988831270194193,18.500000000000004
8.14553153214815,19.29238116621793,18.499999999999996
9.557375421522861,22.549512078515807,18.500000000000004
8.40241171509932,18.067548768196627,18.499999999999996
8.88953160184285,21.085863788573484,18.500000000000004
10.120134502219186,22.813497090495233,18.499999999999996
8.122434659723249,21.39010080210834,18.5
7.1137888369164095,20.519686464123165,18.5
9.179858871121647,19.67075931371273,18.500000000000004
6.702746390264925,19.905400968830616,18.500000000000004
6.580169785403552,18.354434701889883,18.5
4.12537841345284,20.267011119203485,18.500000000000004
9.208291755363996,21.827328892420105,18.499999999999993
7.950567943348637,20.5290915259322,18.500000000000004
8.858253142670364,21.170582895145685,18.500000000000004
4.125379615513238,16.69080488957266,18.499999999999996
6.164112639824413,18.007994744936383,18.5
4.125377909359185,16.690803282246453,18.500000000000004
8.514917887372246,16.690803273540848,18.49999999999999
8.504183171349135,17.004388491961404,18.500000000000007
8.51491788414276,16.690803281126247,18.499999999999993
8.465926529538722,16.82080979855202,18.500000000000004
8.514917888644977,16.690803282809707,18.500000000000004
8.499185666336157,16.73405743162249,18.499999999999993
8.084285591845163,18.736355733596277,18.5
8.713186779037144,18.62209990804174,18.5
7.687620771139513,18.19760638673984,18.5
7.482352050693888,18.427610203959976,18.5
8.713438140515617,18.441302611000904,18.5
7.4724310820873985,17.519303598407607,18.499999999999993
4.125378111558687,16.690803383151202,18.5
4.125377971517814,20.26701141070894,18.500000000000004
4.125377917188929,16.690803274851763,18.5
6.120531943930089,17.763318386258952,18.500000000000004
6.544074171127564,18.38604755204234,18.500000000000007
5.898769237889267,17.732034288091842,18.500000000000004
8.457757801020398,16.712503217464768,18.499999999999996
7.8613026363038125,17.32647074797727,18.499999999999996
7.961189188366291,17.109417448955764,18.500000000000004
8.049262804048183,17.020259680275267,18.499999999999996
8.315014376986511,16.75602720422499,18.500000000000007
8.403053903420044,16.73310704766173,18.5
8.229364997820506,18.429836416800445,18.50000000000001
7.350713205393181,18.46270375156861,18.5
7.3500329053565165,17.049817810321674,18.500000000000004
6.6322497334458275,17.12129548527115,18.5
7.616078467804871,17.851379103954883,18.5
7.121313366261778,18.222811234518115,18.5
5.099795495114119,16.941817611063573,18.5
4.743358767723379,16.757333923257267,18.5
4.603293259049283,16.74007664854562,18.500000000000004
4.271004006664066,16.695806506511556,18.500000000000007
6.5054065978748135,17.855817787053223,18.5
5.396379046768185,16.958208472419862,18.5
7.565096481029144,16.91850236032963,18.5
9.206814424313691,18.3897676433943,18.5
7.453966821374587,18.098226436134155,18.5
8.139397136148839,17.3337823649507,18.5
7.4217132953703,17.32552375879669,18.500000000000007
8.485696067050627,18.252090943364976,18.5
12.491824543494177,18.59616660913641,18.499999999999996
12.904457879999999,18.71641917878918,18.5
12.90445788,19.192342894408913,18.500000000000007
12.90445788,18.422532021050028,18.499999999999996
12.90445788,18.651216793242615,18.5
12.541457188238597,18.427411329925427,18.5
6.417125629614546,17.344578727975094,18.5
7.695735203362281,17.198121330145142,18.500000000000004
7.368901335986179,18.204243633827996,18.500000000000004
9.138481768680657,17.085450814331985,18.500000000000004
7.63113235483951,18.468110248625443,18.5
6.636643390498869,17.238924855347793,18.499999999999996
8.139138906126625,17.305054529630766,18.499999999999996
9.699693502831504,18.084150743649438,18.500000000000004
10.231905715605269,19.51045910981396,18.5
8.340774583533035,19.85673110177495,18.5
9.928107444057853,20.9360851999646,18.500000000000004
6.8741412642391415,18.666102991948105,18.5
12.90445788,19.437062963958606,18.500000000000004
12.904457880000004,19.14781398023049,18.499999999999996
12.90445788,18.747490352763553,18.5
12.90445788,18.858660898128253,18.5
12.904457880000002,19.691598121321203,18.5
12.90445788,19.226100051645297,18.5
9.981245091950893,21.551530482099366,18.5
12.90445633711623,25.63132158287371,18.499999999999996
11.543439521440458,23.965807471757614,18.499999999999996
12.240037432971018,24.760837726249683,18.500000000000004
11.165231677046947,23.003665758534293,18.499999999999996
10.008966460867702,22.685239111258454,18.499999999999996
11.943231024182868,23.348833427935926,18.499999999999996
11.988376541266696,23.416258330717497,18.500000000000007
10.898395104018306,22.56215934379249,18.5
10.750165446719645,22.616860812036858,18.5
8.618713300070542,19.76532289693483,18.499999999999996
8.786404208472698,20.842538052245068,18.500000000000004
12.783789777407591,18.62416853578806,18.499999999999993
12.817306366135098,18.98542975450027,18.500000000000004
12.904457880000002,19.026429054268103,18.499999999999996
12.802053822437111,18.789991514971994,18.5
12.510248635352658,18.53024540321511,18.500000000000004
12.575929871034322,18.87552530863803,18.5
10.630159160674145,23.438174988946365,18.5
11.424679475549572,23.947122280161647,18.499999999999996
10.241773841006266,24.088526125375044,18.500000000000004
11.828922539135537,24.661622462949417,18.5
11.066559242825344,24.103195817956045,18.5
12.904431179160165,23.84322369803964,18.500000000000004
11.237113623634766,23.275386283671782,18.499999999999996
10.464449035297475,23.36725406061985,18.5
10.536679241717161,22.999174143894116,18.499999999999996
10.900710756957306,23.01893679554057,18.5
10.291153354269563,23.394623713676786,18.499999999999993
10.74645252806849,23.36185258583268,18.500000000000004
11.41024991597436,20.531807973985906,18.5
12.904457879999997,21.38570719023111,17.633900326040575
11.265473534436795,22.043441795139145,18.500000000000004
12.035332843243923,20.159056943649556,18.500000000000004
12.69642075901215,22.324056751596554,17.24561015945835
12.680215663420315,21.444118537641174,17.262430439787714
12.904457749239523,25.631323502112707,18.5
11.819456547386602,24.018809034884484,18.500000000000004
10.842472167346704,24.040437033750788,18.499999999999996
11.506945361791553,23.479457221719795,18.5
12.075252000827904,24.674924108474194,18.5
10.971402456467969,23.266845189604094,18.5
10.746141881498186,23.696670537881076,18.5
11.932360412243272,24.32731507854808,18.499999999999996
10.760098830496727,23.0007243726251,18.499999999999996
11.358680997373483,23.57888694030786,18.499999999999996
11.183891504987228,23.453852854725497,18.499999999999996
11.307222883661632,23.29981852318568,18.5
12.904457880000002,21.344582492926616,18.500000000000004
12.904457880000004,20.805688994420642,18.500000000000004
12.90445788,21.045170643119633,18.5
12.904457880000002,23.354641009040268,18.500000000000004
12.707318843175974,22.926707592545913,17.75438536735314
12.904457879999999,20.88340814990952,18.500000000000004
10.010888932794657,22.694715743997275,18.500000000000004
10.065179729951899,23.501678066046097,18.500000000000004
9.278410892552163,24.745296170371834,18.22853653284764
8.034832933363669,24.642525252055588,18.499999999999996
4.533970326728394,25.863824162404324,18.44457145226216
10.164401617495017,24.209086369712278,18.500000000000004
10.085088859719711,22.930203661619693,18.5
10.984250283864037,24.090530001378713,18.5
11.299480883248386,23.746062031801767,18.499999999999996
12.103617344274197,24.74987579417654,18.5
9.968235420748924,23.37699422304432,18.5
9.682131228663845,23.816535498552323,18.499999999999996
11.571925117605817,24.02196831374308,18.500000000000004
12.732059635340713,21.426572949399986,18.5
12.904457879999999,21.862190642339083,18.5
12.709301149435266,20.99876350076036,18.5
12.031943658831693,24.410630214196733,18.5
12.478371835078057,23.000357333304517,18.132356296644893
6.234456272080386,28.902777229579993,18.5
7.868058878769626,28.753937441674807,16.771526989220018
7.433468451672987,28.724260793434034,17.76658255577628
7.23056063759718,28.92945515414301,17.999534794696523
6.876103219685131,28.986467303422266,18.050571922581582
7.370900967510035,28.61429135914011,17.36204407949961
10.190706937031482,26.8344848742495,17.242257858972206
8.630034610579616,27.79024023870244,16.13428687161566
10.377820784743763,28.30455244600846,14.363043622889712
5.930020275234196,28.416816328603993,18.5
8.728817843098344,28.69801411904483,15.811156362063883
6.369493513094642,28.023938468464213,18.20357237188737
12.90445788,28.08774724221635,15.373602882700196
12.90445788,27.90316706493053,15.71667060305173
12.904457879999997,28.521787485084275,14.802516348439942
12.90445788,28.16162539376076,14.56542963405724
12.90445788,28.424281240535674,14.84449934246503
12.904457879999999,27.9018749058211,15.527778040029597
4.125377912947158,29.207532018821674,18.499999998122995
4.125377906450167,29.20753201951398,18.49999999942846
8.847511583995699,28.658655806265106,15.995752974662814
7.219364129099702,28.93748188161861,17.371160058402307
7.570163091703194,28.842936745744296,17.19149415832041
4.125377900646671,29.207532019855577,18.499999999999996
7.913461538609744,28.00491866378033,18.158950683093778
8.507699470530444,28.776531121186594,17.046365558617545
8.157850205611812,28.825930306652335,16.96441142778673
10.534237693382872,28.676350187125863,15.243566787804502
8.590564139795815,28.44339645116623,16.644007415451544
10.182591933818829,28.552714003170987,14.219797877089784
12.904457879999999,28.647338381671283,13.819706855871162
12.90445788,28.149988895607887,14.666660912786332
12.796435198689476,28.531877616644586,15.53792409529719
12.60438127075337,28.85992098613385,15.29429423001187
12.904457879999999,28.173653226097354,16.234761862645367
12.904457880000002,27.97128703244654,15.28898952469457
10.434518448708232,27.288029491436124,11.100000000000001
11.698770636017764,26.380623409951557,11.099999999999998
10.326919009631972,26.356672967137182,11.100000000000001
11.344028664138744,25.691023974066553,11.099999999999998
10.186243053448447,25.43259505842747,11.099999999999998
10.90644668077087,25.468358078018355,11.099999999999998
10.463950209831149,27.36252811104008,11.100000000000001
10.29912191910376,27.773230894600736,11.099999999999998
9.872365748786358,27.957748091599502,11.1
8.861365086516415,27.842483019832493,11.1
8.050997920391925,27.727607803983215,11.1
8.716349101065756,28.011039810774598,11.1
11.760493253814843,25.214763127186618,11.099999999999998
12.110703796704371,26.183247572902914,11.099999999999996
11.255191171993374,25.28378096819246,11.100000000000001
11.18039768101915,25.901457188141823,11.1
9.590923447429592,26.27956146105278,11.1
11.189011580518107,25.811946626653068,11.1
6.934495771063149,27.826279626745954,11.1
8.649877237668656,27.678119000088113,11.1
7.6697186308945895,27.90669300025914,11.099999999999998
7.242593136913439,27.777733475846496,11.100000000000001
7.182864079434455,27.950026936454893,11.1
8.749259347600939,27.509416395144985,11.1
11.816999251389566,23.336393282021856,11.1
11.372632369499133,23.266432294953855,11.1
11.121352677170584,23.607509201608444,11.100000000000003
11.234125040474296,23.57487369938995,11.1
11.322790414554694,23.210701140898653,11.1
10.680118203142847,24.334046658151195,11.1
11.735436312509858,23.600854960750677,11.100000000000001
11.530875732866233,22.9377219624419,11.099999999999998
10.615362829377533,21.186639560850008,11.099999999999998
10.582204984167463,20.795162055739624,11.099999999999998
12.063641004290098,23.40790062893709,11.100000000000001
11.181065315718353,21.315986857274062,11.099999999999998
12.302960749042573,22.299412153943884,11.099999999999998
11.339896931894648,22.031116765135398,11.100000000000003
11.130515036949607,21.925651526779564,11.099999999999998
10.403978362093632,21.69142359885642,11.099999999999994
10.820278901154632,23.027406940988474,11.100000000000001
9.99322657819799,22.26854728135941,11.100000000000001
11.069080411484768,21.28002884044718,11.1
11.328308256703169,22.03256217006584,11.1
10.942293362540589,21.69598044523876,11.1
9.158484875135658,19.46015995480967,11.100000000000001
12.286066033973745,21.826410732641172,11.100000000000001
11.692816455626822,21.734290172019413,11.1
8.279340496985188,18.830214915228098,11.1
9.369371045583982,19.901755545811145,11.1
10.717601985404164,20.297901775640216,11.099999999999998
9.890585419383557,19.432184774243787,11.100000000000001
8.59920958127106,18.94320099455572,11.100000000000001
10.111810722145194,19.667460406231733,11.1
9.120623711782715,19.386995095375894,11.1
9.870696655490292,19.854301592033686,11.099999999999998
10.021853868468545,20.1989416186071,11.099999999999998
10.25538943209376,20.64427299823057,11.1
8.952256347400795,18.91320086934701,11.100000000000001
8.738171903789114,19.15479954161849,11.099999999999998
10.977510625817722,18.553505834913352,11.1
8.242906055861706,17.925598464895323,11.1
9.707239808670701,19.603126197785468,11.099999999999998
7.1064158321280795,17.22038635465192,11.100000000000001
8.43077157539414,16.963420393140243,11.1
8.468328545050172,16.972682826910635,11.1
11.838305612627796,18.07977504178222,11.100000000000001
8.303511779269497,17.21862707345093,11.099999999999998
7.51106990135894,16.938134919703412,11.099999999999998
7.587714561238798,16.93224803248353,11.100000000000001
7.255395477179552,16.885257276273972,11.099999999999998
8.0012255120194,16.99352774100502,11.100000000000001
10.81326519247416,17.620372729719673,11.100000000000001
8.692131762707975,17.194362451184972,11.1
8.942599953618394,17.327751242518172,11.100000000000001
11.296300954991485,17.675827548361184,11.099999999999998
9.191343725673903,17.57180966753293,11.099999999999998
9.988306032923523,17.33002850284508,11.1
8.447368810753074,16.758204982920702,11.1
7.898972148440822,16.69080327,11.1
7.285494984267198,16.69080327,11.1
7.507132615588901,16.69080327,11.1
7.74009049237148,16.690803270000004,11.100000000000001
7.666172817260607,16.690803270000004,11.100000000000003
9.0288638809865,17.03318169138881,11.1
7.605429998873632,16.864510920595293,11.100000000000001
6.7466118652881475,16.779666213991742,11.1
6.877738066047466,16.79546353054747,11.1
8.07881030041964,16.847801839766475,11.1
7.549279736413434,16.84941777459863,11.100000000000001
6.79703087607577,16.69080327,11.1
7.07075671274276,16.690803270000004,11.1
9.0417196972499,16.984109956843298,11.1
8.396257382693205,16.842861811439157,11.099999999999998
8.803647141004719,16.915751601240505,11.1
8.54499839854434,16.900010046133612,11.099999999999998
9.261003482304615,17.085113744463882,11.099999999999998
9.428557122865108,17.208113576622857,11.1
9.5098732446029,17.077978418637993,11.1
9.465702793947631,17.20992433692465,11.099999999999996
9.390779040554085,17.15561546917841,11.100000000000001
9.552934221290043,17.219223607221238,11.099999999999998
7.3502564527932295,26.634399175106868,11.100000000000001
7.876530089836309,27.726451946774976,11.100000000000001
7.606185892886399,27.126785428333594,11.100000000000001
7.652403013507552,27.279094543328572,11.1
6.843399348382019,26.01251778314403,11.100000000000001
7.52543731508675,27.10407624290132,11.1
7.955708986728222,26.1188812064268,11.1
7.9537326059820135,27.446803568748,11.1
9.453660559067233,25.44937339865291,11.1
7.167839803328546,27.596303314031054,11.1
7.765809787073252,27.242970813097905,11.099999999999998
8.068605994434495,27.731251055484034,11.100000000000001
8.079067545810865,28.02767599232659,11.099999999999998
7.994995004931325,28.030197300442524,11.1
8.082389989031462,28.016389663324965,11.100000000000001
7.437316619925121,26.91280496520515,11.100000000000001
7.615581211317591,27.160895608793766,11.100000000000001
7.591747069699983,27.14460101663948,11.100000000000001
7.240674579884717,26.100374975153272,11.099999999999998
7.163295805457049,26.98124834162887,11.100000000000001
7.441258858311307,27.586764220262623,11.100000000000001
6.797834162379035,26.543487033456707,11.099999999999998
7.07621155560304,26.41118299658581,11.1
6.967824598780501,26.66701276845941,11.100000000000001
9.451122314276013,21.69656361720627,11.1
9.68090835019006,23.03504971708953,11.100000000000001
9.360556208912927,23.970540488231027,11.100000000000001
9.001342707601923,21.10542475066504,11.1
8.926381326039037,23.553225581328444,11.100000000000001
8.61096208115032,23.72165131540265,11.1
6.830530189776558,24.518321503162923,11.100000000000001
7.766216455276227,19.284610409320035,11.1
6.98387880810039,24.803819803172928,11.100000000000001
7.377187213370706,19.385748550299937,11.099999999999998
6.985092834583761,24.8678107506917,11.099999999999998
8.269822787931671,19.293417922286196,11.099999999999998
6.103207696118298,18.467631272054547,11.1
8.123152195116226,20.350704032912624,11.099999999999998
6.874949037664285,22.96719406921807,11.100000000000001
6.384081247826772,20.00218431977553,11.1
7.169475436842805,21.21374961224016,11.099999999999998
8.146694058467958,20.013182317770095,11.1
8.987343883503621,19.278641241237853,11.099999999999998
8.222041150417459,18.44166746064274,11.1
7.8603330637246875,18.573362289680226,11.099999999999998
7.642162176020195,18.66316977486096,11.099999999999998
6.948057758531232,18.52427445131286,11.1
6.7937033967247835,18.106537696033314,11.1
7.898807415424714,17.6006343645773,11.100000000000003
6.853842365898442,17.074941114953976,11.100000000000003
6.725826750393972,16.900063202957437,11.1
6.7805471542972695,16.876334996991318,11.1
8.10308056897466,16.73741054481368,11.100000000000003
7.950791474706384,18.22520665993267,11.1
7.648702367016863,17.881210229427463,11.1
7.842407868128162,17.996559400780008,11.100000000000001
8.02122357889452,17.943071749369388,11.1
7.922930598439391,18.016565789188366,11.099999999999998
7.217145602529156,17.56601789396939,11.099999999999996
7.481007487358499,17.56727770276673,11.1
7.3737573624270345,17.420965887613484,11.100000000000001
7.405677635322884,17.244292835340975,11.1
7.230801395588094,17.61093880409175,11.1
7.241172012290407,17.66506708782055,11.099999999999998
7.377989196906698,17.398897248902568,11.1
7.718518085424683,17.87565557209024,11.100000000000003
6.986327017116936,17.511071767814045,11.1
7.0233298182908594,17.32401494926894,11.1
6.548443143631874,17.269589378499926,11.1
6.462161448140631,17.188690723665623,11.099999999999998
6.347068521950705,17.138113822878253,11.100000000000001
6.277042639604246,17.170155308959377,11.100000000000005
6.057515909955153,16.814199055966434,11.100000000000001
5.829475277642816,16.84371624483017,11.1
5.7018389268649425,16.827661771621056,11.1
6.277236619851862,16.917846628289105,11.100000000000001
6.104863350249421,16.905330093550777,11.1
6.123661453045818,16.854441119669314,11.099999999999998
6.218491127438572,16.888598298971875,11.099999999999998
6.188534048887669,16.939248436198,11.100000000000001
6.1121219273501275,16.933410238133177,11.100000000000001
6.422884337746965,16.953707090117017,11.1
6.115638030045561,16.991670198400012,11.1
6.083422527985938,16.89578570861753,11.1
5.916153953553023,16.770159586854515,11.1
5.887989996674841,16.79706291101188,11.1
6.3053449598429046,16.990389106309713,11.100000000000001
6.536449310116571,16.830046971930756,11.100000000000003
6.6905448270493055,17.120787155628808,11.1
6.73957948861203,16.764354582229217,11.1
6.453678164168547,16.87558190304335,11.100000000000001
6.321648044824235,17.09624432721322,11.1
6.365635400352286,17.174472092010234,11.1
5.8094729700026315,17.034908747659102,11.099999999999998
6.105163534312326,16.98541695152208,11.1
4.863261503582706,16.81600851680626,11.1
6.356023849583254,16.804967738652792,11.1
6.671787888607534,16.690803269999996,11.100000000000001
5.849288088946978,16.690803270000007,11.100000000000003
5.780687347711907,16.72388527392518,11.1
5.837320921738455,16.78047702447976,11.100000000000001
6.056435283571853,16.814852674122243,11.1
6.501986321667766,16.833305088206796,11.099999999999998
6.396468808697733,16.818156363644956,11.100000000000001
6.890066906436783,16.809574895383825,11.100000000000001
6.0611666619173725,16.876536740286905,11.099999999999996
7.118242801071334,16.743220625501998,11.099999999999996
7.130639772947685,16.743911835563846,11.099999999999998
6.375903347643257,16.92365461981423,11.099999999999998
6.5690099480316135,16.993234373649702,11.100000000000003
6.656731388824215,16.89421952229882,11.099999999999998
6.555985708881297,16.908265438881767,11.1
6.901291624570718,16.88361010629036,11.1
6.9570462166435965,16.804871990658818,11.100000000000001
6.4102832242271255,16.97133980824788,11.099999999999996
7.182517634223216,17.283347097316337,11.1
6.696367719819069,17.1812908432069,11.099999999999996
5.89449144951431,17.04364036153359,11.099999999999998
6.22941681759953,16.968168123947304,11.1
6.429361270731143,17.109459541985597,11.099999999999996
6.667628912374468,16.949147705026913,11.1
7.041175248545175,16.8143407373711,11.100000000000001
6.862194484997654,16.990964488155214,11.100000000000003
6.650000697889311,17.062858563109337,11.1
6.584979453713423,17.07322709796496,11.1
6.947522046804616,17.214055488809564,11.1
9.91762464231429,20.665536977033852,11.099999999999998
7.363717244920785,17.78291986983406,11.100000000000001
7.907029838099821,18.048074323698113,11.099999999999998
7.874866728667569,18.592961043798464,11.1
9.370370342399925,19.764277537880943,11.1
8.804045770169127,19.29493671936541,11.100000000000003
8.602605205928391,18.861361192925457,11.100000000000001
8.858667549783029,18.89819030014391,11.099999999999998
8.557159458678177,18.743391586459474,11.100000000000001
7.7669005492549275,18.19735546906607,11.099999999999998
7.851737512941703,18.057306449545827,11.099999999999998
8.196651941880795,18.47956740241565,11.1
7.9671015675119055,18.95918513287235,11.1
11.220853272460891,21.948680753773917,11.100000000000003
11.625249249459602,22.06459871737664,11.099999999999998
9.761222198884296,19.29058784943901,11.1
8.3456289558713,18.353703615738933,11.100000000000001
9.605389083447106,19.515392980726293,11.1
11.44579549547321,22.89264788898113,11.099999999999996
11.678898651248224,22.548784044668285,11.1
11.254167558537718,22.538856386497024,11.1
11.098841110250936,22.260548639355935,11.100000000000003
10.526351013061172,23.583793213286253,11.100000000000001
11.390309670404491,22.490752974014754,11.099999999999998
9.42045019737091,22.991636620522677,11.1
8.707066719117664,23.56199715275721,11.1
10.779218491107018,23.72748263114104,11.1
7.445423315295607,26.456426990108735,11.1
8.253823367226289,26.001184040633913,11.1
9.437295210066084,25.530433913371837,11.1
10.211762273814278,25.745013804220466,11.099999999999998
9.835989124450002,25.220878820896846,11.099999999999996
10.22774866340097,24.64278036126581,11.100000000000001
11.106335155507958,23.840702173789403,11.099999999999998
7.2459504131092665,26.22114533778512,11.100000000000001
9.466831984323258,24.814151532117418,11.1
7.839970230489715,27.32701165480247,11.1
7.424622728100469,26.194686492596198,11.100000000000003
9.461043658053068,26.204587064440858,11.1
9.187980039412304,25.999090988832435,11.1
8.119287376881987,25.93343778576695,11.1
10.099266468869303,25.29789268169125,11.1
9.340953518278024,25.915729180302264,11.1
9.996298581564522,25.610921494433207,11.099999999999996
8.940812423419473,25.179569683090392,11.099999999999998
7.61095345964788,26.28336553799901,11.100000000000003
6.934587461355553,27.970952191667003,11.1
6.929019933313488,27.074412058827953,11.100000000000001
7.522059381628946,28.23897482907747,11.099999999999996
7.1503530455302995,28.11345808960506,11.100000000000001
7.125657934292535,27.20743032056852,11.1
7.224030106336156,28.19366001080271,11.100000000000001
7.2895736470639365,28.215628878832874,11.1
7.7958345252579235,27.94224433087518,11.1
6.875575872490589,27.137680364222632,11.099999999999998
7.38233680126424,28.28571900658841,11.099999999999998
7.630467927199041,28.15867753499655,11.1
7.5238328761567415,28.05851253689182,11.100000000000001
7.706842494627891,27.987844656354028,11.1
7.976552584345676,28.05454754855829,11.100000000000001
6.65046747141179,26.85690910097558,11.099999999999998
6.751844400940107,28.105689413700432,11.1
7.230218997002846,28.213930462768918,11.099999999999998
6.915699601691332,27.537529334385308,11.100000000000001
7.69785807188433,28.44750698211688,11.1
6.95327335367472,28.233652737669924,11.1
6.533674455541674,28.084236189698032,11.099999999999998
6.42002230591049,27.22619383697373,11.1
6.527636886212981,27.299835559001366,11.099999999999998
6.627734490796295,27.253195480681768,11.1
6.738911811206474,27.401123473560578,11.1
6.2564928640585835,26.552077610128446,11.1
6.65960697379188,28.242280504896335,11.099999999999998
7.259647005498261,28.109533182065505,11.100000000000001
7.073786491760897,28.13786996069843,11.099999999999998
7.220073422094436,28.275575127913704,11.1
7.182598510074054,28.293098321505866,11.099999999999998
6.986754959798017,28.11271061722249,11.1
9.39891650428027,17.19145021909185,11.099999999999998
7.994273409606191,16.8226907396975,11.099999999999998
7.191858690754956,16.83492551612004,11.099999999999994
6.881177440846148,16.69080327,11.099999999999996
7.7785134433239955,17.039023637570505,11.099999999999998
6.997086783900942,16.851427152934534,11.099999999999998
8.803417462597288,16.800566321869155,11.1
10.115067106216976,17.5466333433038,11.1
7.720330372130903,16.749385609650492,11.1
8.691008414825118,17.30178980236101,11.1
7.879067549540465,16.774674213400296,11.1
9.006433628938996,17.393638632984832,11.1
8.972137729217751,17.83778846363929,11.1
7.553675604220771,17.329320268231456,11.100000000000001
10.158551959050813,17.55088494178637,11.1
5.724479222187937,16.85998812443975,11.1
6.676313389431655,16.925341462209527,11.1
7.215690566744277,17.316079765628622,11.099999999999998
9.585985300004108,17.697813615497456,11.1
8.806130991169086,17.22663694890191,11.1
8.511587308177097,17.508046763744993,11.1
7.700895602183823,17.426491915175458,11.099999999999998
8.224887924604591,17.270357388341253,11.099999999999998
8.639134525896877,17.57967117389168,11.1
11.774214512790818,20.20060653949021,11.1
9.575721229667453,19.42930603498421,11.099999999999998
11.535933567685332,20.346038931056132,11.1
11.533307499910485,20.22884219977798,11.1
11.933121316512239,20.75554553624718,11.099999999999998
11.356089420864723,20.402154695088175,11.100000000000001
11.502115507317152,20.237445011440535,11.099999999999998
10.771873930479897,18.496607389830025,11.100000000000001
11.64564455435262,19.069406794514876,11.1
11.322836948878823,18.95384221094714,11.099999999999998
10.786415803545001,18.853798821294188,11.100000000000003
10.89103027281741,18.836871912098193,11.100000000000001
12.117085964225485,22.57768625074683,11.100000000000001
11.978757001414658,22.632789163315078,11.100000000000001
12.16288274306294,22.100412840201553,11.099999999999996
12.387363491745296,22.15113854726384,11.1
12.554081843494936,21.708171508403336,11.100000000000003
11.9048981278591,22.621856560520445,11.1
12.16076485969788,23.852127911237925,11.099999999999998
12.503665632769964,24.24677912753562,11.1
12.144605047793364,24.071388877661484,11.099999999999998
12.180317647811655,23.82493514443097,11.1
11.99448277134365,22.914261395944386,11.100000000000001
12.454236940725318,23.983134664161703,11.1
9.554344295259527,26.77702180062065,11.1
10.60771091440385,25.817223103497206,11.1
10.43957487393026,25.68839214952175,11.1
10.878519400492383,26.736276507590848,11.1
9.925634216039503,24.66159908253601,11.1
8.514917919914927,27.419427880623694,11.1
10.86779707902544,25.23106658730054,11.1
11.415539929380007,25.50778105940193,11.099999999999998
10.196601489277354,26.287881867192507,11.100000000000001
11.563317161974048,26.44199006421158,11.099999999999998
11.355795676477694,26.61182431680794,11.1
10.620396630356046,25.785387252636895,11.100000000000001
12.804026411828824,27.780762127613794,11.1
11.772215099716027,27.78064487977275,11.099999999999998
11.572272774416149,27.93600981806469,11.100000000000001
12.220700368564357,27.846524466917653,11.1
12.736344855448296,27.646922868153464,11.099999999999994
12.467732563177151,27.89049081012641,11.1
11.761962585551359,27.960198411977295,11.1
12.128041754242762,27.821737832862464,11.099999999999998
11.59838540207635,27.89397314037309,11.1
11.571211862304636,27.8105925377009,11.100000000000001
11.716191487917143,27.989574814785346,11.1
11.879310027847321,28.094580666730607,11.100000000000001
12.59691725700226,27.932815612929936,11.100000000000001
12.51280744962987,27.909327236401165,11.1
12.466269588396584,27.833569909401348,11.099999999999996
12.278100376302783,27.879099077600642,11.099999999999998
11.354923286931346,28.057885908944915,11.1
12.24636854417561,27.8680362289261,11.1
12.26318327160859,27.977444794750326,11.099999999999998
12.414220903577426,28.055218830518026,11.100000000000001
12.388659588557084,28.05367216735056,11.100000000000001
12.356193333716012,27.975168554059003,11.1
12.315225077248089,28.07220952240526,11.1
12.510682480832273,27.950270687522977,11.100000000000001
12.722547986752353,27.78762807514209,11.1
12.618798744062595,27.77031729451766,11.1
12.629882103863602,27.6723611457168,11.099999999999998
12.710109937823413,27.68981022812034,11.099999999999994
12.623209541712994,27.808780726982764,11.099999999999998
12.563989240280643,27.904097495562247,11.1
12.65669235956257,28.024431718406703,11.099999999999998
12.613123515033903,28.082029282861207,11.1
12.358328292475194,27.90218941055395,11.100000000000001
12.244547277553231,28.009853816721563,11.1
12.092475338640714,28.00236228597583,11.100000000000001
12.461544767836248,27.910954525171515,11.1
12.763760793860584,27.9479240133614,11.346904176061956
12.735873452793626,27.644034822984676,11.100000000000001
12.423709480034239,27.981699770329172,11.1
11.884560144332173,28.16014417346847,11.1
12.266254677696484,27.899435175324133,11.1
12.562090645819248,27.702467722711226,11.099999999999998
12.90445788,28.001768726977673,15.539328844066643
12.904457879999999,27.03866258078122,16.69173091522331
12.488207202430972,25.90447115002548,17.617203140028398
12.679995874333324,25.770132600297554,17.775028643161143
11.600208780576295,25.129406489957766,18.149891995669503
12.242640052765914,26.98435498640425,17.427358045918563
8.91571952809279,26.763195182555076,16.98482237962757
9.058049194196007,25.616998312113186,17.630254724851785
8.391005042482915,26.554500890292307,18.124603095689785
9.781701912801921,24.994677213926014,18.5
6.6192605075965325,27.702896081794254,17.747669833290555
8.611814176036903,28.128122862211075,17.69899438087322
10.572393764331311,23.43552473630559,18.5
10.300483150831994,23.396809167187165,18.5
9.95387924462345,24.07236383370369,18.5
11.032976212196374,25.004930046735375,18.14377043233892
9.072816482061512,25.013800569314505,17.608314924114353
9.387873267081996,24.29153776238489,17.715642702397183
9.526434818441148,25.12666055328127,18.5
9.930344907215634,27.27663379880347,18.5
10.08019337500449,23.967096381057235,18.5
10.146618074822014,23.98526139448107,18.5
10.839423484184532,23.646661997365648,18.5
10.131010061626837,25.710665253518364,18.499999999999996
10.548097268104378,22.55517182072922,18.5
10.702098410650425,22.889983007013452,18.500000000000007
9.746269513201899,22.023447092573523,18.5
10.451753010505483,23.33281629582538,18.499999999999996
10.590448409032216,23.28671420325439,18.5
10.232029180724274,23.429924590420676,18.500000000000004
10.717916283917226,23.407197831312168,18.500000000000004
10.507106988398593,22.978295431637402,18.5
10.714890677943359,23.165957950216583,18.500000000000004
9.937277544240546,22.219490382393587,18.5
10.103978480694666,22.718706615775428,18.499999999999996
10.044477151088568,22.19356629867278,18.499999999999996
9.825217993939942,22.847316484413962,18.5
10.075718820131748,22.986006348337632,18.5
11.361653360104702,22.021481716308493,18.5
10.950307813676389,21.788596988172074,18.5
9.396382992926268,21.963381594493676,18.5
9.440431984796737,22.006123456863918,18.499999999999996
10.6392021676262,23.031727226021083,18.5
10.426553102950786,22.722643607793504,18.5
11.450380428595654,23.79084632028489,18.5
10.299016212332404,22.62264624787218,18.500000000000004
11.618850983529006,24.27179308844933,18.5
10.943542570083459,23.07481286907167,18.5
10.88050691178661,23.222673963170617,18.500000000000004
11.000473702465587,23.361500440544322,18.5
11.872528845317841,20.887927439822892,18.5
11.817299431479839,20.64776946027209,18.5
11.299341062848391,21.245061859083677,18.500000000000004
11.23576169309211,20.301047148458785,18.500000000000004
11.244950239713118,20.26399163105723,18.5
9.887544472203416,22.181091640996705,18.499999999999996
10.959643414886655,19.792072051988786,18.5
9.055568269541014,19.79916062973267,18.500000000000004
10.511853133876615,21.735413677571383,18.5
8.829262879178321,20.26996620208978,18.5
12.319383874039593,19.869326593757837,18.5
9.755760069283712,19.59424665846652,18.5
11.156596572888203,18.918513733979985,18.500000000000004
11.661280670134353,19.056898157560905,18.499999999999996
9.789543105727516,20.49911667207673,18.499999999999996
11.454370273456886,19.309493635189696,18.5
9.116415041875905,20.299637052353287,18.499999999999993
9.011423102218501,19.30902372219417,18.5
9.132631244654245,19.440810862497546,18.5
9.695292994947806,19.537803978808014,18.499999999999996
9.556429492123142,19.110628582055565,18.5
7.572398695104272,18.68277005787608,18.499999999999996
9.104513533561159,17.69325547384138,18.5
8.762533545355021,17.80849778407646,18.5
11.003175629244105,17.727857272852493,18.5
10.726253023141826,18.87147112486949,18.499999999999996
9.931018185888345,17.77874217249427,18.5
10.530927888070677,18.688259569469928,18.500000000000004
9.584020877886351,17.228720445577412,18.500000000000004
8.75255876841221,19.833761882464383,18.500000000000004
9.417878186256086,18.89253127264039,18.499999999999996
9.853597608619166,17.354672061463063,18.499999999999996
10.695950436980075,17.398895744796956,18.500000000000004
9.317148051215707,18.436820898377576,18.5
8.097816732840377,17.12462285187704,18.499999999999996
8.2616984103319,17.165900079772978,18.5
8.143284085009217,17.099972889535668,18.5
7.5300825309034245,16.994604130479285,18.5
6.93068586829892,17.077894174319614,18.499999999999996
7.413466550864132,17.026419115000724,18.5
7.613855273678919,17.300819907375296,18.5
8.264716166502811,17.00124956510736,18.500000000000004
8.324073347233366,17.064589553397887,18.500000000000004
8.238062922292004,17.51405120386517,18.5
9.052455545366271,17.301387601485516,18.5
7.873525731291041,17.60930534758521,18.499999999999996
8.800209596411769,17.06633517553532,18.5
9.437274883675887,17.406989056779256,18.500000000000004
9.277626720610387,17.478340748587566,18.5
8.440398092118835,17.1914177885967,18.500000000000004
9.081912774777948,17.273408314152665,18.5
8.172146047149345,17.322952281808238,18.5
5.120530565102199,27.655284927556107,18.5
5.020384446566777,28.39990137477332,18.500000000000004
4.7279338291892445,28.8357221377028,18.499999999999996
4.675262181888583,28.61586772023309,18.5
5.09737458121873,28.26496565975747,18.500000000000007
4.789903465532397,28.58243519253019,18.500000000000007
5.62540488439147,27.918937043564934,18.499999999999996
5.607915017547669,28.100169306136074,18.499999999999996
5.591397340421404,27.806866915157702,18.500000000000004
5.521510770432267,27.819363653244004,18.5
5.591519416783798,27.906344275472854,18.500000000000007
5.642039103416216,27.88018686636589,18.500000000000004
6.568333752779709,22.992556525729707,18.5
5.67401589347847,26.907333127318473,18.500000000000004
6.385456512254793,23.428417720601136,18.499999999999996
8.664098029381396,20.121032999508095,18.500000000000004
7.452433163361014,20.46794895108732,18.5
8.341763063624455,19.905481970436682,18.499999999999996
6.049866399641981,25.530647566247005,18.500000000000004
6.280731485045626,23.650912992767836,18.5
6.047909366336456,24.986463470017085,18.500000000000004
6.376989131454882,24.347517389504183,18.5
6.399497946140133,23.56072818808224,18.499999999999996
6.141185560321136,23.953556705840594,18.500000000000004
9.22473903611881,22.291241894354204,18.499999999999996
8.335734898400986,23.27977254585893,18.499999999999993
8.31566014904458,23.20990052886916,18.500000000000004
8.801945499962478,22.614237139473502,18.5
9.287692181292513,23.0510168830788,18.5
9.152911245563141,22.6455543186419,18.5
9.004463422605117,23.291654234236194,18.5
9.356212818201604,21.615433614137967,18.5
9.142314107920633,20.844810514359477,18.5
9.324844668166943,22.38499833754343,18.500000000000004
9.60332341597509,22.294511011030412,18.500000000000004
9.107967098030995,23.410882735098873,18.499999999999996
7.721229905210625,18.44319408982104,18.5
6.411774435285866,19.715896025994933,18.499999999999996
8.393262691213794,22.950683354691648,18.499999999999996
6.31463542040587,18.483398477650564,18.500000000000004
7.301041910243682,17.901968926489943,18.499999999999996
7.541112661156085,22.09854789258456,18.500000000000004
7.3020044537007065,20.846739946926093,18.499999999999996
7.927806112979647,19.064998902566057,18.5
8.044952098986505,22.651734473267954,18.5
9.839605254920384,23.314074394789497,18.5
8.801475947385258,21.932004384936864,18.5
9.13866865220586,22.0994010146921,18.5
7.007839061645577,19.39884656310341,18.5
7.109625822546664,18.42370363265386,18.5
5.952181396590208,19.588216444485226,18.5
6.588287852459451,18.6141037073072,18.500000000000004
5.22673070841074,19.58522248784034,18.5
7.603700944356897,19.40427916501358,18.499999999999996
7.512986416788077,20.378082614822087,18.500000000000004
8.5635725162106,19.201891319217395,18.499999999999996
9.22526895821449,20.3076674586344,18.499999999999996
8.882872663931293,20.255324033582962,18.499999999999996
9.314424746722782,20.480487859076803,18.5
8.428220324319701,21.14017215262138,18.5
9.161204243645464,19.907606226247434,18.5
8.32760737443421,19.00365572232321,18.499999999999996
7.972601313498677,18.885587860129547,18.5
7.192005854238033,19.18467157749895,18.5
8.105580622270177,18.644059143867757,18.5
8.492797850781951,18.72147298454581,18.499999999999993
9.885125578162443,22.33038162483889,18.5
9.861145869390109,23.115159065231687,18.5
9.1283675126186,21.27446246845417,18.5
8.174082116064595,18.925099512478035,18.500000000000007
7.9586380292076395,18.840032112371613,18.5
8.208772039999628,20.41306201358258,18.5
7.482299340646492,19.593691476669,18.499999999999996
7.882570239839911,18.505644842206625,18.5
8.115063432331393,18.077447301655294,18.5
7.809380740683888,17.903232267795932,18.5
7.566187499574785,17.44059347210998,18.499999999999996
7.5410355704317125,17.708405025757852,18.499999999999996
7.272735725120465,18.34735750450349,18.499999999999996
7.592018723988498,17.753566539127455,18.500000000000004
7.269240493879139,18.180558771276495,18.500000000000004
6.8969732169104025,17.229721825020164,18.500000000000004
6.810572614207222,17.781716807200244,18.499999999999996
6.899580665030951,17.689884213069575,18.5
7.9405496159351765,16.84738473028284,18.499999999999996
7.28493747364357,16.929634567098248,18.5
7.583632550945984,16.907674884087243,18.5
7.967241963141957,16.83383618865552,18.5
7.453979242970575,16.892678460090764,18.5
7.816452487037009,16.83707952648591,18.499999999999996
7.116452425184302,17.32171048484336,18.499999999999996
7.768980308431701,17.181710219391636,18.500000000000004
8.028092509876839,17.28508084599985,18.499999999999996
7.980025413090334,17.38973966404954,18.5
7.77669355074605,17.144244793211097,18.499999999999996
7.659502081789417,16.95100710159505,18.5
8.283438120968635,17.086956022901102,18.5
8.031174421136594,17.343032973034923,18.5
7.6650837190912995,17.580176953949348,18.5
7.6219358535543895,18.12651544305487,18.5
7.854149944161793,17.64568045521323,18.499999999999996
7.951720216669381,17.668887374716135,18.5
8.216941501356391,19.289521706146704,18.5
7.680602263490688,19.290743955570576,18.5
7.677447197603256,19.213871086239568,18.5
7.63002564965868,19.26171259914034,18.5
7.636854621497399,19.338747934695718,18.5
7.668186646643821,19.258883770881763,18.5
8.589054729158352,20.28305909639314,18.5
8.024850314676769,19.3787545240873,18.5
7.794743025610051,19.303790646868112,18.500000000000007
7.542410665372776,19.79121032981219,18.499999999999993
8.206699743235712,20.06583369721302,18.5
8.280626861042915,19.734955826895867,18.500000000000004
7.708544520636386,21.272346338976362,18.499999999999996
7.521234151604244,19.92699395724477,18.5
7.755129009198124,20.46679292447837,18.500000000000004
7.726304724687373,20.068641563548947,18.499999999999996
7.585367690823786,19.925104723681475,18.5
7.461134902190058,20.120975888942752,18.500000000000004
9.364320597733713,22.1012448708463,18.499999999999993
9.815265511816051,22.302221284957724,18.499999999999996
9.907097911132208,22.651795805967026,18.500000000000004
9.672578549229424,22.380307292750008,18.5
9.457777201796066,22.251047253026712,18.500000000000004
9.554879411424116,21.856057486124207,18.500000000000004
8.437660366848016,19.92437175549158,18.5
7.310480885806454,18.321421300879766,18.5
7.826075603103307,19.68211349107169,18.499999999999996
7.328159724328942,19.086236090428322,18.499999999999996
8.860026762259878,21.889671565721045,18.5
8.492633506284461,20.22665808301893,18.5
9.7050967946745,23.033355232164975,18.5
10.055449725147158,23.154168054324714,18.500000000000004
9.888184453787758,23.065036656634305,18.499999999999996
9.898212726155615,23.068990101077155,18.5
9.847430139024402,23.084118045586717,18.5
9.408043749234011,22.96359623898427,18.499999999999996
5.787824278953834,25.728684895686257,18.500000000000004
6.017748118396724,24.915839825219866,18.5
6.144199099238581,24.079939592337272,18.5
6.613026361854112,24.383543411550153,18.500000000000004
5.9831381571805204,24.89905948834064,18.5
6.333396079913208,24.676380265318965,18.5
9.87762551847531,23.58542139683191,18.5
9.482304621710192,22.593592226451698,18.499999999999996
9.007815928908293,22.986783922447415,18.5
9.289688471829082,22.10720868601105,18.5
9.178485833696554,22.98178853944065,18.499999999999996
9.561121857652072,23.124004013291483,18.5
7.907812585389351,23.94921619371099,18.5
8.293886309249379,23.12890640458875,18.5
7.206730639973051,24.096511668285352,18.5
7.414912726512962,23.748543056226733,18.500000000000004
8.180760571555377,23.026524714443124,18.500000000000004
7.765626836612752,23.458078571152143,18.499999999999996
9.977761144319222,23.210509486466005,18.500000000000004
8.95499313011627,23.932335431563455,18.5
9.603161628282079,23.892792483287224,18.500000000000004
8.845670424463702,23.74217262012379,18.499999999999996
8.648985562748452,23.738810077067022,18.5
9.967920473526227,23.738060636657377,18.499999999999996
6.924705266264852,25.78215050114011,18.500000000000004
5.734782062386286,27.493407192863216,18.499999999999996
5.188889250786085,28.010961341816436,18.499999999999996
5.277084932648024,28.077358045934165,18.5
6.301175142922236,26.749364864384123,18.5
7.111127569827017,25.30133605397795,18.499999999999996
7.600189242410336,24.99670827647971,18.500000000000004
8.284400170619891,24.860253963473543,18.5
8.174124330820657,24.910589988538955,18.5
7.265399777106982,24.350432746535258,18.500000000000004
7.784015014735992,25.61555061478092,18.500000000000004
7.289171948597942,26.423200722390774,18.5
5.3993715633392885,28.069878472599935,18.499999999999996
5.324033609046754,28.382750285723837,18.5
5.4538331020155795,26.88726922016419,18.499999999999996
5.938502710495484,27.100826551999702,18.499999999999996
6.226643501747963,25.194744022633795,18.500000000000004
5.486474493009529,26.284854315141487,18.5
7.066423380049664,27.248029165797963,18.5
5.528719077433482,28.30551431168503,18.5
5.612980092786303,27.958496679417994,18.500000000000004
6.051375031996873,27.432755083643215,18.500000000000007
5.6101709214917435,28.029531411461978,18.5
8.024144417327793,28.050075962688567,17.67470294145834
6.1970781787290505,27.526122500710997,18.500000000000004
4.913556495128216,28.40195140763866,18.499999999999996
4.889641128689019,28.463918637716223,18.499999999999993
4.975391601207605,28.34022353267341,18.500000000000004
4.888964779693171,28.734888189562643,18.499999999999996
5.138877930076184,28.5727066455502,18.499999999999996
7.887684604676825,28.62484512428966,18.100233276044072
6.447796503243551,28.261973715819636,18.5
5.996820785852752,28.256343617131805,18.499999999999993
5.936990747141184,28.266877196733216,18.500000000000004
5.812271676512892,28.309567304376763,18.5
5.825710678168691,28.33766548368226,18.499999999999996
8.508473516927042,26.94533897488513,18.5
5.840172907135713,28.31797719651595,18.5
5.446551207061429,28.250081518798876,18.5
5.709526378897427,28.217554337595715,18.500000000000004
5.49926441606509,28.041165743545694,18.5
5.93905805207395,27.75281033260559,18.5
9.229322539227889,18.241986513422766,18.5
10.832551064986628,18.30245233211986,18.499999999999996
9.964915036260603,18.238467183953944,18.5
11.046588055372833,17.99703729063801,18.500000000000007
11.144140099116832,18.131461531347508,18.500000000000004
9.710100926549744,17.767730148986008,18.499999999999996
8.554187527980652,17.211379256922008,18.5
8.763902616495693,16.993584383866875,18.500000000000004
8.856109241737043,17.08017258969609,18.499999999999996
9.294721143336579,17.45485988020326,18.5
8.614215959257388,17.17819880348172,18.499999999999996
9.196325084595287,17.544518269659836,18.500000000000004
11.021345659271635,18.7531321486645,18.5
12.4700342489723,18.538431496077443,18.5
10.655785447719989,19.71296071884183,18.500000000000004
11.415251597113585,19.1903668250111,18.499999999999993
11.341480149619807,19.09015005920658,18.5
10.438714356179084,19.224896768052588,18.500000000000004
10.547360326958309,18.779579577561517,18.499999999999996
11.247581402020542,17.918572089053335,18.499999999999996
11.535717022503185,18.794918551616135,18.5
12.27085828646954,18.444316657883828,18.5
11.649676510476231,18.110558979188383,18.499999999999996
11.493282346128307,18.800349938830053,18.500000000000004
10.136026214717015,21.17946965546578,18.500000000000004
12.046409388744811,21.085863097378038,18.5
10.714585352067921,22.652147588509095,18.499999999999996
11.629142109586486,20.33232523456633,18.499999999999996
10.050039873500442,20.548420033263454,18.5
12.438916970485533,20.456491160858924,18.5
10.468712755883065,21.142267876803622,18.499999999999996
10.632805911959872,21.77512100267743,18.5
10.995534087017129,22.408199793605174,18.500000000000004
10.91407919594042,20.16691576835981,18.5
11.198011330331145,20.94209360106241,18.499999999999996
9.971585652034236,20.65147040273393,18.499999999999993
10.589775696145495,23.226849899170876,18.5
10.142423614662775,22.80520103356163,18.5
9.47835324866928,22.35515549638563,18.5
11.126776868825315,23.19909177461232,18.500000000000004
10.040365754563116,22.785458214981233,18.499999999999996
10.014195028339685,22.115999189467765,18.5
11.39844372272682,21.490183752487606,18.5
11.471919019586904,19.81489772640001,18.5
11.088333592107183,22.458601879606547,18.5
10.147876049674494,23.479091153328245,18.5
9.149494809636725,23.066273747050516,18.5
10.416277076798805,22.656618796197368,18.5
12.038267489895848,24.07282889603328,18.500000000000004
11.6149511628227,24.22411867700996,18.499999999999996
11.992918379890993,24.505182440568486,18.499999999999996
10.998562702707767,23.827411565421947,18.5
11.022620817384809,23.947948302867893,18.5
11.18026082143303,23.353940263622672,18.499999999999996
12.117853853522277,24.372517016303465,18.499999999999996
12.363362903605331,25.353774334647024,18.021480587752066
11.639097184978304,24.60732144632541,18.499999999999996
12.189589038856408,24.962747306518036,18.500000000000004
12.325286006179752,25.555907732863485,17.935793968856004
11.569239605819025,24.482073542009843,18.5
10.35339111163762,23.87198994791786,18.5
9.90787749063671,25.6856621198373,18.5
10.991260582626406,25.53885358081309,18.16808651421084
10.635086874660663,24.11597713490479,18.500000000000004
11.751035983888764,24.66805788982931,18.5
10.298015279539843,23.840549564130715,18.5
10.288305271194776,23.807150360558765,18.5
11.03187222330782,24.942331621137996,17.810299369501625
12.350149966230173,25.345076198931388,18.191058410642505
11.234479324884816,24.0643136776049,18.500000000000004
10.942120291136337,24.213161932741663,18.500000000000004
11.434409651466423,24.068462271838126,18.5
12.904457880000002,27.663217111152136,15.662734441000806
12.072925070795872,27.949470706532512,15.663362356408584
12.022658027852478,28.0752668145041,16.762710641244105
12.342173340166584,28.20581926296068,15.682037208268113
12.730993182310966,28.032715774581852,15.984614078662176
11.796278356800576,28.01159791568482,16.760032874758387
12.5957511298853,27.82397593490014,17.23292802885432
11.650407003853728,28.18740003809019,16.80689627618153
12.686442561601948,27.61146706794018,16.622626727213138
11.9153097835554,28.22572815229096,16.913515882985493
12.351661732714089,28.66268427300684,15.317010128362103
12.454237365042818,28.53033980157882,15.245804249994833
11.803027875070704,28.649559280875042,14.595576097301713
11.845077337041776,28.36522058257936,14.215189478157718
11.444305886659068,28.486206421720027,15.475503953290573
11.468424170218064,28.594264410758242,15.442972829694781
11.011954897556475,28.542306104053264,16.196124490658907
10.287756247800926,28.36166910246335,16.323968466339164
12.203565084447348,28.776450040569138,16.067638439794063
12.90445788,28.26571618592836,14.51875125419224
12.904457879999999,28.35929264810555,14.224171470391283
12.767402888299971,28.660880456971334,15.11297345686798
12.904457880000002,27.998810517821163,13.768219402749683
12.281617198286428,28.727999394627023,14.992202662246106
12.21538085806428,28.633417400856153,16.560415968179626
12.480510926478997,28.995643591380727,16.228838628498725
12.142781168386636,28.958159474787987,16.577187674358292
12.90445788,28.42876674009284,16.579774450226882
12.51472340436109,28.8003807650642,16.674314807379464
12.494040557564944,28.64833487348463,16.7049132493812
12.786685419959497,27.721609939006356,11.1
12.656103141725868,28.03474552448088,11.100000000000003
12.520342432765181,28.222487717840036,11.1
12.666395993057204,27.949433900434254,11.100000000000001
12.742719567684016,27.892579116521606,11.100000000000001
12.789461280440694,28.087686048256344,11.1
10.84715868628685,28.005990327317406,11.1
10.99364843011168,28.184237538402726,11.099999999999998
11.999347426982585,28.06826501565542,11.100000000000001
9.986374442909018,28.280037857670067,11.100000000000003
11.589312405004618,28.04047163388897,11.100000000000001
11.927421195935025,28.16764423381117,11.100000000000001
5.607678645341522,28.457100643274376,11.100000000000001
6.007632161662514,27.329222098036418,11.100000000000001
5.906610106107702,28.201304886239907,11.1
6.062949704099168,28.074996671391304,11.100000000000001
5.5278619509684965,28.232215685202117,11.100000000000003
6.071949849512777,28.105800185314376,11.1
12.667205799426682,27.598479431107815,11.100000000000001
12.302274495899871,27.971432183360953,11.099999999999998
12.163498808950116,27.966144269726936,11.100000000000001
12.607817802703856,27.669132755026798,11.1
12.402320420232888,27.910561361433956,11.1
12.486018954500684,28.03766899074955,11.290925452215092
11.814880086394407,27.846680587033948,11.1
11.012673651702626,27.928243073235677,11.1
11.528785966485527,27.62561151509028,11.100000000000001
10.640068110616646,27.593458816832346,11.099999999999998
10.834768793750898,27.84961070684827,11.100000000000001
10.527239090299464,27.041201126883685,11.099999999999998
8.784703757628153,28.196409302343596,11.1
8.141916847336363,27.95540997488421,11.100000000000003
11.209011200367913,27.582365092556383,11.099999999999998
9.650852948515148,28.10643108747629,11.1
10.399355691885706,27.54079126304975,11.1
10.712135373624838,27.810682634337176,11.1
12.745620087849634,24.268042077489216,11.1
12.715360088235895,23.936395721178755,11.099999999999998
12.689399821858512,24.646600781466763,11.099999999999996
12.904457879999997,26.698263592090676,11.099999999999996
12.676027604228565,24.16387034356388,11.1
12.724115992502577,23.734689579657694,11.100000000000001
11.151916709098368,24.811834296208897,11.099999999999998
10.165714016456919,25.74536302703823,11.100000000000001
10.312066873358846,25.44039471912645,11.1
11.428326876981167,25.39783777710039,11.100000000000001
10.459669634292448,25.530519502529934,11.100000000000001
10.14551363143426,26.805594983620438,11.1
9.99913530052892,23.061839223522576,11.1
7.879243021841917,27.470896351592703,11.099999999999998
7.359868742537397,27.69991529660353,11.100000000000001
9.172082363095583,25.836122669822565,11.1
9.970468741219165,23.21643466024639,11.1
10.067967726056839,25.355614012245862,11.099999999999998
12.76757005910175,23.671717159196024,11.099999999999998
12.830414631703755,23.855973534104812,11.1
12.801068615139052,24.048125272162554,11.099999999999998
12.539109799845543,23.851814738238577,11.099999999999998
12.610138399726656,23.23915705944473,11.1
12.660822346476804,23.53751166055454,11.099999999999998
11.679438089730239,22.31287606341736,11.100000000000001
11.605761554774622,23.687123916149417,11.100000000000001
12.17739545261997,23.99140912223521,11.099999999999998
12.330813649515369,23.410854118814708,11.099999999999996
12.276149339530685,23.552988782868923,11.1
11.471340688302972,24.403561763498082,11.100000000000001
9.339481904043508,22.0551156145934,11.100000000000001
8.514917952421225,27.41942771106643,11.100000000000003
8.176130531158236,27.383628426678097,11.100000000000001
7.900620668284023,27.0932029634715,11.099999999999998
7.541728606330333,26.14925574643667,11.100000000000001
4.194930556444313,22.158789085859908,11.100000000000001
12.771997807528292,21.408080795624993,11.942777808332941
12.355704634397018,21.382452429368133,11.1
12.19443444399702,21.92056086870206,11.099999999999998
12.904457880000002,21.499449060105874,12.142702129944011
12.625559902096747,20.925336175776923,11.1
12.715498781370712,21.305292463027374,11.335275108064344
12.615891093223906,22.11601727964952,11.100000000000001
12.74522261109942,22.487446521354364,11.1
12.499144150494715,22.371562419348564,11.099999999999998
12.793563442338003,23.256280099167654,11.1
12.788197389504003,22.417284399487837,11.1
12.701523912280377,22.068733912898228,11.1
12.137734575808857,21.960703148879855,11.1
9.352667678146867,21.11130914706211,11.099999999999998
11.947805840897237,21.957493444082463,11.100000000000001
6.647439574263103,22.875511617168364,11.1
10.241096676597259,21.5036473651684,11.1
8.982875726004613,22.040324131378974,11.099999999999996
12.904457879999999,20.0994165041905,11.1
12.904457880000002,19.86115081780804,11.100000000000001
12.674547046253178,19.09204307488727,11.099999999999994
12.904457879999997,19.842477527271143,11.1
12.649494004529997,18.980875219627762,11.100000000000001
12.904457879999999,19.7719833977806,11.100000000000001
11.098166736238571,20.050139960217255,11.1
10.492190883838242,19.907085414424866,11.100000000000001
10.79644072278025,19.588761215834932,11.100000000000001
10.040686389462966,19.43420645061874,11.099999999999998
9.85148261798625,19.305140109277957,11.099999999999998
10.413829511493633,19.42025862800271,11.1
7.933395066896259,18.177726836247107,11.099999999999998
7.134775853974955,17.464721168221544,11.1
6.156550816564902,17.142649234193463,11.1
6.642188868995456,17.432044778377495,11.100000000000001
8.870900537905761,20.265698882346054,11.100000000000001
6.831889106639151,17.34962307721173,11.1
12.210121992107167,18.15460788661527,11.099999999999998
12.363398277628466,18.64039104017719,11.1
12.613069400346006,18.70115310493235,11.100000000000001
12.645719606522626,18.985871395858613,11.099999999999998
12.667837357248269,19.07492552378303,11.1
12.528062355862641,18.575575331333457,11.099999999999996
7.084260529543893,17.137283705714317,11.1
8.520902310521734,17.053410457980288,11.1
8.193611401131555,17.370154887262593,11.100000000000001
8.218113192442452,17.325094854204906,11.100000000000001
7.722571470589335,16.908956413529438,11.100000000000001
7.854443429287386,17.11342359263889,11.1
6.339591942719319,16.725522621238763,11.100000000000001
6.781246458705112,16.822108767358408,11.099999999999998
6.540617942275752,17.44627784446508,11.100000000000003
6.480435700333975,17.15863529341504,11.099999999999998
6.117712046219322,17.170146992121055,11.100000000000001
7.92709904702355,17.358388708002593,11.1
11.298693349324605,17.531243134218574,11.1
11.277791078826677,17.53234672324133,11.1
10.777342243381627,17.571273487792975,11.1
11.388376262345595,17.791176933281704,11.1
11.485686340246827,17.657931656262324,11.099999999999998
11.420992041625842,17.583526127322656,11.099999999999998
10.07491449867507,17.301750843949893,11.1
7.3251355098312825,16.87460816367254,11.1
7.617388388887413,16.87848407837509,11.1
8.310793036084787,16.956252021733007,11.099999999999998
10.364524097462096,17.02510486602809,11.100000000000001
10.654626906678995,16.958072507417437,11.099999999999998
5.841135127427796,16.84197456660139,11.099999999999998
4.8359719628675135,16.728232163194146,11.099999999999998
4.718740287390095,16.70734492847241,11.100000000000001
4.376731717068807,16.709482928753793,11.099999999999994
5.693134260874162,16.69080327,11.100000000000001
5.957499628619994,16.690803270320142,11.100000000000001
5.218839189390325,16.75545263556006,11.100000000000001
4.91546522959986,16.717428547342617,11.099999999999994
4.343461782500702,16.722859368686255,11.1
6.172877817634021,16.851122938368746,11.100000000000001
4.83842206844312,16.839740333726727,11.099999999999998
4.814920565908194,16.767480433625998,11.099999999999998
5.558991822921509,16.690803270000004,11.100000000000001
6.669909025542969,16.784342573561222,11.100000000000001
4.1253779175553245,16.69080327,11.1
6.373497986186357,16.690803270000004,11.100000000000001
5.462900911927759,16.758803103257158,11.1
5.692911111912207,16.72727891092178,11.100000000000001
10.43973699438224,17.123993613868205,11.1
10.775704039820228,17.83618845572105,11.1
10.853553793703535,17.58401301744268,11.100000000000001
10.664471086660836,17.520045212069853,11.1
10.6664817727781,17.54757755841489,11.1
10.817682236179515,17.638107000753198,11.1
9.602421390922245,17.55510443654535,11.099999999999998
8.51491725540728,16.69080372353354,11.1
6.432144947939331,16.698970485230948,11.099999999999998
7.914395736664197,16.812595121743573,11.100000000000003
5.3367383467983105,16.70981211754542,11.1
5.782922742396573,16.83553661273741,11.100000000000001
5.288677044398257,16.7325760260215,11.100000000000001
6.513776888173903,16.809024461151758,11.100000000000003
6.619352103778495,16.856361996859913,11.099999999999998
4.125377968225947,16.690803273164864,11.1
4.125377975489161,16.69080327761363,11.1
5.863784642667784,16.82885268631251,11.100000000000001
9.943317612749327,17.878518659735672,11.1
10.830314924882838,17.950306324733845,11.099999999999998
11.794674895407384,18.88674827346846,11.099999999999998
11.168391485063399,17.87036619077771,11.099999999999998
11.04989726913091,17.716139693906616,11.099999999999996
11.702128458456315,18.568354257507817,11.100000000000001
6.590453389883966,19.399187942172993,11.099999999999998
5.627548618592199,18.177145094422027,11.100000000000001
5.415359076445684,17.9846326503772,11.1
6.667629382205217,21.701058862444533,11.100000000000001
4.125378145604739,16.690803484971866,11.1
5.336531618989212,18.307294875221753,11.099999999999998
5.751538561490612,17.3239492831734,11.100000000000001
6.215539722861021,17.21489617093011,11.100000000000001
4.125378174437805,16.690803345413492,11.100000000000001
7.447537586723348,17.943897168259586,11.099999999999998
6.894532796623537,18.190096184172724,11.100000000000001
7.718543185931729,18.34420119692395,11.100000000000003
12.904457879999999,19.788643156083317,11.1
12.904457880000002,20.682145217982598,11.1
12.90445788,20.793312897389274,11.099999999999996
12.860888038434,19.971701193136454,11.099999999999996
12.904457880000004,20.266773455297457,11.100000000000005
12.904457880000004,20.009248756698877,11.100000000000001
4.125377945479536,18.478907612395552,11.100000000000005
7.150273313869841,26.58523674066598,11.099999999999998
4.995117533415978,22.41553741923207,11.1
5.102152717966683,22.70559026243695,11.099999999999998
5.681174977169217,22.994449278402936,11.099999999999996
5.893601796849277,24.597091013861487,11.1
9.5803285903406,19.678101287020436,11.1
10.073955388251642,21.32420663323197,11.1
12.430960612028018,22.56354581024615,11.100000000000001
11.608517330860174,22.157469582577615,11.1
12.495571316212398,22.413059063214458,11.100000000000001
9.90400251739919,21.204786954322596,11.1
12.650398906092184,21.03468515921771,11.1
12.764690681076187,22.335992250589257,11.1
12.90445788,21.45116036068639,11.100000000000001
12.904457879999997,21.818059888997254,11.100000000000001
12.853953468636616,22.30057592403268,11.1
12.788996238240852,21.732081453899564,11.099999999999998
7.726402466772102,27.5822641611415,11.099999999999998
6.89708303944033,26.317368422315788,11.099999999999998
7.382427802806354,26.94494517741299,11.1
7.309838267257465,26.940189383600238,11.1
7.484710340765188,26.904114344291457,11.1
7.339062104799402,27.447912225344854,11.1
7.9436811308872075,22.74589720885103,11.1
10.002831132298233,23.61866904818784,11.099999999999998
9.098340413413629,22.78973112113222,11.100000000000001
9.650898498874671,23.67049898709878,11.099999999999998
9.326202463418,25.623976132997207,11.100000000000001
4.125377993397657,22.05511570138181,11.1
12.783131741921586,23.262041221617622,11.1
12.904457880000002,24.721301021452906,11.099999999999998
12.77240194977854,23.160490802463972,11.1
12.90445788,22.948464639108273,11.1
12.780709015404996,24.18541819974312,11.099999999999998
12.781925428093682,23.358811622547385,11.1
7.277569494172372,27.17380350699414,11.100000000000001
7.483094826521066,27.67836257044548,11.1
8.51491787325368,29.20753198073625,11.1
7.892520532940587,28.54360490144547,11.1
7.801328147589988,27.693142378713134,11.099999999999998
8.514917868678825,29.2075319639189,11.100000000000003
11.071145501024427,24.49301676223162,11.100000000000001
10.172789904490756,25.493038015502872,11.100000000000001
10.732560716019002,24.624523727520945,11.100000000000003
10.137484222746368,25.678589475078514,11.099999999999998
10.388234252447074,23.80869743219618,11.1
11.281199779848237,22.995829435194917,11.1
12.52328515649528,25.550252179407213,11.1
12.755359350360079,25.899861674637606,11.1
12.323777095574231,23.78335246659596,11.1
12.904457879999999,25.36615360884993,11.1
12.726685039152779,25.28320360106462,11.1
12.734881962123346,24.808276595828644,11.099999999999998
6.106657218327493,27.887939727108385,11.099999999999998
7.1754428356751,27.74453834611797,11.099999999999998
5.7885491744411,27.804043215782606,11.1
6.164154109979428,27.172163098935442,11.100000000000003
5.917030355286625,27.913848699779717,11.1
5.888870688694598,27.910100219032927,11.099999999999998
7.810910861656462,27.568176423950888,11.100000000000001
8.62165702911033,27.58189735740739,11.1
7.865852710704176,27.98085604423706,11.1
8.500930976166556,27.93728854686254,11.1
10.222401954447273,27.742270741461834,11.099999999999998
8.147752218711409,27.593885621777503,11.1
12.612471912804672,27.67481191146641,11.100000000000001
12.573531757713848,27.561504486377174,11.1
12.820367726083983,27.539005142637052,11.1
12.620478903990564,27.740907419362813,11.100000000000003
12.522633369613864,27.82232430722345,11.1
12.524234846189511,27.67817002717968,11.100000000000001
5.608018151374693,27.90416056396472,11.1
5.149848008044079,28.321384794629694,11.1
7.039128190453605,27.372021292362625,11.1
6.0855152800892744,27.87429840566449,11.1
4.761320141563812,27.781036515632,11.1
5.192890467050486,28.236018873098722,11.1
6.352829825943183,28.59370488436764,11.100000000000001
8.584392163084232,28.35802055330365,11.099999999999998
9.094861108482652,28.213301524530458,11.099999999999998
6.298521068739594,28.579257726138962,11.100000000000001
9.928172203243513,28.08344808564652,11.099999999999996
8.555033488768569,28.451336807852584,11.099999999999998
12.79568117279562,28.041869246022426,11.1
12.760522790931283,27.686488815984436,11.100000000000001
12.80986980157565,27.841562422786815,11.1
12.65311437421861,27.913901449362946,11.100000000000001
12.598882171080707,28.035414544545343,11.100000000000001
12.689555472611884,27.99136605209932,11.100000000000003
12.904457879999999,28.109861554191784,15.357416804357916
12.904457880000002,28.576909409768167,15.020483469186036
12.90445788,28.317982758372775,15.093335916059475
12.904457880000004,28.267191685685024,16.0528663624204
12.904457880000002,28.37705552959801,16.151435224293305
12.904457879999999,28.26254543933967,15.230522825637639
10.981331327579838,28.50604158846033,14.227425972657347
10.249672293293424,28.794778780698817,15.10259102593009
9.356040423592797,28.627290280573924,15.70092975025152
9.941374025203473,28.574457735781035,15.1443460400757
10.13098989763397,28.36379502627449,14.432933072178635
11.327124670162398,28.57449313172787,13.730422052615566
10.410277842101664,28.325853191207848,16.784544220160765
9.785584100868059,28.654135904997723,16.53185117160368
9.816005753521656,28.598214652060864,16.550361614181693
6.692323252356852,28.889391045083293,18.0039573451908
9.675477936507558,28.448371625839933,15.791659659470117
8.077762300793216,28.883565409789654,17.709965825220248
12.904457880000002,28.243046792727768,14.45087425058487
12.904457879999997,28.448874897792926,13.142415330437178
12.904457879999997,28.15504426049261,14.93534428700762
12.904457880000002,28.24592723572378,13.130158518089514
12.90445788,28.39570807231991,15.623545297067997
12.90445788,28.311150706309867,15.274336377042927
10.785110838026583,27.703438483891787,16.428148074923346
10.128028829248784,27.30191208312503,18.5
10.876831150356045,27.271234666188157,16.722496837059165
11.417233977001214,26.629388064010968,17.870638382840735
11.045757892798337,27.19647116480404,17.09079310688713
7.817254384788344,28.140234609667473,17.95891165261353
11.222059618005892,27.27419226717193,17.625775616191657
11.347171484252096,27.427196967806385,17.760596748759873
11.91313261662195,27.33485593542855,16.206833852402593
10.546747235903409,27.749372270560233,17.69613257269425
11.17177465623058,27.904385112601503,17.726610423812833
9.733197836549788,27.227710156051433,17.79177034801899
12.753070082881536,25.70593487075765,17.558569678662288
12.904457879999999,26.16351492085728,17.28171202570231
12.904457879999999,26.757894607144863,16.661859685696236
12.35616018923114,25.189544495302375,17.65624576890023
12.904457880000002,26.97104795135062,17.346711622715457
12.904457879999999,27.022307196906578,17.215691053230774
10.435662474764145,24.866554482310967,18.19734397305796
10.842264199583385,24.34446162197795,18.5
11.531002826545441,25.764552165387453,17.39223221062416
12.101399070044323,24.69244649229884,18.5
11.0307015263232,24.210622787271493,18.5
12.484608421042363,24.455409572135093,18.5
9.682765588688632,23.72730779531478,18.5
8.106205911950909,23.63236485104037,18.5
8.522982467419519,24.45538405648696,18.500000000000004
7.242469972984757,24.262848150251664,18.5
7.926036197890999,24.389597641805196,18.5
8.909506269796987,23.69813041930771,18.499999999999996
12.904457880000002,20.66711291766038,18.500000000000004
12.718128841451913,22.52501443357217,18.5
12.717083315642967,22.898608522251784,18.12735963839651
12.904457880000004,22.095815571420793,18.14189122451924
12.90445788,21.81919488542945,18.499999999999996
12.90445788,21.782344024839496,18.132479783648677
10.675774139783734,24.020463150001348,18.499999999999996
9.653145929019077,23.93370698460532,18.500000000000004
11.032068890540401,24.2655295019401,18.5
10.286083187642816,23.982302004112654,18.500000000000007
9.560612556367856,23.806154127785245,18.5
9.654918159086654,24.171023170776003,18.500000000000004
10.489770853768817,23.513434412316904,18.5
9.467937342127673,22.3190715536212,18.5
9.913063503015005,23.019727615425694,18.5
10.28019079671096,23.119764342403297,18.5
9.539680182937314,22.248212075202545,18.5
9.289610970573058,21.496931155039103,18.500000000000004
12.693023545527977,20.252845917811047,18.500000000000004
12.116154700185996,20.917192466162344,18.5
12.68174161520465,20.469068533168745,18.5
12.90445788,19.2476591446403,18.5
12.477440291551506,20.842406757254608,18.499999999999996
12.712207949791537,20.475373966418772,18.499999999999996
10.237894184046278,23.426541452286916,18.5
10.288620299877094,22.142333209505196,18.5
10.120978823118948,23.35831502409264,18.5
10.17219573590339,22.957838557561164,18.499999999999996
10.959508130731187,22.68608780637607,18.5
10.271843525186751,22.641715362543195,18.5
9.977380336894079,23.565301216821293,18.5
8.722782364708893,22.142505699977164,18.500000000000004
9.734076190045611,21.940182194535208,18.5
9.278655847345844,23.119500259014817,18.5
8.961347757834073,22.18303473628878,18.5
9.205052305619578,21.534462247982166,18.5
12.827581243806494,18.597482391061703,18.500000000000004
12.348776101008951,18.49951446109549,18.499999999999996
11.43330265755328,18.150942173878235,18.5
12.90445788,18.778112723462453,18.499999999999996
12.904457880000002,19.019146132043495,18.5
11.808324755765097,18.66318493737039,18.500000000000004
10.94020448933109,19.819197206212767,18.499999999999996
12.234008948592109,19.71227699423847,18.500000000000004
12.095088799454613,20.161382141294997,18.500000000000007
12.095286145475974,19.832532972728092,18.5
11.988082840833325,20.628555594762798,18.500000000000004
12.3753715087701,19.49564933485082,18.5
9.082489699410194,22.09169112896286,18.5
9.527621916208638,22.17550896376188,18.5
10.111540485248412,22.601135908888146,18.500000000000004
10.57880939961342,23.349600462660934,18.499999999999993
10.287855170968696,23.24590756924534,18.500000000000004
8.603018797689998,20.264232232340305,18.5
12.137929268215288,18.3203451811264,18.499999999999996
12.904457880000002,19.089557460017193,18.5
12.904457879999999,19.450737681563606,18.499999999999996
12.90445788,19.098039353771693,18.5
12.464883322920988,19.869016035435273,18.499999999999996
12.330116263851119,19.764908633013015,18.5
8.960632501479697,19.159450899052878,18.5
11.268476499690614,20.489440458049202,18.500000000000004
11.489897934030578,19.067880752496105,18.5
10.921016782039697,19.311579731581837,18.5
9.724959880971864,18.39848728953231,18.499999999999993
10.59979407424258,18.557323764462197,18.499999999999996
8.77271699452197,18.8990885132544,18.5
7.400255474556507,18.85711609332266,18.5
11.346945836279428,22.522202192571026,18.5
11.377889691112586,23.060500831941106,18.499999999999996
5.913369465051308,18.886358630461473,18.499999999999996
4.125377926782355,20.267011490748136,18.500000000000004
12.152880943924346,17.996909236729426,18.5
12.504546542255738,18.6075199300536,18.5
12.25413790411813,18.298503373390428,18.499999999999996
9.800814443415208,17.24205320518332,18.499999999999996
11.967230770036217,17.79799470466248,18.5
10.38548865334139,17.516861301652636,18.500000000000004
7.047308379160261,17.028134871115544,18.5
7.004457627211031,17.040213037416013,18.5
6.919412713459157,17.00831329629745,18.5
6.222579336849987,17.13651150014787,18.5
5.769987303659175,16.95162354716863,18.5
7.318417178125129,17.1049354260292,18.5
5.251331047633054,16.99291938917049,18.5
6.155557400897703,17.695964226826522,18.500000000000004
6.4900724959070075,17.18087004414951,18.5
6.687624165587622,17.140575067818414,18.499999999999996
7.75240929184117,17.02657545365032,18.5
6.145353372431221,17.05825036878914,18.500000000000004
4.125377914748038,16.690803273764015,18.500000000000004
7.352825002446908,17.288826268655328,18.5
4.125377907530648,16.69080327037909,18.499999999999996
5.204446165144813,16.707062559457576,18.485310423951276
4.741389496192775,16.707327649204654,18.5
4.1253779427016735,16.690803271536353,18.500000000000004
6.9845511431615845,17.205547621273144,18.500000000000004
5.659393561674071,16.966788525678403,18.5
5.641188751250717,16.920757424135804,18.500000000000004
7.197640720399109,17.0015383708231,18.499999999999996
6.730625623123797,16.907000071963797,18.500000000000007
7.307353687150384,17.122792496670485,18.5
12.498614027763667,18.71502606721723,18.5
12.450886904435057,19.287586156475715,18.500000000000004
12.582635766539992,19.194850752106337,18.5
12.444153762033103,18.689262266848655,18.5
12.108796104050107,18.509446879666367,18.500000000000004
11.099481742426663,19.410707230466805,18.499999999999996
10.05690860702469,21.528250982834393,18.5
8.515580871624422,19.517226551648573,18.5
7.274586652965155,19.05440722643839,18.500000000000007
6.546982749184006,18.21767341072924,18.5
8.245614454727425,21.44569707097848,18.499999999999996
8.022715812280486,20.644741540245917,18.5
10.780600397010495,20.048624150906456,18.500000000000004
9.160618765017686,19.932448011968177,18.5
8.590646118729333,20.73789159742284,18.5
10.147817579000801,20.113646411403884,18.5
8.960263376401675,20.175128084716032,18.499999999999996
9.078974344407808,19.054663248988216,18.5
12.523647948836087,18.622946188822795,18.5
12.47203918439942,18.43001091055024,18.5
12.552125197410335,19.306052080509453,18.500000000000004
12.043575219302813,18.127547573968588,18.5
12.371820359246783,18.36768179049543,18.500000000000004
12.156560152821001,18.37132653293195,18.499999999999996
6.2828307672711,18.511073785625637,18.5
8.978151631794798,21.307706253837726,18.5
9.031807407297856,21.046670540089092,18.499999999999996
7.648992613067342,19.510088779662944,18.5
4.125380701958025,16.69080581216799,18.499999999999996
10.222673571272223,22.64735811492339,18.5
11.563822480559278,23.152798231185685,18.500000000000004
11.570706181626615,23.332124506146755,18.499999999999993
11.92597870404172,24.38144258921854,18.5
11.166036779926332,22.539982117626945,18.5
11.408376617016248,22.931263922485787,18.5
11.400278427255637,22.571708911667244,18.5
12.279617218438135,19.707956352194895,18.5
12.267808776330098,18.574433005893905,18.499999999999996
12.591390052005348,19.183975492882492,18.5
12.591152907309903,18.679330925296213,18.500000000000004
12.624822449572694,19.137610849480094,18.5
12.356513359129526,19.51112142120688,18.5
7.392450596406182,21.742828192897743,18.5
10.829537033257845,23.13748185068889,18.5
10.489420689131922,23.484025578225882,18.5
9.342403089018005,23.26280555894973,18.5
10.29410561748967,23.170287024840075,18.500000000000007
10.764975768700108,23.743237070744055,18.499999999999996
12.90445780675529,25.631323723782575,18.499999999999993
11.818793862866924,24.395064403738346,18.5
11.830739354903555,23.920103950328986,18.499999999999993
10.88138481900835,23.703291159113817,18.499999999999996
12.90445772037657,23.843219772324275,18.5
11.18502034985171,23.53827396626709,18.5
12.68752305071098,24.25376138773272,16.856909886476195
12.548662226056242,19.7874657187321,18.499999999999996
12.904457879999999,20.60748307371097,18.5
12.269606306572532,19.917987546380637,18.500000000000004
12.54350217212823,20.237600549442714,18.500000000000004
12.695565018225043,20.670360036641338,18.5
10.324708699620752,22.946478124511177,18.5
10.822431217326509,23.758663998137013,18.5
10.443269741925759,23.55441969009255,18.5
11.455359272807444,23.97543162899998,18.5
10.353901045187971,23.53368639341018,18.499999999999996
11.126670055420467,24.48366764530888,18.5
10.128832694441863,23.58732430251126,18.499999999999996
12.904457809794346,23.84321970399349,18.500000000000007
12.904457597684084,24.121657825160057,18.5
12.9044578195164,25.631323701952148,18.5
12.90445750409118,24.0365088006351,18.499999999999993
11.247322770867957,23.73355813594468,18.499999999999996
11.606913426855858,21.380234476595483,18.5
12.704463627236443,21.092661904845478,18.5
12.74663395754137,21.11469201402193,18.500000000000004
11.934953034052475,23.429679176796938,18.500000000000004
12.510399919752864,22.133197107059946,18.5
12.506898369704347,22.19106142199375,18.499999999999996
10.149151673095412,23.457985811563656,18.500000000000004
12.904457613954092,24.185596755769705,18.5
12.9044574678144,23.843219644163494,18.500000000000004
9.964594867661443,24.08252599169942,18.500000000000004
12.904457696946276,24.029836982359097,18.499999999999996
10.71703554236726,23.518104233683157,18.500000000000004
9.605576360259196,24.989356984565294,18.5
11.755508291204862,24.422219733242745,18.5
11.409972291137029,24.0766491157436,18.5
11.214254902507708,23.357703349188522,18.5
12.904457728230485,25.631323583262628,18.500000000000004
11.520014550728183,23.75876211543408,18.5
12.613051159321895,25.35268070621134,18.5
12.713105819715492,25.67057287585809,17.821671914119804
12.73715887743395,25.632439291629098,18.102417557530245
12.90445788,25.838265937367844,17.892209934210626
12.90445788,26.0141975763805,17.28752542767933
12.904457879999997,26.839365878680372,16.484702992766117
6.207637488813043,28.720907928332828,18.499999999999996
7.009893394481492,27.335391941452592,18.499999999999996
7.039831474796032,28.78919675999805,17.62851263505521
7.2179929699660015,28.767957081260942,17.70044092338379
6.8911135794520515,28.991471752382306,18.017755457697447
7.120657246235596,29.00083069985394,17.968192426777648
8.642040548253616,25.300965326657412,18.500000000000004
10.144846553111307,25.064974701183367,18.499999999999993
12.12039880377253,25.70247177657774,18.5
9.401639203913884,23.880244752709526,18.5
12.072441015288526,24.918360177426433,18.500000000000004
11.957838010464778,24.771169824155006,18.5
12.904457879999999,27.856814829333594,12.772611187767527
12.904457879999997,28.235338563147177,13.83574299027727
12.904457880000002,28.35449803693646,13.557732926791374
12.90445788,27.92177555342841,12.856831281416046
12.904457880000002,28.575524649234694,12.492194705939678
12.90445788,28.284200638521636,12.630167910417171
5.532302091618385,28.849860394472334,18.26972545137653
7.188727360814335,29.111576723266673,17.749676205310525
9.262953064127405,28.88485854471805,15.726764439409685
9.68394851321362,28.812181630373907,15.539636377446305
7.737334395308998,28.963044288739873,17.179676240212228
7.657533866373106,28.96960118134439,17.348188404143425
11.601251448241918,28.511694388283864,14.012253993219494
11.086380187754218,27.02962100605386,15.543856826716048
7.0902840599196075,28.348030748668464,18.203097971668548
12.511624041355322,27.305420770788054,14.487203772238352
12.158317468497218,27.448226566527875,15.873578872996799
12.692533385789027,26.74967639476198,15.677327733572442
12.904457879999999,27.89956553289342,14.345789045424699
12.904457880000002,28.231254049425143,13.51735167056691
12.904457879999999,28.166312848231446,14.03346245900591
12.904457880000002,28.586218342886927,13.212919488886364
12.90445788,28.459264103863667,13.270131754473498
12.90445788,28.340148661486378,14.644404168641488
