9.04384803711621,28.056824688652185,11.100000000000001
8.270883291033527,27.776889098799366,11.099999999999998
9.642336689236421,27.98217334138245,11.1
9.032284013703025,27.915332475514024,11.100000000000003
9.040124237311906,27.845620186076857,11.1
8.953639468834531,27.81289164235453,11.1
7.475832616662391,27.919746473762988,11.1
7.384015705669213,27.884510119122254,11.099999999999998
7.386881405019007,27.809390579260157,11.099999999999998
7.479171115274488,27.777355833725572,11.1
7.4743821519958065,27.613685806149554,11.099999999999998
7.228204490590061,27.8493430942383,11.100000000000003
6.256681809999152,27.3870472384889,11.100000000000001
6.527813211206255,27.776329850269065,11.1
6.090353816050762,27.41675943105654,11.1
6.002820622919501,27.351860868522436,11.099999999999998
6.17804126625467,27.454027468218918,11.1
5.923637538728568,27.34992895830611,11.099999999999998
10.238499673509992,26.86199975006135,11.1
9.378172228525461,27.24730515602804,11.099999999999998
9.8092804992328,27.21171452758532,11.099999999999998
9.464846756890305,27.281336833543254,11.100000000000001
9.296026068976081,27.52544822519838,11.099999999999998
9.894100814652438,27.033377630128328,11.1
7.56672115098615,27.532551249877717,11.099999999999998
6.623475131003883,27.214833982861443,11.099999999999996
6.5375819452064015,27.142406637422944,11.100000000000003
7.312288760423948,27.07166976764755,11.1
7.731994546979317,27.425090663384672,11.1
7.306660183299371,27.21372324999333,11.099999999999998
6.86566573696579,27.279137998593473,11.100000000000001
6.44745512136588,26.613546341032293,11.100000000000001
7.2056724981388625,27.207490797417066,11.1
6.787261157874256,26.755874126409513,11.099999999999998
6.879255309839883,27.072476750726008,11.1
7.045209517659906,27.31725203111811,11.1
7.394308599059361,25.10487628343109,11.1
8.181412327144198,25.14332521556682,11.100000000000001
7.310408431172572,26.12331683379622,11.099999999999998
8.433546284622405,25.69996442646697,11.099999999999998
8.433527233386359,25.737038388822196,11.100000000000001
9.122769454315593,25.63289483544101,11.1
6.702603407367614,26.0534667816857,11.099999999999998
7.133227113528688,26.475811649718544,11.1
7.215269027580724,26.54373302809403,11.1
7.383981337531787,26.857101198292224,11.100000000000001
7.042685162615465,26.577331428993784,11.100000000000001
7.21024500995714,26.75250312108763,11.1
6.5248447196647295,26.434126924957194,11.1
6.256032499736866,26.66771965096945,11.1
6.263484587540741,26.854156018748732,11.100000000000001
6.514627601985225,26.464317255499704,11.100000000000003
6.351845862402003,26.50340310409043,11.100000000000001
6.442148811768449,26.6048762485202,11.099999999999998
11.097713191770838,24.755878460209257,11.100000000000001
11.09615067077055,24.4738272115049,11.1
10.323892271005734,23.632196116055958,11.099999999999994
11.182741796838984,24.684889258165175,11.100000000000001
11.012480700266343,24.85826774940586,11.1
11.101688017910655,24.614652262203464,11.1
7.737506876206843,25.633144107551132,11.099999999999996
7.572010522639028,24.75150368178256,11.100000000000001
7.654212994764167,25.597073911446813,11.100000000000003
7.654541508701194,24.47448461889431,11.099999999999998
5.588931548238319,24.681724796560758,11.1
5.329575448187277,24.438518780442738,11.100000000000001
5.320894873139657,24.123997726645097,11.099999999999998
5.490780793754787,24.159948130583626,11.100000000000001
5.407182841552964,23.845251088005405,11.1
6.179357816111046,24.961529457853278,11.1
5.404226022600785,24.893582502007984,11.1
5.828744829454613,24.227843246770725,11.1
10.575912994896203,22.68664002196774,11.1
10.754177495143848,22.161432256517653,11.100000000000001
10.842091165228569,22.370372123819532,11.1
9.976788225756781,23.528445560799906,11.1
10.066230278472226,23.003147210004144,11.099999999999998
10.756870389683028,22.545415147629598,11.100000000000001
7.387305298690468,22.507423513205975,11.100000000000001
5.932554610558943,23.106078042274678,11.099999999999998
6.959499029311392,23.243848682875146,11.100000000000001
7.401001358175965,23.562461590184014,11.100000000000001
8.177201355359523,23.66807517115692,11.100000000000001
7.567829992857495,23.562590027733947,11.099999999999998
5.66881034143918,23.454356858314497,11.099999999999996
5.498122750272518,23.21214805036498,11.099999999999996
6.096884124427781,22.89622101787479,11.1
6.101169862233571,23.14084061962932,11.100000000000001
7.394224080200429,22.579303342083463,11.100000000000001
7.469791688121544,21.703863356292477,11.099999999999998
10.583443306740097,19.74399578211548,11.1
8.955030385256595,19.707046082495182,11.1
9.81857823752066,19.35736532270356,11.099999999999998
9.379498350197823,19.005854460082247,11.100000000000001
8.17260021961036,18.970839130435323,11.1
9.721535948661932,19.60612067794621,11.100000000000005
8.944935153159847,19.357033652363487,11.100000000000001
8.603859134261997,19.5660378442058,11.100000000000003
7.827509605709617,19.49602711261549,11.100000000000003
8.59348530280344,21.070134920980173,11.100000000000001
8.848329913010941,20.408538911554423,11.1
8.609923651103387,19.459321390168935,11.1
5.407320992093735,21.733907438225906,11.100000000000001
7.815224222152881,19.92060515836872,11.100000000000001
7.044010065042649,20.68744355180732,11.099999999999996
8.170913677984297,20.373208648076233,11.1
7.386499927724525,20.16137807710699,11.1
7.132148176609701,20.195847973589284,11.1
9.371974734450069,18.06035355018428,11.100000000000003
8.075053976683686,17.843422272107052,11.1
8.683597162598659,18.09229911000975,11.100000000000001
8.340841271148925,17.88273482777635,11.100000000000001
8.335794342500938,17.5992877845111,11.099999999999998
7.476236229872577,17.844585119645433,11.099999999999998
8.941776934178133,18.200730550683954,11.099999999999998
8.686060868955327,18.480276325318183,11.099999999999998
8.08642709661074,18.79528783700494,11.100000000000001
8.426445978911506,18.796486027406427,11.099999999999998
8.94648621686259,18.691510799571063,11.099999999999998
8.685653980487709,18.58543519025398,11.1
7.561536154713617,19.106030206514873,11.099999999999998
8.174554783232926,19.176545588097497,11.1
6.680445259477607,19.52370979628255,11.099999999999998
7.643802181334588,19.35145891624271,11.100000000000001
6.348626853457528,19.488016286374556,11.1
7.466013270224682,19.244580627367057,11.099999999999998
9.026141075351923,17.528671864672546,11.1
8.599636584486042,17.5618160096939,11.100000000000001
9.023193957139032,17.703712855340367,11.1
9.887418264851263,17.59966623005734,11.099999999999994
10.492316330003442,17.773602878474957,11.099999999999998
9.722643969451834,17.530484991278957,11.100000000000001
7.302692521704466,17.454460318524806,11.099999999999998
8.336450757348251,17.48672878122617,11.1
8.491080362061991,17.484622807004495,11.099999999999998
7.993395634988258,17.4811674779074,11.100000000000001
8.410418468966533,17.69508873260843,11.100000000000001
8.417110647266755,17.59361901584527,11.1
6.861872532550819,17.80395470838805,11.099999999999996
6.0073774497983985,17.97669552161459,11.1
6.853773372065042,17.73056865111332,11.1
7.286398151646232,17.9814311764222,11.1
6.61129665734517,17.844468461396723,11.099999999999998
6.336258720065492,18.5724285752014,11.100000000000001
8.153374226385166,17.480557318096608,11.241195861298053
7.725948338621292,17.51336253103302,11.1
7.476440135284073,17.69298277487119,11.099999999999994
7.6468203906220324,17.626391361700904,11.099999999999998
8.143948091111824,17.689320161008222,11.100000000000001
7.727894007656236,17.721963144846352,11.24094477403739
9.360694911251292,17.38307840311498,11.100000000000001
9.189314232549053,17.587549178685038,11.1
9.882723883509842,17.908991890931603,11.1
8.336394213047589,17.593004545931525,11.100000000000001
7.896507291858878,17.800707793544902,11.1
8.760708929784872,17.980830959928493,11.099999999999998
11.79889631226629,19.068090292822653,11.1
12.230074057522916,21.688024814751515,11.66961378376937
11.808219026678024,21.586849940353652,11.100000000000003
12.227427135418276,21.740119961025037,11.67428464618991
11.888022242125466,19.864790523022915,11.099999999999998
11.206361958090195,19.37142569758143,11.099999999999998
8.41715543670624,18.05514816455754,11.099999999999998
8.424646639987522,18.130143759099038,11.100000000000001
8.427128061524167,18.651188456925016,11.1
7.653709221720958,18.16149992816993,11.100000000000001
8.85016660261928,17.70595433245219,11.099999999999998
8.511165699291483,18.233646052208844,11.100000000000003
8.682771808492133,17.95577180441529,11.100000000000001
9.721226040645439,18.833348838586048,11.1
10.756422841674745,18.515823588726317,11.1
10.577281143851627,18.023149903183995,11.100000000000001
10.832572266228297,18.09175973098421,11.1
10.74957630131004,18.341071688012935,11.100000000000001
11.88449781783688,21.892543203233238,11.1
12.313144376065642,23.068669692927006,11.386904547881697
12.313583111789171,22.99494579726125,11.813215145020912
11.4649612605363,20.289206810086114,11.1
11.973051068487406,20.77422683046305,11.1
12.23133671979514,21.761389008698128,11.24126428242743
10.491450662529422,19.50100341538327,11.1
7.326708446892751,20.13513873302407,11.1
8.68941626678595,19.075230757908088,11.1
6.95725064226087,18.71985661522213,11.099999999999998
7.6500859998782875,19.109233683087645,11.099999999999996
7.481392908730062,19.21614005583338,11.1
10.149537014349143,19.22207130672589,11.100000000000001
10.321846905887694,19.775481065182266,11.1
10.838715830814332,18.974348858904104,11.099999999999996
11.355783783087235,19.707782668792188,11.099999999999998
10.75140721951181,21.105018445271618,11.099999999999998
10.929291667912501,19.532830007296987,11.1
11.888979963895832,21.465118289041193,11.100000000000001
12.31082498445064,21.197362638284915,11.384584018400332
12.222266506497823,21.029564255652264,11.528727439936596
12.397596400707515,22.34880105421694,11.669037402782626
11.804064941110989,20.63774484122258,11.100000000000001
12.399295789898902,22.311824821834392,11.527960979791084
6.699010596752027,22.26123620063273,11.243984551362354
7.5666461918849945,20.404991821504034,11.099999999999998
10.14859701055812,19.49989793180713,11.100000000000003
8.59754179823439,22.37105653393587,11.099999999999998
9.025824948128275,21.94777840608125,11.099999999999994
8.942459594581056,21.143046184729958,11.099999999999996
11.094134685696508,22.650408290623254,11.1
11.005026097822975,21.24730384293799,11.100000000000001
11.092121174301974,22.47018028804131,11.1
10.92567213886047,21.317495779368702,11.1
11.34490868314191,20.757463227340892,11.099999999999998
11.187785154571507,20.540269905191085,11.099999999999998
12.223843506020927,21.354175530947035,11.242273303352803
12.227778609176903,22.771552449480748,11.099999999999996
12.479671539035136,22.501691773584813,11.099999999999996
12.13286934147404,21.900923325700607,11.100000000000003
12.312085364769057,23.16085050671626,11.385341936866665
12.482087015389169,21.992055405670914,11.241671078379621
9.202409140476277,23.91616138528425,11.1
8.941849437197607,23.88116945230623,11.099999999999998
8.603923067031012,23.388710465375805,11.1
8.507815619571598,23.389288124114085,11.100000000000003
6.532879004157857,23.631367430271315,11.099999999999996
9.198558230593916,23.52975615575936,11.1
9.889605840447935,23.352069822546525,11.099999999999998
10.148321185055837,23.599022710949786,11.1
10.4985891571356,23.77359073942315,11.1
10.320121990618029,23.7741602504009,11.100000000000001
9.714692249579546,23.495230099267623,11.099999999999998
9.542022641335894,23.38961197649788,11.1
12.223559998311677,24.2186282080801,12.105360138078122
12.734640006873347,23.666834301282204,13.690749926980747
12.904457879999995,24.090413061137628,15.018595239231848
12.64960911529944,22.863394184130065,13.545371360230039
12.394723370933612,23.324585538299292,12.107302160725315
12.819323882299086,23.586303623299944,13.82634626739514
9.375945997352474,26.47297493571477,11.100000000000001
9.548613845642244,25.498554028592558,11.099999999999998
7.995470775763112,26.616192282917808,11.100000000000003
6.618779125258347,25.423855484171195,11.100000000000005
8.682976390754034,26.405653405674833,11.099999999999996
9.456843803596795,26.895569342069287,11.100000000000001
11.529848735381895,25.774485011734185,11.099999999999998
11.180255752742498,25.878751731367604,11.100000000000001
9.549184187500265,26.50970426825227,11.100000000000001
9.980988504089108,26.022374693123545,11.1
10.6650738139109,26.614780160045125,11.099999999999996
11.264348859905091,26.230278046161036,11.100000000000001
12.73616032370845,25.220350865503747,13.106774453465773
12.819794870465403,24.16643440178772,12.824764833845222
12.82022251072363,24.880641021001278,12.964843300943532
12.3987043355731,24.912467061930467,12.388847973471773
12.48361091702436,24.876390013597906,12.528133869368814
12.40055728210685,25.647452275221674,12.662066024020094
7.885397909526512,27.422609382551627,11.1
7.717295048060229,27.600071682395086,11.1
7.298074610223394,27.35090843659986,11.100000000000001
6.956538091836757,27.25074819517806,11.1
8.494246693894771,27.873807511190595,11.242923205990445
7.083040839572672,27.07728635999669,11.100000000000001
10.415587717699207,27.227082871776005,11.523559320050152
10.415504668800489,27.497874664446087,11.100000000000001
10.25829301445553,27.224979275810743,11.099999999999998
10.239212361218293,27.155516554219293,11.1
9.901736384221087,26.83912682924521,11.099999999999998
10.67167539948628,27.042081113217304,11.099999999999996
12.399176288459858,26.64786903060708,13.972972123483236
12.054697340210792,26.593993400725733,13.388773427597876
12.226151416972167,26.80569198499151,13.671171088318516
12.230485842536535,26.405236754073734,13.090290904661241
11.370077590705035,27.21936228814268,12.524202994362549
11.62549849012601,26.666543536346293,12.090360172684644
7.306613216950591,27.813555755956948,11.1
7.6563456090169835,28.02471398942753,11.099999999999994
8.084839201679005,27.850680410476553,11.1
7.553745823405729,27.879827382689193,11.1
7.134143628300995,27.529329304953727,11.100000000000001
7.0473776964546495,27.84512994949411,11.099999999999998
9.28009007985095,28.08310863978231,11.100000000000003
9.807949589240087,27.63495252425571,11.386008872953104
10.583675169455717,27.540736943430005,11.1
10.57627877162346,27.397402669599394,11.099999999999996
9.899213813407401,27.644667087771076,11.38721646552672
9.97669201331558,27.503971471631814,11.243394763451212
12.482269943823075,25.818049322318174,13.677882538123221
12.399012217333686,26.294452368067436,13.82730213370778
12.653500067044373,26.23739250249557,14.243062120957674
12.57108173829201,26.443459729216453,14.265715803264218
12.738020350457,25.810958060802303,14.099284713646849
12.569702876390503,26.197336430916145,13.967495044995758
8.506526905019355,27.978506885097268,18.5
8.172764957910475,27.909682183716473,18.500000000000004
8.42379487890645,27.557994010031482,18.5
7.994440357228796,28.082161503301258,18.500000000000004
8.6959815773617,28.052968345647336,18.500000000000004
9.371659761351749,27.41966540042036,18.5
7.548450260692018,28.310968581117816,18.499999999999996
7.208715341148773,28.243248995592563,18.500000000000007
6.958779187223156,26.491892241937798,16.230002766904782
7.07831898206925,26.347964693023624,15.687362941451825
7.63841201710659,28.26963293296645,18.500000000000004
6.958520592449399,28.131912200428598,18.5
7.311553972566249,28.08289993348376,18.500000000000004
7.3882562326197725,27.66736042106855,18.5
8.174476175422699,27.8057410817066,18.5
7.567198244033169,27.56232183346567,18.500000000000004
7.822803750578102,27.489236297362606,18.500000000000004
8.008711196373147,27.912036163450605,18.5
9.102362577730783,27.27755030206886,18.499999999999996
8.771949338216793,25.98525205049269,18.5
9.104572145752599,27.45295792405981,18.500000000000004
9.194226997763666,27.244669655977628,18.5
8.778015055077782,27.317270858479556,18.499999999999996
9.28534735163684,26.471688501529236,18.5
7.988016308252384,27.52108398238832,18.5
7.479614841860055,27.52070537706798,18.499999999999996
7.904422233085902,27.556567189293904,18.499999999999996
7.0483028578437,27.314137554898814,18.499999999999996
7.304829775543391,27.524513167753952,18.500000000000007
8.330564975965473,26.123940240486323,18.500000000000004
7.470247792700572,27.803535974287403,18.499999999999996
6.700242446601546,27.03475513065297,18.5
7.651701593931181,27.769592540549475,18.499999999999996
6.882326023165845,27.3162190622814,18.5
6.626256899851763,27.452758218608572,18.499999999999996
8.078093086585678,26.33602154299762,18.5
8.69044624106033,23.913622886698263,18.499999999999996
9.382900418616757,23.49168028640836,18.5
9.978918786095512,22.792185902615962,18.500000000000004
9.213568516024333,23.315882999947988,18.500000000000004
9.983184647322243,23.700093213049488,18.5
9.040851151567667,23.56324545354148,18.5
7.4805553657892245,26.507881278731478,18.499999999999993
8.419712215195307,26.443338247342787,18.500000000000004
7.7362290175836295,26.541911629999863,18.499999999999993
7.736590167455709,25.910886865119046,18.500000000000004
8.422052764101556,25.634699096776558,18.5
7.994837202220773,26.475396918025815,18.499999999999996
6.540478433121296,27.31121417994851,18.499999999999996
7.648838449434858,27.0334987389381,18.5
8.249284206679196,25.495743773981427,18.5
7.649265018210535,27.068061265340564,18.499999999999996
7.389212589933511,27.101850318269463,18.500000000000007
7.559770847962049,26.548767936855757,18.500000000000004
8.692727028037378,23.4225778786514,18.5
9.209129988571092,24.01924711632033,18.5
9.898290401711293,23.63000726719386,18.5
9.037887655376277,23.734611512483074,18.5
8.952405912962575,23.73744359499269,18.5
9.464754916744647,24.545101017202885,18.5
7.822823590092972,25.31627651453342,18.5
8.688271349184223,24.440498516982043,18.500000000000004
8.334545379543764,25.108621025095335,18.500000000000007
8.167160763198343,25.073652948006053,18.499999999999996
8.689152270000497,24.296773508827993,18.500000000000004
8.864423820851727,23.808037061246566,18.500000000000004
8.438627769770946,23.352336921351608,18.5
8.344423524815092,24.160023563506307,18.500000000000004
8.265630377403197,23.8090172129465,18.5
8.17756821852446,23.949364705981367,18.500000000000007
9.18857646843048,25.212371126278242,18.21140909355164
8.953902051451958,24.299725918235726,18.500000000000007
9.814415269074244,23.07026755252223,18.212370995470735
11.27167978209855,23.10924802830935,17.33882465732114
10.333070483908031,23.354204944615965,18.212180830830913
11.18126348514732,23.421155211817258,17.344373296681898
9.985065053405313,23.006381656728188,18.5
9.983523802620034,22.444200389765292,18.5
7.9983572355195625,23.24376470005624,18.5
8.601500941543046,23.41960424830746,18.499999999999996
9.117257336672578,22.794090676458815,18.500000000000007
8.686481902139692,23.806886695569077,18.499999999999993
8.59802987106727,23.27793456656555,18.500000000000004
9.029766366107602,23.280759638734406,18.500000000000004
8.424894454580148,22.896206190253785,18.5
8.9502615074806,23.10818953676766,18.5
9.62892299235218,22.2332368136238,18.5
8.946417813139485,22.409257345519457,18.5
9.634507716179455,22.40962554001125,18.500000000000004
9.464942181429407,22.583749681679436,18.500000000000007
9.032612687268095,19.073914710341697,18.5
11.176056858160393,19.767548005524727,18.069133377793907
10.575294998741379,19.77118782919598,18.068115465798467
8.170180274353578,18.72373971265457,18.499999999999993
8.00084451943137,18.583604018114528,18.500000000000007
7.9975953298763525,18.723913277661193,18.500000000000004
8.252105361144812,22.85588365895969,18.500000000000004
8.513578210108447,22.722919748403566,18.500000000000007
8.855505164580304,21.70851531917976,18.500000000000004
9.117893651052194,23.144738111107113,18.06643505103652
9.286208189111449,21.95308538348629,18.499999999999996
8.685629785749072,21.671741505412236,18.355596928817107
7.304632709872884,20.013706291403818,18.499999999999996
7.912820473060608,21.91722912725983,18.5
7.743027434811425,22.478029774935315,18.499999999999996
6.880456858669245,21.566951768352798,18.500000000000004
8.432283052410979,22.303950876492355,18.500000000000004
8.42717187279235,21.739803623449664,18.211081447445096
11.357395696840305,22.468026105729408,17.49000547511313
9.209513563187944,19.841749638633548,18.067616386234445
8.515407170617797,20.163368896026263,18.5
8.426831015069528,19.038255343126075,17.922392377308757
9.289452497578216,19.599545458287672,17.776516096641455
11.00544170309926,20.43813430424422,18.067483012956796
8.079252559284999,19.879009548824403,18.500000000000004
8.510801177668734,20.754433353090224,18.5
8.688945528331361,20.439981152391688,18.499999999999996
8.512806526721938,21.461225920581114,18.5
8.342391557425751,19.909469197367592,18.067907511998325
9.451547389549935,21.739030103509915,18.5
7.650388807519589,18.19614483051516,18.5
7.9894240192161545,19.97762578153517,18.06632941538145
7.987671056257957,19.590628267705394,18.499999999999996
6.871501330850803,18.999061459664578,18.067718923877486
7.997785827703655,19.737135634439518,18.499999999999996
7.643166815800811,18.437221325995186,18.068428066686526
9.034503666603076,18.548477006315796,18.065368956506017
7.909975029544845,17.914507482306,18.499999999999996
7.993580424767347,18.264140483932906,18.06915263250856
8.253035167068603,18.368221746674983,18.06821616008924
7.996679532409115,18.717725747894175,17.92374891427035
7.825252064333826,18.36976214882733,18.356206297854047
7.297439163779777,17.903993229635415,18.357448853623705
8.42294934695671,19.377509956250385,17.778603247925314
7.907352215589772,20.036245983790753,17.923967638721706
8.247812779039853,19.89180167723943,17.49342459445456
7.903356296608949,18.53310155037169,17.63771976460479
8.075094128196422,18.850130154920507,18.068413244953035
7.470472315746486,17.94802144400195,18.5
7.720760753766359,18.606632701833266,17.63955505379321
7.3861152635884375,18.438069804962417,18.5
7.467728211451185,17.946628883078937,18.5
7.4677087012145895,17.980163698922766,18.356588879142603
7.474002616670459,17.91251578294077,18.500000000000004
7.558084504485812,18.404317453349332,18.5
8.42479287574421,19.62194677904731,17.775434522236537
7.985395595687046,18.153493860138283,18.068555809106204
8.582983053649713,19.156877492194646,16.05790873584392
8.501949505925312,18.955014497984777,17.780933973847215
8.070202118945502,17.90764715234456,18.500000000000007
10.838197433626796,20.648808883286485,15.598058436637492
7.996450962182333,18.99682110611077,17.19955601373619
10.239689619241947,20.200436284923278,15.447877844923035
8.86117485355095,19.179183860728365,16.46955496255839
8.689495681939244,19.422429303095086,16.761305355115578
10.409842310581627,20.198197718538182,15.742583448497738
12.652103094567126,21.850241669114606,17.073722104072075
12.394735055474037,21.630719018202456,16.784068226769545
12.652097296482228,22.328882346376183,17.223959290930097
12.567996986866108,22.223826002180907,17.360918322208757
12.820488037701027,22.951766634127697,16.63908057662597
12.651943362834995,22.469197155287826,17.360854190466302
10.54258676839754,21.20156710309381,17.35742449116752
10.499428652574151,21.431830272442966,17.18838673283706
9.285860898175821,19.281094130585263,17.34223313796988
8.342696690929941,19.03575788184574,17.630957581489575
11.017643634386665,22.722202021046133,15.882120883317215
9.20497035979171,21.663388703724124,17.774311893502443
11.439337528007375,20.50316613351874,16.764541233146904
10.152946392406033,19.80596883067513,17.052502547161055
10.495144366043005,19.740843926815,16.179279746301216
11.437032488042286,20.295279427336453,17.200064286549644
10.493861839990634,19.597882214045203,17.776601750301065
8.85315132028798,18.998577278595754,17.48888500245709
12.82003071691449,22.305466759768,16.927576120718243
12.735553914417668,22.028427929160628,16.927503531406575
12.819657157106747,22.042462419690203,16.342989878052556
12.567399788657932,22.111880542329445,17.65096183866276
12.90445788,22.256631830084125,15.755692624198343
12.13589060587139,21.412964417970123,17.354722156812127
9.715546966838332,21.45888469210279,16.756967986132167
7.478893459778152,18.548170431244916,18.5
8.853938574192895,20.267034411826668,18.06599217614633
9.023745864457974,20.71755452459784,16.6186787224681
8.3344770839703,20.439167941042857,18.499999999999996
8.683750501622768,19.390047710803394,18.5
11.009881868425751,21.21240971480215,17.050129655449805
11.78707355098561,21.915799638788013,17.344567849355855
10.757841801383696,20.686175311342414,18.066365579153995
11.014846747144407,22.233719836068172,17.9214880536081
11.616852190457275,22.015610378403206,16.18502829270996
11.444159723623232,22.654039992823968,16.905298629121024
12.56503722481264,22.51290281477071,16.496739656976075
12.482595815499876,21.78004353508048,17.50884352544848
12.567527223419827,22.446481677043327,17.790649009382157
12.735580636411312,22.586968051631192,17.358957079275886
12.56460695848317,22.30777561900942,16.935876600826226
12.90445788,22.981905696612905,16.646197294580546
8.257998648694974,22.058707317992006,18.500000000000004
9.636978534595574,24.018212703047087,17.194443806355135
8.34002070678044,22.793988531183278,18.210578430212504
9.544855736272533,23.842129380472798,18.35579898847433
9.12071158002772,23.21430807252435,18.499999999999996
8.769129334911744,23.49500398897999,18.21188226023148
10.928376356955086,23.389536767045293,17.632857635885376
11.43966493395678,23.351681481657668,16.32642874857149
10.92396291075751,23.38506832158205,16.910986338779015
9.636746237293815,22.544709008614532,18.5
10.496305800234616,22.508276840613693,18.067552595478958
10.495434651751083,22.544575741749995,18.5
12.820804265533338,23.07896165312511,17.651084194742218
12.904457880000002,23.223450560683336,17.505397470160617
12.564868106950131,21.898856053262353,17.500120508058224
12.90445788,23.05481741192675,17.22078756187607
12.90445788,22.87732585435958,17.219248091705264
12.736018763572481,22.312212811557185,17.3582319654391
8.43898824655233,24.054126462982545,18.499999999999993
8.693408286625036,24.192194407292188,18.5
9.723433384875284,24.50584770691037,17.77744089268976
8.694520149691614,24.29825018287175,18.499999999999996
9.039669828359301,24.682720174427832,18.35617883596581
8.781049471885414,24.50804243517206,18.500000000000004
10.839999699754268,23.842611140819255,17.631738553411168
11.274000884135793,22.721934449696676,17.340691486275944
11.015581457064998,22.09287743693097,17.922135643456176
11.356374663364104,23.383924657724727,17.202845648191435
11.2686377622491,22.19761401634177,18.067274888144002
11.269678767386996,23.246208068868004,17.490770051086205
12.904457879999995,22.785117890159757,17.074681173640666
12.649432773332451,22.779684433299632,17.207983293598982
12.904457880000002,23.428521872360694,15.319240944692115
12.90445788,24.092787075441123,16.189427415123532
12.819705200088725,24.336315381602,16.333149990091794
12.47832522256824,22.859441348302415,16.199267453975917
11.185157051765101,25.913587433595254,16.904293680365935
8.765737762014044,25.921588012837894,18.500000000000004
9.461857643239433,25.391938839130244,17.630260054353137
8.943041162138282,25.845903500147568,18.5
8.171787393327023,25.88044976411244,18.499999999999996
9.104599868778308,26.027729550339867,18.356813469540505
10.152986633144934,25.60086149299365,17.920359786618345
9.631416338935159,25.10889525216658,18.5
9.381224286352806,24.22910956398677,18.5
10.242262752323194,24.858571216413786,17.632705639082698
9.11749282926042,24.44099945465004,18.500000000000004
8.776053639746053,24.302190288323843,18.499999999999996
12.820093304550323,25.074547645321676,16.91691727199661
12.478197356057319,24.754387055710453,16.02809940311965
12.733945229449942,23.13818841552482,16.04706243319829
12.305754647808579,23.750641691868033,16.911365036269522
12.819263611474629,23.852106330895822,16.48767571406046
12.5635902052685,25.052653069261986,15.155121763773183
8.250283936778127,27.698716376296254,18.500000000000004
8.852286748239079,27.59595183109932,18.499999999999996
8.931036964762692,27.45474349064903,18.35658114952398
7.6499493942210774,27.419488172563984,18.500000000000007
8.157614331853132,27.657766325010158,18.5
8.331548312499974,27.662286083471912,18.357411376645285
8.58840092679925,27.27779230455371,18.499999999999996
8.942236479543434,26.82546178088191,18.499999999999996
8.506773489559793,27.489094265471202,18.5
9.113377231209903,26.857695380271757,18.5
8.850301881366109,27.452671967165525,18.35758203649219
8.423689148897253,26.89367499976419,18.500000000000007
12.237728371037404,26.273603838152166,16.332803407781142
12.23277242549517,26.546829508117256,16.19550572875986
12.067625477311312,26.8066459089185,17.061322706322958
12.143448291536863,27.15134216960588,16.478314321109995
12.652586184056068,26.79106079245768,15.442810699232613
12.737315899709234,25.808624328517137,15.899862994040024
7.8924610658338725,28.16061595195117,18.5
8.400795547806316,28.2021295174043,18.500000000000007
7.72106337469253,28.19884768633843,18.500000000000004
7.466670124830612,27.95950050852568,18.5
7.7159161857943905,28.16296475991697,18.5
7.556771665481496,28.162869180773104,18.5
9.480184195883638,27.986058804988648,17.92940977595224
8.687982288759907,27.980013319664867,18.5
9.206846916754015,27.77506080628319,18.35710853132003
9.308654893721313,27.952034411146546,18.499999999999996
9.303423544877209,27.812575213801605,18.500000000000004
8.42429349418282,27.94671022331267,18.5
12.31853249805956,26.569752752596568,15.901551958579068
12.399060186404812,26.751815807095873,15.597826186080743
12.73717724085123,26.058293047192773,15.779931894801146
12.653864267383081,26.470949931072276,15.449581880634167
12.904457879999999,25.38793226026986,14.599021790872733
11.981057168361582,26.475893875154988,16.038754835656295
10.069056689831468,27.528411571716227,11.099999999999998
9.38961084919903,27.707111134630274,11.1
8.273690210409084,27.95300802176115,11.1
10.167303870371397,27.536333320064294,11.099999999999998
8.864914766584976,28.08858069719564,11.100000000000003
9.823429405967337,27.91763199117734,11.100000000000001
7.565447632569603,27.956763680040527,11.100000000000005
7.645105067839766,27.955721803795992,11.100000000000001
7.733218368909327,28.06003471415472,11.100000000000003
7.645851967055666,27.955770912718087,11.1
7.645339491189638,27.955420409808365,11.099999999999996
7.5664224597037,27.955598858062633,11.100000000000001
6.5193230281981815,27.526923930333066,11.100000000000001
5.841003200385343,27.27415577823511,11.099999999999998
6.360884903907143,27.423704912967423,11.100000000000001
6.611871837871877,27.562998312230974,11.100000000000001
6.2699375135463224,27.669522759625515,11.100000000000001
6.706407553283464,27.673375810285094,11.1
11.53018349098261,26.897149242100134,11.67095296476066
10.77265516330255,27.212937349369987,11.812117488537698
11.622602661712294,26.33278822537812,11.387682952917615
11.281282857416564,26.368949318026747,11.387020658285502
11.11558355771685,26.697265354796208,11.666446228619025
10.934260620859433,25.644447466830254,11.96293666800572
7.7255412457355,27.248776033434844,11.100000000000003
7.821363642347274,27.175199642209346,11.099999999999998
7.992554211637647,27.455751690976783,11.1
7.643677494761374,27.280241582492,11.100000000000001
7.4745088421163794,27.106251443906558,11.100000000000001
7.473741368292031,27.105129526155107,11.099999999999998
6.790310566009422,27.599115104819774,11.099999999999996
7.214715677496271,27.216280108003286,11.100000000000001
6.876377638053601,27.423893307888747,11.099999999999996
6.449033415873336,27.176540167332387,11.100000000000001
6.873058922037864,27.387314270172183,11.099999999999998
7.132436503381035,27.52979938398439,11.099999999999998
10.757853827789258,25.601435267296143,11.1
10.673847265890624,26.12459063620193,11.100000000000001
11.441946096867467,25.945418295147494,11.243433561505466
10.934184049746333,25.357674374023514,11.1
11.186312354364736,26.161773164134246,11.100000000000003
11.18938902457583,26.54423279808907,11.1
7.043787180824043,26.722214783999426,11.1
7.902655272614109,26.894781311117423,11.100000000000001
6.963182108582629,25.80833929885043,11.1
9.01123534478816,26.513051723598313,11.100000000000001
5.505121676223646,24.6055981509298,11.1
6.873324069244427,25.52959309558355,11.1
6.363440868731419,26.719065767260002,11.099999999999996
6.96295762582506,26.544559564996398,11.1
6.3592037518253575,26.572864250773193,11.1
6.866780780853818,26.648321527194966,11.099999999999998
6.953916291377517,26.860445652950357,11.099999999999998
7.124369819250452,26.436134408983367,11.1
11.531632692938546,23.84929645321433,11.243447731121336
11.532190271574672,23.842056519940567,11.099999999999996
11.356815548886505,24.335416649367826,11.100000000000001
11.27029033683109,24.441528500123738,11.099999999999998
11.188152926958372,24.37261618615967,11.099999999999998
11.274804312825864,24.231506375398105,11.099999999999996
6.52872930983383,25.06667556649262,11.099999999999998
6.189305772336145,24.819370128137404,11.1
6.79249621298606,25.028521056466456,11.099999999999998
6.787453441779488,24.1509132524739,11.100000000000003
7.646788716020752,23.768299108472586,11.1
6.705685894603821,24.259842390675058,11.099999999999998
5.501730835798096,25.029798274055203,11.099999999999998
5.501474605792859,24.821033344368484,11.099999999999998
6.189426229504609,24.891991999079632,11.100000000000001
5.5903505173893935,24.715598853242444,11.100000000000001
5.497522637593059,24.716822571279184,11.100000000000001
5.412306777540543,25.065813862647644,11.1
11.442734457033435,22.965685481876537,11.100000000000001
11.522204413118533,21.458916154232778,11.099999999999996
11.434975753100506,22.543048406424994,11.099999999999998
11.613226396198467,20.40743050306822,11.099999999999998
11.607901045819963,21.62966289958123,11.099999999999994
11.524140535658876,22.39836878420076,11.099999999999998
7.558840907902139,22.190080778016938,11.1
8.423602471697693,22.893485206637315,11.099999999999998
8.158693143265458,23.415649571261138,11.099999999999998
8.159087715296513,23.415467302622176,11.100000000000001
8.424371660228303,22.786858572877787,11.1
8.073115551366513,23.275413701138543,11.1
5.4162152792403235,22.538164858716158,11.100000000000001
7.478581925361805,21.771182896355416,11.100000000000001
8.073641146959497,22.715090371969264,11.100000000000001
7.81599658476929,22.785706178060135,11.100000000000001
7.901760470518744,22.539661862072847,11.1
7.815926893137022,22.15457747618263,11.1
11.269873799169009,19.70571950630279,11.1
10.491113477243642,20.756937179980785,11.099999999999998
11.612166188693397,21.09901690601784,11.100000000000003
11.092567606952167,21.459428467529204,11.099999999999998
11.703313530973166,21.135118795399247,11.1
10.66136107713434,21.77303677301618,11.099999999999996
9.37306313751304,18.409767678604965,11.100000000000001
8.082404933707421,19.951607987796983,11.099999999999998
9.026446398413865,20.163645934229823,11.100000000000001
8.943172703960688,20.268637723263833,11.099999999999998
8.340034946236619,20.12819517598554,11.100000000000003
8.509703422372029,19.987237478434967,11.099999999999998
7.129993475677239,20.58382056967259,11.099999999999994
8.681837438479219,19.67163354790038,11.1
6.701811177395883,20.337115031882266,11.1
7.73555387658873,19.951680152185443,11.099999999999998
6.531937674601493,20.19976695310305,11.1
7.817718639253236,20.301390702549362,11.099999999999996
10.075888012773468,18.34352662261804,11.1
11.013678237402942,18.44526587822284,11.100000000000001
10.237048313050026,18.867584674329716,11.099999999999998
11.014877168220234,19.318718367676876,11.1
10.843841038543001,18.863296405075783,11.099999999999998
10.92784340036838,19.460843095341115,11.099999999999996
8.601539508112118,18.690131370735394,11.100000000000001
8.514624057877993,18.446599988454132,11.099999999999998
8.083538416110018,19.111532724304833,11.099999999999996
8.4320679453652,19.075931784802336,11.1
8.942053815601394,18.620810000816128,11.100000000000001
8.001073923371369,18.97097615373356,11.100000000000003
6.173020130993154,19.489696592124602,11.099999999999998
6.786235727424339,18.722639050350235,11.100000000000003
7.634262582407388,18.96639625773263,11.1
7.726975160072472,19.07138054230151,11.099999999999996
8.51604226085126,19.215782300356814,11.1
8.688255047060638,19.078150298814162,11.099999999999996
9.80816229912641,17.66963760617149,11.1
10.068138014919207,17.666637661399502,11.1
10.410268046491508,17.946587544499028,11.099999999999998
10.41083360270219,17.841873072560404,11.099999999999996
10.327058340118283,17.768397668721455,11.099999999999998
10.320385313195743,17.838794280403572,11.099999999999998
8.161247837204968,17.445543342976794,11.1
8.333086380215416,17.478378402837297,11.099999999999994
8.339086977276994,17.45118951701449,11.1
8.580998973568418,17.27632923534827,11.1
8.248264836714053,17.377607652589237,11.1
8.84241064864059,17.413975997476207,11.1
7.381841814348384,17.770979139306426,11.099999999999998
8.758213906865965,17.56230934301436,11.100000000000001
8.67897137406644,17.52948053778754,11.099999999999996
7.98326827759772,17.63397046080127,11.099999999999996
8.500994864971721,17.773403195997595,11.099999999999996
8.760921648307384,17.633172521852583,11.099999999999998
8.234300422215792,17.477503514449353,11.100000000000003
8.73980762066536,17.583180926821406,11.099999999999998
8.41053392746705,17.41201948548546,11.1
8.502745405798105,17.482489017553146,11.1
9.000015072799695,18.064660299096168,11.1
8.490576272361812,18.09801151156514,11.099999999999998
10.668709948491845,17.97842145446272,11.099999999999998
11.005595315108263,18.597995702303024,11.1
10.583731111488209,17.91367714626886,11.099999999999998
10.583537751465734,18.085527531540436,11.099999999999998
10.318356671964692,17.870230155637316,11.1
10.403660675749794,17.872294132812183,11.099999999999998
12.066083089518008,20.988473073456266,11.664841787826582
11.802078992057838,19.85419228114424,11.38395262059334
12.063829783392645,21.942818710086176,11.945520843966426
11.979176897690193,21.55264490618678,11.526081916164037
11.805468984561664,22.043187616418088,11.52736005623405
11.885890061592676,20.809768605424743,11.66370606258806
8.167135799245063,18.86348097368016,11.1
7.2177363034348865,17.667928194735353,11.100000000000001
8.330440137935005,17.913333851942536,11.100000000000001
8.33557384825869,18.299114782404896,11.099999999999996
8.677035610540067,18.087109179224285,11.100000000000003
8.336554159515998,18.36892336475678,11.100000000000001
10.325353380582955,18.501187995881587,11.100000000000003
10.67729651610331,18.32806722060539,11.100000000000001
10.670586098608993,18.372033698731066,11.1
10.916524384281217,18.509382963483077,11.1
11.01206432128466,18.465014295477435,11.1
10.925978079995632,18.924030667253657,11.099999999999996
12.40372796102034,22.642341983603334,11.380640726902618
11.981445456115713,21.859578427703788,11.240928297361137
12.399882482961965,21.06519680420613,11.243082764116128
12.31759695243441,22.144623412781005,11.24468772396239
12.487821842936242,23.206566155529273,11.37997238546467
12.31360679469923,22.21200327563987,11.523318782543932
6.869345266882959,21.286190164080605,11.100000000000001
8.1747261202163,18.79391431700296,11.099999999999998
8.33924286477913,18.79448317292307,11.100000000000001
8.428600430689736,18.689340345097023,11.100000000000001
8.597960458731022,18.54797907239396,11.1
8.08617689264416,18.514099169436502,11.1
11.704452182929971,19.736931937172216,11.099999999999998
11.17785302146433,19.077194881607483,11.099999999999996
11.26432046886765,19.601059268086345,11.100000000000001
11.263101048697433,19.60319781478242,11.099999999999998
11.189417473671627,19.10946611256218,11.099999999999996
10.920754217965957,19.150076398142087,11.1
11.87213867214096,19.005033065768988,11.1
12.141895496127862,20.883986930920592,11.384149344297171
12.144250764946335,21.811445081629802,11.670045591510148
11.7214237654013,19.89570164670064,11.099999999999998
12.229026070434207,21.809318150159918,11.528898103080603
11.977093232938767,21.765442404385787,11.531432999502384
9.37669607133859,20.831393437737376,11.100000000000001
8.67837174525745,22.650622783787224,11.099999999999996
9.800634526677817,22.82389048700028,11.2445303796013
9.79293015204761,23.246411364711737,11.099999999999996
10.219755834812949,22.364746472762718,11.100000000000001
9.028014077873426,22.933572668471893,11.099999999999998
11.7823706078213,21.774067267600294,11.1
11.873827888710728,21.806055194427927,11.099999999999998
11.264185057844676,21.493320794021233,11.100000000000003
11.783439405126177,22.122931921848178,11.099999999999998
11.442066369128506,20.400398448051313,11.099999999999998
11.700431680644622,22.18794169170008,11.1
12.135900606351353,22.892186536432984,11.241414405437885
12.90445788,24.068336034243757,12.820805041019721
12.904457880000004,23.912719385101767,13.276488555253328
12.90445788,24.467371748747905,13.399681040321175
12.904457879999999,24.901378824598517,13.419534582900322
12.904457879999994,25.053556885155555,13.70778446001686
5.671496668466103,23.110670810733588,11.100000000000003
7.30240391065052,24.821751019618407,11.1
8.079140350546455,24.926728151609833,11.099999999999996
8.590693896492096,24.435898158894314,11.1
10.149456214576576,25.289127987962065,11.100000000000001
8.258679335222833,23.564882986909545,11.100000000000001
9.724368918331217,24.124585249659678,11.099999999999998
11.100833366786787,24.158701596704766,11.100000000000001
11.698309960350263,23.565371487598295,11.1
11.531421202517656,24.332465877035684,11.100000000000001
11.271869776732158,24.019434454980495,11.1
12.041018626661492,24.965723508417188,11.1
12.904457879999997,24.623683594133237,12.960472689149935
12.904457879999999,24.372672930916067,13.115189423545303
12.737169266758174,24.534633300484657,12.515057353785107
12.904457880000002,24.68570628961921,13.261158121971455
12.73612603690572,24.050932111361,12.3729846733452
12.904457879999995,24.023927648382994,12.819146817394392
6.362055233472825,25.70374690068295,11.1
8.856170501050485,24.122753385496146,12.548979991072066
8.080582959449055,26.162623122600863,11.243966733600706
8.593700729498952,26.020536727742122,11.100000000000001
7.821546773823794,25.566651932559534,11.244695970673456
6.532477625716688,25.103525513244232,11.1
11.959478576893238,25.28517019287382,11.243210667690322
12.043522286929065,25.106363781737905,11.242972608904699
12.21622149454775,25.876103488143556,11.817348537118916
11.701971917189999,25.283000922963048,11.099999999999998
11.959488543194169,25.386333414049368,11.242697901793441
11.873724032758812,25.630031234408065,11.099999999999998
12.904457879999999,24.21844217635271,12.384117197992765
12.821109518464947,25.31684127734446,13.656799480303583
12.904457879999997,24.783246893706586,13.385948585402984
12.735274130954904,23.36883455586006,12.684110224015875
12.90445788,25.34449915259596,13.658491870692723
12.483479314038812,24.06274922729744,11.809357051622797
8.642322030159674,28.088394107882944,11.100000000000005
8.477894475308682,27.915886969360557,11.1
8.664588988157554,28.121978004220242,11.384607389129846
8.840615006155666,28.121376060709064,11.24224040782946
8.84086881770156,28.01900152338094,11.529292974915764
8.57290452744842,28.121606602123194,11.242732970378846
9.471402444314155,28.119312209963976,11.099999999999996
10.405875282242443,27.293053543967737,11.382165815993824
10.49649356176465,27.35729459373993,11.240645607729489
10.495510517835404,27.529913348090076,11.524354922585662
10.510789861579934,27.4287019199604,11.383610464590124
10.586758052554739,27.119883320448356,11.242386964166773
12.739127682005657,25.817178959073658,13.96358085457367
12.146454947564514,26.91735145102443,13.694970569922607
12.318508205767124,26.46418435644127,13.536590640976131
12.05951015460377,26.69076659945943,12.966991518979906
12.572448152227572,26.20290508493644,13.834149141678033
11.983593087068579,26.639348958508627,12.832297935469956
7.131879439477237,27.990173108834906,11.1
8.257512918812491,27.500764214130765,11.099999999999996
8.25545929267457,28.02202927521712,11.100000000000003
7.9085396768179335,27.883768959821307,11.100000000000003
8.758731554730241,27.027372903814427,11.38351125109958
7.9857789984315515,27.813367724474396,11.099999999999998
7.825605393166209,27.73546640968098,11.1
11.514664877584964,27.566488235639746,11.66926598287872
10.320207121356301,27.814178601511227,11.240900930418885
11.524585441149544,27.53438562223912,12.245153281022692
11.525848132903395,26.564302056972743,13.387816289380687
11.010087986602361,27.25503287238096,11.667864548180935
11.628374364377274,26.58806214034149,12.242128639728108
12.904457880000002,25.905830315318642,14.278764631913976
12.486511357556006,26.040936458113357,13.244763593995359
12.82100939316552,25.9480367178447,14.836702068143948
12.904457879999999,26.003922281588206,14.392913345588875
12.90445788,25.52598134525614,14.104553773051553
8.86415014040972,27.699587111977106,18.5
8.869056377926789,27.912524285280856,18.5
9.125689562179868,27.665750965876406,18.5
8.871697379734346,27.77174816555952,18.500000000000004
8.861799067013942,27.626703214343088,18.5
8.863864601834663,27.838029193177267,18.499999999999996
7.805459163406864,28.024292692546194,18.499999999999996
7.216923291065826,27.515591921302565,18.217571896130785
7.716206041833068,28.100178360495605,18.5
7.4701565424941085,28.129778227133485,18.499999999999996
7.131334549876754,27.617999316465333,18.21663029347988
7.56275387816861,28.238682225915234,18.500000000000004
7.1341451915166445,27.70930706207604,18.500000000000004
7.22117298617612,28.021926306565764,18.500000000000004
7.1358332224916365,28.055328780132896,18.499999999999993
7.305677055398754,28.123543430439234,18.500000000000004
7.641404471421493,28.336827725302904,18.5
7.396474865756764,28.230537532899895,18.499999999999996
11.200737424113647,27.215665989260035,17.343904277710386
10.771101213284384,27.251006894509842,17.632530493187392
11.196808710690487,26.79066222243925,17.486988095404268
11.363600488643492,27.210289624580174,17.054835927011165
11.613282219629813,25.432535658348545,16.618169789284813
11.612886759457046,25.664395196597997,17.342849313205637
7.7333441557319755,27.34497555855601,18.500000000000004
7.3097300346295615,27.657607021501367,18.499999999999996
7.393214422836019,27.69335282655005,18.500000000000004
7.139216292440642,27.731051308007068,18.499999999999996
7.39336841002032,27.484394896427844,18.5
7.820132307979532,27.48568222412923,18.500000000000007
7.478569463304033,27.976983660659183,18.500000000000004
7.218527721754023,27.910731164802925,18.500000000000004
6.95922988605623,27.97873550425316,18.500000000000004
7.131680891022997,28.015870011865324,18.500000000000007
6.794702636585802,27.735095017010167,18.5
6.9666174974332336,27.977844130894265,18.500000000000004
11.61594829904207,24.61333090144078,17.488586705974985
10.50235708300384,24.507767944141868,18.06734910394091
10.845547543474627,24.474629802702996,18.211348415934218
10.923550427826408,24.649356463966484,17.630765856459277
11.447730534219223,25.107037099598756,17.04363509945958
11.100635350657763,24.230923738593727,17.195176382997452
8.165261291500542,26.405940070859074,18.500000000000004
8.2501577193932,26.79129111111584,18.500000000000007
8.59591394230232,26.40497578659653,18.5
8.250862664778206,25.98782332564612,18.5
7.564247301907966,26.79118772617635,18.5
8.424070716770872,26.75618500484492,18.5
8.249002807305528,27.383301673666317,18.499999999999996
8.32969093618715,27.103459626802316,18.499999999999996
8.244153042424152,26.99929776345548,18.5
8.415802224604523,27.0009188049083,18.499999999999996
8.3324017862584,27.000552289523288,18.500000000000004
8.841180805937979,27.207947423348546,18.499999999999996
11.535557597587424,23.846793274465323,17.630116051224594
11.961614167125255,24.197512487262046,16.911012745164435
11.790368915529065,23.150588185419664,17.776827398193344
12.130157842196347,22.97563125020702,17.054083338811125
11.789624841554593,24.02201617790522,17.634735316616098
11.877364683220208,23.88258700981303,17.055702948561493
8.943849368456238,24.088780917273393,18.499999999999996
8.60405692005852,24.509853203733037,18.499999999999996
8.690567820390152,24.616215722439023,18.500000000000007
8.344813885712512,23.985391304255476,18.49999999999999
8.762881830159907,25.392230980881465,18.5
8.17670254762376,24.301247518724853,18.500000000000004
8.433997662943607,23.280574986538497,18.5
8.604472788455597,23.2109531620611,18.499999999999996
8.774828157244809,23.420145259184302,18.500000000000004
8.774891430453817,23.4202866176697,18.500000000000004
8.60032444375397,23.843247058593896,18.5
8.860252343853949,22.965990187025653,18.5
12.04613881334502,23.006927455105796,16.909143598578474
11.011951090064084,22.02385605458367,18.5
9.97629039023709,21.141319598898033,18.355912357511755
11.275897268369226,23.06945096872885,17.33878037390849
12.218446597526293,23.010605610053542,16.02753993879463
11.704759142866465,22.967130198506272,17.0507102930237
8.855967394876409,22.438811228423603,18.499999999999996
9.632906559742862,22.757903801577193,18.499999999999996
9.546801195541402,22.61895764627738,18.5
9.117176528236985,22.755237531507664,18.500000000000004
9.55335399188926,22.47951249014834,18.5
9.544004710549794,22.723100848138845,18.500000000000004
9.286082218502122,21.91127428044475,18.499999999999993
9.630936821044974,22.192051816425813,18.500000000000004
9.883789931581653,22.268047469140644,18.5
9.291020897591398,22.408171621988437,18.500000000000004
9.629966707930823,22.40265216586453,18.500000000000007
9.116518188323848,22.790789386471193,18.5
9.983485218090252,20.58270962104513,18.500000000000004
8.688447303069468,18.478671748023814,18.500000000000007
11.347355483289116,19.806076866486535,17.63530506668485
10.75574776369256,19.705002907819274,18.35574652950832
11.011257352118669,20.686783650600937,17.921655572709266
10.064396796973256,19.704967224609778,18.35594169001816
8.609136836612521,19.83972492001354,17.63056859022707
8.775834080778882,19.808124621325774,18.500000000000004
9.118838953360278,20.334999908137558,18.5
9.12195621512165,20.02042971766815,18.500000000000004
8.516799078289027,20.018866192679234,18.5
8.688617144936957,20.404895536363163,18.5
9.025288521524821,20.755553752729163,18.5
7.051114160162666,18.653439348274446,18.500000000000004
7.999128682748045,19.523783572835747,17.92450113948055
7.994019854224606,20.048100598048315,18.212195791155164
8.088863460009692,18.405649422981085,18.355991136737593
8.94416842863354,19.140555400046523,17.922824827113224
8.776743100244566,19.107965307878644,17.488146640455298
10.14813849823855,20.193042866252895,17.053432046515532
11.439985486200282,19.984637231368133,17.92106990381665
11.093361244149934,19.669451213986857,17.923008741667246
9.807575758786628,19.35324134700539,18.500000000000004
9.980192560721887,19.109189286924707,18.35566962159216
9.03916116254193,19.733667742654802,17.344347124327825
7.394332428250349,18.723791261619834,18.5
7.135992831465114,18.684727427003576,18.355779761570865
7.567015561450046,18.232952256590867,18.355847594175803
7.217310717222266,18.436812384191942,18.212668328255265
7.388870877346245,17.8475405283059,18.5
8.595575880881638,19.524006867316924,17.48833545746427
8.517501481040826,19.69748511050279,17.635339696125936
8.427974912482277,19.491866993031316,17.487206484193464
8.511913799952055,19.38397429182974,17.632779178116404
7.9900725067196,19.068271383257322,17.923054171966225
7.999248391574301,19.664572586306882,18.06784573887234
7.918798771585327,18.12689543622248,18.500000000000004
9.978137269638149,19.24815747983692,17.34107785859935
9.465288892334286,19.53296758501046,16.465419257381388
7.821763118751973,17.986747149681616,18.499999999999996
9.289597329261882,19.037997969686163,17.920490656812884
10.415806543507742,20.100149257835028,15.587260757926227
8.24429976110146,18.600062297674036,17.781535102764465
8.925142251723342,19.35758904227041,17.35337519462995
8.75669121230323,19.116493471620274,17.49735697416677
8.499958879502195,19.25565763487424,17.496118638641867
8.24980548068653,18.843893386333882,17.639016504958903
8.931165782105143,19.01549479733283,17.495500885104892
8.069693966983117,18.05071333986327,17.781538817869674
7.298479864940821,18.18103875292141,17.785628195137996
7.476516263671513,17.87860740992981,18.211924743504824
7.300706425450275,18.566009046305073,17.066601068955453
7.638485204434414,18.777270534976157,16.489538976207392
7.301032724606425,18.53077428755963,17.066798543717617
9.293760071609183,19.672746239584747,17.47882761193178
10.468499184377515,22.471518515720383,14.608863212265314
9.09008433737429,20.535802690111,16.922158348110862
10.049869498823783,21.71744235876522,15.890857149869381
9.946724806537336,21.484030053059374,15.90792182223706
9.609884997042823,21.033696548472044,16.054409879817054
9.973765360742947,21.454623293602662,15.01941149502426
8.858344950955788,18.788986057411467,17.200535892786284
8.682035134320175,18.85637151582675,17.347461144093792
10.138234729158317,19.380317000690535,17.059262373583504
9.364807967361788,19.83120875456781,16.333854487737142
9.275342563784934,19.58565816369122,16.76944217634479
12.565018838784884,21.739733577639687,17.216305207541645
12.649801714162514,22.407222582423948,16.77961016478485
12.480625016703726,21.392484378898423,17.221449184377818
12.483675496783372,22.157829188022223,17.78888661507993
12.39435088621713,21.682330704598623,17.78917064645173
12.562124535779391,21.902584987341335,17.063270630324094
10.242321832553122,23.81235254209412,16.45951988527982
8.668965233808462,21.415840002764476,16.340039173685177
9.360275031071007,21.500993518607377,16.04279969036979
10.302569892650522,21.919984625306686,16.18721334902261
9.879901871910247,21.368955030579414,15.750047891268224
9.099463244982221,19.82253252934355,16.77086300371598
9.725389829616338,19.63558129098353,16.17934321866789
9.462475056819414,19.00295716254287,18.35554021184375
10.846563652925521,21.322796712495432,16.177539339475295
9.551942606438411,19.880160659630732,17.33809804403247
10.241306562814675,20.339550098356725,17.776081754503245
9.5467412402252,19.872846360902322,16.621621111039108
12.563243261551067,22.064484106013104,16.05468115480338
12.904457879999999,23.183079192819417,16.497301682338502
12.482138075382672,21.820279553679878,17.351703973701746
12.395550317493887,21.429609285655808,17.5029920421472
12.904457879999995,22.81706473415966,16.790152671526464
12.308447135984297,21.68325723309808,17.213126930702668
8.768551147624319,21.48674815712068,16.905776642159896
8.166578721293924,19.456394177209518,17.63057819228111
8.509873904907701,20.084110341573034,17.198589378636072
8.51819154293249,20.47678325177816,17.04627806552978
8.424048615311708,20.614337085614622,17.340447914648237
9.543004756198496,20.82066006152023,16.90532204971524
10.234032492488945,20.756010750024615,17.196634080750776
11.183810580333658,21.56006365101258,16.90813314456378
11.091037276184261,20.401401800797217,18.212276374474193
10.40638865477698,21.033738700586298,18.212284237373343
10.578800525625605,21.697733781247386,17.34245027604301
11.437066268464745,21.349007350461047,17.198977340563253
11.971201217179114,21.19942447361748,18.358341561014065
12.820151814189238,22.13362970301185,16.64875737686312
12.82030278687172,22.754789166473703,17.64700519312738
12.47999012438879,22.584825661727358,17.067019325900958
12.397613287286633,21.82753948015624,17.930284724854385
12.734760956052684,22.214272510566495,16.91916054939749
8.510913556865342,24.29093312989394,18.21143313855871
8.346245802823711,23.60578940113646,17.475772514200237
9.118470836934527,24.964442406639595,17.478031732880552
9.982003909096195,26.199488456457612,17.044906221433344
8.421976517474834,23.063701716308582,18.067553535231756
8.595102654470413,24.083559279694637,17.92129793794256
9.80600486956351,20.33424094076506,18.067508630361537
11.605311108279698,21.738674209182907,17.343781774779256
9.894072248194203,20.38075936442029,18.500000000000004
11.608906458916062,22.756018519375967,16.7631522547884
11.441724189281821,23.013013349432867,16.753084748566945
10.583094466389598,21.872506317539923,17.922611677001633
12.904457879999997,23.23012757010107,16.489182582447217
12.904457879999997,23.447385701048116,16.335292507902402
12.904457880000004,23.088705114914855,16.631545198868434
12.904457879999999,22.841172059431152,16.208656913900175
12.90445788,21.9564282349532,16.48735052793184
12.904457880000002,21.99317694118255,16.779011345229375
10.057155869422644,26.64804681751822,17.050700979704914
8.163494743369446,23.661668046590922,18.5
8.255409264709751,25.073426931628052,18.355526744672765
9.025206163803988,24.71812455130061,18.35593567280388
8.250956968910657,23.453338436084156,18.35573566823685
8.77018050746427,24.402066991161025,18.065801481770368
11.533794331103246,23.98536558575443,16.623950962508637
12.046055654384629,24.894556441294064,16.909240629710034
11.703123364340472,24.12593834723942,17.34133964560226
12.129031742773606,24.401238109829873,16.911930044564457
11.614036769998428,23.598963961071803,17.4850641079715
11.619396834578568,23.916121820615082,17.34434262380747
12.904457880000002,23.434621859449393,16.63670718293808
12.904457880000002,24.19967154952356,16.17198262026658
12.904457879999999,24.03198359925546,17.06217557640803
12.904457880000002,23.907155101448478,17.205078011798193
12.819600778228294,23.91663243884666,16.035678770548273
12.904457879999995,24.10732195176115,16.477327544147972
8.3358559393092,27.453242050918448,18.500000000000004
8.852324966550425,26.930565338045692,18.5
8.681340551420597,27.20807007261618,18.499999999999996
8.774000084726936,26.370491660093037,18.211548015416895
8.942904377089507,27.070006293386584,18.499999999999996
8.853226582108034,26.928788347671585,18.500000000000004
8.253503798843617,24.299496461206303,18.5
11.62151299561323,26.787780229175542,16.466548133818574
10.322446561515495,25.460295574633108,18.35452037337364
9.449558627587699,26.270898590488233,18.5
9.803118316600788,24.687392224323276,18.5
10.500496364386034,25.94924972140128,18.35536370507721
12.904457879999999,25.126390013281227,16.19779346268271
12.904457879999999,24.588812190034222,16.487328080656873
12.904457880000002,24.965260529687146,16.34635881049182
12.90445788,25.370825859853614,15.617557029074861
12.904457880000004,23.989843199804074,16.633000218717473
12.90445788,24.03163423185025,17.21373766459028
7.725880572854307,28.20098969823238,18.500000000000004
7.550242621128992,28.029779250762424,18.5
8.39987662453432,28.098999577328915,18.5
8.407248388832334,27.327586936311008,17.63824788068684
8.06271702181913,28.09085070730006,18.5
8.321314309286617,28.09223732392417,18.499999999999996
10.228016082563572,27.315525217666842,17.34389791045943
9.35808410957658,27.03416692762405,18.06757892845345
9.522275071343469,27.34653026020782,18.35728126479896
9.525942767112868,27.13878459310728,18.213074215823347
9.461046043267604,27.245727876933024,17.92435004266369
10.131740660533117,27.62747878180556,17.202428664958227
12.737544754369017,26.021983328961237,15.630994762039782
12.73730819170724,25.374724624605168,16.341737319925407
12.570029452793449,26.275821522314057,15.910341702897396
12.568106097334908,25.757938633175318,16.78265068993225
12.65168773435618,25.51501438496032,16.199620344469658
11.89155138287752,26.537066184350966,16.906039655605646
7.637408945180809,28.277772817343394,18.499999999999996
8.233861009795353,27.161966997649365,16.929288224784827
7.556307950503238,28.030083606404826,18.499999999999996
7.971922291184238,27.988968892721115,18.5
7.970463818385907,28.062261334482425,18.499999999999993
7.977840640742389,28.120747942687405,18.500000000000004
7.987015045782274,28.121284377684685,18.499999999999996
9.382946099390283,27.87683625719521,18.5
9.718645207015214,27.667846155263287,17.636715107151076
9.819289804721151,27.738761990133124,18.069451874086088
10.16332127186706,27.640365910314173,17.9311434529053
10.086928592245954,27.986498352411832,17.480889635209866
10.429484075992207,27.810534866400488,17.63581364806953
12.571401846575345,27.090468960906755,15.757773577651495
12.82098339850191,26.239051874287743,15.787622567787162
12.653262588670938,25.725657123297985,16.053167755440498
12.904457879999999,25.4974773346102,15.037065258188118
12.57291647260625,26.058540363694867,15.928017863435548
8.523349799578039,28.091823144849503,11.1
7.828701688117178,27.880626857177415,11.100000000000001
8.847369597145986,28.052927354920026,11.099999999999998
8.857095435086213,28.05601036728756,11.100000000000003
8.606029080134524,28.091977466654363,11.1
8.6025752137164,27.951890743091948,11.1
6.876068671867397,27.743820358232767,11.1
7.127368339600728,27.708066705555307,11.099999999999996
7.213041773069969,27.776982852812473,11.100000000000001
7.303708066735773,27.814085840486005,11.1
7.216576545518625,27.848470203962272,11.099999999999998
7.304056046894374,27.88612343836175,11.1
7.460411507720089,27.63019834355059,11.099999999999998
6.954366165891731,27.524528870548234,11.099999999999998
7.125461540412389,27.63172447086414,11.100000000000001
6.87135298975905,27.846704591854582,11.1
7.208230908456296,27.769706272604918,11.099999999999998
6.873076080655702,27.56173300136103,11.1
11.451851890510989,26.684140947971475,11.243950383314395
7.736259176714989,27.318592132615617,11.099999999999996
7.223180781878863,26.970715013015067,11.1
7.559453070630534,27.14194701251603,11.1
8.420251706244635,27.560224130767903,11.1
8.677015243560886,27.66737448932319,11.100000000000001
7.72555078414472,27.037792490048215,11.100000000000003
6.885014305049992,27.294563713245463,11.100000000000001
7.552974559382456,27.63985019423343,11.1
7.638542290374037,27.848101393897718,11.1
7.463077532344962,27.566664882587578,11.099999999999998
7.224711421678905,27.33041055636932,11.099999999999996
6.0091403062465085,27.064939865294882,11.099999999999998
5.926030578600557,27.1017264700971,11.100000000000001
6.954131210560187,27.24561247440827,11.099999999999996
6.696466874952079,27.103498400977173,11.1
6.515238952502783,26.920501832011887,11.1
6.090576853693547,27.062348672630275,11.099999999999996
11.09592966486162,26.303351124786627,11.1
8.421082162493919,27.034402731644942,11.099999999999998
9.544874279708553,26.084604659577387,11.100000000000001
9.631736874374232,25.702252999771055,11.099999999999998
9.724265466800604,25.880274829403564,11.100000000000001
10.328138009116334,25.353572502618594,11.1
7.125889289510913,27.665997276838183,11.100000000000001
7.133916605118701,27.421942963966764,11.099999999999998
7.30060873409799,27.56193319646746,11.1
7.90172013503809,27.667852763641758,11.1
6.9563778607778,27.280325987033983,11.100000000000001
6.623105904982084,27.28046873644569,11.100000000000001
6.439149014407464,26.82178890495997,11.100000000000003
6.526900105798398,27.034705789997894,11.1
6.258276753642285,26.749037913905596,11.099999999999996
5.834386885092327,26.716495999919513,11.100000000000001
6.005290386830775,27.02531871280101,11.100000000000001
6.092835660292518,26.850117102357636,11.099999999999998
9.866608762858668,23.843304248556823,11.1
9.622021685923576,22.895009202424788,11.1
9.463993764325302,22.76063254281132,11.100000000000001
9.716106648076122,22.33687347615276,11.099999999999998
9.544928988396506,23.565208360885354,11.099999999999998
9.209462688472405,23.390209017832557,11.099999999999996
7.655079895478911,24.614905489215303,11.099999999999998
6.665400907071874,26.387896305817797,11.100000000000003
6.534589800826404,26.434387478677355,11.100000000000001
6.879291212239746,24.438010510036513,11.100000000000003
7.390741980754898,26.65321022701573,11.099999999999998
6.87427912846695,25.936883722522623,11.099999999999998
6.263661291702441,25.765592716825907,11.100000000000003
7.031006562522538,24.85837254477031,11.1
6.682724916243117,25.34720605009152,11.099999999999993
7.279615324356661,25.41794053299973,11.1
6.85888182236996,24.195324856405872,11.099999999999998
6.339094283058162,24.47486615591459,11.1
10.495279341445196,21.667710596800806,11.1
9.891894603357503,20.933688714669916,11.099999999999994
8.169721398981403,23.139359006942126,11.1
9.02581342253159,22.434957594291102,11.100000000000003
9.893712481190828,23.705964756031708,11.1
10.325312970497988,22.72602883643013,11.099999999999996
8.162577612770525,21.106865833229367,11.100000000000001
6.025240704396073,24.40519120032737,11.1
6.278579228870009,24.858135370822225,11.099999999999998
6.53959743622378,24.57898198218767,11.1
6.456825363802413,25.175281648021244,11.1
6.112557526144444,24.967277217184062,11.1
4.984203466316256,23.247880437968547,11.1
5.9141610325389875,22.870680635223845,11.100000000000001
5.829442503702431,23.774755806602077,11.099999999999996
6.16436686946797,22.096482207035656,11.099999999999998
5.743124594043434,22.61993373733219,11.100000000000001
5.486458237696409,21.945717924433396,11.099999999999998
9.552762712256147,18.72854399043713,11.099999999999998
8.866347553959677,18.797283421986297,11.1
8.606128270957434,19.14546566881895,11.1
9.296735320487707,18.69336355405344,11.099999999999998
8.607711430031346,18.971469388111846,11.1
9.7316149512014,19.008123503144805,11.1
8.254777330895191,20.022151539559,11.100000000000001
8.33235151358183,19.565204161321375,11.1
7.387407042975439,20.40737089731383,11.1
6.868111038218944,20.4051191638761,11.100000000000003
7.0459154408390905,20.897594018648775,11.099999999999998
7.730382294869163,19.42995727864704,11.100000000000003
6.0844290846334586,21.147140020474485,11.100000000000003
6.518813116529905,21.391921294986897,11.1
5.839451653528086,22.547825731148304,11.099999999999998
6.691919933522668,22.055906641815866,11.1
6.179888099255768,22.75446257500093,11.100000000000001
6.520111807917243,21.357599705217215,11.1
9.103404592091655,17.87972825989552,11.100000000000003
9.456081829791462,17.742585560979354,11.099999999999998
8.76098282285887,17.739264855606415,11.100000000000003
9.194241461477956,17.984362042134972,11.099999999999998
9.19987263865091,18.01980445795337,11.100000000000007
9.021947952670999,17.774789762936916,11.099999999999996
6.960110576599204,17.982812834275176,11.100000000000003
8.517888526259679,18.899236788169222,11.1
8.25561745671719,19.144564201578778,11.099999999999998
8.515324315204197,18.75871120315293,11.1
8.940448366320252,18.23110882258527,11.100000000000001
8.682251954057424,18.058439101119497,11.099999999999996
5.833367167349474,21.166409793474113,11.100000000000001
6.955863702963161,20.4765657208113,11.100000000000003
7.0350837452434245,20.368173919332104,11.1
7.290991237751011,19.526914853807764,11.100000000000001
5.664532256763351,21.551483433480772,11.100000000000001
7.121369216365382,20.050189323652575,11.099999999999998
8.675390326905253,17.52131563575978,11.1
8.676862391889852,17.416199234382134,11.1
8.580337076960284,17.276837343043095,11.100000000000003
8.671344707094848,17.448865482149667,11.100000000000003
8.748324248871956,17.413540701490216,11.100000000000003
8.49759452120471,17.382285061658468,11.099999999999998
7.903259977801997,17.4141312265298,11.099999999999998
8.321282143858053,17.444645215465428,11.1
7.391344800960499,17.761165100207393,11.099999999999998
7.564633694341876,17.55012838104805,11.1
8.405952973845878,17.516212409013132,11.1
8.151476726759867,17.592054698547273,11.100000000000001
8.488805874875505,17.41997997119133,11.099999999999998
7.540895623565069,17.83389015415909,11.100000000000001
7.200314513102716,17.903544087219288,11.099999999999998
7.198753925046597,18.117711909077972,11.100000000000003
7.62978389356179,17.804412779226514,11.099999999999998
8.568425355902871,17.66551276077276,11.099999999999998
7.791721305356,17.481153329321792,11.1
7.781867979990091,17.551716184216776,11.099999999999998
7.371399875053993,17.377951626689118,11.1
7.791607336085549,17.475765367336912,11.1
6.86294503528794,17.652749075810895,11.1
7.781818745723864,17.37368584654219,11.099999999999998
9.68743107123384,17.752037307303176,11.240030213318617
9.512610601046235,17.690241965672076,11.099999999999998
9.440598999280594,17.590061808386746,11.100000000000003
9.099905974961839,17.521331619819335,11.1
8.583813027587272,17.448619704043864,11.1
9.107336591816738,17.52250311586939,11.100000000000001
11.108787524011541,18.25818274943154,11.099999999999998
11.623634273724706,18.78306887287062,11.1
11.372551758135602,18.814805637161456,11.099999999999998
11.368778149258983,18.33423520612613,11.100000000000003
11.016629202227394,18.260589670272143,11.1
11.289138307333973,18.471565311322887,11.1
6.786679783434658,19.355549739594668,11.099999999999996
7.0476109099095146,19.108016870321762,11.099999999999998
7.464494026111802,19.346331540480087,11.1
8.506345021758651,18.653858560219785,11.099999999999998
6.782254049027421,19.073408690721113,11.100000000000003
7.465461594272905,18.65098379502235,11.099999999999998
8.0908868115066,18.586699317958693,11.099999999999998
9.029622176422858,18.44571568140072,11.100000000000003
9.197066862824663,17.989008372053046,11.099999999999998
7.738977432358518,18.303241466509107,11.100000000000001
8.252796795680975,18.055850246259283,11.1
8.942639266077148,18.585527935307386,11.1
11.704743168074913,19.139552466909574,11.099999999999998
11.28912773041894,19.340365263504925,11.1
11.457997022118763,19.3091925593751,11.1
11.543784292739513,19.99690470970138,11.1
11.373513493576835,18.75188895476476,11.100000000000001
11.531237125882702,19.070362394590383,11.1
9.198717948921109,20.092541275790698,11.1
7.13591185098655,20.26938158468087,11.099999999999998
6.77933253172175,20.235504917046214,11.100000000000003
5.831518822701192,21.022531200427427,11.1
5.74503590525139,19.90922579366398,11.100000000000001
7.561854461903261,20.581963849563326,11.100000000000001
8.521778214270864,19.637095732067433,11.100000000000001
8.943639855503541,20.19602273057687,11.100000000000001
9.034475745774591,19.672863641913754,11.1
8.603081720983761,19.884665451480554,11.1
8.259082087688506,19.251801903301185,11.100000000000001
9.288577841789147,20.933894371516132,11.099999999999998
11.706006792922567,20.46623334783927,11.100000000000001
11.787396223078058,19.353773775998267,11.099999999999998
11.960795901041017,20.156201803580085,11.099999999999996
11.703887547272048,19.629992664374228,11.100000000000001
11.875524476956855,20.473084907496876,11.099999999999998
11.704669056566228,19.907383991307114,11.099999999999996
6.093933646945016,22.682287557282777,11.099999999999996
5.9144433480318765,20.293910885425447,11.099999999999998
6.179483176304826,21.733549939580215,11.1
5.409442167421824,21.657006561194518,11.100000000000003
5.834473087112975,22.081811787829658,11.1
5.579883625326356,22.08406264639129,11.1
10.144831142673882,22.78745385948145,11.100000000000003
10.05815352222297,22.018304648718342,11.100000000000003
9.805237974639805,22.19512835613895,11.099999999999998
11.436347810860301,21.52674053908268,11.1
10.402066699796816,22.612225107720775,11.100000000000001
10.410863769396915,22.579353301006964,11.1
12.399969763276289,22.04429627036464,11.381704018068316
12.223717058556325,22.704474286335774,11.100000000000001
12.392301157058016,22.399502788381742,11.242638082139946
11.968842319642333,21.556450991696735,11.100000000000001
12.398035915414237,23.26904793867403,11.668245407228584
12.567993204990342,23.417946005144408,11.66910560553611
6.963345500252233,23.526915089048746,11.1
7.474861076735867,23.526194593559573,11.100000000000001
6.356407116546585,23.633756056168625,11.099999999999998
6.88028506944989,23.632493887282294,11.099999999999998
6.19026054305674,23.49104134866093,11.099999999999998
7.823629553102186,24.19195857417346,11.099999999999996
9.62879376823616,23.87954532068464,11.099999999999996
9.888556448559521,24.3676571842324,11.1
10.147737428974205,24.22924106958109,11.1
9.294759097945253,24.195699672955364,11.099999999999998
9.544696021418078,24.859796962548874,11.100000000000003
9.80143285662702,23.708458707081217,11.100000000000001
11.962576491639936,22.719558281734788,11.243129330301972
11.795853435669603,23.001196284518375,11.1
11.705090875844226,22.97235979395877,11.099999999999998
11.791694356127703,22.722480637324825,11.1
11.963868585228857,23.039112426384474,11.38652805075234
11.791815342838708,23.321076823030154,11.1
6.78549285889925,26.618777526935553,11.100000000000001
6.268674831178162,26.052228501525224,11.099999999999998
7.0440324348119825,26.725759858884864,11.099999999999996
7.9784963452980335,26.82465152104163,11.100000000000001
6.27037054008885,26.090109275417266,11.099999999999998
7.0387634612273215,26.545474446757957,11.1
8.692773895724555,26.933227451952256,11.1
8.515450497604924,27.49867692358123,11.1
7.916649893616767,27.565250069900475,11.1
10.23239311709982,27.249347882571893,11.099999999999998
9.381727893786994,27.8092231941521,11.1
9.20646550948511,27.56431890289459,11.1
11.880000981136947,24.616582200150194,11.243089136915865
11.61628968291181,24.197927690748273,11.099999999999996
10.843060424514093,24.585083472447224,11.100000000000003
11.700988410175633,24.266805302050038,11.100000000000001
11.189742326099783,24.579340465044865,11.95985918351889
11.962051490655744,25.248304562919795,12.106845482253814
7.375888821446811,27.52286903253509,11.100000000000001
7.03257595183394,27.172898662405114,11.099999999999998
7.468585039232352,27.769067886105365,11.100000000000001
7.305463257652725,27.490885366535903,11.1
7.549423456890187,27.596600023518477,11.099999999999998
7.6406666329209525,27.596094885463927,11.1
8.74189194079645,28.12080991667207,11.099999999999996
9.963049715051849,27.942586530241805,11.1
8.935861798534502,28.013981437345503,11.1
8.764297060226895,27.90778113815912,11.1
8.063618398458608,27.84270421841177,11.1
8.589410127646138,27.770080754953455,11.099999999999998
12.397573147141397,25.55164463746391,12.521617690764613
11.20699557743364,26.361840041366516,11.523598995831358
10.60477139786294,26.845721968257713,11.382788713249285
11.203596100876036,26.497064676437137,11.381257003876778
11.038198166248456,26.80927157935712,11.383081828554165
11.034666455293488,26.948934809248623,11.381977763017122
6.529823469709051,27.9209629074876,11.1
6.783421003518451,27.91885090818606,11.099999999999998
7.139408591612528,27.92190485323254,11.100000000000003
7.138381558241681,28.06067536119978,11.1
7.400153999851224,28.024783864046338,11.099999999999998
7.1414166904661895,28.163734974561702,11.099999999999998
8.253435582770965,28.052958991232664,11.100000000000003
8.3350723849593,28.08943609232414,11.099999999999996
8.072798655845581,28.019014264372057,11.099999999999998
7.898554378233836,27.879565115881576,11.099999999999996
7.988177419755744,27.878377725044363,11.100000000000001
9.024396491696674,28.1222052169798,11.099999999999994
11.806304132527668,26.43072731845023,12.517663413500795
12.055385488571114,25.86760243838154,12.961906207176385
11.61429571925033,26.83780594829564,11.525655719861435
12.312110318734776,26.563708854612305,13.681540406627292
11.535132571699377,26.87774670880315,12.240379796480727
11.967809952189146,26.39086618885944,13.109439549294299
7.646773659439998,28.128242531135708,18.5
7.730487094877839,27.95170279064706,18.499999999999996
7.809000835251088,27.878008561271184,18.5
7.817455877036107,27.98821263595735,18.500000000000004
7.818591269056194,27.949800943133294,18.500000000000004
7.642405010953134,27.77043545983107,18.500000000000004
7.377190974413286,28.137157508281856,18.499999999999996
7.20775948809176,28.171320266316563,18.5
7.0441517122813195,28.130560654533653,18.499999999999993
7.123919026803336,28.133642028178663,18.499999999999996
7.0423189031943965,28.094436722203106,18.500000000000004
7.041766844566463,28.13078740443933,18.500000000000004
7.650341888249103,28.189066410235657,18.499999999999996
7.651507770237618,28.187728876304917,18.500000000000004
7.652424340514318,28.119565758376602,18.500000000000004
7.910405660366136,27.771044189943662,18.500000000000004
8.427187923209704,27.698916711280457,18.500000000000004
8.083830488279657,27.802767048573344,18.500000000000007
9.185043816290506,27.170239156008165,18.499999999999996
8.593571886219125,27.5912204468866,18.500000000000004
7.990951447321515,27.658426752120455,18.499999999999996
8.242577029797433,27.417637007105785,18.5
8.753788102530962,27.344440340849903,18.5
8.508453613763677,27.590013245090056,18.5
7.566065966870409,27.66407805915246,18.500000000000004
7.461911361804996,28.196334154401754,18.499999999999993
7.048930811942219,28.089541771270646,18.5
7.377757823906229,28.063301144809934,18.5
7.046675561263644,28.123755183794376,18.5
7.381935700947455,28.128370775338027,18.499999999999993
7.388178823737391,28.049550841892152,18.5
6.620298665990715,27.62928457062063,18.499999999999996
7.472566959002155,27.73329090812797,18.5
7.558329648998101,27.632522810710416,18.500000000000004
7.218982430570438,27.421362917504364,18.500000000000004
7.48357500648816,27.45732205925543,18.499999999999996
10.58006868523007,24.96592027655711,18.067349251900023
9.01961189325612,26.896988956767856,18.212255246369597
8.507294294829062,24.969799947598396,18.5
8.509044746613089,25.84792664908804,18.500000000000004
8.167576520941717,25.392489424689206,18.499999999999996
8.079165417651401,25.59929302552564,18.500000000000004
8.080659586639946,27.207274672239638,18.500000000000004
8.076642723447767,26.963552875636264,18.5
7.910565937915273,26.89366922154826,18.5
7.479431855103714,26.08810940122436,18.499999999999996
7.479591664412056,26.087929360728463,18.499999999999996
7.992908892777387,26.99820498101758,18.5
7.9039543908570495,27.140707915033577,18.50000000000001
7.730565900123837,25.9865948324726,18.5
7.4745689932250485,27.279238263631335,18.500000000000004
8.337792731637887,25.987295226652922,18.500000000000004
7.125252208139481,26.23066966915965,18.499999999999993
7.401716642355635,25.036844179761374,18.500000000000004
11.528855607082443,23.357018546497024,17.777429880562426
9.03069209603294,24.61337712207206,18.499999999999996
9.119203823885584,23.950476949237064,18.3557420452962
8.168736007385336,23.5284377698795,18.499999999999996
8.51513589344839,24.472789240963593,18.499999999999996
7.826445719133009,23.70577278484488,18.499999999999993
8.938256150041806,25.74024648043449,18.499999999999996
8.069937649110816,26.25801693260202,18.500000000000007
7.390907044256105,26.713811582002688,18.499999999999996
7.394176876589718,26.856343357964967,18.499999999999996
7.559828280328778,25.980096544899617,18.500000000000004
8.077437066148823,25.6677790308665,18.5
8.335860855266139,25.113557325318478,18.500000000000007
8.5210035052344,24.58025594021546,18.500000000000004
8.601897175540696,24.581719286916158,18.500000000000004
8.59245716830743,25.637104426209376,18.5
8.418359102811904,25.257105720217016,18.5
8.688742416127925,24.337022479463844,18.500000000000004
9.294467711733299,23.457102404986415,18.5
9.466432930009185,22.475957617388627,18.5
9.81311939141766,23.1791269536033,18.21190642876887
10.50067049384625,23.528104855658203,17.339819141366547
10.668091641903626,23.214039821222517,18.06479575648267
9.804658610358555,22.476204474922827,18.499999999999996
7.734521505293142,20.652423612630784,18.500000000000004
7.478293574158992,21.948499580950557,18.500000000000004
7.56294847615939,21.179287444972655,18.35548494560136
7.476062467906281,20.652502640990416,18.355277165296886
7.564314881329997,21.24836208002159,18.5
7.390780649495991,23.66499719620943,18.499999999999996
9.114931387583013,23.419822360601255,18.499999999999996
8.43376237341858,23.386865740772738,18.500000000000004
8.688399138472633,23.071805557695097,18.5
9.11826082938033,22.89698440838659,18.499999999999993
8.778767359802433,23.562712646764975,18.5
8.603349637046879,23.737376061332075,18.500000000000004
8.266550860621848,19.594353084739723,17.92081304797918
8.872514653605167,20.015667123043883,17.34115908483236
9.46685061467128,20.362515034148725,17.344478279848133
7.6593252085311985,18.021234815523357,18.5
8.694405329507843,18.896081226238618,18.066721115433964
8.433229485672152,18.233349950702856,18.500000000000004
9.030500505676798,21.17923039563901,18.500000000000007
7.65329758897558,21.663292428812703,18.20825510266659
7.2243567922585585,21.13395065450545,18.20951164583394
7.309738360137068,21.491207151479472,18.2091946366178
7.224366972851571,20.960316218231544,18.209136996573434
8.172335466792775,22.925327154127707,18.210093852663185
8.69051619613856,20.123810503144853,18.5
8.949067137491683,20.686892151263116,18.499999999999993
9.375102210271715,21.4930882790145,18.500000000000004
9.459843486513062,21.91627224975315,18.499999999999996
9.457399692987742,21.38683741038097,18.499999999999996
9.0309560744461,21.42356510072581,18.355409022965116
8.426072105790345,19.071103106468563,17.923304472754257
8.687576573565511,19.000743273493523,18.06764227608747
8.77489972402009,18.61490616304324,17.924472037556043
8.687015780764249,18.964274911986642,17.779907954783795
8.60008773193683,18.96374140924824,17.78010473381482
7.998519159009178,18.648471386748113,18.5
8.25507565733363,20.010248532073835,16.907088617252633
8.075368770843935,19.169725448871382,17.92328055972796
7.734953484052208,19.41710723166032,17.9214707326441
7.995078208622493,20.055023063032646,18.355627649059812
7.647330864502719,19.799475620214714,18.067195369541977
7.310556154737825,19.52279124585308,18.06640481738799
7.823207880212638,17.986425377924768,18.500000000000007
7.469652974717599,18.089189564389955,18.5
7.994531625971971,19.072664926829123,18.499999999999996
7.217209611592453,18.50540262034419,18.499999999999993
6.87157658531876,18.573091810059463,18.213213962035233
7.134479735645036,18.156497178670783,18.500000000000004
7.994432727147111,18.127272560540963,18.212159334636215
8.078768965525507,18.40232248914143,17.92458323692745
7.909676243865383,18.2667903460374,18.212129781994285
7.823113122385639,17.844935061489558,18.5
8.335275539164556,18.509013523080824,17.924168545682758
8.337259316240747,18.267114340235636,18.500000000000004
8.154116370505303,18.215587905472113,17.92756585060004
9.68571609008061,21.855846590362933,16.201616992647235
9.858482166181108,22.063031303961065,15.19853660076611
9.686548343923919,20.71443455785045,15.62901484028685
9.174786393355065,21.300095321513194,16.20473578722036
8.664594780438001,19.392195515617974,17.067178513472648
7.2106414677212545,17.90960387804894,18.5
7.641191973020205,17.94576898525145,18.21375698023242
7.294923137752207,18.223171119504727,17.92710657606371
7.8987615205993436,18.257892280004544,18.070517007111338
7.385655911406083,18.017534277641065,18.499999999999996
7.461428921006306,18.04265202146348,17.787369124675493
8.152834438812086,18.224433528714084,17.780446621735326
8.064982621263614,18.049298632543902,17.638514832511383
8.582556593304155,19.09324053726241,15.908629614618594
8.069642352113144,18.05248456419037,17.658197385451125
7.9805746614783,17.94418021675084,17.782773839357716
8.32982441993192,18.752037551967522,16.621333448254738
10.037291012701067,20.52193389483473,15.617538909724887
9.61173084365809,19.787991742270297,15.6191920899213
10.471763350652344,20.881961703737417,15.034056459995549
10.307123509234865,21.257720418654173,15.322932848385513
10.039479145287057,20.417615102221074,15.760841357645837
9.707516247552833,20.564164337930993,14.168096146564913
11.532061393709007,20.647706231406524,17.19726446452561
11.960129447814701,21.514858939367624,17.636372257649516
10.932010809977118,19.95022032934247,16.758566729077405
11.788806672359167,20.71478113438749,17.056085085807307
12.13290468554885,21.245849319005416,16.763110738153863
11.35423369886624,20.016922699757437,17.3454110396479
7.904893528629362,18.402750125457107,18.068634068921085
8.161284343792438,18.7865562179033,17.34577191418837
8.081651673041533,18.23071024520529,18.212834108755548
7.482064848744639,18.47825988301168,18.499999999999996
7.912046987610784,18.584039086573082,18.21153711477026
8.59667580963409,18.968343837234947,17.48676622900292
9.204354493184248,20.089494216499894,17.338068025603974
8.16689801480985,19.806060727053346,17.77813989717124
9.200866959476603,21.069470160267805,17.48449445510066
8.942574136534514,20.822349490534034,17.049379732680272
7.990535188337716,18.36979502102126,18.212894623284235
8.854950990800562,19.178198499761105,17.632280473818508
12.389896706213802,21.442725717190623,16.33849814189881
11.78806152116132,20.82317378115039,18.213548790151563
12.212724222094737,21.441494662185264,16.486852754232036
12.476668551694505,21.485240967070556,16.477092179729294
11.785600914182995,20.576317321775274,18.356171120299184
12.047031570368267,20.775500942650783,17.067559465721754
8.936317239239676,22.192923005633812,18.499999999999993
9.022967907482753,20.686865645139626,18.5
8.33454727356985,19.567229049831035,18.5
8.50786413614792,20.022618663728437,18.5
7.730637921650322,19.776605742311226,18.499999999999993
8.853146085415082,20.65166456439216,18.5
10.93252840279212,22.33825765801357,16.173767754694257
9.719320980813132,20.226584455150217,17.921315703935978
8.690888736682373,20.78621347289409,18.066702561519918
10.672709010385839,22.058666321396235,16.8953472826427
10.409287530335423,21.48785921282954,18.21099617124327
10.756496327527719,21.77745199636181,17.04544238121243
11.787501418581677,20.231096602790355,16.618487697875526
12.049792660365691,21.306177120426263,17.638215518220363
12.218516680537718,21.765384168912625,16.621071872283284
12.219457792899194,21.34237737563993,17.207849876410435
12.134724455550815,21.48426894880381,17.205260036631472
12.132537496148444,20.955778199104408,16.770134588280744
8.003622893709952,21.67200961583613,18.500000000000004
10.14867148768508,23.420649628283826,16.764098993842435
9.801479890873054,22.40559417632711,18.35652244010351
10.235782647622226,23.035916755853737,17.340849685159622
8.768403292926177,20.509905631357594,18.355980817304882
10.752172622321835,23.107720691307225,17.049650549050117
10.925831700420002,23.73900973586468,16.758144602747723
10.234577753066416,23.45498537531424,17.92285162636729
10.840977662648452,23.91430693055777,16.902382837297825
9.894661511330305,23.41951050924289,17.34359620320712
10.15391187810071,24.018346133735967,17.04779367169233
10.409512345241874,23.842096144233018,16.90596651352307
11.614192695971822,22.3083016580491,16.90282751851323
11.788960810523838,21.493027225994094,17.49249680213867
12.302751933849652,22.53979485351645,15.466577428097706
11.700750932639782,23.592986088953616,17.055669729530553
12.134621246013037,21.87702134686923,16.912697358536892
11.87029085494636,22.363936274089053,17.054467259886195
8.515898611562301,24.54703392088123,18.5
9.463928815602397,24.369835238822695,18.499999999999993
8.86315789779951,23.5959771568644,18.5
8.683327687475487,24.44146446084283,18.5
8.179349690504345,23.98241466999246,18.5
8.857312440500786,24.302614865456444,18.5
9.723840281535807,24.931296913366136,17.776163721243293
10.156627644108195,24.473501123034108,17.19295459041278
9.808137846533851,24.08675613940821,17.63073158411273
10.325793050269638,24.930678393942852,17.48551253620413
9.375399115054508,24.334530123391296,18.210706193054655
9.11972145505228,23.696445824233788,18.06775320292143
12.391112434335014,23.67453344055662,16.038875580330238
12.221259340856376,23.81053646942187,15.89444339156499
12.565624046846755,24.32656133287217,15.137030743873373
12.224423581082936,23.70296633669522,16.333992266716507
12.048732676426187,22.79391127930348,17.350391911421106
12.221653194547796,24.370333482617706,16.178934092270715
9.10058809620258,26.473881583283774,18.499999999999993
9.176622329780047,27.171018755367626,18.5
8.937926079390678,26.23097771839967,18.499999999999996
8.761230246108276,26.054595929186736,18.499999999999996
8.507179301308915,26.092188506964163,18.499999999999993
8.669783991625094,26.860201544762024,18.499999999999996
8.771408991827919,24.760968041288837,18.5
8.520984205363108,24.514074664183088,18.499999999999996
8.857301222060547,25.5240188023634,18.355836860806736
8.594347613033149,24.79117828636187,18.499999999999993
8.852653783198626,25.636842517916968,18.5
8.59408570713442,24.829075780539213,18.5
12.477655827137058,24.79800585867508,15.60164973792035
12.392469324482876,25.112887704429014,15.60374220977383
12.478847816099815,24.205198304836678,16.041741891294947
12.227237629047623,23.856451106212962,17.056585827859372
11.365884631564438,25.837856219266634,17.200990032728722
12.562508604839206,24.48594243416789,14.869632351460263
7.649248005792343,27.906208827206374,18.499999999999996
7.911089464056771,27.419574030797975,18.499999999999996
7.480508423844283,27.490512658647518,18.499999999999993
8.159825535282678,27.242914944300495,18.5
7.905610715967831,27.381386258545874,18.5
7.90858060107889,27.418159076292643,18.5
8.504150520927597,27.72965383997037,18.500000000000004
8.591575332345426,27.419283006571266,18.499999999999996
9.291603769412148,27.631033932257985,18.35662995460881
8.84666172920673,27.068601662986055,18.500000000000004
8.771293650056274,26.793273292662793,18.500000000000004
8.681682511667669,27.24297571578613,18.5
12.134100216089626,25.427337990289676,17.051474321759024
11.712031100651377,27.3184462154998,16.037871061553222
12.564185922654467,26.72023170360631,15.455225353546789
11.542052573360968,27.630858815300375,16.321859865630632
11.197967045471355,27.354197417856884,16.758673407668354
11.802144149823006,27.22190249351907,16.90921892174592
7.8891142002879615,28.30172161837349,18.499999999999996
7.300240911219845,28.271238362306473,18.499999999999996
7.211270437691739,28.02348039154237,18.5
7.212541222833373,28.172816985981047,18.500000000000004
7.706718512922634,28.172463519546447,18.5
7.552553809716059,28.206503908953767,18.5
8.510772721904093,28.051935860118434,18.500000000000007
7.989498189833487,27.973222970531843,18.499999999999993
7.8111320093251395,27.875074291992846,18.500000000000004
8.071592169368614,28.04953785677258,18.5
7.812045925463623,27.735551346039788,18.5
8.587524582892106,27.871748879592765,18.499999999999996
10.612457748365152,27.85263974523621,17.193652176922132
10.432418104454978,27.704163485571005,17.48681887548138
10.421904750100866,27.670158732643543,17.921049031454004
10.51879466510366,27.775951308833147,17.199375381506346
10.685449844839615,27.459855000388416,18.069144548724662
11.705546440704277,27.179598874291422,16.181635084539497
10.053914515780177,27.80676871056471,11.1
10.31235385223735,26.727306036171274,11.1
9.88272293302093,27.249427378343533,11.099999999999996
9.882771819102574,27.4248773783424,11.100000000000003
10.071813224818552,27.424691804498412,11.099999999999998
10.22867099532691,27.633064644592633,11.100000000000001
9.110646925059255,28.053151164466502,11.1
8.767722590186679,28.123872052181554,11.100000000000001
7.90352682527882,27.91589241255998,11.099999999999998
8.697246597104929,27.64561560080852,11.1
8.255938006895551,27.95199573724397,11.100000000000001
8.689390411675591,27.916078861865763,11.1
8.8690282325091,27.921165639519522,11.1
10.145319696168949,27.032219926547047,11.099999999999998
11.351633277373814,25.24917414600744,11.100000000000001
9.035869190597392,26.89428347032382,11.099999999999994
10.06543192553641,26.612943788468762,11.100000000000001
9.20584670989262,26.406067315871343,11.1
9.54630469267588,27.10747597456795,11.099999999999998
9.284893820399626,27.701147716370567,11.100000000000001
9.210075590752297,27.705028819402425,11.100000000000001
10.580521832006296,26.283438090498933,11.099999999999998
9.635051199124405,27.354198138905346,11.099999999999998
10.159692737567033,26.373024268372983,11.100000000000001
9.71683208518028,25.570461542226635,11.099999999999998
11.009015568667401,23.460536044902216,11.1
10.75120163838128,25.598560533307758,11.1
10.926698772879666,24.47856588339406,11.099999999999996
10.923110680184903,25.284833389778115,11.100000000000001
11.611095396493216,23.59495829889872,11.243527352164625
10.755463021212568,24.51304433370831,11.1
10.921388024582921,25.844284092310808,11.099999999999998
10.754713737533285,22.996803894699852,11.100000000000001
10.061621209028512,24.11743414906911,11.100000000000001
11.441195675334262,23.94652734407123,11.100000000000001
10.580108181004581,23.980192162244933,11.100000000000001
10.058139865210368,23.111105217923388,11.1
10.407283519056094,21.03401898408454,11.099999999999998
11.267024037377256,21.069757959883756,11.1
11.697314372089842,21.38898509633452,11.099999999999996
10.74916744693929,19.46272055083207,11.1
11.01177224609325,19.94825352172976,11.099999999999998
10.752997145639068,20.229436377694146,11.1
11.44384618561335,22.726119248439502,11.100000000000003
9.025094474008476,22.053622083734037,11.1
11.358477291621282,23.008598107518893,11.100000000000001
10.237249314080586,21.666898778174797,11.100000000000001
9.804188951475762,22.792525994388516,11.100000000000001
11.438068289293572,21.42126519816562,11.099999999999998
11.353847156386513,22.371466135617776,11.1
11.007775347766351,21.914061415931563,11.1
11.44158923447033,21.417469531142952,11.100000000000005
11.785653159291515,21.103951807160417,11.1
9.722881016832043,23.040098807039534,11.099999999999998
10.322435260469627,21.91424549733296,11.099999999999998
10.754175892318948,23.145008047531434,11.100000000000001
11.008308078030177,23.279978374724745,11.1
11.015412110982366,21.59596184587594,11.100000000000005
11.267938481700233,20.159428436282926,11.1
10.834273525364358,22.40128830363703,11.1
8.941913516498719,18.904027310459973,11.100000000000003
8.94396028333814,18.057945299259476,11.099999999999998
9.032840646621906,19.215860663671936,11.1
9.546389102440248,18.658336863843513,11.1
10.406616085988194,18.659623637679545,11.100000000000001
9.029325274099163,18.728150663429545,11.1
9.460813766668004,18.411289652717876,11.100000000000001
9.890256072133994,18.516156784696733,11.099999999999998
11.179094194806579,19.214065746322756,11.099999999999994
11.612131098375457,19.809132620978186,11.1
11.094298758398159,19.706667717449744,11.100000000000001
10.409808398431874,20.055217760266732,11.100000000000001
11.272830477552333,18.445248785037375,11.099999999999994
10.92424512696249,19.28403463494647,11.099999999999994
11.352384678609827,18.795950295664298,11.099999999999998
9.807682299366638,18.09737904387292,11.100000000000001
10.753147767407542,18.517450372973446,11.100000000000001
10.495784729832616,18.342447496664025,11.099999999999996
9.715778399157184,18.374845669472442,11.100000000000001
10.323190187013777,17.95552665051127,11.099999999999998
10.502225879993073,17.91156214162095,11.1
10.320474284142827,18.55384256760604,11.100000000000001
10.065153463311326,17.920901754164305,11.099999999999998
10.412093970657935,17.91658300031881,11.100000000000001
8.593878459496246,17.448130845077092,11.1
9.289547154993704,17.313172639382447,11.1
9.19022054386073,17.520642039892085,11.100000000000001
9.546359490252158,17.451947821866344,11.1
8.857195733896328,17.37900884514681,11.1
8.946532709443458,17.277395338133406,11.100000000000003
9.273275837751934,17.59515405629107,11.100000000000001
9.53693929731441,17.735968459873646,11.1
9.534408265536285,17.76605219705016,11.100000000000001
9.972604403820034,18.047937809928072,11.099999999999998
9.613050957642225,17.626984283849033,11.099999999999998
9.530332191849995,17.45088578932892,11.1
9.282863396397499,17.625351255542657,11.100000000000003
9.825775698350359,17.897954163809604,11.52649730330465
9.457517702787516,18.84789990570623,12.090011759497225
8.69575311057741,17.38094599443043,11.1
8.953389158533327,19.461187300097553,12.818628635193617
9.292946856823605,17.276553493985464,11.100000000000001
8.07333736501131,27.289310027963065,11.1
7.814498906762744,26.376151828213235,11.1
8.157243845918025,26.487500318323168,11.099999999999996
7.995260149081278,27.327428435679323,11.100000000000001
7.4703977673863875,26.527253818439235,11.1
7.98060093258627,26.107716035881282,11.099999999999998
8.673328335952178,27.50226080393552,11.099999999999998
7.726022017309669,27.041693059805862,11.100000000000005
7.385261339534289,27.004781539072003,11.100000000000001
7.478020779800822,26.16609273237477,11.1
7.981528897191345,27.254202631007196,11.100000000000001
8.507912024041664,25.990865876712334,11.099999999999998
7.135015150559111,26.40862589497622,11.1
8.76132811576113,25.002985246137115,11.100000000000001
7.313241507508729,26.132659161129524,11.1
8.422969893316436,24.621796249079864,11.1
6.959562676109608,25.14180537918446,11.1
7.132215128609911,26.23344823110822,11.1
8.766613319429524,25.989005100992053,11.099999999999998
7.5563613326239,26.506427663008907,11.099999999999998
8.9267406432539,26.255401023509616,11.1
8.588086148071893,25.783442070262645,11.100000000000001
8.507299135845459,25.563790457722124,11.099999999999998
7.7339879246131025,26.268435800604465,11.1
7.556878515936478,26.12854325340051,11.099999999999998
7.298736347008731,23.887362522431307,11.100000000000001
7.382620476961537,26.26405069392388,11.099999999999998
7.6427777932219945,24.62965464620323,11.1
6.6149023050992435,24.67526884007389,11.100000000000001
7.047730290878197,25.774342482554736,11.1
6.4456574736802335,24.223164150853346,11.099999999999998
10.49797737243932,21.730889275797434,11.243670840108555
8.071450819121608,24.100686453044922,11.387417000194723
8.082224334175555,22.89796198416126,11.100000000000001
9.554777876170919,23.315942994770054,11.389158247377296
6.969818535145489,24.58764454050426,11.1
8.252444848291631,24.422351470427223,11.532303184388072
8.434325271605406,19.770122188705265,11.1
8.163451857525116,23.25248834523354,12.254339633583653
7.475170197127824,24.681787434238263,11.531235207388862
8.681561656463426,20.575422536520264,11.678541763772794
8.591913090345157,25.10547377508914,12.686408497118514
6.531629154901812,22.415390795716263,11.099999999999998
7.048650547584453,22.452995888596316,11.099999999999998
6.875387981172198,19.279161491168054,11.1
9.97948693610802,19.355489243430473,11.100000000000001
7.900478418229448,19.588515223186814,11.38791439946494
7.477789307331462,21.740233137157198,11.100000000000001
7.648227498939972,20.436427947295147,11.099999999999996
5.931233941858791,20.026427214307343,11.1
6.398809590948863,19.087301165817337,11.100000000000001
6.698359181283674,19.208562088894826,11.1
6.270808583061305,20.43455735898062,11.099999999999998
6.096116264431281,19.37767196842068,11.1
7.304219828190911,19.521970318511332,11.100000000000001
7.8082487424052065,18.290896374089176,11.099999999999996
7.640175570567088,17.700982773459295,11.100000000000001
6.532825758405024,19.063842238181362,11.099999999999998
6.433894253340498,18.91772668388853,11.1
6.61515918837542,19.233999079672838,11.099999999999998
8.253704834847179,19.038353065100146,11.100000000000001
6.614604302551413,18.328176109461744,11.1
6.2695076537703756,18.191341737422583,11.099999999999998
6.017676119452152,18.817148958858414,11.099999999999996
6.43870570908186,18.35984676290884,11.099999999999998
7.7275909164701995,18.25899784219258,11.099999999999998
7.2998380508015295,17.841863616182373,11.100000000000001
7.906029211023325,18.401538484288775,11.100000000000003
9.36197769391475,17.98590234340886,11.1
8.675446476207988,17.843806929846277,11.099999999999998
8.511989554281056,18.37125684507408,11.099999999999998
7.566578502467771,17.844892322453664,11.099999999999996
7.997871752231749,18.26805861166519,11.1
7.98883947786283,17.733935633102494,11.099999999999996
6.963999619957262,18.0447665884706,11.099999999999998
8.67127179438005,17.383684226224986,11.100000000000003
8.841562441237757,17.625196801126016,11.100000000000003
8.07234458645702,17.590380180615032,11.100000000000001
8.501368669487674,17.625438807110093,11.1
8.147476888474865,17.52193547543542,11.1
8.06987515717515,17.62299974209166,11.099999999999994
7.304122140129065,17.72935518070293,11.100000000000001
8.239294378871248,17.799246759167744,11.099999999999998
7.887526667118529,17.5512470682262,11.100000000000001
8.7549390373885,17.59044066644387,11.1
7.9826950741904215,17.523598154281242,11.099999999999998
8.420039156309722,17.555917777901943,11.1
7.906319622911696,17.560698153962985,11.1
8.843671096407265,17.487807398630245,11.100000000000001
8.593948626701426,17.55469718383084,11.099999999999998
8.672412935280997,17.73237110918265,11.1
8.677681661051489,17.483227111595127,11.1
8.843581771517925,17.48357466621063,11.1
7.991892022481958,17.557751402676672,11.099999999999998
8.50090320492246,17.2753976784173,11.1
7.649993033360307,17.623636036448133,11.1
9.26938229555384,17.591296486334855,11.099999999999998
8.505360462194128,17.581591043258793,11.38262197329105
8.58724193571375,17.37881365490981,11.099999999999998
8.932355559770901,17.655555740404584,11.383832333114825
8.42274852087067,17.275442179152954,11.100000000000001
8.336662083344503,17.416061233910675,11.1
9.020097198270996,17.628617527031246,11.100000000000001
8.76629179284526,17.696374077471464,11.385260099940801
9.445101722564187,17.66015580372975,11.099999999999998
9.369421709514079,17.800694732496027,11.099999999999994
9.20193272127235,17.910615134342528,11.099999999999998
9.548744305166618,17.73509618403008,11.100000000000001
9.43900467126619,17.586189642130638,11.382788634084449
8.949629290786161,17.522732636414236,11.1
9.114841985004611,17.590698617025538,11.1
9.379846276581544,17.702653825474354,11.100000000000001
9.114367674369488,17.732800938201706,11.099999999999996
9.44804472388498,17.591366998309763,11.099999999999998
9.798644315931375,17.69849016201896,11.099999999999998
9.53698988361995,17.808698256980524,11.099999999999998
10.145512083680151,18.055223096883168,11.1
10.413035705639743,18.478859471703622,11.100000000000005
8.763019002103192,20.373783372638137,11.1
7.128312504408981,23.42139143756261,11.1
10.321867315464933,18.61707647581437,11.1
9.20947029258347,18.82245216088106,11.100000000000001
10.588143091574379,18.33710414247181,11.099999999999998
9.27578145426818,18.886483002058018,11.100000000000001
9.983350124098765,18.546722821456093,11.1
9.987103836614786,18.230262450220998,11.100000000000003
9.02588667861739,17.983526368925318,11.100000000000001
8.251210001892625,22.372017741759148,11.099999999999998
8.159018253282207,22.538908037745486,11.1
7.822778308611276,25.66851429077195,11.099999999999998
7.987192191386542,23.853788821841498,11.100000000000001
9.206945400292863,21.55432463502591,11.100000000000001
8.766609936910463,22.473871746285635,11.1
10.842919877401764,24.29215363797885,11.099999999999998
11.621098865683246,20.67726048634717,11.099999999999996
10.245702177282885,20.473089977083966,11.100000000000003
10.762251137361869,21.40781056324263,11.243872010042345
10.930851794903534,19.774068259550326,11.100000000000001
11.115673527450435,21.33597019071446,11.67203883075594
8.857494225693822,23.737169702100786,11.1
7.994230199217023,26.340413426459772,11.100000000000001
7.30881926460282,25.990516323233546,11.100000000000001
7.228584714848244,26.828066694549626,11.100000000000001
7.738365441795671,26.27308891979466,11.099999999999998
9.193339428297655,25.74984628623004,11.099999999999996
7.662207287323647,26.826027917876303,11.100000000000001
7.655251992760553,26.12069937692552,11.1
7.3128090851773795,26.441673226484514,11.099999999999998
7.9208361849602955,26.90654331378525,11.1
7.919961625791392,26.168526476321976,11.099999999999996
8.943372979169848,24.15929800542395,11.099999999999998
7.309537697682892,27.18144026232112,11.100000000000001
7.488479189420182,26.76642953258175,11.24334942142657
6.880595473589199,26.766615306170312,11.100000000000003
7.578419608879333,27.01909747888646,11.526444702110975
7.820945692663935,27.08040129034138,11.100000000000003
7.817744430159456,27.254817361307037,11.100000000000001
8.775062398067286,27.639056756292373,11.1
7.84882671972485,27.511804683731103,11.099999999999998
9.040773974834382,26.95005261092036,11.099999999999998
9.195920310033014,27.639735979261765,11.099999999999996
7.823299145126494,27.602419545031594,11.100000000000003
7.731401008189268,26.453993067051147,11.1
7.984150486599002,27.5661118101947,11.1
7.463395560591744,27.563257693841525,11.099999999999998
7.815352970316061,27.359829038597923,11.099999999999996
7.383093527111704,27.320932189006275,11.099999999999996
7.815124634675235,27.360077780139754,11.100000000000001
7.73267104032876,27.497615039460392,11.100000000000001
8.088320979901486,27.987585867351825,11.099999999999998
7.996183253303419,27.811946027563458,11.100000000000003
8.333633317735359,27.77902259647342,11.100000000000001
7.735678854547995,27.604750092950074,11.1
8.074787612150292,27.707249126714952,11.099999999999998
8.425714361425065,27.709658962673068,11.099999999999998
7.815704393136053,27.673255920316468,11.1
7.5541258773179605,27.775147533589465,11.1
7.6355608156403605,27.64040452226392,11.099999999999998
7.988188770882943,27.8509308549653,11.100000000000001
7.6367348956642935,27.67635740058745,11.100000000000001
8.338340052904512,27.882445236291595,11.099999999999998
7.635005258871813,27.846096890971044,11.099999999999998
7.715922842074345,27.84558459692867,11.1
7.552347874565823,27.845718825551796,11.1
8.155269523759669,26.73848599798393,11.67161991018861
7.141281829178266,27.989587007605177,11.100000000000001
8.49740119035416,27.955427244636883,11.099999999999998
7.472712654877356,28.02133830087316,11.099999999999998
7.464854582535916,27.776408250085012,11.099999999999996
7.136075014093747,28.021578434021432,11.1
7.1247760034854295,27.842436552552993,11.100000000000001
7.294669511416815,27.98061567980338,11.099999999999998
7.812402204894067,27.882945540020067,11.1
7.7360338423064015,27.67942209777703,11.099999999999998
7.916376658126048,28.127044367013717,11.100000000000001
8.178301839060431,27.958409460223706,11.38554886480003
8.183326128768114,28.093940077419695,11.099999999999998
8.766134448977285,27.224182861258548,11.100000000000001
7.83344787428392,28.12746200415208,11.099999999999998
7.478302163326137,28.126875503512423,11.1
7.814628962579486,28.127901495734456,11.100000000000001
7.133169884717745,27.953271199101167,11.099999999999996
8.329140230835307,27.95507617994599,11.242883452378722
7.983992020400777,27.91940934838191,11.242635003003995
9.547365206492184,17.59883023284849,11.1
8.767316470289552,17.315403567741537,11.099999999999996
9.969261393293095,17.912205076068403,11.099999999999998
9.457666915153068,17.845420265942206,11.100000000000003
8.93949848116851,17.386007677356794,11.100000000000001
9.112241741859153,17.525864950920603,11.100000000000001
10.845351736679655,18.123278293947486,11.1
10.054971688469001,17.913846655168676,11.099999999999996
9.60531411699418,17.963434558555033,11.100000000000003
9.45488769828136,17.73469053553691,11.099999999999996
9.017634615107184,17.387565122908427,11.099999999999998
9.196417173704884,17.81285528048882,11.099999999999998
10.232740208889403,17.98269036780785,11.1
10.920254576742327,18.3730175122542,11.100000000000001
10.150657278942528,18.41024540842304,11.1
11.187766610005502,18.545947580083595,11.100000000000001
10.748132751005908,18.514052776943327,11.100000000000005
10.746028721599533,18.515234517578655,11.100000000000001
10.833354872408535,18.620236950743973,11.099999999999998
11.264625082146466,19.14613196438666,11.1
11.093496215136394,19.00758863927789,11.099999999999998
10.492480964048015,18.658882871000984,11.1
10.061310506752285,18.20236678598858,11.100000000000001
9.636813333059852,18.273511101105104,11.1
10.581960582454709,18.202565128066485,11.1
11.181475941371966,21.273197357770165,11.1
11.610351831280687,20.432880722114465,11.100000000000001
11.264392914136524,20.822560642611144,11.1
11.614742652277544,19.560871702497074,11.099999999999998
11.698531973610281,20.329619717630752,11.099999999999994
11.441865583833488,19.59097388895293,11.099999999999998
11.697708559170348,21.874659729272558,11.099999999999998
11.529914589716583,20.757491713456016,11.099999999999998
11.357868563581631,20.446389312802317,11.1
11.786487245468635,20.510445065505355,11.099999999999996
11.789556006187334,21.072360760858388,11.1
11.350064845764887,19.67254837988049,11.099999999999994
11.265309910390943,21.59800698990403,11.100000000000001
11.350771327285166,21.421650041805027,11.100000000000001
10.748958813164576,22.65208205147475,11.099999999999998
11.44151287222998,22.325774350019316,11.100000000000001
11.089553777478393,21.842646152918142,11.099999999999998
11.615501215961626,23.983536164159762,11.099999999999996
11.965770892895275,23.535607352754287,11.099999999999996
11.44483645987528,22.753855280000646,11.1
11.443008832022015,24.09220864388824,11.099999999999998
11.787356103993448,23.626965669642093,11.1
10.406538569634101,21.98314662504928,11.1
12.134444353166929,23.49006215935553,11.387078856334114
11.61558287753868,23.636733591365314,11.243837791497258
11.612282990052845,24.834528377739147,11.242831457488345
11.018423504678779,24.9376604703888,11.100000000000005
11.183162939252835,24.16390666016569,11.099999999999998
10.23501674493629,23.988363072881565,11.099999999999998
11.436583939701835,22.857187048990887,11.1
11.09679693999049,23.94957311617111,11.099999999999996
10.752357061731278,23.06842718155493,11.1
11.868984819235857,22.541329971037044,11.1
11.268629814898475,23.839962823696663,11.099999999999998
11.444722266423195,23.947853251525512,11.100000000000001
11.023902850667408,24.30238862388555,11.243931155864917
10.839753225827582,26.125265495352693,11.099999999999998
11.012330055084952,25.740576757481776,11.099999999999996
11.097679768606303,25.63776960095836,11.100000000000001
11.096736224901198,26.127196347170337,11.24313990820564
11.185554447290295,26.16709361432328,11.815591382628888
11.704624932756662,26.12747752458741,11.81901965226321
11.446593044259597,25.146009395386567,11.243740387217214
11.616310340679307,24.588590573074022,11.1
12.304351874596549,25.070945820892007,11.243272853064319
11.965177284288128,24.016695508187134,11.242684561874706
11.618588237398585,25.918103944079153,11.099999999999998
11.536949441231508,25.506751226391817,11.243296019979363
10.85166999752973,27.143786463101904,12.106084459199481
9.72956875954565,27.247056135417974,11.100000000000001
10.921618226588379,27.009986836781547,11.242221975163964
10.079595673623581,27.353275070022196,11.243026342955094
10.079595673623581,27.353275070022196,11.243026342955094
10.491047389033252,26.798451382056623,11.243671983456004
11.539039692385435,27.218152684628464,13.241985061915404
10.933124792605115,27.84072474328489,12.379430691858087
10.322515744135261,27.49728041639715,11.241676421671272
10.158206970835854,27.631518836114296,11.1
11.02214955100738,27.595140208703903,11.817787853215492
10.31620166401809,27.632866139952476,11.1
10.839614065007286,27.142765313064167,11.242443477529202
10.755180597500365,27.562985137816806,11.24297007646624
10.58260470672613,27.52637582080729,11.100000000000003
10.407229083589039,27.213293161633622,11.100000000000003
10.66613856221184,26.689753028282624,11.099999999999996
9.977574643224322,27.633232478465388,11.1
11.79144479042962,27.476387730869597,12.806247374247116
10.161372138626142,28.05751310866445,11.384862601127182
11.454411224870011,27.56791148764802,12.672896954709865
11.365783368733426,27.308057902541034,11.949305074734994
11.456128504639016,27.401153406499837,11.813472773809673
11.544893774573056,27.32927188502184,13.122423033089634
11.527337657909875,27.252034017861405,12.2520194054127
10.919542883652467,27.49033699324564,11.099999999999998
10.844398987978936,27.251646048773654,11.100000000000001
11.007544590083878,27.282801776509793,11.242748606003255
11.092627625734858,27.01124931926443,11.099999999999998
8.589331887880011,27.729189181771964,18.499999999999993
8.589695832519869,27.660247245637485,18.5
8.082813079633558,27.733588878668268,18.5
8.936215323656036,27.6271067545465,18.5
8.599873811895122,27.733265291332074,18.5
8.269731422698255,27.840423267902477,18.5
8.063678258281948,28.056858686757643,18.5
8.06356069006903,28.1219613247151,18.499999999999996
7.893845895091075,27.92157185376676,18.500000000000007
8.061551551071828,28.122673111264586,18.499999999999993
7.810154374105724,28.050789119996722,18.5
7.813800244379826,27.91066214154675,18.5
8.06352805779048,27.977216605154318,18.5
9.633929572991256,25.251051430647696,18.499999999999996
8.933536681787706,27.72923887445194,18.5
9.107455530836946,26.930991021575647,18.5
9.459348227579683,27.211386155510116,18.35649094377437
10.844791907451706,25.666953148963586,18.064584577466466
10.238367822810673,26.22946246480216,18.064942285447994
9.462550167196483,27.07777689618614,17.921696167776606
9.023620400220388,27.523114117192492,18.5
9.022518320037584,27.627170460083924,18.21309199793859
9.45969790830478,27.733816823897662,18.3554796104865
8.760197823746166,27.66136614376714,18.5
9.975173010206925,27.145100495831855,17.483546731137352
9.722506725574167,25.46125419338706,18.354406199702545
10.413954410983218,25.07060035358257,18.065661831430386
9.46035918364325,25.033687654184895,18.500000000000004
9.811090310352315,25.810200883421977,17.922224044625803
9.895814690505759,26.405221731910146,18.356910330168695
9.376945821876916,25.420860612710527,18.356077418095754
9.727746873362113,24.36891471168964,18.210060008186847
9.810681899126184,24.471535283482556,17.921541781716897
9.54747325732489,25.03884902794463,18.5
10.58331296445759,24.85945340498991,18.06670461385456
10.494177908636306,25.909252438781646,17.777682210246052
9.547257163870523,23.104703236778374,18.5
10.83985172673196,23.10648920847623,17.629808003767373
10.670509673228299,22.69379888026666,17.77367958639448
10.672993567429867,23.528349825442394,17.91994012011804
11.265517988539875,22.476019304478413,17.775784581148756
11.011960055781543,22.92900635189336,17.489577844781834
11.102138281212742,22.763735985645734,17.19553006697908
10.666011241377731,23.94640402981052,16.906869557329028
9.638578276402335,24.965387540574238,18.500000000000004
10.668003071220689,23.98536371900686,18.06289191490286
10.838477875496466,24.472273843326025,17.33828613042164
9.636136767257193,23.103524008856,18.499999999999996
10.672128010228283,24.15959021753833,17.48757194812239
11.273899336717234,21.425519162326946,17.775547091066606
11.100371187652966,21.00305652529051,18.210759815757967
11.441526780745814,21.42118376545072,18.21055551280801
11.873912323659836,22.167695319292577,17.19608690914576
11.702007919611027,21.074953456891958,17.92136144665414
11.529632026794616,21.74160065151222,17.92221812623891
11.530576808098711,23.919866593036826,16.170736005606127
10.837241260136736,22.369771292552095,17.775312689757
10.49684179665855,22.854582115984805,17.340369233543694
11.701975513405383,24.022930283328602,16.166130625791894
11.529454486234703,23.98298580549776,16.468693806873286
11.438761894604939,21.84083042341577,16.766772212131563
10.672182270199698,21.242546290194262,17.627221534948177
11.617931864420852,22.058269076550577,17.056447349502168
11.442442539671607,21.31370290704946,17.486988755311796
10.75316515931382,19.908740683352704,18.06760222320321
11.092235250764036,20.261841818496542,17.778823418179282
11.007902870550842,19.420357619127333,18.5
9.551682264612756,19.845834427567297,17.919862625450396
8.76223892917169,19.557514518751763,18.5
9.457711470455083,19.6692704505621,18.500000000000007
9.025371812286899,19.320326077327604,17.92023423896941
9.281643657992296,19.490879741511783,18.066789133774
10.063270994532154,19.946920460140472,17.92249239722253
10.669536019946625,19.94557640526948,17.19717400016411
12.042336138247801,21.07460238782596,15.741350819006476
11.440641347575724,21.032475003085118,17.19864346356447
10.92409904957965,19.808954371705553,17.48284077880419
10.747757899421359,19.209737347570748,18.500000000000007
10.837414358348022,19.81332815769845,17.337313608723868
10.743008783723809,20.64519775598678,16.040390507011168
10.837117787176561,21.528488655711143,15.302804218889165
10.062453307126887,20.790183149043212,16.321122236917677
9.888015107922966,19.913163349236612,17.195667601020148
11.536514932228288,22.13033601723367,18.065393770961798
9.63658960470137,20.1686658335993,16.46152196761311
9.179591807657612,18.8439145346313,17.352965389961362
8.418826886121291,18.636497347299567,17.351124118551688
8.335326010469263,18.117536470758484,18.213111460629698
8.858335120938554,18.88970507701305,17.490468682654445
9.456778561925558,19.345221774518528,17.054820401679084
9.530360050709888,20.039791380593734,15.756444257595286
10.925035326418563,20.613854751272566,14.293960538213696
9.881561498530166,20.607428269799986,15.172191682888322
8.850450637890003,19.760156415740518,15.613529677520301
10.926118682833195,20.477226742879438,14.147226359496088
11.190721658372405,20.40790402225755,15.450123197166079
11.6185246440779,22.523398962379023,14.2806082635917
10.56986222679737,20.680794705714103,16.32099319475331
11.092327650709509,21.109627073881423,17.190211976585722
11.006748766154162,20.684455417008614,17.195067679433922
11.007111958461147,20.586977330091322,17.189431544392363
11.096960237749014,20.818262915217552,16.911867960703404
8.50923897588387,28.100762362206375,17.788095106352763
7.5586772426131,27.55912033638129,17.081747657956974
7.822465828904321,25.62414920099055,14.89564407670282
7.915707417609808,27.50940661609805,17.069348226654203
8.258890496275187,26.17558491750115,16.76985501814522
7.990099112426673,26.29485698607895,16.206708115919827
7.911118650884885,27.619130081891527,18.07397834495408
8.521974605749165,27.539433913146308,17.4972130548611
8.781305145225806,27.18955605162495,17.213849681313032
8.176013273259372,28.40718473774135,18.500000000000007
9.370707081093151,25.925475238952714,15.184321148128658
8.51432611791485,27.47003015128846,17.20816122084713
8.527477127831407,27.89021224601292,17.931506439531045
7.8290169559968765,27.840395299748536,18.499999999999996
7.8338723921242694,28.157111140023023,18.500000000000004
8.000009869119765,28.261103329250076,18.5
7.912872839076324,27.980750487611918,18.499999999999993
7.733942979071902,28.124429544863574,18.5
7.483611591922839,24.299791917985335,18.3560503354804
8.69847517773416,27.39629014158185,18.215447699126443
8.43723384061517,27.150516335145532,17.50222811249775
9.461972447845195,27.531252339391813,17.35197403806723
8.608819219018129,27.11168592956377,18.35683750031185
8.19031458067478,27.776248522812022,18.499999999999996
8.695282176243692,27.770634223045043,18.499999999999993
8.266772879370217,26.629398670398817,18.500000000000004
9.98046045618334,26.348584621102983,15.618903943353915
9.638209150018156,26.87305953517817,16.778593588938797
8.526082998447464,24.42456911925384,16.335108679410563
8.608487429234698,26.799497207719135,18.499999999999996
8.338933893185397,23.142484455099567,18.211626123021038
9.974825053591658,25.06918986401322,17.493937603172434
8.941371229923428,24.047899242741078,18.06789484438263
10.931780624796778,25.58048933953579,16.336925537550755
9.213214175729057,25.12300065417485,17.346345602899074
9.55816645952761,24.807399869477603,18.354773058306105
9.13102570663109,27.08133601083806,18.214359002077856
7.663738361213813,23.358842057090133,18.356068843892622
7.738217882085421,22.31215636457997,18.356597491649293
8.77982417163489,23.536459890601872,18.35510978780375
8.682541750087987,22.53633394099741,18.355459030021308
8.947930596794915,26.481270513160506,18.21349175827114
9.461169361018996,24.330852853991217,17.777133770860853
9.809493730155502,25.45956857288316,17.778003206924282
7.5620793474639,20.748918517799844,17.777917723684705
9.560016203849294,23.929228274965855,17.92111219173324
8.16582188625447,21.972313564726463,18.354115678998575
9.384104248042984,24.027651524782506,17.92221559443447
8.33810731411427,22.64076445117262,18.355468352413837
9.122146794509275,23.567516594396935,17.48414275277542
8.954109244447483,23.9208619403605,17.919956738748073
8.518783792043763,23.63502395673188,17.919072914649885
8.681610190303374,22.59473798622303,17.775802838203923
7.826905878318971,21.76138389681691,18.064134335172046
7.902059992955701,21.078726718156695,17.780594530163846
10.15659466144466,24.65355178082541,16.74671449653285
10.572942823677879,23.415262560272584,15.744823079499467
11.193850825142265,26.24565081127016,15.884480110613158
9.456037987544917,23.407199582188184,16.752262205732375
9.02148032605533,22.72855124363037,16.762470751338554
10.853838153383965,26.003872509987243,16.169491362718674
9.902183852554689,25.33112238613152,18.211773176365163
10.24096093593125,25.501102182321006,17.77949175774493
9.461714758774562,23.62957900723641,17.92046951878527
9.384136899376685,23.960939863366953,17.919588479050024
8.946363293170359,23.668366638259105,17.92253628120689
8.68714390228929,23.488162555350034,18.066818814858543
8.943713621789328,23.171982344489226,17.918996851763804
8.256590752824508,22.927441412546713,18.35428569879663
8.153248164254927,21.65794280074608,18.355335592856566
8.254354153773347,22.00372342395119,17.198338736423388
8.85435602079463,22.81452249568582,17.786178361029766
8.51203432857061,21.375434072027712,18.064571356620476
9.368837350553575,23.058166084141227,16.90401534750976
10.068269117395714,24.860598286550566,17.204511166782815
9.443062415428924,22.781728695199618,16.77018125165586
9.021609634211673,22.447548223845047,17.055333904129267
9.367122868662591,23.268020359865975,16.90725985281634
9.099267612645114,22.91670458691158,17.34977443276266
9.78837019269985,23.31215239464416,16.330180459829354
9.028819982915751,23.195683410199756,16.32584554251477
9.187944205814818,22.54375071411753,16.478201690542548
9.024972361405723,22.173072122054553,16.325267575541552
9.18982981921915,22.40798410575078,16.76607509439276
9.799134155294439,24.36985549113997,17.199105715529225
9.099424747917537,21.25882509381045,16.622298299415014
9.43858292020012,21.91664950544765,16.480131018736937
8.673479219338411,21.474425497528337,17.054523142578997
9.445372557012359,22.99376985171152,17.493210520223833
8.579568049697262,21.41421692298911,17.638515119687813
9.34746093727798,22.06740388298488,16.34368660402047
10.21644969315828,23.030050944805094,15.896068904626027
9.869341066934625,22.74168437238594,16.04549700743222
9.69526845080801,22.11306002230907,15.903431049607411
9.875312452045826,23.033425563752655,16.32767626207793
9.692416243520116,21.690550904699023,15.907592334615869
9.68655354839201,20.648378634331557,15.340144967332943
10.379040354393888,22.325069284775388,16.336035390405538
10.029364913838375,21.79273567142722,15.338766576802804
10.89759127244765,22.51375830004143,14.316596863180143
10.292545942259768,22.738112275573336,15.612966309842292
10.560629260283566,22.133060965573026,14.456040325180313
7.9034393928690925,20.568182698864206,18.20994781118605
9.62145220835408,22.804813032679878,16.7714061158014
8.929904099607223,22.083942206735262,17.63667360042188
8.677841911739739,21.60878693441416,17.634461755210424
8.851683523364851,21.93162196627847,18.209914557292123
9.294627647373089,24.080589742311528,17.924287506281164
11.013202561024269,22.342817511868724,14.148758864583247
9.898970708852302,21.61406100028542,15.021910618742876
10.156973152213418,21.893918420249392,15.749440095047454
10.843921538153921,21.78442999648681,15.019688533089385
11.018989616993135,21.35457404336022,13.41279575587815
8.348500070946185,20.902023469062588,17.340627179977414
9.382311152299378,23.568831141521027,17.63214257065065
6.788410530423002,18.680206911186584,18.355188330367
7.910286959318434,21.452475784865456,18.355348579255224
7.2182473502626,21.105944754312837,18.354723750163252
9.462263608821315,25.66908978181681,18.35587817115676
7.0478536809756545,21.385804194087154,18.35496526350518
7.394022648440704,21.029413028072018,18.35488119858584
8.261646570517778,24.040562254968926,18.499999999999993
10.496035445524122,26.279751393265585,17.776800382981698
10.402490826287892,25.779413644063215,16.908967573898245
10.319723475608416,26.171892408643824,17.200550368018472
10.150189478300776,26.896833317837206,17.92527177773098
9.467328408164787,23.9253703802424,17.05444183977345
8.52128304686529,24.10561855630108,18.35602905188734
8.9475872072487,26.273127337778153,18.212557740213146
7.917595023533198,22.52008799289461,18.206797084551226
7.136125762819772,21.841458745052424,18.3548821060885
7.051473673824543,21.92263842490689,18.354247652874086
9.037720843629872,26.72811744891746,18.212866620582194
9.978409874742546,26.725707847308495,18.357443238526134
9.810601591495214,22.092703704079597,16.6158886094746
10.226655267789381,24.44870121090833,17.636276613796255
10.41502582626823,25.30078418591795,17.781861353900645
10.06057061824151,24.369749913979152,17.7770616133793
9.454424099948037,23.001402874936026,17.487285435288086
7.656102858719481,26.301072460227232,18.5
7.833066269607077,28.044268717976575,18.499999999999996
8.425202559577352,25.1899949102764,17.494139437680683
7.741224655101738,26.444341351514066,18.499999999999996
7.654381926832425,28.013627891908325,18.5
7.9142000182258245,26.23454079630124,18.500000000000004
9.45091085105155,27.175820917723843,18.06727417486833
8.933049415956443,26.75383610309323,18.5
8.164003654152983,27.693255797916127,18.499999999999996
7.9890025000937435,24.515989112919335,18.5
7.649083498012105,24.338535192813914,18.499999999999993
8.588636976281977,25.881348177006263,18.500000000000007
7.554653589943654,25.490754228299714,18.499999999999996
7.809770729603992,26.475696658280548,18.500000000000007
7.3784220893436885,25.826362982063085,17.929232013109697
7.817565545647025,27.91053336127568,18.5
7.816837841904191,27.669590541126627,18.5
7.993142303455451,25.920160852355824,18.356775124228356
9.195089736505409,27.913913756448306,18.35765542536431
8.846428442318958,27.67033728001596,18.21389256639979
7.8954115553896385,25.997332223929494,18.500000000000004
7.564636809100943,25.93026676285577,17.49441678773647
8.07531524348738,27.840470358188888,18.500000000000004
8.16423519552307,27.812595044781563,18.500000000000004
7.90712116481059,26.103934947246806,17.637660287724202
8.329138794707287,27.841360457690737,18.499999999999996
7.384761350870949,26.482900823996793,18.5
7.905907305858062,27.976362263570586,18.500000000000004
8.156890050995592,27.908999398738327,18.499999999999996
7.816785475171467,28.15166805457118,18.5
7.993373749146624,28.017229458023483,18.500000000000004
7.7288523708047,27.83825183546095,18.499999999999996
8.067769547397951,27.983033664985108,18.500000000000004
7.993964697490542,28.069914959184427,18.499999999999993
8.073422198208029,27.946189681011838,18.499999999999996
7.990263915541463,27.73506625024231,18.499999999999996
7.992733882165536,28.118919378806225,18.5
7.8218183483401456,27.737521177693875,18.072052338823386
7.562646231231907,28.05147517540735,18.5
7.728337669163088,27.976283151230092,18.499999999999993
7.556370088756769,28.225753787241878,18.499999999999996
8.063347958605418,27.573992187025226,18.214986532246147
7.558147783672675,26.91707422078033,18.500000000000004
7.988233425792705,26.98618958111395,17.641695852881714
7.899132648175341,28.164626819616235,18.500000000000004
7.384223531180464,26.987991549153623,18.07159031664114
7.731990937515267,28.197557067222874,18.5
7.979528147122297,28.021856533341733,18.35763897511417
7.382899219013867,28.229953733906033,18.5
7.810384844899197,28.19564608485266,18.35772752233006
7.468337979765409,28.199026958773096,18.5
7.557598357591507,28.30090039339013,18.5
7.7258877979212714,28.231323991270692,18.5
7.218318591120247,27.71306959900532,18.5
7.965307034330973,27.304736677376457,17.075013383528567
8.055960987667666,27.135438250888797,16.79130124064003
7.2949008005413525,26.484005058198253,16.928290366738164
7.296340445484798,26.12195587372843,16.922004118547502
8.73045139523885,26.587216829955782,15.504526581600809
7.640632870782597,27.92255268422779,17.931815314796914
7.470178532808138,28.166415198093922,18.499999999999993
7.810380094631533,27.652947341255008,17.789247284858412
6.960289798491981,24.920343906022737,16.355667003222013
7.128295274433475,28.02587722804694,18.499999999999996
8.060533152349509,26.955675963080385,16.7883539410146
11.530690687149653,21.142276431355114,17.198028893587182
9.539835852288077,19.52579651577216,16.909370601545984
11.014106360076426,21.217661961348504,15.881015706866583
10.318525578354416,19.560535101446725,16.76654449479916
9.454573738723063,19.911761365991648,16.615026862133686
9.969352200241987,19.944254048797156,17.050751823924426
9.886320789317606,19.104669416683503,17.63239604288468
12.045927099517204,21.668507051530415,15.455034906860073
10.754431628944419,19.950123349703993,16.32555598473256
11.362823642347355,20.767196330418248,15.153394459531308
11.185279198100359,20.169540440982658,15.88234941412432
11.529153735275685,20.924990665603794,16.908095997939327
10.758364837029575,20.766430006213767,16.169311055747755
10.585947173268993,20.269732798796884,18.21235828353376
11.530607871917868,21.947599361187496,17.051026755110183
10.853954870361088,21.68526377768126,16.75754491115478
11.451508938411415,21.465196682031827,16.912669264851345
11.44872715582334,22.3012180384494,17.922414633343298
11.019295613153997,21.502748291930885,17.345228593814777
11.875820510290344,22.60890668566634,16.32749723692823
11.786790217191449,21.03709099595861,17.201947884743095
10.933303792427589,20.095259204122087,16.03171585256394
11.197269853768152,20.941813377494007,18.355141824843848
11.95745751679856,22.07754193991672,16.917475989902172
11.78848100714378,22.2248394294308,16.769432006302956
11.622357420880885,22.197537357113003,17.783137816822165
11.961241761163983,21.259153767642868,17.778983024895897
12.13392385254989,22.14190439979364,17.77791509253236
12.137856105298138,23.399112204161778,17.198837765832334
11.795063995647864,21.828200508671642,17.630925569606354
12.049979786163554,22.97288932404347,17.777267003410607
11.608839325548272,21.34834564471974,17.92214712070136
11.786484512750006,21.765490822144777,16.76480838848063
11.698222731807563,21.625478875843257,17.63411205366089
11.866954022707416,22.146411038522167,17.055658567869305
11.611714010043318,22.537168260809807,16.62123528189926
11.782319961651563,21.974681218699146,16.626068649349275
10.590480542323352,22.863427876178587,17.77660742182633
11.271986309584937,23.08274623702576,17.626422276663153
9.898011987679165,24.02091035868062,18.354372813519635
10.932695109975619,24.931235419655515,17.773528081281963
10.336642539741113,25.3469238719974,18.210767148155902
10.753782478711528,23.10238350093389,17.63475999609894
11.62021224699179,24.411877706380068,16.610377244375098
12.307356932479928,25.220852757568608,16.320071370892965
10.928127455932353,23.675157119470818,16.608885295800842
11.183625870592753,22.5823685115378,17.922383735911946
10.676307753884183,23.46349811266153,17.632079475646197
11.617277481945438,23.81277929354485,16.759592577429284
11.44533648923044,24.583234822142803,17.05213544255307
12.478830732532348,24.094541360594796,16.18638026014073
12.479180661564456,24.347294721594427,16.62321699553763
12.050021812227378,23.957266966986282,17.045531101108253
10.935058121181523,25.139205467844985,17.777373083204555
11.541213515851043,26.052277233094358,17.634576866910532
11.709125660020874,24.79830351005132,16.759896397428893
10.242934501793151,25.144655281256544,17.776736621921412
10.584614711033938,25.10762862576181,17.923391328683543
11.451100650586174,25.217731666009875,16.90222418073011
10.239889829378573,26.052546422520326,18.20898982132857
11.709343746370768,23.84477053956712,17.783813405389147
10.499329135252365,26.478919096719274,17.776830741536305
9.45141158616618,26.1625074873105,18.499999999999996
9.974120040229183,26.368690187628285,17.77665256811483
9.884243270702877,26.473769136754754,18.21132499645509
11.27287734295352,24.79657053251238,17.777581280567553
9.889564049449241,26.61859295146296,18.355462281113823
11.621689866807339,25.289444550153952,17.77602056091863
10.849909919985054,26.408182854387938,17.633496299175103
10.846675468506223,26.820685426394768,18.068435858654567
10.581888405412702,27.279689737265375,17.633083902042195
10.315538545930012,27.24616559237509,18.068267347795533
11.099366124829631,26.442156273173666,16.907778224871095
9.540353598154532,27.24522140899291,18.499999999999996
9.45406036136975,27.040923735827075,18.357218918432938
9.44327251012696,27.03285814330096,18.499999999999993
9.628385399609071,27.73394299627985,18.067845463264405
9.024227553077326,27.523086427127975,18.500000000000004
9.541925250520507,27.733003927452483,18.35597438685084
10.596590525662318,27.215165544039223,17.63520456774832
10.588299091382858,27.14228646034387,17.76946759538003
10.32224544507537,27.52590329862301,17.636393022436017
9.192897701262865,27.765865962909814,18.0722341407565
10.336070260899255,27.25018405354463,17.77856989048261
10.411070188063706,27.66770147008795,17.342585510311256
8.342163386120475,27.876986806986636,18.499999999999996
8.340048521186386,27.87642610347498,18.5
8.248705324725933,27.982204931387965,18.500000000000007
8.947484497826258,27.87551695838217,18.499999999999996
8.174194408455492,27.946563033931117,18.500000000000004
8.853501026526848,28.296815402681073,18.5
10.938478541650044,27.290740035837956,16.321783397064888
8.688456215631192,28.156906325265936,18.354921181642123
9.287313854864168,28.226393408853518,17.928044316390583
9.132306870728444,28.01772943887963,18.499999999999996
9.648438859973828,27.776212760124416,17.20534660414117
10.514681924310441,27.779542180904226,16.773800975764665
9.132720761745327,27.743444723139856,18.357236181473212
9.031389671696406,27.735707005766194,18.5
8.263711666435245,27.8058375957285,18.5
9.472416319770293,27.77142678624195,18.357655593053853
8.862591500577485,27.772979756570255,18.499999999999996
9.807517329716477,26.18073595635237,12.68079246489401
12.399495579744158,26.061215701749504,13.100731929972564
12.052185195443963,26.780374051482628,12.964716696324897
12.481857759402494,25.440950704343976,12.66501462749052
12.398899978930634,26.064965238236383,13.81348603073228
11.631278128877502,26.715829084466083,13.391450345435455
9.277070500474617,28.12083160840532,11.100000000000001
8.688794488365824,28.125593430935588,11.100000000000001
9.3755190296003,28.329872464369473,11.1
9.819575971525584,27.53708563772515,12.23904113063469
8.776168538382185,28.229094649592728,11.100000000000001
7.986500760795233,28.22894823093946,11.099999999999996
8.420105512834066,28.19711364185531,11.100000000000001
8.42188315539457,27.403402268655704,11.815511954430006
8.511229041792024,28.26471045960464,11.100000000000001
8.768000348809114,27.78031598120816,11.960253607919656
7.828523875975347,27.95605315571821,11.100000000000001
7.4064448115288215,27.5454474331673,11.384514594787374
11.713558265912992,25.855211391628952,11.81180698793921
11.537189623089866,26.442725879730048,11.670343941942695
11.789514810833785,25.80932132942426,11.384280294622652
12.397445295258157,26.49162414384708,13.971969485021685
11.623625417417845,26.320213576735092,11.672256763053447
11.79431514336086,26.988023307972284,13.528765020353399
9.310648061943837,27.98206289728474,11.100000000000001
9.637623892229238,27.565997817146915,11.100000000000003
9.374534674902877,27.807105099035418,11.099999999999996
10.150672530194022,27.214477207084812,11.100000000000001
9.555648039171354,27.770562834501767,11.099999999999998
9.19625177033197,27.531418557318514,11.1
8.077021118539403,27.52465585044534,11.1
7.732139467274198,27.668282129891704,11.1
7.395008929523488,26.64881968640252,11.099999999999996
8.247420461828249,27.667294901864665,11.100000000000003
8.601760629375603,27.07081837376047,11.1
7.050373778663791,26.964280905699855,11.100000000000001
12.221143111509216,24.754470573998272,11.099999999999998
11.790512088855989,26.08601793586868,11.099999999999998
12.475615684901097,24.82694174016081,11.529812343332733
12.649520772489405,23.703872362447918,13.115879411607573
12.394474442868226,25.011314029964,11.81773004727883
11.965103525369159,24.58555419459146,11.099999999999996
11.010306830840465,25.215157182224665,11.099999999999998
7.832116595033908,24.651975068741844,11.099999999999998
10.837709364148713,24.79442685024347,11.1
10.579342859949794,25.601722530759073,11.100000000000001
11.012198545293215,25.566333102540703,11.099999999999998
11.099393199786052,25.357939788791953,11.1
6.9580825445183025,26.543529606660083,11.1
9.283441933833252,26.234495400343743,11.099999999999998
7.564737565860487,26.089691658593292,11.100000000000001
6.620579449727127,25.94527682831145,11.099999999999998
6.369488238496394,26.017297232524434,11.099999999999998
6.704125774632949,26.227341181668695,11.1
12.39438717618731,23.66275838696122,12.388998245182103
11.795061588856257,23.734481058007795,11.1
12.566095711095258,24.087808423162905,11.668856490071049
11.793424672776387,24.052070755568607,11.099999999999996
12.398112732107654,23.17241233325332,11.241930939794653
12.056869376726182,23.703074468976936,11.812895647722517
10.842138173481594,23.95226188311247,11.244032705587658
10.842539927412952,24.088120392258308,11.099999999999998
10.841908951200512,23.77706186022453,11.099999999999998
11.270415423804195,24.226850451388657,11.100000000000005
10.409501445219197,23.740049404574165,11.099999999999998
10.579818242548388,24.089518907439558,11.099999999999998
10.577310901324859,23.983575180544353,11.099999999999996
9.714016969120923,24.684541123661504,11.100000000000001
10.32197895451672,24.09017433275243,11.100000000000003
10.407625836607954,24.05561608392151,11.099999999999998
9.979449868115688,23.809526087248603,11.099999999999998
10.152246429627958,23.914792208793777,11.1
11.968095699792984,21.764044187078504,11.1
12.650644142286607,22.579408476334084,12.102211273390699
12.140722927585747,21.644947118668917,11.671195328448583
11.793932434647678,22.54261501784492,11.099999999999996
12.227216236245477,21.772026411183035,11.52644447292689
12.311115927517475,23.621307506246215,11.530065168149909
11.098534643024173,22.47364709240394,11.1
11.01272815849294,23.108928973476957,11.100000000000001
10.498358195199884,22.756630768012098,11.1
10.920841925306577,22.020257132640918,11.24390916171339
11.010968186779715,23.004095002392756,11.099999999999998
10.751653739684164,22.615744333597373,11.1
9.375301736459198,23.248000498009723,11.1
10.06197056881258,22.96437350994981,11.100000000000001
10.492948474338009,23.24402055314644,11.100000000000003
10.153739312571036,22.824499546535574,11.1
10.146720387207617,23.17346191954685,11.1
10.325792528346073,23.068415355198045,11.243252812204974
12.221507181567839,21.307116049957123,11.1
11.802817279874862,20.394569337609223,11.100000000000003
11.887445619425456,20.815453974145925,11.100000000000001
12.312130259446487,22.428575608610643,11.527771772554875
11.538443260610725,20.05383958300034,11.099999999999996
11.878463274090327,21.00112407655311,11.385145480819089
11.605463448936598,19.56555821397383,11.099999999999998
11.958338944623526,20.051850720656386,11.1
11.958147676377404,20.05328074800167,11.099999999999998
11.614887806230119,19.806981707942086,11.100000000000001
11.52643062583585,19.738619604140794,11.099999999999998
10.667702240249616,19.32188835109271,11.099999999999998
9.63569249671971,19.74609890823075,11.100000000000001
8.942120459483041,19.88015057150512,11.100000000000003
8.51277026098368,19.636224212371314,11.100000000000003
7.477228650418997,19.87632194855659,11.1
9.720674924764005,20.306423656641947,11.100000000000001
7.218215151071851,20.125910167600825,11.1
11.289324470450143,18.54463201642004,11.099999999999996
11.539406500402086,18.963183325682174,11.1
11.80195453859377,20.41795910510945,11.242121078957318
10.859563594572474,18.43583961335432,11.1
11.79818736153721,19.070975785487917,11.099999999999998
11.709502954026688,18.65032048971484,11.1
9.981199824226447,18.65446918008764,11.1
9.979000045911292,18.728095459749248,11.099999999999996
10.49668189347543,18.90416613553543,11.099999999999998
10.669327598399942,18.412263315202782,11.100000000000003
9.546660007623176,18.410181501113623,11.1
8.77191479133925,18.271741583238036,11.099999999999998
8.08350909392527,18.375779274091496,11.099999999999998
8.42797010583946,19.040332145075457,11.100000000000001
9.2840919450521,18.65121052046783,11.100000000000001
7.475002111391093,18.092002833948786,11.1
8.598182032856467,18.3016822972965,11.100000000000003
8.340096980283935,18.444357882965285,11.099999999999998
10.430311029250348,18.010209283319355,11.099999999999998
9.22113137452067,17.522196945695217,11.099999999999996
10.773936245567057,18.644279787934543,11.1
11.026108779110933,18.40558744698739,11.1
10.42637605816996,18.119408263812193,11.100000000000003
9.753597866824737,17.94726964567021,11.100000000000001
7.729286666062424,17.55398064037695,11.1
9.016008311091827,17.41891046857224,11.099999999999996
8.422587176014295,17.452093849899654,11.1
8.503097987781022,17.628511211628332,11.100000000000001
8.331101560179697,17.48656544783098,11.1
8.593871943565478,17.559648001683378,11.100000000000005
7.97631427106677,17.486570927828463,11.099999999999998
7.454798982043603,17.590707873058307,11.242372693300675
7.801557428528169,17.55599614489176,11.100000000000001
7.802711935728896,17.59004877669278,11.099999999999998
7.206039990675099,17.51961974581793,11.1
7.122586234447071,17.51931779160539,11.100000000000001
7.628832189085773,17.625476659276,11.100000000000001
7.023981388614916,17.834076511304175,11.099999999999996
8.044301527569406,17.51757015204252,11.1
7.2099949075128915,17.657305671682202,11.100000000000001
8.054733155674903,17.450646701716195,11.1
7.616480112361683,17.55160235718976,11.100000000000003
7.993427701955007,17.48518243578595,11.100000000000001
8.762261611801247,17.660610863667568,11.099999999999998
8.680530565359785,17.655459586344925,11.100000000000003
8.159035090579291,17.40982362586494,11.099999999999998
8.329539311586858,17.44833839366768,11.100000000000001
8.849116036491166,17.485963622440355,11.100000000000001
9.891583722489472,17.669478203978365,11.099999999999998
9.816711664159392,17.670329431886028,11.1
9.738102871571972,17.633108066305383,11.100000000000003
10.2431866855087,17.878904138028094,11.099999999999998
10.42231040291787,18.302346586519537,11.100000000000001
10.415940818686234,17.915654876918392,11.099999999999998
8.159804137916554,18.96807728937133,11.099999999999996
8.678240559361715,18.266347751498987,11.1
8.15776380995425,18.26542498215096,11.099999999999998
7.128398357864874,18.544862501335597,11.099999999999994
7.290188566551711,18.294813822690912,11.100000000000001
8.679899513834373,18.302501329555927,11.099999999999998
7.82608105963358,18.022643634190327,11.1
8.94115894513526,17.56684308195739,11.1
9.378164850920763,17.815340222902353,11.1
9.28865562438382,17.986453618637103,11.1
9.633084521945253,17.988301153312218,11.100000000000001
9.113475665659813,18.058297412789628,11.099999999999996
11.619448436806726,19.563779097991585,11.099999999999998
11.532987713889382,19.081191819469556,11.1
10.064124792851302,18.308008505120743,11.100000000000001
10.837257246651399,18.44580963066167,11.100000000000001
11.27374796751646,18.657172950121666,11.100000000000001
10.413385099710531,18.65875438398949,11.099999999999998
6.874639137334709,19.773954551219102,11.100000000000001
7.465899001336271,19.986659964763433,11.1
7.309396391212174,21.248194123952853,11.099999999999998
7.219690033838287,21.07223976835236,11.099999999999998
6.808029437251988,20.778378055640818,11.1
6.870350206108205,19.983181405236625,11.099999999999998
9.206524707761911,20.234481567093834,11.1
8.169583382934249,19.605073401864576,11.1
9.635926557508583,19.8129628277311,11.1
9.118710333784886,19.95020688635278,11.099999999999998
8.598124310364318,21.108607999425427,11.1
9.114000088299825,21.14309523698455,11.099999999999998
11.183762442872089,19.99394459405244,11.099999999999998
11.708875624011368,19.956780798908827,11.099999999999996
11.88099720024958,20.719181545870306,11.099999999999998
11.619676426131415,20.652848300923274,11.1
11.964039835084444,21.44373466605863,11.100000000000001
11.611311768995849,20.37312082057459,11.099999999999996
7.8217508571161245,21.110186371478132,11.1
6.359703989798896,22.086283193861377,11.099999999999998
5.755313529916354,22.226721380514203,11.1
7.1310651631740765,20.402878650499517,11.100000000000001
5.408293593001594,21.83231893537346,11.099999999999998
5.912208909202202,21.552722251799498,11.100000000000001
11.435201259638916,22.122161261000862,11.1
9.544017064559577,23.208717586719732,11.243552733621932
9.801388528998801,23.34956101292105,11.099999999999998
9.717217949095188,23.003102108132836,11.243567392785568
9.892690711063477,23.00101792767954,11.100000000000001
10.141391530879405,22.820824937673166,11.244483122372042
11.96252240628401,22.615731679413326,11.385280822061643
11.616696350862053,22.43705882877968,11.100000000000001
12.135043410605103,22.325402740692972,11.242576774061277
11.874951360963339,22.921120904800215,11.099999999999998
11.789572156961503,22.85917311268188,11.385682643113196
11.533506767997105,22.30866268403309,11.099999999999998
5.924644576476037,23.245016311039553,11.099999999999998
6.5268444757707185,24.227204096933377,11.099999999999998
6.1862971290087945,24.682125775566792,11.100000000000001
6.27124262534941,23.563699656011625,11.1
6.790171019899505,23.772155107986723,11.099999999999998
6.0097300767721125,23.771940526390196,11.100000000000003
7.916976873568657,24.404497262496847,11.1
9.20485709394243,24.65227162130788,11.1
8.693788869224049,24.72195340742298,11.100000000000001
9.295236447307724,25.07127691998843,11.099999999999998
8.087283853952936,24.896937830479914,11.100000000000003
8.607301254000987,24.156118962186753,11.100000000000001
11.537439091013539,24.127035410028544,11.1
12.04748378292693,23.70145164857664,11.100000000000001
11.286061592864044,24.478602341283782,11.099999999999998
11.192939913876009,24.64914684471701,11.099999999999996
11.53384887813244,24.441677099627036,11.099999999999996
11.877496188521311,24.264513879744797,11.243314463571176
8.862549092201338,25.459176449854652,11.099999999999998
7.907234578747193,26.195162709979858,11.100000000000001
8.339738336421044,24.96601771671694,11.1
6.610491033263494,25.31299404992464,11.100000000000001
7.398312630644412,25.700397700063,11.100000000000001
6.795311727328004,25.28152652541703,11.100000000000001
8.258774463595142,25.98274056895445,11.099999999999998
8.426585415191822,25.21255651784817,11.099999999999998
7.5698755469774515,26.264737341055902,11.100000000000001
7.478578649984372,26.75606903153201,11.100000000000003
8.001177490326187,26.541920855634253,11.099999999999998
7.478229419101764,26.05456837536134,11.1
11.18267671128727,24.934468155785062,11.388706556409707
11.786247329159083,24.689302348814316,11.099999999999998
10.587773639378772,23.60216410989995,12.254180867968456
12.137085582881177,24.521890398974556,11.1
11.871761500919247,25.034299278779436,11.100000000000001
11.704001455816595,24.37508037178212,11.100000000000001
7.637216146862655,27.596968590999424,11.1
6.445294585883827,27.03074545055826,11.1
7.6361646384529,27.66590389764569,11.100000000000001
7.8145836206164185,27.66687972928012,11.1
7.377566374613188,27.700349165057002,11.099999999999998
7.563260823910568,27.874369663787608,11.099999999999996
8.260823575270015,27.14714866121761,11.1
8.248553171192196,27.526309283002107,11.100000000000003
8.162040960367204,27.42134288787598,11.1
8.508356354041975,27.80310867918078,11.1
8.338041121296344,27.698292996070794,11.100000000000003
8.762537301636184,27.698454045063052,11.1
10.42419838856105,27.193414318860086,11.955802617811125
9.471894734030307,27.60075965251435,11.100000000000001
9.551914266262806,27.70285771864131,11.100000000000001
10.246164964241762,27.74168222370842,11.665289867017412
10.921096421352862,27.74008003543283,11.52453207243122
10.421012820507537,27.33096420011763,11.95568413635131
7.213799816203277,27.915553556555185,11.099999999999994
6.360599220429019,27.596957929207612,11.1
7.471408458701824,28.055997769682907,11.099999999999998
7.988795828607711,28.090633407994854,11.100000000000001
7.392123434561201,27.845770642562673,11.1
6.872268390123272,27.88466063607503,11.1
6.957325949952919,27.919815004770648,11.100000000000001
9.362819296022018,28.262456272113038,11.100000000000001
7.741710041517566,28.195348309337135,11.100000000000001
9.015154213561503,28.33184912561331,11.099999999999998
8.424638211656,28.092504873979387,11.099999999999998
8.84749218093027,27.95316231371759,11.100000000000001
10.500369431508767,27.814926429779977,11.528460638376476
11.097135769234253,26.906409626934206,11.245464996010814
11.448069382578565,27.010698255779534,12.823828867898664
10.24386954142243,27.708827974130116,11.961490872006834
10.16545197532072,27.603728749034833,11.527737505821701
10.246571846071495,24.81264084517428,13.982029893165656
12.227687972977558,26.124259108654947,15.468074753267425
11.54452898987238,26.45966407780026,17.049498235133175
11.973920478338457,26.35637211994474,15.910028934320394
11.107357610504883,27.1839000806327,16.467662946783502
11.88381220607296,25.796560813482845,16.482783434587787
12.312366128089238,26.010421263661815,16.19086043726012
8.662751033486872,28.226745811200182,18.499999999999993
8.403315443801867,28.121710647128445,18.499999999999993
8.744712686597543,27.877072941675547,18.070831692818416
7.728750901054998,28.230241591125225,18.499999999999996
8.323211774124166,28.19465054744555,18.499999999999996
8.23345128082384,28.01977104855535,18.216074835023807
8.057314380599118,27.825081157761215,18.217457668194907
8.04362449649036,27.724867944997374,17.93491244573004
7.798670799074823,28.125368413735604,18.5
7.961538148933243,27.823971403201835,18.076107987901786
7.969815830540893,28.124866716228,18.5
7.637720257102211,28.161765523588073,18.499999999999996
12.140817799078386,25.790555405411467,16.910405508143242
12.39786333406537,26.001858255608944,16.77301571433625
11.806727159861929,27.035645271238298,16.922423593122385
12.904457880000004,25.660148032963352,15.321963007033343
12.062558911509315,26.66778947931694,16.48783224846142
12.65233745592165,26.041840554724047,15.294462368302327
9.805119173970802,27.24579317483008,18.21256279081851
9.972198648516448,26.962576641862398,18.3571630140032
9.431514342003542,26.49618444229987,18.35965352505165
9.452202167049395,26.894830960477403,18.500000000000004
9.449194413465687,27.2775160710606,18.5
8.767967540530044,26.686627700531833,18.5
8.15961391200289,27.841138821333505,18.499999999999996
8.155484221674223,27.83802978282746,18.5
8.507749764509677,27.348632281686616,18.5
8.166410766903304,27.625543786967558,18.5
9.016260021133467,27.521045679296375,18.499999999999996
8.427075936602032,27.489479016097874,18.499999999999993
12.30748885763766,25.11049958107029,17.202062668889486
12.39593684043283,24.93804669053668,17.212732101957165
11.96906841511892,25.327948266057195,17.34574143402113
12.308349175491395,25.322890415774225,15.900344310112013
11.795958577766626,26.650978602035728,16.0248503466238
12.227457692204844,25.294815911004466,16.916450621862005
8.51208219442707,24.684422162225918,18.5
9.028468223900804,25.252163926022096,18.355331780368182
9.545706150605143,24.366709465447595,17.633018693694076
10.409559745930494,25.351761748624877,17.19232106001511
9.630281908049113,25.316584336402816,18.2112878047585
8.860869827695993,25.06791310507308,17.922029080765626
9.448471460074249,27.17185918797678,18.5
8.850400659465699,26.05540212578832,18.5
9.185935026128536,25.63695607597437,18.500000000000004
9.115249073904081,24.544525597947445,18.500000000000004
8.602101011030632,24.19473502448544,18.5
8.427474312644508,25.004162362947255,18.499999999999993
11.706087837286173,22.169568677054947,17.348930270809333
12.136076973762625,22.338220034171613,17.779258936575925
11.623510308153083,22.132005445205763,17.78141580900659
12.218217845090418,23.206065216433032,17.058441415576386
12.389495781678045,22.79900845045152,17.493309683097728
12.21766034617805,22.473822905736146,16.91581280471764
9.55482850996818,23.56159978988433,18.5
10.585697054184092,24.332707918643365,17.778971116527902
10.583378965663405,23.91195210289867,17.92315627213621
11.189628321957272,24.404613835309696,16.616826614933125
10.588150224876898,24.9301158874634,17.047097734844034
10.068808871406624,24.265576433325744,18.211244095142323
8.60403117656357,23.527917906622033,18.5
8.861771400083217,24.297814826885627,18.500000000000004
8.947066167786678,23.563759769250552,18.5
8.86380384313291,23.734346301718904,18.5
9.035240871430018,23.770730200549856,18.500000000000004
9.722048014785154,22.829127839413722,18.5
12.131942982957945,22.894231925021273,16.613053386819878
12.305307712852416,22.857819250995455,16.049432882685302
12.13833980334397,21.837775908920378,17.069162063194224
12.390435776761061,22.225639000208915,16.91757734465158
12.05254840563569,22.548738611266078,16.767664791979918
12.303601775503813,22.16826926487309,17.488030640314363
9.46300356492853,22.47695682562856,18.500000000000004
9.459836387254269,22.440425185188296,18.5
8.515353424997484,23.734271136750763,18.5
9.890689926554643,23.420642127942738,18.210882448448533
9.549699916225903,23.80636831298296,18.210528558987217
9.272339465428093,22.535440636893693,18.21587967676051
10.407034183277675,22.716372322265087,17.058286615616026
9.895733090928578,21.954152198672702,18.5
10.580909780336079,23.00038289252097,17.63128506603843
10.410850540792842,22.861480738759848,17.630422509258207
10.409637476022931,22.893168917582535,17.77696033040376
11.012135378171834,22.897046895287012,17.19683595502583
10.58498251865411,18.932985494330396,18.5
11.78932142925318,21.17622084123088,17.48758312778923
11.95619264046742,20.227251067771373,17.489845509604226
12.050363261653757,21.551601778753863,17.636715693208366
12.048154242297075,20.960298774225937,17.63723287379129
12.046492981510974,21.170944292004968,16.915896617620348
10.675490895188537,21.003753330360166,16.464412161085328
9.380491889080481,19.732989576551294,17.922892310029887
11.101052512027133,21.879321038890254,17.48442184128428
9.9832678965723,20.579751083376813,17.771759692362256
8.42877136587329,19.282746449771118,18.500000000000004
9.547887170348133,19.31784780295874,17.777601804694683
9.288633783140629,20.96585732621896,17.482315321770198
9.118045409351982,20.330373820621737,17.631016709882406
9.46242342407668,21.46272426617769,17.91825064212129
8.858715019668784,20.473132493832352,17.192281774968347
8.166133768771216,18.93258204907919,18.211602703255657
7.3101415117133905,18.655629896815885,18.499999999999996
11.699417491299837,20.991987294358673,17.49145483446659
11.193750419688124,19.90805123379232,17.78103762156158
12.136821122026072,21.470996399207923,17.784972732485773
11.95948260976387,20.77940342528209,16.916972284161037
12.649108486749167,22.416983115723916,15.616987695170877
11.881345854917775,20.532053516792732,17.059774580818832
10.925771645022316,21.45293376383415,16.47336452299038
11.269987755785856,21.00068396773298,17.054224075405138
11.784521115057892,21.20888974684245,16.33392444500614
11.09921274390202,20.858248945168864,17.198522054303606
11.436863250524386,21.594179262565245,16.763594876626595
10.759047045636192,21.740191953229782,16.901709429721386
9.543364550148114,19.773749204346675,16.035090871898145
8.682953803030877,19.069509115247573,17.633889921528827
10.150565889384316,21.596265150191066,16.033133714209267
7.987002829180061,18.61342748245329,18.2125526506858
8.94422593272036,20.40681162039236,17.338517022528
8.082857049875408,19.068940166332794,18.06644022705053
11.27386447610779,19.79875388197437,18.07079385756267
11.4405101444799,19.94435315121631,16.768324364892166
12.050246679790707,20.49938557637283,17.35030593517838
11.785911129476869,20.887933861138894,16.6198852109641
11.701106596371872,20.190584889492015,17.058326590281627
11.957485170156131,20.67732587351341,17.491116157547996
9.536588532505267,19.662137231336825,15.461268207462163
10.751958122998287,21.251729019353164,14.865928818204951
9.79861535522918,19.664854986700252,16.03821965287177
9.89867660152937,19.78105375106356,15.298911291236653
9.534985365281239,20.114918115310218,16.62022532424102
9.36900848560095,19.72699452512799,17.054054632807162
8.933777821592464,19.51979262414257,16.912668181847735
10.14833966217835,19.176820372518275,17.198440442421578
8.337300541678594,18.615328509924137,17.48691123658863
8.247618560876257,17.949749126068788,18.35634895339765
9.368532793357593,18.441581388972782,18.06745334292887
8.254051620119359,18.23150232893602,18.499999999999996
7.637166054150387,17.974888047564757,18.214496421743473
8.091657046684055,18.338582451964314,18.5
7.9070310884124355,17.951968974083275,18.5
8.064369885910567,18.11646367231824,17.926842746024594
7.809205135767219,17.735222088981384,18.35698587977061
7.896993721979669,18.085929915211043,18.069508611554067
8.755873594841523,18.636017525257273,17.924188248644164
10.834116627236586,21.943050127318415,14.008419912652487
10.184226709913961,21.03299867927165,14.962232861656325
10.214049692163504,20.565349733212013,15.178466660521002
9.961616689883597,20.175853992925962,15.755665389620516
9.696286862601957,19.676418272401474,16.058156953335807
9.899005027713324,20.621821491940732,15.15628070613526
11.960884683323748,21.564581928029103,15.29746087574975
11.700466418280572,21.705049593396627,15.159403068102819
11.524176965053897,20.861690022833994,15.450088717026231
9.986287667742687,20.584572056520653,15.012002552956123
11.961242601006754,21.21793990973247,14.2783708174131
7.646623266176319,18.510535452481847,18.21171440246016
7.825871291296502,18.163895389125752,18.500000000000004
7.394193318073664,18.198180030737486,18.499999999999996
7.394175283374305,18.336237423981636,18.500000000000004
7.736433356071044,18.1622376792576,18.500000000000004
7.560466717178218,18.125270318139034,18.5
9.463904281989095,20.43492389873741,17.486677333804632
9.284212217404866,19.770955629953935,17.48868491852746
8.778396492760818,19.526162524267306,17.63114684464923
8.341621095793313,19.037524119284537,17.341788126311258
7.995392692346578,17.952116433639798,18.499999999999996
8.085391321857667,18.12433678324914,18.5
10.066545647438362,20.718646169596077,16.761603188482653
11.188420144136147,21.780340017697974,16.173577509759653
11.52536402523906,21.56580745186919,16.177706569127547
11.437209615371602,20.96033754196864,16.181347546186437
11.787792401304895,21.813797303957056,15.740571694049786
11.786668649704065,21.956756543742134,15.737872431843032
9.551668258683216,21.66420153115609,18.5
9.810070856700575,21.070124931613876,18.066222332853208
7.916675001064195,19.671739413817196,18.5
7.909059635261399,19.142125979959747,18.500000000000004
7.390578529637293,19.494689081301875,18.5
7.899704771002145,19.560385160543056,18.500000000000004
10.236769203419215,21.455330676974498,17.922902519084353
9.894343353687406,21.49158999494957,18.066787586004747
9.462094493161652,20.05408481259956,18.06575593768472
8.347348006960262,19.91651050481291,18.49999999999999
8.173766237323864,19.736499012479495,17.923389221864475
8.431444172273387,20.052433880553373,18.21153650256606
10.929844166914641,20.57452826454554,17.490757886638555
11.697152430162712,21.417802579832415,17.63722318872855
10.24030897768193,20.898241780315903,18.064932905085552
11.61230408266121,21.56177390217042,17.344358477138947
11.789986931758396,21.600222766731182,17.633482797238145
10.32393215531359,20.999205971746253,18.500000000000004
7.999327274800213,20.727747809201485,18.5
9.12223208590474,21.321972531504535,18.355664308057783
9.106079653446244,21.09481446624028,18.5
10.412707161275472,22.721400250577283,17.489683619573555
10.323436341072409,22.896526026768687,17.63402679685831
9.55073932089559,23.07396521952648,18.5
9.032637825888283,21.882033784677386,18.5
10.06052418476422,22.475036684775684,18.5
8.176071458183287,22.232430676472223,18.499999999999996
8.863599986732503,22.93277535291978,18.5
8.861965213732532,22.408830993083722,18.5
9.19815662425407,22.43994110690784,18.500000000000004
11.962291232543981,22.41025434820778,16.61323745251059
12.133179480989977,23.397463245534862,16.022709270637915
11.875752613953994,21.737793113509987,17.484000660256005
11.532831525526465,23.17960430126649,16.61350666747701
12.130680194583757,23.92475443930271,16.173459315064765
12.220956950026867,22.90320194357468,17.043520334550138
9.032574959359229,23.10713533274538,18.499999999999996
9.035623915607834,23.560622451505047,18.5
8.778514845817275,23.806604534247267,18.500000000000004
8.609069313449066,23.000452079113728,18.500000000000004
8.951464554418422,23.42282625595794,18.5
9.21042477773435,23.38710332494811,18.499999999999993
8.691453644774947,23.31593055821344,18.500000000000004
9.891197137972068,24.082859222813344,17.20159163945543
10.326369250480488,23.841766471867306,17.342764404190703
10.150722473796822,24.193950181033944,16.323201145187287
9.209917263508359,23.45351470321961,18.212149986594998
8.689337762138083,23.35163164976729,18.500000000000004
12.390636936891081,24.999572793993345,16.324538453557995
12.392609535419165,24.232928494304552,16.325783155833832
11.880784278818918,23.883289079668756,17.341146415496862
12.392995300434936,25.40127847070023,15.732634302089155
11.876097611826731,23.539511998652646,16.17019217011772
12.648095997239613,24.304491083324343,15.890462149328005
8.335199987926009,25.879723885342507,18.5
8.509762195630548,25.66938113294018,18.5
9.107367906389603,25.286069428741698,18.500000000000004
8.767873803409595,26.406568755159633,18.5
9.106434610633928,26.1613186446189,18.5
8.420997508013285,25.920060321038562,18.499999999999996
8.595255951636657,25.60413950796447,18.5
8.421992443794878,25.987659883566977,18.499999999999996
8.254306447728204,27.453294727517687,18.499999999999996
8.08058358894511,25.53420393003255,18.499999999999996
8.508179921645539,26.58221368705622,18.499999999999993
8.078445837825607,26.859028728076623,18.500000000000004
10.496497074879159,24.1231670856947,16.907197446827862
10.749992329757694,26.155974383723347,17.630750942303077
11.538520192337609,26.052555079862824,16.90145769867196
12.309621394471712,25.5402327909484,16.468871237488955
11.104564166729773,26.790250673059855,17.042028590336734
11.787234741047001,23.603292102393894,16.760007034480083
7.989313374830009,27.803897616724917,18.5
7.899042476185671,27.662838820840406,18.5
7.302509618169529,27.176375528295537,18.5
7.989161760894275,27.697274226040726,18.499999999999996
7.8140857732327635,27.838241566006662,18.499999999999996
7.732618571485659,27.453103308134356,18.499999999999996
8.768705099137096,27.734385338281918,18.499999999999996
8.416873220018429,27.727911986743983,18.5
8.337213221795288,27.765336357716514,18.5
8.677095924053177,26.93221858002577,18.5
8.761651761048741,27.28011521674361,18.5
8.682495883700739,27.55860135070344,18.499999999999996
10.409232212371721,27.528307300786985,17.346693287965515
10.24508972250839,27.56392205461143,17.630645007841036
10.510283298668963,27.359480043415186,17.201352441348366
9.210206576330183,27.838777918565583,18.213460913726028
10.168697952919553,27.49668022248419,17.196797835473348
10.856688788419905,27.602164491792763,16.761381683724494
7.554616382190898,28.124428790242746,18.499999999999996
7.629654673712815,28.127209762673164,18.5
7.132965422744074,28.091824341129033,18.500000000000007
7.640423155397795,28.09164602080227,18.500000000000004
7.2986488756037495,28.229081119733955,18.5
7.038150549165583,28.093330297238175,18.5
7.642514209086935,27.917148107616352,18.500000000000004
7.64333901816242,28.26158261656794,18.500000000000004
8.069165047080144,27.807065072135238,18.499999999999993
7.725787004836199,28.160715935130302,18.5
8.31611198425149,27.187783446887384,17.785413752991847
8.752955757056236,27.782093025845715,18.213343812778916
9.465819069344837,27.918924567515656,18.07055836699743
8.247549538760358,27.90893922794895,18.499999999999996
9.28850455285039,27.77340963925108,17.927398608420578
9.47235378670087,27.639040947923515,17.63773980398274
9.386776065960857,27.701050112395865,18.21249663577559
9.381958766919903,27.911470088362424,18.067451829568494
