11.168530806420602,28.552320525120596,11.099999999999998
8.94901302703871,28.33750946370882,11.099999999999996
11.71804487661498,28.20991094059736,11.099999999999998
9.627469512937072,27.911263241833264,11.100000000000001
9.987949945009188,28.20601052475932,11.100000000000003
9.398105301435793,28.465016381081497,11.1
6.880268941660038,28.586256506936824,11.1
6.005652871193364,28.338570540014253,11.1
6.385203502386539,27.658060469777258,11.100000000000001
6.838938120934562,27.88661121426471,11.099999999999998
6.27740515111351,28.702005546444482,11.1
6.199126281135325,28.029085739864737,11.100000000000001
4.1253779,27.57643402454792,11.1
4.1253779,28.012765447610693,11.099999999999998
4.125377900000001,26.307483247407514,11.100000000000001
4.408009655054248,27.829103565168232,11.100000000000001
4.125377900000001,26.243927822603357,11.100000000000003
4.125377899999999,26.846611622148206,11.099999999999996
9.87866743831678,26.193181766992847,11.1
9.679998513945797,27.155546494306556,11.100000000000001
10.175652376529065,26.75663526369122,11.099999999999998
9.889068491837296,26.42305893522031,11.100000000000001
10.056257702575708,27.308945399109607,11.100000000000001
9.429665327342974,26.20184591191787,11.100000000000001
7.2555562501013595,27.610737916798808,11.1
5.621206935470846,25.8918373096495,11.100000000000001
6.314919066151738,26.393901670799988,11.100000000000001
8.198696947458465,25.454208650923526,11.099999999999998
7.216610580858371,26.391386070107217,11.100000000000001
6.705974134280235,26.740807116194127,11.100000000000001
4.1253779,26.754984983699376,11.099999999999998
4.405370269166177,26.624851493278285,11.100000000000001
4.1253779,26.926622900079504,11.100000000000001
4.40159815661141,27.08959600224287,11.099999999999998
4.440253412969699,27.41679789438616,11.1
4.4102881092523765,27.414142964185256,11.100000000000001
5.825052567505536,24.07128634158962,11.1
6.667682866702504,24.586861569774385,11.099999999999998
5.747989894905116,24.737196363556194,11.100000000000001
6.687097277295736,24.475081252170554,11.099999999999998
7.22329034775053,24.713997976255094,11.1
7.144293138533139,24.455218618033076,11.099999999999998
6.617826917574746,24.345111946011485,11.100000000000001
7.026997009786743,25.432117024688075,11.100000000000001
6.417290899329245,25.93662446949025,11.100000000000001
6.688948977709926,26.1835041287599,11.100000000000001
6.149703338085406,25.477556325024832,11.100000000000003
6.3538838566323115,25.858111150725634,11.1
4.396368527683256,25.47606057589687,11.1
4.1253779,25.54577850917637,11.100000000000001
4.1253779,26.03762586664069,11.1
4.1253779,25.55866802913259,11.1
4.393377120241081,26.23865950436514,11.100000000000001
4.125377899999999,25.89369434556958,11.099999999999996
8.834650990271387,24.97409607952984,11.099999999999998
10.801872597313391,24.79831073108107,11.1
9.14599122316242,22.97502578973367,11.1
9.083956940898437,24.511813496584466,11.1
9.132325876803044,24.72866147540386,11.099999999999998
9.559456267132399,24.82924801060595,11.100000000000001
5.705367528579981,25.401123719025378,11.099999999999996
7.384928236971346,24.20137617687747,11.1
7.3153916785611095,23.60639752184315,11.100000000000001
6.328400339142898,24.086438998846614,11.1
6.1386219168814895,23.833723701639524,11.1
5.882200949987328,24.095209898993485,11.100000000000001
4.125377899999999,24.560256771200745,11.099999999999998
4.125377899999999,24.736791465181234,11.099999999999998
4.125377900000001,24.094630308531116,11.1
4.125377900000002,24.676801478942977,11.100000000000001
4.1253779,24.93752305957857,11.1
4.1253779,24.744285465326247,11.100000000000003
7.256935150172061,22.809588640821634,11.1
8.917837719326226,21.779801471534697,11.100000000000003
7.311888252013846,22.700558179954612,11.1
4.986880141017366,24.46884975053935,11.100000000000003
6.996468059992282,21.153589728563624,11.100000000000001
7.590466314261932,21.282222241413457,11.1
6.441456115599442,22.637000583880727,11.1
7.032068943563521,22.7531737608823,11.1
5.973382133207393,23.4554844956556,11.100000000000001
7.05205730799104,22.66598123463125,11.099999999999996
6.654076005819139,23.830037438307908,11.1
6.409514525291216,23.845865478781015,11.1
4.989792138895716,23.245278946619393,11.1
4.701981038121311,23.262883530786073,11.100000000000001
4.409327439710323,22.938171100147574,11.100000000000001
4.701846524934574,23.34252443003341,11.1
4.408037169535227,22.874222455344682,11.100000000000001
4.6884577249267,21.69045539564814,11.100000000000001
9.791358887554576,19.50563228533951,11.100000000000001
8.002988458235526,19.24793660388619,11.100000000000003
9.746954488940187,19.13513892312104,11.099999999999998
9.106049720009198,18.70753209360291,11.099999999999996
7.6046098942377975,18.837407628448904,11.100000000000001
8.216689322886282,19.119298270550125,11.1
8.01440844793435,19.439850351311705,11.1
7.997577362477379,19.52686039137248,11.100000000000001
7.27529413357867,19.125695943084946,11.099999999999998
7.865392537682727,20.396505321697912,11.100000000000001
7.853716645168093,19.889928417299863,11.100000000000001
8.503593458331189,19.085077886242438,11.099999999999998
5.286383655701908,22.743802577508884,11.099999999999998
5.979874699850326,20.424505327553266,11.1
4.741795052346952,21.1580726254778,11.099999999999998
6.318234084205391,20.05937600772035,11.099999999999996
5.259532980100318,20.445092823932317,11.1
4.720923331946794,20.33315948345011,11.100000000000001
8.215945071381158,18.595333168193218,11.1
7.985407970540994,18.0379998266733,11.1
8.7464007496962,18.271905465815085,11.100000000000001
8.78962726491308,18.25562299419682,11.099999999999998
8.52508751253824,18.118010221718105,11.100000000000001
7.132469648822191,18.366523382148692,11.100000000000001
8.514917889999996,18.79733223127314,11.099999999999996
8.033566772004239,18.82290578166798,11.1
7.978748956059088,19.295570082513382,11.100000000000001
6.988787711254056,18.862258028633974,11.099999999999998
8.514565182054698,19.09890416714975,11.099999999999998
7.744564507680718,18.906154547142073,11.1
6.210796102891554,18.82819660990057,11.1
7.300678842906489,18.988272947545152,11.1
4.1253779,19.686473687017813,11.100000000000001
6.215741582750265,19.327396809357435,11.099999999999996
4.1253779,18.27009410686128,11.099999999999998
5.879669597410524,18.610374101192146,11.100000000000001
9.289292932669772,17.353086565924638,11.100000000000001
9.868680415573598,17.543430080304034,11.100000000000001
9.411559346678661,17.7106140676111,11.1
10.112707630608448,17.478697783821637,11.100000000000001
10.558543959587801,17.436368320596802,11.099999999999998
10.481822514190473,17.31452214031039,11.1
6.668382750210905,17.326342459521797,11.100000000000001
9.474918048645664,17.421215579181933,11.1
8.57486719157504,17.051436612120835,11.1
8.86012428024962,16.803053631813626,11.1
7.957602171284304,17.56160059752667,11.100000000000001
8.793532244603485,17.66823993184577,11.099999999999998
5.6040088315385175,17.81500609484735,11.099999999999998
4.125377899999999,17.955876557097348,11.1
4.661980841870816,17.646170823466743,11.1
4.945729423529015,17.683499112336612,11.099999999999998
4.697739379131857,18.469560615486543,11.099999999999998
4.386692313405021,18.18156181926662,11.099999999999998
8.194983520278534,16.810039597011496,11.1
6.661957004207052,16.913586945739247,11.1
8.205639526399377,17.583864331475787,11.1
7.632667063898148,17.702121707690925,11.1
6.605661846709129,17.29213644442026,11.1
7.146994578375706,16.80945656395869,11.100000000000001
10.372802018193697,17.05774961025206,11.099999999999998
8.264396032803335,16.897962618393326,11.099999999999998
9.40495362295859,17.572163728558255,11.1
8.80724210799355,17.320095661214257,11.1
6.909199909951533,17.560476062292615,11.1
8.521803326022848,17.771877292676628,11.100000000000001
11.711088822761665,17.579353202260407,11.099999999999998
12.90445788,18.41431434464812,11.100000000000001
12.904457880000002,18.28878779451019,11.100000000000001
12.904457879999999,18.054837874650318,11.1
12.621706563739881,17.82512943239173,11.099999999999998
11.747402350528363,17.700646135112848,11.1
8.230723693675793,18.351655850347665,11.100000000000001
6.96622982079814,18.598695246330404,11.099999999999998
8.23007302592234,18.623260630619278,11.100000000000001
7.661276139482574,18.94961776249101,11.1
8.23880303555418,18.1221157143434,11.100000000000001
6.506992780969765,18.591278651103018,11.099999999999996
7.902945788086273,18.361051852037097,11.1
9.065962370788347,18.831731246584066,11.099999999999998
9.923514202060138,18.23666527415893,11.099999999999998
10.606484994602496,18.192258710952437,11.1
10.507193711233246,18.00162515162611,11.100000000000001
10.055593066804144,18.469942359521536,11.1
11.999159118818156,18.707026781985668,11.1
12.904457879999999,18.981491019862297,11.099999999999998
12.904457880000004,19.958702260980676,11.100000000000001
12.597407381465354,18.847877807558515,11.100000000000001
12.323480988961943,18.01942872096037,11.1
12.90445788,18.243371169848388,11.099999999999998
7.87931019126035,19.997927045146742,11.099999999999998
5.0203158577107825,20.012489501489043,11.100000000000001
7.629971706900401,18.977791574187545,11.1
6.299206244822824,18.481197289232515,11.100000000000001
6.832085584941675,18.598516145482513,11.099999999999998
7.539206184335881,19.34567792759498,11.1
7.894793135286319,18.99578481947015,11.099999999999998
8.782103410357314,19.90062607227691,11.099999999999998
9.43258373968696,19.386581573703037,11.100000000000001
10.146529322785026,19.633644398566027,11.099999999999998
9.459976889652815,20.385472905203223,11.1
10.829573344310441,19.403013913504086,11.100000000000001
12.622032466023654,19.992337190931043,11.099999999999998
12.297157952378715,18.613298874835365,11.1
11.671779149298382,18.88161924767766,11.099999999999998
12.595843097404785,20.00330412353123,11.1
12.617557472157749,19.12019642845367,11.1
12.645665082788671,19.349638030545073,11.099999999999998
4.413052796172541,22.807559808965593,11.100000000000003
6.964794032539344,19.734728241629835,11.100000000000001
8.194326681705181,20.157453202025973,11.099999999999998
5.639015500253569,23.348525329669677,11.100000000000001
6.569417720573457,21.78914149633149,11.1
6.93605466284435,21.686525289426196,11.1
7.893442894991191,23.044866271379004,11.099999999999998
7.575016537312263,21.02406012142244,11.099999999999998
8.541537826391599,21.835903434301358,11.100000000000001
6.98713998835736,21.407654505094577,11.1
9.736015120107927,20.505071420638775,11.1
8.198804320696771,20.802396778322596,11.1
12.300383973232037,20.89941916637496,11.1
12.904457880000004,21.404506841006782,11.100000000000001
12.904457879999999,20.91902762516807,11.1
12.603891826297923,20.283016143743477,11.099999999999996
12.904457880000002,20.8897145463158,11.100000000000001
12.90445788,20.509030020623165,11.099999999999998
5.314318145534966,24.204512516785943,11.100000000000001
5.234102529574021,24.20941992503671,11.1
5.2532067992605604,23.730358230240768,11.100000000000001
4.898156713914101,23.453703054984693,11.1
5.462302488971225,23.48353675689402,11.1
5.219747419630269,24.202675414533037,11.100000000000001
5.246516848386641,24.33940553381158,11.099999999999998
6.141750472795122,23.599107484074967,11.100000000000001
6.1572852321100235,23.491965001093394,11.100000000000001
6.631455782336985,24.327789131518067,11.100000000000003
5.543188367245027,23.758225822802924,11.100000000000001
5.271928340254209,23.64049801662718,11.099999999999998
11.996917906312056,23.821663143627102,11.099999999999996
12.904457880000004,22.981340718904214,11.603717368785112
12.90445788,23.482720884259503,14.798613153900067
12.617855171808488,22.47444799326611,11.099999999999998
12.280352137836042,22.981217871295314,11.099999999999998
12.904457879999999,21.944941767262705,11.099999999999998
6.2474334028022325,24.227394827659875,11.1
6.711875359112275,25.014619782197077,11.100000000000001
5.02111621042391,25.068664474817155,11.1
5.915493818752477,24.50969591157041,11.1
7.956565158494587,25.105964361486194,11.100000000000003
7.328239258178403,25.491767748581438,11.100000000000001
10.234105870426596,25.868418587972627,11.099999999999998
8.39684233207464,25.11543858232182,11.1
5.719546955828021,26.081933381056373,11.1
5.232404052555681,24.534556287266163,11.100000000000001
8.811874139017736,25.389194520564715,11.100000000000001
9.408699719151608,25.875763820256402,11.1
12.904457879999999,23.096226028816275,11.620688524286964
12.601270729521628,23.249790046580813,12.105316345301421
12.90445788,24.433954502565662,11.608352582554312
12.321328880112258,24.039202852000898,11.1
11.780882510320904,24.385161573109535,11.099999999999998
12.628525953625555,25.759559983964813,11.100000000000001
4.954029674739432,27.351437036080917,11.1
4.394256096741049,27.902979476983205,11.1
4.407677663166264,27.3821841982868,11.100000000000001
4.707701363231533,27.81779745503652,11.099999999999998
5.273085961215313,27.645318732814008,11.1
6.368902301992117,26.044471459740567,11.1
8.993860105789626,27.867801723550226,11.100000000000001
8.77056931111842,27.558202431973434,11.099999999999998
9.055675700156039,27.426686973551014,11.1
8.514917890000001,27.396895722145214,11.1
7.355055529974939,26.95009141091448,11.1
8.507385201698483,27.26942810495526,11.100000000000001
12.629196480018706,27.67326390225478,12.012242415728275
12.311567696015455,27.13195140383176,11.1
12.027469477004972,27.485405379814654,11.1
12.160590838455304,27.724150057896292,11.1
10.443042787482284,27.18523929653131,11.1
10.782773663091273,27.165618075119614,11.099999999999998
4.664638149187234,27.29828752694771,11.1
5.594127446668895,28.198913366574224,11.099999999999998
5.02377541717635,28.14701696813196,11.100000000000001
4.38914819352565,27.938749349712914,11.1
5.0151831012048635,27.412639590541644,11.099999999999996
4.694419129466683,27.79465280938189,11.100000000000001
6.965997928303641,27.863795193718442,11.100000000000001
9.7682433688687,28.05892092037107,11.1
9.066249348277488,28.20782068514379,11.099999999999998
8.79211108258337,28.08341824838197,11.1
7.614999032378465,28.05095224292451,11.1
9.380594067458794,28.092770996921566,11.1
12.904457879999999,27.536164293919867,11.099999999999998
12.629888096155307,27.57862745810765,12.56880793768821
12.904457879999999,27.8826924320143,11.1
12.90445788,28.06978600373539,11.623567783123185
12.904457879999997,28.00018676476918,11.586540030276483
12.904457879999995,27.823830759308212,12.015803427671989
6.863008178600295,28.869435322201205,18.5
6.349472161943157,28.57815564033997,18.5
5.99174049619534,28.298795480270098,18.5
6.235410215174692,28.76031427216957,18.5
7.643066478027439,28.857929469000542,18.500000000000004
8.203095403193363,27.913464138671312,18.5
7.325523779836249,29.04651870383007,18.5
7.246803176139614,28.957204622712627,18.5
7.347632373413798,28.948094809289458,18.499999999999996
7.466059160284522,28.739196438902937,18.5
7.206552324671642,28.908451793651967,18.499999999999996
6.98519464599365,28.883048722476435,18.5
4.745396910210149,28.207596386766117,18.499999999999996
4.54295620693477,28.38722517730511,18.499999999999993
5.804779359554117,28.17365309129354,18.500000000000004
4.5828216558270904,28.00740985327668,18.500000000000004
5.328581451170677,28.333129652969376,18.5
5.1378121246537765,28.35499139929782,18.5
7.551714242851107,27.29031056451692,18.5
7.568514427733475,25.136136247943988,18.499999999999996
7.294938782888651,27.958974869887584,18.500000000000004
9.06450427570272,28.028489754086763,18.5
7.854639169774325,27.685196932254538,18.5
8.423684968981311,25.244206535523098,18.499999999999996
6.530948539935453,27.746916315297494,18.5
8.005518473410625,26.93498846663472,18.500000000000004
7.59244368042791,26.734266401143707,18.5
7.57779164551875,26.254031880534452,18.5
7.95662815075807,27.05008000682552,18.5
7.925581089987867,23.43656603387453,18.5
4.480194229852129,28.06166682001887,18.499999999999996
4.341202784728247,27.81589108925708,18.5
4.478059469282828,27.804578867619625,18.5
4.7348914287892185,28.060256722223162,18.5
5.337095915667918,27.197150365386204,18.500000000000004
5.470248092667094,26.538194319788175,18.5
8.821826153451058,22.530926602937736,18.5
10.141107326670065,22.755392315191507,18.5
8.425000263076932,22.043379900298397,18.499999999999996
9.334768024422745,22.40770591792102,18.5
10.16176655116135,22.38481876569432,18.499999999999996
9.59620896044405,22.581162330360815,18.5
8.261455794165053,25.91085459781906,18.5
8.250247833330537,26.09782164862952,18.500000000000004
7.992364178234703,25.80859142805981,18.500000000000004
7.927200392027464,24.1851714696847,18.5
7.910667933797264,23.661798653939563,18.499999999999996
8.21349880842377,25.20362215426368,18.5
5.335724739178243,26.060914474076394,18.499999999999993
5.602992114654014,26.13746263297015,18.500000000000004
4.689757267676253,24.53980343280231,18.499999999999996
4.978554444102383,26.246415901852977,18.499999999999996
4.406198070235742,26.43291449019794,18.5
4.738311519197888,26.31063802597775,18.500000000000004
8.189997158219944,22.698364916705856,18.500000000000004
10.126946318444931,22.314661790939933,18.500000000000004
10.602520370022763,22.576659534199226,18.500000000000007
9.213158476924903,22.344275059918488,18.5
10.434979777190065,22.492930741373122,18.5
8.791039903887683,23.725328203973564,18.5
8.178339906706777,23.749752898325344,18.500000000000004
6.9741385645639085,23.527968343360577,18.499999999999996
7.90862383784149,23.64304328147324,18.5
7.379488384251811,23.981334609615228,18.499999999999996
6.999444617251984,23.346390209295848,18.5
6.665873668841523,23.304286386376532,18.500000000000004
4.728780140033223,23.38963246384922,18.499999999999996
4.622279566549296,24.387346797849247,18.499999999999996
4.674532700067511,24.23150651140132,18.5
4.625816213082186,24.282526455584012,18.5
4.1253779,24.792920154481553,18.5
5.209094103025885,23.934223900551945,18.500000000000004
10.041278142415464,21.69614377935275,18.5
10.543529850591655,22.31776383272223,18.500000000000007
9.053234213434362,22.909034341320424,18.5
10.25433209360597,22.15784106307353,18.5
11.113663602576164,22.65577285939515,18.499999999999996
9.443418131760522,22.168688805590033,18.5
8.512786535833149,22.431406994305345,18.5
8.042039272880421,22.085699357598386,18.499999999999996
6.914967493142332,22.315619796999723,18.500000000000004
7.749430151011328,22.82550193774192,18.5
6.489963365671532,22.841920352540452,18.500000000000004
7.040595629232962,22.55537144302232,18.5
5.736080208643895,21.869508631424665,18.499999999999996
5.791505973524171,22.952474890486975,18.5
5.215419313826013,23.00349949497152,18.500000000000007
5.090262102449289,23.048440550809598,18.5
4.985356981231692,23.016713911508862,18.500000000000004
5.347394435560274,23.00442273929117,18.5
9.334235367206356,18.447421438143724,18.5
10.085437955080142,19.45859983528672,18.499999999999996
10.637652891583718,19.456711152584106,18.5
6.322585600949682,18.53817112036627,18.499999999999993
8.466647169200826,18.041358089020818,18.499999999999996
6.450955627174403,18.52078173074571,18.5
7.684421033561274,22.11683983429564,18.5
7.680868196367244,21.55935548648444,18.499999999999996
7.639407097432809,21.654978532611963,18.5
9.49879336400782,22.194062295634215,18.5
8.325164138105833,21.93472436134778,18.5
8.85276615980836,21.582054423514272,18.500000000000004
6.928041240821771,18.467322781986038,18.5
4.700198566935579,20.56974424276149,18.500000000000004
5.008668969988853,20.806628338473693,18.499999999999996
4.397031383714398,19.44098541266293,18.499999999999993
5.5439205735120165,20.556333161895193,18.499999999999996
5.188357952990991,21.006646677133293,18.499999999999996
10.452335808348138,20.489848305303443,18.5
8.817480163659498,18.75265965888871,18.5
5.607055261296911,19.797353467186873,18.5
7.05625486998389,18.695259547313665,18.500000000000004
7.888696968373717,18.316755765179824,18.5
10.174590689104544,20.103999448630802,18.499999999999996
6.92238164645038,20.382721350399,18.5
6.053220863982968,21.955670103967012,18.5
6.62020243007566,22.191827031676386,18.499999999999996
7.619518121743458,21.30544848896411,18.500000000000004
7.568736191339457,21.017673313561193,18.5
6.733768372868846,21.981736667977437,18.5
5.665569586770631,17.97694120873937,18.499999999999996
5.412288426837318,18.470510330078913,18.5
5.668797265534943,18.069696849627206,18.500000000000004
5.316706343538571,17.704236177334028,18.5
6.642987528091284,20.055841105270048,18.5
5.869503633348661,17.47430046731528,18.499999999999996
8.19787029901204,18.32809400818038,18.5
8.429849367505875,17.41750347607021,18.5
6.9460859324421245,17.58186052631014,18.5
8.472013880527399,17.192142013319152,18.5
8.331898191184287,17.206562579586826,18.5
8.349221536735053,17.18393313502564,18.5
5.651326743416911,16.947455509933896,18.499999999999996
7.088287037534523,18.902440375132542,18.5
7.332060042658336,18.629905100274947,18.5
7.687686418362497,18.231714157966504,18.5
6.216426226219199,17.043711507048283,18.5
7.904925930651024,17.884094392339314,18.5
6.241408014988746,17.13656046106704,18.5
5.621328966393927,17.42211265257994,18.5
5.677150182738126,17.69589583737751,18.499999999999996
6.032414608874217,17.0097088961311,18.499999999999996
5.6495527624714565,17.11211888411821,18.5
6.729516094132439,17.054753543419793,18.5
5.846148390903449,17.393890299266207,18.499999999999996
7.226251924164005,16.69080327,18.500000000000004
5.003329760725234,16.950216292816148,18.499999999999996
5.693375113167641,16.93334821388937,18.500000000000004
6.242701246485522,17.43115684502225,18.499999999999996
7.156460747426596,16.943935820352326,18.5
7.600821990230558,17.570934047986743,18.499999999999996
7.836018251279866,17.31359101573908,18.499999999999996
8.114347660605793,17.435777235938797,18.5
7.259876928478463,16.944106678766275,18.5
7.814838754681957,17.433970558468,18.5
8.237664143057362,18.151876705958248,18.500000000000004
12.904457879999999,18.301556988468917,18.5
12.621781011941758,18.242684734685245,18.499999999999996
12.90445788,18.42799613741798,18.5
12.625723194541866,18.450747522931675,18.499999999999996
12.90445788,18.534335039923793,18.499999999999996
12.904457879999999,18.67757143516646,18.5
8.425381050788722,19.612246486583757,18.5
9.15451535572106,20.90840979694175,18.499999999999996
9.03508579901185,17.59841862315032,18.5
6.881479338086351,17.5910350279649,18.500000000000004
10.772072848629994,21.17872591847206,18.5
7.768425741544161,20.918413806620336,18.5
9.165382843559643,18.312479099381683,18.5
9.353250139766338,17.43998224476468,18.5
8.84459051023714,17.434398952740757,18.5
9.809129479205016,19.08043030945134,18.5
8.19796304379951,18.459596021821785,18.499999999999996
8.146006712485864,17.677949936122847,18.499999999999996
12.90445788,18.735284822611774,18.5
12.635528833855071,18.311298198207083,18.499999999999996
12.904457880000002,18.6032030818017,18.5
12.90445788,19.512526361381195,18.500000000000004
12.90445788,19.5299358519445,18.5
11.646612280891038,19.214962374866943,18.499999999999996
7.155510608629376,19.91036146724429,18.500000000000004
6.514813236378947,18.895271665826982,18.5
7.936962343656192,20.77035789697224,18.5
5.607638503734765,19.78354035069334,18.5
6.886881234210902,19.22884251405851,18.499999999999996
7.203450026849909,19.750983583654325,18.5
9.187863702703801,19.90948343972476,18.5
9.491029804708235,21.003892815368683,18.5
8.813049666974145,19.69130019485844,18.499999999999996
8.493682900878328,21.003873084222,18.5
8.267304913047512,18.747697582315652,18.5
10.321981908998245,21.174575943200153,18.500000000000004
12.616531308849543,19.84132233711352,18.5
12.90445788,18.97400323851977,18.5
12.90445788,20.05580880612534,18.499999999999996
12.90445788,18.948420478043666,18.5
12.614488720136832,20.159671146717436,18.5
12.904457880000002,20.664279010502646,18.500000000000004
7.16520277438899,21.422860145373104,18.5
9.06896484198218,22.28372403920545,18.500000000000004
6.852418486296416,22.040022970009993,18.5
8.75845198154272,22.32313406595557,18.499999999999996
7.63723155304184,21.55772180165074,18.5
7.816468216415564,22.78252457105468,18.500000000000004
10.246237116541296,22.325607639765792,18.5
10.006742695145766,22.416847898550824,18.5
10.352816775215311,21.931082835988462,18.499999999999996
9.71392194303569,22.302851478110373,18.5
9.949082259073345,22.169890188196362,18.500000000000004
9.978003738524297,21.826201676327184,18.500000000000004
12.90445788,20.27178780802322,18.499999999999996
12.904457879999997,20.473933277324875,18.5
12.904457880000002,19.55008309157552,18.5
12.90445788,21.060956054707507,18.5
12.90445788,20.50459873342296,18.5
12.90445788,19.476000246220135,18.499999999999996
9.229738940619841,22.421270912037865,18.5
8.59315574522337,23.11843710048841,18.499999999999996
10.100966458338883,22.956075763381456,18.5
10.41281395598792,23.492158432265963,18.500000000000004
10.37640487360674,22.958886418905234,18.5
9.416504792812074,22.320080579572135,18.5
10.467667228009535,22.30002501501359,18.499999999999996
10.556908857414243,21.707246802612897,18.5
9.884194144053694,21.918977386537822,18.5
10.195329065089881,22.09687111685568,18.5
10.162868401369229,21.847459861216933,18.499999999999993
10.256191003981384,22.56219288008208,18.5
12.90445788,21.026340833024094,18.5
12.614623972807705,20.40534496017733,18.5
12.586765846910138,22.76444371093467,18.499999999999996
12.611132739352408,23.88412407745534,18.5
12.287329517266972,23.855268512989888,18.500000000000004
11.65490047792573,22.56670240712471,18.5
8.264080810534928,24.48785451056813,18.5
8.184337028042936,25.43081111950698,18.499999999999996
7.555131288344771,25.76505239080498,18.499999999999996
9.951872390921281,24.28627130833451,18.499999999999996
6.304814570784484,25.085862005324667,18.499999999999993
8.238107945573017,25.448725466516407,18.499999999999996
10.03967887532383,23.714241124327547,18.500000000000004
9.184598862571146,23.87028495719752,18.500000000000004
10.17553428338724,22.802143001895246,18.500000000000004
9.83188360361131,23.742564868672122,18.49999999999999
8.597579391183057,23.44807972237579,18.499999999999996
9.766149069576969,23.158157285660952,18.499999999999996
12.596602701896455,24.89353977433975,18.5
11.604547230247697,23.303179465220637,18.5
11.352699003027706,20.636227858253662,18.500000000000004
11.29039231433782,23.317838719933583,18.5
12.28619922392357,23.734176779379883,18.5
9.625798691119801,23.622572462050968,18.5
6.528232161521981,27.86170261200895,18.5
7.872305957450639,27.764810268883263,18.5
7.899360789366995,27.520112343704554,18.5
7.602194283241334,27.28179828563481,18.500000000000004
6.792493934829438,27.414941432607467,18.5
7.054420487119108,27.538694118068694,18.5
5.335094633888283,27.342461908546614,18.500000000000004
7.81117239338676,25.872164179379826,18.5
7.643763168909042,27.16878515404858,18.5
7.890360376318389,26.45950485512551,18.500000000000004
5.549995961191668,27.562305583954995,18.5
6.070864774984441,27.134663057518186,18.5
11.159459147429983,27.558318978460328,18.5
12.325262590177081,28.030654927044154,18.499999999999996
12.589325021964097,27.558208892253877,18.500000000000004
12.58019904703294,27.682253845878808,18.499999999999996
12.304826372540354,28.05595479474733,18.5
12.90445788,26.96027773945342,18.5
6.673922520502509,28.96343848838108,18.5
6.580757595333233,28.916301341903402,18.499999999999996
6.864510329743896,28.992957185619694,18.499999999999993
7.221065671756587,28.853521448210834,18.5
6.43965521160475,28.85498892187826,18.499999999999996
6.871971178348738,28.856137178664806,18.499999999999996
7.4506863431741825,28.288105255012077,18.499999999999993
5.988198167249551,28.600352884730793,18.5
8.225983041089597,27.66200856464806,18.5
8.182553304118391,28.623636734999167,18.5
9.484754090162525,28.758441487211392,18.499999999999996
7.63799228214904,28.29513686776985,18.5
10.762780432244409,28.075710522085224,18.5
12.259107278161554,27.94927483222873,18.499999999999996
12.628298015759139,28.173493285767705,18.499999999999993
12.30971865304734,28.169670575301183,18.500000000000004
12.904457880000004,26.114362023547137,18.500000000000004
10.868726118472946,27.8576161605072,18.5
9.967110597964552,27.388223461188865,11.1
10.856219345484002,28.344826742721303,11.100000000000001
10.11869109690142,28.682412219919634,11.1
10.916979371483936,28.56981493641502,11.099999999999998
9.935527866118974,28.289299647861245,11.1
10.677387167837642,28.602296306383156,11.100000000000001
6.201136432291312,28.59347132802681,11.1
6.471712882804952,28.72635538322482,11.1
5.905706386736038,28.518896140387167,11.1
6.204608770082505,28.5093261302153,11.1
6.476159605252047,28.6238529304228,11.1
6.822266989176418,28.593068567485567,11.1
4.1253779,26.216688771445554,11.1
4.1253779,25.67307048642733,11.1
4.125377899999999,25.87693244646003,11.1
4.1253779,26.27698130290596,11.1
4.125377900000001,26.28736471180187,11.099999999999998
4.3955694102158,26.87292719249043,11.100000000000001
10.0965890268849,26.949319848966837,11.099999999999998
11.53238577014016,27.633407866732227,11.1
11.436458381176616,26.092657726068573,11.1
11.437734106497631,25.87609285720755,11.100000000000001
11.76561948557197,27.06184638321607,11.100000000000001
10.526138645070052,26.648140319939724,11.099999999999998
6.021992019782823,26.778616639786573,11.099999999999996
6.3346868473318905,26.111403184108983,11.1
7.136752676720424,26.210727165943098,11.099999999999998
6.311374792349551,26.269906543532045,11.099999999999998
6.32289437387436,26.263101390669757,11.1
6.3438341842459485,26.233474559581982,11.099999999999998
4.689643179250643,27.29912336288823,11.1
5.288591808561147,27.108239741185795,11.100000000000001
5.3512056974445334,27.07929355727554,11.099999999999998
4.759622113389497,26.3953883366153,11.099999999999996
4.1253779,26.441684836976016,11.1
5.807666495416755,27.037764295981706,11.100000000000001
9.679457244083695,25.744708204914968,11.100000000000001
10.282843542624368,25.989175850828598,11.099999999999998
9.984987889146568,25.990863203959233,11.1
9.75787892131312,25.50736673710464,11.1
10.167389182470036,26.30339797765753,11.099999999999996
10.712611932090466,26.53331587963365,11.1
5.322143918734179,25.763314583332626,11.1
5.426753393284868,26.47742091019169,11.099999999999998
6.420812653912897,25.261833170498516,11.099999999999998
6.001904643262319,25.893654412520515,11.099999999999998
5.466452265031526,23.722821943099035,11.099999999999998
7.058734839953306,24.907548919094104,11.099999999999998
5.013696051543945,26.093617309225294,11.099999999999996
5.7400310638232535,26.467913178964558,11.1
5.545336872901953,25.69038024009193,11.100000000000001
5.286901060691992,25.846902131286043,11.099999999999998
5.008387952956085,26.25408916370866,11.1
5.603996415996227,25.82598114722741,11.100000000000001
10.088232471334805,24.624401159340916,11.1
10.049636224479688,24.883603520013224,11.100000000000001
9.761183433400166,25.251959205111877,11.1
10.01585825715375,25.13337471143653,11.100000000000001
9.714750593944588,25.148759926166257,11.099999999999996
9.740016374245629,25.37338426948164,11.099999999999998
6.541346793907931,24.129073268437203,11.099999999999998
6.161327355589677,23.598580158398203,11.099999999999998
6.568498869198454,23.932796856452846,11.100000000000001
6.063129656454332,23.461704839278845,11.100000000000001
5.9439421364597615,23.66651613062789,11.099999999999998
6.532287862978116,23.563407239579703,11.099999999999998
4.969186206931173,24.23546960289277,11.1
4.695267423153979,23.910942238636142,11.1
6.350997616200854,23.835728568298876,11.1
5.1339772341446235,23.96106977027567,11.099999999999998
4.3803406358542105,24.64872686089322,11.1
4.1253779,24.94023426633077,11.100000000000001
11.299789487906756,22.815412951163275,11.100000000000001
10.422519955746466,21.24473001357889,11.100000000000001
6.974606760449907,21.645600194160213,11.100000000000001
10.731251996133054,19.63462846967009,11.100000000000001
9.752017078645991,21.01704341681056,11.100000000000001
9.705745510549587,21.738242684582183,11.099999999999998
6.200117224215223,21.312376050744955,11.100000000000001
6.345883780748889,21.915399253574705,11.100000000000001
6.103097435096056,21.57896437770124,11.100000000000003
6.357405164971486,21.686612128456797,11.100000000000001
6.0188371878121965,21.35858915753878,11.099999999999998
6.337259687411064,21.579855300362865,11.1
5.062702933357333,22.43322121132468,11.1
6.941253369574815,20.863102628400664,11.1
6.5273103157483785,21.659983661521654,11.099999999999998
6.572622628212301,21.677232456396812,11.1
6.542173887176631,21.05010603104577,11.100000000000001
6.462748865530388,21.315214900692894,11.099999999999998
10.802548912801525,19.660273054809217,11.100000000000001
8.535906387734071,19.90921676611978,11.099999999999998
10.661713668837331,20.50674414479376,11.099999999999998
10.407060237158015,20.74781187782687,11.099999999999996
10.775684512014072,20.38812113882148,11.099999999999998
8.81730086537929,21.4791998042558,11.100000000000003
8.781436984280024,18.69266241800973,11.100000000000001
6.581163217294781,19.36103519494547,11.1
7.921849364618987,19.500924535534278,11.099999999999998
7.9468019291681244,19.583557163507034,11.099999999999998
7.606484394548972,19.496058848287444,11.099999999999998
7.919029232787997,19.481915882743145,11.099999999999998
6.543182235786269,20.94918052090073,11.1
7.340248909611652,19.491507616162224,11.100000000000001
6.9039565826648435,20.145178801386262,11.100000000000001
7.305743893028038,19.601124068237542,11.099999999999998
6.297708584243704,20.300476209016725,11.099999999999998
6.821350996598079,20.31197186033535,11.1
12.0224016687493,19.0013886403296,11.100000000000003
11.351373730062873,18.098379892263463,11.099999999999998
9.805455497826118,18.595156192484385,11.099999999999998
11.117608054659241,19.059816209685316,11.099999999999998
11.958710978050059,18.500313537680558,11.099999999999998
12.028770999004294,19.244986994798595,11.1
8.010052983334761,18.941037307685793,11.1
7.991826239448385,19.075219471141327,11.099999999999996
7.680543060372827,19.239492590775406,11.1
7.795411431045323,19.17183518563605,11.099999999999998
8.256776215657203,19.31056336809945,11.1
7.748458084975698,19.32196990672157,11.100000000000003
4.6966902975463185,19.20205512146334,11.100000000000001
5.651209881899434,18.478907376999995,11.1
7.103697630848185,18.714261335718973,11.099999999999998
7.396383139703651,18.72403943926219,11.1
7.626047080356157,18.867771346319742,11.099999999999998
7.932455132705165,18.978552991500877,11.100000000000001
10.333350115875986,17.520479028799265,11.099999999999998
10.865026273071557,17.513447111152836,11.1
10.749359344729159,17.793122572541964,11.100000000000001
10.502933748921143,17.4358926769789,11.100000000000001
10.647303545753282,17.39139793332637,11.099999999999998
10.580942597795389,17.420617477972677,11.099999999999998
9.148001445057753,16.69080327,11.1
8.685149853149584,16.80119723966873,11.099999999999998
10.038172261079923,17.162995136377045,11.099999999999998
9.46064225267644,16.81115977746245,11.1
9.45948592527599,16.813542169960225,11.1
9.537513214188902,16.806124856641983,11.1
6.8106048844030616,17.217495900253645,11.1
8.778915592197329,17.44836094046495,11.1
9.763490040870046,17.97029440253282,11.100000000000001
5.705661922981422,17.712045268257093,11.1
8.516829010110717,17.876537022361287,11.1
9.15380058594625,17.839159749444676,11.1
7.063401407760146,16.69080327,11.100000000000001
7.492128945156367,17.018482125736725,11.1
7.503822824617141,16.69080327,11.099999999999998
7.296174189239951,16.912208960359543,11.1
7.378240589775225,16.690803269999996,11.1
6.9230875246824946,16.690803270000004,11.100000000000003
10.465004850648503,17.45918406018682,11.100000000000001
9.421151484808306,17.427897387021627,11.100000000000001
10.116077100235263,17.588100155066087,11.099999999999998
10.376104313550476,17.181503473905792,11.099999999999998
9.709538617550495,16.934892483452863,11.099999999999998
9.775527302025997,17.21680939792178,11.099999999999996
12.904457880000002,18.166609353410436,11.100000000000003
12.358380598850975,17.71235655093749,11.1
12.655272572813674,18.0273129919306,11.100000000000001
12.665659792029233,17.72134896775411,11.1
12.611186737902228,17.878484034808714,11.1
12.320761367869949,17.46729065965766,11.100000000000001
7.806965708291495,18.575929961004185,11.1
6.961141148010308,18.352951437586857,11.1
7.941301356554998,18.33448336352796,11.099999999999998
8.51491789,18.702230927864402,11.1
8.266931408039724,18.111578557152523,11.1
7.3654456887523185,18.592072593860546,11.100000000000001
8.800657405573286,17.97914125891149,11.099999999999996
10.560154483574586,17.381270420136875,11.100000000000003
10.606137743994745,18.33459547049064,11.1
9.604139259320295,18.592353197227897,11.100000000000001
10.267929612547334,17.377096122257758,11.1
10.243164313389048,18.206037607240297,11.099999999999998
12.904457880000002,18.517989840586782,11.099999999999998
12.904457879999999,18.39925737674175,11.1
12.904457879999999,17.89089628726491,11.100000000000001
12.904457879999999,17.91541603916277,11.100000000000001
12.904457879999997,18.774451616289763,11.099999999999998
12.637587077161838,18.182273466499176,11.100000000000001
5.368521883039344,22.789410669105536,11.1
8.239277558286302,18.584799303275815,11.100000000000001
7.2562728563823375,19.24463043058598,11.1
8.17169034487517,19.09274580949487,11.1
8.222295271025622,18.839506420393022,11.1
7.895390933838127,19.120787379022442,11.100000000000003
10.47676694714624,19.25448188198095,11.1
9.986011877684284,19.34991518206261,11.1
9.427163018094175,19.36961335698015,11.100000000000001
7.900399292960975,19.149394531227383,11.099999999999998
11.693279682627306,19.128402049133527,11.100000000000001
9.414392593425019,19.108745262321968,11.100000000000001
11.311919243304908,18.73948673222641,11.100000000000001
11.730383135457348,18.20702148016491,11.099999999999998
12.904457880000002,18.69106244577467,11.1
12.369981156234239,18.170916118552046,11.099999999999998
12.90445788,19.30063728307567,11.1
12.90445788,18.4733414597869,11.100000000000001
7.9325778612520885,20.817071059822545,11.100000000000001
4.740297417145861,21.796596955035657,11.100000000000001
5.919000780873347,21.826649504345035,11.1
5.323591950435276,22.05153418350393,11.1
5.946036703201142,21.802220266707437,11.1
5.040577562715609,21.310589367936565,11.100000000000001
9.371380483699324,21.791684655466675,11.099999999999998
10.052137091408422,21.065239605883647,11.1
7.991416790461753,20.89721289209924,11.100000000000001
8.490424994635365,21.45505272441752,11.1
10.00520354305918,20.14825360021322,11.100000000000001
9.135068245501671,21.29759105903665,11.099999999999998
11.355716064396423,20.55023386920605,11.1
12.90445788,21.360009014668787,11.099999999999998
12.904457879999999,21.935716527502922,12.673129036028667
12.904457879999999,21.05722423292499,12.088398302479586
12.90445788,22.767421660943835,12.107071685776845
12.904457880000004,21.87195929254771,12.14456971497365
4.96678382432362,23.721291925071778,11.1
5.529498803810468,23.66390746742102,11.100000000000001
5.527179098317725,23.741215007303552,11.099999999999998
4.672914745738461,23.322090453498078,11.100000000000001
7.5423503638472065,24.891450003435228,11.099999999999996
5.40090167971682,23.97130600071337,11.100000000000001
6.175811529084717,23.73251490611051,11.1
9.81799902981248,24.73920514178541,11.099999999999998
8.438922842940418,24.10836663084636,11.1
7.897801773562531,23.97582977222571,11.100000000000001
5.373664030030647,23.853507706904576,11.1
8.324676016074404,25.26700565540083,11.099999999999998
12.904457880000002,22.938641445928006,12.049469539379986
12.904457879999999,21.81405442970484,12.230791021055964
12.904457880000002,24.966588979643905,11.100000000000001
12.90445788,22.63424679316677,12.149909832227031
12.90445788,24.55841714929488,11.1
12.610784479315011,23.09480266592343,12.104793616789886
4.418739095489577,24.958258028154297,11.099999999999998
4.989265505097051,24.377177219166388,11.1
5.935975234995995,24.390335953661754,11.100000000000001
6.672686409010404,24.244466430158177,11.099999999999998
6.361271223078848,24.147069295501325,11.100000000000003
5.957152451979164,24.129142423410713,11.100000000000001
9.115589328394824,25.39098644976699,11.100000000000003
9.414855071261469,25.39399331487696,11.1
10.622491294998333,25.644402293517107,11.100000000000001
8.935318393904675,25.679588375835294,11.1
9.4037468654924,25.283970733729472,11.1
9.986691615879753,25.52828781385489,11.099999999999998
12.904457880000004,23.34197250049459,11.100000000000001
12.904457880000002,26.99077312611499,11.100000000000001
12.904457880000004,25.72266226346165,12.15515256617004
12.610285135747809,22.5861201852214,11.099999999999998
12.904457880000002,25.762311513144887,11.100000000000001
12.603472522273266,22.2387809313769,11.099999999999998
4.877104453184509,28.116153867265314,11.1
4.92484430143255,28.10593087834059,11.099999999999998
4.915384684076357,28.168137080690304,11.099999999999998
5.962724447704723,27.885234014972514,11.1
4.99203677665903,28.30366953128005,11.1
4.659813008730216,28.2427679456015,11.100000000000001
6.7140116936644105,27.77531408266983,11.100000000000001
8.423212299140687,27.430112987130407,11.1
9.32477591215737,27.54236492237699,11.100000000000001
8.514107455167503,27.642147865764215,11.1
9.624241528205662,27.213793661297508,11.1
9.038013218605322,27.404165449235663,11.1
12.90445788,27.94500845332585,11.543279677794272
11.385910687056336,28.189084953224608,11.099999999999998
12.904457879999999,27.53476478761295,11.563576285918653
11.987730097145848,28.058848379629286,11.100000000000001
12.360305687455158,27.816187459269297,11.574418308988566
12.302203000316794,27.950148129844525,11.099999999999998
5.253809447387372,28.134791710760798,11.1
5.713975285781534,27.862510000343036,11.099999999999998
6.789699414273398,28.347771674527657,11.1
6.47085267054935,28.36870897382478,11.1
5.5250581037562565,28.39835357076127,11.099999999999998
6.147487204348511,28.378985190387017,11.099999999999998
4.728615795633796,27.73013880911807,11.1
9.412599322350381,27.9469244043626,11.100000000000001
9.043507450966429,28.17347144558013,11.099999999999998
9.389730606606403,27.951936574012556,11.100000000000001
10.37234468895983,27.547907984736977,11.100000000000003
10.409898906829119,27.812741293795188,11.1
10.365383950569173,26.76059379557072,11.099999999999998
12.90445788,28.460965382466984,13.184282598976864
12.90445788,27.975909929914163,12.477699223322702
12.904457879999999,28.35202715758575,14.231763940645338
12.904457879999999,27.910642806305727,13.003965616676693
12.90445788,28.352712091924488,12.413372891743627
6.848071202723175,28.000953749320814,18.500000000000007
7.0905199868064415,28.6529455550438,18.5
7.20658398735906,28.751681836150812,18.5
9.551213343372666,28.09648105920531,18.499999999999996
7.490648550360295,27.7060069274905,18.499999999999996
8.221449227175174,27.791073783044496,18.5
7.457197433901708,28.72950265281716,18.499999999999996
7.48520720748063,28.75559373121436,18.5
7.004659107487497,29.01257719061728,18.5
7.287221726171359,28.76738556206253,18.499999999999996
7.486275740649747,28.74159174225028,18.5
7.030876419879544,28.80526357689182,18.500000000000004
7.639260586418527,28.0886094057623,18.5
7.385497860990417,28.37515569954584,18.5
6.6589649355324045,28.420106439274875,18.499999999999996
6.929947470744562,28.144095044625217,18.500000000000004
6.4413122420238285,28.477720971421952,18.5
5.887129239515534,28.618144743067234,18.500000000000004
11.43976373776005,27.712478352417424,18.5
8.984767123579148,27.97848200477872,18.500000000000004
9.958784685673105,27.238518195327522,18.5
10.114421459803308,27.687548887406148,18.5
9.435795751547843,25.53048135385155,18.500000000000004
9.094053360318085,23.332271302541194,18.500000000000007
6.804665014098164,27.198866935548303,18.500000000000004
6.409560369691002,27.60419198477231,18.5
6.287982673810462,27.532670407113905,18.5
6.298795308768499,27.75749636112743,18.500000000000004
6.510963201632348,27.29360059892902,18.500000000000004
7.175051422179445,27.22512697463387,18.5
6.65923640347563,28.039991904829513,18.5
4.802092116507945,28.30578332236334,18.500000000000004
4.744668297815529,28.3329904910897,18.5
4.866109096521526,28.290337160741874,18.499999999999996
5.628070626939597,28.223920857755864,18.500000000000004
5.909596339668745,28.112554100024344,18.499999999999996
11.34907572224878,22.869294594418896,18.499999999999996
10.927816180568598,22.91755137365638,18.5
10.909436866130989,23.111818108998133,18.5
10.32807374339815,23.1681096814762,18.5
11.396144190628885,23.306794144274278,18.5
10.835200899206646,23.28805561152629,18.5
8.514917890000001,25.647541986530555,18.5
6.980764119720963,26.997903454010434,18.500000000000004
6.192082928569854,26.98074779773846,18.500000000000004
7.565946782589232,25.57063507802888,18.499999999999996
6.079495877311695,27.219045565653843,18.5
6.879563214179853,26.55825031882478,18.5
7.02989797692183,27.23760291950008,18.500000000000004
5.913355524559664,26.952259645399867,18.500000000000004
5.84470426743435,26.706105867199,18.500000000000004
6.622352350382781,27.090183043435825,18.499999999999996
6.197857695543697,26.507695105487453,18.500000000000004
6.396584848317961,26.98374324762394,18.5
11.169275513206307,22.4561721044029,18.5
10.83808178426336,22.804608451629946,18.5
10.914732196324831,22.76100151052618,18.5
10.845860408032038,22.670352749362642,18.5
11.763168904049548,23.14608925488031,18.5
11.766089185560743,23.147364286072563,18.5
8.473716338303603,23.082475513911774,18.5
9.357420068753777,23.24292214770329,18.500000000000004
8.658956041332655,23.6585268702596,18.500000000000007
7.4855187441931905,24.25412707421066,18.5
5.584482766886916,24.37127511842051,18.5
8.296393861513058,23.081400574503483,18.5
5.683344961967977,23.200265630613035,18.5
5.613809989909665,23.318604268156307,18.500000000000004
7.046943180813162,22.696973882388992,18.500000000000004
6.739003396135496,22.712860450254496,18.499999999999996
7.102416069411241,22.975034395480648,18.5
6.490965070638141,22.64941128617968,18.500000000000004
11.414156131287601,22.765277553639187,18.5
10.14763096849464,21.53882192644514,18.5
8.082018055969979,21.153074619460263,18.500000000000004
10.319439100534625,21.962023680368684,18.5
10.33800893747692,22.278760792643393,18.499999999999996
10.534909851024695,21.93417191624057,18.5
8.206483928665532,22.115407240668997,18.5
7.841635189356763,21.940443679967064,18.499999999999996
7.44116640225894,22.2157406426024,18.500000000000004
7.9951627902808715,21.72813052327143,18.5
8.80705037186039,22.545119210707202,18.499999999999996
8.096973893666544,22.32845508788135,18.500000000000004
5.692155793801786,22.47806284901154,18.500000000000004
5.064394073152672,22.872528253652124,18.5
5.2902565255438345,22.31108538365563,18.5
5.25545655989122,23.143366972004372,18.5
5.763261006083681,22.951969231185434,18.5
5.334046780230883,22.97869381220418,18.5
7.570535002780998,20.39677834580367,18.500000000000004
7.925277104978655,18.183512540901013,18.5
10.09000016238455,18.984291908634603,18.499999999999996
8.266325377337663,18.84203188372296,18.5
8.262215615472506,19.13283319944253,18.5
7.88620158933323,19.09565529365477,18.500000000000004
8.528890240886552,20.514732839694023,18.5
6.888289899675698,21.164435928178744,18.499999999999996
6.893178039097851,21.292230987074145,18.500000000000004
7.28246095673814,20.880075953732064,18.5
6.584154975612395,20.925063675306045,18.5
6.553339043560657,21.195355023825876,18.5
6.144114077913534,21.760707079056377,18.499999999999996
7.042969543481765,18.9691744446041,18.499999999999996
6.710158156427427,19.55506078163894,18.500000000000004
6.91685644279526,20.334571429036643,18.500000000000004
5.314025359928552,20.00109478959211,18.5
5.2805773140958285,20.68798334440438,18.500000000000004
7.55711159565268,18.22716031354623,18.5
7.300936106218048,18.94341028430777,18.500000000000004
9.860481038318031,18.868362038377242,18.499999999999993
9.880934863420425,18.889796450842,18.5
8.167981276203243,18.862562031633853,18.500000000000004
9.510146647487772,18.10534499366378,18.500000000000004
8.637552024129656,18.990945801895624,18.5
6.290141886630977,19.48284251808078,18.5
7.15027522959108,18.019658048683088,18.5
6.575344956505611,18.856652186241593,18.499999999999996
6.182403777815663,17.474572206169096,18.499999999999996
6.243008943732011,18.34773683630804,18.500000000000004
7.577032215017257,20.10862511247546,18.499999999999993
6.9651616728788195,19.493175594686143,18.5
6.894037370504436,19.166089960837226,18.5
7.321754378040113,19.96095230059478,18.5
5.948768019638757,19.49122088121205,18.5
6.782084773858253,21.480168243616298,18.500000000000004
9.156663426753106,18.001581353400272,18.5
7.834579900093358,18.35966981874706,18.5
8.064241330638628,17.67950999111807,18.499999999999996
6.94877957504142,17.882376595024926,18.499999999999996
8.318360705581616,18.049167053357,18.499999999999996
8.247001667258548,17.451433192941526,18.500000000000004
6.727993468825094,16.69080327,18.500000000000004
6.891902343031149,16.79091385556161,18.5
6.426476336697302,16.912307595969335,18.5
6.642175201318636,16.89081158634476,18.500000000000004
6.5147068053189265,16.79586141935136,18.499999999999996
6.820712656168151,16.898630465905626,18.499999999999993
6.253224319091092,17.598479474336795,18.5
5.3428418969401115,17.215718324063616,18.499999999999996
7.454899993430234,17.49282594937821,18.499999999999996
5.727278251357767,17.319565807846384,18.500000000000007
6.456275824971259,17.087648590118032,18.5
6.034796505815269,17.30279988978953,18.500000000000004
8.518400916811393,17.80611835268966,18.500000000000004
7.3127086374711405,17.639121874291725,18.5
7.090197274914152,17.33641908384497,18.499999999999996
7.697548498652062,18.307326677533545,18.499999999999996
6.685756597601636,17.000900000483494,18.5
7.318433700630401,17.835372288828342,18.500000000000004
7.575468143331015,17.84175560883254,18.500000000000004
8.776311246827577,17.081639877091067,18.499999999999996
7.816168937331959,17.209843142619707,18.499999999999996
8.530143360127704,17.701565451964775,18.500000000000004
7.294562313436141,17.04780575568938,18.499999999999996
6.979338254748764,17.046445712721393,18.5
12.904457880000002,17.932968645580857,18.500000000000004
12.904457879999999,18.32153764848556,18.499999999999993
12.904457879999999,18.861463227444084,18.5
12.904457880000002,18.29574313196165,18.500000000000007
12.617773605298794,19.20231080016988,18.5
12.276959255617239,18.98564110357716,18.5
7.608109089071832,20.642021788784312,18.5
6.662206754180214,18.742667469660603,18.5
6.95464273938196,18.801438225096426,18.499999999999996
7.542492342187988,19.07807505186934,18.499999999999996
7.086436271818039,17.349671398616337,18.499999999999996
6.729456419232024,17.49162571905924,18.500000000000007
7.546606892688937,17.09035100007116,18.5
8.174819275411512,18.334818895722705,18.499999999999996
6.317170433834685,20.130364032587483,18.5
7.00115980817137,19.22619723598732,18.5
7.26150497413779,20.344787210608143,18.5
8.788931625576398,18.326481333455913,18.500000000000004
12.603406186314494,18.87274898813554,18.5
12.90445788,18.388789525071825,18.5
12.904457880000002,18.952846164895284,18.500000000000004
12.904457880000002,18.61430628052765,18.5
12.904457880000002,18.09207707605342,18.499999999999996
11.697390414250437,20.056299012396003,18.499999999999996
7.80327431095034,21.172635211568448,18.499999999999996
7.239618615127777,20.64981286090229,18.5
6.936513450430778,20.167754305367843,18.5
6.931642255818114,20.543673328676313,18.500000000000004
8.679903975383386,21.87321231552469,18.5
9.080946449754556,21.03202720936242,18.500000000000004
7.015473612721212,19.729455319452402,18.500000000000004
8.187812073843666,19.5369323993258,18.499999999999996
9.474167956462981,19.87562355111153,18.500000000000004
8.889001675912557,19.903286555493082,18.5
8.826680586249667,19.902304851680707,18.499999999999996
9.49641117093782,20.0262632474989,18.5
12.013927092300962,19.40218717611369,18.5
12.90445788,19.114804928367676,18.5
12.904457880000002,18.980600762832946,18.5
12.298176860758256,19.618837549483313,18.500000000000004
12.90445788,19.981003519072722,18.500000000000004
12.90445788,18.99311402375042,18.500000000000004
7.984987966622408,22.28537531390113,18.5
8.424755332132237,22.39703080667886,18.499999999999996
9.011425918894826,22.42140654849117,18.5
8.487831205633533,21.919729558369085,18.5
7.943181401635474,22.164805787916556,18.5
8.728661503355253,22.42818927775143,18.5
7.939517290515978,20.536698559433873,18.5
8.220667970457082,20.92229369108604,18.500000000000004
6.668302736184288,20.433317374589446,18.5
9.432015225354757,20.568740359769453,18.5
9.542254575019177,21.565986279330414,18.5
10.397974693565395,20.984280627549342,18.499999999999996
12.904457880000002,19.97622694355583,18.500000000000004
12.90445788,19.63683194482995,18.5
12.904457879999999,20.12745964817005,18.5
12.904457880000004,19.90355279654739,18.500000000000007
12.904457880000002,18.81769242857329,18.5
12.90445788,19.404073411352112,18.499999999999996
7.588720124857272,22.812302403737622,18.500000000000004
8.460323434207266,21.940762219848136,18.500000000000004
7.255580849480703,22.676304972190444,18.5
7.856678512063544,22.27972448757524,18.5
8.170374564727236,21.91702567228221,18.5
8.238261956601733,21.92229047847259,18.499999999999996
10.166847079815314,22.601319651893785,18.5
11.36337853418296,23.48109369346561,18.5
9.838885150463472,22.406443552645197,18.500000000000004
10.758678082704346,22.784329933941386,18.5
10.67567794782506,22.684215854744533,18.5
10.104934415388266,22.063812141113115,18.5
12.904457880000004,20.526141931481863,18.500000000000004
12.904457879999999,21.36112190387995,18.5
12.904457879999997,23.369720372994507,18.5
12.904457879999997,21.157215866228395,18.499999999999993
12.90445788,22.603703408810162,17.506777050368036
12.904457879999999,24.012260677790152,17.453356228842964
6.471927628578079,26.72356629651523,18.5
6.520088651751035,26.382638717255755,18.500000000000007
7.977301079942428,26.016833188627636,18.5
8.746867235406063,24.980640967427792,18.499999999999996
7.086151757574104,26.610549919182198,18.499999999999996
8.336970180554498,25.34031193023106,18.5
8.554371124192578,22.725465473110766,18.5
9.767482596802555,24.61012573915237,18.5
7.581258661085574,24.532501587264445,18.5
6.756651253379088,26.13366210992479,18.499999999999996
9.362108687519527,22.72815195358936,18.5
7.554232658635429,25.020610954578736,18.499999999999996
12.90445788,24.5268219580649,18.500000000000004
12.904457879999999,23.63137111912232,18.5
12.904457880000002,24.352964952905914,18.500000000000004
12.904457879999999,25.861237001016836,18.5
12.904457880000002,23.88020261496488,18.500000000000004
12.904457880000002,24.663386121765157,18.5
6.904116228976467,28.997559377208052,18.5
6.962934041260289,29.030446001815243,18.5
6.2742926360962255,29.116930874547215,18.5
6.590260226208392,28.74883658059034,18.5
6.925692849678242,28.89773332519675,18.5
6.57585958165538,28.992747638873222,18.499999999999996
7.531301920389967,26.64342209283114,18.499999999999996
7.596624111842652,27.111515337905267,18.500000000000004
6.6344034446014675,26.77964217795141,18.5
7.354072551148185,27.052722293684596,18.500000000000004
8.863282741169382,27.422109314506653,18.5
9.233900027655823,27.68424430203379,18.499999999999993
12.622895098001697,28.062610566908855,18.5
12.307328217927479,27.91822517480313,18.500000000000004
12.322851447786073,28.45690177613852,18.5
12.576621203945754,27.31460226536903,18.5
11.682775910907244,27.524434477131553,18.500000000000004
11.017455060989262,27.800760179819967,18.5
6.853496711540424,28.958149575709104,18.499999999999996
6.409883753799273,28.997581114540615,18.499999999999996
6.825053466689033,29.018276160377834,18.500000000000004
6.342994408503312,28.897627196553387,18.499999999999996
6.503441865718252,29.111799089607143,18.5
6.719187062390839,28.97625279969713,18.500000000000004
6.632802302221467,28.69392633180159,18.5
10.077782164830102,27.801543316761677,18.5
7.943309563957228,27.67490191179024,18.499999999999996
8.643856592386086,28.19913379985691,18.5
10.380048578850728,28.732286290171736,18.5
8.577203202618369,28.978263254764645,18.5
8.913918297246743,28.13773560640993,18.500000000000007
12.623637541578876,28.33398507679421,18.5
12.904457880000006,28.246840119399497,18.500000000000004
12.621868777918387,28.203777625419754,18.499999999999996
12.600457990427657,27.91626280726761,17.99028054372984
12.90445788,28.24708299885741,18.499999999999996
8.239305114399214,28.301584246619775,11.1
6.680578895161666,28.303013315335253,11.099999999999998
7.227203938712758,27.92636408829599,11.1
7.614554840633599,27.948721558755356,11.100000000000001
8.79949139449951,28.454290766500836,11.1
8.543151973499468,28.209716393571654,11.100000000000001
5.384848889757489,26.697072926387307,11.1
5.620155869754408,27.64266862356563,11.100000000000001
5.337606439624202,27.316502077684607,11.099999999999998
5.674386413014375,27.673849775578162,11.100000000000001
5.605821924606236,28.270289806069144,11.1
5.602900124975722,27.731061614360478,11.099999999999998
4.416453109647197,26.870165463570622,11.100000000000001
4.700040813224681,26.99505442361132,11.100000000000001
4.698407767042232,26.977299762282243,11.1
5.00643199453402,27.147344898962636,11.100000000000001
4.730498000472904,27.17499513710168,11.100000000000001
4.981080238044694,27.00876685381203,11.100000000000001
11.031765161929755,26.77445400578268,11.099999999999998
6.323169638499044,26.77550981718705,11.099999999999998
6.070205696365157,26.905917541241937,11.100000000000001
5.446338498585218,26.712017799921206,11.100000000000001
6.748269617574303,27.55193499070729,11.1
6.978379092618859,27.772638229913074,11.100000000000003
6.62998037315062,26.161879611408544,11.1
4.987318877347824,27.1091227522698,11.1
5.918332480914796,27.641631929486827,11.1
6.469138658366117,28.373935425111917,11.1
5.653662717141998,27.05553781241011,11.100000000000001
5.970303911362092,27.338976465305613,11.1
4.1253779,26.21212219375746,11.099999999999998
4.1253779,26.334924279580672,11.099999999999998
4.125377900000001,26.814832441952465,11.100000000000001
4.4242025081671565,25.927274405050213,11.099999999999998
4.613805499267086,25.665578491210628,11.100000000000003
4.1253779,26.00345064072626,11.100000000000001
10.92352239122986,26.27992379052757,11.1
7.25644444993096,26.362554404186305,11.100000000000001
8.213693337547957,24.834065807944985,11.1
8.206787201017153,25.44953786941397,11.1
9.06013709607204,25.352793436882443,11.099999999999998
9.045336889074365,25.247632524473154,11.100000000000001
5.384735154590489,27.261911601679227,11.100000000000001
6.1315886214729804,27.33881758608916,11.1
6.292028574578664,27.50832480726656,11.1
6.695749667607339,27.645709436995464,11.100000000000003
6.103273746233921,26.592724370297628,11.100000000000003
6.369608177591413,26.256352442151428,11.100000000000001
4.972524047381402,25.96160310163612,11.1
4.1253779,26.500612211056207,11.1
4.1253779,26.57617134939694,11.1
4.125377899999999,26.471091978839336,11.099999999999996
4.377820093760173,26.195806915117323,11.1
4.391515905968871,26.11785287164787,11.099999999999998
7.810474041042747,24.093446466698186,11.1
6.489642010629344,22.197798143167205,11.1
6.90062201122907,22.46266935757042,11.1
6.552320881900567,21.32891162468855,11.099999999999998
6.628128022934099,23.681895585359438,11.1
6.483151189601968,23.685879014142774,11.1
6.415530501281774,24.114740060127225,11.099999999999998
7.911968651231081,25.44494502465159,11.1
5.12921998924789,25.559159131559362,11.1
6.63233823070844,22.967962247334196,11.100000000000001
6.6447086903075725,25.149102448878608,11.1
7.021586578751791,24.434806292008513,11.099999999999996
4.38476276918262,25.0984540721543,11.099999999999998
4.367361376826407,24.922026199056603,11.1
4.125377900000001,25.02333730804097,11.1
4.3759964414467944,24.852037500863748,11.099999999999998
4.1253779,24.61558852833162,11.099999999999998
4.125377900000002,24.647732696418224,11.100000000000003
7.911835231080219,21.298525275087204,11.1
8.516552509197874,20.504702931999976,11.099999999999998
7.520117284667752,23.307311936119827,11.1
6.632583193832747,22.05434395981515,11.099999999999996
8.177872567654118,24.220673107813028,11.099999999999998
7.956325892857058,24.115217582802128,11.100000000000001
6.737631033742417,21.11702162187065,11.100000000000001
6.05563177292947,23.314168828794575,11.100000000000001
6.342902589565981,23.56237171643656,11.1
6.941096599990582,23.71961411725909,11.100000000000001
6.997882681896894,24.1059655207289,11.1
6.359827685858319,24.86508005866616,11.100000000000001
4.394772023040361,23.597431259955542,11.100000000000001
4.1253779,23.81943478675286,11.099999999999998
4.1253779,24.199442712946396,11.1
4.1253779,23.852820346485164,11.099999999999998
4.392701668928833,24.139381593067213,11.1
4.1253779,22.774417305456147,11.099999999999998
9.658405687233413,18.817868968618594,11.100000000000003
8.776271312860079,19.037415289810806,11.1
8.185617633367833,19.04995930927358,11.099999999999996
9.927690453846294,18.70139207777867,11.1
8.23820939618417,18.958974176816074,11.1
10.586509523063222,18.83974234259238,11.1
7.267408798543948,19.640145094113176,11.099999999999998
7.385267980414609,19.534978504154257,11.099999999999998
7.296174635902216,19.841877528791972,11.100000000000001
6.652028385092368,19.868509601530373,11.100000000000001
7.308366768333176,20.35965975544732,11.1
7.0753029108932814,19.66923561180385,11.099999999999996
4.916554143160389,24.198501772987946,11.1
4.415448779760696,23.083678344735286,11.100000000000003
4.706158678743449,22.949876025428598,11.100000000000001
4.415887156635229,22.582738128037203,11.099999999999998
4.1253779,22.360734272715806,11.100000000000001
4.4245064335948205,23.34445562830265,11.099999999999998
8.791298683124694,18.123673315367792,11.1
8.873724997561839,18.110601989415045,11.100000000000001
9.392874018529906,18.10966057619482,11.1
9.439255084898843,18.4646569650182,11.1
9.726544033340675,18.33778886881574,11.100000000000001
9.159886590706567,18.464617461326537,11.1
6.620094783237787,18.478907377,11.1
8.220429126522706,19.253316352768323,11.099999999999996
7.942420502853769,19.24995699818152,11.100000000000001
8.249689646410527,19.224136311649165,11.099999999999998
8.51491789,18.565134644577164,11.1
8.26807047570508,18.836295430698122,11.100000000000001
4.125377899999999,21.069294162676453,11.099999999999996
4.1253779,21.068121624291923,11.1
4.410308526800939,20.287051882416197,11.1
5.232585355502766,19.194532740747867,11.1
4.70352799535182,20.93946974800935,11.099999999999998
4.1253779,19.268321693962797,11.099999999999998
9.749794505897455,17.302933703610282,11.1
10.395842669583644,16.93993106672212,11.099999999999998
9.802950837075525,16.812495734579077,11.1
10.100395803890176,16.935338012454977,11.1
9.162751716534643,16.808389149246878,11.100000000000001
9.155850913967736,17.04340223641991,11.1
7.912052667530473,17.143785209867016,11.1
8.174899770853616,16.690803270000004,11.100000000000001
7.607679865571039,17.39443113675003,11.099999999999998
8.834915918158801,16.916686406856535,11.100000000000001
7.9051176713409435,16.690803269999996,11.099999999999998
7.662145464052087,17.437508930155975,11.1
5.54240855415398,16.923037449061365,11.1
4.954685872697722,17.212535128409982,11.100000000000001
4.918763190179146,17.175827596096898,11.100000000000001
4.391827132621467,17.71839160162134,11.100000000000001
5.240718726245822,17.298455671480713,11.099999999999998
5.154894169828249,17.37028824729468,11.1
5.975677513209555,16.958877880205048,11.100000000000001
5.649881081352461,16.93279602312904,11.1
5.624851449550089,16.690803270000004,11.100000000000003
7.493189023887746,16.69080327,11.1
5.092542541896203,16.945457032269477,11.099999999999998
5.927100610829392,16.809254264759534,11.100000000000001
9.199025085923223,16.925740265115465,11.099999999999998
9.079336563713463,17.063549377144067,11.1
9.474822495769873,17.195566157978533,11.099999999999996
9.458107265123948,16.932393311326773,11.100000000000001
8.51868501964023,17.060625262278553,11.099999999999996
9.18364371026766,17.06060130857156,11.100000000000001
10.978990862290136,17.231313486164712,11.100000000000001
11.400512167640946,17.550196218154046,11.100000000000001
12.009926499238084,17.32049302560805,11.099999999999998
11.650444273263357,17.580126756822303,11.100000000000001
10.068356425943577,17.476610337417505,11.1
12.010359485127776,17.776598386967674,11.1
5.027796563211932,19.501185148456486,11.099999999999998
5.917525061044202,18.70578594678947,11.1
6.296942541916662,18.57398530573359,11.1
7.54185878396742,18.586503851742826,11.099999999999998
5.987111411308905,18.967617667103607,11.1
4.1253779,18.104179114269417,11.099999999999998
6.974568594155911,18.478907377,11.099999999999998
8.514917889999998,18.809193703520783,11.099999999999998
8.514917889999998,18.153197405860478,11.099999999999998
7.349750562753972,18.830123988895355,11.100000000000005
7.679413200517059,18.36246472399044,11.099999999999998
8.51491789,18.478254595295745,11.099999999999998
11.3025649184179,18.864528931952538,11.1
11.454232763092174,18.04605424434536,11.100000000000001
11.673788446779465,17.915905933810823,11.1
11.433817010331854,18.069729839103132,11.1
11.97713638369076,17.46545814702898,11.100000000000001
11.27840011747925,18.72149658954126,11.1
7.57077029662315,19.61614620132263,11.1
6.303618202015794,19.911928761119473,11.099999999999998
4.1253779,21.311223743979784,11.099999999999998
4.1253779,20.424643467631128,11.1
4.1253779,19.98885668033411,11.1
6.242709992390797,19.690022842497214,11.100000000000001
7.9115135954919324,19.450156461623866,11.1
7.901842525283792,19.359023099894813,11.100000000000001
8.237289404990028,19.121503166035243,11.099999999999998
7.931327241613085,19.593247579200337,11.100000000000001
7.652329850968129,18.97707295242099,11.100000000000001
7.561862637153391,20.270042357940234,11.099999999999998
10.377626530227904,19.627298434494584,11.100000000000001
11.882526844808027,18.878021088832533,11.100000000000001
11.622635355473978,19.23765724041693,11.099999999999998
11.626716503340031,19.27966351898703,11.100000000000001
11.040715172136423,19.66985279087609,11.099999999999998
10.686801396563819,18.099911475030893,11.1
5.328311007166456,23.263785037758836,11.1
4.1253779,21.03903553571234,11.1
4.413633030752413,21.910771930591785,11.1
5.0001910771037,22.71734031500703,11.100000000000001
4.709258865195385,22.535174622162927,11.099999999999998
5.264214481969261,23.12608462363778,11.099999999999998
8.184971575804987,21.944651719003375,11.1
5.987502514274561,20.173650730595266,11.1
7.870395510262179,21.54157520427321,11.099999999999998
7.258028197303717,19.63661995578909,11.1
6.606844826123851,21.806354540592462,11.100000000000001
7.613507398637548,21.025720535305688,11.099999999999998
12.904457879999999,20.607634908873997,11.099999999999998
11.312567828942756,21.569866255613064,11.1
12.00856393695795,22.06594914634721,11.099999999999998
12.287551002227893,21.419582647885107,11.100000000000001
12.615433431900565,21.126915039233726,11.1
12.607730770531424,21.18667592287222,11.1
4.652455916799427,23.65291088199294,11.1
4.1253779,23.468170309214784,11.099999999999998
4.7053474261527635,23.57673814759945,11.1
4.419282896280176,23.611726118990166,11.100000000000001
4.407662244000793,23.572490755043834,11.100000000000001
5.017747843213343,23.585681172329092,11.100000000000001
5.479987144962919,24.200691095226702,11.099999999999998
5.6133652820459545,24.198441492802353,11.1
6.982617072667686,24.194047561461293,11.1
5.704070266388529,23.966888187627575,11.1
5.275013801946986,24.197582214313382,11.099999999999998
5.549648554417829,24.444155479093222,11.099999999999996
12.177495124515517,21.975262203810768,11.1
11.09842891724303,23.7285437749393,11.1
8.542415934475661,23.973373916377916,11.100000000000003
10.398091943532814,23.216883767470083,11.100000000000001
11.93969075236123,23.44776949657572,11.1
8.577879613863898,23.858728643567567,11.100000000000001
4.693934537590726,26.533121340012134,11.1
4.641614754717847,26.20562248453535,11.100000000000001
4.76219499162328,25.872947217499018,11.099999999999998
4.442976625903536,25.94204399237234,11.099999999999996
4.40417928049539,25.288751872604482,11.100000000000001
4.431623287902624,25.829789371607063,11.100000000000001
7.281535532306604,25.31208401847806,11.099999999999998
5.118438409805871,26.93145372920092,11.099999999999998
4.711229773039423,26.162784153155183,11.099999999999998
7.816855954252835,27.11723376687167,11.100000000000001
9.559814138820954,27.779845509184305,11.1
8.498577882551764,27.581887004247594,11.1
10.347295183648889,23.20204542984038,11.1
9.117564503132243,25.10900871936,11.1
8.065638172590996,24.994336548152305,11.100000000000001
7.5494876498011685,23.85451403151991,11.1
9.124269997136283,24.611489912550887,11.099999999999998
10.321190962405874,25.140134377155622,11.099999999999998
4.414315827832076,26.96528183593556,11.1
4.715789499584516,26.86328430659182,11.099999999999996
4.4137964732399695,27.271529765000768,11.100000000000003
4.125377900000001,27.63447004978303,11.100000000000003
4.41899995107182,27.136516134199223,11.1
5.049085989941343,27.71414153748314,11.1
5.409165357050924,28.038441259043147,11.100000000000001
6.213054058090325,27.635255026608412,11.1
6.667592604449074,27.671521822819344,11.1
6.361813574222186,27.49952669911788,11.100000000000003
4.125377900000001,28.061690937796563,11.1
6.346085438045765,27.547687886783972,11.099999999999998
12.568699019527394,26.186611804691037,11.099999999999998
11.048497080419299,27.793859498033612,11.1
9.73038049150518,27.54113060199167,11.100000000000001
11.201216656184698,27.658147385002746,11.1
10.502156741199952,27.651084528874666,11.1
10.608783339227449,27.535608119012508,11.099999999999998
4.1253779,27.725135301430115,11.1
4.1253779,27.89515692601062,11.1
4.659659153985983,28.153003819137844,11.100000000000003
4.394180260912358,28.5736468774196,11.1
5.040188750757632,28.470960282987402,11.100000000000001
4.694516838376563,28.7162808034519,11.100000000000001
6.258634363606229,28.34278270604956,11.1
4.409255300967657,28.139927692977494,11.099999999999998
5.303016583987867,28.162562156523705,11.099999999999998
4.701557828006454,28.24850212740317,11.099999999999998
5.544735783565342,28.371985611270365,11.100000000000001
5.961744004528841,28.47867755290449,11.099999999999998
12.614825324213607,27.872364621587575,11.100000000000001
12.001497979240115,26.430049863719915,12.130619237076445
9.353292960585797,27.006474912594538,11.1
12.58068630243416,27.360726463360635,11.604371426439736
8.803335292078728,27.79250251237438,11.100000000000001
11.030365352761535,27.942301308012187,11.100000000000001
6.1140107429012405,28.73116077501558,18.5
7.697967062515617,28.545636202200125,18.499999999999996
5.4259575776590285,28.075800628644913,18.500000000000004
7.124472578605561,28.725820074606226,18.500000000000004
7.356866951348826,28.337494680835285,18.5
6.925103374175028,27.11185409337623,18.499999999999996
7.426658807352629,28.968967927473717,18.5
7.577714243167337,28.863939815947443,18.5
7.276061182720851,28.789172855319975,18.5
7.525162935633397,28.821116630879146,18.5
7.214187162840762,28.64942037586545,18.499999999999996
7.176167114645917,28.659810151405395,18.5
5.321576123359251,28.082586749155602,18.500000000000004
5.485697426226818,28.01723145543854,18.500000000000004
5.693829272410681,28.07645573500097,18.5
4.680069756015464,28.404230663775177,18.500000000000004
5.765801162641064,28.249155441818385,18.5
5.770728526727125,27.961463815159693,18.5
5.959069178895888,26.856144288861515,18.500000000000004
7.270527784935829,27.41172744797376,18.500000000000007
6.6701879725384785,27.644578871027,18.499999999999996
5.435535677193997,26.805262008254438,18.5
6.4549478264064,26.95811716381631,18.499999999999996
7.266414385778245,27.401366450029723,18.5
7.76424741563071,27.61576315412288,18.5
6.898430110700316,28.948738224090906,18.500000000000004
7.4117082601878135,28.436293489732996,18.5
6.917869336347454,28.981500631116152,18.5
7.42528839265827,28.449490759202604,18.499999999999996
7.4796491611334215,28.745071620676413,18.499999999999996
4.768006368953123,28.346383945471356,18.5
4.838417276191559,28.191205554996195,18.5
4.600107757369604,27.880594855001245,18.5
4.589938032147634,28.262137170190616,18.500000000000004
4.689611364491134,28.023395512010275,18.500000000000004
4.353543029912101,27.98785324736689,18.5
11.110747302825283,23.162596794289453,18.500000000000004
7.602129107334333,25.80241817485976,18.5
8.689593245624286,23.19458132635934,18.499999999999996
7.918242146076119,24.45502071420943,18.500000000000004
8.468801558043397,23.971997053090085,18.5
8.7844434665369,23.91627618403711,18.499999999999996
8.257017309367512,26.474700420363977,18.499999999999996
8.266784942447334,26.517507841267616,18.5
8.514917889999998,25.895872480316783,18.5
7.940913117391909,25.63180925351881,18.5
7.934947043229444,25.620256607294998,18.500000000000004
8.26481673545952,26.16524033004969,18.500000000000004
5.671049094963413,27.3163392117879,18.499999999999996
4.5780201384954236,27.428387025200788,18.5
5.012997281185822,27.597290156381785,18.5
5.825745538474392,26.559314205059977,18.5
4.125377899999998,27.492458034758993,18.499999999999993
5.478165731987289,25.496183724376316,18.499999999999996
12.284178351027425,23.44014485902239,18.499999999999996
8.833362463579654,23.096714428991497,18.5
6.951631578479705,23.42718436311819,18.5
7.804580615977046,22.657828456796935,18.499999999999996
7.829858026122849,22.55748786413802,18.5
7.818323653070234,22.412810037517016,18.5
9.313917636796374,24.16694081961737,18.5
7.917681535580222,24.716074162591752,18.5
8.248405438679312,25.899098531735866,18.5
8.244238109160662,26.506699434236612,18.5
8.228796778774592,25.27527228473083,18.5
7.902485807686656,24.528646564788847,18.5
5.7537466301026114,24.677235203211147,18.499999999999996
7.019650255058291,24.41658733574399,18.500000000000004
9.634147188984787,23.154868623531524,18.500000000000004
4.986777758540632,26.488436180082058,18.499999999999996
5.6712374251564155,24.57493320149063,18.5
7.391317369681872,23.53358813330401,18.5
8.853179012928125,22.833069976651363,18.5
9.426460719028388,22.392503578419205,18.5
10.526995228521995,22.654494423098697,18.499999999999996
10.492547128346668,22.445723500837065,18.500000000000004
10.157977345962774,22.06155950827489,18.5
9.052302706697056,21.911809301600663,18.500000000000004
7.368021938619169,22.36918706752905,18.5
7.764687734728398,22.458576673137337,18.5
7.683582909505484,22.26733894185965,18.5
7.397690457126483,22.584220749355648,18.499999999999996
8.484747077190011,22.178300779602658,18.5
8.259326962627739,23.3417729656489,18.5
7.852196194586709,22.667655685068638,18.5
5.3069600755017445,23.427910310696678,18.5
5.354748842064606,23.467813573233947,18.500000000000004
7.025522654012903,22.316737475694364,18.5
6.0612820472081,23.07340337658065,18.5
4.585041713954454,23.95144977179821,18.5
7.873863496184128,19.893133202752832,18.499999999999993
8.814825799361609,20.146866281388824,18.5
9.427788522254549,19.66512915341654,18.500000000000004
8.823084468000836,18.050676123859265,18.5
10.324823950659068,18.217251766117453,18.5
8.799807500326624,18.196156886818336,18.500000000000004
7.6618629933879205,21.79051535455316,18.500000000000004
7.9720952177095565,22.463589307310738,18.5
8.263235653681761,22.36795273061115,18.500000000000004
8.239978217644364,21.907928569202554,18.499999999999996
8.263069430533955,22.361079818168747,18.5
8.247042974176782,22.525107592402456,18.499999999999996
7.516517785122437,21.25947434046294,18.499999999999996
6.854205697883797,22.138545397948867,18.5
7.323344210761638,21.703368965932828,18.499999999999993
7.289913843043293,21.79237796121753,18.5
7.275009267755658,21.331747455977354,18.499999999999996
7.474204027784923,21.78035130813209,18.500000000000004
6.745151901539545,19.282071477248664,18.500000000000007
9.045035561686554,18.87307434017788,18.499999999999996
8.317534015947773,18.413637866323036,18.499999999999996
8.788550055519059,18.74629458283729,18.500000000000004
8.742447090732496,18.75261016863161,18.5
8.673493943569829,18.89184968324089,18.5
8.51491789,19.685123354524624,18.5
8.517619254855443,20.370196367500444,18.5
8.48036226032972,20.304310199000426,18.5
8.795488765938362,21.4284656422085,18.500000000000004
8.51491789,21.06857383736921,18.500000000000004
8.228027370566924,20.894462643887504,18.499999999999996
6.911334965505373,17.970102623711675,18.500000000000007
5.51655213589696,17.402236963721986,18.499999999999996
5.744360484220429,19.362838176533177,18.5
5.568185664657321,17.414795377508312,18.500000000000004
5.861928999784548,17.074209693086086,18.5
6.048883491657232,17.706874713508483,18.5
6.302076451929868,18.23187890925874,18.500000000000004
6.1082804263299,17.56374652629666,18.499999999999996
6.610758766611571,18.609798453640607,18.5
6.950479173673818,17.59691394535422,18.499999999999996
6.861564519337971,18.010855907271875,18.5
8.534030875009028,18.94330052787695,18.499999999999996
6.956828349872293,16.810306972448195,18.5
7.648397894769411,17.719264403734304,18.5
7.174259248734494,17.084869827646134,18.499999999999996
6.318573528414312,16.690803269999996,18.5
7.079533763838241,17.3306978997225,18.500000000000004
6.84221923556204,16.889074961971502,18.5
6.270239194679888,17.18170105721867,18.5
5.282655222934651,17.46067386103821,18.5
5.852223503848819,17.3498055610235,18.5
6.175153606328754,17.24180046159899,18.5
6.223504683100193,17.458663424668348,18.500000000000004
5.640710791064037,16.969618674780886,18.499999999999996
5.091909970867232,17.442539307917354,18.499999999999996
5.614615735753533,16.966031916133307,18.499999999999996
5.344192211550004,16.95887394474066,18.499999999999996
5.638842654807385,16.956936957637666,18.499999999999996
6.783934197652106,17.099641848727018,18.5
5.602762720621261,16.961702019298635,18.499999999999996
6.358564697592203,16.918341251409863,18.5
6.604916046985914,16.96164840110097,18.5
6.896292804279114,16.81076218605412,18.500000000000004
7.604549133527888,16.91290610305184,18.5
6.6448498203068596,16.924478591510407,18.5
6.333036834200192,16.936584851412068,18.5
8.473731121393293,18.240890321625233,18.5
10.408194944823755,18.197044521606998,18.5
7.85618811607886,17.860145022206854,18.5
8.837382125821915,18.216215190975863,18.500000000000004
9.158902957708762,18.726533702207753,18.5
8.44822457464633,18.371960195820293,18.500000000000004
5.981862110128962,17.984807831329817,18.500000000000004
6.555467963952553,17.331768787903556,18.5
7.302821307104088,17.713677272093136,18.5
7.495170322470944,18.708803095475886,18.499999999999996
7.1171160875447645,18.762199526647017,18.500000000000007
6.387653230503555,18.33307333815995,18.5
6.2696560059862545,19.38660302812075,18.5
6.289449080076564,20.451644896227357,18.5
8.404581967095412,20.78293212456368,18.5
6.852103452264615,20.76787227634537,18.499999999999996
6.576320387675759,18.50695951294595,18.5
7.5478461816908675,19.838578103610853,18.499999999999996
11.985484268701358,18.570640187104583,18.5
7.940746242017343,19.743634350453096,18.500000000000004
10.348724251206235,19.210426913821617,18.5
9.397986527640677,19.384047182504844,18.500000000000004
7.6246079955028785,19.624892317336705,18.5
11.356035559177485,17.93910172775105,18.499999999999996
7.419300421284055,20.545042146916703,18.499999999999996
7.304382500215373,20.340403847916694,18.499999999999996
6.69361936799009,20.2193763483944,18.5
8.19908144079059,20.712453599442167,18.500000000000004
5.003672321138822,20.775061394786718,18.5
7.29630480021967,20.47222254210643,18.5
9.367800083529271,21.42988827687284,18.499999999999996
8.475748499221961,18.962471493094178,18.499999999999996
8.711025316246142,21.41672736059898,18.5
9.207366448231538,21.442061588683593,18.500000000000007
7.650074745919714,21.56426236935188,18.5
9.443520210324944,21.175060964210186,18.500000000000004
9.13575025856045,18.337559430751618,18.5
10.396195389602102,18.867418766643667,18.5
8.749702430367217,19.76277480511801,18.5
9.727936727291539,19.257593474883087,18.5
11.025131013846837,19.360600741241132,18.499999999999996
10.710295037507647,18.349955560070413,18.500000000000004
7.554945957330501,20.66437945834898,18.5
8.54069776748967,21.55647258617597,18.500000000000004
7.438842608646861,21.45030265821465,18.5
7.77193047177097,21.43689786107179,18.5
7.004689706655095,20.197457086290477,18.5
8.816305005927083,21.688052301453993,18.5
8.928345086325898,22.01233430421251,18.500000000000004
8.746172721031805,22.17841464620936,18.500000000000004
9.805142485959813,22.172483615132368,18.499999999999996
9.414694220781778,22.037771221891525,18.500000000000004
9.357591500924887,22.163281813869936,18.5
9.412577220434379,22.173076907558638,18.499999999999993
9.404233328177138,20.803363852428433,18.5
10.664460293917706,20.50829200246803,18.5
10.939726127322755,21.78905676508613,18.5
9.994402862144348,21.71410885883281,18.5
10.054729105913188,21.026595411741724,18.5
9.7797210870879,20.04259095019499,18.499999999999996
9.384590218981712,23.177695885958336,18.499999999999996
9.240002167052651,22.909152088562834,18.499999999999996
9.108445375148577,22.273738460483678,18.5
8.500670088728556,22.962394526205554,18.5
9.228506574582301,22.820113687504175,18.5
8.24058990363968,22.984215138756248,18.5
9.78164788982447,23.056417545890433,18.5
9.731216070684187,22.272131843800732,18.499999999999996
9.46544985270396,22.538689988209228,18.500000000000004
9.742776895775545,22.69459244653288,18.500000000000004
9.40684882699769,22.438884811481124,18.499999999999996
9.714770544087258,22.28372684433941,18.5
11.455928352544401,22.75687087694733,18.499999999999993
10.926140093672048,22.627044353065124,18.499999999999993
10.796314230350664,22.697677137465615,18.500000000000004
10.42560685025262,22.41771606261359,18.499999999999996
11.577506879104696,23.03200211575208,18.499999999999996
11.054931514464755,22.846674708282524,18.500000000000004
7.418963709451457,25.036807022313077,18.5
5.561083440602722,26.59820794697038,18.5
8.751772887088816,23.825188095739225,18.500000000000004
7.448541213942894,24.435595620834125,18.500000000000004
7.945524137424682,24.268408442405228,18.5
5.803200031600988,26.286197760551,18.500000000000007
9.06557226762783,23.51765205925574,18.5
9.198978386260181,23.693128242189868,18.5
9.35201654924931,23.50428587489451,18.500000000000004
8.449994973052615,23.01062412799346,18.5
8.200179475284008,23.64041406594425,18.499999999999996
8.178614551968055,23.736026989189583,18.5
11.213948361668866,23.007965777725264,18.5
11.099800020195886,23.323801730249194,18.5
11.151827524185743,22.888105882100778,18.500000000000004
12.598287874715101,23.860259332078577,18.5
9.99528554133064,26.725802459505264,18.5
11.08943389777296,23.314483276620567,17.95688455848275
6.6228306196680595,27.827066528109984,18.500000000000004
8.256016335315387,26.60650550456043,18.500000000000004
7.943866784227165,27.17873468336011,18.5
7.077920665828904,26.952324134844837,18.499999999999996
6.09215597908578,27.114065805435462,18.499999999999996
5.945078794951856,27.70721429464155,18.500000000000004
7.590924674347631,26.931486701065825,18.5
8.187816285609106,27.287213785971254,18.5
7.305296543623527,28.61998380913357,18.499999999999996
8.762566897782959,25.793650566530196,18.5
8.961228718355473,25.84345950718179,18.5
8.485423964122477,25.958014108770318,18.5
8.682747825608214,23.85244630738564,18.5
11.066815402444565,27.31144896530662,18.499999999999996
10.867971379631115,27.19618368906706,18.5
10.583889294861356,27.963111839900353,18.5
9.985227574582556,27.335404330723975,18.5
10.689513163831606,27.90844275707507,18.5
6.723140825547842,28.692678524498323,18.499999999999996
6.978207351452483,28.64748253405826,18.499999999999996
7.094726204532398,28.481621035506365,18.5
7.051301197833982,28.962531986698853,18.500000000000004
6.688448112882285,29.045167179537,18.5
6.996865997399702,29.041353209255867,18.499999999999996
7.2283216345180135,28.546356298853098,18.499999999999996
7.5860185258533965,28.304140309153635,18.500000000000004
6.91344414130455,28.330144747670573,18.5
7.294623310133644,28.57515870295195,18.5
7.007946744695746,27.789661290706782,18.499999999999996
7.597579964555786,27.955532905015918,18.499999999999996
9.870476632572881,28.30869977474648,18.499999999999996
9.970983557220052,28.15747254397159,18.500000000000004
10.503317619012936,28.364669081774853,18.499999999999996
11.446167440339678,28.239658447214794,18.5
10.339869301578425,28.099703569325136,18.500000000000004
10.060145897648294,27.690993175879512,18.499999999999996
6.896644181562234,27.850057775367702,11.100000000000001
8.495638211648716,27.036373704011254,11.1
8.479627659405054,27.452675188846285,11.1
8.492817415975486,27.71011879507693,11.1
8.771782575835827,27.321887823348003,11.1
8.097530291091953,27.469238096410855,11.099999999999998
7.866203751910925,28.214924742478274,11.100000000000001
6.01605068284957,27.517095649308747,11.099999999999998
5.754605816014729,27.965156641759364,11.1
8.044120912309994,28.484225003651073,11.100000000000001
7.438615974230829,28.197105976083815,11.100000000000001
8.177094460179612,27.82706063454801,11.099999999999996
8.234250132255113,28.427062928400737,11.100000000000001
10.2049719187355,26.90198434749019,11.099999999999996
9.454301607069732,25.38340887541902,11.100000000000001
9.088575886410995,25.50450026729906,11.100000000000001
10.740995280328894,26.08065893148647,11.1
9.073905331775496,25.587397130261408,11.1
7.045541974513285,26.634924132659435,11.099999999999996
5.604524067465452,26.632211341871304,11.100000000000001
6.065490442114532,27.55799765012945,11.099999999999998
8.377619624532224,27.29590286226428,11.1
6.496471954201294,27.17927902476001,11.1
7.904061132796976,25.12604360995389,11.1
7.296503995498711,25.8304776295657,11.099999999999998
6.830041498294988,24.822885797493836,11.099999999999996
9.489546760967357,25.673493425743942,11.100000000000001
9.087190268114703,25.02411190815093,11.099999999999998
8.166457061571311,25.23896576713508,11.099999999999998
8.84255112181325,22.983484110706627,11.1
5.912341077511942,23.187863391600906,11.100000000000001
9.232023957603085,25.68012032145047,11.1
5.965087430361387,22.07434796107907,11.100000000000001
6.573389868758485,24.08538329580836,11.100000000000001
7.905578903978889,24.120091629455704,11.099999999999996
5.624950697817493,23.28905218930277,11.100000000000001
5.904137304284997,23.617795834886937,11.1
7.888002701264364,19.76745126656063,11.1
8.545102317875493,19.767152582710555,11.1
8.491739223904547,21.016846492586282,11.1
8.51491789,19.347283570148086,11.100000000000001
8.90951523560747,20.372103281722055,11.100000000000001
8.812997093512688,19.89868286973962,11.1
6.968378638918249,22.537309202586243,11.1
6.003247682614833,22.814796030793616,11.1
5.679785417716941,22.5732099971608,11.1
6.6275078306511634,23.056487718643968,11.1
7.437378563225478,23.833377835048044,11.099999999999998
7.909118518740663,21.014981865398273,11.1
7.667173891737661,21.688680969643077,11.1
9.112213646780194,23.548632000861435,11.099999999999998
9.161050297576658,22.15210539109984,11.100000000000001
10.752257700943156,21.12291959040667,11.100000000000001
7.89225977954518,24.118838603742258,11.099999999999998
7.9181729827505345,21.86033263946852,11.099999999999998
9.134721838612933,24.643321970556666,11.099999999999998
8.677818377403861,24.742987531213487,11.1
7.57241641463788,22.457356548798753,11.099999999999998
9.116158384891191,19.63190988862726,11.099999999999996
7.797245339213402,23.09349587826006,11.1
8.230610327243237,18.93500343144304,11.1
8.817257967278643,18.10891564916421,11.099999999999998
7.9299445565485955,18.88652390612572,11.099999999999998
9.07307594472634,18.70690707564222,11.100000000000001
8.791519444446385,18.710106798064793,11.1
8.791319282267414,18.94290292854393,11.100000000000001
8.514917889999998,18.226751628032243,11.099999999999998
9.126318839814148,18.47343422741585,11.100000000000001
9.727631272967402,19.097527359540614,11.100000000000001
11.36982828199614,19.134901254303088,11.099999999999998
9.411357556611742,18.98750660708718,11.1
9.097259642924001,19.112403159416665,11.100000000000001
11.193502897921285,18.212849193051873,11.1
8.802505948527976,19.469386207165588,11.100000000000001
10.983695685677832,18.840908347395718,11.1
9.411436518966152,18.595620178879095,11.100000000000001
10.978346128555721,18.97713983711625,11.1
10.62263112812359,18.613325244858103,11.1
9.109723620485115,18.73048282378843,11.100000000000001
9.708690074625471,18.342890796802475,11.100000000000003
10.330455161539236,17.41146470782918,11.100000000000001
9.689504491674752,18.715391115164664,11.1
9.693468646920147,18.109713742705754,11.100000000000001
10.967847657963034,17.82705362426875,11.100000000000001
10.12812673912975,16.938367863983572,11.100000000000001
10.72763886627807,17.126797211223302,11.099999999999998
8.834127945884687,17.545248429328723,11.100000000000005
10.599844616951103,17.17358066865394,11.099999999999998
10.286417514174884,16.927994311099702,11.099999999999996
10.523149079174434,16.927461471631567,11.1
8.859014607213483,17.34471608530648,11.099999999999998
9.181795409087247,17.334993202736147,11.099999999999998
9.852168121360801,17.3269968220443,11.100000000000001
9.727744253022163,17.229359655348592,11.100000000000001
10.13150389678051,17.077415322945996,11.100000000000001
10.05081568331922,16.961812990807182,11.100000000000003
10.171728471924947,17.064856297302306,11.100000000000003
10.251225342017966,16.69080327,11.100000000000001
8.587512441220618,16.69080327,11.099999999999998
9.173321537439158,16.69080327,11.1
9.81508040621259,16.94450069822752,11.099999999999998
9.261097384415574,16.690803269999996,11.1
6.477397538379094,28.37592138539181,11.099999999999996
5.951987429722315,28.108069511862208,11.1
5.947707127412626,28.363500570342335,11.1
5.9690298434404765,28.328300504812773,11.1
6.2878036851970815,28.33545684332538,11.099999999999998
6.853944166833365,28.08554405476093,11.100000000000001
6.437430154397171,28.151763139971287,11.099999999999998
6.249489092846482,28.349596369610396,11.1
5.418002269184981,27.74089719784355,11.1
6.693293013143986,27.788691861097828,11.099999999999996
6.599276399364793,28.213843827912537,11.099999999999998
7.917957887746424,27.271926288992475,11.100000000000001
7.645578586648596,27.658156319758383,11.099999999999998
7.632536611154624,27.293661943806462,11.099999999999998
6.410971093652295,27.218823643623246,11.1
6.008948196087209,26.063906881114615,11.100000000000001
6.014835363100501,26.942822345532175,11.099999999999998
6.68170973818185,27.2836249233262,11.100000000000003
7.546615538311306,26.78963382180731,11.100000000000001
6.641509267130322,27.01509665200785,11.099999999999998
6.840820331306269,26.197466128347163,11.1
6.941792340145066,26.21400727128855,11.100000000000001
7.566800562760544,26.239482089960628,11.1
6.305266720338707,26.911273625598525,11.099999999999998
6.329213263354858,25.66569608869101,11.1
6.961189176564214,26.52841699149276,11.1
6.603791706849417,26.939035937979387,11.1
6.34348514092904,25.893165478554277,11.099999999999998
6.71012831972957,24.40877107058255,11.100000000000001
6.659352417023398,26.000376381450536,11.1
6.986513132853515,24.09013437196298,11.100000000000001
6.605395101865805,23.63021012223227,11.099999999999998
5.6970978415539,23.292518776544213,11.099999999999998
7.92575368074567,26.344547521316215,11.100000000000001
7.88577959174504,22.80504183146656,11.099999999999998
6.684699268072985,24.252048656466307,11.099999999999998
8.21686469895227,21.68049423586366,11.1
6.3517739033340535,22.08612932523986,11.099999999999998
6.938901949181841,23.691859942736627,11.099999999999998
7.273055976187477,25.373071366174322,11.1
7.544166400675663,21.385281661574002,11.099999999999996
6.979130000683241,25.802874787773185,11.099999999999998
6.960113655509089,23.599885461875733,11.100000000000001
7.313982494184079,23.992944072806196,11.100000000000001
6.596950030546901,20.15224151078069,11.1
7.5703444644503195,19.903069485969688,11.1
5.068707834324067,20.915539945473068,11.1
6.634159216242466,20.938624875009335,11.099999999999998
6.598903243573015,19.475099309209412,11.100000000000001
6.148125256924512,22.521945270898087,11.100000000000001
7.0671724030947285,19.291411236858387,11.1
7.2621051973260995,19.519928092139192,11.1
6.946946279612831,22.39194067779721,11.100000000000001
6.615428419958218,20.269878000100473,11.100000000000001
7.566813505920567,20.180001707043857,11.1
6.377654914300465,18.083361480407262,11.1
6.929578508574733,17.716190026357648,11.1
7.575010738535865,22.14533791996879,11.100000000000001
5.593682402709263,18.50765960712333,11.100000000000001
7.561830294959853,17.961144978768697,11.1
8.20068177049217,18.330880879343773,11.099999999999998
6.351167917980644,18.718943416178234,11.100000000000001
7.227419845634099,18.126548472695575,11.099999999999996
7.266222310536459,19.224191876349256,11.1
6.2859145233278975,18.459690472264448,11.099999999999998
7.249989039486288,18.11187371987596,11.099999999999998
7.279192427230537,18.126723148107782,11.100000000000001
7.564673251829711,18.226745979798576,11.100000000000001
8.236117232464208,18.46395666536628,11.1
8.235658108157713,17.822404070611977,11.1
7.610164891100227,18.45843644276004,11.1
7.631748769397442,18.60220928636978,11.100000000000001
6.676706540592099,19.07749816988658,11.100000000000001
7.388685978600164,18.14901306606537,11.1
6.943988053590814,18.23570250692381,11.099999999999998
7.8686030324530325,17.559763480105552,11.1
7.9253184514041175,17.615822926051333,11.1
7.26763277818972,17.70575404461068,11.100000000000001
8.478877528227425,17.570472308459316,11.1
7.665505504122297,17.462085500670028,11.100000000000003
7.914356688037206,17.42279771810547,11.099999999999998
7.277216777741638,17.57376623612177,11.1
7.62167908444005,17.557520942072287,11.1
7.536759984786248,17.272255505944425,11.099999999999996
7.908038006381833,17.56506956448089,11.1
7.274109933766048,17.312973946460207,11.099999999999998
7.88133650652979,17.18148718279562,11.100000000000001
7.578118336285207,18.21362687300171,11.100000000000003
8.23944573798266,17.525474346066012,11.1
8.805109313063872,17.454377097541297,11.100000000000001
7.902562081142956,17.588113982272237,11.1
7.352346554781792,16.918169182954745,11.100000000000001
8.189756724033037,17.279762066550017,11.099999999999996
7.323227745679056,17.320567395129324,11.100000000000001
8.209774568324542,16.801217840019582,11.099999999999996
7.2849540546074785,17.15343741466637,11.1
8.781660701963903,17.043225376719008,11.099999999999996
6.9478693319469835,16.69080327,11.099999999999998
7.208770060224693,16.690803269999996,11.1
7.834490638140318,16.690803270000004,11.100000000000003
7.550073084306019,16.690803270000004,11.100000000000001
7.240011138461212,16.690803270000004,11.100000000000001
7.917987439001518,17.849286574434732,11.099999999999998
6.007854143130181,17.84972470598016,11.100000000000001
7.918559318904274,17.616354004278328,11.1
7.601915753547725,17.431366612948967,11.100000000000001
6.6316293027483795,17.706484110282716,11.1
7.623393986300053,17.632878101693567,11.099999999999998
7.420483903924003,16.8018879891923,11.100000000000001
8.788981068845542,17.678743512365347,11.1
8.219160390257652,17.576026262250238,11.099999999999998
8.244369352646238,18.135304428286414,11.1
8.231899411351138,17.74411917856535,11.099999999999998
8.23060528416227,17.679165256083408,11.1
7.907720949525308,17.971016184561876,11.099999999999998
7.930843976661325,17.860899480487593,11.1
8.262899169829954,18.08979445900838,11.099999999999998
7.664799295446642,18.629470232929094,11.099999999999998
6.99304576976329,19.216283661294927,11.1
6.001813720496845,20.61971015369575,11.099999999999998
7.642661949623314,18.63214751845829,11.099999999999998
7.947293295862728,18.505290479627284,11.1
8.52313165856419,18.512973325535413,11.100000000000001
7.93483860224246,18.956025882978228,11.099999999999998
8.510561684133021,18.930573929111503,11.100000000000003
8.51491789,18.834645363768615,11.1
8.228404661561957,18.14423296245841,11.099999999999998
6.303824616958377,20.095287486042483,11.100000000000001
5.96647653466309,18.330894517694272,11.100000000000001
5.70713507760381,24.159756118071943,11.1
6.357929058586892,18.843542142644175,11.100000000000001
7.640799961453481,20.164969394884242,11.100000000000001
6.64099939061238,19.077135118619026,11.100000000000001
8.16283458748687,24.350926923143042,11.100000000000001
8.521154376680075,19.239412256800822,11.100000000000001
8.227792005846096,19.230854696547908,11.100000000000001
8.223541070125227,19.70176124294284,11.099999999999996
8.514917890000001,19.422087820765654,11.100000000000001
6.552428139278635,21.85069817067882,11.100000000000001
6.348257345009348,24.45457806205641,11.100000000000001
7.295739254299831,26.02446329384023,11.099999999999998
7.2744145802590685,25.896028111361897,11.100000000000001
6.887090435568883,25.209431423151273,11.100000000000001
7.572482323980961,25.750708694708592,11.1
7.586058744979381,26.281590141910723,11.099999999999998
6.988477643918508,25.7162264185291,11.100000000000001
8.217932111985595,25.561299801841333,11.099999999999998
5.696618165713558,25.593717141020814,11.099999999999998
6.244223588834825,27.051304454920377,11.099999999999998
5.977761030204074,25.382621881080155,11.100000000000001
7.293455324391796,23.873629811176897,11.1
6.576199009641517,26.699631439434146,11.099999999999998
5.087014115232039,26.68018513615957,11.100000000000001
5.679961886920035,27.065539402505987,11.100000000000001
5.388614923770395,27.635671300865823,11.1
5.692019477626943,27.41918639604094,11.1
6.918962622830638,27.041809710106083,11.1
8.856323867647898,27.035900503801685,11.099999999999998
8.150895009491428,28.345906960240526,11.1
8.607036815714531,28.45431057607566,11.1
7.531512893075091,28.22569098953505,11.1
6.944666041069278,27.767849674705744,11.1
6.691323132091105,27.319551450346275,11.100000000000001
6.057065710758414,28.018464253938077,11.099999999999998
5.343397558324471,27.432990952646584,11.1
6.545815661128064,27.925924145570306,11.1
5.680790671285566,27.183580795710192,11.100000000000001
6.891117268190338,27.930735110300226,11.099999999999998
5.653292380064938,27.936670324928517,11.099999999999996
6.831117084383744,28.461727721992304,11.100000000000001
6.155017073677911,28.214011583036132,11.100000000000001
6.948619533639477,28.141652388154096,11.099999999999998
6.243503066284431,28.20996490395476,11.1
6.227568652008682,28.329833534202095,11.099999999999998
6.856367835380876,28.379958541146703,11.099999999999996
6.562935787378359,27.563322979274705,11.100000000000001
5.903969155537288,27.879514391331714,11.099999999999998
5.703279060967143,28.093369268148038,11.099999999999998
6.139636084194056,27.994900068804665,11.1
6.922750856694214,28.420130650068263,11.1
7.212899573549057,28.204098591004087,11.099999999999998
5.626331034875526,28.160091323729148,11.099999999999998
5.285386151542945,28.282264423233332,11.1
6.169241448409093,28.47228710790267,11.1
5.240705885856073,28.341652651466017,11.1
6.375714692702968,28.744448859868587,11.1
5.284278656391712,28.549948388171206,11.099999999999998
6.170612170543075,28.48223360763711,11.099999999999998
5.851023344601655,27.849416656838574,11.1
5.278685894190367,27.75413928666136,11.100000000000003
5.385571018123758,27.83051572997527,11.100000000000001
5.357575516266181,27.26332394296747,11.099999999999998
5.8527033819354415,28.274696953860364,11.099999999999998
6.160404384435018,28.48082140871958,11.099999999999998
5.015588693414841,27.984656791459848,11.1
6.416377081931437,29.081598357555947,11.1
5.656345953827329,28.2775052004353,11.099999999999998
6.689926116102454,28.62629364736682,11.1
4.6696931704688165,27.947115983206793,11.1
5.285253132911642,28.29597586689149,11.100000000000001
5.725603134867867,28.758048355550237,11.1
4.9976107060485955,27.480861715368686,11.100000000000005
5.235455004387459,28.750756298523868,11.1
5.762382452529783,28.63644146609463,11.100000000000001
9.81999596769149,16.96640932238232,11.099999999999998
8.877758215831225,17.18164373756105,11.1
9.525889104274924,17.472600003018226,11.099999999999998
9.46849635741306,17.576949439827313,11.099999999999998
9.540141970162988,16.936820114805098,11.1
8.974335881062347,17.053231626842415,11.099999999999998
10.991899259370589,17.78370624726814,11.100000000000001
8.171954959945829,18.000613392691186,11.1
8.255582428312602,18.259076022915867,11.1
8.514917890000001,17.73207284202882,11.100000000000001
8.226541878428241,17.725575588868562,11.1
8.239770636390997,18.257687263368236,11.099999999999998
9.78575029101976,17.34391978315067,11.100000000000001
10.691660881821043,18.336328126148054,11.1
9.090773258352403,18.472757864804716,11.099999999999998
11.241408920231889,17.988579270251435,11.1
10.3220825685127,18.742418073415774,11.099999999999998
10.033957145887799,19.10569860196534,11.099999999999998
10.272005927032644,19.009943199700995,11.099999999999996
10.100885607164784,19.03970969331832,11.100000000000003
9.705269179497424,19.09985656616302,11.100000000000003
9.133666048483123,18.99980467231838,11.100000000000001
9.433736973386965,18.587529895904257,11.1
9.417532877914178,18.609333751471222,11.1
10.34283437226811,18.580459084826472,11.100000000000001
8.52478952619697,22.74328437726556,11.100000000000001
9.19290273782995,20.89642315929678,11.099999999999998
9.441448034043013,20.75880301565738,11.100000000000001
10.682801598046012,19.51538969619397,11.1
10.056490317507368,20.588870227137246,11.099999999999998
10.339596268862312,19.122427639100987,11.099999999999998
7.932194020451806,20.52693126919376,11.100000000000001
8.229268667446151,19.513389167921208,11.099999999999998
9.15835369994342,20.267565291288353,11.100000000000001
10.37827132518328,20.753693232586823,11.100000000000001
10.98609887645626,20.997499238262893,11.099999999999998
9.129262883644726,19.526112977213895,11.100000000000001
9.095949507334998,19.486820975807483,11.100000000000001
8.223434155782464,19.633389935673875,11.1
9.128640725692016,22.719609307318322,11.100000000000001
8.599505506221533,21.62583498679996,11.1
9.432733701658158,21.945681589728817,11.1
8.810335919225409,23.9902121792195,11.099999999999998
10.607067704738213,24.649236561759906,11.100000000000001
9.303842420414794,25.382004337617282,11.1
9.413879135473032,24.89815914699377,11.100000000000001
9.128257787668524,23.969490187949642,11.099999999999998
9.129622475570732,23.69246856418461,11.1
11.371845791544972,23.485011947406484,11.100000000000001
9.76336445769578,23.72817231198135,11.1
9.76601074695968,25.4003348413867,11.099999999999998
8.196300534602603,24.89494678679836,11.1
10.306212389318132,25.60871079577225,11.1
8.534062322386609,25.038343920473135,11.099999999999998
8.491778845519088,23.747971706147023,11.1
7.497546372643791,24.21486336764083,11.099999999999996
9.40206159772068,23.72863000371964,11.1
9.396887417884779,22.00827185634251,11.1
9.8075651641294,24.04013424627656,11.1
9.472269811509625,23.74838811047678,11.1
6.7970527406020524,23.95301291717775,11.100000000000001
9.620152450785248,25.729808819908534,11.099999999999998
8.387447128359245,25.34143018903351,11.1
9.510227939701398,25.565018277949594,11.099999999999998
9.000761525035305,25.339553757997233,11.100000000000001
9.47239552895325,25.74761085101635,11.100000000000001
9.401860803861759,25.129753832249833,11.100000000000001
8.975839946544392,25.342807770371394,11.100000000000001
8.199510651168262,24.758236388721883,11.100000000000001
8.441440518245678,24.62414074826535,11.1
9.076250270115638,23.845592541451538,11.100000000000001
9.70904704506077,25.759499215562688,11.1
9.784782471278117,26.16795247379705,11.100000000000001
9.562008146826999,26.81338535759311,11.100000000000001
8.19584554380089,26.528916518129755,11.099999999999998
8.831500162094509,26.892587830472785,11.100000000000003
9.167223126995923,26.91201477437069,11.099999999999998
9.167223126995923,26.91201477437069,11.099999999999998
8.232940946262005,26.897222843240154,11.1
10.067967275907229,26.966447166788466,11.1
9.442987779253482,27.644495517801296,11.099999999999998
8.02029576489124,27.53551954592001,11.099999999999998
7.4730133635544576,27.536496952695433,11.1
10.753700254805189,27.41318580408831,11.1
9.616786115418218,27.80385782472672,11.099999999999998
10.761879520960019,26.773951631176725,11.1
11.376546288216382,27.0237367230904,11.099999999999996
10.197203205925236,27.427916561659348,11.1
10.233471511811347,26.48154948160017,11.1
10.524260528302248,26.804396008617083,11.100000000000001
10.452660404581696,27.303422733314775,11.1
12.014407687479745,28.16713092989762,11.1
9.154495934698316,28.589144900211714,11.1
11.32382242137458,28.43622422022878,11.100000000000001
10.94414824233645,28.96299379391068,11.100000000000001
11.288840261196484,28.590574230542405,11.1
10.731634971702787,28.7266123784923,11.58191998981447
10.290803348814375,27.462171980330726,11.1
9.489635024873627,27.680237440013737,11.1
9.167843048235401,27.534135199772994,11.1
10.422785781777572,26.918787733924518,11.099999999999998
10.032559383475617,27.63312266292676,11.1
6.6521863729477,27.412577585132144,18.5
6.084558506296414,27.39833268196369,18.5
6.765551701707389,28.0327077303589,18.499999999999993
8.288772103557994,27.672299719862124,18.5
7.924922844513103,27.675209068674427,18.5
9.096962294878264,28.196163711595283,18.500000000000004
6.8236970894363695,28.997335164160003,18.5
6.648775928501244,29.0922349577481,18.500000000000004
6.683414019530899,28.983046685343016,18.500000000000004
6.652210090683377,28.773700433478474,18.5
7.601802999101325,28.855182357522207,18.500000000000004
7.239971095139035,28.101102124452797,18.5
6.907505079512345,28.455499439665562,18.5
10.221341838327929,23.794070575792126,18.500000000000004
8.027406482149203,27.10360208338333,18.5
9.055788599829297,26.131744305450837,18.5
8.206658878586271,27.035017504309355,18.5
10.462228329072362,23.783820012151793,18.499999999999996
9.744897280907198,25.177031758296774,18.5
9.03073538982394,27.151207309186496,18.5
10.355798585519862,27.670995582411525,18.5
8.508915150496724,27.25680077801877,18.499999999999993
8.030012198487121,28.638217488851545,18.499999999999996
7.028660395623592,27.336532090000482,18.499999999999996
7.587393269385538,26.286579539057264,18.5
10.414954946288587,23.79694203505337,18.5
10.239129196831255,23.327077208520837,18.500000000000004
10.294411029774036,23.852255523957144,18.500000000000004
9.421691882686426,24.139600395378906,18.5
8.533209054434868,26.111474196314322,18.5
10.181266655616133,23.653865344414584,18.499999999999996
9.496887366048993,22.863205257032412,18.5
10.428534502909987,22.599964903626777,18.5
10.665109973624684,23.465676393801882,18.5
10.820599541329326,23.1697680126682,18.5
8.709154447496559,24.3741974168943,18.500000000000004
9.386168533092922,22.018916914734838,18.5
10.729360838671877,22.58673481085552,18.5
8.816222844758736,22.16648785983572,18.5
9.719072088714855,22.68401336495823,18.5
10.142460805813176,22.56813212512436,18.5
8.15804707907669,22.274700836813224,18.5
9.423533019244978,22.017635076984355,18.5
9.750848708138292,22.16863783333818,18.500000000000004
8.436096015389255,23.892178675966818,18.5
10.068474917987695,22.547680601142403,18.499999999999996
11.675571663624167,23.373354040637718,18.5
10.144770654593822,22.11463295622736,18.499999999999996
9.110016479979523,22.41013062211209,18.499999999999996
9.394575144514505,20.802302065880482,18.500000000000004
9.75352027947307,20.943245937292456,18.5
10.01637751698684,21.808286450529828,18.500000000000004
10.448272274342932,22.205951173117423,18.5
10.683216009751566,20.887578117927127,18.499999999999996
10.776839349372958,21.31550805194469,18.5
9.55336417267303,21.66307262684496,18.499999999999996
9.208601701213057,21.665165098371187,18.5
9.801226946816183,21.799839282448726,18.500000000000007
10.46465510075609,23.179235422584465,18.5
9.8754883686339,22.037325766555227,18.5
10.115638358791562,20.779969855843376,18.5
9.885742140361094,19.821826612914023,18.5
9.747668854344486,20.74223650802776,18.5
9.825805490651614,20.120335630448235,18.500000000000004
10.09705941236089,18.934403174851617,18.499999999999996
7.902980667157418,19.100419946635206,18.5
8.815020462429775,18.444521802993968,18.5
5.55496820883497,20.269776649909346,18.5
5.93931685258496,20.03402543416784,18.499999999999996
7.2016378321612695,20.129683022662938,18.5
5.820467882740264,19.65709873820811,18.499999999999996
5.845067782583269,20.12837593818142,18.500000000000007
6.647975733916778,19.88087212351073,18.5
10.058936987809032,17.72653329217951,18.5
9.128521002732,18.084757299937706,18.5
10.379400917915964,19.720506312764968,18.500000000000004
8.529474762894116,18.834951401693313,18.5
11.422246586250157,18.600861169309063,18.500000000000004
8.926786733621208,18.72799864660699,18.500000000000004
7.302004438562556,18.61432607048236,18.500000000000004
6.58861159354636,19.098342043819073,18.5
5.586288271791615,18.398014431575756,18.500000000000004
8.500998677985688,19.747916228704067,18.499999999999996
10.109177392826412,19.38738433998815,18.5
6.242203236504782,18.33680811887089,18.500000000000004
7.278621320831465,17.532905385813624,18.500000000000004
7.5614097672627105,16.929998025944805,18.499999999999996
7.595345107202007,16.935771761215502,18.500000000000004
9.078121135762668,17.08778000558154,18.499999999999996
7.901531462129453,17.17764403584401,18.5
6.581518628064337,16.944716205709007,18.5
7.861766368797151,16.950704214835596,18.5
6.284938534697693,17.076420682763423,18.499999999999996
6.33957799158268,16.94499724233084,18.5
6.72194092105572,16.950403915282443,18.499999999999996
8.2059628988477,17.848513105779165,18.5
9.150001738870833,17.844315017109615,18.499999999999996
6.622291162585578,16.80665380265952,18.5
9.43415059256033,17.696894050552686,18.5
10.351035857177084,18.20684864386635,18.500000000000004
10.078349236071663,18.213751407095874,18.5
8.823161039556476,18.19879547467341,18.500000000000004
6.948322684040539,29.20753202,18.5
7.302106881231121,28.94992696023639,18.5
6.816474359999347,29.021338096710885,18.5
6.919385182931654,29.030365509390993,18.5
6.712159451554771,28.404667491782817,18.499999999999996
6.659502646726602,29.117454169083,18.500000000000007
6.882989540710873,29.024036999164593,18.499999999999996
7.034183349932723,29.10354924156983,18.500000000000004
6.65063643056707,28.853219985177386,18.499999999999996
6.880438493993773,28.994298183243806,18.500000000000004
7.097955322313302,28.854867733276933,18.5
6.417129693364959,28.993258794407254,18.5
7.077464111235738,28.857477571846932,18.5
7.341785638291245,27.56443758800888,18.500000000000004
7.718374454383938,28.62049583084931,18.500000000000004
7.4395443584866685,28.98157612181802,18.5
7.337393792798571,28.455860447433388,18.499999999999993
7.609403520745204,28.56746550960558,18.5
7.894008073220201,23.108944545550198,18.499999999999996
8.187043278860319,25.921539913341377,18.5
6.66151462874575,27.040090962427165,18.500000000000004
7.365302399594996,27.265577347349993,18.5
7.567516141547168,25.907829435439076,18.499999999999996
7.375963799051007,28.029685065031764,18.500000000000004
7.227760175864169,27.357433335877733,18.500000000000004
7.592546107888444,24.1030230225364,18.5
7.209853383292662,26.476620096399408,18.5
8.367898068717391,25.671173960484722,18.499999999999996
6.281419719662756,23.387196396887518,18.5
8.368110840281851,24.224497558296342,18.5
8.190654411440809,22.18304364453738,18.5
8.441005400689482,24.760721581739354,18.5
8.750678214593362,24.746438552675166,18.5
8.829010260189277,22.492925468844323,18.499999999999996
7.898505691391856,25.85816573392617,18.5
7.878460769163944,22.55031658686003,18.499999999999996
7.816443578236223,26.451175258783998,18.5
7.592437882151828,23.68833535593716,18.5
7.9067227503620865,22.71611947507221,18.5
7.8342357228888115,23.05323418807655,18.500000000000004
7.9280151873519875,23.08315814460116,18.500000000000004
6.82205415700188,25.339161935908024,18.5
7.909111492090953,22.801409104846073,18.5
7.852302617755399,22.698657624489538,18.5
6.9524537666784445,20.247045146768194,18.5
8.16334162203452,22.569710625404436,18.5
7.929351942173305,21.706253827240236,18.500000000000004
8.42417423762699,22.70975461955023,18.5
7.32098655045207,21.370331614514548,18.499999999999996
8.514944055235034,22.78622303220059,18.500000000000004
7.632314772090977,23.520426663282862,18.5
8.767961743936693,23.48998494865556,18.5
7.902078424563441,22.67705192499343,18.5
7.6175407346951935,22.541155576469304,18.500000000000004
7.578099519199889,20.3310094459122,18.5
7.90169932080688,21.647190298835913,18.5
7.577448332373626,20.649560355108893,18.499999999999996
8.216499772825738,22.81729232856068,18.5
7.590369926095458,21.304556406430777,18.499999999999996
7.588834724260103,20.765721330663574,18.500000000000004
7.871829798088847,22.44482385608613,18.499999999999993
8.1720588531299,22.971291870824615,18.5
8.202774040746391,22.92478682243,18.5
8.504517570260944,22.538965017135858,18.5
8.14932958852728,22.47955147694355,18.500000000000004
7.921916768109312,21.660590525606295,18.499999999999996
7.624453242024312,21.944767828680668,18.5
7.869990382072296,21.422091671522885,18.5
6.9109404231641145,22.364213393890232,18.5
7.531278737655128,20.61144904680105,18.5
7.895538922486157,21.18164094007596,18.500000000000004
7.860499022612885,22.223968447074103,18.500000000000004
6.634705503061757,19.7139309478979,18.5
7.631416093120552,19.993674880161244,18.500000000000004
8.219907493867034,22.189979337311655,18.5
7.947370933317719,19.01374573399633,18.499999999999996
7.635404288879311,19.291969447357474,18.500000000000004
8.478985950977481,20.282781192128763,18.5
7.605300092387258,19.51167766333359,18.500000000000004
7.897331675296234,21.457954616484706,18.500000000000004
7.852177230990392,21.01057465514904,18.5
8.187088468658326,19.438085050103133,18.499999999999996
8.194742955523822,19.291153578802927,18.5
7.922494390189481,19.60560743872825,18.5
8.51491789,19.6751035302241,18.5
6.958063113055676,18.84548473340022,18.500000000000007
6.98554577133721,18.74492084264406,18.499999999999993
8.186009337953653,20.032190722331585,18.5
8.514917890000001,20.444383801684094,18.500000000000004
6.986874717333029,18.959644333384137,18.499999999999996
6.735838947231256,17.23496932708907,18.500000000000004
7.341761956322084,17.80526161110269,18.499999999999993
7.315147120233019,17.933870928146977,18.499999999999996
7.027637617491398,17.794088094314485,18.500000000000004
7.60086150681602,18.768527361907438,18.5
7.670152888557827,17.717341369995136,18.5
6.402813456010224,16.911573085055107,18.5
7.257661626569419,17.977070343725856,18.5
6.390868424209045,16.807315897043328,18.500000000000004
6.745004456110962,16.69080327,18.500000000000004
7.003593595675402,17.327476666896604,18.500000000000004
6.8028731747280355,17.01893457149065,18.500000000000004
5.765695208116202,18.941123618854007,18.5
6.077042218608235,17.54518592044523,18.5
7.027642301195195,17.404939367272135,18.5
7.335838396276767,18.27635116817495,18.499999999999996
8.223445149224977,19.251568955492647,18.499999999999996
8.213751873750242,20.139347805583753,18.5
6.278595549152072,17.438372168143307,18.5
5.671450280074002,18.202646585993772,18.5
6.008473808788756,18.034113467722232,18.499999999999996
5.678991007285784,18.37384478784305,18.5
6.063961132625175,17.725819148017088,18.5
6.665632051135607,18.67730152286054,18.499999999999996
7.863070843088583,21.397643175214455,18.499999999999996
7.606457904557823,19.143402276793324,18.5
6.988458150886637,19.605042548688903,18.500000000000004
6.2920701193393365,22.475388879701594,18.5
8.186368418537317,24.208246694069977,18.5
6.254826276605279,21.9069293932915,18.500000000000004
7.269180766906696,20.812310922885295,18.5
6.072554948829705,25.865240758112165,18.5
6.368494862339331,26.439481781282318,18.5
6.114721177949421,24.702330167110944,18.5
6.840695257651342,25.78861507886228,18.5
6.531808201808722,27.200330534312428,18.499999999999996
6.257396215910484,23.668995686749597,18.499999999999996
6.330548733703324,21.907935350596084,18.5
5.955840822184833,23.654225397554946,18.5
6.9438667546898305,23.003404801917522,18.5
7.279820634677081,21.418279209637834,18.499999999999996
6.440253650775048,21.95551544054086,18.499999999999996
6.510478861164474,25.000269708071063,18.499999999999996
7.03553664636507,27.02797738547875,18.5
7.5776021391304305,22.22988252723758,18.5
6.38742122275938,25.97634694302563,18.5
6.691683581728333,25.286369551760956,18.500000000000004
8.50424419080007,22.341313377447996,18.5
7.990241340141833,22.1444880537718,18.5
6.542588205156845,26.852633325435242,18.499999999999996
6.262426698340473,27.782612734780443,18.500000000000004
6.250845082086557,25.764420188254896,18.499999999999996
6.003980320310405,27.16211891781183,18.5
6.048220838268109,27.934328042717883,18.500000000000004
6.533420818959753,26.84280206397898,18.5
6.458658654895167,24.299989748331512,18.500000000000007
6.358128386304063,26.429728133816738,18.5
6.724322745023795,26.674635362431427,18.5
7.571088258519105,22.905730691179624,18.499999999999996
7.84964912903558,21.87830436924757,18.500000000000004
6.345051350547177,25.15537997760629,18.500000000000004
7.2522990551044355,22.219012767517498,18.5
6.022742437175374,23.98314215397901,18.5
6.636720859794681,27.261601534378674,18.5
6.970099705042712,28.047659512560013,18.5
7.182376527766386,27.191831161957726,18.5
6.545958945320159,23.136900357318144,18.5
7.207293296941531,27.696695448786613,18.5
6.873340004377958,27.64926532620594,18.500000000000004
6.934887399833083,26.884005767902824,18.5
6.849191978692437,25.865575472824606,18.5
6.317650294654036,27.15391745413993,18.499999999999996
6.736391301233818,28.835392823551697,18.5
6.89816952369638,27.1503880348518,18.499999999999993
6.990216161475029,28.210405131493264,18.5
7.318802638650628,26.83776011083797,18.500000000000004
6.392757012772975,28.43046704705142,18.5
6.617994894585339,27.27826751826493,18.5
7.032336935619902,28.814063654334664,18.500000000000004
7.36656757513522,28.746984082990764,18.500000000000004
7.34231972777121,27.152248817642043,18.499999999999996
6.680391353464218,28.7385332624069,18.499999999999996
6.443955290902589,28.45291136811531,18.5
7.058950882027465,28.454897006328515,18.499999999999996
6.307479755579486,27.747588868832686,18.5
7.345979192594104,28.964812388625017,18.5
6.982380979942901,28.718607236123777,18.499999999999996
7.386269043817137,28.667247134139505,18.500000000000004
6.373495722913104,28.609992964769106,18.499999999999996
6.761168396868025,28.967304545649235,18.5
6.7098108767606295,28.97749785435538,18.500000000000004
6.759952312305975,28.998539314584246,18.499999999999996
6.769031826863428,28.99768350416667,18.5
6.5663433763770716,28.91527846722841,18.499999999999996
6.781283426848375,28.98187170619005,18.499999999999996
6.711956155643489,29.012791637644664,18.500000000000004
6.752893967619653,28.88661683954949,18.5
6.810759062114777,28.76491570413271,18.499999999999996
6.802429151621874,28.874398841431482,18.5
7.007871584100586,28.901181934970243,18.500000000000004
6.762497307941926,28.745255782239607,18.5
7.101625394208176,28.880248778936505,18.499999999999996
6.869841181899253,28.868169530891137,18.499999999999996
6.4218369085815254,29.010554456312263,18.5
6.356925007179001,29.100818557033975,18.5
6.1770412792043,29.095626501493875,18.500000000000004
6.857504452192613,28.999323960467393,18.500000000000004
6.400302323284878,29.053731674734557,18.500000000000004
6.7911496977044505,28.90433981147225,18.499999999999993
7.24914049301637,28.843891784930722,18.499999999999996
6.905521505685612,28.916946789757347,18.5
7.107781707909899,28.86043136367431,18.500000000000004
7.089559015953246,28.895953757732965,18.5
7.134677913230581,28.70747240276072,18.499999999999993
8.535885343423434,17.326302670702468,18.499999999999996
6.285595484100596,18.72993650998829,18.5
7.2673778827475735,17.316656861836375,18.500000000000004
8.163159068327746,17.364106158774888,18.499999999999996
4.797733447910046,17.831100696197755,18.5
5.985377144832872,17.59714361365334,18.5
8.876544918179459,18.094244771480476,18.5
7.894287500012423,17.44782512981917,18.5
7.9483653777702905,17.815978718798597,18.500000000000007
6.959823043054658,17.316468445206112,18.499999999999993
9.40851593550452,18.22224810682163,18.500000000000004
9.773263380404227,18.59597432672563,18.5
7.574532586033558,17.591749461183504,18.500000000000004
11.365233328056005,18.95815323556121,18.500000000000004
11.674796811320917,20.76096926242629,18.500000000000004
8.101868254260078,20.379966444198082,18.5
10.08523714531318,19.472919652094557,18.500000000000004
10.139482954627749,20.549486481602642,18.5
8.47673406111203,19.98828035401588,18.5
6.614528110338911,18.853866520756803,18.5
8.811053641053753,19.263011950749974,18.5
8.175994177405208,17.83240273871472,18.500000000000004
10.44001139913972,20.314197809764263,18.5
7.221734188179473,19.50516067983246,18.500000000000004
10.705510269808775,20.5393029673188,18.5
8.11421011363682,20.541656110621435,18.500000000000004
8.495058820485482,20.400609180362515,18.5
7.254912517684512,20.790318879328932,18.5
8.737845820425997,21.17162944100728,18.500000000000004
9.368678618946504,20.92557959285689,18.500000000000004
8.788547293071883,21.639889255003155,18.5
9.366020092809366,21.534937078918617,18.499999999999996
10.352690221230336,19.2760031609557,18.5
9.419775548774108,20.774901292806764,18.499999999999996
7.575836827206625,20.517726700444047,18.500000000000004
9.71508683706646,21.77249808396622,18.499999999999996
9.096912023310038,20.00065869927019,18.5
6.983231888280221,22.5606828590675,18.5
10.308240177054236,22.514335666280928,18.5
9.028675001028644,22.145801859980335,18.499999999999996
8.1733668429103,23.878537837471054,18.500000000000004
8.398465754846363,23.66048645069315,18.5
9.282726274064874,21.68064477717182,18.500000000000007
10.45044303165033,22.17539419539126,18.499999999999996
9.831706352461586,22.671238491857995,18.5
9.478606839510391,22.345404555176486,18.5
11.129383647229869,23.287014558596486,18.5
9.81868825634985,23.06075626986293,18.500000000000004
9.836896064954725,22.07689679920648,18.499999999999996
10.451472366737107,22.863089122752683,18.5
10.452103756441005,22.04555374428046,18.5
10.374436158806775,23.75754269731512,18.499999999999996
9.52471490881658,22.166000245652796,18.500000000000004
8.789859644765466,25.853189119891457,18.5
9.73649978924912,25.53771591354577,18.499999999999996
7.888338394911122,22.166292020469253,18.5
8.806955308788675,22.13620253279514,18.499999999999996
7.256699584794723,23.524968412064798,18.5
8.143217433823125,22.544619979372428,18.499999999999996
6.803273744480645,25.055396394068275,18.500000000000004
10.362164120352325,23.365849407556688,18.500000000000004
7.548850099359651,24.78037489425993,18.5
9.385266320466974,24.83958175808685,18.5
7.702384724497729,25.024413902685943,18.5
8.536057939701152,23.922133819619383,18.499999999999996
9.980028959084239,24.638740767729804,18.5
7.55993862192272,27.15363726505787,18.499999999999996
10.337296121503899,24.26295272434226,18.5
6.62261151121623,27.02360487962125,18.5
7.932950962879204,27.28578196507661,18.499999999999996
9.312519079210297,27.435193053111863,18.500000000000004
7.937354678517896,27.567510106629825,18.5
10.45743254124804,23.77088658194196,18.5
7.429499970128222,26.979458962592144,18.500000000000004
7.482905573017949,27.120360607894572,18.5
7.163726367143531,26.9921315555047,18.499999999999996
7.622522265968016,27.553608605051174,18.5
7.857924370953993,27.16111867477304,18.5
8.257804071333702,27.56113358595513,18.500000000000004
10.77328280593591,28.072759348402162,18.5
9.594633570524742,27.839591802531377,18.499999999999996
9.631757113534086,27.72632739504816,18.5
8.142818708411056,27.787920101410233,18.5
7.5544929578430935,27.901010861165325,18.499999999999996
8.62259632750714,27.979272667533394,18.499999999999996
6.976980440303429,28.70185534613349,18.500000000000004
7.291053723661633,28.423916355880536,18.5
7.870118888399656,28.34918315143893,18.5
10.21113736684396,27.716756889563907,18.499999999999996
6.83218249915336,28.574979001379557,18.5
6.9218647486110605,28.705851341940797,18.5
9.455293773725682,28.058757240540714,18.500000000000004
7.0794445337632625,28.95343668224936,18.5
7.3593901996961195,28.726236587737006,18.5
9.10269152892252,28.39417365111386,18.499999999999996
7.577923462062099,28.186495477544003,18.499999999999996
8.847077265097731,28.441122066930287,18.500000000000004
8.066183998356811,28.454887482670664,18.5
7.94441431060317,27.550054625946625,18.5
7.61223536176872,27.556040624765764,18.5
7.5655973979202615,27.427531481228847,18.499999999999996
6.613236765390816,27.267160508504443,18.5
8.12157922637076,28.93888186318577,11.100000000000001
12.36996226883259,28.260792799308476,11.100000000000001
12.282672626526374,27.948584321933275,11.1
12.904457879999997,27.90891814049662,11.099999999999998
12.904457880000006,28.303224442634654,11.9717472170457
12.010399425188044,27.997757527589116,11.1
7.194193946821474,28.08334192260042,11.100000000000001
7.545039227009409,28.337579973807202,11.1
7.597620159164484,28.190569388052673,11.100000000000003
10.198889818222893,27.801994399266867,11.1
6.8043386655558855,28.35596962578634,11.099999999999998
5.668380854366368,28.238603344212173,11.099999999999998
6.619267885129437,28.508396568508857,11.1
5.003002189942142,28.562565762017524,11.099999999999998
5.974913460877344,28.70607101815435,11.1
4.7301645274188395,28.347109614294016,11.099999999999998
5.954866460861675,28.486119775769918,11.099999999999998
5.010361610288231,28.476722694646906,11.100000000000001
12.0031819746046,28.57568832072299,11.100000000000001
10.752762047124854,27.799330211653974,11.100000000000003
10.099870730444904,27.058718874099792,11.1
12.013630339832261,27.357501748780265,11.1
10.36095672015341,27.661948375212972,11.1
10.954046441354214,27.543263339768348,11.099999999999998
7.917523070205923,28.152856703475745,11.1
7.497714451979098,27.49384415744765,11.099999999999996
6.579985629614594,27.955360521488387,11.1
7.8802943899058295,27.440296333837626,11.099999999999998
8.935286239881536,27.686074138424132,11.1
7.133435125701183,27.575088773915432,11.1
6.343401985322299,27.124963672902776,11.1
5.335807354728991,27.416678381889085,11.1
5.652042162270696,26.35047551299357,11.1
5.295426827485567,27.40630458211083,11.1
6.052660218399228,27.176023373158536,11.099999999999998
5.696610920022609,25.743241177222256,11.100000000000001
11.232760552485278,25.267653673454312,11.100000000000003
10.888613508513236,26.3433310755706,11.099999999999998
10.049547798151826,25.126318691888216,11.1
12.32760362857238,23.473052186345942,12.560379855652268
11.995907683850808,25.400022076275604,11.100000000000001
10.062178263220822,23.995084425673653,11.099999999999998
6.924917714832507,24.732482303401444,11.1
4.807579200853464,23.943633349482567,11.099999999999998
7.60547316862476,24.98542229525468,11.099999999999998
7.9987520418189915,25.78716613771333,11.1
8.757609284724078,25.224955242206555,11.099999999999998
9.448268679124531,25.663756767406966,11.1
5.383026606066,25.234264938984886,11.1
6.023807836788921,25.861712170286687,11.099999999999996
6.084896025079476,24.970713916556026,11.100000000000003
6.717453162810307,24.93984970920361,11.099999999999998
6.064073423150324,24.813078271116513,11.1
5.705343536357859,25.375288232059212,11.1
12.612130370999644,22.843746924789453,11.099999999999998
10.715140455475236,22.969637210629475,11.1
12.90445788,22.98882614291042,11.099999999999998
10.374147446816023,23.446034815676693,11.1
12.046275974171277,22.249932944111013,11.1
12.037660279902822,23.198854038849348,11.1
7.874873962828323,25.119607460360335,11.099999999999996
7.57743307419392,24.088229221088042,11.1
7.169536453893552,24.09481638736096,11.1
7.553941510432415,24.47395373973946,11.100000000000001
6.96916190585551,24.35439184889431,11.1
6.546925083766351,24.693820511967488,11.1
7.76525949480861,24.375284623017468,11.1
5.360848943557478,23.997112213791247,11.1
5.974702773200167,24.452549351572905,11.1
7.967995599704784,24.715816051046062,11.100000000000001
5.902403615548751,23.93386244040894,11.100000000000001
5.01862324265361,23.822188640407646,11.1
11.607052934035703,20.466629502449038,11.100000000000001
12.90445788,21.81843599523874,11.1
12.616793054312591,21.943191293651807,11.100000000000001
10.399291761117228,21.3115105581561,11.1
12.625845114552822,21.28232786231544,11.1
12.290957843234052,22.181596335609992,11.1
8.498865808698428,22.754509071986988,11.100000000000001
7.882215734586038,23.40452642116829,11.1
7.664581264649297,21.840117868475083,11.100000000000001
8.51491789,22.655801866536713,11.1
7.901846353505719,23.389156760633803,11.1
9.095887253705037,22.960463262872803,11.1
5.969937433956475,23.967477301045047,11.1
6.001699185654674,23.326886863575215,11.100000000000001
7.572920561688663,23.3211020008615,11.099999999999998
8.49267258603107,22.18435149694216,11.100000000000001
7.240339698112331,23.088713276661515,11.1
8.19444263234258,22.061572222688515,11.1
12.016344192912443,20.738631567258693,11.099999999999998
12.015338637193194,19.253963821049453,11.100000000000001
11.664420519754778,19.36951026988296,11.099999999999998
12.904457879999999,20.813668226690588,11.099999999999998
10.98940573643521,19.348791264199637,11.1
12.026063217223836,20.644085516313204,11.1
8.794385784230817,19.235921471304,11.1
10.981791339474675,19.502330093240992,11.1
10.074024962859706,19.619373571835066,11.100000000000001
9.111379670542178,19.24587420526814,11.100000000000001
9.492304907232294,19.384972467181438,11.099999999999998
8.500904178609282,18.85787230755931,11.100000000000001
8.257339194251195,19.52524249755202,11.100000000000001
7.5844744968883635,19.47224208999928,11.099999999999998
8.216463348305727,19.347086832095318,11.1
7.314317856395747,18.96717623407488,11.1
7.602771966325349,18.991755618589053,11.100000000000001
6.224513221882872,19.93665399251243,11.099999999999996
11.716888827385628,17.660046115029505,11.100000000000001
11.995501194217864,17.817002095629757,11.1
12.308565941450656,17.81671961716524,11.1
11.359681854249512,17.31281109439025,11.099999999999998
11.640033474831448,18.20237061745252,11.1
11.691784922310083,18.010057575709514,11.100000000000001
8.179710443203286,18.8267421115495,11.1
9.019799526052534,19.128999410805328,11.099999999999998
8.186143174760996,18.752199954185212,11.1
10.30131592794301,18.716730442747078,11.1
8.085185747803473,18.717558969450018,11.1
7.588574710468895,18.72084989253679,11.099999999999998
7.529743691648945,18.838895771920324,11.1
7.500747140878255,18.834142945213454,11.1
7.328395331761936,18.593910240998937,11.099999999999998
6.5373256507122,18.360090770092782,11.1
6.821323012465155,18.594854247543694,11.1
7.530975225336429,18.8367433122689,11.099999999999998
11.981563763487802,17.32363077172149,11.099999999999998
10.383829232883512,17.09092649907297,11.099999999999998
11.39106155371822,17.829464402122007,11.1
11.044333044956588,18.091195735768714,11.1
11.33418554592048,17.568420964600136,11.1
11.406077015835054,17.210288987270452,11.100000000000001
8.509621866274374,17.088614663364165,11.1
9.251922890675912,16.950751482925366,11.1
10.415974210574102,17.060668672639412,11.100000000000001
8.568330461712872,17.58976103406966,11.100000000000001
10.032863146511836,17.065773259775924,11.099999999999998
9.453335239719477,17.71535773000832,11.100000000000001
7.847927176064124,17.304603453346,11.100000000000001
5.334717160445215,16.965502291808424,11.1
6.358348907109785,17.054377544024916,11.100000000000001
6.334191809680024,17.16860580427482,11.099999999999998
5.945499740847687,16.92711941615771,11.099999999999998
5.651185087824377,16.69080327,11.1
6.677949133741338,16.9258851247293,11.1
5.622309234955141,17.610276701887816,11.100000000000001
6.636949724970449,16.808910930946727,11.099999999999998
6.932330611382717,17.064046784087665,11.100000000000001
6.6598747937371225,16.947184691548163,11.099999999999998
5.281176870047861,17.084326891827,11.099999999999998
8.198937694330402,16.93750828013548,11.1
9.516036878652582,17.428838143849855,11.099999999999998
9.505429555846158,16.92269951322012,11.099999999999998
8.82331708714375,16.690803269999996,11.1
9.115890966136396,16.69080327,11.1
9.564480246415565,17.05675165369071,11.100000000000001
10.105781352253796,17.714024376689324,11.100000000000001
9.180246226923291,17.577275739802268,11.099999999999998
10.282044692344355,17.178968786109397,11.1
9.464176555186448,17.086615579782908,11.1
11.296014507007346,17.730598716790162,11.100000000000001
10.340067742454565,17.700830214648843,11.099999999999998
6.960491427818905,18.619959747214033,11.100000000000001
7.179886191555193,18.217212340423988,11.099999999999998
6.937065231709802,18.235577289755703,11.100000000000003
4.425515009269223,18.005587995427362,11.099999999999998
4.656916436029824,17.660339633222918,11.1
7.915636006438958,18.703619326445647,11.1
7.305183892991458,18.603432599665144,11.100000000000001
9.157625230901928,18.217216846478472,11.100000000000003
9.70978829583885,18.35375767585395,11.100000000000001
9.08847855409958,18.13469307895872,11.099999999999998
9.11973944011729,18.232853599532667,11.1
8.760611150615093,18.159302348638278,11.099999999999998
11.6909296563059,19.51459628871512,11.099999999999998
11.470921666222708,19.55868518176149,11.100000000000001
9.16823429906322,19.23217489620443,11.099999999999998
8.539055878256727,18.20879855163356,11.100000000000001
11.367559486549688,19.013139868808807,11.1
9.986190591950221,19.061981260767862,11.100000000000001
6.284772671676,20.15411982546542,11.100000000000001
4.712296273787776,20.624892309802018,11.1
5.62961807201232,21.78791460533967,11.1
5.347163882967881,20.277994600373116,11.1
4.1253779,20.49508738380766,11.100000000000001
6.5246141997250255,19.77532591977301,11.1
7.884037406412034,19.38196162408581,11.1
7.690400028840527,19.543354201970516,11.099999999999998
8.223514020441607,19.46608917177626,11.1
8.18858117404576,19.478710196662917,11.100000000000003
7.520362802192523,19.757738790052738,11.1
6.5650366555189414,20.682798151978023,11.1
10.32587303751113,20.262251849640123,11.100000000000001
12.000742636480428,20.145741221308448,11.099999999999998
11.39220905138434,20.272473315210853,11.100000000000001
10.804602034544423,20.151131850193746,11.100000000000001
11.692006214543975,20.661069873603786,11.1
10.024956713181604,20.14585543866694,11.099999999999998
5.878260345910978,22.897192648253537,11.100000000000001
4.1253779,22.831197085226936,11.099999999999998
4.445468262444874,22.31930436113156,11.1
4.1253779,21.531558309073404,11.100000000000001
4.395741750904922,22.542285731648377,11.099999999999998
4.3919230277785735,22.12835519573147,11.100000000000001
9.167398069104818,21.416022234911797,11.099999999999998
5.3062253994455535,22.843311110290852,11.100000000000001
6.816764331450031,23.186814938783733,11.1
5.604704797531149,22.73580800511735,11.099999999999998
5.678508214880571,22.11406074384763,11.099999999999998
5.719797722642116,21.403704017723506,11.1
10.7216189124607,22.264514744296804,11.1
9.732135882847665,22.330147042974485,11.099999999999998
12.270210349937207,21.3683102845292,11.099999999999998
11.264881436773226,21.83939776136184,11.099999999999998
11.247291057963452,22.084665267711024,11.099999999999998
10.745891596532852,22.591371123864178,11.100000000000001
5.226916158863515,23.51888528876851,11.099999999999998
4.411381364011282,24.098835695693474,11.1
4.420578154937891,24.23325835345612,11.100000000000001
4.1253779,24.123287568035124,11.1
4.685250984655283,23.41944632689191,11.1
4.933188040794313,23.562013266579196,11.100000000000003
5.392432621669393,24.0888216243466,11.100000000000001
6.00190459729664,24.456767728395416,11.100000000000001
4.757105878501342,24.55893050643139,11.1
6.024842896593492,24.723147490400674,11.100000000000003
4.820509559344104,24.587231874174503,11.1
5.039295849389973,23.82883921494768,11.100000000000001
8.864104457100382,24.00161284423549,11.099999999999998
8.783078218365958,22.528256485920195,11.100000000000003
6.2576422532416425,23.97114142949986,11.1
8.516398168667438,23.614938281856013,11.100000000000001
6.581021015630197,23.72242594212844,11.100000000000001
9.75590141449899,23.85591890756759,11.099999999999996
5.055620374316738,24.24420733817989,11.100000000000003
4.71002373334269,25.190279836963605,11.100000000000001
4.125377899999999,24.728540132096644,11.100000000000001
4.399760127134215,24.973037169313073,11.1
5.1103872962793355,24.590159361332766,11.099999999999998
4.814169608866798,24.111971729319535,11.100000000000003
5.351136333253085,24.828165700446835,11.1
5.972929342883226,24.478759477366236,11.1
5.1533532374413475,24.74141115032125,11.1
6.9978781757978625,24.885023604772424,11.1
6.722817340198705,24.737600854940453,11.1
5.754033959753537,25.128058768794215,11.099999999999998
7.508725062225838,24.602854229363743,11.1
9.051459618866266,24.434893445592596,11.1
8.502646464945789,24.095852042900994,11.100000000000001
10.640106787607897,24.02256094475025,11.100000000000001
8.836809015825015,24.570476695555186,11.099999999999994
7.888369815405505,23.952629827742076,11.1
5.011412497790959,27.928392898738213,11.1
4.902621889919941,25.764531371652545,11.1
4.421925291943199,27.595704132232388,11.099999999999998
5.004591635268919,27.83233098499343,11.1
4.1253779,26.79847766269359,11.1
5.594704933447431,27.97129758017219,11.100000000000001
4.711335162560941,26.747048254978026,11.099999999999998
5.28937926105219,27.259638001765122,11.099999999999998
5.322445869692816,26.90115106582951,11.099999999999998
6.1656913364132055,27.575756789537664,11.1
5.353499677015932,27.46026232903785,11.1
5.8851128981134835,27.566495531315994,11.1
10.069538581438794,27.64374928926639,11.099999999999998
9.235022493798276,28.059595888601482,11.1
10.172917192614545,27.910025864256617,11.1
9.1465534236969,27.77282761129754,11.100000000000001
9.128079930885795,27.9135168095167,11.1
10.086604263741972,27.828053026722632,11.1
4.67998229837435,27.385912163115165,11.100000000000001
4.697360077476889,26.588948951099415,11.099999999999998
4.72014216163861,28.125775269942114,11.1
5.246445115923158,28.310664666423346,11.100000000000001
5.685754116011707,28.06441392656219,11.1
5.023068670500083,27.80034734200011,11.1
4.739563482050459,28.03179849609067,11.099999999999998
6.337853435215013,28.351399119259383,11.099999999999998
6.9467737734800545,28.47382247475977,11.1
6.3123246144415255,28.240929877313878,11.099999999999998
6.546487023239213,28.607031056671286,11.099999999999996
5.018301072876997,27.88415593837138,11.099999999999996
11.05683902706138,28.310810854212637,11.100000000000001
10.780541044778111,28.183649679485384,11.099999999999998
10.362310319692543,28.11005411129896,11.099999999999998
10.476593688072489,28.148486531627835,11.099999999999998
11.111780487400614,28.253615955056578,11.1
9.803322960745142,28.70497443562042,11.1
10.708452730041202,28.0517199275646,18.499999999999996
10.435408056749898,27.316672741648965,18.499999999999993
12.252879226107227,28.1582603282849,18.5
9.380647316789146,27.65617513918044,18.500000000000004
9.836943022668526,27.454287843330732,18.500000000000004
12.267225303893976,28.009598507063632,18.5
6.301136295187709,29.09405188154712,18.499999999999996
7.20548073190774,28.73236250326508,18.499999999999996
7.173213756337875,28.198279903508414,18.5
6.315557870516436,28.760707671822352,18.500000000000004
6.631251757700728,28.717227149564813,18.500000000000004
6.725268742113179,28.840553638223895,18.5
6.565176059654422,29.102728145362917,18.5
6.398314120339697,29.116589114211084,18.499999999999993
6.524305162607963,28.97528744328466,18.5
6.555566119276261,28.999926655772068,18.5
7.344446618440395,28.75154337321402,18.5
6.830886795916337,28.621996743470905,18.499999999999996
9.150661344383282,26.776433836737024,18.5
10.380006736201672,27.032140528817163,18.5
11.685565664911733,27.53583160195221,18.500000000000004
11.705734820011077,26.119641055722273,18.5
9.785948522390342,27.020466498391905,18.499999999999996
8.260822411281314,24.702021145115868,18.5
8.185587798170388,26.899763053262955,18.5
8.239406152665294,26.644920883578564,18.5
8.147370204169924,25.923625046202574,18.499999999999996
7.807321679823556,26.513320227332066,18.5
6.656303796273461,26.427311530405778,18.5
7.6907556582278,25.159264314041298,18.5
7.009038430079575,28.169861952384977,18.5
6.346540774932431,27.91734905266241,18.5
7.538897848826598,27.020438262097827,18.499999999999996
7.413086124159365,27.414100340400267,18.5
7.899609638183739,27.170032196562207,18.499999999999996
8.179696076336121,27.037153787582245,18.5
10.068836575828891,24.256188188355186,18.5
10.054611414061819,24.7923206300795,18.5
10.064114419854725,24.141030613161664,18.500000000000004
10.02425369701235,24.10187295275624,18.500000000000004
9.519951011375122,25.751333235286484,18.499999999999996
9.421184136415357,25.619648828536565,18.499999999999996
8.24974305681569,22.67155326701504,18.499999999999996
7.890727775555182,23.444457682856886,18.499999999999996
10.407239551638366,22.77567788315735,18.5
10.497320496867161,23.439421033506278,18.5
8.797932792189819,24.264132976346247,18.5
8.897225029836498,23.49271369171901,18.499999999999996
7.572729287999394,26.816789320120094,18.499999999999996
6.8970737433397895,24.700116759972907,18.500000000000004
6.957390140001651,23.464950517371797,18.499999999999996
8.84010447233398,22.451456705822707,18.499999999999996
8.085211624126018,22.870809173469922,18.499999999999993
7.78160696212725,23.44400345757216,18.500000000000004
9.609094849331502,21.569874846814102,18.499999999999996
10.893087642445954,20.894289426514117,18.499999999999996
10.373300616092301,22.041206899806156,18.500000000000007
9.75250993794078,22.270748783241924,18.500000000000004
10.482814434065892,22.48746274182645,18.5
10.974215716117321,21.67006516060492,18.5
8.795077219719904,22.057148166544913,18.5
9.117206717721317,23.053991804307035,18.5
10.768209949958383,23.088598670158444,18.5
10.454460076899595,22.037606230460977,18.499999999999996
9.808784763018746,22.551294514265862,18.500000000000004
10.087183959693233,22.815976525477645,18.500000000000007
8.750358624131803,21.92775248118504,18.5
9.077691885006818,22.1279826283643,18.499999999999996
8.342551449062231,22.04431542669951,18.499999999999993
8.773218873372409,21.94848026842649,18.5
7.313139912300286,22.6016244108465,18.499999999999996
7.058221880715409,22.437435136934862,18.5
11.321737980254651,20.105165027761032,18.5
9.840683552700877,21.93646154068314,18.499999999999996
11.109328213082444,21.036670111893,18.499999999999996
10.992152299401138,20.786189161234624,18.5
11.046404456992935,22.187225408100904,18.5
11.374693067288977,21.815188183956057,18.500000000000004
8.139017184723711,22.66612623283058,18.499999999999996
8.22324797240921,22.05900537270795,18.499999999999996
7.610324070352919,23.08443097209959,18.499999999999996
8.363607468311445,21.783700432296605,18.500000000000004
8.273373496867029,22.174011734478995,18.500000000000004
8.395581943491573,21.918520903560847,18.5
8.940749611722351,21.555811535740904,18.5
9.39276431999673,21.79149635464019,18.499999999999996
9.164829013774122,21.825989968916794,18.5
8.980709932382478,21.682222637932124,18.500000000000004
8.655018972360374,22.287542505905133,18.5
8.96216156679797,21.808737949085696,18.499999999999996
8.187406854787525,18.222289391049376,18.500000000000004
7.9008292194458765,19.001217567727945,18.5
9.76099279699822,18.48443813587915,18.500000000000004
11.016523997991388,18.691868323345744,18.5
11.633820652195011,18.257007012430538,18.5
10.692364843757824,19.466734299675068,18.5
10.775954972408034,18.189731771624544,18.5
9.823449845260969,18.32943431319398,18.499999999999996
8.750718041533302,20.661502657665014,18.5
8.585911521118053,19.869959228328383,18.499999999999996
6.720345553461149,19.69866765068854,18.499999999999996
9.503322915318222,18.30844892152703,18.5
7.4833621575565585,20.6810380489803,18.5
8.074585110369116,19.926028629008766,18.499999999999993
8.093797072904172,21.397520149184878,18.499999999999996
7.132453937820114,19.69011007651428,18.5
6.657969373872234,19.482997249250122,18.499999999999996
5.673073267528861,19.353221816436204,18.5
7.927073533194119,18.486405151869327,18.5
8.514871957270017,18.049835332946046,18.5
11.691031995824886,18.750719802052256,18.499999999999996
9.51115026956665,18.309054584937336,18.5
12.904457880000002,18.229164997816483,18.5
11.987055031796633,18.132061892017493,18.5
8.298259960467094,19.349558470767498,18.500000000000004
10.046623672997466,19.70678256862901,18.499999999999996
9.775601708428413,19.02021975763259,18.5
9.161314437506185,18.374760603484184,18.5
9.506560051253922,19.796576926148536,18.499999999999996
8.220727192127178,20.515979817288876,18.500000000000004
8.206764569928758,17.725253299512428,18.499999999999996
6.867239363935606,19.125676585541736,18.5
8.845932661297269,20.13892022313719,18.5
6.29665948356185,19.379765189770513,18.499999999999996
7.968406119700619,20.380485665875916,18.500000000000004
6.83453484940496,19.644772824609383,18.5
7.9438198796852095,17.940685689394325,18.500000000000004
8.88626347444044,17.693876603245652,18.499999999999996
11.392471756735917,17.306576019708668,18.500000000000004
9.786732150137398,17.818081190037656,18.5
9.729514517259085,18.105255472588674,18.500000000000004
10.147194947842813,18.291704460642787,18.500000000000004
5.421064254421292,17.193623225890654,18.499999999999996
7.236794733242128,17.06381691218694,18.499999999999996
8.217382871215055,17.177388165414254,18.5
6.330006915025591,17.072472425677656,18.500000000000004
6.609809769637262,17.609007101181312,18.5
8.186263671187785,17.779753074448333,18.5
5.922564963734001,18.518425665046276,18.5
9.804699581285599,18.670150383997743,18.500000000000004
6.601412092222336,17.30988238650646,18.499999999999996
5.764236685893407,17.310411266157878,18.499999999999996
8.805121052568943,18.231214199635215,18.499999999999996
6.954973698736714,18.58387040637113,18.499999999999996
5.589380008460749,16.94197000008611,18.5
6.8271090872759075,18.773021877883334,18.499999999999996
7.588636451651825,17.70510547422462,18.499999999999996
5.887184097165909,16.959086997480885,18.5
5.92258890357477,16.945435722592784,18.500000000000004
6.008703571958558,17.55953023332285,18.5
6.670246927554582,16.92407142560348,18.5
7.234336998351534,16.921596873948687,18.5
7.063115920475164,16.80161276495293,18.499999999999996
6.966281972210389,16.925116900981955,18.499999999999993
7.55597963403468,16.690803269999996,18.5
7.349480133548736,16.690803269999996,18.5
7.257698176397158,17.07900670666571,18.5
7.909152967997193,17.839579133539708,18.5
9.49583233137582,18.86654214473574,18.500000000000004
8.816843405218073,18.443651301947003,18.500000000000007
6.903043198561394,16.95685315835933,18.499999999999996
6.704600193914957,17.071686151571377,18.499999999999996
5.972102678216308,18.135158973444547,18.499999999999996
6.21351312533994,19.031967950504306,18.499999999999996
6.362551207284304,18.29139058415212,18.500000000000004
5.962335863009964,18.029052098975676,18.5
5.706789652687068,18.61484729862319,18.5
5.993689029296879,17.836640122696576,18.5
9.444180867728917,19.363016964406793,18.5
7.5355367479537865,19.617393535334184,18.500000000000004
6.976974228819396,19.751584403977546,18.499999999999996
7.517772819871795,17.70943347547088,18.5
7.898559732876683,17.789129609411926,18.5
9.714718824805406,17.668019799795267,18.5
7.5039180761796,19.1322003132436,18.499999999999996
9.501443753879855,20.02088260545601,18.5
10.75252189117151,19.758312102890706,18.5
10.080565959289933,18.620708372669196,18.500000000000004
11.3771566190371,19.108688362956222,18.5
10.685138727475556,19.995906855980905,18.499999999999996
7.072785676130262,21.692131387369304,18.500000000000004
9.447101310670192,20.365167809521445,18.5
8.200946528433331,19.576307010007366,18.5
6.271351350694659,18.645179624526275,18.5
5.242585928842287,19.414995917578967,18.5
5.309451368088311,17.847967734981918,18.499999999999996
9.72156440288002,21.413914858822796,18.5
8.813580486405007,21.661239872021326,18.5
8.112500091446382,19.878149007722158,18.5
7.766151424987577,19.762222190845375,18.500000000000004
7.538315963291973,19.635075195781504,18.500000000000007
7.487226319942458,19.517500708048093,18.5
7.587169575635211,18.586093491742304,18.499999999999996
8.279795657378907,20.135678892899126,18.5
6.950705171254417,19.874848576240936,18.5
9.185199553810914,19.533359713527975,18.500000000000007
9.827318909424474,19.88753344937353,18.499999999999996
7.879221412406026,20.501943522953184,18.499999999999996
6.264782157785241,21.06983032074828,18.5
8.42439550435343,21.271084044723455,18.5
7.631071457097508,20.55395748526517,18.5
8.82382010659101,22.165854218207578,18.499999999999996
8.908454616019794,22.182878850539367,18.5
9.05760751905003,22.80207256179628,18.500000000000004
8.145956154798604,21.874324909438375,18.5
9.704393558941932,22.28653963258474,18.5
7.606226469459617,21.434950341031676,18.5
9.054411700687949,22.739243945329346,18.5
9.071942675460402,21.919834217554875,18.499999999999996
6.517764011875573,21.937462075797143,18.500000000000004
11.334128842397373,19.63598224238553,18.5
11.048498091029924,20.026866927155655,18.500000000000004
10.682675317121484,19.504540558681533,18.5
9.711722196172145,21.058925895150853,18.500000000000004
9.999337366339516,22.079152141349216,18.5
10.829563749454168,21.024133425465916,18.5
6.250176112056531,23.786826025375063,18.500000000000004
7.120653291412652,23.042491150438714,18.5
8.396643623315756,22.09895105867792,18.5
7.337645381850768,22.543519738822532,18.5
8.393948894548092,23.316347327896754,18.5
9.574194920591237,22.52586936543546,18.5
8.507518793275024,22.202493093683664,18.499999999999996
8.576599911269733,21.915905363398657,18.499999999999996
9.588839592332125,21.926805562835366,18.5
8.129423076665416,22.046215666865365,18.5
9.211825613175685,21.78593621067175,18.5
8.654855283276255,21.912529402992536,18.5
10.62478573915955,22.794686637850226,18.5
11.398962359917585,22.590448996893922,18.499999999999996
7.5325669816081895,22.558464406678635,18.5
9.267685693599189,23.298245916837182,18.5
9.952615452082421,22.524942497706938,18.499999999999996
10.786701857779601,22.887029417568037,18.5
7.2309992913019805,24.46682028418097,18.499999999999996
7.289183737845799,24.66174548074413,18.5
7.731593613747922,24.070451116336123,18.500000000000004
6.115160365670509,26.039056672665165,18.499999999999996
5.942890945801751,26.140122635974294,18.499999999999996
6.179237971495901,26.552245147019995,18.5
6.900290940750115,24.371077938319353,18.500000000000004
7.545776178134691,25.3905993825812,18.499999999999996
6.648041027067817,26.930518472954052,18.5
7.588308716017095,24.311212578717807,18.5
7.548485120640303,24.68987579189512,18.5
7.30877529669732,26.14383480658759,18.499999999999993
10.16907472850917,22.657971874403646,18.499999999999996
9.045266032610158,24.747862899265012,18.500000000000004
8.784713246918876,24.25537234927437,18.499999999999996
8.899315436654305,23.83390834171089,18.5
7.41069399174247,27.454270118566818,18.500000000000004
10.201203146254622,21.92953214623115,18.5
5.911402027525976,27.987488414824657,18.499999999999996
6.743008245542894,27.642801158363923,18.5
6.001999415887187,27.539784001805007,18.500000000000004
7.775147181473285,27.51965780545524,18.499999999999996
6.443113732266775,28.239563971248607,18.500000000000004
6.759334851714863,27.04917338986581,18.5
7.43034427052247,27.654039974586368,18.499999999999996
6.608521662423023,26.871086397440486,18.5
7.619310119821311,27.27704993167783,18.499999999999993
8.3259558434953,26.12162659650065,18.5
6.9147242095183765,26.76601301963561,18.5
7.2797648881938315,26.91830869651493,18.5
9.161635681275081,26.038201866061957,18.5
9.653946820510297,27.651226833609403,18.5
8.149728369782363,27.41201722737983,18.500000000000004
7.348193187851471,27.17512347954871,18.499999999999996
7.819524785467124,27.366985369938547,18.5
8.198574286847954,27.169810598184128,18.499999999999996
6.9513479658892114,28.5665309700568,18.500000000000004
5.879223681441263,28.86008436099466,18.499999999999996
6.744457473155531,28.325233262371235,18.5
6.994564572461764,28.558903861158576,18.499999999999996
5.689106564101049,28.428882718905697,18.500000000000004
5.628436811979636,28.84316011081557,18.5
6.92194183064544,28.512039434562457,18.5
6.517230589250664,28.96544265902602,18.499999999999996
6.695682847657368,28.045223673274872,18.5
6.43843095200866,28.721233759867854,18.500000000000004
6.509316991959518,27.812743581659813,18.500000000000004
6.526205980741859,28.477195052461884,18.500000000000004
7.343992579505582,29.083443650175795,18.500000000000004
6.6653071018495424,28.529356257785224,18.5
6.982265023723594,27.67961083712945,18.5
7.23094785797782,28.685893119336388,18.499999999999996
8.652798122773492,27.333513198474254,18.499999999999996
8.295700185593557,28.407156597653564,18.500000000000004
