12.313694291609949,28.6589471914912,11.099999999999998
11.606720041109146,28.92518839883123,11.1
11.78248258978912,27.417164543137247,11.099999999999998
11.740276848948785,27.66985216758727,11.100000000000001
12.904457879999999,28.66885174396527,11.1
11.756862108696605,28.920163518962553,11.100000000000001
5.965476860108748,28.962229713455017,11.1
6.013722150440868,28.46090057620618,11.100000000000001
7.223460730352964,27.669157348601196,11.099999999999998
7.928947875109125,28.269234872187653,11.1
5.988775737456225,28.72785418655897,11.1
6.814084789407467,28.754012018363373,11.099999999999998
4.1253779,27.50179326083789,11.1
4.1253779,28.072702357048442,11.1
4.1253779,25.114232926872504,11.1
4.1253779,27.971848337737605,11.099999999999998
4.1253779,26.123408440177087,11.099999999999998
4.125377899999999,27.95601694747318,11.099999999999998
11.08650253602019,26.678873458764354,11.099999999999998
11.731229627226565,26.94150671059503,11.100000000000003
10.48924999012467,26.435579233297293,11.1
11.104003662777462,26.68600264240446,11.099999999999998
11.821946884640926,27.41918186446987,11.1
9.121751924814758,25.61623673282137,11.100000000000001
6.732950305217941,27.339557082687538,11.1
4.71044471776621,26.579913041282154,11.1
6.016913045553757,26.39735882707584,11.1
7.922006794483664,25.537398725775127,11.1
7.1919633587127425,26.15783447544885,11.1
7.921762389183515,26.113881323043277,11.099999999999998
4.125377899999999,26.838544422149237,11.099999999999998
4.1253779,27.009397049746386,11.1
4.125377900000001,26.5686466470192,11.100000000000001
4.1253779,26.424687141778964,11.1
4.716568128532952,27.4262469466031,11.1
4.125377900000001,26.947579303339644,11.1
6.730220230931276,23.6167590364169,11.100000000000001
6.674557650888077,24.09170252213211,11.099999999999998
6.0554764330455955,24.843919969790413,11.100000000000001
7.299151053041313,24.58853326931938,11.100000000000001
7.204980113974965,24.35159498788007,11.100000000000001
5.923178460581111,24.319791481943263,11.1
6.624106235663907,24.58351383149202,11.1
7.371627078804104,24.809182026980853,11.100000000000001
6.7435587730556055,25.56771866118861,11.100000000000001
7.2877256399633,25.402732827539555,11.1
7.329886897972188,25.349878298940553,11.1
6.640453435465151,25.402205851037213,11.1
4.1253779,25.36078141275096,11.100000000000001
4.1253779,25.138740658001257,11.1
4.125377900000001,25.574653769901083,11.100000000000001
4.125377900000001,25.129654294727235,11.1
4.1253779,26.11268693036774,11.1
4.1253779,24.61396606648847,11.100000000000001
10.325680717523374,24.592834344602867,11.099999999999998
10.623983882948169,24.53332832271261,11.099999999999998
9.126583523353737,23.104983721486985,11.1
8.467437862042068,25.102632294884923,11.099999999999998
9.110761144350679,24.850707038306385,11.100000000000001
9.922859384380043,24.571589329721924,11.099999999999998
6.0036759741288925,26.11481790471365,11.100000000000001
7.96145083835271,24.305626747987827,11.099999999999998
7.361182925750424,23.607534229698746,11.100000000000001
6.044610831217359,24.081742087529694,11.099999999999998
7.322254743663015,23.843219699999995,11.099999999999998
4.705694697916196,24.1057899638356,11.1
4.125377900000001,24.136671857121847,11.1
4.1253779,24.32116146021893,11.1
4.125377899999999,24.100053670130436,11.099999999999998
4.125377899999999,24.493558082551075,11.1
4.1253779,24.3847730351884,11.1
4.1253779,24.33536759195894,11.1
6.660809409363275,23.047602088638953,11.1
10.445792603199978,21.55050760269188,11.1
7.925846814195941,22.819874528934886,11.099999999999998
4.1253779,24.34306912294508,11.100000000000001
7.32125654150503,21.027206967850095,11.1
7.297551124840924,21.045859763136107,11.100000000000001
7.3450546654265345,22.898463002294754,11.100000000000001
7.382338769147694,22.286512546944973,11.1
5.3746549649335265,23.556490166408466,11.1
7.942208719376184,22.531488215115843,11.099999999999998
6.663959667686509,23.59110263094829,11.100000000000001
7.308896457308709,23.843972344246566,11.1
4.714834603275407,23.00771718609997,11.1
4.678623435463522,23.03032720448374,11.1
4.1253779,22.826503503034807,11.1
4.671317737858249,22.51614853996949,11.1
4.1253779,22.280180168801532,11.1
4.125377899999999,21.778810780700965,11.1
9.215160687417391,19.513650254336124,11.1
8.109060299761287,19.044991650059735,11.100000000000001
9.149480798667131,19.03282207519829,11.100000000000001
8.514917890000001,18.478907377,11.100000000000001
7.894090035672642,18.478907377,11.100000000000001
7.904573653531594,18.996173436258506,11.100000000000001
8.51491789,18.804917640921758,11.100000000000001
8.51491789,18.731902388590015,11.099999999999998
7.295886832122197,19.01079899473742,11.1
7.8652825235285535,20.29303580268502,11.1
7.269574054231212,20.022927559332313,11.1
8.514917890000001,18.71391748027676,11.100000000000001
4.1253779,21.552967253292838,11.100000000000001
5.348198177799424,21.309829757443094,11.099999999999998
4.730607833563351,21.022265440903233,11.099999999999998
6.037596139062666,21.03677902977773,11.1
4.125377899999999,19.724404718323807,11.099999999999998
4.125377900000001,19.716380152552443,11.099999999999998
8.51491789,18.478907377,11.099999999999998
8.51491789,18.478907377000002,11.1
8.51491789,18.478907377,11.1
8.514917890000001,18.478907377000002,11.100000000000001
8.514917889999998,18.247837713264836,11.099999999999998
8.514917889999998,18.478907376999995,11.1
8.51491789,18.478907377,11.1
8.51491789,18.709329547673203,11.099999999999998
8.51491789,18.729643684863735,11.1
7.894768647027308,18.98430759736698,11.100000000000001
8.51491789,18.6696212677965,11.1
8.51491789,18.478907377000002,11.099999999999998
5.834233533040478,18.478907377,11.1
7.882062829456551,18.981300031991267,11.099999999999998
4.125377900000001,19.640684135214343,11.100000000000003
5.27093107680288,19.191453410066323,11.1
4.1253779,18.47358552919242,11.1
5.225854547055555,18.702707277325256,11.1
10.379769755908915,17.47581747113374,11.100000000000001
10.436365555112081,17.208763346630104,11.100000000000001
9.084659009213844,17.71181851313962,11.100000000000001
10.386219574414614,17.71662198150055,11.1
11.140567028729217,17.40933425106916,11.1
11.072807413265512,17.192141807798524,11.099999999999998
7.299813906524374,17.211325634823467,11.100000000000001
9.171692969072602,17.18844520299573,11.1
9.112118608325133,16.91897783845926,11.1
9.146831204297303,16.69080327,11.1
8.51491789,17.41545620269849,11.1
8.51491789,17.184163765129462,11.099999999999998
4.125377900000001,17.678424932765232,11.100000000000001
4.1253779,18.024527493616823,11.1
4.125377899999999,17.46512258934431,11.1
4.125377900000001,17.46723321524035,11.1
4.1253779,18.478907377000002,11.100000000000001
4.1253779,17.724880427014412,11.1
8.465717020205071,16.69080327,11.1
6.706453302035502,16.690803270000004,11.1
8.51491789,17.689671743540277,11.100000000000001
7.909351948637825,17.447491808020146,11.099999999999998
6.008999191177825,16.92641643234222,11.1
5.9260029824546,16.690803270000004,11.1
9.830652532910058,17.151809755701347,11.099999999999998
7.997201362780105,16.69080327,11.099999999999998
9.107061797959833,17.23916104995232,11.1
8.51491789,17.429858402843628,11.1
6.575872130881692,17.188840830722384,11.100000000000001
8.51491789,18.478907377,11.099999999999998
12.32263282802262,17.4561702402789,11.100000000000001
12.904457879999999,17.758068920648643,11.1
12.90445788,17.755852347326883,11.100000000000001
12.90445788,17.74136626397303,11.100000000000001
12.90445788,17.267659552265197,11.099999999999998
12.904457879999999,17.468128372560425,11.1
8.51491789,18.478907377,11.099999999999998
7.2425391774720635,18.478907377,11.099999999999998
8.51491789,18.74104989235295,11.099999999999998
8.51491789,18.716450483629558,11.100000000000001
8.51491789,18.478907377000002,11.1
5.336783158969723,18.478907377000002,11.1
7.910469923072825,18.478907377,11.100000000000001
8.51491789,18.478907377,11.099999999999998
8.572983003655004,18.020249469215525,11.1
9.745396937181868,18.194399920281292,11.1
9.149665047338113,18.220339508492472,11.099999999999998
10.83518782798821,18.2401708284873,11.1
12.310090829574081,17.99638106947542,11.1
12.904457880000002,19.8786849821568,11.1
12.904457880000002,19.71803320179249,11.1
12.90445788,18.45942229256415,11.1
12.375933688880552,18.24220993179469,11.100000000000001
12.904457879999999,18.24900567424597,11.1
7.884177822223347,19.979722328062607,11.100000000000001
4.125377900000001,20.23622938235904,11.1
8.51491789,18.478907377,11.1
7.031623068777768,18.478907377000002,11.100000000000001
5.884753698198252,18.478907376999995,11.1
7.2226863091106654,19.009268960726544,11.100000000000001
7.875897908149166,19.003046971711402,11.100000000000001
8.41957887237142,20.020260773346635,11.1
8.552431462639445,19.508006258106363,11.099999999999998
11.054993027246992,19.752111618224824,11.100000000000001
10.350225500601706,20.267011485,11.1
12.331402846813981,19.769988158263452,11.100000000000001
12.904457880000002,19.749998861861304,11.100000000000001
12.904457880000002,18.732542187167127,11.1
12.286384614428899,19.509377058192918,11.100000000000001
12.319103613620157,19.776299130528702,11.1
12.904457880000002,19.018666267066745,11.100000000000001
12.904457880000002,20.023617628673968,11.100000000000001
4.1253779,22.796483000413787,11.1
7.255238398919291,19.253923332536193,11.1
7.914364603871551,20.284323805861263,11.1
5.87455962344717,23.35611550044659,11.1
5.9549765844417895,21.304056610819938,11.1
7.24890278152642,22.280067777288032,11.1
7.878069126546677,22.809753662446287,11.1
6.667375807524895,21.008180458221553,11.100000000000001
8.536265425349683,22.296245877151232,11.1
7.909825209289953,20.774541116024857,11.1
9.72420637761189,20.267011485000005,11.1
7.90738182279456,21.297044912901395,11.100000000000001
12.30107145193123,21.021773135546546,11.099999999999998
12.904457880000002,20.833296292580197,11.100000000000001
12.904457880000002,20.8224747058394,11.1
12.904457879999999,20.28225504081376,11.099999999999998
12.904457879999999,20.52704622440524,11.1
12.90445788,20.27459843543319,11.1
5.25048694376521,24.078346957321106,11.099999999999998
4.1253779,24.096348188975536,11.1
4.1253779,23.850695855275806,11.099999999999998
4.1253779,24.094568277243283,11.100000000000001
6.077781611728112,23.604487129882447,11.1
4.1253779,23.885370833898588,11.1
4.1253779,24.322252716384824,11.1
4.701886280031983,23.8478758200498,11.1
7.312500845616121,23.618277170393945,11.1
6.610480783888775,24.089752131482044,11.099999999999998
4.667656041133757,24.101864818199232,11.1
4.673281399514296,24.09989017732461,11.100000000000001
12.30224907080714,23.82539456680481,11.099999999999998
12.90445788,23.585009052496233,11.099999999999998
12.904457880000002,23.384418384874444,15.29721899717905
12.904457880000002,22.608949580736617,11.1
12.278199181958323,23.859019011981168,11.099999999999998
12.904457880000002,22.05763502492689,11.1
4.749756865112907,24.09156115720505,11.100000000000001
5.979731164502274,24.593790545867858,11.099999999999998
4.1253779,24.362093269597548,11.1
5.887522436570505,24.636109042064874,11.1
9.10807647221494,24.871797265269358,11.099999999999998
8.549271399508218,24.890298518090837,11.099999999999998
9.681694948852916,25.869421254928426,11.1
6.635958871161513,24.8659191544414,11.100000000000001
6.022969530316148,24.851128159502966,11.099999999999998
4.1253779,24.085023698953453,11.099999999999998
8.50799410732634,25.628503367702237,11.1
9.104613586662683,25.87153970990159,11.099999999999998
12.904457879999999,23.348509720749483,12.097581255765991
12.904457879999999,23.37857056082739,11.099999999999994
12.904457880000002,23.40402929212579,11.1
12.334086743193847,24.378207534311173,11.099999999999998
12.90445788,24.39499942205245,11.100000000000001
12.90445788,25.862098724433846,11.1
4.1253779,27.892375059907465,11.099999999999998
4.1253779,27.885448104671006,11.100000000000001
4.1253779,28.20044981625973,11.100000000000001
4.1253779,27.940817946882277,11.099999999999998
4.125377899999999,27.644452029978876,11.1
7.21108872395527,26.179238957811773,11.1
8.51491789,27.643623542657036,11.100000000000001
8.51491789,27.865550697036056,11.100000000000001
8.51491789,27.611470354002538,11.099999999999998
8.51491789,26.991256146512644,11.1
7.9635799292672935,27.42894287871788,11.1
7.946609689836086,26.930148040193433,11.1
12.904457880000002,27.850317892376875,11.1
12.904457880000002,26.880135886988192,11.100000000000001
12.904457880000002,26.912112156317352,11.1
12.904457880000002,27.216183404368227,11.100000000000001
9.943316030434115,27.41942792,11.100000000000001
11.657109785062865,27.16249187280917,11.099999999999998
4.1253779,28.567952620118746,11.1
4.741458488219693,29.20753202,11.100000000000001
4.7040560412615875,28.962980654657972,11.100000000000001
4.125377899999999,28.192106215243737,11.099999999999996
4.719066866733659,26.95645577467328,11.1
4.1253779,27.24341883284296,11.1
6.187386980629464,27.419427919999993,11.099999999999998
9.765739311680957,27.94259029997568,11.1
8.514917889999998,28.440816496583547,11.099999999999996
8.51491789,28.173727687743103,11.1
8.51491789,27.68178303684477,11.1
8.51491789,28.698362215419657,11.100000000000001
12.904457879999999,28.481733305167932,11.1
12.90445788,28.965869061720316,12.100112852081551
12.90445788,28.254411935149133,11.099999999999998
12.90445788,28.435121796986113,12.100909942168153
12.904457880000002,28.26086655925494,11.975054537355774
12.90445788,27.929479402707155,11.1
7.625712848881673,29.20753202,18.500000000000004
6.090585612356633,28.48458038992608,18.5
6.539410838982182,28.175333584305793,18.500000000000004
6.518994797365738,29.20753202,18.5
9.015879330087895,29.207532019999995,18.499999999999996
8.905270382057807,28.50271026803289,18.5
8.204668890308751,29.207532019999995,18.499999999999996
8.150912167148277,29.207532019999995,18.499999999999996
8.115474966901473,29.207532019999995,18.499999999999996
8.51491789,28.980890156467517,18.500000000000004
8.514917889999998,29.045806749037347,18.5
8.03433056712461,29.20753202,18.5
5.232551705873009,28.218973870971606,18.5
4.1253779,28.869493444743007,18.5
5.4006287019561094,28.16854365963388,18.499999999999993
4.1253779,28.375720801812573,18.499999999999996
4.1253779,28.758447126003617,18.5
4.1253779,28.773486872504954,18.5
6.712993907401747,27.39375068052665,18.5
7.312642727185759,24.51020805615201,18.5
6.827434277581844,27.97448786164586,18.499999999999996
9.046975727748654,27.916011215484268,18.499999999999996
8.338641282424843,27.92300636869148,18.500000000000004
8.975697507064115,25.816700861098873,18.5
7.394471445215084,27.41942792,18.499999999999996
8.514917889999998,26.942950819304645,18.5
7.858095372501687,26.160168521938914,18.5
7.3017306197993,26.144505858259528,18.5
8.51491789,27.17170681216548,18.500000000000004
8.51491789,22.873642964718,18.5
4.1253779,27.972167163397643,18.5
4.1253779,27.4364195377869,18.500000000000004
4.1253779,27.703878140923557,18.5
4.710905083456359,28.178486148547687,18.500000000000004
5.327714086644499,27.420753461127884,18.5
6.049820794884036,26.886419106856476,18.499999999999996
9.013285773649656,22.06415878942005,18.5
10.88418409798403,22.742663276204834,18.5
9.877083519790355,22.049920487455058,18.5
9.904711694542007,22.082802669889205,18.499999999999993
9.95552526085754,21.824595812219563,18.5
9.934869947307204,22.815598085871645,18.499999999999996
8.51491789,26.130873543591598,18.499999999999996
8.51491789,26.594382973414945,18.500000000000004
8.514917890000001,25.41097578209149,18.5
8.51491789,23.841472115121494,18.5
7.920117556506841,23.081017703106347,18.5
8.51491789,26.13945142681179,18.5
5.301963521742,26.409539223259653,18.500000000000004
5.285409721779065,25.503923462406885,18.500000000000004
4.1253779,24.689908271596053,18.499999999999996
4.697036632555567,26.11972395449881,18.500000000000004
4.1253779,26.672680459461297,18.5
5.172379815653544,26.59284606217534,18.5
7.3188135471177125,22.81390050690047,18.5
10.393606743004288,22.314255391339955,18.5
12.904457880000002,22.80962198028488,18.5
10.214673190414752,22.587895053978055,18.500000000000004
10.489215523256902,22.864658433058246,18.5
11.207564157265233,23.835975465862315,18.5
7.913821191104642,23.0577352396351,18.5
7.301094810658619,23.264829160449118,18.5
7.9607079950238715,23.07076618834728,18.500000000000004
7.368576535860782,23.27573973615145,18.5
7.7312023918841986,22.784461401102405,18.5
6.642628018194166,23.28694663179206,18.500000000000004
4.739607315761787,23.430322842294252,18.500000000000004
4.1253779,24.111335416398273,18.500000000000004
4.125377900000001,23.876528938279492,18.5
4.1253779,23.894674400924064,18.499999999999996
4.1253779,24.10770124079959,18.499999999999996
4.125377899999999,23.8346662335022,18.5
11.785628847485176,21.82514365575772,18.5
10.618727755003139,22.531173499517454,18.5
10.48647349258973,22.788730445821606,18.5
10.662036397204322,21.811016251096202,18.499999999999996
10.646318821542309,22.30519233808834,18.500000000000004
10.258149456339428,22.29365459474024,18.5
8.51491789,22.50712037274659,18.5
9.069613986133326,22.271316715127583,18.499999999999996
6.0940168189451525,22.34430512057871,18.500000000000004
8.068930578610761,22.463360792422474,18.500000000000004
6.8575322874415585,22.87533357726109,18.5
7.300989776911318,22.35977177983894,18.5
4.724352765087741,22.063151925875875,18.5
5.669175679129011,22.852187974370413,18.5
4.782048346425636,22.75492461759165,18.500000000000004
4.744057921579241,22.995025461519305,18.499999999999996
4.726292231175684,22.765740721225107,18.5
4.822846253537456,22.77396882308889,18.5
8.916332820231336,18.426174666368787,18.499999999999996
9.806203717947888,18.959781458900082,18.500000000000004
9.753938980653336,19.407651030212808,18.5
7.756928497685376,17.41806810620818,18.499999999999996
9.003928139294132,17.412760701307015,18.5
7.729891733270293,16.93764261353417,18.500000000000004
7.9650487961875465,21.974794621947222,18.499999999999996
9.09470418512381,21.79196003709257,18.5
9.10473419782332,21.75659077490762,18.500000000000004
10.955739212351123,22.768097499531123,18.499999999999996
9.664030515724908,22.049859703386343,18.499999999999996
9.624220633304105,21.824913481176065,18.5
6.080047055937363,18.920762290568824,18.499999999999996
4.1253779,20.80723525092292,18.5
4.6843291432547325,21.269562987958686,18.500000000000004
4.1253779,19.98443542709629,18.500000000000004
4.670269324888754,20.78778814618592,18.5
4.1253779,20.987139100483166,18.5
11.653411207087027,19.983244220025,18.5
7.922634914303662,19.49521036931759,18.499999999999996
4.1253779,20.287132172648374,18.5
5.309223874078025,19.079206442722413,18.5
9.023427357489105,18.39940897139282,18.5
11.641767801552291,19.94829390788897,18.500000000000004
6.619624499778258,20.7422391568948,18.5
6.12941345115779,22.073272360823104,18.499999999999993
6.61970299400961,21.892386746841783,18.500000000000004
7.915751172783998,21.737670518620376,18.5
7.282865841136687,20.788307841307052,18.5
6.803418112745783,22.108708254910333,18.5
5.323073742607346,18.219141717165652,18.5
5.427816737941704,18.453645653439906,18.500000000000004
5.415330172548885,17.711519782628685,18.5
4.695936565271899,17.4656624250589,18.5
6.644399291139398,19.4631778435055,18.5
4.125377900000001,17.49302656117969,18.500000000000004
8.487189347845089,17.952868659044427,18.5
8.329651858147056,17.16844130742748,18.5
5.484226180429004,17.46738315501492,18.5
8.873761029765255,17.180880065642363,18.5
7.598273752557874,17.20084864952105,18.499999999999996
7.650925355710072,17.173614117824847,18.499999999999996
4.731285566182073,17.18550208406743,18.500000000000004
7.968831247708066,17.13570627594486,18.5
7.932851694331435,17.406945627099468,18.499999999999996
8.514917889999998,17.63100542524585,18.499999999999996
7.386128747217142,16.915188920966997,18.5
7.936747543636878,16.959934367947472,18.499999999999996
4.125377899999999,16.904164002224523,18.499999999999996
4.1253779,16.881429542894665,18.5
4.1253779,17.099134838282716,18.5
4.1253779,16.87622734516942,18.499999999999996
4.1253779,16.881510774177634,18.500000000000004
4.125377899999999,16.933096534355684,18.5
4.668145939047596,17.13905218695227,18.500000000000004
7.198661757199555,16.690803269999996,18.499999999999993
4.125377899999999,17.184954167900294,18.5
5.40615450938862,16.925210754161014,18.5
5.892938321778651,17.191211579016915,18.499999999999996
6.518191569094267,16.941187675430747,18.5
7.297648116543135,17.18764829270555,18.5
7.18737824921158,17.429377523930278,18.5
7.196488584291098,17.18040979433839,18.5
7.8917149615141335,16.936825020778613,18.499999999999996
8.323238329012081,17.18598912323112,18.5
7.964258376346926,17.863999189457648,18.5
12.90445788,18.38500118056704,18.5
12.90445788,17.394395061923284,18.5
12.90445788,17.938857510417062,18.5
12.904457880000002,17.378671259810247,18.5
12.90445788,17.582987784117034,18.5
12.904457880000002,17.17128594927528,18.5
8.362184876500837,19.710246635723657,18.5
9.779523291202207,20.790523286605172,18.5
7.8629133010498125,17.962031776445205,18.499999999999996
6.591251566077167,17.727439781534894,18.5
10.552777795041603,20.868456640615285,18.500000000000004
7.720963658555327,21.506101968964018,18.500000000000004
9.169973404331945,18.165203019339074,18.5
7.8561231638842415,17.666328871699623,18.499999999999996
9.788617294411107,16.94465631771194,18.499999999999996
10.420531541319908,18.455148441399476,18.5
7.929866281623466,18.901663670653107,18.5
8.940582340243548,17.434078106320317,18.5
12.904457879999999,18.74722372632572,18.500000000000004
12.90445788,18.411491932247,18.5
12.90445788,18.931038041480267,18.5
12.904457880000002,18.470911552372446,18.500000000000004
12.904457880000002,18.17886053895266,18.5
11.646835610390008,18.713543523862494,18.5
5.344774768634592,20.02039842657247,18.5
6.384940041930071,18.825534543913303,18.499999999999996
9.118670286219716,21.03158413958547,18.500000000000007
4.1253779,20.27746045538814,18.5
6.538128258963852,19.46111976613912,18.499999999999996
6.598656609234148,19.5186795380656,18.5
10.377348843995021,20.037173106911297,18.5
10.380318150419775,20.50415451229763,18.5
9.066244817820934,19.175393601784727,18.5
9.044488235225826,20.98072026224233,18.5
9.198722046237032,18.99061132467808,18.5
10.285042691072038,21.078048024052325,18.5
12.90445788,18.77786160187018,18.5
12.90445788,18.2216111778792,18.5
12.904457879999999,20.750686841899963,18.499999999999996
12.90445788,19.573185488832525,18.499999999999996
12.904457880000002,20.07302563158627,18.5
12.904457879999999,21.224810447279335,18.5
5.382572526068155,21.785953240256816,18.5
7.884366005521464,22.0425000770813,18.5
5.9306900223527785,21.806700681531055,18.499999999999996
7.924593924034988,22.333992943072598,18.5
9.078102131953942,21.79106396185844,18.499999999999996
7.774145804966512,22.535959807266273,18.5
11.682049747881381,22.328171458679776,18.5
10.669910217500465,22.507077993980484,18.5
11.242253870323184,22.035128996041948,18.5
9.07321290618807,22.055115592,18.5
11.73320834663843,22.055115592000003,18.500000000000004
11.62438065372716,22.055115592,18.5
12.90445788,20.95025144837835,18.499999999999996
12.904457879999999,20.649727316155804,18.5
12.90445788,19.592541302500315,18.499999999999996
12.904457879999999,21.514036345886478,18.5
12.904457880000002,20.476178171264575,18.500000000000004
12.904457879999999,19.252504238260723,18.499999999999996
9.325979201082276,22.108782338120452,18.499999999999996
8.645318635064202,23.377326802182026,18.5
9.824728404094769,22.60880742575462,18.5
9.865335817539886,24.09980867467003,18.499999999999996
10.609314568985695,23.353919436899965,18.5
9.109821066101059,22.32794220081034,18.499999999999996
11.045575537215326,22.310666310198954,18.5
11.780311353386379,22.28527569602061,18.5
11.701278832795534,21.564993756758984,18.5
11.607416459556644,22.107190232999812,18.500000000000004
10.99881763408699,22.332273837939237,18.5
12.187593629099949,22.347134326271224,18.499999999999996
12.904457880000002,22.32756377150228,18.5
12.904457880000002,20.767837605967877,18.500000000000004
12.304726218889686,23.17100765917792,18.499999999999996
12.904457879999999,24.537830499707653,18.499999999999996
12.281426733189145,24.083136857009237,18.500000000000004
12.257811378909057,23.05496740963639,18.5
9.203824696192319,24.850155625707593,18.5
7.914738924019527,25.03363132186224,18.5
7.78669250090878,25.917978287826422,18.499999999999996
9.077911689006985,23.802682970445364,18.5
6.522551056667021,24.859816043264512,18.499999999999996
8.514917889999998,25.050915432441688,18.5
10.282570929002278,23.37387104429383,18.5
9.195553408744386,24.351108668234637,18.5
11.58094298741017,23.004387478535033,18.499999999999996
11.000354972151502,24.3506201887241,18.5
9.799498607529058,23.545741072681807,18.499999999999996
10.248823849898386,23.012523991817652,18.5
12.318653251382646,25.63415763935739,18.5
11.001433121074724,23.051897863252595,18.5
11.675539008746924,20.269933674899494,18.5
10.967226414184967,23.077474000382338,18.499999999999996
12.270371433150522,24.069362277823508,18.500000000000007
10.030284949676966,23.4526810178714,18.5
7.358974589455998,27.623733114020524,18.5
7.838129082932104,27.65490636641536,18.5
7.950784291635674,27.419427920000004,18.5
7.347752695879653,27.17395075382043,18.5
7.421007957490889,27.41942792,18.5
7.929380394250693,27.419427919999997,18.499999999999996
5.316792658386607,26.898861319288184,18.5
8.300890379791646,26.31593615123704,18.499999999999996
8.51913666801,27.189999205925066,18.5
7.357772102341706,26.09706194063553,18.500000000000004
5.194137099708664,27.870174159627766,18.500000000000004
6.631396041568606,26.684207569547006,18.500000000000004
12.311219521481423,27.659664837469034,18.499999999999996
12.34509760420043,27.660753201120663,18.5
12.30484390338662,27.661788407150198,18.499999999999996
12.294902013149908,27.670156133712833,18.5
12.904457880000004,27.926153945111487,18.500000000000004
12.904457879999999,27.413510531325286,18.5
6.736903329739622,28.96045348536603,18.500000000000004
6.575451874075006,29.20753202,18.499999999999996
7.443676123447415,29.20753202,18.5
8.51491789,28.76397661611526,18.5
7.246346885461897,28.767074444278744,18.5
7.9762583557821305,28.99166809311045,18.500000000000004
5.904287505991907,27.918924626917857,18.5
5.484776543103239,28.717864884757226,18.499999999999996
8.493021060137233,27.645799031149668,18.5
9.386133228113604,28.961955895973826,18.499999999999996
10.743713812264348,29.207532020000002,18.5
7.9552809185923286,28.17152451365713,18.5
11.05064893035458,28.1965717554553,18.5
12.246648550151805,28.186762768708522,18.5
12.904457880000002,28.387814104566512,18.5
12.904457880000002,28.16885917946045,18.5
12.904457879999999,27.446389840119394,18.499999999999996
12.304376971408267,28.441404924215643,18.5
12.288750254551145,27.16861591278932,11.1
12.904457879999999,28.702720445691114,11.099999999999998
9.836374996648113,28.436152177361073,11.100000000000001
12.90445788,28.67930691929232,11.099999999999998
11.133555768719331,28.146320515765197,11.1
12.90445788,28.723169144959396,11.100000000000001
5.862454520181563,28.73462519152532,11.1
5.257899488408275,28.97692392253615,11.1
5.261875454403246,28.976776433271556,11.100000000000001
5.840625607029257,28.978118920182855,11.100000000000001
5.290036496623116,29.207532020000002,11.1
6.474133916950181,28.512561968575387,11.099999999999998
4.1253779,25.595965862462975,11.1
4.1253779,24.882595553328205,11.099999999999998
4.1253779,25.85582693267783,11.100000000000001
4.1253779,25.964187080596393,11.099999999999998
4.1253779,26.63244822205045,11.1
4.1253779,26.242409599799576,11.1
11.1224932332838,27.181460084664202,11.099999999999998
11.909913942878408,27.625321026010713,11.1
12.3144122734255,26.931295402315826,11.100000000000001
12.297560812294174,26.718287302439148,11.1
12.353377709845418,26.98461689338352,11.1
12.396325538719175,27.212437317354148,11.099999999999998
6.031393478292944,26.884354627868355,11.100000000000001
6.111034366459474,26.298544710539172,11.100000000000001
5.962266479122339,26.483555917823107,11.099999999999998
6.043916102391963,26.366932568342687,11.100000000000001
6.0362278630664425,26.375103322133203,11.1
6.074696738549196,26.336459688523146,11.099999999999998
4.1253779,27.650065564795142,11.100000000000001
4.697669415967727,27.924644518166524,11.1
4.773949862172527,27.681278952486636,11.1
5.339467573940307,26.619543320977513,11.099999999999998
4.1253779,26.46061801374237,11.100000000000001
5.283420519799891,27.97054723100725,11.100000000000001
7.949747764456144,25.401098541148038,11.100000000000001
8.528802655046801,25.399801248022012,11.100000000000001
9.075565036072991,25.63132381,11.100000000000001
10.34859123042626,25.63132381,11.1
10.45922147130177,26.423346945165335,11.1
11.010315053727922,26.64783805402315,11.1
4.713050915636125,25.892230592113233,11.1
5.443358904677722,26.34193147142245,11.099999999999998
6.8002361411526255,24.075227855723398,11.1
5.439262525396941,26.578233949131345,11.100000000000001
6.047539023687532,24.06254660411613,11.1
7.962507331822278,23.873018384020078,11.1
4.7021154245633925,25.858379663413633,11.1
5.469125877204859,25.83581255534646,11.1
4.681011013324369,25.163198912085726,11.099999999999998
4.125377900000001,25.385140189592875,11.100000000000001
4.1253779,25.90485410115884,11.099999999999998
4.707146282010076,25.14567149292608,11.100000000000001
10.381246326716454,24.8685725115008,11.1
9.169689998880136,25.13618683034334,11.1
9.709401547189334,25.388271203903834,11.1
9.107451918199375,25.148308688967184,11.1
9.133584007575061,25.386818047505663,11.100000000000001
9.735277637763366,25.137120197121853,11.099999999999998
7.4298006734393915,23.4011910234157,11.1
7.366116005367363,23.611345858560835,11.1
7.421844757821565,23.853187296605732,11.099999999999998
7.227672927615659,23.564852167134447,11.100000000000001
7.310421442514998,23.352561213979612,11.1
6.908285714357623,23.18874893544248,11.100000000000001
4.125377900000001,24.34990620921318,11.100000000000001
4.1253779,24.36767182952933,11.1
6.671320429715501,23.843219699999995,11.1
6.000478648765985,24.076975466272103,11.100000000000001
4.1253779,24.32809380090236,11.100000000000001
4.1253779,24.297812221237976,11.1
10.983837754799335,22.587638138136732,11.1
10.454453312200258,20.75757217086269,11.099999999999998
7.303296680563774,21.50129732438331,11.1
10.479052122916379,19.52450546586739,11.1
9.164296264073169,21.2321930240535,11.100000000000001
9.10870484935045,20.99317292523023,11.1
5.8163247567604035,20.955828314594946,11.1
6.598543756166727,21.274469677607534,11.1
6.623361994904199,21.284579528461173,11.1
6.645357627393595,21.293539574589005,11.1
5.935631207007698,21.004428476380635,11.099999999999998
6.592097172857885,21.271843625192723,11.099999999999998
4.748101801314069,22.30942995574533,11.099999999999998
6.669891742807844,21.303533686189255,11.099999999999998
6.463269872026279,21.21936509071405,11.099999999999996
6.52834089148055,21.24587214097397,11.1
6.49428884815212,21.23200084724706,11.1
5.8184402650177915,20.95669007892835,11.100000000000001
11.741542700952863,19.79738149049073,11.099999999999996
7.410567637132411,20.267011485000005,11.1
10.347483988631259,20.267011485000005,11.1
10.40293631194592,20.50555857312155,11.100000000000001
11.666767917245844,20.267011485000005,11.099999999999998
8.51491789,21.240744951523716,11.100000000000001
8.514917890000001,18.478907377000002,11.1
5.362237905836691,18.996380769476577,11.099999999999998
7.903931088760877,19.531521844476703,11.1
8.51491789,19.25167817456537,11.100000000000001
7.916583055274941,19.261396665643733,11.099999999999998
7.9085705324663635,19.252075785900352,11.100000000000001
5.907039209105224,21.563908917302182,11.100000000000001
8.51491789,19.50231439019715,11.100000000000001
7.145561392714642,20.263846981235492,11.100000000000001
7.896948321060016,19.254305589149208,11.1
5.417011441559301,20.565809520655392,11.099999999999998
5.919440399484643,20.997833058752928,11.100000000000003
12.31586513009481,19.25032158465851,11.1
11.077652413031966,18.22593473021674,11.100000000000001
11.025629130513595,18.22918543142094,11.1
11.177043532130693,19.11733249824622,11.100000000000001
12.2642569633752,18.756178737860594,11.1
12.904457880000002,19.251998815635893,11.1
8.51491789,18.694868700841226,11.1
8.51491789,18.711318826843698,11.100000000000001
8.51491789,19.009117608626603,11.099999999999998
8.51491789,18.72916746000014,11.1
8.51491789,18.73386577428248,11.1
8.51491789,19.015749667720762,11.1
4.1253779,19.17509578636787,11.1
5.339743073033887,18.478907377000002,11.100000000000001
6.977226118208479,18.478907377000002,11.100000000000001
6.971880143572891,18.708124152639265,11.100000000000001
8.514917890000001,18.985286710599496,11.100000000000001
8.51491789,18.74642801434287,11.1
9.772842327619776,17.966484695277583,11.1
11.736133562994505,17.166726832447253,11.1
11.065000398375943,17.20645562678375,11.1
11.660833440193613,17.19740076619535,11.100000000000001
11.805884649227513,17.138313330338818,11.100000000000001
11.750507898578093,17.16087136500626,11.1
9.131892082007091,16.690803269999996,11.099999999999998
9.808204958561804,16.69080327,11.099999999999998
9.690503655623374,16.69080327,11.099999999999998
9.714495508389225,16.690803270000004,11.1
9.722187175231168,16.69080327,11.100000000000001
10.378695558421859,16.690803270000004,11.100000000000001
4.705016524201723,17.461440762694373,11.100000000000001
8.473465886951193,17.217371613190736,11.100000000000001
9.774082358571267,17.965979561609313,11.1
5.392742386460315,17.713906906384945,11.1
8.514917890000001,18.23651618630312,11.100000000000001
9.165714024047706,17.72300006877098,11.1
5.866976714894442,16.69080327,11.1
7.2260619079991315,16.690803270000004,11.100000000000001
7.272221205809309,16.690803270000004,11.1
7.3579130873502026,16.690803270000004,11.100000000000001
6.00009441262525,16.69080327,11.099999999999998
7.2426831791601005,16.690803270000004,11.100000000000001
11.03288038625014,17.4532010180025,11.100000000000001
9.107655281349622,17.41168616151967,11.099999999999998
9.863031289742093,17.929745708061528,11.1
10.937134546061609,16.94709145048748,11.1
9.126322787670304,16.9131382710813,11.1
10.308873777520247,17.240167682764444,11.1
12.904457880000002,17.901442721846674,11.1
12.904457879999999,17.51238925166734,11.1
12.90445788,17.743336704562896,11.099999999999998
12.90445788,17.73455089572873,11.1
12.90445788,17.625827171753908,11.100000000000001
12.904457880000002,17.464900526387133,11.1
7.272059648328623,18.478907377,11.100000000000001
7.251117325997173,18.478907377,11.1
8.514917889999998,18.478907376999995,11.1
8.51491789,18.478907376999995,11.1
8.51491789,18.2409860899627,11.099999999999998
8.51491789,18.478907377000002,11.1
8.51491789,17.989084996073068,11.100000000000001
9.662751967481533,17.747538431450568,11.100000000000001
9.72202212523295,17.987186594067314,11.1
8.51491789,18.478326072571786,11.099999999999998
9.081106404016337,17.7475731279467,11.099999999999998
9.59887429413509,17.562972508705045,11.1
12.904457880000002,17.927146506776378,11.1
12.90445788,17.933327211421403,11.1
12.904457879999997,17.445842217144623,11.1
12.904457880000002,17.67928442001271,11.100000000000001
12.904457880000004,17.984185304697725,11.1
12.90445788,17.757807856904357,11.100000000000001
5.335289562648633,22.547979996750332,11.099999999999998
8.51491789,18.263687280329858,11.100000000000001
7.250871377760838,18.991882981086086,11.099999999999998
7.893863604968404,18.73189737615387,11.099999999999998
8.51491789,18.478907377000002,11.1
8.517726314475826,19.245359327969613,11.100000000000001
12.235037296237412,19.499919191923436,11.1
9.656321228465774,19.23029109042119,11.099999999999998
9.688580687309754,19.48517149364178,11.1
7.3353350526414856,19.516960974920053,11.099999999999998
11.723529396182347,19.23381695585982,11.100000000000001
9.112330560431165,18.986532959774234,11.1
11.56922238223085,18.985610125595294,11.100000000000001
12.904457879999999,17.743322272214563,11.1
12.904457879999999,18.451853998160527,11.099999999999998
12.904457880000002,17.747818954548613,11.100000000000001
12.904457880000002,18.983736476568158,11.100000000000001
12.904457879999999,18.468881559496502,11.1
8.51491789,22.008483989280073,11.100000000000001
4.730383510119602,21.81204316103404,11.100000000000001
5.836069643038588,22.07297510143792,11.100000000000001
4.1253779,22.057447318544508,11.1
5.344848229919064,21.812644163407462,11.099999999999998
4.735793377445844,21.552160016779926,11.100000000000001
8.514917889999998,22.213847789936114,11.1
9.734736292036713,21.564333213555773,11.1
8.51491789,20.854323540536534,11.100000000000001
7.919415308625554,21.83424812754282,11.099999999999998
9.18557364196901,20.700959796954358,11.099999999999998
9.123901849584014,21.307896338226644,11.1
11.664524135424097,20.566668491278254,11.1
12.90445788,20.518254836267012,11.099999999999998
12.90445788,21.797799937601184,12.157940527702008
12.904457879999999,20.024769372423584,11.099999999999996
12.904457879999997,22.487479684586926,11.099999999999996
12.90445788,21.25872786210513,12.133853637299643
4.1253779,24.07508567199174,11.099999999999998
4.660117101784157,24.09850731851724,11.1
4.690429504159933,24.082646487666555,11.099999999999998
4.1253779,23.877077831088002,11.100000000000001
7.143792265503363,25.257568805842244,11.100000000000001
5.41298478961288,23.85234285891488,11.100000000000001
4.1253779,24.07356470492771,11.1
10.446351383035235,24.614101212842346,11.100000000000001
7.19723734840214,24.09940791735648,11.1
7.904330102903633,23.85627948960745,11.1
5.363110934906644,24.336647010830344,11.1
9.75067225163831,25.39215249246604,11.099999999999998
12.904457879999999,23.04646258043867,11.099999999999998
12.904457879999999,21.82996872985118,12.290598725226495
12.904457880000004,24.432690644432753,11.1
12.904457879999999,23.341518376061195,12.139482686944637
12.90445788,25.14496232463946,11.099999999999998
12.904457879999999,23.12881330488959,11.099999999999998
4.125377899999999,24.57596807253141,11.1
4.1253779,24.37708029669312,11.099999999999998
5.360779866862476,24.864911804812177,11.1
6.711157458029668,24.60501370834194,11.099999999999998
7.242495444572892,24.65282732495382,11.099999999999998
5.949940707210422,24.143778620028748,11.099999999999998
8.548640438810363,25.40308797631354,11.100000000000001
9.103821838921526,25.40346164501489,11.099999999999998
9.695699772095903,26.112322033321625,11.100000000000001
9.74274803251713,26.131487410108075,11.1
9.093570780483946,25.40952890738809,11.1
9.654209809930222,25.857439937488763,11.099999999999996
12.90445788,23.82602100843962,11.1
12.90445788,26.841301499754216,11.1
12.904457880000002,25.124460198858515,13.104828180438128
12.904457880000002,22.36957390675572,11.1
12.90445788,25.875639007546354,11.100000000000001
12.332730721400837,23.08864368488868,11.100000000000001
4.125377900000001,27.69048095040679,11.100000000000001
4.1253779,27.663691795651467,11.1
4.125377899999999,27.95331960108092,11.099999999999998
4.125377900000001,27.633885731387863,11.100000000000001
4.125377900000001,28.19445692707906,11.100000000000001
4.1253779,27.681202277846506,11.1
6.7243837351075015,27.66625239087401,11.099999999999998
7.368297792339692,27.41942792,11.1
9.056456894111426,27.629306225071716,11.100000000000001
8.51491789,27.624695255463667,11.1
9.030188903848133,27.41942792,11.1
7.9986551861300486,27.41942792,11.1
12.904457880000002,28.75048315119334,11.1
12.282146572683223,28.184038843819124,11.1
12.90445788,27.65488403830721,11.1
12.29446728463045,28.172778049071187,11.1
12.904457879999999,28.163947564592533,11.1
12.31092025421257,28.418112399341535,11.1
4.1253779,28.50869200992416,11.099999999999998
7.124692294843689,28.722344882468995,11.099999999999998
5.276589278151189,28.487271351725322,11.1
5.824218226264047,28.726524096752865,11.1
4.642734286046911,28.976238731582335,11.100000000000003
5.230061942513707,28.52682821558418,11.100000000000001
4.1253779,28.24031900197839,11.1
8.51491789,28.42910021679377,11.1
8.51491789,27.961720440593204,11.099999999999998
8.51491789,28.19369610743809,11.100000000000001
9.74929365182811,27.679609810354222,11.1
11.008481986805698,27.939105844318423,11.1
9.766087869960613,26.625905421789877,11.1
12.904457879999999,28.704561345859762,12.211372818079042
12.904457880000002,28.976667728303735,11.100000000000001
12.904457879999997,28.458764679308153,14.198744822026663
12.90445788,28.741493526649922,11.1
12.904457879999999,29.01025031288334,11.1
6.393823363894812,28.112770394156,18.500000000000004
6.388915428582514,28.969774734735438,18.499999999999996
6.612558025401203,28.983648111676857,18.5
9.89557903073006,28.452756660283413,18.5
6.589539197454828,27.299610461637634,18.5
7.986244825544905,27.448827658208383,18.5
8.51491789,28.960471947026267,18.5
8.51491789,28.98673134919813,18.5
8.02522702610202,29.20753202,18.5
8.51491789,28.994311219365233,18.5
8.51491789,28.966816667441567,18.5
8.082503465176032,29.207532020000002,18.5
7.8968660216645645,28.41877853149434,18.499999999999996
8.51491789,28.729260446302327,18.5
7.237503757508355,28.185531077905512,18.500000000000004
6.645314179221495,27.910460110861433,18.5
7.272274115816871,28.701334005511395,18.499999999999996
5.281087914092737,28.9764519241657,18.5
12.327681123562762,27.976722577025004,18.499999999999993
10.495226277495371,28.471837721437534,18.5
11.660767156175023,27.951108656532288,18.500000000000004
10.441533171647885,27.701420205220582,18.499999999999996
9.12220130180257,26.62575847721933,18.5
7.919761311437642,23.5800464611482,18.499999999999996
8.061673540636248,27.20810588492169,18.5
7.501521903070218,27.62150987045159,18.5
7.412633947733395,27.41942792,18.5
6.914645155826505,27.631165515401236,18.500000000000004
7.335815195375277,27.41942792,18.499999999999996
8.51491789,27.261796210331898,18.5
7.538085359964378,27.62608225938915,18.5
4.125377900000001,28.491133176146406,18.5
4.125377899999999,28.340080109053172,18.499999999999996
4.1253779,28.502739127518247,18.500000000000004
5.4409027741464255,28.438896871611195,18.499999999999996
6.790428342030412,27.874695558442273,18.5
11.101409790903805,23.115761300055894,18.499999999999996
12.324772506078112,23.58709136668947,18.5
12.904457880000002,22.530240254323456,18.500000000000004
9.247276651421284,23.02383772626605,18.5
11.71644291347998,23.502334211384152,18.499999999999996
10.633375813956107,23.457550529081686,18.5
8.51491789,25.41747219556134,18.500000000000004
7.303310689870233,27.419427920000004,18.5
5.399071457685846,27.419427919999997,18.5
6.739462876352286,25.73415460369542,18.5
6.088345808269698,27.41942792,18.5
6.601982891009552,26.99671237081984,18.499999999999996
7.373236462833136,26.660669478839658,18.5
6.762941500005169,27.194209056432065,18.5
6.674894058926306,26.737080690798102,18.5
7.397029950228337,27.21299316504964,18.5
7.331559773568231,27.18749964843766,18.5
7.415818691270997,27.209422283472765,18.499999999999996
12.90445788,22.794187356394655,18.500000000000004
12.90445788,22.55537047095704,18.5
12.904457879999999,22.283719238926842,18.5
12.904457879999999,22.540194481530385,18.500000000000004
12.90445788,22.535294841926948,18.5
12.904457879999999,22.794319839739863,18.499999999999996
8.448772550944096,23.26596906531354,18.499999999999996
9.055938415846258,22.9889757270727,18.5
9.277693244887221,23.087612441488165,18.5
6.670597926597995,24.810214372059697,18.5
5.308937794477183,24.165802614309356,18.499999999999993
8.49260460230822,23.294668353604063,18.499999999999996
4.934809719427307,23.29573818864538,18.500000000000004
4.880540781650713,23.498360520095826,18.5
7.342182333023625,22.61094137572145,18.5
7.304170650767454,22.62103318283583,18.500000000000004
7.860620605502658,22.719728651725042,18.5
5.9281200448047064,22.358850366912893,18.499999999999996
11.748960097422197,22.055115591999996,18.499999999999996
9.40005273485544,21.09073624468713,18.5
7.13274970159409,21.033876211781536,18.5
11.801932916935922,22.055115591999996,18.5
11.79195902024116,22.042384405979064,18.499999999999996
11.72192098054208,21.821470552630736,18.5
8.51491789,22.35967416704935,18.5
7.849731252052104,22.31537700209649,18.500000000000004
7.099164127200227,22.345428463519838,18.5
9.564111758432558,21.854595296511928,18.5
8.484928824706472,22.31100948853664,18.499999999999996
7.213243064361922,22.345895868698864,18.5
5.924403953594202,22.79965916157388,18.5
5.293253945381017,22.55571740317349,18.5
5.224145982781765,22.122125802021856,18.5
4.814873261509694,23.01834112192411,18.5
6.0307451620562365,22.856807503404593,18.5
5.0042431375331295,23.043221112189215,18.5
7.283575346955881,20.272337458718347,18.499999999999996
9.08065444121469,17.920859319961554,18.500000000000004
10.379106578641322,18.505623448446293,18.499999999999996
8.5994498562016,19.18500473950519,18.5
8.624415307792628,19.254314881730878,18.5
6.713839514027665,19.207331753514183,18.5
9.700968467936649,20.271108033769654,18.5
6.598199270667573,21.27953791353282,18.5
6.574169147402331,21.300398574808458,18.5
6.749821055270521,20.993591828693344,18.5
5.9712883381280335,21.30317346524177,18.5
5.973133879498848,21.302421673456685,18.500000000000004
5.288146747008837,22.110487062275514,18.500000000000004
7.919257107197029,19.17074944586635,18.5
6.77945191138822,19.185859324748392,18.5
7.198784079594428,19.728975481965012,18.5
4.125377899999999,20.001255411090153,18.5
4.697052717001816,21.236221511823512,18.5
7.868847472828312,18.23987481589034,18.499999999999996
7.333287594853419,18.672359344770463,18.500000000000004
10.491070017508548,18.997076693054233,18.5
11.679989025049183,18.543544445277107,18.499999999999996
6.688748898390805,18.995391717571497,18.5
10.444257157322259,18.48297464926051,18.5
9.902162625789678,19.45979042886074,18.499999999999996
5.985360431354995,19.2466029981392,18.5
6.506016016530461,18.278857475894462,18.5
5.972159980458372,18.99662044632967,18.5
5.825550840208487,17.267075525954176,18.5
6.449247026886105,18.008701756950995,18.5
7.299832679484256,20.422626115089,18.499999999999996
7.254226813183753,19.498041091499267,18.500000000000004
5.970233117261328,20.293155036053605,18.499999999999996
7.933438801116489,19.454600226185512,18.5
5.883921640178987,19.07629353670524,18.500000000000004
5.3661636123204515,21.6289652427915,18.5
9.088887013776825,17.420564775545003,18.5
7.236604877361834,18.248388304997068,18.499999999999996
10.305301540077368,17.220193836749424,18.499999999999993
6.607905585544973,18.497753624500238,18.5
9.669497952251477,17.35241043180778,18.5
10.273635135339026,17.226643581881664,18.5
7.877230004162934,16.69080327,18.500000000000004
7.956718968698367,16.69080327,18.500000000000004
7.274323004137348,16.69080327,18.5
7.9674372611966575,16.69080327,18.5
7.373894354679559,16.69080327,18.5
7.908140307512314,16.69080327,18.5
5.898220627652586,17.499197890506526,18.5
4.72443940606102,17.460998038991438,18.5
5.9475801451022425,17.745171792081877,18.499999999999996
6.030067061907199,16.96493672804963,18.5
4.747696695283063,17.190328811279127,18.5
6.089067801274844,16.950505895996617,18.5
9.072716734168779,17.453110304149362,18.5
7.892512521961796,16.690803270000004,18.5
7.389563246604981,16.690803270000004,18.5
7.995683584931857,16.690803270000004,18.5
6.7358675692896695,16.69080327,18.5
7.886505931339417,16.69080327,18.5
8.445197148600313,17.734433709473315,18.499999999999996
7.860971509120282,17.19874290131085,18.5
7.7451735129140165,17.219315875422254,18.5
7.960807043251564,17.45792047536424,18.5
7.876263906303221,16.928973687135397,18.500000000000004
6.6952499060268185,16.69080327,18.5
12.904457880000002,17.471968862234892,18.5
12.90445788,18.210621369733413,18.5
12.90445788,18.519691270076237,18.5
12.904457879999999,17.729691901282756,18.499999999999996
12.90445788,18.70128146344336,18.499999999999996
12.268856753740868,18.985494317165752,18.5
7.8918863174705605,20.481486572394147,18.5
6.697904086943617,17.86472422667933,18.5
6.673775403185399,18.41147326162548,18.5
7.260578821240039,18.93258358968486,18.5
7.922256540462286,16.690803270000004,18.5
7.851969463482196,16.69080327,18.5
7.251892630939268,17.455958168650803,18.499999999999996
7.932518713604516,18.19169237380946,18.5
6.021369654153555,20.022563875501632,18.5
7.8513885913836,18.964692421169598,18.5
6.723636942369191,19.737091333554435,18.5
9.0365032934437,17.969166146529684,18.5
12.90445788,19.00844506106898,18.5
12.90445788,17.441779774031037,18.5
12.90445788,18.287999019537946,18.5
12.904457880000002,18.286405747301533,18.5
12.904457880000002,18.443541329975822,18.500000000000004
12.291702568186146,20.550925938693155,18.5
7.232603961402773,21.03299443033132,18.5
7.236707319878,20.537042849873036,18.500000000000004
7.23242884355818,20.28379919624961,18.5
6.6222704968180315,20.558117341152983,18.5
8.452533981615174,21.505030390680666,18.499999999999996
7.88441503243201,20.79868038334976,18.5
7.344536519218223,19.47087462881295,18.5
7.9034238321489045,19.79274070372493,18.5
9.76186468328605,19.76516607486347,18.500000000000004
9.212447586753663,20.042424206541067,18.499999999999996
8.548423610056435,20.25890633289562,18.500000000000004
10.34690206994617,20.270050500261522,18.500000000000004
12.323797178465988,18.418546143663598,18.5
12.90445788,18.528529992766835,18.5
12.90445788,17.673802633767213,18.5
12.314542966885286,19.273349913342628,18.5
12.904457880000002,20.779075747268287,18.5
12.90445788,19.239045975836845,18.5
9.08261721213397,22.500809996661996,18.5
6.690991218358822,22.02489428590067,18.499999999999996
7.289199367234032,22.304542486267984,18.500000000000004
8.514917890000001,21.569895274776403,18.500000000000004
8.51491789,22.06161026681051,18.5
7.2825694926961155,22.32407046566575,18.5
8.589770706500229,20.783753239367083,18.5
9.119186720318993,21.286526931197802,18.5
7.279154167147234,20.585348084216427,18.5
9.687627759986382,20.621985464462657,18.5
10.457740139431401,22.056571235978453,18.500000000000004
9.308090439163799,21.56407811944191,18.5
12.90445788,19.496812226098918,18.5
12.904457879999999,18.833064771482398,18.499999999999996
12.90445788,20.48562150001214,18.5
12.904457879999999,21.221505168240572,18.5
12.90445788,18.22676045563602,18.500000000000004
12.904457880000002,19.76062888720909,18.5
7.925689414455587,22.811760631373023,18.499999999999996
7.392807359737372,22.05990104997105,18.499999999999996
6.719611205082339,22.790077783469233,18.5
7.3333312690888315,22.036659926965893,18.5
7.353194628354663,21.577630163001697,18.5
8.537841703807835,21.804001307785683,18.500000000000004
11.041446841404936,22.853406043762842,18.5
12.25132808750732,23.61120599310406,18.5
9.354664151787146,22.048493299895334,18.5
11.695418738376917,22.05427766442033,18.5
10.36095231500662,22.79512037521438,18.5
10.969133252533743,22.065737486624737,18.5
12.90445788,20.24827057257488,18.5
12.90445788,19.731576728339068,18.5
12.90445788,24.307768187030433,18.5
12.904457879999999,20.558184569615342,18.499999999999996
12.90445788,21.5151720826058,18.5
12.904457879999999,23.70040302764673,17.471035385471165
4.7423788303807575,26.134465771987006,18.5
5.317521974777008,26.369774058741342,18.5
7.943857181933614,25.95149690466637,18.499999999999996
7.9046455994006,25.308351010274276,18.5
7.976448731599554,27.419427920000004,18.5
7.7026647393884105,25.91969154924449,18.499999999999996
9.128325346844015,23.057118721580764,18.499999999999996
9.752769077752633,24.39200670412098,18.5
7.352929928202394,24.45165520567122,18.5
7.954510106190584,26.34179846909464,18.5
8.414692708713723,22.860134913315726,18.499999999999996
7.281379909314606,24.4852745459232,18.5
12.904457880000002,24.659036202042294,18.500000000000007
12.90445788,22.30238501643881,18.5
12.904457879999999,24.34700056730643,18.499999999999996
12.904457880000002,25.6296167256497,18.5
12.904457879999999,24.384619359234186,18.5
12.90445788,25.38567538308324,18.499999999999996
7.988330522983535,29.207532019999995,18.5
7.978412450005014,29.207532020000002,18.500000000000004
5.180663747434308,29.207532020000002,18.500000000000004
6.596965139971129,29.207532019999995,18.499999999999996
6.692529792557272,29.207532020000002,18.500000000000004
6.037567552992604,29.207532020000002,18.5
6.036561566380253,26.39623366354284,18.5
7.849914337923975,26.627838538778533,18.5
6.072394742143583,26.671057152148766,18.5
7.911394399981703,27.173579189736294,18.5
9.152442392510409,27.419427920000004,18.5
9.296542342770282,27.452625926729894,18.499999999999996
12.904457880000002,28.151764671688724,18.500000000000004
12.904457880000002,27.889567683563925,18.5
12.904457879999999,28.938075173489132,18.5
12.284123831298874,27.658755653189772,18.5
11.698299029337221,27.180135342866144,18.499999999999996
12.193970789030704,27.92081139760078,18.500000000000004
7.3504037679030265,29.207532020000002,18.5
6.707089660672653,29.207532019999995,18.5
7.3894368345085395,29.20753202,18.5
6.120738854055487,29.207532020000002,18.5
5.4214068929626045,29.207532019999995,18.5
7.880106274440243,29.207532020000002,18.499999999999996
6.651717716194625,28.70261916003888,18.499999999999996
10.377317689245444,28.156462701560557,18.5
9.69824214590647,27.907673713446428,18.499999999999996
10.495127031621745,28.211756762839475,18.5
11.817731812936959,28.759770182785,18.500000000000004
8.629015053480677,29.207532019999995,18.5
11.710838528968566,28.51089563853225,18.5
12.904457880000002,28.46061636321463,18.5
12.90445788,28.687991493150843,18.5
12.90445788,28.428899563007924,18.5
12.39095693359734,27.849701539651285,18.5
12.904457880000004,28.478959059923653,18.500000000000004
8.546485967050378,28.17912543046044,11.100000000000001
7.273423335447477,27.92693385024326,11.1
6.6845828530934535,27.930675484311,11.1
9.135516062049925,28.203361808124047,11.100000000000001
8.521276515654773,28.460341543576877,11.099999999999998
7.94602603350089,28.694516322798165,11.1
5.927636948542812,27.398202100550414,11.1
4.773390984447806,26.946053313829935,11.1
4.783058535637627,27.187668022174485,11.1
5.410261798958942,27.206475780302974,11.100000000000001
5.2662084537104406,28.749078992435457,11.1
4.721193013442079,28.224738143939707,11.1
4.1253779,26.842280576265644,11.1
4.125377900000001,26.398723662750594,11.1
4.1253779,26.18633424466795,11.100000000000001
4.680225222561414,27.13082710385099,11.099999999999998
4.720546471336732,27.436987604192453,11.1
4.125377899999999,26.906181369897364,11.1
11.070040916013374,26.672167724118243,11.100000000000001
5.80122510214085,26.734846617266495,11.099999999999998
6.663785426659326,27.090429380577696,11.1
6.082857387490776,26.073091562270385,11.099999999999998
7.9641152322271775,27.419427919999997,11.099999999999998
6.746174305400146,27.654442389179213,11.1
6.073792712403677,26.60245618651623,11.099999999999998
4.656883908024638,28.087705787541836,11.100000000000001
5.299463620888868,28.024521879391653,11.099999999999998
5.841685638634356,28.724776055492867,11.100000000000001
5.355597314654558,28.42342651113692,11.099999999999998
6.4868820645790315,27.47581736415234,11.099999999999998
4.125377899999999,26.077066516079284,11.1
4.1253779,25.612343193496685,11.100000000000001
4.1253779,26.954842174048213,11.1
4.1253779,26.40399445415163,11.099999999999998
4.125377899999999,25.352078887970475,11.099999999999998
4.125377900000001,24.8477948582305,11.100000000000003
10.386636552407376,26.3937790651381,11.1
7.232515073086049,26.538238980175468,11.099999999999998
8.514917890000001,25.031950875928494,11.1
9.09773909880942,25.067394814176073,11.099999999999998
8.461449120561483,25.118292386168303,11.100000000000001
7.836723939543961,25.373843288739643,11.1
5.399641857263115,26.38921791092904,11.1
6.793799936680144,27.26737269712014,11.1
5.437300544764484,27.598396237931677,11.099999999999996
7.899098559138085,27.389040994167736,11.1
6.726181413814771,26.112111862909366,11.1
6.693123057030671,26.124158121737093,11.1
4.125377900000001,24.872452352807407,11.100000000000001
4.1253779,26.3870301942188,11.100000000000001
4.1253779,26.07896058196643,11.099999999999998
4.1253779,26.082830719688697,11.1
4.1253779,24.867932317200633,11.1
4.125377899999999,25.352560165702542,11.099999999999998
7.1557570377923785,24.09160816842634,11.1
5.3158333647502305,22.307615261514908,11.1
6.6065118068811595,22.839948923817474,11.1
5.340304923809111,21.835425461190432,11.100000000000001
6.642643302507285,23.54731169884473,11.1
5.2869495694995345,23.09239136911458,11.1
7.2822294916581765,24.112815325800582,11.1
7.936686943217937,25.060084567754195,11.1
5.455679487961758,24.365952742854525,11.099999999999998
6.638906890839721,22.848430976652573,11.100000000000001
7.192364513601452,24.946466383358185,11.1
6.8198044309273635,23.837846824003286,11.1
4.125377900000001,24.58247711255425,11.100000000000001
4.125377899999999,24.279757004572158,11.099999999999998
4.125377899999999,24.297355147184597,11.1
4.1253779,24.07889781060983,11.1
4.1253779,24.05442817278439,11.1
4.1253779,24.029262452337104,11.100000000000001
8.49850580324248,21.806674064843893,11.1
8.51491789,20.028035110557287,11.1
7.351482497350779,23.345990746956392,11.100000000000001
6.6461597329446676,22.52723726639772,11.100000000000001
8.439656560156084,24.32522482017219,11.099999999999998
8.56967963996107,23.900650903163704,11.099999999999998
5.32396579833206,20.7552630896079,11.099999999999998
6.634534118832807,23.33336870254416,11.1
6.6554956046976015,23.121658825290748,11.099999999999998
6.660983741538834,23.633354526686666,11.099999999999998
7.331650041577599,23.684634267456556,11.1
6.707502202388211,25.137378656122966,11.1
4.125377900000001,23.848734494707433,11.100000000000001
4.1253779,24.35046588551328,11.1
4.125377900000001,24.078078394786136,11.100000000000001
4.1253779,23.834912051458993,11.100000000000001
4.125377899999999,24.331182963959883,11.099999999999998
4.1253779,22.58468999514452,11.1
8.514917890000001,18.478907377,11.1
8.514917889999998,18.694590854499015,11.099999999999998
8.51491789,18.478907377,11.1
8.51491789,18.478907377,11.1
8.51491789,18.728298502624607,11.099999999999998
9.736944851577869,18.716571807380934,11.1
7.259922213676594,19.779828607356247,11.099999999999998
8.514917890000001,18.73719533371357,11.100000000000001
7.2860622817193335,19.480070034452435,11.100000000000001
6.634674540853461,19.519386239752773,11.099999999999998
8.51491789,19.502634356566862,11.100000000000001
8.51491789,18.718593986660192,11.100000000000001
4.1253779,24.069918758364928,11.1
4.1253779,22.905506462317607,11.1
4.6845173467803765,23.090708271808868,11.1
4.1253779,22.36947665072271,11.1
4.125377900000001,22.200817479156512,11.100000000000001
4.669500106262169,23.142600071621956,11.100000000000001
8.514917889999998,18.478907377,11.099999999999998
9.737290815232335,18.221832424038993,11.1
8.514917889999998,18.231029767194528,11.099999999999998
9.733954338512643,18.466250919429633,11.1
9.146991229157699,18.221428703551783,11.099999999999998
9.714013030262251,18.457925472337067,11.100000000000001
6.614006823287075,18.478907377,11.1
8.006060656720447,18.686193268297387,11.099999999999998
8.514917889999998,18.69804096364015,11.099999999999998
8.51491789,18.675826069493617,11.100000000000001
8.51491789,18.478907376999995,11.1
8.51491789,18.7133955003473,11.1
4.1253779,22.232877883685752,11.1
4.1253779,21.552228706648574,11.100000000000001
4.1253779,19.691450261302435,11.099999999999998
4.1253779,18.944248872121268,11.099999999999998
4.1253779,19.970009115488676,11.1
4.125377899999999,19.085125101531926,11.099999999999998
9.199247092471165,17.16312633195002,11.099999999999998
10.39719206292056,16.69080327,11.099999999999998
10.390958879546899,16.69080327,11.1
10.418131972606933,16.690803270000004,11.100000000000001
9.197074302356327,16.69080327,11.1
10.25316305348057,16.690803270000004,11.1
8.47482140647634,16.69080327,11.1
7.884323227405231,16.690803270000004,11.099999999999998
7.892988703474101,16.912195131485472,11.1
9.096548970424841,16.690803269999996,11.1
7.387368589470552,16.69080327,11.1
8.514917890000001,17.403415944830893,11.1
4.6642838239053175,16.69080327,11.1
4.650781431049616,17.216511350471226,11.100000000000001
4.1253779,17.141960622361168,11.1
4.1253779,17.73174923607401,11.1
4.1253779,17.172272279796328,11.100000000000001
4.1253779,16.915962100751305,11.1
5.398984879041082,17.196941533756615,11.099999999999998
5.308184630139802,16.927728088501784,11.099999999999998
4.756282555684343,16.690803270000004,11.1
7.209427897876201,16.69080327,11.099999999999998
4.808588352917365,16.958780042196327,11.1
4.730950597405597,16.690803269999996,11.099999999999998
9.79952611655662,16.69080327,11.1
8.484198337480688,16.93611365692994,11.100000000000001
9.202410654509645,17.186616590062894,11.1
9.76080373682546,16.690803269999996,11.099999999999998
9.134395896692917,16.933630496099337,11.100000000000001
9.769505572728335,16.940270757542027,11.1
10.968935029376937,17.479249523201002,11.100000000000001
11.738120995594862,17.40624567295891,11.099999999999998
12.316010722703648,17.418799483872466,11.1
11.665362806093093,17.452603247771346,11.1
9.759691577290146,17.490470971102457,11.099999999999998
11.797834289715363,17.397662963514268,11.1
5.2810616643359545,19.270455733149994,11.099999999999998
4.71292504249246,18.451613130215392,11.100000000000001
6.534610663290156,18.228553177202183,11.1
7.226914984246741,18.478907377,11.1
5.961069374860564,18.730172371255343,11.1
4.1253779,18.236917747291425,11.1
7.259615724025892,18.478907377,11.100000000000001
8.514917890000001,18.478907377,11.1
8.51491789,18.478907377,11.099999999999998
7.9525491524136145,18.478907377000002,11.100000000000001
8.51491789,18.478907377,11.1
8.51491789,18.478907377000002,11.1
10.976223325706979,18.74763982149847,11.100000000000001
12.30903997231179,17.712906199737414,11.1
11.70925325494298,17.438903842779744,11.1
12.327440999765123,17.698634903566138,11.099999999999996
11.68888706681026,17.702951270109907,11.1
10.9113948647144,18.47896945402135,11.1
7.283302207878905,19.253914696079228,11.100000000000001
6.585829190489767,19.79973966683268,11.100000000000001
4.125377900000001,21.551580304821336,11.100000000000001
4.1253779,19.17778199662009,11.1
4.1253779,19.778416100517322,11.099999999999998
5.887983395151575,19.856128512867894,11.100000000000001
8.514917889999996,18.722447498123437,11.099999999999998
7.90379833278377,19.012652433253542,11.100000000000001
8.51491789,19.000993919672286,11.1
8.51491789,18.992622712629842,11.099999999999998
8.51491789,18.76570517658484,11.1
7.25875756107077,20.044127386317342,11.1
9.768594982915051,19.755493487635853,11.1
10.991024922462326,18.991283169045953,11.1
11.005734007512071,18.990847797084292,11.1
11.586449724852272,19.991170166332417,11.1
11.623328719764174,20.267011484999998,11.099999999999998
10.932363639827551,18.00055984246539,11.099999999999998
5.159356731585462,22.907367807023682,11.100000000000001
4.1253779,21.73111261406896,11.099999999999998
4.125377899999999,21.79001875664898,11.1
4.1253779,23.347464659892708,11.1
4.1253779,22.06554256534254,11.099999999999998
4.1253779,22.524678998903795,11.099999999999998
7.869327365474031,22.071931177285194,11.1
5.384502628831648,20.81489607979255,11.100000000000001
7.8638467859488825,21.52576464791029,11.1
7.254474999063217,20.006485209441085,11.1
6.0064270643060675,22.047375952883755,11.099999999999998
8.525985288058255,20.529888756074186,11.100000000000001
12.904457879999999,20.762994441087997,11.1
11.002931845337471,21.799054864953412,11.1
12.292905323280799,21.825829881354707,11.1
12.283702018550803,21.527926422777288,11.1
12.90445788,20.787977829341884,11.100000000000001
12.904457879999997,21.307526634242727,11.099999999999998
4.1253779,24.107614435836837,11.1
4.1253779,23.3759817396266,11.1
4.1253779,23.58850762624848,11.1
4.1253779,24.087482112584393,11.1
4.1253779,23.115956308480488,11.1
4.717875674309935,23.594329320737756,11.1
4.1253779,24.078459685183386,11.1
4.706989051030141,23.83916273182025,11.1
5.211383209789251,24.06049563250372,11.100000000000001
5.457907208700933,24.072190140406125,11.099999999999998
5.172375499692173,24.066636727833142,11.099999999999998
4.1253779,24.296009935894652,11.1
11.513572638135095,22.586219017376663,11.100000000000001
11.724252247905202,24.083630837804947,11.099999999999998
9.153618686828999,24.34364446572532,11.1
10.410051607621526,23.83870558552419,11.099999999999998
11.613073344615803,23.065339338234196,11.100000000000001
9.79905245222624,24.1210653014672,11.1
4.125377900000001,26.04022284209767,11.1
4.1253779,26.07419026904122,11.099999999999998
5.340447291758269,25.86640686228451,11.1
4.730435418358857,24.84435727337262,11.099999999999998
4.125377899999999,24.830805747964504,11.099999999999998
4.1253779,25.314375280755925,11.1
7.26307477820383,26.162682315014727,11.1
5.458369529323517,26.961779100579164,11.100000000000001
4.1253779,25.74665852777515,11.1
6.033643972675314,26.61284881085337,11.100000000000001
9.954745096973225,27.41634083406955,11.100000000000001
7.926760316264128,27.722117105725427,11.099999999999998
9.726257583957512,23.083433956927944,11.1
9.080932728909012,24.862601804011632,11.1
7.1980427211400215,25.09488721136784,11.100000000000001
7.231808136698836,23.85355890927344,11.1
9.118729888329009,24.365295420792677,11.1
9.111492836051518,25.387320733536654,11.1
4.1253779,26.359469945055345,11.100000000000001
4.693425882741689,25.804821575139183,11.099999999999998
4.125377900000001,26.91898950836073,11.100000000000001
4.1253779,26.91672275291861,11.1
4.1253779,26.458549999511582,11.1
4.745578543892005,28.205357770676216,11.1
4.1253779,27.94412627220739,11.1
5.860947181766997,27.41942792,11.1
6.695029486086316,27.664999122316686,11.099999999999998
6.648912926348223,26.9500376372101,11.100000000000001
4.1253779,28.16443722230819,11.100000000000001
7.212658393522523,27.2081324520995,11.1
12.255294753456152,27.155311109742513,11.1
11.608314365068768,27.664431929423834,11.1
9.692689666956655,27.419427919999997,11.100000000000001
10.254217664427173,27.653086333246417,11.1
11.674910896277648,27.41942792,11.099999999999998
9.688830346489375,27.419427920000004,11.100000000000001
4.1253779,28.172191529259052,11.1
4.1253779,28.472552461509153,11.099999999999998
4.125377899999999,28.933239867278267,11.1
4.1253779,28.701765603156005,11.099999999999998
5.314600587528075,28.708058404805264,11.1
4.1253779,28.937415783289037,11.100000000000001
4.1253779,28.97908069585238,11.1
4.1253779,28.751382569015664,11.1
4.710671177940615,28.97668298109521,11.1
4.1253779,28.73173433872734,11.099999999999998
4.1253779,28.731165973757317,11.099999999999996
6.473937122207291,28.7232605899654,11.1
12.90445788,28.472158866847348,11.1
12.90445788,27.408627501536785,11.099999999999998
8.514917890000001,26.66793581206938,11.1
12.290550902622666,27.7665128579726,11.099999999999998
8.51491789,27.668230416513026,11.1
11.032099971328654,27.706337100389465,11.100000000000003
6.754728781167578,28.74957296271991,18.5
8.514917889999998,28.624588838056948,18.5
5.976252384055397,28.1968180400619,18.499999999999996
8.51491789,28.71909169538001,18.5
8.514917889999998,28.675250684731328,18.499999999999996
7.191030051093572,26.383971290360666,18.5
8.148982946486605,29.207532020000002,18.500000000000004
8.126312968542479,29.207532019999995,18.499999999999996
8.51491789,29.013428755546776,18.499999999999996
8.51491789,29.022501282047518,18.499999999999996
8.51491789,28.982704797718775,18.499999999999996
8.51491789,28.99069800715582,18.5
5.322067440183459,27.64018678636109,18.5
5.587929232175276,28.078240216192665,18.5
5.502893165563883,28.165991533372623,18.499999999999996
4.589104839042358,28.840000020340543,18.499999999999996
5.280387357397388,28.27697519429959,18.5
5.595328514667305,28.161815485973193,18.499999999999996
5.348259572017444,26.37201428565748,18.5
7.330613599226285,27.419427919999997,18.499999999999996
6.670551819783609,27.419427919999997,18.499999999999996
5.4681892296598145,27.15486464088462,18.499999999999996
5.296033520889809,26.794725730263867,18.5
7.3546180439759885,27.41942792,18.500000000000004
8.51491789,27.212785060320016,18.5
8.51491789,28.749136674577368,18.499999999999996
8.51491789,28.437413588894312,18.499999999999996
7.988111601296641,29.20753202,18.5
8.51491789,28.655260767158758,18.500000000000004
8.51491789,28.74479093091546,18.5
4.1253779,28.421880416954185,18.5
4.125377900000001,28.625602352518612,18.5
4.1253779,28.305633475547914,18.5
4.125377899999999,28.426336207383873,18.5
4.65218315605892,28.480620812254227,18.500000000000004
4.125377899999999,28.323075459431067,18.499999999999996
12.904457879999999,22.545231745450074,18.499999999999996
8.51491789,25.731639047942814,18.5
7.860993435111208,23.09913847403348,18.5
7.882639465473092,24.342058483341905,18.5
7.87792501924807,24.32095385807247,18.500000000000004
8.514917889999998,23.973914554577895,18.499999999999996
8.51491789,26.689645286961888,18.5
8.51491789,26.935150195626825,18.5
8.51491789,26.92244463996582,18.499999999999996
7.962066017633907,25.86479508398459,18.5
7.95482209287766,25.625864074427025,18.499999999999996
8.51491789,26.727741022445407,18.5
5.3306891272052335,27.419427920000004,18.5
4.1253779,27.04914594971616,18.499999999999996
4.85555605204723,27.41942792,18.500000000000004
4.715746831724687,26.87419352393567,18.5
4.125377899999999,27.287148127263645,18.5
4.630742742357473,25.980438637099304,18.499999999999996
12.301549505310081,23.07604297587152,18.5
9.106766577604914,22.28077802471923,18.5
6.667388126165736,23.0537605040607,18.5
7.20396885510266,22.521914950902982,18.5
6.699353457833388,22.097033487305985,18.499999999999996
6.660475640179906,22.04882462091951,18.499999999999996
8.415042628376645,23.818781836495457,18.5
7.928336296283949,24.568800320907712,18.499999999999996
8.51491789,25.922495983211036,18.5
8.51491789,26.408843517370464,18.5
8.51491789,25.369350533122088,18.5
7.9188889919380765,25.322896321329633,18.5
6.091889835529015,24.506715024605477,18.499999999999996
5.8052574425299435,24.261892783592003,18.5
8.548391484692347,23.220004349794976,18.5
4.1253779,25.52825864300723,18.499999999999996
5.422539303889635,24.539324130568467,18.5
8.571268115111994,23.06166220658936,18.5
9.125999441454017,22.861768099497098,18.500000000000004
9.14003448212119,22.048354936477466,18.5
11.660600559331666,23.37100132706843,18.5
11.666968330119596,23.027678678889743,18.499999999999996
10.483176127336904,22.064459399763575,18.5
7.902407147170425,21.797960869050424,18.5
8.51491789,22.61853970373334,18.5
8.51491789,22.556571425849675,18.5
8.51491789,22.59980612265619,18.5
8.51491789,22.592956768580162,18.5
8.51491789,22.514501620194824,18.5
8.51491789,22.585843925615105,18.5
7.342979903618549,22.333665519449433,18.499999999999996
4.805266005931963,23.682463818497602,18.500000000000004
4.877259391867233,23.582165674790076,18.5
7.84258219848182,22.117647854936305,18.5
6.6316407480818205,23.065786808600542,18.5
4.125377900000001,23.888257007456655,18.500000000000004
7.858924925282303,19.774904970035124,18.5
8.496247538584003,20.52187102562371,18.500000000000004
9.106989282338708,20.28682994037561,18.499999999999996
9.143821679804999,17.4402004636142,18.500000000000004
7.9304668834495615,18.45962102270794,18.5
10.220182202343166,17.93395405847752,18.5
8.51491789,21.340698638143,18.5
8.51491789,22.604148654181117,18.5
8.51491789,22.364162939914465,18.5
8.51491789,22.56601365661122,18.5
8.51491789,22.35831309600633,18.5
8.51491789,22.5289088550135,18.5
6.660880843120068,21.014977592098585,18.5
5.363195114817198,21.550883701967734,18.5
7.904603828956896,21.6200439013925,18.5
7.214354633962284,21.568936340515826,18.5
7.279670599477358,21.590679900627773,18.5
6.5830040578214195,21.795743983029,18.5
5.259291958790546,19.532761367176906,18.499999999999996
8.430047203179848,18.98521671033086,18.5
9.25845545497684,17.672804677063674,18.5
9.06079833492523,18.73414104248564,18.5
7.818527235732547,18.987101305405474,18.5
7.7509111924367,19.01072242124404,18.5
8.51491789,18.912686520234416,18.5
8.51491789,19.338140805609527,18.499999999999996
7.905602093805867,21.063844904470216,18.5
8.514917890000001,21.108883291902046,18.5
8.51491789,21.309545854218218,18.500000000000004
8.51491789,21.01378153627999,18.5
6.574649230290462,17.975912311860334,18.5
4.125377899999999,17.16328711373238,18.5
6.064497916857267,19.69587791590073,18.499999999999996
4.1253779,17.18333452551633,18.499999999999996
4.1253779,17.185104387108602,18.5
7.2192960256006,17.47628818562845,18.499999999999996
6.006095711217487,18.45640778705928,18.500000000000004
7.3162788620849595,17.208611984889885,18.499999999999996
6.0224117097687655,18.96671440386483,18.500000000000004
7.218150747950513,17.488722514626694,18.5
5.417947375361956,18.484692677456795,18.5
8.522719917886922,18.70334110860842,18.5
6.086672048132578,16.69080327,18.5
7.968617350305858,16.69080327,18.500000000000004
7.988402187899444,16.690803270000004,18.500000000000004
7.44264091524314,16.690803270000004,18.500000000000004
7.922015741205129,16.69080327,18.500000000000004
7.9310775606407065,16.69080327,18.5
4.1253779,17.15132699463356,18.5
4.1253779,17.241321659840366,18.500000000000004
4.125377899999999,17.253812555116617,18.5
5.28142003270146,17.497650286126564,18.499999999999996
5.852971437452645,17.463800827657053,18.5
5.333977029500019,17.22180545006835,18.499999999999996
5.94943770360434,17.212695747633468,18.5
5.2914365073936205,17.206056458861536,18.5
5.3324014458061875,17.206023095598805,18.499999999999996
5.32449950881661,17.20121266575255,18.500000000000004
4.125377899999999,17.458224794664225,18.499999999999996
4.1253779,17.20042948423097,18.5
7.154360425629595,16.69080327,18.499999999999996
5.989361983516887,17.21037323610385,18.5
6.647042813189571,16.690803269999996,18.5
7.893607678032793,16.69080327,18.499999999999996
6.609984654659088,16.69080327,18.5
6.646721920183038,16.690803269999996,18.5
8.428667112025511,18.262128333632475,18.5
10.403764193648287,17.709475081107065,18.499999999999996
6.622283992388944,18.246139305391303,18.499999999999996
9.14013623142333,17.970354698538088,18.5
9.164183177115996,18.720377804163647,18.499999999999996
7.808553265060639,18.504546714972122,18.5
6.57399364424506,17.739466455365683,18.500000000000004
6.501587360817106,17.22201185468402,18.5
7.8293345579486395,17.72702496300789,18.5
6.5694276906007385,18.44850515908576,18.499999999999996
5.9211397706250635,18.999381115679846,18.5
7.791850822064622,17.974005911502463,18.5
6.517422909552948,19.515947373797555,18.500000000000004
5.983149351089136,20.829796740634578,18.499999999999996
7.192787663046244,20.567561287864194,18.500000000000004
5.98946385549197,20.759481037582663,18.5
6.552177552890497,18.73782436191095,18.5
7.24441522916162,19.22434853890636,18.5
11.71437920393344,18.19562876183632,18.5
9.169812908285596,19.25400091697519,18.5
9.730314122310839,18.722801374509384,18.5
9.047459761417587,19.99847366111131,18.500000000000004
8.551171900769434,19.50523692144891,18.5
11.07184223296404,17.68633511027448,18.5
9.225229263398157,20.785900088151983,18.5
6.768732687548499,19.94288910803769,18.5
6.732671342978062,19.963140857851304,18.5
7.904249525152758,20.001840615373556,18.5
4.125377900000001,20.99299141317343,18.5
7.850171082902104,19.74223029851601,18.500000000000004
7.826250014015857,22.03187431389551,18.5
6.665597405743476,19.18293300377961,18.5
7.799151234487587,21.529176201020707,18.5
9.824114740431213,22.042276002101442,18.500000000000004
8.540827240871385,22.027881872644937,18.500000000000004
9.710609902012656,21.537567856679935,18.5
8.540391878817156,18.20771027919845,18.5
10.99445105319464,18.750985075770785,18.5
7.8218694763347,20.005056265736435,18.5
8.513897529349558,19.752784161390213,18.5
11.008716380427586,19.243823479713466,18.499999999999996
11.604847726392642,18.480747771865317,18.500000000000004
8.434771870713844,20.55042269736645,18.500000000000004
8.584806109446289,21.996104478651006,18.5
6.5416685393098275,21.57991935192218,18.5
6.609111420187093,21.555059772511576,18.5
7.31409969062309,19.704563961442993,18.5
7.97744193606963,21.552994479711323,18.499999999999996
9.819182775727437,21.989570653054223,18.5
8.410373999314015,22.286077365025093,18.499999999999996
10.370422937097075,22.05873184229433,18.5
9.698604168834313,21.801691840526463,18.5
9.037910376551075,21.802474587657166,18.500000000000004
8.563150627930252,22.060109468226315,18.5
10.301899336209283,21.796646273486427,18.500000000000004
9.795387649310296,20.24947924184098,18.500000000000004
9.707280741711926,22.008211356608875,18.5
9.119019718637027,22.277934533742723,18.5
9.733875125648513,21.271755101880334,18.5
10.955962504636027,20.075311991602177,18.499999999999996
8.497895310295482,23.271099008488743,18.499999999999996
9.809800665315398,22.970527217833222,18.5
9.106008757274552,22.052654511616264,18.5
7.90859740543085,23.052020408374712,18.5
10.89644420891658,23.027474057575994,18.5
9.112708403797303,23.76147940915399,18.500000000000004
9.791617977274257,22.556502987940796,18.5
9.749702963954725,21.80613909765541,18.5
9.151965433951467,21.82382006312617,18.5
9.769531280895333,22.822196624895547,18.5
9.15019409604696,22.351942644473873,18.500000000000004
9.093546406076397,21.81086875978631,18.5
12.90445788,22.496172276275963,18.5
9.737225992979237,23.35419770531128,18.5
11.707788339751982,23.03419589758677,18.500000000000004
11.6149625719959,22.075549647962298,18.5
10.949837436364755,22.53588415127565,18.5
12.200229355981905,22.85066243042362,18.499999999999996
6.509657078684251,25.626012537371324,18.5
4.125377899999999,26.11735086150475,18.499999999999996
8.901859609781596,23.67797182108253,18.500000000000004
6.495427199839102,25.16047099030509,18.499999999999993
8.551126220473767,23.37829253147112,18.5
5.1916978218975345,25.844771696436695,18.500000000000004
8.435420575675108,23.86419442131747,18.500000000000004
8.69757969205193,23.099185427093325,18.499999999999996
8.538640114888336,23.89400168147031,18.5
8.348506849568812,23.410379929729928,18.5
8.48391625840863,24.11573992923516,18.5
8.424537047702145,23.88215295142403,18.5
12.356863160058332,22.27818141905192,18.5
11.6891358930086,23.580043866611515,18.5
12.904457880000002,22.74690611842107,18.500000000000004
12.904457879999999,24.31863569534996,18.5
9.627674246361085,26.320688025755786,18.5
11.700239239758568,23.524193653335576,17.470076186775636
7.545455285597317,27.419427919999993,18.499999999999996
8.51491789,26.974498064590975,18.500000000000004
7.944977806825378,27.165731552925962,18.499999999999996
7.45343087161474,27.197429134646608,18.499999999999996
6.103552967259152,27.419427919999997,18.499999999999996
6.7288875962700345,27.419427919999997,18.5
5.822663097137415,26.322722598478066,18.5
8.448989191630686,27.6087252692218,18.499999999999996
7.842594658308262,28.97251819479926,18.499999999999996
8.440038276730256,25.881923814874597,18.5
7.766712976720552,25.592038159212567,18.5
7.94686151321445,26.236737706387448,18.5
7.158424664028527,24.32776941840412,18.499999999999996
11.68828682988065,27.433480666113383,18.5
12.296115536802471,27.938946762981363,18.5
12.3132309970851,28.198434254998798,18.500000000000004
11.732315265149742,27.696562539554794,18.5
12.322938952310624,27.89939227758604,18.5
7.311228269303785,28.485823577011704,18.499999999999996
8.004106715009005,28.999450180352106,18.500000000000004
7.910154608186125,28.489484889202807,18.5
8.031980950405346,29.207532020000002,18.500000000000004
6.66822817143922,29.207532020000002,18.5
8.019121429157932,29.207532020000002,18.5
6.149414809778702,28.42120047816682,18.5
7.331186370926872,28.182431791573,18.5
6.58713180555531,28.654881622354807,18.5
7.2940567415871245,28.68212380832365,18.5
8.488166306588575,27.90096760498096,18.5
8.493453893121732,28.68183078974824,18.5
11.406068628955966,28.58347741194392,18.499999999999993
11.216405193492903,28.526356949156412,18.5
12.096385372203748,28.500930330088355,18.5
12.273936402029875,28.718187735710657,18.499999999999996
11.779893087946048,28.436645685027788,18.5
9.15175477037599,27.932399472346738,18.5
6.594437703758848,28.214069465469986,11.100000000000001
8.428120338747005,26.457380972514706,11.1
8.45576357438512,27.702703417217027,11.099999999999998
8.498484305493509,28.431194727604034,11.1
7.9234917698537854,27.452094074605444,11.1
6.648266193150983,28.179819113612908,11.1
8.409813553123161,28.46597668154602,11.1
6.006855451433996,28.233360870321203,11.1
6.618165973200185,28.419629749790815,11.1
6.496666542282846,29.20753202,11.1
7.6736369196106144,28.199050205840003,11.100000000000001
7.877298681065654,28.1906739137528,11.099999999999998
9.087751225670587,28.203273239931463,11.099999999999998
12.90445788,26.66196877984232,11.099999999999998
9.718761034922995,25.621487967504365,11.100000000000001
8.45931694473655,25.85245099388522,11.100000000000001
11.038296333052813,25.63132381,11.1
9.579963434202151,25.07096760887251,11.100000000000001
7.940410187842346,26.398268634394363,11.1
4.725165738832855,27.935947859385557,11.099999999999998
6.697560273200775,27.66664347575499,11.1
7.199905930874634,27.419427919999997,11.099999999999998
5.312075238622029,27.64960748534425,11.100000000000001
9.134145750876346,25.876912727206186,11.100000000000001
7.905008127362054,25.07803366041232,11.099999999999998
5.920387181179207,24.804461224609984,11.100000000000001
7.720590001737164,25.306510183967713,11.100000000000001
8.524046746703167,25.146306821748606,11.1
7.87520282929221,25.122570275894773,11.100000000000001
9.160086042487455,23.615334283940783,11.099999999999998
5.28319152417181,23.50783381009781,11.100000000000001
9.85297570794921,26.17638928135765,11.099999999999998
5.344139091293011,22.08775776520696,11.1
5.396334032904269,23.61959095451689,11.100000000000003
7.917991908968361,24.37976282563909,11.100000000000001
5.298266982599783,23.04574286029382,11.099999999999998
5.828808145904955,23.84356344775128,11.099999999999998
7.883285227274591,19.781331083000175,11.100000000000001
9.109616171423225,19.78119550073979,11.099999999999998
7.883887236670124,20.52406541443967,11.1
8.51491789,18.991423906483078,11.099999999999998
9.780028364336925,20.025025407728787,11.1
9.104243336192607,20.021356469252368,11.1
7.27393906900558,23.433561462648353,11.100000000000001
5.998407519735281,22.323468411490072,11.1
5.957406985768458,22.583240515792834,11.099999999999998
6.617406888855705,22.8100440878346,11.100000000000001
5.381458547030672,23.801048352609577,11.1
7.916475626206994,20.759559949214413,11.1
9.074591673989266,21.84573736012698,11.1
8.504792144077486,23.276654040431545,11.1
9.787087414593255,21.766778705084477,11.099999999999996
11.072988399166073,20.267011485000005,11.100000000000001
7.326742103315181,24.600177717280374,11.099999999999998
7.921557340442073,22.351173541560012,11.099999999999998
9.13006365972214,25.117600583223144,11.100000000000001
7.713877906970097,25.064830643612975,11.100000000000001
7.268117356977228,22.839725425056763,11.1
8.51491789,19.51563265397514,11.099999999999998
7.160662411883356,22.855067457619064,11.1
8.51491789,18.70668162251614,11.099999999999998
8.51491789,18.478907377,11.100000000000001
8.51491789,18.99900520887003,11.1
8.514917890000001,18.478907377000002,11.100000000000001
8.51491789,18.478907377000002,11.1
8.51491789,18.478907377,11.099999999999998
8.51491789,18.23393877273166,11.1
9.106121864391474,17.993526860746858,11.1
9.116955774591432,18.9917922910003,11.1
11.693041584162874,19.254843592314515,11.100000000000001
8.51491789,18.73766885876118,11.1
8.514917890000001,18.98397567332678,11.100000000000001
9.755697413170235,17.97346877379406,11.1
8.499561632749058,19.219268063336898,11.100000000000001
10.368783139999953,18.719619617868975,11.099999999999998
9.092847540609329,18.46663714478623,11.1
10.910731635711041,18.971395561794676,11.1
10.824756921972146,18.725858166081363,11.100000000000001
9.095037094706173,18.715222238107987,11.099999999999998
9.131764257437961,18.227631497177377,11.100000000000001
12.345009565053045,16.91869772634163,11.1
8.51491789,18.478907377,11.099999999999998
9.130106687163531,18.228306717866126,11.1
10.374167060119472,17.4870650763377,11.099999999999998
10.464329982785275,16.931167309606685,11.1
12.377549542004708,16.690803270000004,11.100000000000001
9.115734793704291,16.955533979438044,11.099999999999998
11.796709590794428,17.142050842630205,11.099999999999998
11.202624334071439,16.69080327,11.1
11.699275143365895,16.69080327,11.1
9.145928383156633,17.47175908375584,11.100000000000001
9.216771002482266,17.45900899814704,11.1
10.495255434548417,17.438172712511836,11.099999999999998
9.686025695314736,17.478612620514795,11.100000000000001
10.463146028727008,17.195794068857833,11.1
10.298836108345132,17.197588830030043,11.100000000000001
10.523773635920598,17.17781701825419,11.100000000000001
12.291117603895133,16.690803269999996,11.1
9.177192094877796,16.690803269999996,11.099999999999998
9.741635762178777,16.69080327,11.1
9.865700778367422,16.93426480825418,11.1
10.489765045114822,16.69080327,11.099999999999998
5.860825227765614,28.73138534671805,11.099999999999998
5.371045192448893,28.66370593915159,11.099999999999998
5.88746437136063,28.70295905276332,11.100000000000001
5.328735741858519,28.442473228371863,11.100000000000001
5.985663186541059,28.685312094932662,11.099999999999998
5.350574428953297,28.208072175475102,11.099999999999998
5.215436358758005,28.96468948265384,11.1
6.5071770812083916,28.71236730079794,11.1
5.978542202078387,28.672141068371182,11.1
6.750305121410564,28.345978792266393,11.100000000000003
6.018961486406567,28.45838699181426,11.100000000000001
8.51491789,26.904427093122315,11.100000000000001
8.51491789,26.539230831422344,11.1
7.951525487137222,26.28313439395758,11.099999999999998
5.3724291841695715,28.147387549058067,11.1
6.572011029373555,26.237173529929056,11.099999999999998
6.559650523874066,26.750227290973527,11.099999999999998
6.720313364494761,27.609728370796734,11.1
7.252667721789552,26.661566465401904,11.100000000000001
6.07030708914489,27.123450149931347,11.099999999999998
5.947946730065306,26.246982705466504,11.1
6.677799374245517,26.070301621254146,11.100000000000001
7.281159142530711,25.635155011710854,11.1
5.996288958642808,26.933127489638224,11.1
6.624156232716366,26.14989645507235,11.100000000000001
6.6815263277412935,26.657569476553697,11.1
6.041075390158097,27.868847669277038,11.1
7.814403929464209,26.14570907091319,11.1
7.852864006600516,26.648133138190023,11.100000000000001
7.220328771881046,25.632728643696872,11.1
7.299005884354045,24.321736015255496,11.1
7.169144125175805,24.574977719930207,11.1
5.404644672739016,24.665284369599036,11.099999999999998
8.51491789,25.616592969556887,11.1
7.878352692425702,24.94195921307833,11.099999999999998
7.288670973466102,24.624171153797498,11.1
8.514917890000001,19.475673680862105,11.1
7.269732070300361,23.07644751110916,11.099999999999998
6.6482751190046585,22.60234528302456,11.100000000000001
7.280886982076235,25.128515548787743,11.1
7.213342330573234,21.982939479906452,11.099999999999998
7.271395979492416,26.40964485977443,11.099999999999998
7.251179949048049,24.09844241521122,11.099999999999998
7.336906687959913,24.3612323871798,11.1
5.991931739991853,20.05694894485483,11.099999999999998
7.868388875697853,20.01988972495328,11.1
4.776757630494542,20.56414515387639,11.1
6.637388119005864,21.323523613126163,11.099999999999998
6.578495417094339,19.46230622016299,11.1
7.852113431545473,23.573222529986,11.099999999999998
7.859440710566279,18.478907376999995,11.099999999999998
7.253262969675574,20.265563560710014,11.1
7.232803764214552,21.792955389443687,11.099999999999998
5.997882421162436,20.756871010264415,11.099999999999998
7.2585330550098535,20.796748397026754,11.100000000000001
7.307310826238732,18.18651516680179,11.099999999999998
6.008473205980307,17.95853422943852,11.1
7.283615663751998,23.16882451603269,11.099999999999998
4.691050086596142,18.75459068040034,11.100000000000001
7.249468098107044,17.95962641651758,11.100000000000001
7.904921117183456,18.214797610607498,11.1
7.224444272809396,18.478907376999995,11.1
6.605282968306468,18.51265836769118,11.1
7.28614032597385,18.221960910927546,11.100000000000001
5.9724925779288505,17.979715118403483,11.099999999999998
7.240148164889037,18.478907377,11.1
7.856770148903158,18.478907377000002,11.100000000000001
7.875888590107444,18.478907377000002,11.100000000000001
8.51491789,18.478907377,11.1
8.51491789,17.447285747512,11.1
7.892711168607609,18.478907377,11.1
7.8799273016502,18.478907377,11.1
7.2502812908011665,18.478907377000002,11.100000000000001
8.51491789,18.72072810460045,11.100000000000001
7.259874008001514,18.478907377,11.1
7.274882516744872,17.182303875206422,11.1
8.51491789,17.970607563695236,11.100000000000001
7.279148088358657,17.709610278623867,11.1
8.51491789,17.444965464191878,11.1
8.51491789,17.67265202869728,11.099999999999998
7.937985472326684,17.40273595894833,11.099999999999998
7.288484147365071,17.196086172658426,11.099999999999998
7.912606121692791,17.420096911741258,11.099999999999998
7.251366834342561,16.91305355329426,11.099999999999998
7.917803499295125,17.206010846085107,11.100000000000001
7.888604966397592,17.186399060702094,11.1
7.315281200613861,16.929259207968244,11.100000000000001
7.875637134329071,18.208401524246554,11.1
8.51491789,17.14507241648715,11.100000000000001
8.514917889999998,17.43043754394685,11.099999999999998
8.51491789,17.706936199924716,11.1
7.913012322670797,16.69080327,11.1
7.353276652605837,16.690803270000004,11.100000000000001
8.514917889999998,17.428369720190197,11.099999999999998
8.499998952636092,16.690803270000004,11.100000000000001
7.319348180933227,16.69080327,11.1
8.51491789,16.91411000884635,11.100000000000001
7.19520387846438,16.69080327,11.099999999999998
6.0800000984435165,16.69080327,11.1
6.620272724221926,16.69080327,11.1
7.2316044586820745,16.690803269999996,11.1
6.034285105926695,16.69080327,11.1
8.51491789,17.97374096700328,11.1
6.0075617888067265,17.974378876502918,11.099999999999998
8.51491789,18.201451159034473,11.1
7.90154050898668,16.936639611454474,11.099999999999998
6.591954187556093,17.452823759358157,11.100000000000001
8.51491789,18.224400089883787,11.100000000000001
5.983156790930338,16.690803269999996,11.099999999999998
8.51491789,17.182120751723176,11.099999999999998
8.514917889999998,17.441100937345254,11.099999999999998
8.51491789,18.47644465480604,11.1
8.51491789,18.212984039883015,11.1
8.51491789,17.182394940478062,11.1
8.51491789,18.218252705078225,11.1
8.514917889999998,17.965093492838964,11.099999999999998
8.514917889999998,18.24038140202233,11.1
7.889501888082907,18.739586235456443,11.1
7.318523002371121,19.009135992053707,11.1
6.007038007293296,19.515523247277187,11.100000000000001
8.51491789,18.73514384452302,11.1
8.514917889999998,18.733284147140417,11.099999999999998
8.51491789,18.74566564909646,11.1
8.51491789,18.720140050853846,11.100000000000001
8.51491789,18.478907377,11.099999999999998
8.51491789,18.478907377,11.099999999999998
8.51491789,18.478907377000002,11.100000000000001
6.5801275894914,19.216277572706407,11.100000000000001
5.333223402493834,17.955148950392328,11.1
6.024005195909037,23.52555969047455,11.1
6.653864607867011,17.974588332213738,11.099999999999998
8.514917889999998,18.982100518356734,11.099999999999996
7.1880761174845595,18.732885445540962,11.100000000000001
7.267150900919838,24.59536363946349,11.100000000000001
9.053139670931197,19.159730781052158,11.100000000000001
8.514917889999998,18.77500968745008,11.099999999999998
8.514917889999998,18.99471015927427,11.1
8.51491789,18.715974197705215,11.099999999999998
5.930629310013531,22.121499322297296,11.1
6.64488948402743,23.8432197,11.100000000000001
7.903015793813158,26.387350091441274,11.1
7.870916673497354,26.64485351845404,11.100000000000001
6.014188069377196,24.64045045097201,11.099999999999998
7.873441121417637,25.628926224746536,11.1
7.87368262307105,26.644764730747465,11.1
7.318953228549519,25.07205046476997,11.099999999999998
8.51491789,24.36954257361171,11.1
5.410352356182294,26.4653465669581,11.100000000000001
5.319049011246711,27.182431889482885,11.100000000000001
5.9515643080029434,25.397103617667987,11.100000000000001
7.882798546564823,24.57295670812063,11.100000000000001
6.521958709626185,26.310138074414876,11.099999999999998
5.38647858298196,27.396553808973245,11.1
5.966783317916326,27.453336234897456,11.1
4.831486648512641,26.910139235112236,11.1
5.392900191262005,27.177284290197626,11.099999999999998
6.589644110691117,27.164520897344474,11.099999999999998
8.609690769880183,27.14958460691003,11.1
7.243720865575142,28.708398654083133,11.1
9.264688949190958,28.453652306194645,11.099999999999998
7.2632889276281425,28.250987424392214,11.099999999999998
6.674057050777552,27.640639358339335,11.1
6.742010267699044,27.884550858044346,11.1
6.08877874086491,28.09125151911445,11.099999999999998
4.768214404044575,27.215717819544874,11.099999999999998
5.931547034781677,27.94049479678793,11.1
5.414083986716523,27.4135292250961,11.100000000000001
6.610673582599537,27.915342372701485,11.100000000000001
5.357574193302858,27.481809516178284,11.099999999999998
6.46149070635477,28.480046018547064,11.100000000000001
4.70072207173178,28.240268945275787,11.099999999999998
4.649865097685308,28.30386491703362,11.1
5.389191543897157,28.241570792242864,11.1
5.3425153606981635,28.474204437967465,11.1
4.669850307753134,28.514228258095567,11.100000000000001
5.9317197420886725,27.456648094434545,11.099999999999998
4.781850020055491,28.435110206678058,11.1
5.960032381364553,28.425100093085586,11.1
4.671756056028593,28.46434128179483,11.1
6.625239279976358,28.196930981218244,11.1
6.588127000679878,28.217282640015544,11.100000000000001
5.277093692764543,28.729769055152037,11.1
5.199653146814598,28.749964493155538,11.1
5.288041985119144,28.702430371283576,11.099999999999998
4.6368432504663195,28.79083537533219,11.1
4.650841598564054,28.993481391473082,11.100000000000001
5.180697615012905,29.20753202,11.1
4.1253779,28.967329586479387,11.099999999999998
5.911236372460335,28.690965281154675,11.1
4.125377899999999,28.25880382534184,11.099999999999998
5.370849736384151,28.41884101365292,11.1
5.3371779329579825,27.776515734980535,11.099999999999998
5.227377449024481,28.541438429028247,11.1
5.251809757713849,28.51272788350054,11.099999999999998
4.70250389004546,27.792162397611545,11.100000000000001
5.2495648286359735,28.97962167917527,11.1
5.3388726758588385,29.20753202,11.1
5.203791393612618,29.20753202,11.100000000000001
4.1253779,28.966502277761116,11.099999999999998
5.221646003502869,28.752584500710967,11.099999999999998
4.608581033865395,28.8066090299089,11.100000000000001
4.704826137942627,28.015775239797268,11.1
4.64142467626295,28.993937305068496,11.1
4.634397133653632,28.78373992675174,11.1
10.371562018509005,17.215316861854728,11.1
9.767844777304386,16.69080327,11.1
10.98723057709706,17.471796727670554,11.100000000000001
10.28193075176452,17.236117476787804,11.1
9.848016539764455,16.93985215921849,11.1
10.448553854710836,16.925878305216738,11.1
10.510349920063888,17.666056778457765,11.100000000000001
7.337981253652432,18.478907377,11.1
9.07084346386303,18.705366824830826,11.1
8.51491789,17.748586662961785,11.1
7.919873628026634,17.509424885268675,11.099999999999998
8.51491789,18.478907377,11.1
9.79116027661943,17.464983315600364,11.1
10.410206335650464,18.450110369218727,11.1
8.51491789,18.478907377,11.099999999999998
10.89222961368079,18.230741726441288,11.099999999999998
9.701755011701275,18.974176049968655,11.100000000000001
9.702680332673266,18.983602265584622,11.1
9.132528805348464,19.44229466711936,11.1
10.415112300630684,19.490744948465906,11.099999999999998
9.104673664524542,18.972559690659725,11.1
9.115363127622928,18.99419397731447,11.1
9.139411314397229,18.46108574994217,11.099999999999998
8.514917890000001,18.726120962980424,11.100000000000003
10.261041109665186,18.232404147027168,11.1
8.509675318403973,22.690147486590533,11.100000000000001
9.761000328275482,21.001332104748567,11.099999999999998
9.711486556565335,20.50494082424409,11.099999999999998
10.365758994979684,19.733317678993554,11.1
9.783937636482275,20.02847630530581,11.1
9.749199327164902,19.45045600021527,11.099999999999998
8.514917890000001,20.527831558776356,11.100000000000005
9.08240275285043,19.748685588220944,11.1
9.147684299136206,20.508116666628798,11.100000000000001
10.385451117798059,20.509795895726302,11.099999999999998
10.382610498605997,20.538472545011935,11.099999999999998
8.51491789,19.762758604387013,11.1
8.514917890000001,19.25122607410477,11.1
8.51491789,19.524031147414654,11.099999999999998
7.9198694118231,23.56830955954786,11.100000000000001
9.226637218333513,21.25072370991919,11.1
9.127003533379144,22.317594046136577,11.099999999999998
9.080127758030724,24.374543013639762,11.1
10.277097637491144,24.903666665877168,11.1
7.304303949963006,25.382895641226852,11.099999999999996
8.514917889999998,25.15373373233065,11.099999999999998
9.086925553557283,23.391347420559747,11.1
8.563407124915553,22.66489082193433,11.099999999999998
11.091627989218287,23.602245550525495,11.099999999999996
9.75782030641181,23.620079857561898,11.099999999999998
9.722635697706362,25.631323809999998,11.1
8.958470730037185,25.339685290733005,11.100000000000001
9.709783766335189,25.37859907355124,11.100000000000001
9.061077463502555,25.381395293798125,11.1
7.956054520838238,24.11214707562825,11.100000000000001
6.64007166290766,24.348416814033236,11.1
8.496316327765808,23.867526173020913,11.1
8.51491789,21.492701407582686,11.099999999999998
9.256722636287638,24.89434702756457,11.1
8.611321031539017,23.89104988877115,11.099999999999998
4.704205548155242,23.37680908370633,11.1
8.49602542334235,25.392251136855215,11.1
7.185505570245494,25.089603584081377,11.100000000000001
7.718466623492747,25.088840139205804,11.100000000000001
8.316676022348679,25.08866058780504,11.100000000000001
9.781561090348971,25.385423106025854,11.1
9.105157424415768,25.374376716418656,11.100000000000001
6.557379469382362,24.849036801347143,11.1
8.503343154333553,25.121221683837625,11.1
6.644440906941377,24.63028914530206,11.100000000000001
8.457019013434092,23.379228454272067,11.099999999999998
9.692472732185912,25.874713811242717,11.100000000000001
9.781721228797943,26.64806041756442,11.1
10.488857911659816,27.63135132106444,11.099999999999998
7.902923580693009,26.65886629091019,11.099999999999998
8.53303220778446,26.638964835455905,11.1
9.767509119441062,27.15043071728035,11.100000000000003
9.767509119441062,27.15043071728035,11.100000000000003
9.122758975256653,26.66089889201075,11.099999999999998
9.753599437697744,27.419427920000004,11.100000000000001
10.283970953143697,27.419427920000004,11.1
6.653060241352179,27.419427920000004,11.100000000000001
6.017574303117835,27.41942792,11.1
11.040491907362405,27.41549696469605,11.100000000000001
10.575805569210578,28.13599343236867,11.100000000000001
11.060156468135817,26.42750703977415,11.1
11.113500531215276,26.692259864798338,11.099999999999998
11.091613117907041,27.44471904265879,11.099999999999998
11.121772514672356,27.177189985491236,11.099999999999998
11.15083353447741,27.169774531179193,11.1
10.510446006704356,27.427486903354712,11.1
12.29798636284756,27.926911846443833,11.099999999999998
8.515520221399678,28.70564220875008,11.099999999999998
11.006436265747444,28.443624792361767,11.099999999999998
9.783908538981315,29.20753202,11.1
10.979297529623025,28.952071126194944,11.1
10.962995025796438,29.207532019999995,11.1
9.113194831811352,28.166514119890262,11.1
10.397060731741824,27.676854104907456,11.1
9.205013394288361,27.65054998923004,11.1
10.442023365057093,27.182844477728736,11.1
9.695675897681141,28.489300627526596,11.100000000000001
7.265378458501665,27.178709210412762,18.499999999999996
6.680832353850869,27.374221702924928,18.5
7.274137776398563,27.672752749466408,18.5
8.071290435074715,27.463777963638236,18.5
8.012003761908167,27.44342493736353,18.5
11.69985754953133,28.206893237672013,18.499999999999996
7.933530433498989,29.207532019999995,18.5
6.6917227293728425,29.207532020000006,18.500000000000007
7.228484497025974,29.207532020000002,18.500000000000004
6.6654669533576785,29.20753202,18.500000000000004
7.3246263478711935,29.20753202,18.5
6.677011456427863,28.723134655479615,18.5
6.013809144953504,28.461037698439732,18.5
10.085569306879153,23.96059768103078,18.5
7.066559045762841,26.829430696193267,18.500000000000004
8.459189484294118,26.142587927592054,18.500000000000004
7.9100090172946445,26.926601772420057,18.499999999999996
11.085792531211132,23.51704942224019,18.5
10.29084793625295,24.07763840703619,18.499999999999996
7.854366691280903,26.919517141397193,18.499999999999996
10.366235675634933,27.894099705786445,18.5
9.032099691767215,27.13343860337302,18.5
8.06409194479287,29.207532019999995,18.499999999999996
7.910748393779114,27.693077664913712,18.5
7.864679507371125,25.754194403173848,18.499999999999996
10.371601115904374,23.519774881861977,18.5
11.058704121406343,23.50770087020708,18.500000000000004
9.655154384261659,23.41430914697809,18.5
9.134652711047194,24.629210176108277,18.499999999999996
8.511380335317487,25.370395588972162,18.5
10.955758039410634,23.51442984122152,18.5
12.228213741531286,23.258400145539476,18.499999999999996
11.0122435528744,23.075022399981872,18.5
10.303518150024114,23.60981440265939,18.5
11.699871625751985,23.029086041876262,18.5
6.610433450460899,24.619022281594887,18.5
8.594650988979177,21.57189357410052,18.5
10.489076537812755,22.38364890859417,18.5
9.690258962677419,21.551740159067062,18.5
8.492048117083307,22.567183227054922,18.5
11.045664144340531,22.578584134276703,18.5
7.859432360770378,22.02126758307252,18.5
9.153306151147548,21.530818910009902,18.5
10.09307397357972,22.054761252844305,18.5
7.219416057081998,24.626714249241964,18.5
9.770694891613754,22.529650437887838,18.499999999999996
11.120120450783217,23.864716820137577,18.5
10.490089645269498,23.096117972026178,18.5
8.502010033540015,21.805836665190725,18.5
8.543686558175436,21.248798617848827,18.5
8.756989375266906,21.27922804833286,18.5
9.65648176854992,21.81153144278948,18.5
10.481330655894576,22.583391787592905,18.5
10.38912660777853,20.769529468996957,18.499999999999996
11.108587331619088,21.582305388367825,18.5
9.881276061919866,21.562990972153337,18.500000000000004
8.733889643635589,21.55165452576996,18.5
9.319072342816321,21.799694253826317,18.5
10.512256829042554,22.827799491577906,18.500000000000004
9.951470021107149,21.812824167293186,18.5
10.94711850979683,20.54886679334441,18.5
11.706218638786675,18.967016954418465,18.5
10.32872489225353,20.014425488826998,18.5
10.438479772214235,19.990390922080746,18.5
10.38678955895953,18.8710646031051,18.499999999999996
7.942183520781713,18.7200907476746,18.500000000000004
7.9390613790506235,18.41064985408962,18.5
4.1253779,20.257622787860296,18.5
4.723643153904319,20.515793404475506,18.500000000000004
5.437963142092565,20.0160224818967,18.500000000000004
5.177165709208801,19.579379217579344,18.499999999999996
4.1253779,20.238589910210806,18.5
6.670192136381353,19.768198992855126,18.5
10.316063199078304,17.977529289181568,18.5
8.513176647547382,17.95914799688743,18.5
10.433612263982363,19.680663294817933,18.5
8.005878385188057,18.914573410821784,18.500000000000004
12.904457879999999,18.47507244737373,18.499999999999996
10.381270971647488,18.721906529958353,18.500000000000004
9.11447710395857,18.97697846259964,18.5
5.385004165544046,18.725677121195233,18.5
4.1253779,18.979811485499532,18.499999999999996
9.114260983072299,19.492265463861056,18.5
10.438999733821378,19.52359636898119,18.499999999999996
5.3508264341150635,18.21449193903259,18.499999999999996
7.834250242151953,16.932951801995088,18.5
6.6798258825229215,16.690803270000004,18.500000000000004
7.856957225407532,16.929386770163315,18.500000000000004
8.502166735139813,17.20329063698496,18.500000000000004
9.058119239992694,16.939960728411968,18.5
6.5386602442092165,16.950074217325607,18.5
6.757308495418062,17.17427869702222,18.5
5.392529032301878,17.191624375324583,18.5
6.681916995874948,16.928834003347053,18.500000000000004
7.326037803861471,17.175100342038935,18.5
7.328686617310914,18.211084534648858,18.499999999999996
9.15666529395993,17.95986815043446,18.5
6.595370337263803,16.690803269999996,18.499999999999996
9.129573873934165,17.447597041426846,18.5
9.739852604683838,18.196883903244487,18.5
10.366979438450528,17.958319774093173,18.5
8.51491789,18.191821489323477,18.5
8.00595106282821,29.207532019999995,18.5
8.090839123979938,29.207532019999995,18.5
7.944443887805516,29.207532020000006,18.500000000000004
8.001669701508568,29.207532020000002,18.5
7.31169021806808,29.20753202,18.500000000000004
7.979059680432656,29.20753202,18.499999999999996
7.989033583152356,29.20753202,18.5
7.306830625679078,29.207532020000002,18.5
6.617961849615245,29.207532019999995,18.5
7.9881647864131775,29.20753202,18.5
7.96441529810959,29.207532020000002,18.500000000000004
6.668409569409935,29.20753202,18.5
7.347785679805304,29.20753202,18.500000000000004
8.51491789,27.67041344248769,18.500000000000004
8.51491789,28.734876617518957,18.5
8.010880874996536,29.20753202,18.5
7.944193187563512,28.682520314402066,18.5
7.371691380569773,28.68669035974824,18.5
7.891946821441544,24.055377364671287,18.5
7.91420226657505,25.665624675084096,18.500000000000004
6.670075697072371,26.914032577033847,18.5
7.318893936223843,27.164029951475694,18.500000000000004
7.853881934594198,26.119641373414986,18.499999999999996
9.118433350421071,27.665273376512285,18.499999999999996
7.189317662549636,26.87943711773263,18.5
7.870554161287741,24.10368098740804,18.5
7.1650439869160145,25.865586871085924,18.5
8.253771228079994,26.111429706022392,18.5
6.510917201494377,23.91778628150775,18.5
8.276465383365155,23.709588783502046,18.499999999999996
7.338296934154116,22.30627100449364,18.5
7.867567170805551,25.523452122561338,18.5
7.9282968111146115,25.06114318359215,18.5
9.107619813764806,23.540488817186954,18.5
7.928103916668438,25.56453589993604,18.5
7.296677367189885,22.304097391066044,18.5
7.768843560107849,25.62104931902529,18.5
7.870764610167427,23.569889266055167,18.5
7.9079926679307775,22.835569162245648,18.500000000000004
7.2652026295206875,23.844031807469694,18.500000000000004
8.51491789,23.071695846956356,18.499999999999996
5.344162800722536,25.32069418932658,18.5
7.922967215521126,23.00106911721717,18.5
7.8273655686540256,22.62637815587821,18.5
7.234739991784346,20.01261440941633,18.5
7.850699884281454,22.572873475427997,18.499999999999996
8.51491789,22.084534861833063,18.5
7.809466365894974,22.383605736111146,18.5
7.917923376227088,20.79358219069538,18.5
8.51491789,22.98063511018274,18.5
7.945452889157985,22.986296886103336,18.5
8.51491789,22.572242693224283,18.500000000000004
7.336925905221728,22.777612722041592,18.499999999999996
7.904887975391784,22.34842890380975,18.5
7.861055474405106,19.243944299875324,18.5
7.917052729751898,20.828412999159625,18.5
7.317557285504445,20.772832652576763,18.499999999999996
8.51491789,23.26462241915202,18.5
7.319256818264083,21.777694890858303,18.499999999999996
7.893966270362619,21.223821048790548,18.500000000000004
7.858198269007605,22.339273539196583,18.499999999999996
7.871677681735861,23.54544999313429,18.500000000000004
7.933256612437967,23.032181750317108,18.5
8.51491789,22.315706386399963,18.5
7.834345942375417,22.389592514530136,18.499999999999996
7.912583823959276,20.792246677325295,18.5
7.934758360315902,22.518284281724046,18.5
7.291453478042308,21.78674068882936,18.5
7.183149433261198,22.38091358017028,18.500000000000004
6.066360377390808,19.526116073468113,18.5
8.461481161713227,21.523191785005793,18.5
7.289576410714049,23.048549111341487,18.5
6.643470046952686,19.449226856316024,18.5
7.9316465059107095,20.215993980480675,18.5
7.916668126348858,22.29767370685342,18.499999999999996
8.514917890000001,18.182230737833276,18.5
8.514917889999998,19.510716498952235,18.5
7.9041516533550595,20.54735134124769,18.5
7.922181999284355,18.433099676812425,18.5
7.901090963871605,22.31294455055146,18.5
7.234442847507615,20.804999876887667,18.5
7.93828143057355,18.389393344339066,18.5
7.92784873436504,18.455898816719493,18.5
7.930859701424977,18.437595739950485,18.499999999999996
8.514917889999998,18.141559361180104,18.499999999999996
7.290193170291528,19.398651920574103,18.5
7.3058899174204095,17.637855760663967,18.500000000000004
7.8922453491804605,19.865524636790447,18.5
8.51491789,20.570404937123893,18.5
7.300715770346029,18.689785180386,18.500000000000004
7.3241802220932914,16.69080327,18.5
7.905781887529406,16.69080327,18.5
7.879015523501423,16.69080327,18.5
7.8541690473195604,16.69080327,18.5
7.904455302864034,17.477384467630884,18.5
7.9757800161825045,16.690803270000004,18.5
7.257538900114801,16.69080327,18.5
7.9157543647385085,17.302202319977823,18.5
6.717642292489096,16.690803270000004,18.5
6.847074933540556,16.69080327,18.5
7.308636377754886,16.690803270000004,18.500000000000004
7.951629036177058,16.690803270000004,18.5
6.663674029802603,19.587572703338218,18.499999999999996
6.7030793870280565,16.95463569659839,18.500000000000004
7.371678463910204,16.690803270000004,18.500000000000004
7.93430003057612,17.87844281187482,18.5
8.51491789,18.386456281055832,18.5
8.514917889999998,19.78959783717131,18.5
5.462291018392866,16.939120370659605,18.5
5.394781369769795,18.204550602442843,18.5
6.0678048691390964,16.94393359758071,18.5
4.799542019807971,19.457939681412043,18.5
6.677710770862679,18.208633962789254,18.5
6.688312093379866,16.939778364529808,18.500000000000004
7.8596079174579705,22.373486321956413,18.5
7.9026241353277324,18.376204632535597,18.5
7.293121646832228,19.22050178197761,18.499999999999996
5.969462053682603,22.849696028592824,18.5
7.91692069539167,24.53065022382924,18.5
5.359146712161976,23.35936800468327,18.5
7.277124053733759,21.065522456570513,18.500000000000004
5.178729369777917,25.84586816962257,18.5
5.193144648838661,26.077004540954285,18.5
4.680414279228926,25.632038176757916,18.5
5.135563857166345,26.04282881073756,18.500000000000004
6.468298057630905,26.585725674680823,18.499999999999996
5.4149281255130015,24.39974190291544,18.499999999999996
6.04713620535206,22.020371146508012,18.5
5.339084199055572,24.879760641836548,18.5
7.221760752987997,23.577237164731105,18.5
7.285051114322807,21.31242160793068,18.5
6.018835631651715,23.405451095289227,18.5
5.2931040706585275,24.210408597667286,18.5
5.265865288955353,26.0959078407954,18.5
9.033638601881814,22.640245083700137,18.499999999999996
5.16584494410528,25.843243897540223,18.5
5.1986346329470035,26.068521050319806,18.5
9.643163445301557,22.39614283476581,18.5
5.871656765947389,21.765288743150613,18.500000000000007
5.914247035860697,26.118946638053348,18.499999999999996
5.374229691950072,26.926774473725022,18.5
6.5015939407653685,25.87026414442643,18.499999999999996
5.988338524329466,27.147411689043754,18.5
6.67862690647739,27.701672218695606,18.5
5.899371999355992,26.59859729825275,18.499999999999996
4.689048557645685,24.710022745462165,18.5
5.166207399297216,26.0553116320812,18.499999999999996
5.2081793827657545,25.85186648486552,18.5
7.825709845986573,22.11033795161711,18.5
7.160432504248712,22.38115425252721,18.500000000000004
5.179532419231056,26.060739654811876,18.5
7.245798022495899,22.367752976693815,18.499999999999996
6.01361642157905,23.653663690387404,18.5
6.652248161572226,26.643900131626665,18.500000000000004
6.704992227844789,27.7019643925801,18.500000000000004
6.022781521101946,28.10991620098336,18.499999999999996
6.4670698903945905,22.970328371319216,18.500000000000004
7.2131069363153655,28.158874865038147,18.5
6.566499734723482,27.61742968121843,18.500000000000004
7.203705982428592,26.63248971782845,18.5
5.935655940235441,25.840667962234832,18.5
7.1512983391450655,26.89763720108973,18.499999999999996
7.878792215420375,28.969701949666167,18.499999999999996
6.557646252494639,27.364618557670102,18.5
6.692989961248545,28.440596500666743,18.5
7.906621194396181,26.091467645946715,18.5
7.300308623787266,28.19078777744641,18.5
7.163237485599876,27.148120365656144,18.5
7.364902011565626,28.69147156112235,18.500000000000004
7.952706974535596,29.207532019999995,18.5
8.51491789,26.447310500612843,18.5
6.725309094266124,28.96616386740211,18.5
7.9145247770871405,28.230389811029752,18.5
7.3876257440158595,28.667911635017546,18.499999999999996
6.578255651812892,27.10751964469887,18.5
7.943022736339196,29.207532019999995,18.5
7.282947816257178,28.725394829226865,18.5
7.977543216126244,28.425025144238468,18.5
7.2387855084378785,28.97360080007507,18.5
7.904766052387654,29.207532019999995,18.5
6.738795280976855,28.98544268371659,18.5
7.309832822588041,29.20753202,18.5
7.349944605166498,29.207532019999995,18.5
6.4987256538721105,29.207532020000002,18.5
7.897478005253359,29.20753202,18.5
7.271507466995987,29.207532020000002,18.5
7.300303378074565,29.207532020000002,18.5
7.532468032736595,29.207532019999995,18.5
7.3394671461286904,29.20753202,18.500000000000004
7.299806649173392,29.207532019999995,18.500000000000004
7.911898319890778,29.207532020000006,18.500000000000007
7.928975967389596,29.20753202,18.5
7.928596898708018,29.20753202,18.500000000000004
7.267040628400042,29.20753202,18.500000000000004
6.85261916656885,29.207532020000002,18.5
6.740457423312237,29.20753202,18.5
7.935336960690873,29.20753202,18.499999999999996
6.629201163136132,29.207532019999995,18.499999999999996
7.8983137917650446,29.207532020000002,18.5
8.018059734236987,29.20753202,18.5
7.985647517564909,29.207532020000002,18.5
7.9625179218468825,29.207532019999995,18.5
7.975428749553387,29.207532020000002,18.5
7.980214918495648,29.207532020000002,18.5
9.144111759735274,17.19628175088613,18.5
5.978527407377826,18.961991075705825,18.500000000000004
7.28940301848405,17.19222293699128,18.500000000000004
8.353688739983255,17.503797146372325,18.5
5.250446517752566,17.598923374807406,18.5
5.415026326631814,17.74218931725568,18.499999999999996
10.356134773207216,17.98150995018564,18.499999999999996
7.926552470065391,17.201652254216974,18.500000000000004
9.128259902198774,17.679622492024397,18.5
7.285890796343967,16.961322163246145,18.5
7.906189524803642,18.46113648464094,18.5
9.194279105508413,18.709154883029864,18.5
7.84675740281817,17.71689775225589,18.5
11.079085222424032,18.468022995276026,18.500000000000004
12.293759445351085,20.027570071478202,18.499999999999993
6.539119737408875,20.73496050263375,18.5
10.38399866088632,19.20869749522911,18.500000000000004
11.018722460999745,21.27256157541618,18.5
7.84868224952897,19.244371729665446,18.499999999999996
7.188771469032268,18.965371898927785,18.5
8.500440972909738,19.270821695756865,18.500000000000004
6.697566591623276,17.70482910862807,18.5
11.042552851819456,21.06554629985773,18.5
6.028561436943017,19.750946088259326,18.5
10.987886900920408,21.25879805268705,18.5
6.06266604999698,20.798646356075007,18.5
9.06918801111606,20.04122639511894,18.500000000000004
8.449037148327383,21.290630647033026,18.5
7.222357003012736,21.296995398516497,18.5
8.435113466047094,21.293153295970846,18.5
8.50404867674712,21.496365357180085,18.5
7.896987776325668,21.166147295767733,18.5
10.327159506707217,19.2998892012596,18.5
8.492801395149833,21.00984086035101,18.5
7.273395572362939,20.511397487752298,18.500000000000004
9.683341452403706,21.28591291134595,18.5
9.098107651509693,19.54589854124439,18.499999999999996
8.449062165165579,22.5535958970113,18.500000000000004
9.188837119917897,22.045021251208837,18.5
7.819515385181138,21.54733391419061,18.5
7.269006970911712,24.142025546497702,18.5
9.925962179555569,23.074496873779466,18.5
9.927013615738904,21.57581931736087,18.499999999999996
11.055326444417517,22.504491654921974,18.499999999999996
11.017389463410693,22.292497265540053,18.5
9.21938473715774,22.599392384505332,18.5
11.6900687923661,22.794150951547557,18.5
8.711975831989747,23.046383150681034,18.5
9.31963876343186,22.312300024786783,18.500000000000004
10.5066088872586,23.126801021818046,18.499999999999996
11.065144005321683,21.797077373147534,18.5
9.180212118312589,24.629818802409172,18.5
10.973118156303352,22.024981076997104,18.500000000000004
8.477992400642284,25.114120420202575,18.5
9.705418303974886,25.685193681481557,18.499999999999996
7.901959706574038,22.256309587047838,18.5
9.069698047879092,21.305561630354227,18.5
7.257904678245155,24.15166866444631,18.5
8.41498667627687,22.534189161526548,18.5
5.421210755030502,25.401379657488363,18.499999999999996
10.35371784093264,23.387827719912902,18.5
7.799122277198536,25.39318126753611,18.5
9.612963901102622,23.914201324643294,18.500000000000004
6.476232723925264,25.392744729338393,18.5
9.10978769209347,25.142674827027513,18.5
9.044104293555879,24.88993372373928,18.499999999999996
7.275934365826815,27.141332072039653,18.499999999999996
9.096134984874627,24.89330376309649,18.5
6.64078021215045,26.67076074775233,18.5
9.121125384159237,27.402388924032348,18.5
11.081796377982828,27.453383837344084,18.5
7.396088036871012,27.691128798321387,18.500000000000004
11.037909334104969,22.818102436048136,18.5
5.969133039797053,26.382387963630094,18.5
6.603775846455445,26.640913324714433,18.499999999999993
5.958687484867462,26.378132907312136,18.5
7.409224154575611,27.448926235362833,18.500000000000004
7.24640923007962,26.919034216484178,18.500000000000004
8.045229458745974,27.466235013784782,18.5
11.096054146119222,27.964078606864796,18.5
11.113053507923949,28.216785710910372,18.499999999999996
11.727421417418498,27.975299371914506,18.5
8.916937304719477,27.66188339488203,18.500000000000004
7.839728157435237,27.41942792,18.5
9.830748926277204,28.48335375945638,18.5
8.289921540253786,28.496397135160112,18.499999999999996
7.854748553843399,28.17871204138212,18.5
7.880222883040909,28.704966573788433,18.5
11.703963846993883,28.216468023340635,18.499999999999996
8.04300694925923,28.474516193003172,18.5
6.045911095749408,28.719997628973324,18.5
9.170641422837587,27.69464547680207,18.499999999999996
8.00570232937716,28.960712152470713,18.5
8.033662205156183,29.20753202,18.5
9.548162657728792,28.756894303343998,18.500000000000004
7.318511434329484,28.411895471091167,18.5
9.747966827716295,28.191539089827096,18.500000000000004
9.309313178153314,28.469034106100118,18.5
8.54096754586173,27.43335878445247,18.500000000000004
7.928224668215676,27.919874584385585,18.5
6.680554938521709,27.43318411974628,18.5
5.3957519762112085,26.65732284129808,18.5
6.666864468412439,28.70471213781488,11.099999999999998
12.90445788,28.73896099627243,11.1
11.726906862072337,28.41932893213027,11.099999999999998
12.904457879999999,28.497200831324086,11.1
12.904457880000002,28.783510935742125,11.100000000000001
12.320477215441622,28.49617136455309,11.099999999999998
7.119073256439604,28.2144266866103,11.100000000000001
7.802492061901524,28.699459500718522,11.1
7.854884958265385,28.198553180737353,11.1
11.089083030228851,27.90868336497043,11.1
5.878114543956373,28.49354477158251,11.100000000000001
5.899358067289429,28.26634980031205,11.100000000000001
4.654676801887356,28.560693256296926,11.100000000000001
4.702219186618378,28.23176472515678,11.099999999999998
5.94961694400127,28.719123177881684,11.099999999999998
4.699611469053217,28.718833969316588,11.1
6.464019605620033,29.207532019999995,11.099999999999998
4.695112827480164,28.951586860104513,11.100000000000001
12.299549199177207,28.697564408593642,11.100000000000001
11.062772875658224,27.67145280211219,11.100000000000001
10.377031425210959,27.419427920000004,11.1
12.904457880000002,28.195365837508806,11.1
9.736697878871794,27.165578454657588,11.1
10.356564121466604,27.419427920000004,11.100000000000003
8.535742213625271,27.66094704029557,11.1
7.167699302737474,27.547216966400743,11.1
5.960300479535331,28.20269351971147,11.1
7.878691869130286,27.682736674213782,11.1
9.852785493666172,27.917347229291344,11.1
6.441975839575226,27.708386552467722,11.1
6.0607950697876145,26.85002163215366,11.099999999999998
4.1253779,26.953946045334984,11.099999999999998
5.356633650561301,25.87699591722118,11.1
4.687954876938944,27.39913571950034,11.1
7.242422537289089,27.41037687931331,11.099999999999998
5.958176306296745,25.61675972708238,11.100000000000001
9.741979461924632,25.386734527047537,11.099999999999998
9.764144993600635,25.900717812486718,11.1
9.748171131113796,24.893848917842984,11.099999999999998
12.904457880000002,23.13519182502454,11.100000000000003
12.904457879999999,25.654216865906186,11.100000000000001
9.771667814627083,24.09517375324346,11.099999999999998
7.167677779592063,24.847452787561174,11.1
5.399231228091042,23.586815901488205,11.100000000000001
7.928976725224227,24.866837809769056,11.1
9.138320322884367,25.885270340835575,11.099999999999998
7.831344632052735,24.848261775123632,11.1
9.726493177621755,26.124865902407475,11.1
5.38296372673153,25.110211767820577,11.1
5.43456078977926,25.153807016483118,11.1
6.713468519571218,24.619009976551858,11.099999999999998
7.924292289213803,23.852101965393516,11.100000000000001
6.0966225883250384,24.533059373866067,11.099999999999998
5.437195181247501,25.1305285781215,11.099999999999998
12.904457879999999,22.860388391748067,11.099999999999998
11.010541719038873,23.33694817913339,11.1
12.904457879999999,23.839951193517184,11.099999999999998
9.171889678148991,22.825780616982765,11.100000000000001
12.904457879999999,23.069800903881852,11.099999999999998
12.904457880000002,23.070485048835923,11.1
7.8650364454108015,25.357807512233016,11.099999999999998
7.895621945403011,23.843219699999995,11.099999999999998
6.501887645959501,24.55366539934458,11.099999999999998
7.275441783832568,24.34849741586402,11.1
6.6773729856116795,24.1123607189593,11.099999999999998
5.907976963762138,24.090753959490062,11.100000000000001
7.108267366972116,24.609426009699977,11.100000000000001
5.3413143188201,23.878648718417395,11.1
5.33386719094324,24.080175557918658,11.100000000000001
5.87621377564806,24.81048113163021,11.1
4.1253779,23.553964634249393,11.099999999999998
4.691349637538397,24.010551532956192,11.1
11.571059962725927,21.33429799595726,11.099999999999998
12.904457879999997,21.825765183096557,11.099999999999996
12.904457880000002,22.090259813733933,11.1
10.402576689703874,21.804617308508597,11.100000000000001
12.90445788,21.285040856904196,11.099999999999998
12.29669984771472,21.836682142625158,11.099999999999998
7.906868759100409,23.61617534365186,11.099999999999996
7.892819853916288,24.365326034270584,11.1
7.924044052474892,22.328268396390143,11.099999999999998
8.51491789,22.281931755981084,11.1
7.900237360439396,23.894666881976814,11.099999999999998
8.491658727555611,23.10194581464488,11.099999999999998
5.9297728959942,23.608408459856218,11.1
5.995153464696889,23.07629740431656,11.1
7.267469842355698,23.074465633447073,11.1
7.882514375316667,22.06014739191149,11.100000000000001
7.2270932126477385,23.594433291605174,11.099999999999998
7.884984328826459,22.30651359116166,11.1
12.90445788,20.02102890325043,11.1
12.308201979684203,19.03801027828385,11.1
11.68041963544861,19.24970960907885,11.1
12.904457879999999,21.245436337128336,11.099999999999998
10.97379152983787,18.991148290340227,11.1
12.904457879999999,20.507414623402585,11.1
8.51491789,19.237852205040518,11.100000000000001
10.362584316812619,19.722134464140765,11.1
10.347769424690103,19.725484258989617,11.100000000000001
8.514917889999998,19.013979464265553,11.099999999999998
10.398679525211415,19.744384846175173,11.099999999999998
8.514917889999998,18.736335903882946,11.1
9.171458750770245,19.77848491848516,11.100000000000001
7.8849627247412855,18.73272593276393,11.099999999999998
8.51491789,19.243769257700876,11.1
7.911836699291411,18.74085640289563,11.1
8.5124347776389,18.988106007435487,11.100000000000001
4.733055623214193,20.552545808841266,11.1
12.298182565520797,17.17399256460768,11.100000000000001
12.299801951336892,17.912722480543778,11.099999999999998
12.904457880000002,17.45616735641852,11.100000000000001
11.112157630722507,17.191611176241324,11.100000000000001
11.637051144888288,17.95347972710436,11.100000000000001
11.027295572761185,18.210073032855593,11.1
8.51491789,18.478907377,11.1
8.514917889999998,18.478907377,11.099999999999998
8.484586186070421,18.982021648552813,11.100000000000001
8.51491789,18.478907377,11.100000000000001
7.156407071068167,18.478907376999995,11.099999999999998
7.263676846535925,18.478907377000002,11.100000000000001
6.606128015906919,18.478907377,11.1
7.2236212157370945,18.478907377,11.1
8.514917889999998,18.478907376999995,11.099999999999998
5.309185858427382,18.478907377,11.099999999999998
5.381262004885423,18.478907377,11.1
7.226864956120354,18.725397335714735,11.099999999999998
12.276228084896912,17.20938644674224,11.1
10.949587215986927,17.222322917387203,11.1
12.292954798073609,17.695565693164415,11.099999999999998
11.059240180732877,17.96715087766778,11.100000000000001
11.041445479234813,17.44971197860939,11.1
11.745671681906588,17.219724535847746,11.099999999999998
8.548382798720244,17.219136090900175,11.099999999999998
10.454039438684323,16.9463771079364,11.100000000000001
11.024060127771923,16.69080327,11.1
9.162676339826461,17.694065807132905,11.100000000000001
9.737202241164779,16.932655637975053,11.099999999999998
9.221619659796312,17.936657190115977,11.1
6.704035455075628,17.16431594728299,11.099999999999998
4.731602176141851,17.21645247351216,11.1
6.686543966918595,16.92716448503242,11.1
6.052492568637747,16.690803270000004,11.1
5.347296718842276,16.69080327,11.100000000000001
5.33762135843955,16.69080327,11.1
6.7344534178249935,16.690803269999996,11.099999999999998
5.266964492308924,17.965295989744618,11.099999999999998
7.173691500849013,16.69080327,11.099999999999998
6.039074971288418,16.935689525519503,11.1
7.251917974296522,17.18285087346372,11.1
4.684225187559563,17.209066058655214,11.1
8.483217930762518,16.93037566730986,11.1
10.436181275654539,16.943317908698855,11.099999999999998
10.356687486135653,16.69080327,11.1
8.556500311156805,16.690803269999996,11.099999999999998
8.566758172241384,16.690803269999996,11.099999999999996
10.501864305006686,16.933625856414608,11.1
10.385339561499183,17.716980459772053,11.1
9.800803416137805,17.4550927574427,11.099999999999998
12.3264564438837,16.926255445883115,11.1
9.765514230272501,17.22363074303315,11.1
10.993324430947911,17.976825877350024,11.100000000000001
9.220988532551056,17.720406442206887,11.1
6.611494705241515,18.72719805739913,11.1
6.5536801978633035,17.980450726300326,11.1
7.757797503319135,18.478907377000002,11.099999999999998
4.1253779,18.249904008838058,11.1
4.1253779,17.222318928076422,11.099999999999998
7.890989775431848,18.478907376999995,11.099999999999998
8.51491789,18.478907377,11.100000000000001
9.187819798792992,18.204796953251265,11.099999999999998
8.514917889999998,18.478907376999995,11.099999999999998
8.514917889999998,18.478907376999995,11.099999999999998
9.123258097631608,18.231096529804752,11.099999999999998
8.51491789,18.478907377,11.1
12.301914099842431,20.01024064433619,11.099999999999998
12.343925491466099,20.038675424982806,11.1
9.12776474571514,19.20179996260225,11.100000000000001
8.579667025997633,17.97988301728069,11.1
11.08095404551882,19.277247187542706,11.099999999999998
9.630576585051346,18.475211305568504,11.099999999999998
5.403579795274464,20.5119381266462,11.1
4.1253779,20.268868610290603,11.099999999999998
5.297518178747602,21.542862256577756,11.100000000000001
4.1253779,20.287176426562738,11.1
4.1253779,20.884772154768616,11.1
6.187509355645305,20.032115778725668,11.099999999999998
8.453004559941018,19.256128466910475,11.1
8.51491789,18.75029482836485,11.099999999999998
8.51491789,18.977046635081695,11.1
8.514917889999998,19.03286775183023,11.1
6.824969177258607,19.61167200900495,11.100000000000001
5.983081802644165,20.808372578435844,11.100000000000001
10.298580572810856,20.03967515234965,11.100000000000001
12.904457879999999,20.267011484999998,11.099999999999998
11.712490773597754,20.508526243465646,11.100000000000001
11.71449498272571,20.267011485,11.099999999999998
12.90445788,20.781120264195497,11.1
9.680521011663625,20.032603430636076,11.099999999999998
5.79091820794014,22.73358291965894,11.099999999999998
4.125377900000001,23.270529755139137,11.1
4.74408197105162,22.55613061911947,11.1
4.1253779,21.2771388753961,11.1
4.1253779,21.46731821441793,11.099999999999998
4.1253779,21.541172717057606,11.100000000000001
8.616465261423727,21.526812108330212,11.1
4.689488777882192,22.862782733112137,11.100000000000001
4.7136916680957315,22.615846002424746,11.100000000000001
4.1253779,23.340436368124973,11.099999999999998
5.3825810902450275,23.080624463341657,11.099999999999998
6.046281527616612,21.029718705833872,11.100000000000001
10.993932215560262,22.236817761653377,11.099999999999998
9.684434903013594,22.577698357079317,11.100000000000001
12.293943347793867,20.76571726528108,11.1
10.91725311354475,22.332617335445992,11.100000000000001
10.351945719057396,22.575717493023188,11.1
10.501549219087334,22.84767161882436,11.1
4.1253779,23.897972211781596,11.100000000000001
4.1253779,24.098048263193974,11.099999999999996
4.1253779,24.12477542650311,11.100000000000001
4.1253779,24.14246754222398,11.1
4.125377900000001,23.896991572680065,11.100000000000001
4.1253779,24.142018143255374,11.099999999999998
5.390350157479526,23.84280247311807,11.100000000000001
5.443820242622876,24.323593563273395,11.099999999999998
4.748810759041806,24.092455465333174,11.099999999999998
6.034894023111263,24.590742549177584,11.099999999999998
5.423239662979283,24.380195932375948,11.1
4.1253779,23.80878546223538,11.100000000000001
9.15845280155307,23.898245793078843,11.100000000000001
10.063743759158369,21.854187825038093,11.099999999999998
5.372348065745587,24.08663378500689,11.1
8.51491789,24.098528660872574,11.1
5.36919512314562,23.8546860798358,11.1
9.75801541739951,24.08670585265802,11.099999999999998
5.892630880154115,24.376287325492886,11.1
4.6917599249938755,24.3905530860347,11.100000000000001
4.125377900000001,24.847617248316293,11.100000000000001
4.1253779,24.65613798975753,11.1
5.449319930973967,24.09778237626376,11.099999999999998
5.390232909030814,24.330052606537155,11.1
4.767243414939532,24.343650179971384,11.1
5.992634399194058,24.622064212749862,11.100000000000001
6.051551639269962,24.62743619837706,11.099999999999998
7.288347252608958,25.125787315767795,11.099999999999998
7.336084869507845,24.626720141575674,11.1
6.096520693686985,25.13103555806736,11.100000000000001
6.5902917155782115,24.592913569527312,11.1
7.958748976030292,24.71466952784055,11.099999999999998
7.90022302760374,24.34280236026116,11.099999999999998
10.306258245751527,24.171898422358495,11.1
9.099227705040393,25.631323810000005,11.1
7.900208928553977,24.91103141164652,11.1
4.1253779,28.1533636027033,11.099999999999998
4.1253779,25.34213842895851,11.1
4.1253779,28.199525124629893,11.1
4.1253779,28.18397619334145,11.1
4.1253779,26.90293163149908,11.1
4.7148872005302005,28.440625516685216,11.1
4.125377899999999,26.828951235950054,11.099999999999998
4.657241433914527,27.561815326151496,11.099999999999998
4.730673939846686,27.76354432041672,11.1
4.694372222528066,27.92751430700262,11.099999999999998
4.744110375758524,27.953081028444288,11.100000000000001
5.2973063431512895,27.681320812838013,11.1
8.514917889999998,27.616399118829097,11.1
10.410140049207477,27.936230939562527,11.099999999999998
11.108330490971678,27.661194319013013,11.100000000000001
9.105208858795326,27.419427920000004,11.1
9.088251699870517,27.665126048131036,11.099999999999998
10.360608836544028,27.966505814587443,11.100000000000001
4.1253779,27.598007393023313,11.1
4.1253779,25.87503719155658,11.1
4.125377899999999,28.495843790999736,11.1
4.1253779,28.95761758486197,11.1
5.947603550456102,28.176989911379398,11.1
4.709605846702783,28.98135463447955,11.099999999999998
4.716568940463153,27.69901920883094,11.099999999999998
7.18533339259595,28.735759115007063,11.1
6.661182361394519,28.95973543460459,11.099999999999998
6.582135524476546,28.73058597344396,11.1
5.934578074073654,28.962538902648326,11.100000000000001
4.714107593987425,28.28242675428129,11.1
11.093628611097607,28.422853707975356,11.1
11.107790900239799,28.636118625817307,11.1
11.823596427388274,27.639575452469224,11.1
10.54254004525041,27.668202578335645,11.099999999999998
11.694219836553744,27.903464653332133,11.099999999999998
10.345111618373561,28.705879164207083,11.1
9.830242642865697,27.69077390407145,18.500000000000004
12.254955297358853,28.17832125770431,18.5
12.220521355932778,28.152037771182222,18.5
9.05948166746008,27.641259072878146,18.5
9.853600814876351,27.712666064001095,18.500000000000004
12.276415487150075,27.639993200342396,18.499999999999996
6.02141957623987,29.207532020000002,18.5
6.5937677890218644,29.207532020000002,18.5
6.55080080543155,28.20556626397574,18.5
7.33680421159387,28.965085991872208,18.5
6.633206322496987,28.96130739936967,18.499999999999996
7.310105745830207,28.966756727508763,18.499999999999996
6.543421005964179,29.207532020000002,18.500000000000004
6.613089964262353,29.207532019999995,18.5
6.466352055308575,28.985028057065936,18.500000000000004
6.480146434214385,29.207532020000002,18.500000000000004
7.407543155906784,28.97186956102017,18.5
7.969879266385071,28.763549733610404,18.5
9.148647760237315,26.41939922544415,18.499999999999996
10.376965028380384,26.91517594257824,18.499999999999993
11.712478030678762,27.180767702196004,18.5
12.904457879999999,25.87012536466706,18.5
9.827779835264737,26.897384626741385,18.5
9.793953493944285,24.317472098299824,18.500000000000004
7.9835054162120365,26.913245976355572,18.5
9.212444249526683,26.670552070795345,18.5
8.397461324725025,25.711304493889152,18.5
7.749184311777185,26.610179674350128,18.500000000000004
5.701046758872307,26.063395597359687,18.5
5.8494817474914225,25.630388718851677,18.5
6.707338736315263,28.155755576916555,18.500000000000004
7.2406202072592105,27.663400705506792,18.5
7.235854082212379,26.897623368846403,18.5
8.51491789,27.419427919999997,18.499999999999996
7.323604875734382,27.17135147019626,18.5
7.882433114478298,27.16178164517411,18.500000000000007
10.335166384339095,24.644768820745774,18.5
8.664464274073374,25.173278133770072,18.499999999999996
10.886711739150364,24.413144795982518,18.499999999999996
8.517217039147269,24.114022944649896,18.5
9.845113700940088,25.133782271509034,18.5
8.51699229034406,25.392318383464186,18.5
8.514917890000001,22.294294220548057,18.5
7.925680037951315,22.862726859746104,18.5
9.838874182347057,22.067628128574782,18.499999999999996
12.30248271038181,23.057942970031583,18.499999999999996
9.05687930975057,24.647965413274083,18.5
9.80596910823672,23.395693842374314,18.5
7.887930047476526,27.16402085213177,18.5
6.577198995470284,24.096648925468454,18.5
7.253689886179386,23.119263168146716,18.499999999999996
9.115972434050326,22.559443719618557,18.499999999999996
9.08714067983497,22.544377210679965,18.5
7.1850305398352425,22.893912199081964,18.5
11.111690156414168,21.816144938312476,18.5
11.604786362972119,21.305479978953816,18.499999999999996
10.348495688227727,21.786027985206765,18.500000000000004
9.15853795463283,21.292846301582394,18.500000000000004
12.222068996509563,22.88541738889364,18.5
10.910888591389588,21.783419624723894,18.5
8.546005540990052,21.603179627397484,18.499999999999996
10.239325648895786,23.046721290064262,18.5
11.566676629899966,23.29956251710799,18.5
10.489491209042747,21.81829827864224,18.499999999999996
10.932373587219676,22.554462236238802,18.5
10.954507414184372,22.80629885607569,18.5
8.978657269258758,22.27553990370128,18.499999999999996
7.928750569405672,21.314472501875482,18.5
5.931819078489604,21.803662219906574,18.5
7.924731833479599,22.29082871493206,18.499999999999996
7.832879041989557,22.836616245979375,18.499999999999996
8.92264083405423,22.3215115600997,18.5
11.022984853070515,19.479910909909268,18.5
10.984433894154296,22.281618458872355,18.5
12.293165022940578,21.270675993988256,18.5
10.393780801808761,20.545979499700575,18.499999999999996
11.087282220897249,22.078883559400712,18.5
11.10293614491894,21.80929268316865,18.500000000000004
7.2055504748925365,22.06182625037509,18.5
8.505778244629195,22.30197973658858,18.5
8.499184455501613,23.332924611440735,18.5
7.20385222795647,21.791028996107364,18.5
9.118869159387447,22.04848667899355,18.499999999999996
7.82552138017196,21.584183360175906,18.5
9.313971919973262,21.564324940550968,18.500000000000004
9.104226683659288,21.560435019977746,18.5
9.339122570938757,21.585857537164483,18.5
8.836827156405295,21.587291755266715,18.5
8.749305498756215,22.279890910424594,18.5
8.782929268335055,21.57979316341258,18.5
7.943927829511272,18.43761491302203,18.500000000000004
7.325808204938003,19.48903504047825,18.5
10.998476230713809,18.23671918838473,18.5
10.434686458623641,17.937885745536448,18.5
11.026669366291056,19.012269882719295,18.5
10.355191007710339,18.740439064409784,18.5
11.70459116724247,17.693632656455794,18.5
10.457813866822123,17.951901410802158,18.5
7.830748115745038,20.791725584108853,18.5
9.79120096391771,19.747110307821753,18.5
7.366530306123227,19.18966042272701,18.5
9.78536489825675,17.938952003167213,18.500000000000004
6.570739156869851,21.058983761222976,18.500000000000004
5.9540617346431315,20.551884968304435,18.500000000000004
7.206746382380416,21.038916006144138,18.500000000000004
5.306209859590711,20.324959399817978,18.5
6.676528190644139,19.23169604147043,18.5
5.358622159581052,19.214755555503224,18.500000000000004
9.175924075739776,18.728938655277616,18.5
9.101531831358946,17.443117003561635,18.5
12.297412916429089,18.544221533394253,18.500000000000004
9.857500566108744,17.43016141190487,18.5
12.904457879999999,18.480122049034193,18.5
11.722648786011243,18.28292313666744,18.5
10.425867255265272,18.727225547708372,18.5
9.76178546488011,19.23298066849448,18.499999999999996
9.78575842461034,19.52425763336784,18.500000000000004
10.384916159124414,19.003895474167834,18.5
9.800998936144317,20.484765688611883,18.5
8.520566860458146,20.509276003540784,18.5
9.095137005363398,17.953176647420733,18.500000000000004
4.753895336065387,19.487791665742527,18.5
9.720234148550263,20.474763174142335,18.499999999999996
5.963801982654661,19.502302862071726,18.5
9.132752348526207,20.717658945871513,18.5
5.330880135393036,20.003181966637207,18.5
9.732568114543017,16.97284220447826,18.5
10.368655499840584,16.97862495591322,18.5
11.700668261537214,17.172995566053462,18.500000000000004
10.43705333624053,17.194834691634384,18.5
9.157263063942844,18.224857565326587,18.5
10.488094797233531,17.659491410719465,18.5
5.439591881689691,17.188526643913377,18.5
6.665352328409495,16.93772713603287,18.5
7.900613429000502,16.690803269999996,18.499999999999996
6.024366492511583,17.19539464937408,18.5
6.590306615467184,17.983313788588333,18.500000000000004
7.320235058018465,17.1705632626081,18.5
5.3066436737380265,18.792594297762356,18.500000000000004
10.375412059090092,17.90100729998708,18.5
7.127902363079757,17.181152011981418,18.500000000000004
7.151700566479122,17.186889395214152,18.499999999999996
7.42795354719786,18.464028030951347,18.5
7.2459943759820735,18.214224133560922,18.5
4.125377900000001,16.93232533595718,18.500000000000004
5.350317974188905,19.2483861117387,18.5
7.331094804135736,17.71174158870227,18.5
5.29697701024653,17.195081371236796,18.5
4.741910575221432,16.938418501613928,18.500000000000004
5.9802983990153935,17.207411080466997,18.5
6.686108142149349,16.69080327,18.5
7.298090876920583,16.690803269999996,18.5
7.415631220320202,16.69080327,18.5
7.324673135937575,16.690803270000004,18.500000000000004
7.269896812113264,16.69080327,18.5
8.514917890000001,16.690803270000004,18.500000000000004
6.647633198754759,17.20388513942753,18.5
7.324052272718223,18.454028478816376,18.5
10.414529712628624,18.276672760422475,18.5
8.521510605372965,17.94116567435566,18.5
6.606288536753768,17.20592938666603,18.5
8.505166571739444,17.187348833261495,18.500000000000004
6.503240823843731,18.506674419545746,18.5
5.9200289051014785,19.264384257860407,18.5
8.357612993736774,17.65693646814444,18.500000000000004
6.475753440216487,18.52233914189596,18.500000000000004
7.119272842261443,18.49007923936445,18.499999999999996
5.353315577832628,17.966360760560374,18.5
9.139246060619149,19.455847872665963,18.5
6.650766522826303,19.9471116292734,18.5
7.235864589903807,19.74973232351943,18.500000000000004
6.03896501631465,17.708226733914337,18.500000000000004
8.464926896272786,17.190437217571592,18.5
8.494157659374281,17.449967238318003,18.5
7.720490328434104,19.04808245198325,18.5
11.659786301338533,20.031344656188192,18.5
11.664552534423356,19.752589914267894,18.5
10.380273619870712,19.206733230654567,18.5
12.308050324474383,18.751283434220593,18.5
10.350026586611154,19.995598085399433,18.5
5.322722088534719,22.057979975013925,18.499999999999996
9.14881051405824,20.215327704943014,18.500000000000004
7.907705653681441,19.410262650101004,18.5
5.336993215331792,19.023159980597057,18.5
4.125377899999999,19.551677509087277,18.5
4.1253779,18.191022834603384,18.5
9.714619933180062,21.29274935149594,18.5
9.077876121028321,21.532562367681905,18.5
6.566482866779686,19.278341000534216,18.5
7.103220509015211,19.996300050262505,18.5
7.213005089503868,19.75163812466333,18.5
5.96320868093527,19.509401388925536,18.500000000000004
7.319872220134304,18.914717678887136,18.500000000000004
9.695257195707146,20.02177754697355,18.5
6.080479854215005,20.227176146000357,18.5
9.784370923095334,20.025612279379928,18.5
11.00517576356427,20.031133285015468,18.5
7.340751288819751,20.01701579535504,18.5
5.376639769694017,21.54540694525582,18.5
7.782267468838313,20.793231359288434,18.5
8.555236167749168,20.810160128440565,18.5
8.56914679079966,22.26364343095592,18.499999999999996
9.859843244013469,22.292612427760165,18.5
7.273047619877078,22.322486798214577,18.5
7.866303810174172,21.555196159561422,18.5
8.46525303758854,22.26149999832866,18.5
7.902106034223916,21.558600282396675,18.5
9.02640391259743,22.274291164221594,18.500000000000004
7.299786787542714,21.333771203458333,18.5
5.348558741886507,22.047104403499965,18.500000000000004
11.044098657823582,19.52107922133924,18.5
11.073639490086803,20.28988251287055,18.5
9.165048116417541,19.994670650418325,18.5
9.069741326574418,21.573448130292718,18.5
11.145472124418776,22.297165762064747,18.5
11.74324415189702,22.055115592,18.5
5.3859788116858205,23.30332598215846,18.5
6.526575114269178,23.021957063398876,18.5
8.3276443486505,22.343124769188307,18.5
6.393221781236589,22.74091916798126,18.5
7.740101450584061,22.847127430671925,18.5
10.330571094230455,22.295828061499762,18.5
7.914692318524346,22.32294638397345,18.5
9.121081055264266,21.81614123223847,18.5
9.946849780083006,21.816878585330322,18.500000000000007
7.18085072063907,21.559858829722213,18.500000000000004
9.782542465082894,21.552571022937105,18.500000000000004
7.135481447952941,22.02435311086568,18.499999999999996
12.342119252184833,22.767581010167806,18.5
11.723470407298736,22.8554741631941,18.499999999999996
7.804463728162361,22.307191723941934,18.500000000000004
9.351137229304891,23.265893621094033,18.5
11.176598435058473,22.0613627322121,18.5
11.121600891500298,22.302731039859943,18.5
6.689828123389164,24.347833665384805,18.5
7.316257988124256,24.486653565632547,18.5
9.14818448408347,24.27729090380176,18.5
6.706860106141802,26.14676808323535,18.5
5.355129038618587,26.144785527420282,18.500000000000007
5.266281256905746,26.708005331935748,18.5
6.5748162512999535,24.612748139357592,18.5
6.6953836762043615,24.985247424404612,18.499999999999996
6.666189986617849,27.17675077155354,18.500000000000004
7.871163035079847,24.032577019238552,18.5
7.815323482575808,24.078895069169747,18.5
7.92919060051725,25.909624010367015,18.5
11.04092474810717,22.077096710138022,18.5
7.274181510415441,24.89072900947096,18.5
7.298634741055693,24.617857411347867,18.5
10.353965374484845,23.59924446458813,18.499999999999996
9.217335755188934,27.94475532381132,18.5
11.728456012904608,21.576064535811096,18.5
5.344551398150484,27.649602505080107,18.500000000000004
7.3385726293174605,27.419427920000004,18.5
5.984429489645115,27.41942792,18.499999999999996
6.663447752226836,27.181284232214164,18.5
6.794867410202597,28.096834354147813,18.5
7.388614758050117,27.18342237732326,18.5
9.124814041128522,27.667872588664956,18.5
6.041609371156621,26.41191161124851,18.5
7.8790392856780525,27.160399148227658,18.5
7.660967682569552,25.895891143155268,18.5
7.173593475073298,26.642972251289834,18.5
7.8721163532074545,27.157579052388602,18.500000000000004
9.191652971277845,26.179932270707866,18.5
9.018025391741798,27.624371622790285,18.499999999999996
7.236830856287005,26.954324937295603,18.499999999999996
7.39171455304641,26.96188464347215,18.5
7.776605372240005,27.118672110518872,18.5
7.923005593445229,27.179596374519296,18.499999999999996
6.665255526897926,28.463154735499018,18.5
4.733702078568025,28.97685586316117,18.5
7.238215450533059,28.194733533312398,18.5
7.342041876001412,28.420270042211648,18.5
5.413705466065272,28.427343056789653,18.5
5.365949246892313,29.20753202,18.499999999999996
6.682249770561161,28.732484095379373,18.5
5.887646595989807,29.207532020000002,18.5
6.524402126269794,28.46247287269084,18.5
7.312954042329184,28.73229448488899,18.5
5.844817135426692,27.707211977268415,18.5
5.900129711190903,28.725924240865492,18.5
7.947372472848924,29.207532019999995,18.5
6.700439497936207,28.393256867944864,18.500000000000004
7.960086697531289,27.689677282728155,18.500000000000004
6.662200801915868,28.453612665756584,18.5
9.85074635392759,27.488172982313955,18.5
8.61246765819145,27.942878038833328,18.5
