8.393029770311793,27.197850487751445,11.100000000000001
6.777552543114934,24.771119150611582,12.913659359639466
9.150288697769184,24.93213752945467,13.81653393158847
8.514918427880556,25.631324240710303,11.100000000000007
11.182096508459054,28.514682877078908,11.099999999999998
4.125378748155544,26.54195358339028,11.100000000000003
6.3693418248793785,23.845294916537046,11.73614863246872
4.125377902326004,29.207532008753567,11.099999999999998
4.125378132127726,22.055115507744794,11.100000000000001
6.0059422414317405,24.039557833280142,11.45641679029121
4.125377929633277,29.20753195452511,11.100000000000001
4.995198203411452,21.734099018712694,11.176080086968387
4.125377903419799,29.20753200915896,11.1
5.701739643268683,25.059287024067853,11.300709877468936
6.1445565607206305,24.608047028022614,11.225612618866943
4.125377904164513,28.576730240790774,11.100000000000003
4.125377921833883,28.29947753149136,11.100000000000003
5.433426567083929,24.926033108968653,12.133755190538531
10.613659010866721,27.01958499618902,11.100000000000003
12.904457568783036,29.20753178608024,11.099999999999998
8.514918020488397,25.631323903964468,11.1
9.075908011337727,24.158128478804322,11.100000000000001
8.514918451413369,25.631324189580283,11.1
12.547651691556576,28.916837953718996,11.1
8.444553505519988,26.614733927025725,11.100000000000003
4.125377919880284,28.295464435697774,11.100000000000003
8.514917861592886,25.998398607869174,11.099999999999998
5.903248971456113,21.727018209323997,11.1
4.125377953824924,27.82519469276405,11.099999999999998
6.639891224303044,25.17473700754602,11.100000000000001
5.750284670024374,24.10549475474568,11.1
5.607434757333111,25.042766478271442,11.69284544537258
4.125378001443082,22.055115569415296,11.1
6.106822733505536,26.704410818725393,11.1
5.897224201286055,24.44455095998664,11.197861564840103
5.794752351718525,24.6736699113038,11.20525714227425
6.4260853706415455,22.73164215855545,11.100000000000001
4.1253785055318115,25.63132383117665,11.099999999999994
8.514917832813909,24.898948218187517,11.100000000000003
8.547001436488298,25.545086754362654,11.1
7.381747542578559,22.86775160444193,11.1
6.779294521695931,22.66296821128256,11.1
4.125377970447786,27.419427868218047,11.100000000000001
7.0135203423005334,22.790542947749927,11.100000000000001
4.125378170767197,29.207531064165444,11.099999999999998
4.125378202128663,29.20753089192097,11.099999999999998
5.835350469831844,21.598007857385568,11.099999999999998
5.815170562879396,21.64371249261863,11.099999999999994
4.984404272708125,21.57351493363078,11.099999999999996
5.753343533281472,22.96704442815485,11.1
4.125377978090809,22.055115545814765,11.099999999999998
4.125377906865995,29.20753198651439,11.100000000000001
8.514917220566309,22.055115332600188,11.099999999999994
4.12537820452314,27.969192382570704,11.100000000000003
6.682317267826887,21.339382955115955,11.1
4.422172432875361,23.96412060042144,11.100000000000001
7.8458991904781605,23.70081237459237,11.100000000000001
7.543207133765108,24.96521120768908,11.100000000000003
7.231452374142948,22.464122506165268,11.099999999999998
6.860292515582011,22.510814451425126,11.100000000000003
7.742578849721135,24.675804982818654,11.100000000000003
5.40582252055438,20.55167377237636,11.1
6.057450877582521,21.76849556159328,11.1
6.25795800484567,21.66765354755237,11.1
6.348491742002987,22.147723120354843,11.1
6.864580148696415,24.230390783186373,11.099999999999996
4.125378018468633,22.05511559290692,11.099999999999998
5.3155417252422295,21.73337950196942,11.100000000000001
4.125377949474164,22.055115572247132,11.100000000000001
4.161487131734135,26.040278567126112,11.100000000000007
4.647991264012027,22.480894622379836,11.099999999999998
4.125377940023512,22.055115581334555,11.099999999999996
6.148204140060507,20.359317343839194,11.100000000000001
9.327530924027766,20.292055946388125,11.100000000000001
8.87042692376065,19.87626598444909,11.100000000000001
7.0742795570724075,21.50151243669155,11.099999999999998
7.746807542425813,21.71203947097488,11.099999999999998
5.993922578095774,20.548444061942174,11.099999999999994
8.514917790636197,22.05511548252944,11.099999999999998
8.51491785135033,22.055115558007788,11.099999999999996
8.514917884363001,22.055115587133724,11.099999999999993
6.283159142851222,20.773177774059267,11.1
8.514917851566794,22.05511554965797,11.099999999999996
6.1347660863528315,21.22422752948549,11.100000000000001
8.514917815787143,21.517896429555186,11.099999999999994
5.526610935574294,21.427525741173067,11.099999999999996
4.979650506993571,21.527073787095198,11.1
8.514917768410697,22.055115546678078,11.1
4.125377956415919,22.055115580848078,11.1
5.6474794113925375,21.495288768711166,11.100000000000003
9.810809347622497,25.111384062850583,11.099999999999998
10.972838779927345,24.328195968443755,11.099999999999994
8.086421300940847,19.674325698831552,11.1
4.454016973728925,18.746653363627534,11.099999999999998
4.884502379303577,20.673112989532562,11.099999999999996
9.844161469174317,25.340806980112003,11.099999999999998
7.875668536080735,20.38862458562061,11.100000000000001
7.624904254099525,24.33287570738843,11.1
7.8129374346377105,24.218341040322763,11.1
7.710690646223791,20.143953468654665,11.1
6.105162359276094,20.267011522583672,11.1
7.839773857735119,24.187773906654833,11.099999999999996
7.06966156294559,24.162298092323287,11.100000000000001
7.074995646162432,24.340292144771748,11.1
7.162866960560777,24.842246089290974,11.100000000000001
5.146744771726928,20.362267318515258,11.099999999999998
5.627940213872291,22.363203782482227,11.1
4.649071447527426,20.943208384853676,11.100000000000005
7.550590036550697,19.652087209491977,11.099999999999998
7.7405044811058525,23.9601326898703,11.099999999999998
7.586335741850974,21.198211115110514,11.099999999999998
8.71508563185045,17.838620287187993,11.099999999999994
7.358782817308056,19.649205832959964,11.100000000000001
7.287651940215252,18.700416713945383,11.100000000000001
7.611126407152785,23.96308084967488,11.100000000000001
7.611128544152985,23.96308397325227,11.1
7.424704640093866,19.39229442006853,11.099999999999998
7.540094277322809,19.41494238717727,11.1
7.611130993539985,23.963093550871655,11.099999999999998
7.54399177522962,19.41755342123394,11.1
6.194781313387392,20.267011533360897,11.099999999999998
7.11396617277583,19.114195940801505,11.100000000000001
7.33002523614806,19.183769973934155,11.099999999999998
7.204444071116584,19.077641473605198,11.099999999999998
7.081632483137666,18.96995202089328,11.100000000000001
7.68430503406173,24.24542158472053,11.100000000000001
8.76034238109858,18.66608766167248,11.099999999999998
8.482508144024088,19.032474385924022,11.099999999999998
8.514917701629068,18.47890734519469,11.1
8.514917867100339,17.455565525918928,11.1
8.514917763265624,18.478907364537843,11.100000000000001
8.51491782123928,18.47890737434456,11.099999999999998
8.184780265658208,19.64160917075421,11.100000000000001
8.073476538500639,19.737865945838514,11.100000000000001
7.142249693430883,24.191582616203416,11.100000000000003
7.977568951789056,19.7996766538608,11.100000000000001
8.210641925014324,19.665801770291576,11.100000000000001
8.206725687082116,19.64459056944275,11.1
7.131196067896853,20.276429957909592,12.131811580039518
6.6662083389270155,19.10891988663768,11.1
8.514917806234699,18.47890736572563,11.100000000000003
8.30868593800005,18.348466410330794,11.099999999999998
6.4093541165592285,21.292674517656707,13.738937684284164
6.04826031030501,20.698628215681115,16.817803702735997
4.125378044925471,19.601441655624217,18.499999975536703
5.248952118974857,20.47219194848352,16.91396920861509
4.12537946578208,17.755474926531345,13.795859220459466
5.187204086573542,20.417542324577813,16.955339122975012
7.078750487198938,17.681106357742735,11.981771896305528
4.1253783946069085,16.690803804798367,11.099999999999994
9.298701146177127,21.138603103706743,12.049168492559648
10.429183560436957,17.59416158561943,11.099999999999998
9.19172513987049,18.138807991842175,11.100000000000001
10.521438618787123,17.080983397201642,11.1
7.793467325763139,21.124861886308793,13.323786648488989
8.500692084064783,21.083187550414657,13.143839638970947
9.12668328285554,18.72934606035516,11.099999999999998
11.710152419704318,22.79647377093112,13.561169647163217
11.600123497501407,21.16639888607558,12.98061096128234
7.191451977391628,19.186619090653167,11.262449414954675
9.130783738665897,18.58416892733745,11.100000000000003
11.965617956752785,20.713805392204254,11.927406599657496
7.611120796004428,23.96306784724186,11.100000000000001
7.444285366206397,19.277938965352835,11.099999999999998
7.367848921144394,19.518056060440653,11.1
8.860936796683918,24.765135025359214,11.1
7.563437836631373,24.353124190004202,11.100000000000001
5.818662320992635,20.962140119201983,11.099999999999998
8.44984597228011,24.11256505282709,11.1
8.044453305635646,19.88257286074057,11.1
9.223093084968605,19.382560674632746,11.1
8.533180893923422,24.110682073861966,11.100000000000003
7.776934119556285,19.185642607910022,11.1
9.984849915582748,19.077692571211184,11.100000000000003
9.1610344168399,18.25774253359258,11.100000000000003
8.603121669710452,18.52920831182152,11.100000000000001
8.514918778483144,18.47890721521336,11.100000000000001
9.729064095769887,20.55891350735179,11.76311100482819
11.913191402537855,21.42255224138039,14.313104035383176
8.764506432079612,18.521098404121,11.099999999999994
7.988471524412221,24.99853019871403,11.1
5.07513406821002,21.59630073635105,11.099999999999996
4.977122689237265,21.619793043818117,11.100000000000001
4.125378268387971,23.843219517527135,11.099999999999996
8.420764286959287,24.84031611677814,11.100000000000003
8.42076149182209,24.840315423068443,11.100000000000001
9.849465424625006,22.44981135407725,11.099999999999996
8.41403743367891,18.33362237310588,11.1
9.206838294254338,24.628855298269194,11.099999999999998
6.985527675575569,18.299083361582767,11.1
8.139251292030472,24.336530264350085,11.1
8.205066954672294,19.370115346207253,11.099999999999998
10.77587134311932,21.290915652628836,11.1
11.677412567249771,22.488868427434582,12.439066828790702
12.044660287891311,21.06675620629391,11.372895238308878
9.799904903723604,18.913237502618,11.099999999999998
11.469521124116612,21.202804569923586,11.874644468052997
11.328318232911851,21.517199688439334,11.331207638002883
9.886787054291723,25.347159200467644,11.099999999999996
8.676916132737711,20.48895118463118,11.100000000000005
5.7796638956616935,20.26701155884491,11.099999999999996
10.197508137982863,25.06054114218907,11.100000000000001
6.536813507236693,21.549380492294567,11.100000000000005
10.27111745024136,25.191113752316504,11.100000000000007
7.416885573572707,24.734547468639352,11.099999999999996
8.04220405456882,24.76531600891506,11.1
11.75693712093604,28.272633657131745,11.099999999999996
11.572700888327558,28.122534346717213,11.099999999999998
8.445846832510117,25.35203441769375,11.099999999999996
8.373180177399579,25.25383603876555,11.099999999999996
10.546231300572146,19.160354170783354,11.100000000000001
12.90445650204879,20.267011455297684,11.099999999999996
12.904457330428583,20.26701149477757,11.1
11.192694919827344,19.127768622185446,11.100000000000005
12.164917818813946,23.591905851219956,11.467448190073604
12.208537915793983,23.46889365192433,11.343153971532173
6.504771877911844,22.752000404003415,11.100000000000001
8.761088361288685,25.85374259234121,11.1
12.10762320503532,28.558341715091004,11.100000000000003
8.145726890584896,24.88371712114491,11.099999999999998
8.18699659317695,25.13321790286336,11.1
8.287814442532763,25.44244600977583,11.099999999999998
10.78761428608532,24.439905981138548,11.100000000000001
10.732277046535614,24.75885890614286,11.100000000000001
11.813781397298893,28.318945348402938,11.100000000000003
9.934627513483626,25.72878887051694,11.099999999999996
10.274002862801755,25.31411876463661,11.100000000000001
11.840963346309914,28.34109080350998,11.1
9.703862566580487,22.655384359725243,11.100000000000001
11.341682859924054,25.37484598318387,11.158030715179825
12.904457675573372,23.84321978932969,11.100000000000005
10.56221846833388,25.632503064323117,11.099999999999993
11.719295378008653,24.839990521527756,11.100000000000005
12.904457649754333,23.843219783074602,11.099999999999998
9.091411930727693,25.829331444646996,11.100000000000001
4.1253784265558515,25.631323866540303,11.100000000000001
4.125378044098036,26.17350226593126,11.099999999999996
5.2484879970907246,24.300724919888545,11.099999999999998
7.691027142297077,25.522993339243506,11.1
8.15850581718922,24.647128101767287,11.099999999999998
8.853460232207915,25.50890841831685,11.1
12.159121683008575,28.600297893986543,11.100000000000001
9.552491524264703,24.32277042725429,11.100000000000001
10.12107964250889,28.07370692517047,11.100000000000001
6.289339758985214,21.79325981399513,11.100000000000003
7.833048450427936,23.035950667045633,11.1
12.267280578738358,23.79724047472718,11.816005528471303
12.904452971487725,29.207520460323025,11.100000000000001
10.026610045578408,24.80232677893526,11.179110355146372
8.307729803251402,28.97456971166851,18.499999051556856
10.686863671034674,27.40083248257461,11.1
11.61883629305547,25.188755333109995,11.658257549167667
7.205191594554612,25.355607747130883,11.1
5.333482377486459,22.976020974348128,12.945679698830858
8.057388782531078,25.378339408154314,11.099999999999998
5.886079155360773,22.220050303070778,11.099999999999996
7.349951654988811,25.08716566007399,11.100000000000003
7.312814887829584,24.472933950730567,11.099999999999998
5.421879581304442,22.081122191524894,11.1
8.02194269045312,24.62469217541324,13.952598999894173
7.5757017705114285,25.89329101975688,11.099999999999993
8.6120730319972,24.73101618372163,13.666209204781808
9.41287569374027,27.266828904150398,13.040300474231529
7.370747103599319,24.38402433129555,11.811111262144678
8.695277677306054,26.88341256499034,17.315759076717203
8.514919854843324,25.631325453648977,11.100000112109159
10.544549138667804,25.220130078657636,15.561641532203248
9.875605727433546,26.3785292854624,18.500000000000007
9.98714295134217,26.3108160341683,18.38821020440334
10.491721107414294,27.98434081466344,15.048714642423187
6.939696684522084,24.06509644949963,11.35289104256657
6.681708942240857,24.574969718917394,11.959602072926492
4.125378323425663,29.20753171193415,11.099999999999994
5.279543847937674,22.11940908541677,11.100000000000001
4.125378000137817,28.568524534770027,11.1
5.306999531395491,22.06409871855402,11.1
8.707912504972862,26.031991662977717,11.1
8.05561143303963,25.12932296707208,15.781050580915835
10.73305044652715,27.274158826337317,11.1
9.0438116551845,26.85092880104001,18.5
7.832956796719173,24.896598490969637,15.116300866004188
5.681831872385835,26.577455287602806,18.21192558607928
10.342899557228161,28.6353839731812,18.499999975761913
10.010862975828696,28.560041665316405,18.499999972087195
9.484793886564407,28.718408823040473,18.5
12.904455873299428,27.419427549653552,18.499999871747395
12.904456929673868,28.081943216535088,18.49999994821086
10.505893782533635,25.234723741953534,16.22999103372146
5.971758031105177,26.64538152156004,18.499999999999996
4.646086234952237,28.412618656600507,18.5
7.155108090044841,27.506464720824454,18.500000000000004
5.296110363765693,27.543145179509317,18.499999999999993
12.904457797148005,29.207532000250396,18.499999999999993
5.862882298192323,27.62688855170242,18.5
4.74834484438152,21.116338915668727,18.5
6.656149457592586,28.59207180343203,18.5
4.790087992804919,21.094129006226908,18.5
4.8891730331950916,24.028672494554943,17.561153754954294
4.777877935606167,21.09700174767577,18.500000000000004
6.684854498972966,29.019626411952277,18.499999999999996
5.5498767286796316,22.650100627167575,18.500000000000004
5.838022983467428,25.420249242731686,16.136594482170917
4.125377903578024,26.041012981204606,18.499999999999996
4.125377900836566,27.61378044938247,18.499999999999993
4.9814096470958145,26.60180973327679,18.5
5.985421269385309,23.951950643704656,17.19563190395382
8.156180463922018,25.735526354524726,18.500000000000004
7.7490820677063725,27.69019626850653,18.499999999999996
5.8219558376412905,26.238593752477176,18.499999999999993
7.018863293465806,24.557892212616455,17.54541067498143
9.826095575171935,26.3993928835679,13.023543459448959
6.926933985209219,29.207531990278195,18.499999999999993
4.931917208343285,23.10801276976438,18.209075770612493
4.564124296869712,21.20227634796225,18.50000000000001
4.520710321606249,21.240833432133787,18.499999999999993
4.464658952373686,21.284156551064594,18.500000000000007
4.49507867061768,21.278060323843786,18.5
6.957436586049973,26.62663598662822,18.500000000000004
5.721522890350137,23.326280811648395,18.5
5.841434596532509,23.32517007741346,18.500000000000007
5.841433900040977,23.325170304833115,18.5
5.8414350494397045,23.325169945147117,18.499999999999996
6.176183924758332,23.90854126298393,18.5
6.461931742051822,23.72950554891784,18.500000000000004
10.108512239078623,23.897642755395392,18.499999999999996
8.947859630402801,23.574434296393854,18.5
8.651531648981118,21.150227755813393,18.500000000000004
7.472893185683718,23.154215614253477,18.5
8.592299597082786,21.30480747414553,18.500000000000007
8.175526895533263,21.155056868016317,18.500000000000004
6.8152617010605185,24.297793114845042,18.500000000000004
4.652285424579288,23.131474658592076,18.5
7.221778410584613,25.917915389649597,18.5
5.535023856713944,19.883037698696082,18.50000000000001
7.235167989367476,24.173108378518535,18.5
4.828379380298932,21.160045897509093,18.500000000000004
4.566485573156695,21.220654288792602,18.500000000000004
4.437051064177361,21.112180164582547,18.50000000000001
4.439296187965745,21.317376064786547,18.5
4.125377906662924,25.631323809250244,18.5
4.568612362249634,21.232804571568114,18.5
5.61124610648236,22.428260204651355,18.5
11.719430331399414,22.345876240595857,18.5
8.573264675887767,23.89257896518543,18.500000000000007
10.33946895076848,24.630325702637307,18.5
4.1253779144388325,22.05511557496268,18.499999999999996
4.125377909975016,23.843219705698793,18.499999999999993
8.370003037857446,23.556340556174764,18.5
7.740989374843661,23.28349116059106,18.500000000000004
8.228425475101366,25.059663134757827,18.499999999999996
7.955304433806639,23.589886427649414,18.5
7.9974069997312975,24.268938419794715,18.500000000000004
7.695425077793733,23.01737495955345,18.500000000000004
7.464711437526797,24.025343671211132,18.5
4.415479289055052,21.287460093028148,18.500000000000007
6.866068925034789,23.216297403775034,18.5
6.995790605545508,23.218334510630118,18.5
7.149454780079967,23.41819088188511,18.5
5.4857826875570685,23.550123235936933,18.499999999999993
4.12537790697862,22.055115580085648,18.500000000000007
4.1253780296823885,23.843219747747177,18.5
4.125377990077942,23.84321974676116,18.5
6.9680256426394465,22.82438210035434,18.5
6.155008333116584,20.35963153270585,18.5
7.764535141104563,22.825697781668996,18.5
7.729791501581302,22.570375169024743,18.5
8.012885482408857,22.726454223463875,18.500000000000004
8.038000622435598,23.479253164971414,18.500000000000004
8.158880816736403,24.529054893215086,18.500000000000007
7.960293071361834,23.642962551130537,18.500000000000007
7.732074415081887,24.247640277796698,18.49999999999999
8.483382980351571,25.41016205949661,18.499999999999993
4.650434597016067,21.28401994076933,18.5
8.305427163759065,20.542058601932915,18.50000000000001
6.6146522652480755,22.906539074712803,18.499999999999993
6.656167733106766,22.830031502286115,18.5
5.3215630648780285,22.79660791346823,18.499999999999996
6.9013370207222104,23.03292436195641,18.5
7.867190420160437,22.003233663926647,18.499999999999996
10.48021468745312,21.530359474287625,18.500000000000007
9.481274318391346,22.79692480174523,18.5
11.490354747378198,19.86819818460654,18.499999999999996
8.429676947222143,21.909463856383127,18.5
10.868404034371492,21.72361567679348,18.5
7.500489043781923,22.23995935648807,18.500000000000004
7.544260513168599,21.79863189449151,18.499999999999996
7.304786822409899,23.40878555703673,18.499999999999996
7.686738523402423,22.096374582227565,18.499999999999993
7.997630078865171,22.795317334487038,18.499999999999993
7.6299221065671174,22.287569141273142,18.5
6.137938432075907,20.488483771932067,18.5
5.989734845926621,19.53761365220253,18.500000000000004
7.107152861871832,21.896614451724325,18.5
5.5309350797893275,19.787211242280147,18.5
5.380188300667809,19.759244055258566,18.500000000000004
5.354748184187466,19.746409074397555,18.499999999999993
10.725283319200487,20.978810605394248,18.500000000000007
9.283175046365225,18.608398502282803,18.500000000000004
10.425677914786238,21.41191562610949,18.499999999999996
8.657745694899909,21.76276855170071,18.500000000000007
9.248939020863377,18.845066099554383,18.50000000000001
10.267530609833532,21.402093861158498,18.500000000000004
6.466543496266742,19.990563577932747,18.500000000000004
4.125377910273599,18.721184943751854,18.500000000000004
7.389005694301486,21.854752842266635,18.499999999999996
7.3450503834300545,20.95118222131312,18.500000000000004
7.420792939704478,20.925759164742797,18.500000000000004
6.662276669514961,21.540201426412008,18.500000000000004
5.14573862238273,20.598231647193455,18.499999999999996
5.059046995747362,20.653639766998747,18.500000000000007
6.772133531862652,20.2406757576836,18.500000000000004
6.506985384257944,20.366824622848156,18.499999999999996
6.378271110378963,21.036508299925664,18.5
6.078715583016867,19.45776870864391,18.500000000000004
12.364741468129477,18.84586562956876,18.500000000000004
6.212987256742241,19.955343045629903,18.499999999999996
12.533411327731082,19.98430371565579,18.5
5.706103265529776,18.959848460319193,18.500000000000004
9.010784547423938,18.66233748780175,18.500000000000004
7.620711784290794,21.788548933322364,18.5
8.063346701765363,17.38464037510821,18.500000000000004
8.098078460884002,18.03609557762673,18.499999999999996
7.736741066284784,17.908477666411095,18.500000000000004
8.072135439813493,17.528918649396395,18.500000000000007
5.672099516557642,18.051349726059723,18.499999999999996
8.180917851742262,17.51594254736716,18.499999999999996
6.6964752249212784,21.70815044276337,18.277174794339263
6.773948142262265,19.624256712487057,18.499999999999996
5.316482109701051,20.716776696152692,18.5
6.93866885222988,17.53597799952737,18.499999999999993
5.679600516712709,18.201527641171825,18.5
4.1253780760547665,17.934857973231594,18.500000000000004
6.0828001029903,17.393581558981023,18.499999999999993
6.085788594159292,17.6880161380121,18.5
5.399855142951339,24.362385108061456,18.49999999999999
8.345862060936142,22.179589505316063,18.5
7.3101824655093965,22.160223031906757,18.499999999999996
9.630841982762115,21.425235994188313,18.500000000000007
6.817722490027473,18.614874566565444,18.499999999999996
9.827391571560385,18.117874726941725,18.49999999999999
11.420565479878109,19.930465879176875,18.500000000000004
9.590822246665008,18.14824083964164,18.5
7.99692370220584,22.11528584562056,18.326062115944943
7.357492041300808,18.568580433850986,18.499999999999993
11.986227932993906,19.963499474618622,18.5
12.525079489494644,19.318896804232452,18.5
12.170803815764053,19.505444427245127,18.499999999999993
10.812720069919823,21.93396686341159,18.499999999999993
10.423563639004968,21.583411874375514,18.499999999999996
12.202342991208036,20.410016595602862,18.499999999999996
10.368794777578765,20.741581951249355,18.5
11.378950526329193,19.585677673213578,18.5
9.264050218283991,19.556688178822654,18.5
7.8568541512679975,21.010386758944215,18.5
7.881294712773616,21.144581521994695,18.5
6.87505838609664,18.721775019437626,18.5
9.39165419867586,22.505763248479305,18.499999999999996
8.401537612123036,21.420911077249425,18.5
8.767969356443727,19.591778415427285,18.499999999999996
9.003943782761906,18.93317683076523,18.500000000000004
11.30449345924929,19.40579193819265,18.5
10.65539068801054,19.297689503389538,18.500000000000004
8.27294768463325,22.93796621000253,18.499999999999993
12.142277181311382,19.359576438531672,18.499999999999996
9.572075250180188,22.63486626219998,18.499999999999996
9.726809961920774,22.62441383433569,18.5
9.72678360998684,22.624405354550003,18.5
11.63947828465831,20.157946743515048,18.500000000000007
9.619045425899309,19.52518035065098,18.499999999999993
6.396003177133201,19.521115120381936,18.5
8.009314218892838,20.472971917079793,18.499999999999993
5.596940318593866,18.054283240732286,18.5
6.589657845414534,18.74300291114219,18.5
11.592381964016866,19.013388875028628,18.5
9.64961706881187,19.804785391735034,18.500000000000004
8.48538113241989,22.67363906732451,18.500000000000004
9.05503934327168,22.73637096972724,18.5
8.338819463595906,22.55316622059552,18.5
8.31777058594463,22.60997258281919,18.500000000000004
11.188528773785452,21.901026451923457,18.5
12.139248402861524,18.49503024151704,18.5
8.378511598594171,21.94544027763601,18.5
12.088423865750833,20.310651809041588,18.500000000000007
12.17707165537484,21.003653557342208,18.5
12.211982434732008,19.8580435602091,18.500000000000004
11.189933132142473,19.510921238390555,18.5
6.45601909840341,23.391484944376856,18.5
8.61404965080063,23.389300302415258,18.5
6.537381493201279,22.75416845794593,18.499999999999996
8.364244254423408,23.211338502666795,18.499999999999996
6.5418461834271895,22.678916033127685,18.5
8.511139009407449,23.334689370489063,18.5
7.914371146170221,22.01738716874255,18.5
8.573529952095027,20.602744836836695,18.500000000000004
7.620460170199781,22.126374705114213,18.5
4.1253782390207,23.843219830407605,18.500000000000004
8.424580341358729,22.179502180655476,18.499999999999996
6.6698321462522205,23.157977090101173,18.499999999999996
7.32352757289403,21.97733159845197,18.5
12.023816710517922,21.818755724386296,18.5
11.430489229219457,22.25409519008428,18.5
6.9800415081692115,22.682989554175666,18.5
10.52462121218787,22.881677624745848,18.499999999999993
8.19688604298106,21.592952530421726,18.5
9.216974295965459,23.71064628968493,18.500000000000004
6.733713834043093,23.767103592385155,18.499999999999993
4.125377985536011,23.843219750165954,18.500000000000007
6.225043847611435,23.65885740959388,18.5
6.386716496453883,23.6033053234062,18.500000000000004
6.853393415226293,23.18638773669241,18.500000000000004
4.125377971917683,23.843219745876205,18.5
6.526068314858638,24.82115458991252,18.500000000000007
9.454739925642308,23.255009203263636,18.499999999999993
6.1193315298786874,24.655468019850044,18.499999999999996
7.044612627754419,23.122805762421507,18.499999999999996
7.540899457879174,22.926173184177802,18.5
8.810905767303382,22.982535158180028,18.5
11.283151216034751,23.095994747015883,18.500000000000004
5.619133275680523,24.4517094057556,18.49999999999999
8.94914862080184,26.859275421425203,18.49999999999999
9.797339876122415,27.276074731818426,18.50000000000001
11.841693890255433,22.97066444219671,18.500000000000004
5.899324973709778,20.766449285631854,18.499999999999993
4.995064077260622,20.938545340806805,18.500000000000004
8.603132634798714,23.948664949889793,18.500000000000004
5.974228574700927,20.732376419264565,18.499999999999986
8.50010908624391,24.64024765165356,18.5
5.937421427726974,20.80602884550138,18.500000000000004
4.775012977906987,21.12901445346977,18.5
8.990144521577973,20.391003524126948,18.5
9.70616126536272,19.731064655125497,18.500000000000007
6.708959112814905,25.178040394654325,18.499999999999996
9.459738680387941,23.937620339495126,18.5
4.871375441486932,21.044398319172366,18.499999999999993
8.107086212782333,22.9411161670979,18.500000000000007
7.5237375674030424,23.455269380492474,18.5
7.436632788852094,22.820566904349896,18.499999999999993
10.803458184737677,20.799535341158197,18.499999999999996
8.58593393607418,26.477307242473863,18.500000000000004
10.703264160280664,20.67380984929281,18.50000000000001
6.113610321638515,28.451679119354704,18.5
4.792583167259951,23.398732165285292,18.203895520189473
4.795862607450151,23.424850445959944,18.06272730712357
6.896183141212963,26.62241604131465,18.499999999999996
4.873862751058757,23.44430953047431,18.125701901604437
5.218123721691431,23.39565089526711,17.63862695833815
6.34925860027306,25.268333132495943,18.5
7.337150470190075,26.926634539730333,18.500000000000004
8.080182768321665,23.03913054790958,18.245344624644552
7.329631294797511,26.019509151888556,18.499999999999993
5.79501148002355,23.855960048311694,18.225450493754817
6.462438638368228,24.91461937308234,18.097949968127196
8.887143428629454,25.06865016696864,17.044681541141536
9.64131007766715,26.416780192418315,18.500000000000004
4.125381082212049,23.843220655444593,18.5
8.815296682337493,24.038095434896118,18.30496929483149
8.641989193279047,24.551430213081026,18.11970984534803
6.956614965351514,23.033056486679225,18.499999999999996
6.674293726842815,28.728921265976467,18.5
5.260552656187051,24.17636332346727,17.05445806236261
6.150947940634294,24.77830501090335,16.40656009254802
5.394744814720431,23.53162503379038,17.710497543820953
5.264769607008861,24.239770123063074,17.113146514308397
6.022664394828265,28.745852857572544,18.499999999999996
5.543730127403048,20.927439971473873,18.500000000000004
5.359387797534229,23.501641458492916,17.48138822508484
7.814789139284151,21.445527739239786,18.499999999999996
7.489898648542977,25.287738400787298,15.241930824387241
6.5664787018452975,24.962628396437108,15.919346987336926
5.494517449577347,28.22631053059961,18.499999990522934
10.48588772163494,27.692513857641927,18.5
9.014187290995148,27.8512645589717,18.500000000000004
12.90445474573979,28.540465540426787,18.500000000000004
12.183731045805104,28.297152385512565,18.5
7.567020990805925,23.827650644082507,18.5
10.809387786581002,24.79449496882633,17.69837221660835
8.28820051156338,24.60065784372065,11.196828350245328
8.726675608102324,24.590168279673783,11.870815059180536
11.386071716890122,24.4257273132363,11.717558710188614
10.096135601204384,24.823258169177077,11.211879721531393
9.84736225137626,24.91709128740155,11.571682104576235
8.228092677587737,24.73968418980243,12.010192394006094
6.069661084124205,25.22679856845641,11.331284177116814
5.763291803571173,24.632677386782035,12.167251865304024
6.484886966899379,24.873430316742223,11.352985766004542
6.127253049892382,24.12997608524231,11.100000000000001
6.496846394533766,25.777297658804425,11.099999999999998
4.1253780043934,27.419427853387063,11.099999999999994
4.125377909661235,28.417486583929076,11.100000000000003
5.671608005461725,24.109904244249698,11.1
7.211932921346302,28.863066889964134,11.099999999999996
4.125377950545409,28.30426595562906,11.100000000000001
5.63500664656274,24.86534889134064,11.847001986169971
4.977373238953536,21.752079921152063,11.099999999999996
12.904456466545017,29.207530845520534,11.099999999999998
10.370243621118155,24.259780279387112,11.203036833006047
9.626973021832042,23.97268994844161,11.1
10.828626558856158,24.396702365210988,12.299040614909252
11.547092510621914,24.234540493038388,11.76616783686097
12.191314746864167,28.62652608044631,11.099999999999998
6.3432307055274455,23.979043558565852,11.100000000000001
8.76209992351664,25.917172979779277,11.099999999999998
7.3292951749774815,24.623973479896545,11.100000000000003
6.351802019101329,22.128171405443236,11.099999999999998
4.125377928083122,27.419427894878257,11.100000000000007
4.12537793189449,25.631323808049153,11.1
5.10785152627978,27.128145142335036,11.100000000000001
7.664476924154057,27.216510125507025,11.099999999999998
4.125377913739544,27.86633657217033,11.099999999999996
8.282251797816159,27.31551669934189,11.1
6.2191462868998935,24.829257515876034,11.100000000000001
4.817299321645509,27.12110776400051,11.1
10.272006795698845,28.08934437718059,11.099999999999998
11.336361087332257,24.178129113129543,11.099999999999998
11.595067929530458,28.140756970261435,11.099999999999998
6.736028753452631,21.567522024617492,11.099999999999998
9.108447456868749,24.710051979030897,11.100000000000003
9.159334848105177,27.681934663119407,11.100000000000001
7.568854178665944,25.054282775246254,11.1
8.53476115706587,25.694404387357267,11.1
5.108988814122115,21.628992211469964,11.099999999999994
5.18616132251216,21.726766198941256,11.1
7.006253470066917,23.59669201685771,11.099999999999998
5.149172828998816,22.021155709704836,11.099999999999998
6.300698262395038,23.208361545691915,11.100000000000001
5.664366921038228,23.336553092451705,11.099999999999998
5.90771576269259,23.461554799626462,11.099999999999998
6.20860325415132,24.478554355287486,11.24234663590277
5.874108276601951,24.401205534753363,11.241262114211782
6.214182428609285,24.81351276912123,11.207505822920615
7.3145839132863735,22.692459793301797,11.1
8.155121064563064,22.21610741422576,11.100000000000003
8.500062933855752,22.24761997100222,11.100000000000001
11.289660318391654,25.475987327988122,11.1
8.821571370800466,23.50781504013656,11.1
7.835989163157012,21.177626637775308,11.100000000000001
8.514917869331482,23.828324798156473,11.1
7.521808370462276,25.39717711845655,11.100000000000007
8.514917888595523,24.23013318488941,11.100000000000003
8.514917874914456,22.055115582522514,11.100000000000005
7.552593464949638,25.800554507412652,11.100000000000001
6.602744161073614,25.90428765304793,11.1
6.141990919938533,21.040204217869043,11.1
6.137591506244779,24.36835494077638,11.208936346506317
5.0320708992293355,21.53080887400868,11.1
5.041235674781117,21.560303188080553,11.1
5.8110034859100566,23.172464235476053,11.100000000000001
5.115658966749668,27.675742359652094,11.099999999999998
10.216174448167905,22.599519385339242,11.099999999999998
6.491079312084166,19.45354057980363,11.099999999999998
7.464162858078607,20.861751551005582,11.100000000000001
7.9566583332371525,20.494594893044056,11.099999999999998
10.218269985754628,20.320237418681625,11.100000000000003
11.040221017191174,23.5614369586283,11.1
8.514917884664367,22.05511558780357,11.099999999999998
5.901085690000957,21.0023192656173,11.099999999999996
8.514917858904981,22.05511555774253,11.100000000000001
8.07626725733722,20.85341231397096,11.1
7.611128652652051,23.963104097570778,11.1
8.114260109094193,20.9532508752993,11.099999999999996
6.493122390339313,21.366098196995623,11.099999999999996
5.818304764943188,21.636310445335322,11.099999999999996
7.3222149184384895,23.12593461246799,11.099999999999998
6.433256501951182,20.267011534977083,11.100000000000001
7.365800470719965,23.164372172658606,11.099999999999996
5.27542367747095,20.485191275180345,11.1
5.87134618880983,20.65308772099153,11.099999999999998
4.799489497018863,20.267011550051752,11.099999999999998
7.7789381635036925,19.91891949594283,11.099999999999998
9.21108091599094,20.755791942280492,11.099999999999998
10.04210256472472,25.29747095113721,11.1
5.7444284689639264,21.115881784222093,11.100000000000001
5.7863959996133625,21.064933647285546,11.100000000000001
6.841688933039586,19.18574609573026,11.099999999999994
4.870121193395875,18.782282811451985,11.1
5.127787993229264,19.295582274175075,11.099999999999998
6.492153480078614,20.505583744593768,11.100000000000001
7.735969979617251,20.256486614651497,11.100000000000001
5.674424615743151,20.66075716628025,11.100000000000001
8.160984012642949,20.111908398043575,11.099999999999998
8.132102732257065,20.25640174894985,11.100000000000001
6.514949717050177,20.267011500409193,11.1
7.769584794676094,20.26701149032702,11.1
8.202266030697123,19.911783892679384,11.099999999999996
8.51948987949165,24.333858071343936,11.099999999999998
9.180958394529357,17.449197684186903,11.100000000000003
9.360284066691843,18.802975168729475,11.1
10.19531467109777,18.184642634166572,11.100000000000003
8.800224544361628,20.867864720925635,11.099999999999996
9.247121311653682,22.18021873912672,11.100000000000001
7.839764872075881,24.18775065818153,11.099999999999998
7.477050708128875,19.56547742434684,11.100000000000003
7.611129163061851,23.963089666019556,11.100000000000001
7.611128861922809,23.963087079330716,11.100000000000005
5.740154755389901,20.26701153924941,11.099999999999998
7.812931337130002,24.21832429884045,11.1
7.457856156641766,18.682298477538318,11.100000000000001
4.315754535321891,18.634009372089356,11.099999999999998
7.447067980279663,19.234056025583726,11.100000000000003
8.330622701701648,19.021300495266157,11.099999999999996
7.570556796207375,24.04583177330222,11.099999999999996
8.514917844714974,21.246873077069584,11.1
8.807529127401786,20.075574587815,11.550295919433466
8.223072138423634,19.65297078731922,11.761077970883342
9.080663584909278,21.29195753283395,11.100000000000003
9.060042737302552,20.915359657517435,11.099999999999998
7.565314659590681,19.232612358059303,11.099999999999996
8.351426702782595,24.362125904203623,11.1
8.176589286853686,19.640637762870714,11.099999999999996
8.723167558231838,18.602864425405734,11.1
8.268966237417542,17.488205928729606,11.099999999999998
6.39528969283247,20.267011882907607,11.100000000000001
7.884035362918699,24.01438080275373,11.100000000000001
8.239283499214334,23.88728754076279,11.68285639188267
5.517719976727433,19.163563792022387,11.099999999999996
7.084129477546805,22.219154834237525,11.100000000000003
5.651453855737712,19.80958395652679,11.329871021479512
6.94353223036334,23.723178225474875,11.961254916251276
7.471352580165014,19.062829388827513,11.205736553956257
5.9200207019146305,21.04818171742371,14.97108403313029
4.125378295093415,19.26803700736806,18.49999968514723
4.125378288315349,19.56429069124448,18.49999952394362
6.069752087334943,20.22935917457706,13.025753601238401
6.915572011594747,18.507054152066857,12.997716951956429
7.808803990200823,18.096976755058225,11.279930534774069
7.537989981336267,23.780361801470576,11.836904109095347
9.271844969510404,17.430686150387313,11.100000000000001
7.3683506337301266,20.773334471368422,15.507184771069682
7.4370510534783785,20.203844052068664,13.054972265430651
5.7622055247490485,21.128680902982,15.34778375905939
8.331388291684169,25.149070238927937,11.099999999999996
9.040089071629016,18.49986685370976,11.099999999999998
8.666571512135631,20.436778037121773,13.125330409463235
10.110626688871447,21.573622508098897,13.807275071248727
12.000080722482144,22.705788647208255,15.052438204904648
12.527865074268691,23.343039991408528,13.47050106889164
11.768295302580855,22.253181966704805,13.544213961055934
11.200738081228895,21.463971974580982,13.373845333614101
7.810218457011282,18.600093604956946,11.1
7.611130177930373,23.96307190085238,11.099999999999996
7.611131094007695,23.963076707459717,11.099999999999998
6.560046522368967,20.267011764908844,11.099999999999996
7.930638831867656,19.21052945949711,11.099999999999998
7.493727335652819,19.917522488926064,11.099999999999996
8.514917795478114,18.478907398931693,11.1
7.009693590993793,19.193099479220827,11.1
9.188312762044466,24.571782439423515,11.1
9.031541824924432,24.52694588854977,11.1
8.959470212532148,18.085909713568036,11.099999999999996
8.807124186618307,21.065538180615075,12.226322236430454
11.040301142681319,22.677786906164023,12.922258044882968
12.677229461419897,22.994751730383324,11.834552274340917
7.433543276538661,19.00881374263818,11.1
11.55448674569421,22.143252411832762,12.969897335577961
8.875230054679964,21.254152847342652,14.170457125004381
9.600856007832368,18.411819534468545,11.100000000000001
7.6116137634202925,22.530866576903357,11.099999999999996
6.698950962778852,20.66885842270939,11.100000000000001
6.550582321983258,20.26701157521303,11.1
7.990177590105994,23.07757814674299,11.099999999999998
8.019230439804128,25.20519181458269,11.100000000000003
4.1253791058579665,19.71574201533164,18.499998060897525
9.362627675686934,18.77780722228247,11.100000000000003
9.432762463233184,24.425001911157853,11.1
9.586778894386482,19.218004037280718,11.099999999999998
8.717103911580569,24.464995773058654,11.1
8.589507596495817,21.069880396954886,11.1
9.59970874183975,19.474821854855428,11.099999999999994
8.082246041424764,19.691631853168673,11.100000000000003
10.517322057076061,21.239422007998847,11.100000000000001
6.926778004844427,19.379836873512435,11.100000000000007
7.405424377213836,20.73561414050953,11.1
7.0320677071164495,20.061504888798314,11.099999999999998
7.858379925237652,20.62615654153305,11.099999999999998
5.907029482839901,21.431805067644255,11.099999999999994
9.413360273418194,24.277321353812,11.099999999999996
9.834118825153702,24.91470762776792,11.305427123474068
9.485134316722949,26.077270004788762,11.099999999999996
9.203214103034119,25.23886638236977,11.100000000000003
12.312699778057626,28.725419912001257,11.100000000000001
7.736596191389824,21.185877957872982,11.099999999999998
8.04936391943594,21.544228103105834,11.099999999999998
8.516911752714142,21.41124636112438,11.100000000000003
8.200198011155424,21.492884869610883,11.099999999999998
7.78033838986058,21.29730968489221,11.099999999999998
6.48585685785699,21.636306165297604,11.100000000000005
10.848473288125376,24.276130022939835,14.2174804098629
11.16248260698702,25.48343630500141,11.099999999999998
10.668232982110169,28.003488755558937,11.100000000000003
12.904453779582445,27.419427180681353,18.499999878196206
7.605797631028666,20.517471613371896,11.100000000000001
11.637704282228714,23.68514593016186,14.789454723375945
4.1253781340255635,23.843219601431965,11.099999999999998
12.226081808564878,28.654851260203014,11.100000000000001
9.119503625074087,25.169047343046653,11.099999999999996
8.099709333571395,25.13424357228424,11.099999999999998
8.076068504333406,25.526686619962693,11.099999999999996
7.676534555434715,25.280920301205924,11.1
4.125378832751533,23.84321935616485,11.099999999999996
10.244579027884265,25.863923378498065,11.099999999999998
11.296292480480872,26.42738781798262,11.099999999999998
8.51491783787718,24.846836611583285,11.100000000000003
9.236157301697986,24.76141535472461,11.099999999999998
10.01431155882117,25.385335253144852,11.1
11.953297170865168,23.67145969998428,13.648612704641002
11.927363765785632,25.197046514359595,14.277562145366037
11.688493155426501,25.229583717656727,11.739588641057736
12.904415436429545,29.207525269271354,18.500000000000004
12.904454914930414,23.843220618922587,11.100000868774728
12.904450740253651,29.207521058443305,11.10000011696636
8.16538047994323,24.97030385942491,11.100000000000003
8.158522500249287,24.9273037708162,11.099999999999996
9.086522213945345,25.789598686027386,11.09999999999999
7.839552910772136,24.03235180644607,11.100000000000001
8.977996014650154,25.739007177237273,11.100000000000003
9.020221717825311,25.402514047409415,11.1
10.816607420609927,25.078305988383566,11.099999999999998
8.104647454108699,21.854192038790337,11.100000000000001
8.514918446599768,25.631323963883688,11.100000000000001
8.51491825632525,25.631323980915973,11.100000000000003
10.265085041678537,27.057204583438168,11.100000000000001
10.12072990183906,24.697434756989335,11.099999999999996
10.88146478015327,27.537128605427547,16.481649797997914
12.158186026201372,24.968747469320896,12.445197603748724
11.814401941798579,25.348041646268854,11.730153833409762
11.929559678823246,25.38150117075318,11.546941886039056
10.10100601470135,28.455246758415324,18.499999981696796
8.514921792162832,27.419426442827728,18.4999953534926
6.035358078473065,22.107931926722454,11.1
8.601061985126757,27.089198260240593,14.109244460454672
6.995557492226626,25.098901224324667,11.1
7.997651981836187,25.651137743260207,11.1
8.838655454556893,25.58419739849782,11.100000000000001
6.99692143861131,25.096346872514825,11.099999999999998
8.862923090526568,26.599050791144958,11.100000000000001
7.768121119294744,24.964134275158695,11.100000000000001
8.052632530164455,24.945847436669798,11.100000060317708
8.888171063446686,26.366157780335477,12.42759992062061
4.125378783663571,25.6313237864896,11.1
8.19854299626599,24.873384272819955,11.100000000000001
12.54704431905126,25.67005286418357,11.100000000000001
11.78427134277291,26.680013354611287,11.5932789298506
10.079000141604409,25.028842326684853,13.626545291569888
8.342169946593014,25.472007336188348,13.174473657400517
11.324414460209768,25.546105082164907,12.065557413011321
9.33545342602246,25.083443422609022,11.1
6.6776452077773705,25.267031211661326,11.100000006497549
6.880599885593428,24.96557430730336,11.099999999999998
6.83528885262965,25.196453299548214,11.1
7.213985792892899,25.81445043474335,11.1
4.705707426654593,27.943831490537974,11.100000000000001
6.974330105912621,25.5565075748915,11.100000000000003
8.514920158724927,25.631325924112367,11.100001222514916
12.009065008132314,28.760227428721684,11.391950161729065
11.311303478082129,28.26534036708584,12.991951003569765
10.507230191313587,24.97783721597295,13.298374589725363
12.904457140467361,29.20753150802304,11.100000494908876
10.95572795719564,27.786766567713055,11.1
12.904456459800537,26.58970286051734,18.499999768818025
12.90445492299008,26.587866527644017,18.4999993787237
12.904450373127986,27.41942803981583,18.499999662984603
9.344469945163409,28.594077074825623,18.49999985753419
9.890830911813286,28.558321247449513,18.094555820667157
12.904455113659251,26.302836077719128,18.499999723487903
4.125377966553443,26.248426517512957,18.5
8.168098952140184,26.262154019456954,18.290213552484083
8.623301239394927,26.90251286107185,18.236581545932918
9.131243109415273,28.196502524364284,18.5
5.663338121609792,28.8942836995689,18.500000000000007
10.045456760184772,28.83267181754964,18.499999999999996
6.435939306129715,28.91940925440621,18.499999999999993
4.1253779339721355,29.207531997375188,18.499999999999996
6.90373513450281,28.922440382949652,18.500000000000007
6.243776842853769,28.914559951243056,18.499999999999996
5.520443900921819,24.46011105004017,16.793659253389393
5.334867677090846,22.902699088352716,18.158746057237053
4.88915487374233,24.02866247184602,17.56118215877083
4.885387680045939,24.022533359338773,17.55087245486527
4.921546344382759,23.09446649394829,18.212817590946532
4.714000005413023,23.30367677313162,18.203385005830384
4.507070115330962,23.786163062291347,18.427319158240888
4.802911135284661,22.962984395389928,18.499999999999996
6.932800774366118,26.821691282202874,18.500000000000004
10.464284901660568,23.929515918484455,18.2257332439866
12.243982013203414,28.839084788489938,18.500000000000004
7.454183595744906,22.71724612463627,18.5
12.25834622639149,28.7297513964531,18.5
8.226291583304272,24.464033558113304,18.361920823424303
6.949204700172801,25.269052678789993,18.499999999999996
5.955710406150404,20.750699108172334,18.499999999999993
4.937500035856154,20.976359569545586,18.500000000000004
6.759628289363766,27.650684326266134,18.500000000000007
6.498330747994368,23.69805219323419,18.500000000000004
5.4278057133092945,25.30461038459075,18.500000000000004
4.959055389666027,25.320653024506356,18.284316049124467
6.033928894016775,28.041021508107594,18.5
5.236147746173948,24.236154790971163,17.290611452273797
4.742769153732846,21.13812766868413,18.500000000000004
4.713993638559823,23.303681857335782,18.20338655452066
4.629113814200407,21.23067059486222,18.5
9.823230139212589,22.541713888382983,18.49999999999999
11.714019601024493,22.523915935186178,18.500000000000004
8.052947982974917,25.753258603290714,18.5
8.482476373062513,23.025370835420755,18.500000000000004
10.235374144007702,20.33447887157818,18.500000000000004
8.566891683197959,22.590826731586898,18.500000000000004
5.7390718787834425,22.57304060051225,18.499999999999993
6.83005253085618,23.33590284721159,18.500000000000004
5.382533682758358,22.52490752122275,18.499999999999996
6.700710937604274,23.5331707645138,18.499999999999993
5.809397223935488,22.62903941322853,18.5
5.319356689139389,22.486065270276292,18.5
7.314899132702087,24.344245800634372,18.500000000000004
7.119031239395375,24.303609893955016,18.5
7.149197419575632,24.691108847014306,18.499999999999996
7.191648983970041,24.76104768459662,18.5
7.094846203782858,24.51433455402653,18.499999999999993
4.7809081858244555,21.182649163270792,18.5
10.133448696175819,23.608204295974762,18.499999999999996
11.45163043342404,25.63132373734508,18.499999999999996
5.629844953384642,20.94022466898253,18.49999999999999
5.72037946566351,20.90595489481006,18.500000000000004
7.223758731597454,21.518543114647322,18.500000000000007
11.80341452843125,25.631323750005986,18.500000000000004
7.119110283269114,20.55538769695971,18.499999999999996
7.613136076806527,23.15157436332013,18.500000000000007
7.505927004015838,22.90959240959757,18.500000000000004
5.959161543074996,20.97457775990683,18.500000000000007
6.656767746931155,20.654747274528482,18.500000000000007
6.932250922827025,23.083034233146737,18.499999999999993
6.050003780220012,23.344755853104306,18.5
6.418101816703297,23.76341558671514,18.5
4.125377926994488,25.6313237812503,18.499999999999996
4.125377963086345,25.631323738458196,18.5
4.785172920844716,21.057376084419943,18.500000000000007
7.03727655188561,23.510077060609376,18.500000000000007
12.243338375216148,24.50972297049139,18.5
12.157191194769666,20.266241128374986,18.499999999999993
12.037036916374895,22.197670232937295,18.499999999999996
10.160207940911809,21.486404010052897,18.499999999999996
11.9654922907632,22.20715644328697,18.500000000000004
10.192697515149977,22.46580179247257,18.5
7.817968800790879,22.622927986126566,18.5
6.261010233618139,23.303698419237275,18.5
6.5364931644920485,23.115592388219433,18.499999999999996
8.211055189193647,22.302676006829223,18.499999999999993
8.202400753067453,22.30972686940716,18.500000000000007
8.329291357846532,22.20634764552451,18.500000000000004
7.9082500630334644,22.549374800795285,18.5
7.533473691665669,22.854709421859408,18.500000000000004
8.07649990715369,21.534625855842428,18.5
8.297098637866448,22.232575428463562,18.500000000000004
6.704679183034315,19.629963160827778,18.499999999999996
6.057589778558596,20.11736696491483,18.500000000000007
11.689812000411274,18.62869142131479,18.5
11.549153091439024,22.393268831289834,18.5
12.90445782153136,23.843219663407837,18.499999999999996
9.40153680990066,21.536561550747418,18.5
10.782109841880656,20.731953979252125,18.49999999999999
9.708390547722125,21.727856572646147,18.500000000000004
7.542134002087251,23.00686386949853,18.5
7.579822783580222,22.161480329957282,18.5
11.925419491495411,24.45629711209281,18.500000000000007
7.619699463461183,22.78446035013474,18.500000000000004
7.6522649864389924,22.757928935229877,18.5
7.67771237242997,22.737196536576995,18.500000000000004
7.5643746088359505,22.82953423446775,18.499999999999993
6.651839628247857,22.36808515920746,18.5
8.057545914067864,22.42774181992744,18.5
7.791540467477742,22.64445953658651,18.5
8.016213513964466,22.461415867151256,18.499999999999996
7.581823439842955,22.815318429355496,18.5
4.125383663246124,22.055113341806532,18.500000000000007
9.984798620661717,21.86532641179411,18.400522996504584
11.767011782873869,22.587966358878152,18.5
11.13056729642583,22.12866755249322,18.499999999999996
12.052704563275576,20.4404947433051,18.49999999999999
11.414754735647183,19.598044170665663,18.500000000000004
7.3848779431010465,22.97577234805001,18.499999999999996
6.345796171600602,20.398190818635523,18.499999999999996
7.24705202481141,21.78198310110299,18.500000000000004
7.55638096898141,22.120068899264027,18.5
7.436901164088385,20.446565236611427,18.499999999999993
7.187466201703029,20.478579929353206,18.5
7.405439645967039,22.95902047443173,18.5
4.731970112005945,19.00682289116636,18.499999999999996
7.341480728295578,23.011128577734176,18.50000000000001
6.679144600912327,19.935521461261406,18.5
6.804068264256456,19.97210135975703,18.499999999999993
7.451769853977728,22.921274771137234,18.499999999999986
11.01824071982555,22.38688858637505,18.499999999999993
11.443287565380464,23.1580275280763,18.43868440309496
10.854700587562302,18.176180174985486,18.499999999999996
12.715312045710515,18.989566081315907,18.499999999999993
11.718215473075979,22.14369602743519,18.5
5.720768168046506,19.554387376705062,18.5
6.830721830286644,18.38949503186398,18.5
9.852546384674605,22.710702093657858,18.500000000000004
6.962596440861988,23.319811300307958,18.49999999999999
6.090072762227089,19.41727687872653,18.499999999999993
8.64984849117337,21.86618021060751,18.499999999999996
6.083025298292896,19.204747323516678,18.500000000000007
6.726984889712505,21.42712420679676,18.288146247217732
7.149938922288311,23.167180479253926,18.499999999999993
6.134428127592542,19.23300041616292,18.5
7.074507436705773,23.22863502200225,18.5
4.125377966650701,18.743608539125702,18.5
6.88594529807873,18.230389070574834,18.5
11.282702483972274,24.52505534094538,18.499999999999996
7.65435072101107,17.50222159901597,18.500000000000004
7.522321970539781,20.386672541065487,18.499999999999996
8.363127573245869,20.64590891605435,18.500000000000004
7.304154588800001,22.45985814256631,18.500000000000004
7.649231980204865,17.46886564263661,18.5
10.164204397096558,18.58347075510378,18.5
12.904457762583148,23.843219596432103,18.499999982824203
9.8582276599152,18.42973276761911,18.500000000000004
12.904457701327688,23.8432195041986,18.49999997309599
9.262565914161092,18.519801520116786,18.5
10.919614478107118,21.870258177921077,18.411473243164302
12.370452452102912,22.724003789777356,18.5
11.858508026245039,20.468983388928226,18.5
9.726383246605295,21.903874653105717,18.499999999999996
12.469937129856227,22.904384813854943,18.5
11.619663088800626,22.79369325926736,18.5
10.972515370671076,20.22811719560446,18.499999999999996
11.32206612017045,22.284145018692268,18.5
9.560261998778794,21.920762397537196,18.500000000000004
7.302853705737494,17.92984097957734,18.49999999999999
9.078543249713022,22.981145936939605,18.5
7.915800953882976,22.368457050584986,18.5
11.289016825577205,24.451472598298103,18.499999999999993
11.817456450340897,22.16455984341736,18.5
11.719140660264651,19.740893837323355,18.5
11.262189971861645,19.51018387086875,18.500000000000004
11.461893991399968,18.728183100080177,18.5
8.291702364388213,18.115701679492943,18.500000000000004
11.21141006915407,18.28753792671673,18.500000000000007
11.471732141035375,20.744806981117154,18.5
11.53852420145385,21.81658022573367,18.500000000000007
11.368571392789844,21.707040824810356,18.5
10.520506665126108,26.36042072305458,18.500000000000007
12.90445699405145,23.84321900432651,18.50000000000001
12.138863504756044,20.169275336179144,18.500000000000004
6.944294100758528,23.33472160790581,18.499999999999996
11.525794311612396,25.097044220560534,18.499999999999996
9.807997608382985,21.75864860722296,18.49999999999999
8.63854868147587,19.80566891132311,18.499999999999993
7.134345742026278,23.179884066939376,18.500000000000004
7.0352696257349665,23.260602704528946,18.5
12.034056123195754,19.779439614886464,18.499999999999996
10.698959364653101,21.436687972167707,18.5
11.796299470723053,20.42171015831353,18.499999999999996
11.385234789886214,23.28665062194097,18.500000000000007
4.125379144292103,22.05511493733878,18.499999999999996
4.125388007737793,22.05511233345492,18.500000000000004
11.753468156505328,20.746213788260487,18.500000000000007
11.603417683848637,20.984673488326397,18.499999999999996
12.904457188806328,23.843219125396395,18.5
11.65679214662194,20.082190290667324,18.500000000000004
10.228154740172833,26.698938259850717,18.499999999999993
12.244776981145364,22.758691424602958,18.500000000000004
11.815635027590675,25.391933946628967,18.5
9.113771914483916,26.641483680942617,18.49999999999999
10.350210426034376,26.91309842934311,18.499999999999996
8.965503542093206,23.42717553286707,18.499999999999996
7.9538900341636785,26.469003319966856,18.500000000000004
9.662944283746487,27.355194148113338,18.5
7.575122519747345,21.4883254811785,18.499999999999993
10.248989467592104,21.908537210145465,18.5
7.711416172100662,22.593311475516195,18.499999999999996
9.803812933744327,22.19664570867566,18.499999999999993
10.782874266258672,23.609410303953172,18.499999999999996
10.984034178340272,22.565370803468547,18.49999999999999
7.346733446257699,26.378017184514732,18.499999999999996
12.904437305597842,29.207517134811507,18.499999999999996
11.771263573027976,28.096100374609126,18.499999999999993
12.441837082345407,28.973212135735356,18.500000000000007
11.156510607253761,22.152197543368988,18.500000000000004
11.097087603584551,24.315965508601064,18.499999999999993
7.113084550639844,25.457893090009986,18.500000000000004
6.591197705273014,23.62239264784218,18.500000000000004
9.761684314454783,23.356774110490882,18.500000000000004
9.425360083301179,24.023763566315544,18.499999999999993
7.503511301203326,24.5737454281797,18.5
11.322856852235612,25.1068547225545,18.499999999999993
11.196695546530217,23.226027046889346,18.5
10.012062382106784,25.35269761200425,18.49999999999999
11.183694505672058,25.048919697834023,18.500000000000004
7.744527954771817,22.672550057387205,18.5
7.43899143141493,23.118353928193766,18.500000000000004
8.390115647096595,22.322939016199463,18.499999999999996
10.633103016616097,27.063201237631617,18.5
11.046442058093282,26.73893120759424,18.500000000000004
11.262323317042863,22.808029736230843,18.5
10.885456608294254,28.9199207997649,18.499999999999996
10.885456608294254,28.9199207997649,18.499999999999996
10.885456608294254,28.9199207997649,18.499999999999996
7.314002670978337,26.074371233494062,18.5
5.564493752388212,25.127972059110355,18.499999999999993
5.561937648938043,25.132962955249226,18.499999999999996
7.676656775893368,23.744355897180995,18.499999999999993
7.297153239319068,24.09726989298077,18.499999999999996
5.553340511394763,25.131371510122403,18.5
6.971376899913937,24.981473700270158,18.5
9.691681233624104,23.618400336399603,18.500000000000004
11.782863396508779,24.715946604852547,18.499999999999996
6.503036993263136,23.69421940108119,18.499999999999996
9.944862099207397,23.039404812487753,18.5
6.669065546358075,23.55895349751001,18.5
11.258415959769213,24.711376413746084,18.387304127143814
10.55859334502961,23.59497824292786,18.499999999999996
10.922627822196482,26.822337144537176,18.500000000000004
8.179843073461486,25.7440398403791,18.500000000000004
8.681866559361813,25.531845826870118,18.499999999999996
6.08495211737001,25.606985499476792,18.5
5.039518326680481,20.928245573798716,18.499999999999996
6.600390072749091,27.770845352447676,18.500000000000007
6.56450597262843,24.988678318651843,18.5
5.141865889521121,20.847749409973673,18.500000000000004
5.024785598127529,20.940644145300997,18.5
5.104238150727494,20.875062044733593,18.499999999999993
6.424971073397995,25.185670550579175,18.499999999999996
4.872866179527167,21.045354382325687,18.50000000000001
6.93537627427826,22.77449531432384,18.5
6.524112400440013,20.60406822557249,18.499999999999996
4.771360439865486,21.122271932619924,18.500000000000004
6.511025813068146,23.784206301099193,18.499999999999993
9.583722361764508,24.42383032076741,18.363980170219207
8.975053230423836,28.40719608869511,18.5
10.495470776251361,27.903832978552927,18.5
8.782596924220021,24.152749859968942,18.407102952953842
8.758651546900655,24.131970971888766,18.307411451569408
8.477706375120066,25.023847594341913,18.500000000000007
4.895703375875676,21.02134125460967,18.5
4.891623313311085,21.023709799811268,18.499999999999993
5.002715020997656,20.9488744043214,18.499999999999993
4.959103821729649,20.988778837020693,18.499999999999996
4.995010691758774,20.953208447963934,18.499999999999996
5.318100807243125,23.209831867943546,18.204501437440673
8.86232483505009,25.117025907738142,17.039192767984787
8.533884353345956,28.21417035361077,18.500000000000004
9.194805994588945,24.15305996126264,18.397636881786646
8.785245952205258,27.269129000345817,18.5
8.412706122594253,27.3541970383275,18.5
6.962738170190559,24.338433157013128,18.085746399543027
8.289533703617483,23.979568713737677,18.499999999999993
7.569112929632275,23.937280061147014,18.499999999999996
7.951056503727981,23.917979815507035,18.5
12.904450493081994,29.207528479647276,18.5
6.187441669715916,25.709061135359015,18.499999999999993
10.244590752073423,24.0055906473219,18.5
8.292453637831294,25.520616439844524,11.100000000000003
5.462037817304219,26.030729755596955,17.00444527779855
5.175432868513345,22.048831855262076,11.099999999999998
7.265039125655813,25.641759645502034,11.099999999999998
4.125378367836672,26.383724634005855,11.100000000000003
7.035389990087407,25.170735868915774,11.099999999999998
4.991970284111653,21.75994339973227,11.099999999999996
6.171617069508852,21.41218485721474,11.1
7.899252664661252,27.915149718540818,11.100000000000001
6.445510749895565,21.801451262251643,11.099999999999998
7.767795045520903,27.784934424387167,11.100000000000001
5.611691045059318,21.517847045113164,11.187502089003175
4.125377903135916,29.207532010623325,11.100000000000003
5.834996343099851,23.96263945205368,11.64646985980354
6.121425971449336,24.16758434921754,11.242243256922942
4.876238693717951,26.76915580102929,11.100000000000003
4.125377901300205,29.207532016221194,11.099999999999994
4.125377901835649,29.207532014795163,11.100000000000001
8.931792744929098,25.819354526478584,11.100000000000001
8.17019721293277,26.001504526035955,11.100000000000001
9.017608697652,26.04109552726402,11.100000000000001
8.18557300554391,25.062137587899425,11.099999999999998
6.644565966943068,22.55640201625782,11.1
8.000524555484757,24.25892476859634,11.364181425237994
6.964995057194408,21.43915279159572,11.165009443335187
7.700848558634106,27.465698612709375,11.1
4.796170677461943,22.722589670180536,12.799411840987565
7.692067616219851,27.436420515544157,11.09999999999999
5.752143735552557,21.503622816113925,11.099999999999998
8.51491787445611,25.17895044191788,11.099999999999998
4.125377902603403,28.80656773212119,11.099999999999998
5.643382310026189,24.253417449113375,11.099999999999998
5.725563234214829,25.02781799523545,12.518096594009258
4.125377919240298,29.2075319679674,11.099999999999998
5.738397262897068,24.671747300491212,14.053944354765393
5.538402713556238,23.727621969897115,11.53103795706339
7.887027827795495,24.921669323734765,11.1
5.899519053275464,21.219091689984655,11.1
5.966910477048822,21.59606110807288,11.1
6.771661019378799,22.096381829156822,11.100000000000001
7.912232577173572,23.885744251433888,11.099999999999998
4.12537797073489,23.84321966218127,11.100000000000003
6.412830216318124,21.764063975200223,11.100000000000001
5.822614054612706,21.73145210320976,11.100000000000001
6.491503726486846,21.67629371994141,11.099999999999998
6.786751278059614,25.624530700657854,11.099999999999996
7.1537944218758485,23.91573254476746,11.1
7.132165730090765,23.9152144642658,11.278089873331083
4.125377900149689,29.207532019288916,11.1
5.969212104247848,24.380042447397827,11.239777670583003
4.125377902590062,29.20753201304465,11.1
4.12537790365579,29.20753200935585,11.1
4.1253779087423315,29.2075319916312,11.100000000000001
5.700248232348385,23.1030361281563,11.099999999999998
6.999851369949166,22.137468992686472,11.1
6.083158848664378,21.022615608260306,11.1
5.875391846602235,20.267011530418397,11.100000000000001
10.165966068566867,23.666886194192642,11.100000000000003
7.265956168818237,20.638788688293783,11.099999999999994
10.109683176820477,25.272200050746463,11.100000000000001
5.030095536935752,21.6550943652146,11.099999999999996
4.9396824987466506,20.85364563113675,11.099999999999996
4.877092917643602,20.780679922354544,11.100000000000003
5.101735922532486,21.946058916392566,11.1
4.877093118591803,20.78068078105095,11.1
6.027613713099908,21.714311906278763,11.1
4.9111329775869175,21.564306690491435,11.1
6.000329299785609,23.14098133013763,11.1
4.125377924268587,29.207531956994774,11.1
6.402997126708189,24.575703489484077,11.100000000000001
4.125377905188084,29.20753199953758,11.1
4.904377333002971,21.776656123873114,11.100000000000001
8.514917639404088,25.631323110754245,11.100000000000001
7.234166798530263,22.675162472908077,11.100000000000001
6.199123454767096,21.297490305690037,11.100000000000003
5.914758555688582,21.01717589939714,11.100000000000003
7.825470144343902,21.804478712162876,11.100000000000003
6.980046546190919,20.26701150290533,11.099999999999996
8.51491787782985,22.05511558880463,11.100000000000001
6.277625504146681,20.267011518496474,11.099999999999998
5.849171097385934,20.328259337757235,11.099999999999994
5.552229543901629,20.41430001319553,11.1
8.514917533202075,22.055115326444167,11.1
7.191998910679728,20.267011501594496,11.1
5.3135379167361325,21.365776338719602,11.100000000000001
4.9843883625057375,21.573513656209457,11.100000000000001
4.868804865503491,21.631880173389646,11.100000000000001
4.91111694938628,21.564315245949373,11.100000000000001
5.162528104794833,22.47837290828801,11.100000000000001
4.125378264473166,29.20752957955477,11.1
7.597000550901941,19.69729468567914,11.100000000000001
7.383304761625894,19.614236436609392,11.1
12.904457774237473,20.26701147036761,11.099999999999996
7.037718369437173,19.541163567288095,11.099999999999994
8.8541936104241,24.657689986820223,11.099999999999996
6.230386885314736,20.40962899474174,11.100000000000001
8.295320803648282,24.604171955430274,11.100000000000001
7.571037390568709,20.05691381876484,11.099999999999998
8.514917848979893,21.56233081396303,11.1
8.514917826874644,21.55252927214176,11.100000000000003
8.514917863429751,21.596862030670746,11.1
7.134223315668028,20.642980806593933,11.100000000000001
5.2577778089569165,20.361386564769198,11.100000000000001
7.755635076712436,21.666378834609347,11.1
6.447800717976096,25.514052844183087,11.100000000000003
5.128789235383365,20.267011601294925,11.100000000000001
4.125378314221675,29.207530545061356,11.1
4.125377973177266,29.20753174320253,11.100000000000001
7.588445721753496,23.95066249114827,11.1
8.70793601156188,18.7751166900495,11.100000000000001
7.630149300462877,23.962639477204554,11.099999999999998
8.399940978592843,19.00596035767304,11.100000000000001
7.630150384555147,23.962639621665936,11.099999999999998
7.611126536513401,23.963076066845183,11.099999999999998
7.851194763888344,19.531187759298604,11.1
7.498884839847136,19.79624252811189,11.1
7.611135620310944,23.963095300316862,11.100000000000003
7.480219134451056,20.083067425645954,11.292257335113508
7.61113613313286,23.963098682023613,11.1
7.6518640653995105,18.650998210371146,11.200063644564878
5.99084353001185,18.48875923566318,11.099999999999998
7.538640847438883,24.451121794697904,11.100000000000001
5.547254104597481,21.850946491154787,13.331620447324827
7.433253430406355,22.1781229007707,11.46712448007478
4.125378110053881,29.20753144567668,11.100000000000007
6.058009389084895,20.267011766890032,11.1
7.174447688230797,19.27917020670576,11.100000000000001
5.735007163386897,19.064698307351378,11.100000000000001
11.711750778427987,16.93373130522827,11.099999999999998
11.377311688820766,17.00184914049976,11.099999999999998
8.544174196943592,18.376083654073287,11.099999999999998
8.494654179649384,21.89957784199183,11.100000000000001
7.588451320295304,23.950667520791328,11.099999999999996
8.140222966576486,19.217637621801966,11.1
4.125378366817623,19.656520396005213,18.499999317782954
6.6832055044141,18.336935420548148,11.100000000000001
8.185410789462866,18.355069896595495,11.1
4.125378267701457,19.704967674527403,18.4999994626331
4.82112102172724,16.974218229961906,11.1
7.163989082912394,19.580107573634333,11.1
4.997824167641385,17.04619925205418,11.1
4.125378119126611,17.31784801234386,12.00536327489992
6.526058372679867,22.512454057202845,12.122008938722484
5.178859789788793,20.121087517155757,12.887934104333436
4.125378061999416,19.634470750111277,18.49999998995326
5.783887921754119,21.88432581361345,14.904372898357968
4.125378367333986,29.207530577490758,11.100000053764584
4.125378245165919,29.207531007965954,11.100000000000001
6.1336111616564315,21.406081315895424,13.958511212815365
6.249496825033169,20.809747089721142,17.23815511089397
9.022977366719717,18.485610944959337,11.1
7.611204912835182,17.30070073156,11.1
4.125378108794951,19.62312890965375,18.49999996484494
4.125378394918469,19.73454096630514,18.49999927671879
4.770456225134548,17.193304697198375,11.688650340781951
4.1253784120885015,19.64886137075436,18.499999251635362
9.573223208973156,22.076077329213174,13.975349193448535
9.015790314852792,18.40613133764593,11.099999999999998
10.647662337851154,20.427765356330756,13.237163510583395
9.676961455665662,20.850382776313932,13.035148629933166
7.75312224399118,18.946020909970457,11.212246200482278
7.779907388354772,19.6697070558243,11.780740814736468
7.5933406050185255,24.409340929144445,11.1
7.204115543632885,20.853725794671064,11.454826937143432
7.78751584582361,24.203392821558896,11.1
8.155270762969398,24.093050758055266,11.1
8.155269744622299,24.0930453523371,11.099999999999998
6.2402485411615185,20.267011568718488,11.099999999999994
7.588441934574569,23.950660837311286,11.099999999999998
8.454924739363864,20.33537155115343,11.1
9.826418907667346,22.7270912589018,11.243573325682242
5.435147074060687,20.26701179638292,11.099999999999998
8.750944758559992,22.431828530822727,11.100000000000001
8.514917796204339,21.528753441931723,11.099999999999998
9.323722372919896,20.644795030570716,11.557908319298802
9.21059343978166,21.64074553247497,11.099999999999998
8.974179355571145,21.086139737771255,11.099999999999998
9.398331471907818,21.959836915066173,11.099999999999996
8.275995552760776,18.603552049338646,11.099999999999996
10.568993219969267,17.534726093604647,11.100000000000003
7.249340624860822,24.498256837816847,11.100000000000001
7.189330214832529,20.54197641989461,11.1
8.089409200190207,25.22238060980142,11.100000000000003
8.085393745646217,25.1035995449574,11.099999999999998
8.379499568242453,25.507634455038815,11.099999999999998
7.885872621286526,24.46658976746755,11.1
10.870636113984824,19.438522670359962,11.099999999999998
8.079559542935536,24.459835540464194,11.099999999999996
8.22296671967447,24.305003112751663,11.100000000000003
8.212435413584647,24.405002875101076,11.1
8.449837551583755,24.112600766810893,11.099999999999996
5.649385374451849,20.267011621261044,11.1
9.640061295154593,18.814665942592928,11.1
8.06530810966736,20.044120649026382,11.099999999999996
8.443133521776288,21.091683545323022,11.1
12.363236123636723,24.37066154238728,11.099999999999998
8.226467127637111,20.0362577999294,11.1
11.377873233254624,18.34427235053745,11.1
4.1253780012165295,23.843219613272552,11.099999999999998
6.123996035529296,20.741946391031416,11.099999999999998
5.811744541613258,20.26701154388825,11.1
5.448589401410939,20.811296413559386,11.099999999999994
7.679763696976146,24.262949808040467,11.1
6.136602158731298,20.267011593057138,11.099999999999996
9.36029245460519,24.530698680853146,11.100000000000005
6.470381531140353,21.617144724808927,11.099999999999998
9.198314838216255,24.756334644822573,11.100000000000001
9.222341113928815,20.487994372833192,11.1
8.965623063206806,25.019926236357264,11.100000000000003
12.904457429515299,29.207531371434605,11.1
8.238719347903274,21.48022876382848,11.100000000000005
6.373569360048476,21.474884771526064,11.1
12.129202137517149,24.312581471432594,11.100000000000001
9.259599300406265,22.29200196273753,11.099999999999998
10.714316617538135,24.643077623497472,11.099999999999994
12.302941507284213,23.970539815458416,11.099999999999998
7.306282038934931,24.571226279525618,11.099999999999998
6.930534939587714,24.782358573949374,11.1
7.493962620572893,22.61058757336757,11.100000000000003
7.454184782611896,24.561038841179887,11.099999999999998
8.072768765306659,24.299034882264582,11.100000000000003
7.7423721149645885,24.69478891238897,11.100000000000001
9.210623142763133,25.267053107521445,11.099999999999996
9.416590418197186,25.35389566845985,11.099999999999998
7.692945884816247,23.517682705264296,11.099999999999998
9.551846785092946,23.85772005356366,11.099999999999993
9.764321438754475,25.9274305579933,11.1
8.651296189941709,25.343286180637445,11.100000000000001
11.126893199407151,24.73575792893089,11.1
11.619286121980286,25.294282522465934,11.157400676728598
11.52288891582917,25.234139897343983,11.160541259971078
11.80960137167908,25.372212829768213,11.177916993514541
12.904457119401718,26.360810175190547,18.499998971582798
11.75155382917121,24.55627953284562,11.212818852297826
9.824245385392455,26.349322588852296,11.099999999999996
7.849249836840574,26.47746663051972,11.1
9.248552973569526,26.035590510357732,11.100000000000001
6.325941777424634,22.243895736846785,11.100000000000003
8.894169279550741,25.66200271204634,11.100000000000005
8.514918201687962,25.631324002187096,11.099999999999998
6.543960301027322,24.828442884157536,11.1
9.261558231581462,25.718325798605136,11.100000000000003
9.229992545420847,25.84876804689106,11.099999999999996
8.514917864295658,25.072528108202267,11.100000000000001
8.205002324949113,24.927045054422035,11.100000000000003
7.661573741096684,23.121233947727866,11.099999999999998
6.989272149110774,21.919957605177014,11.1
11.22941774749428,25.494887202974137,13.798258617148662
12.904454673621526,27.419427154733594,18.499992175614604
11.517567857881177,27.984384440625583,18.499998277981085
8.514920376167744,25.631324933044997,11.100000000000005
11.210478978636695,26.140442507663643,11.100000000000001
6.59162229246266,26.91596844639265,11.100000000000003
4.125377934580465,28.057812669052197,11.1
6.130733533234458,26.0751419940942,11.099999999999998
5.365538672326716,26.87344448801913,11.100000000000001
5.007274232544605,27.204670111175794,11.1
8.232128867641563,25.496780102946953,11.099999999999998
9.674325620820103,26.696446630040366,11.100000000000003
8.512697198898467,27.151134646272293,16.048113777780628
7.284987519937937,24.731351766088622,16.223214543034377
7.108206563762219,26.990838106706498,17.18755567887441
7.977333347858666,26.994359874382877,17.422502518995923
7.022574965330775,27.0399283071943,18.179896026615168
9.932148602136005,26.252922911814167,11.646987126791092
9.031473909038649,25.516804033414157,11.185584815715487
8.514918639179289,26.89487371483915,11.099999999999994
8.929890659023474,26.102198402003506,13.270515122147398
8.786301043550631,25.106183222741876,13.442137635796124
12.90445709045351,26.332409195216815,16.39813249827869
4.125378039565633,28.671153035001634,11.100000000000001
7.211763624413733,27.606481828544926,11.100000000000003
4.125377910952893,28.56678812498206,11.100000000000001
4.125377906406179,28.913598883021642,11.1
4.125377914347728,28.40014730182168,11.099999999999996
4.125378945247005,27.419427608560486,11.099999999999994
8.514918472351425,25.63132437856628,11.10000051249916
8.601054335278263,25.85675092721408,11.496056954222933
7.73206179561476,26.30013969225896,11.93504974590478
6.690181703198054,26.35712209318435,17.76488684323965
6.4906802971042765,25.055968307530005,11.1
8.107170333852082,25.861108591875517,13.20620049378968
12.904456846696416,26.59779010238886,18.49999942386649
11.712551559854404,28.217002736295843,18.5
10.718852429614548,28.608030653899515,15.238589453151489
11.587339689722292,28.134460656355078,11.100000048142066
8.51492780040969,25.631331411774827,11.100000291084035
5.611133447578884,29.207531485415466,18.49999988709768
4.8588911212611885,23.293974800047426,18.177825695266257
4.88672574969746,21.033170908756787,18.500000000000004
5.7086851599252295,20.839272037232643,18.5
4.669263743795806,23.22493387346011,18.5
5.603303155819899,20.891662636462424,18.499999999999996
4.854550410474117,21.06913893071545,18.500000000000007
6.6745826540539195,28.030632340718075,18.5
6.190675570169886,28.876447809579826,18.500000000000007
4.80633531471225,21.071567393556798,18.5
5.991036767006307,26.316783166049305,18.5
6.711470819800444,28.07490262727893,18.5
5.167302121704825,20.82830200134686,18.5
4.811822991053666,22.974925645280404,18.500000000000004
4.715392187270152,23.849905358214635,18.500000000000004
4.760824986931873,23.990286282352812,18.500000000000004
5.825298491883926,24.309237228202935,17.3970429462608
5.7112971045539105,26.52778059728982,18.500000000000004
4.8891585786917195,24.028664880533363,17.561175488813113
4.928281385024001,20.99035350169747,18.500000000000004
6.35947440941307,24.155657718618023,18.499999999999993
8.971875825720439,23.658001997045876,18.50000000000001
6.937702742888473,22.471451281588056,18.499999999999996
4.125377913329842,25.631323815718535,18.50000000000001
7.847567345020547,23.396154890513365,18.5
5.232783653712861,20.77218538923055,18.5
5.051111572197866,20.89436999759357,18.499999999999993
5.146194558250525,20.830421963821234,18.5
5.134577986059441,20.834494146954846,18.500000000000004
5.836349898538869,19.602553736992263,18.500000000000004
5.065895122463765,20.886961814320674,18.5
4.499416890733863,23.685951679935187,18.500000000000004
4.5039171918995144,23.766772651472095,18.500000000000007
4.504775120732425,23.751358322068157,18.5
4.498660743036763,23.67901411257009,18.5
4.505961949125814,23.75667856896811,18.499999999999996
6.531518878324978,24.222360958903614,18.500000000000007
6.390912379272105,20.63433617836865,18.499999999999996
6.692524059031237,22.490357342155587,18.499999999999996
7.623488955568861,22.876617989800817,18.287922493754028
6.2304027362063445,20.65702911969871,18.500000000000004
7.831427201836185,23.031031021801585,18.499999999999996
6.470981763329478,20.588924408936823,18.499999999999993
6.809272373873587,26.577902294467386,18.5
6.406560921517734,20.545814772448526,18.5
6.774369265799137,22.710035558244364,18.11731987832598
6.690300908422335,22.48870682440781,18.5
4.977859353602688,21.040570729697222,18.50000000000001
4.96475035203837,21.05388833063971,18.500000000000004
6.453533576910225,25.019152237927553,18.5
4.953359007313485,20.98478185938972,18.499999999999996
6.5856606643889455,25.24765078369304,18.499999999999996
4.970128605460022,20.96695011388509,18.499999999999996
4.847641757978722,20.836910913064003,18.500000000000004
5.022739678912709,20.926073033696714,18.499999999999996
6.946949878641463,20.526760422211936,18.5
6.5956393952295915,20.544224423020122,18.49999999999999
5.29718663665413,20.711750451075297,18.49999999999999
8.428001678064962,23.221132938144187,18.5
6.404403446804947,20.595964102174747,18.50000000000001
7.449788121021678,23.123931582477745,18.499999999999996
7.530354800179419,23.42039975891225,18.500000000000004
7.192959291194052,23.708230596262514,18.500000000000004
7.102536703229519,25.76542430448738,18.5
7.2431988510010905,24.914750465865218,18.499999999999993
6.97918200635616,26.949656931855042,18.5
5.991268276576739,19.377257148182263,18.500000000000007
4.48232840003186,21.092214646418917,18.499999999999996
4.401933606912727,21.277406845424952,18.499999999999993
4.847760035162326,22.878899541539983,18.5
5.781836008745793,23.251399063338454,18.500000000000004
4.722091247438141,20.56417532047879,18.500000000000007
4.125378006715469,25.63132369240408,18.500000000000004
11.988148632716163,25.240200781191895,18.499999999999996
7.6970862145119066,22.532937844230805,18.500000000000004
7.20152634341938,22.757782885855836,18.500000000000007
6.9837904825527675,23.30254293725784,18.5
7.038644591367911,23.25785257054591,18.500000000000004
10.229455944318607,22.627925983836306,18.500000000000004
6.784471030089053,23.464930533363653,18.49999999999999
7.596213575850727,23.649838904127535,18.500000000000004
7.087001920008088,23.218455040295932,18.500000000000004
6.907979453992144,23.36430674298456,18.499999999999996
7.7183069270864175,22.742539809149537,18.499999999999996
6.799157940067713,23.452964973872906,18.500000000000004
7.7641466414267,22.666777514615948,18.499999999999993
7.559807525804266,22.833254956975335,18.499999999999996
4.79882328872751,21.68302052941578,18.499999999999993
7.00608597441723,23.034820447259786,18.5
7.8027743703283035,22.635307137837014,18.500000000000004
7.19648328761593,23.129259424920146,18.5
6.704776488567267,20.365331672596398,18.500000000000007
7.43629031911901,22.93388632975256,18.5
8.629068878591543,22.640046218673465,18.499999999999996
7.393567153841607,22.968693461077034,18.500000000000007
7.757680749160926,20.327104938941023,18.5
11.886674105349307,24.327374913548358,18.500000000000004
5.932935391946878,24.77714908553517,18.500000000000004
7.737393343241284,22.539352238110776,18.500000000000007
7.456335403217948,23.235890125732844,18.499999999999993
6.001032610863639,24.711673829724567,18.499999999999996
7.597227937438769,23.050586240698138,18.499999999999996
5.870129127612212,24.829247849501105,18.5
4.125378062773173,22.05511553185706,18.5
7.5835859451757015,22.81388239556551,18.500000000000004
7.378487551521864,22.27392930209722,18.499999999999996
7.076144242055327,22.999817415928717,18.5
6.495814782053537,21.347139026051362,18.5
7.540136989272107,22.849280815960736,18.5
9.228430007805365,22.286152827883594,18.499999999999996
8.613576773472282,19.84459029184505,18.499999999999996
11.414618277611218,25.03720016127672,18.5
12.28502261353847,18.73123782933645,18.50000000000001
4.125383334304701,22.0551133283856,18.500000000000004
4.125378363774397,18.677745557932298,18.500000000000004
6.710679025652882,23.52504982529974,18.499999999999996
6.653671009021921,23.571495442665185,18.500000000000007
6.672879749827597,23.555845483108246,18.5
6.670440608281245,23.557832800095817,18.50000000000001
6.698556767239091,23.53492609175443,18.500000000000007
8.634731937169303,23.103780699420245,18.499999999999993
7.279076278184278,23.061970028926684,18.500000000000007
10.022672439640239,22.620647226576224,18.499999999999993
7.385555322334568,22.32982521632258,18.5
5.81275207129998,20.862105925905386,18.499999999999996
7.361723987163199,22.994636113834453,18.499999999999993
7.337842732211014,22.038597075512982,18.500000000000004
5.440094337089718,18.64364457007197,18.499999999999996
8.02103041809512,20.468811813228907,18.499999999999996
7.364253029323748,17.212002684610315,18.499999999999993
7.3985855275753725,22.96460553539301,18.499999999999993
7.013864731845856,23.27804143763844,18.499999999999993
4.438112291313429,18.229353775400092,18.5
7.441815246822484,21.37237851542671,18.499999999999996
6.587943203116167,23.625046674833325,18.499999999999996
8.187712011288278,19.799574857171038,18.500000000000007
7.265919005588457,21.527075867222514,18.499999999999996
6.630323248877428,23.59051751550452,18.500000000000004
6.758075302286106,23.48643615577468,18.499999999999993
11.725405009037136,24.185951585536067,18.499999999999996
11.644955605721098,24.230952116185573,18.5
7.6805345074955875,22.08168501084522,18.499999999999993
10.535251390369538,22.48933461585907,18.5
10.768197871473589,22.440461735203645,18.500000000000004
11.692586643335064,24.15840061716881,18.499999999999996
11.158860441805503,24.901076485865467,18.500000000000007
5.777732992725964,19.503132432733423,18.5
8.119945165076615,17.649610352393736,18.499999999999996
4.125378052362954,19.094461740944464,18.499999999999996
12.904457696901888,23.84321943216055,18.50000000000001
5.587384649910621,19.610013315902922,18.500000000000014
7.178210340334011,17.332173795760042,18.499999999999996
10.760749179454367,20.973262065155883,18.5
9.439048698784884,18.82029757081361,18.500000000000004
11.718988131626675,25.02281717546196,18.500000000000007
7.734185222883521,17.967759131193226,18.500000000000004
11.234480189043182,19.920980254680035,18.500000000000007
4.1253899740729,22.05511048868204,18.499999999999996
11.866234437555597,20.077500612874466,18.5
12.90445771317668,23.843219531325342,18.5
12.207394901400534,22.8250872069479,18.500000000000007
11.699951453634856,20.26662117303576,18.5
10.370341245744354,18.57071975538213,18.499999999999993
7.418940508266587,20.17311448420693,18.499999999999996
10.44194888386184,22.552323067450168,18.499999999999996
10.140305374640661,20.92387910443208,18.5
11.902886886109039,23.851546671216894,18.50000000000001
11.982138170771101,24.01150576581474,18.5
11.861127572831203,24.110420601264398,18.499999999999993
8.88202388839076,18.627265426533455,18.499999999999996
11.985799921619687,25.19572311562629,18.499999999999996
10.546931122273268,21.456243844287158,18.499999999999996
10.711564822726674,21.38096817213154,18.500000000000004
11.90444651532723,25.148004101787414,18.5
11.661733036453867,24.2353176405375,18.499999999999993
12.107220019152841,22.898141742649315,18.5
11.30191574314484,19.898271775838744,18.499999999999993
12.3007144628213,22.707629171973036,18.458083024321603
11.899163760580231,22.475627176390464,18.373628075941287
12.122232651062829,23.032958146290465,18.500000000000004
12.90445759929148,23.84321919473707,18.5
7.356170104629901,22.2041455865161,18.500000000000004
11.032372483133123,22.366207393254513,18.500000000000007
10.464482037544565,22.499307222490135,18.5
10.59668778198673,22.44609819128291,18.49999999999999
11.092834788082278,22.320232139155994,18.5
7.6948225289967676,22.057504816197977,18.5
7.950516531986861,22.339238165835862,18.500000000000004
10.288092012324498,21.746083419493157,18.500000000000004
12.008387080084384,24.26577742199802,18.500000000000007
10.279820761107814,22.128363465223586,18.5
8.99181774462767,19.655324896898957,18.499999999999993
7.9085679930329,21.390090895046576,18.499999999999996
11.785980100921668,22.242949831451188,18.499999999999996
4.125388829967083,22.055113797963163,18.500000000000004
10.141741725801008,21.727798103125583,18.500000000000004
12.904457715793532,23.843219385712157,18.499999999999996
12.049141333425268,19.585584982870476,18.5
12.007154304835177,22.31244888272074,18.499999999999996
6.3319583715091,23.391911964458732,18.499999999999996
11.586367830525951,25.001096628669984,18.5
6.942154000349223,23.33646444739297,18.5
7.075261736720057,23.228020011464842,18.500000000000004
7.056988185870343,23.24290792831408,18.499999999999996
7.304335475260081,23.041391000220234,18.499999999999993
9.877073408225062,22.329835477244565,18.499999999999996
9.738842913654928,22.738724226066985,18.499999999999993
9.783042161329805,22.431501075794067,18.499999999999993
10.112349784790132,22.62724490216215,18.500000000000004
6.9987005526335455,23.290395951881997,18.500000000000007
6.859991219984589,23.403403674787466,18.499999999999996
11.705948212962442,24.296321160323448,18.499999999999996
11.475495371243927,22.78263158385076,18.499999999999996
8.461454308256329,22.950567754335072,18.500000000000004
11.046218212814061,22.122372315059312,18.500000000000007
9.246098363659257,22.26674755600116,18.500000000000007
6.894006649826866,23.375691891536274,18.499999999999996
7.348488014090615,23.005419407644595,18.49999999999999
12.101883232215224,24.96042027113928,18.499999999999996
7.073070960105997,23.22980486428721,18.50000000000001
7.277356591510077,22.795913239955276,18.499999999999996
6.983517715614746,23.302765078891245,18.5
7.8652980061747755,22.891238862640137,18.500000000000004
11.37193075775227,25.117524062211977,18.499999999999996
6.68637182626299,23.544854099787678,18.5
8.295013298040681,22.750613399182892,18.5
10.447255394737207,23.89799066083832,18.500000000000004
7.198312780586869,22.706388304265715,18.500000000000004
9.425103042142714,23.607289400078294,18.500000000000004
9.874422814156551,23.400076230675,18.499999999999996
11.219743620063173,23.06727038949078,18.499999999999996
9.82116809423436,23.292260125608422,18.500000000000007
9.97470111672511,26.700048869807496,18.50000000000001
12.007138395406255,25.372347599021364,18.499999999999996
11.235812710398973,23.229059218181735,18.499999999999996
7.204840903316966,23.73993131505465,18.499999999999996
7.195878898819388,23.91449080944348,18.500000000000007
6.684593031722001,26.397430424903703,18.5
6.248558507244851,26.294142304811423,18.499999999999996
6.849254940959871,25.43341368465672,18.499999999999996
7.757966476824036,25.51585063696974,18.499999999999996
7.327409027540185,24.009262932674453,18.5
5.159621200104402,25.293899599705014,18.500000000000004
5.1002502962077765,25.34781199292824,18.5
6.709361396784122,24.690861650542917,18.500000000000004
5.471377038690284,25.241427816634577,18.49999999999999
6.678275709244143,26.481832339298567,18.5
8.91674803264083,23.57553854866202,18.5
9.924269513936368,22.335570666754855,18.500000000000004
8.77839984652101,22.365732705128345,18.499999999999996
5.008253440553521,20.955979597454508,18.499999999999996
8.296835763670773,25.896259628476972,18.5
9.02619324671583,22.857180098953545,18.499999999999996
4.931928224411913,23.108017294432997,18.209064486138104
5.675468273627727,20.861023876918996,18.5
6.202722020916122,28.03183386191649,18.499999999999996
4.708162735719454,23.838390633486394,18.500000000000004
5.54977549141664,24.38836854273502,17.008762233409207
5.727522201549134,20.847159865596517,18.500000000000007
5.441492220589063,22.744002579970953,18.500000000000004
7.301693820391152,28.056667961830286,18.5
8.174230561626509,25.263260366333924,15.896775913293652
4.799159427542337,21.085403896686962,18.499999999999986
6.160358126360279,24.666838330860816,16.243533107132023
6.55481659833449,26.812156979472515,18.499999999999993
11.33200029732742,29.207531850785426,18.500000000000007
9.621912079872343,19.863321237575114,18.5
6.374537993394848,24.057304996882728,18.500000000000007
4.7763085948236705,21.13899283662642,18.499999999999996
9.363995991666446,24.461831462499735,18.35989487445257
9.751896612239538,23.992571406902687,18.499999999999996
4.125377914243871,29.207531981009545,18.499999999999996
6.7926197279972005,29.037981596829006,18.500000000000004
4.1253779400767465,29.207531960603966,18.5
5.801500971724456,23.19584173002042,17.708369100780352
4.213118831205348,27.84501836152507,18.500000000000014
6.452222094144937,28.58078567428642,18.500000000000004
6.639115933289368,25.53780286187863,18.5
4.709150927812083,21.151881135602743,18.500000000000007
5.540417416825308,20.945570230428498,18.5
5.799985990161662,23.232207343123285,17.656431441365772
4.8301320225811475,21.084833994052588,18.499999999999993
4.711544941775123,21.16147147866493,18.500000000000004
7.227458509156996,24.79566346823619,18.499999999999996
5.395691420487082,23.776081092442467,18.5
8.037380197814151,24.02310541269623,18.134243652362905
7.236333347759342,25.301477535316266,17.978020822716616
4.125379747049552,25.932221450616314,18.500000000000004
4.746872580670633,21.150339838084832,18.499999999999996
11.599555592647494,25.63132392013611,11.099999999999998
9.21889924124071,25.672191602992136,11.099999999999994
9.264658956910235,25.806725283445545,11.100000000000001
9.13508468863132,26.14376158089277,11.1
8.876837610854436,25.275180738108396,11.099999999999998
9.704136123125833,25.694087383290483,11.099999999999998
7.216769578428762,24.628214768983415,11.1
8.386394321965959,25.90065319690836,11.099999999999996
7.414764380261519,24.68554866795501,11.100000000000003
7.31313065399016,26.985566287796235,11.1
7.432808176049248,26.906932259998275,11.099999999999998
7.244760950311704,27.085532166367667,11.100000000000001
9.553759269559269,25.653457117056927,11.099999999999998
9.700536330049829,25.098668785494144,11.1
9.948021698869995,25.711155214508395,11.1
9.456928767496331,25.690258405687196,11.099999999999996
9.400263450670789,25.86432726678264,11.100000000000003
9.002729086568415,25.522659256868174,11.100000000000001
6.470941942940434,24.468762193991434,11.099999999999996
7.320521922288501,26.720315823947267,11.1
6.76456706948563,25.46989170250155,11.1
7.027495827558714,25.153144517207025,11.1
6.569388739436651,26.656328265022363,11.1
6.998858782344105,25.338265365338906,11.10000002215483
10.126867080567203,24.249331329087035,11.1
8.707420732120564,24.251525396303315,11.100000000000001
7.403609775266906,24.111178859954297,11.100000000000001
10.12943015212815,24.45794616119005,11.099999999999998
8.598439002829345,23.318051536111355,11.099999999999998
8.789229049826496,25.533891504156877,11.099999999999996
10.846197820294053,23.975416770391284,11.099999999999998
7.108990078349274,23.6679988704325,11.099999999999998
6.4036137720189314,22.16601754979028,11.1
6.061946749494738,21.33776761189763,11.099999999999998
9.343746307952276,23.787634485572344,11.1
9.034987949079719,22.61424582413233,11.1
9.51928887805147,20.713333661298712,11.1
10.824389593280689,22.202846623182463,11.1
9.243115597759608,21.744524095445826,11.100000000000001
10.045262094536023,22.604851773923567,11.099999999999998
8.30836893534067,23.411132866911228,11.100000000000003
8.434513520514544,21.520339018819282,11.099999999999996
10.815379052651208,21.02785395774011,11.099999999999996
6.9941033397331385,20.82954629079167,11.1
10.908113950630371,20.738522582075007,11.100000000000001
7.251258369201434,20.29707850521604,11.099999999999998
9.489737106746517,19.955157239414664,11.099999999999998
7.961999631490854,20.08835702703416,11.1
10.48484924707531,20.648924745276545,11.100000000000001
9.93421223998439,20.66782770586628,11.100000000000001
10.869996529575623,20.269670113538094,11.1
9.530085974865237,19.50242114709937,11.100000000000001
7.96343349797585,19.570553913796708,11.1
8.625653944079488,20.677728540412513,11.1
8.681392555736196,21.19349932868389,11.100000000000003
9.062320095228207,20.24767260483192,11.1
8.95548025318323,20.28667118541848,11.099999999999998
9.08570094145665,20.282416631620556,11.099999999999994
7.794352759270847,19.72166524733672,11.099999999999998
9.053969576958151,21.24491683560111,11.100000000000001
10.10660954154848,19.820316399750094,11.100000000000001
7.093036848794642,19.92634888100607,11.100000000000003
7.584820413881847,21.394232962719407,11.1
8.514917734663724,18.478907453021982,11.099999999999998
10.323121010909142,19.342909999724846,11.099999999999996
10.450754254282657,18.995109125216274,11.099999999999998
11.82243955648793,17.430240298086407,11.100000000000005
8.769406197998977,19.421698637144765,11.100000000000003
9.820256636811052,19.645095969450797,11.100000000000001
9.027808384703368,19.075415027512864,11.1
8.187226062818215,19.30738893463431,11.100000000000001
9.516966305374053,18.298823721113713,11.100000000000001
8.448550617980352,19.362621815227158,12.660908937623049
9.435473482350691,17.737259870856708,11.099999999999996
10.315118820688056,17.663371057032084,11.1
11.223155352085842,19.582123048066524,11.100000000000003
8.332484056662178,18.967837435422105,12.672822882211799
10.303328730335261,18.139318956828685,11.100000000000003
8.416842446311291,17.838420454714516,11.100000000000005
5.908164138163633,18.083058833922827,12.754822100366876
8.381134075449884,18.98055609510266,11.1
8.383469330906431,17.82187071544564,11.1
8.374579688590336,17.865760261977293,11.099999999999994
8.953887627117501,17.837866809739992,11.100000000000001
5.053031338106695,17.453200201336855,12.167530523962254
8.027836564819891,18.280492083666676,11.100000014250481
4.8844368071052084,17.000010280184945,11.100000007533394
8.514917789875003,17.537565121535277,11.100000000000001
6.459482414589081,17.64161396743027,11.1
10.139757093191642,19.14079489449647,11.100000000000001
6.846489558802652,18.71723074352856,13.675218451348753
8.552602248916957,17.84318458335601,11.099999999999996
10.3955741722681,19.245003507543526,11.100000000000001
9.045368365233372,17.993853822616114,11.1
9.017808858547696,17.939346015145134,11.100000000000005
9.138503677016699,18.027131742138835,11.100000000000001
4.906089949864253,17.008830742160285,11.1
4.9252863269833025,17.016650635853996,11.100000022261787
4.743699185417717,17.53947806254984,12.781435277221945
5.55922924790403,17.818782250684915,12.628825856867968
5.563160236620851,17.809729517817907,12.600903733917502
6.771794454328551,18.692357510239113,13.684644063005306
7.364711216706584,26.349230086767104,11.099999999999998
7.358452734976422,27.24125307660865,11.100000000000001
7.256637913637618,27.109637824804068,11.099999999999994
7.298376518414064,27.125377968372337,11.099999999999996
7.358597378358026,26.38087450565324,11.1
7.308705296417966,27.175461741969276,11.100000000000005
6.5290201564094525,24.551742504049336,11.20484759486677
7.255297835166147,26.336451053058315,11.100000000000001
6.6088062020411265,24.824917805594975,11.195723650471228
7.221366690297206,26.763705265505184,11.100000000000001
7.028797155653342,26.6303002380764,11.099999999999994
7.224408569746809,26.93141385503381,11.099999999999998
7.547526587644188,25.73415839588907,11.099999999999998
7.333157590823234,26.95540857622121,11.1
7.237506293403047,26.968746709386686,11.099999999999998
7.171355543364673,26.252992208735108,11.100000000000001
7.213222079033389,25.74930144502592,11.100000000000003
7.303489585691335,26.11053821183973,11.100000000000001
7.097836737265485,25.925434725793092,11.099999999999998
7.123215542392989,26.514163137170165,11.100000000000001
6.906257368934237,26.48254977801477,11.1
7.185552845437303,24.74284669168225,11.099999999999998
7.127192313739072,26.33897779804942,11.1
7.098199314037491,26.444805280541352,11.099999999999998
7.324319613069158,25.26243761901466,11.099999999999998
6.627491375155637,23.62930893348504,12.026953664728982
6.762362609702086,24.079157873716884,11.60508766316389
6.737187089083916,23.79506413702616,11.853118523332745
6.60996396772724,23.907302110502926,11.592938816889834
7.127637240910888,25.59153698145843,11.100000000000001
7.0470816349968635,25.609367062486577,11.100000000000007
7.045000606532118,23.10313058685534,11.97127561626437
7.0513523534211675,25.61111619465285,11.100000000000001
5.4308595608149,21.194010332944902,12.151152296310386
7.0599110403742085,25.505592472913694,11.1
7.472031773591595,23.700352454794103,11.099999999999994
5.448397131105091,20.267011978537823,11.1
6.529959396959741,24.045693202987998,11.099999999999998
6.402847910066035,21.46908758751474,11.1
7.083118478438406,24.08034962600629,11.100000000000001
7.507279196472208,23.509425244299436,11.391710094260318
7.146749555483964,21.664034418977423,11.099999999999998
8.973475742763373,23.79799574881425,11.414905552888879
7.213633824574722,23.38333320439135,11.587141203069308
7.097683114034307,23.180971878970432,11.642836327292907
8.276378593178203,23.518862296455854,11.1
7.290158807086866,23.451586474553668,11.100000000000001
7.70980772160021,22.4995877738845,11.099999999999998
8.201235603565353,20.92464718412585,11.100000000000001
7.488981902806249,19.74984648077027,11.099999999999996
7.463744495689701,19.790769362230304,11.100000000000003
7.574700235389889,19.251999424071823,11.212008369515
7.5783649201005705,19.29933462559241,11.23633888621791
5.435829522348205,22.27823794272402,11.1
8.044460785059835,19.88621017443861,11.099999999999998
8.514915779994835,25.631314169449038,11.1
7.769706149439605,19.940950497120905,11.099999999999996
7.40712257162668,20.111042410574402,11.100000000000001
7.420248225070324,19.82419941170863,11.099999999999998
7.357577225059758,19.908595343854284,11.100000000000001
7.892919327513789,19.940403300858012,11.100000000000003
7.250566584919802,22.768457178932305,11.574307495856575
8.551629638641396,21.016426065537,11.1
9.09934635487711,19.397496267342163,11.099999999999998
7.712620440855411,20.694951100248158,11.099999999999998
9.07718770381543,23.48098361724285,11.433578556613401
9.164677958491637,19.001683413149184,11.100000000000003
7.6157773622735085,19.314731732462263,11.100000000000001
7.562489937303036,18.712099573074017,11.25937836472518
7.480123463321048,19.13005313773,11.348108693742159
6.984535254011045,18.164104725044083,11.1
7.503154493862565,17.994082556818775,11.099999999999998
7.828939590789202,17.646150795936926,11.099999999999998
7.750928676586131,17.90731316740936,11.156047199216259
8.175591793934927,18.808211475397247,11.1
8.023431943707495,18.48242969498167,11.099999999999998
8.19760735622258,18.90878733138402,11.100000000000005
7.739538559163772,17.960128269614717,11.100000000000001
8.079564617492373,17.868614133352768,11.100000000000003
8.08827740356871,17.904929198159465,11.100000000000003
8.372290907899332,18.581259721781645,11.1
8.10520449124005,17.928397482490602,11.100000000000001
8.285922334617714,18.53121422251846,11.099999999999998
8.244521482311024,18.595787672219988,11.099999999999998
8.079065439718274,17.94430773705246,11.1
7.5870685742108215,20.05502019315711,11.099999999999998
7.2697988512485265,19.42068112285149,11.38926754529658
7.405354354942504,19.890505866506565,11.434831588828827
7.5801110419878714,21.05788699389227,11.38709405793086
7.497287017443944,18.036999684816788,11.234136427887988
8.221824217240536,19.06526878213955,11.1
8.633119123570971,18.575995678037273,11.100000000000001
8.127191772426906,18.768839477549914,11.100000000000001
7.917785036967838,18.992693281432587,11.099999999999998
8.637479323464525,18.56217529171405,11.099999999999998
7.5227028184868034,19.130421890179413,11.099999999999994
7.33014738909567,17.501840190911533,11.1
8.029027910604551,17.415568838665155,11.099999999999998
7.183041856053047,18.230083909868487,11.1
7.672940857202711,17.60215607951034,11.1
8.084322137682612,17.50562962734656,11.099999999999998
7.6794693195722346,17.65310864526506,11.100000000000001
7.714190580576423,18.450768811931404,11.30284440371722
7.4056724981862,17.78678606889882,11.099999999999996
8.147221928600471,17.863627082607525,11.099999999999994
7.880733380905508,20.170862243731396,11.099999999999996
7.6778117066200515,18.92996905808848,11.1
7.627930338228942,18.904625730690583,11.099999999999998
8.151823291443561,18.168242014585672,11.1
8.221312531165237,18.01133252521317,11.1
7.901792353331687,18.137567324026406,11.150460656132445
8.22058859712304,17.993153529144838,11.099999999999998
7.59552212523559,18.404066789067524,11.266797375229684
7.859983030556314,18.0866985278921,11.142688172477921
8.024938433472325,19.586358531185102,11.1
7.591858888901114,20.043124775883847,11.1
7.47425412936641,19.478224177631922,11.21836691246855
7.473863206268144,19.57895081526114,11.099999999999998
7.895494032221269,18.420388990765606,11.099999999999998
8.403651215170989,18.41364864767462,11.099999999999998
7.603586374079297,21.031439369489245,11.099999999999996
7.527424547373074,20.09288063332156,11.1
7.966405922647666,20.71382240146319,11.100000000000001
7.819096739516765,21.02331415951883,11.100000000000003
7.919527991758549,20.882972498126616,11.099999999999998
7.57689270757384,23.81156956199445,11.099999999999998
8.482771147244696,21.72942834273255,11.100000000000001
7.597349207810833,19.833245437681366,11.099999999999998
8.302727979218782,21.237030517472576,11.1
7.830581357141015,20.243698176199143,11.100000000000003
7.555489141135225,20.45508288200041,11.1
8.43657382820072,21.548760108579703,11.100000000000001
5.235617909830778,21.86769484832014,11.1
8.524187106601845,20.282144975120996,11.1
6.154077089901125,20.91998256865235,11.099999999999996
7.9671998511344,20.4591304209608,11.100000000000003
7.426806518669167,20.125572329519585,11.099999999999998
6.1762285416538285,20.905713122810486,11.099999999999998
8.362947853620037,22.377528218796296,11.099999999999998
7.7840253913663915,20.941858309372883,11.099999999999996
9.387150952871803,22.66085200810298,11.1
8.290170398271254,22.66530038316266,11.099999999999994
8.171462545355753,20.390310150700145,11.099999999999996
8.155428773551133,23.3649330867314,11.1
8.255578644713735,21.676463813070587,11.099999999999996
6.7473644782157445,21.40740057254325,11.099999999999994
6.198974424959243,21.394996884572482,11.1
7.662302782252474,20.848611827162905,11.099999999999996
7.892281672693429,24.987731865340606,11.1
5.188023126959226,21.974738792606825,11.100000063459365
5.9346939144402695,22.454519110581394,11.100000087088235
5.40311162953977,24.221515865156,11.100000000000001
6.879469764030523,24.43223035979674,11.10000002950657
7.574124505878427,26.784342083169314,11.1
7.534059916213625,26.739795437909816,11.1
8.202133174121784,26.231212967288215,11.100000000000001
6.948201038894233,24.603925350069336,11.099999999999996
6.822339805097909,25.05608496571839,11.1
8.425060358329947,23.724302493206242,11.100000032838032
7.122905218698445,22.841596801858007,11.099999999999998
8.226763851961236,24.841829952250684,11.099999999999998
7.84212535928775,23.7151801330527,11.100000000000001
7.331397713942929,26.383679914709564,11.100000000000001
7.315351573604217,25.67131752347581,11.1
5.872670732624229,24.55498870212359,11.099999999999996
7.557469321982468,24.128256314074974,11.100000010310824
7.787328616004805,24.160191879435203,11.100000008921006
7.327702726889158,24.550302215324322,11.100000000000001
8.099011533390993,25.655921629931257,11.100000000000001
7.922272500604555,27.230722054969807,11.099999999999996
7.734125901219402,27.1106109885891,11.099999999999998
6.870645218251221,26.748120771155946,11.100000000000001
7.086340297220873,27.1269618497631,11.1
6.958310282758774,27.06019965219415,11.100000000000001
7.090834407047313,27.16749318618069,11.100000000000001
6.313940804659038,24.565861065556035,11.19071507158806
6.91192698577233,26.940344765518024,11.099999999999998
7.191634211650238,27.017169118358694,11.099999999999998
7.16729173513343,26.962998185864983,11.1
6.594286970631738,25.064965494246277,11.099999999999998
7.3854693601966135,27.22981634521345,11.1
7.632895492501842,27.424260077780367,11.1
7.339925336482655,26.856465785762957,11.1
6.720346494873723,27.204000613294532,11.099999999999998
6.958998523094797,27.04537758931289,11.1
7.1662001039003655,27.188038727144964,11.100000000000003
7.6592845590698815,27.55780104122151,11.099999999999996
7.4509920985911124,27.72125807133771,11.099999999999996
7.418730284239496,27.642198343464855,11.099999999999994
7.008566514245586,27.546514513604475,11.1
7.462887495925111,27.623883291916805,11.099999999999996
7.036807403012741,27.644523477641243,11.099999999999998
6.616002709888917,27.69521863772728,11.100000000000003
6.192797633824046,27.630952624567932,11.100000000000001
6.894271451195629,27.722066039891008,11.1
7.1576631622693325,27.21145710025396,11.1
7.628703689960397,27.632837010496687,11.099999999999996
6.519418281666104,27.43220357915001,11.099999999999998
6.7682065896800285,27.297785702677235,11.099999999999998
7.712499129920052,27.58687195190423,11.1
6.457777942111087,25.09154731090711,11.099999999999998
7.3647247636629505,26.813813257166096,11.100000000000001
7.053211747272886,27.249259205876996,11.100000000000003
6.426754262149991,25.049223779579446,11.100000000000003
10.01650235100062,18.609074532656244,11.100000000000001
10.248995509777819,18.189766314876568,11.1
9.549885479513614,18.38349401448389,11.100000000000001
9.132782607545293,18.473950101779025,11.1
9.951798803002603,18.139470465166173,11.100000000000003
9.625422696228338,18.338116285886443,11.1
7.079668876452885,19.35270145485137,11.1
7.331661592038113,19.576782310949064,11.099999999999998
7.215094471507738,19.81186580859708,11.099999999999996
7.243902477447033,19.66403792648987,11.100000000000003
7.68741459081929,20.788485653939837,11.099999999999998
7.799741543743288,21.050175595702417,11.100000000000003
10.232695976427477,19.11107523405367,11.100000000000001
8.514917717475662,18.478907469608668,11.099999999999998
10.031110636470125,19.375243441315458,11.1
8.411574430174024,19.08605435661918,11.100000000000003
9.863638275555958,19.02831630001661,11.100000000000001
8.054585067646007,19.990469797962305,11.099999999999996
9.75140088023728,19.30649467246104,11.100000000000003
7.5065150455009135,22.225747585509858,11.100000000000001
6.646335589122354,20.799332517606807,11.099999999999994
8.64051247369254,20.14944734968402,11.100000000000001
10.029238686984979,19.823246856509854,11.100000000000001
8.47374024412641,20.23443863640971,11.099999999999994
8.957935218440506,19.949876242803967,11.1
7.834977933429164,20.058206506163867,11.100000000000001
9.529323480944246,19.745629138649456,11.099999999999998
9.056932137746497,19.94144825888164,11.100000000000001
9.338638817676005,19.82302511229628,11.100000000000005
8.980906388955825,19.929713056020436,11.100000000000001
7.651246342002796,21.023770655050868,11.100000000000001
9.694546681271659,19.12634211999633,11.099999999999998
9.355473364992937,19.56214497195062,11.1
9.015351914646912,19.19101115325014,11.1
5.782508014814207,20.267011771590926,11.100000000000003
9.682275084743049,19.342792275671115,11.100000000000001
6.587992114301095,22.06295283706542,11.100000000000001
8.31082418296121,21.8689893393342,11.100000000000001
5.991677602581684,20.912682401552097,11.1
7.9112369003829555,20.54590508248917,11.100000000000003
8.096683996166412,20.768428621118247,11.099999999999998
7.873514107852788,21.56614730203488,11.099999999999998
10.890522086051138,24.170774484475633,11.1
10.006799792656093,24.39307405556066,11.099999999999998
9.678887568169353,25.23880570715896,11.099999999999998
10.064169294708696,24.655129588008833,11.099999999999998
9.605422588386016,24.106809910348566,11.100000000000003
9.079787040331167,25.04749554736745,11.099999999999996
7.14724707704109,25.026226475569672,11.100000000000005
7.201815790069814,25.054655915843966,11.099999999999998
7.382877881958024,24.718050968290846,11.100000000000001
9.753738783013185,25.632120682371266,11.1
7.056085129776124,25.039179036467004,11.100000000000001
8.211692293423976,24.664913974936034,11.100000000000001
7.446048100754242,24.921226926585195,11.099999999999998
7.3249900626847015,25.14309750975585,11.099999999999998
7.29462423152204,25.052077021500676,11.100000000000001
6.428142090649666,21.355155740871783,11.1
6.870287708787138,24.465358710154316,11.099999999999996
6.686143294023379,21.626148117431985,11.099999999999998
11.505789432945638,28.068020881592282,11.10000000844958
10.165879504354164,25.702130458507177,11.1
8.514917908075065,25.631323894587887,11.100000319847567
9.234828785045536,25.943499035327957,11.099999999999996
12.436814146904064,28.560113813237827,12.202583842587403
9.500151253155067,25.757508326682824,11.1
10.140432508820625,27.02624558453808,11.099999999999998
9.258093330135232,26.21639407573219,11.099999999999998
6.686319967994886,27.346089852695226,11.099999999999998
6.9056596216515,25.97583344016597,11.76035000421174
7.098476957265347,26.059987469159218,11.945836378727645
6.4345993247744,27.313256593927274,11.099999999999998
9.540995108523509,25.806332711451198,11.099999999999998
9.751887826588026,25.822081603765234,11.1
10.156695860438745,25.692119864097442,11.1
9.956992274537367,25.702371146519834,11.099999999999998
6.468775076541635,25.50870762664,11.624733895402919
9.32637205391983,26.0782803367374,11.723979299147132
10.970024401310651,28.337282088621063,14.800917611064714
9.698331751608146,27.452786862407233,14.348740315048913
10.221063653390237,27.709775953433315,15.743393245727775
7.559001058004676,28.162394520384915,17.474767096502326
7.238328248959393,25.94218112390139,12.27268452665092
11.406024559017405,27.920099058546327,12.446959701533963
12.463059057856617,28.266549102202575,11.100000000000001
11.587065403891774,28.819168999305234,12.404266635488655
12.413675775191539,28.807686019239338,11.099999999999998
11.52042769907639,28.467389308341225,11.1
10.26603142210846,25.689737228631763,11.100000000000003
12.415858059598115,28.8094636754402,11.100000000000001
9.529817065526661,28.40495449499745,17.409900685768125
11.037516393294531,27.632075010594594,14.908724093281874
9.407465830105968,26.182706586870218,11.099999999999998
12.360887766300644,28.764678757820175,11.10000092340221
7.9723062486486205,27.651726194401192,11.100000000000003
9.461819126944379,26.289895007512946,11.1
6.800779151099033,28.792676229257708,18.499999584860383
11.431734856779988,27.887298604483203,11.100000668944864
10.53938647273401,28.44328790885742,14.258146886065482
7.446392960841054,28.90189548703501,14.435812247178722
6.840365648959036,25.799286261669277,12.543127270149299
9.504183413156586,25.778221043971282,11.100000000000001
9.36690907278095,27.329623103999968,18.500000000000004
9.136698208751596,27.29352731846703,18.500000000000004
10.173387965887194,26.520731624346585,18.500000000000004
11.406369548260086,26.146344612996653,18.500000000000004
11.308591030292249,25.981681385456277,18.500000000000004
9.404155436883133,27.186580184537682,18.499999999999996
7.839260042385845,28.121893217925457,18.500000000000004
6.616974301747744,27.91403393706067,18.500000000000004
7.657819201560246,28.195420517916272,18.500000000000007
7.690083749667284,28.106953680902553,18.5
6.7773353816409125,28.29045927233272,18.5
6.232560285317948,28.354477329264512,18.5
10.052064461140242,24.763842753389717,18.499999999999996
10.160127694141813,25.22169396043982,18.5
9.60784772096534,25.518529825127217,18.5
9.47476086309902,26.07920808256971,18.500000000000007
9.721195575363636,25.74699063066881,18.500000000000004
6.686188212270415,27.375119055967115,18.5
7.260394238066497,26.317740172761866,18.500000000000007
6.7561431944589945,26.453635186770086,18.500000000000004
8.147198189183944,24.295247884954705,18.5
8.11786921787027,24.672722968360773,18.5
8.207326772700807,23.901598909824205,18.5
8.39762351236334,26.332054200936042,18.5
7.373869445047912,22.907735345423212,18.500000000000007
7.313909363652372,22.977344098812523,18.5
7.240649545961965,22.785615815038636,18.500000000000004
10.473616192727224,22.715598644690512,18.500000000000007
10.007475168348014,23.011995241357173,18.500000000000004
9.096969312149277,23.911770862543808,18.500000000000004
10.142595160207305,22.936792587981916,18.499999999999993
8.69255138807153,22.449031059918646,18.500000000000004
10.017083179543505,22.803019709928122,18.5
8.1298143455806,23.251216014397144,18.500000000000004
9.43172360245466,23.374080348463597,18.5
8.292236403937364,23.377634997490766,18.500000000000004
9.984072258834013,22.579815193055197,18.5
10.501019678379704,22.00804864565662,18.5
10.951269852864087,22.47458498199089,18.499999999999993
10.55445495771382,22.12240098848479,18.500000000000004
9.571096769113085,21.088487516584955,18.5
9.403062081938648,21.069004546436943,18.5
10.973490688581492,22.75977822473289,18.5
9.44288628862576,23.442632101743502,18.5
11.44413139575103,22.858261522698864,18.500000000000004
11.266039688670748,22.328252221386595,18.499999999999996
8.133990004205122,25.873929791159465,18.499999999999993
10.289072074477678,24.31258302360108,18.499999999999993
11.216148098791217,22.096788546491528,18.5
8.992396867795085,23.18928038484848,18.5
11.06353977884097,21.97190600506037,18.499999999999996
11.291148354838585,21.92958665864411,18.499999999999996
9.058799371777368,22.00821750651574,18.5
11.67493530231121,19.83380557348622,18.499999999999996
11.020535076633678,22.043354166991836,18.499999999999996
7.847299642197445,22.231103635196824,18.5
11.319736340709744,21.781121059109253,18.499999999999996
9.594831840219445,20.00043843468074,18.5
10.628646924065952,21.874240045215036,18.499999999999993
9.515761809127206,19.86645789116281,18.5
11.416475043618739,21.125346981084075,18.500000000000007
10.256900692849406,18.540536840770905,18.499999999999993
9.896641008186094,19.289665559176974,18.5
10.11495896292354,18.736006245706275,18.500000000000004
9.600166840163837,19.438346849656575,18.499999999999993
9.919361097300692,18.839976557450658,18.499999999999996
9.63334408163458,19.55467457587728,18.5
9.447177848920951,19.317228421052597,18.5
9.274153262802857,19.584915929806773,18.5
9.375335848503074,19.784014979601494,18.500000000000004
9.405328773774439,19.300442266404193,18.5
8.827252582870301,19.919235364666363,18.499999999999996
9.543688498602116,19.495837458259274,18.499999999999996
9.131242761608206,18.52875901629968,18.5
9.87463173457886,18.18220935568108,18.5
9.720247126249438,18.507183389057182,18.5
9.101759956054122,18.860289499001873,18.5
9.999133987814757,19.06403072429905,18.5
8.553299431636587,17.673508824835327,18.499999999999996
9.88403812964304,19.107742456514746,18.500000000000004
9.007841761451932,19.71635550502328,18.5
9.265142516271329,18.25484803895266,18.500000000000004
9.740168593372573,19.58053568628124,18.5
8.99194894147937,18.86080659528516,18.5
7.814903600869776,17.72891047340363,18.5
7.676806152527746,17.45793674470727,18.5
8.219517331654876,17.451919129259,18.499999999999996
7.382475307089344,17.517483137950652,18.5
7.753113025745688,17.659017807795,18.500000000000004
7.364975145484794,17.513658418027095,18.5
7.340965007228424,17.956822861970235,18.499999999999996
7.332800653189037,18.82002803745229,18.499999999999996
8.82977232363548,17.57365494418669,18.500000000000004
8.681374577903206,17.7133502444774,18.499999999999996
9.156723949630734,18.299890910966425,18.499999999999996
8.503239875452294,17.397001228123678,18.5
9.875887942507886,18.43241713083226,18.499999999999993
9.723984764761598,18.293706088197666,18.499999999999996
9.82722530701658,18.55757113206275,18.5
9.73061991045375,18.72752796839168,18.5
10.141871061788278,18.93751806307395,18.5
9.598899111138635,18.75418580509203,18.5
6.389535562784838,28.0517333799822,18.5
6.787892551845152,27.743380217377332,18.5
7.002243412015882,27.447433264753112,18.499999999999996
6.250813597994822,28.009719409392897,18.500000000000004
6.712652128585147,27.826485582944148,18.500000000000004
6.714835680923545,27.85365871087687,18.5
7.299596338522154,26.051568104052535,18.500000000000004
7.21358636572699,26.22494367397222,18.499999999999996
7.289963682361643,25.84477647363961,18.499999999999996
7.127228330047703,27.390033999588624,18.500000000000004
7.212827952513801,26.22102672075779,18.500000000000004
7.352389941650076,26.57695807015815,18.500000000000004
6.996181674297677,27.009308981677517,18.499999999999996
7.162526723421209,26.841526698103227,18.5
7.26123903991782,26.115354698776603,18.5
7.567131846439059,23.834616140103982,18.499999999999993
7.848392781336716,23.224542054328474,18.499999999999996
7.3431978552514385,25.471753121931076,18.5
7.016483048179338,24.278217845279435,18.5
6.821139020133848,27.3098559012436,18.5
6.931394706649878,26.438257302702066,18.499999999999993
6.8368079217774005,26.310535471914154,18.5
6.954003647912267,26.987624237247893,18.499999999999996
6.961521264018751,25.96465552952097,18.499999999999993
8.308052817178563,23.28202810777718,18.5
6.784969217729076,26.76451358190807,18.499999999999993
6.78121725461163,26.51857102014567,18.500000000000004
8.326475276736877,23.947884161310807,18.499999999999996
8.442177768070039,23.565319131671433,18.500000000000004
8.463530090151618,23.539801095833955,18.5
7.044021574904771,23.094327175099554,18.499999999999996
8.591628525315041,22.978717906582418,18.499999999999996
8.625965216941196,21.336020811883618,18.500000000000004
8.241913919652502,23.400334064975517,18.5
7.920636601165445,21.725748395377902,18.499999999999993
8.574470315776454,23.271199105531043,18.5
7.554070843840306,22.979723877571388,18.5
7.885583642546144,22.18629813814095,18.500000000000004
7.444718323794535,22.994728174608053,18.499999999999996
7.637359005959934,21.715250690892095,18.5
7.638047733154345,21.638676118651276,18.499999999999996
7.420939490651838,22.775802768828108,18.5
7.939986459515046,22.147433622095374,18.499999999999996
7.509167721023767,21.6064928578157,18.500000000000004
7.259496373396887,22.636709155878425,18.5
7.626634267612742,22.952804722075953,18.5
7.442084233203471,21.993015491159003,18.500000000000004
7.432425965972933,21.946296508487848,18.5
7.022457122705791,22.22260450013652,18.500000000000004
7.612661043562106,20.853175608601386,18.5
7.89163211798277,20.867780554692573,18.500000000000004
7.535979049281628,21.7172255148617,18.5
7.887724942535336,21.955448077561783,18.5
6.997507266939781,22.503566711930613,18.5
8.357231439034171,22.51957010830141,18.499999999999996
8.63607053628437,22.23132252033398,18.499999999999996
8.447646340758558,22.991795414497133,18.5
8.4868907373371,22.991464215024482,18.499999999999996
7.3371752210544825,22.57001231215768,18.500000000000004
8.508076542665503,22.757737178434333,18.500000000000004
9.672088824568469,22.01097569971948,18.499999999999996
7.441866695027957,22.410363146178586,18.5
8.334586949590403,19.899019303124383,18.5
7.917901707828609,22.036739278512055,18.499999999999996
7.367134297860961,22.374064503157538,18.5
8.10290854378802,21.737460526151814,18.5
9.6915091523174,20.715359380961857,18.5
8.163741085727011,22.528406779339573,18.5
7.135628420279923,22.691958095081922,18.500000000000004
7.324387489946026,18.062166978128783,18.5
7.251741476380965,18.20450515976192,18.5
7.102453735105429,18.544294766640167,18.499999999999996
7.062168955389824,18.082673307619046,18.499999999999996
6.882439801734653,18.060420576136327,18.5
7.999766615970388,20.633365425770368,18.5
7.2775929329646,17.916191997094415,18.5
7.700210590044111,17.970424966526632,18.500000000000007
7.017442859659762,17.565889046099244,18.500000000000004
7.051720399018481,17.96006426853051,18.500000000000004
7.178085226005927,17.990027837392823,18.500000000000004
6.856099629922381,17.93185152284619,18.500000000000004
7.233220920063471,17.656605695575948,18.500000000000004
7.467106668074021,17.40174432607914,18.500000000000004
7.675523351333342,17.695999479378635,18.499999999999996
8.132352085716478,18.548821199637313,18.5
7.169996077413404,17.449452236240948,18.499999999999996
7.953489495229321,18.550957988707726,18.500000000000004
7.99045101624112,18.978613920630824,18.500000000000004
7.182033511219018,17.44828008888232,18.5
7.450133508948668,17.5772491305694,18.500000000000004
7.138858868314204,21.28607672333035,18.499999999999993
7.954229533903819,18.982849937093484,18.500000000000004
8.29771932790439,21.87137116734112,18.5
8.221701774619055,19.67899458133277,18.499999999999996
8.165361166296115,19.499762647296603,18.499999999999993
7.4917690742005325,20.926615621949498,18.499999999999996
7.710434472028184,20.258370538919245,18.5
7.264698358036813,18.019997278225393,18.5
6.751388824603763,17.843380593782094,18.500000000000004
7.149644464187045,18.16333492237021,18.499999999999996
6.853301676844225,17.957426155720796,18.5
6.755548885154577,17.872467800986872,18.5
6.412633167835794,18.60428749735272,18.5
6.356854711273068,19.274098746244093,18.5
6.687126584770144,18.723227060180875,18.5
6.372451416837405,18.698326491698836,18.500000000000004
7.057256797625794,18.974987507840105,18.499999999999986
6.4838026651784695,18.939975440148288,18.5
6.753869668355556,19.38028973539626,18.500000000000004
7.542598977549195,18.64028099151715,18.5
6.725221188629492,19.20375173411989,18.499999999999996
6.465609634275438,19.56235551893487,18.499999999999996
7.02840818908516,19.087874748774798,18.5
6.594099758681838,18.732445681117483,18.500000000000004
8.852094819401549,19.824455334116134,18.499999999999996
7.624493880936766,21.4117149816818,18.499999999999993
7.80227000522279,20.9618314868203,18.5
7.740062087531721,18.862486846317196,18.499999999999996
7.263153841069305,19.03039725902917,18.499999999999996
7.2355444144283405,19.036179430530968,18.500000000000004
9.737212275081722,19.78183072768424,18.499999999999996
8.161177902297679,19.424528858040475,18.499999999999996
7.988085557522756,19.43878504259134,18.500000000000007
7.825619013526144,19.033177339929633,18.499999999999996
8.511008654648526,19.2590519933737,18.500000000000004
7.323392662949396,19.02081973244031,18.5
7.6055983412420485,22.41042800617327,18.499999999999996
7.655433147934275,22.463423294660306,18.5
7.051587595245617,22.782646968786636,18.5
7.7458889885713935,21.788961121043865,18.500000000000004
8.63931435139202,23.41086777943319,18.5
7.624333541296538,22.277485074044993,18.499999999999996
9.311081511541868,20.07676547580838,18.499999999999996
8.405387458400766,20.67474830926392,18.5
9.462846990508723,20.80851781805607,18.5
7.549074153441387,21.150037236980488,18.500000000000004
8.533054510968178,22.113820305714214,18.499999999999996
7.43365101908201,20.247483530330978,18.5
6.7296947143866115,25.36597621024374,18.5
6.379597336998519,25.116541361303305,18.5
6.516979056181255,27.113570071684773,18.499999999999996
6.39126545419464,25.69235375999157,18.5
6.292402873075172,25.32989457510176,18.5
6.657066051460506,25.593949409247827,18.5
10.015626133424002,25.311046020596546,18.500000000000007
8.776213072887405,23.40243803729823,18.500000000000007
7.262704010971752,23.70794911113855,18.499999999999996
6.531152838628872,24.539032231385484,18.499999999999996
7.638518218795469,24.49514786089535,18.500000000000004
7.835854987692471,24.22951650760037,18.5
6.583183214717588,27.102643020795842,18.499999999999996
6.915281280027348,25.66713150391057,18.500000000000004
6.562474719673259,26.908936559813462,18.499999999999993
6.603478154227092,26.513467901420597,18.500000000000004
6.784685896563175,25.696426639063176,18.499999999999996
6.712700151518231,26.259885038736364,18.5
8.641368093583448,24.87846873073324,18.5
7.177746345336062,26.905094384210702,18.499999999999996
8.133388282902644,26.952559268080353,18.5
6.974903756982096,25.785730040474668,18.500000000000004
6.536401163386456,26.19917332549652,18.5
8.30752136363098,27.018884894054235,18.5
6.298236434108316,27.851488346535564,18.5
6.348342613083177,27.77797132968034,18.500000000000007
6.192568383885416,28.100967981635325,18.5
6.042484515669489,28.199084938516396,18.499999999999996
6.314677110519505,27.599168706646925,18.5
6.745140327034337,27.84188193631586,18.499999999999996
7.19001926288117,27.866489886845773,18.5
6.828924407005538,27.479552420561447,18.5
6.883346395030746,27.02494005153941,18.500000000000004
7.475567078871714,24.567639927595206,18.500000000000004
6.368081223766422,27.226337441739318,18.500000000000004
6.908223669234952,27.44429443828114,18.499999999999993
6.551826849550333,27.76816853725269,18.499999999999996
6.168539314014184,28.103468882308487,18.5
6.8442203087812254,27.4412406901913,18.500000000000004
6.91491972889886,26.33212159327111,18.5
6.853761841084085,26.564567407923825,18.5
6.787488195148073,26.608980536643582,18.499999999999996
6.468337808368117,27.800537021180084,18.499999999999993
6.5987356963959165,28.25493066075496,18.5
6.3681324076915455,27.73237537543801,18.5
7.197474767921528,27.869221525368665,18.499999999999996
6.509003103355068,28.008774525131482,18.5
7.995425462833724,28.051736320701494,18.499999999999996
7.104040732962492,28.025157471193673,18.500000000000004
6.531523033612196,27.902355323068274,18.5
6.267778636951865,28.2667382341391,18.5
6.548449646729573,27.926538167490794,18.500000000000004
6.679902658668786,27.935046890453982,18.5
6.518707014340539,27.903017209732177,18.5
6.9206158885843045,28.14164094813863,18.5
6.513833120522296,28.174195529803345,18.5
6.196272733921456,28.071802576241176,18.5
6.590175987715149,27.824658593758162,18.499999999999996
6.519477996421049,27.84141970263138,18.500000000000004
6.529416878107581,27.864407296292224,18.500000000000004
7.43191793050435,25.699463272856157,18.5
6.601230340228815,27.880043734349616,18.500000000000004
6.46900788669199,28.03981114484832,18.5
6.6180760578346876,27.900935967402578,18.5
6.410169507135812,28.005639910892484,18.499999999999993
7.129544644807228,27.888652161628002,18.5
7.221050405563351,19.259208878302903,18.500000000000004
9.558329947873089,18.725659744362453,18.5
9.739575149179672,18.628217175728825,18.5
9.460411355502481,18.692187608122968,18.500000000000004
9.453439719751204,18.690524118510638,18.5
9.922931098590192,18.79467277766006,18.5
7.400758163396318,17.97614726798685,18.5
7.728001936661964,17.911292426161513,18.500000000000007
9.32018496676185,18.497008072307835,18.5
11.07633235480521,19.420843686697427,18.500000000000004
8.500415955618605,17.90458297231453,18.499999999999996
11.119835115989856,19.181526257353273,18.499999999999996
9.026629684773479,18.630511699740588,18.499999999999996
9.517560006426855,18.97926667017666,18.5
11.325032131680052,20.911394502075908,18.499999999999996
10.35785485134263,21.752500486777716,18.499999999999996
10.55112083922443,21.829222663551533,18.500000000000007
8.54297130716835,18.434621373266943,18.499999999999996
8.192115375327386,18.35499468576188,18.5
9.224901967075937,19.389915458268472,18.500000000000004
9.213264748564347,19.049585881659358,18.499999999999996
9.586104713509025,18.93275637678865,18.499999999999993
9.13326829458173,18.77874325806681,18.5
8.620472196754061,22.09585989233028,18.499999999999996
10.823765507129389,19.833504959300004,18.499999999999993
11.372375935021271,22.30557659888685,18.5
11.333211281516546,22.510285034753398,18.5
11.149961978900363,21.34842524717151,18.500000000000004
9.845758952781567,19.827650447424347,18.499999999999996
11.769209854253967,21.635070281614983,18.5
10.2480479821889,22.159503663487165,18.5
11.634660445716257,22.07224933851747,18.5
11.392986579906411,22.192041791337314,18.500000000000004
7.840910763470063,22.325744845918216,18.499999999999996
10.877024139129164,21.8345139824634,18.500000000000004
8.011072816982168,22.930938695601366,18.5
9.943807456189765,21.93551529002722,18.5
10.438808058962636,22.64928371879762,18.5
10.230251902482541,22.30140435546601,18.499999999999996
10.998868781570415,22.941189821872502,18.499999999999996
9.574185346353257,21.529782617935922,18.500000000000004
10.554483624580689,22.444182931605443,18.499999999999996
10.433569753656814,22.8048051677277,18.5
9.744883843715579,22.79204061272028,18.500000000000004
8.96430209375145,23.24913225789661,18.5
8.370179962358685,23.914397754129162,18.500000000000004
7.356050571950093,23.715366563420762,18.499999999999996
8.581066712789914,22.778006781411815,18.500000000000004
11.213483949782537,23.382065974230855,18.500000000000007
9.191059255122777,24.44891865179045,18.499999999999996
9.903369138433073,24.684920293167735,18.499999999999993
9.175675504724314,24.304891364327247,18.500000000000004
9.23163815352415,24.662214636435323,18.499999999999996
7.81805691713504,24.723856082557038,18.499999999999993
11.089816210888019,23.9981236604607,18.499999999999996
12.62661611213634,26.544341451129196,18.500000000000004
11.367214347344175,24.44469081490409,18.500000000000004
10.339533917879404,24.735793396550022,18.499999999999996
11.206925467571262,24.054028983040553,18.5
10.154773350160852,23.57975029978218,18.500000000000004
10.689846050856767,20.399028151500566,18.500000000000004
6.365202839249199,26.04708491128454,18.5
8.509647966840419,24.614257535139465,18.5
8.337638960339962,25.470327983223115,18.5
10.680470847955082,24.149228037220375,18.500000000000004
9.699010929766859,24.1489449951548,18.5
9.067080609346634,24.43450773480391,18.5
8.987560709234582,23.962563336995995,18.5
10.546341904100098,26.500090092896986,18.500000000000004
10.132631773005185,24.1804571186664,18.5
10.372577318068279,24.132669525987026,18.499999999999996
10.253811897869427,23.713043747555563,18.5
8.46817553152348,27.851529699005262,18.500000000000004
7.52568959405101,27.78926658297576,18.5
7.916089740312631,27.431316489790166,18.499999999999996
9.867960048070412,26.750914343130617,18.500000000000007
10.055717347794651,27.265009519144307,18.500000000000004
7.441827952876154,27.91754237243345,18.5
8.204978555051941,25.310779919850138,18.5
11.724205528606904,25.781842440235696,18.500000000000004
11.359032868913266,26.595108262758686,18.5
11.793889105957692,26.700984383576394,18.499999999999996
9.001457524454882,28.114478024594426,18.5
9.42924629640015,28.235825972603365,18.5
8.7647714062147,28.561184449101308,18.5
8.315023075940712,28.368911116305163,18.500000000000004
6.818201177737029,28.40261857140391,18.499999999999996
6.415315160743966,28.346601265784052,18.499999999999996
7.252603234970262,28.38837923396721,18.500000000000004
6.408688147015287,28.443972080028164,18.5
9.018901679245825,28.083744897670204,18.5
9.391549285487779,28.38958654256369,18.5
9.696154132023185,28.317676969374737,18.5
9.391771975150085,28.392373958373817,18.499999999999996
8.505826772623948,28.283311182055485,18.499999999999996
8.980474719860702,28.26930287557245,18.5
9.631294362391131,26.916093708014923,18.499999999999996
8.312101175102413,28.199424600053735,18.5
7.444974961098326,27.973536512819248,18.499999999999996
9.614322532302857,27.12108620724873,18.500000000000007
9.194164112006849,27.22344623230696,18.499999999999996
8.512222870356808,28.165713036425803,18.5
9.369058533398128,27.098059947303764,16.30445457236387
8.57512667895515,27.264234364887365,18.500000000000004
9.24608251185943,27.541992995064337,15.795914029803875
12.021504238700016,27.965412922128035,13.26345131151068
12.008033689188167,27.013243209539866,15.232376974982495
11.22539228965598,27.770012358571808,14.657302579189606
6.968388994547327,25.1834216766144,11.100000000000005
4.125378159195793,28.851315754487413,11.10000019105122
8.076309629433368,27.14479843144695,15.408011026637732
4.12537818845853,28.59782135256701,11.099999999999998
9.131632993348742,27.270385645173658,13.302391462604414
9.402084919408683,27.373864081878942,12.698095424549008
4.125378097058852,27.07981461438518,11.1
4.125377953242982,29.020909270176507,11.1
4.1253779164579205,28.799755672369066,11.099999999999994
6.687487292920914,27.651438006839342,11.099999999999996
4.1253779282695175,28.838645414011506,11.099999999999998
6.834231828921856,27.607249145437123,11.100000000000001
12.904456123672471,27.41942807429921,18.49999974712662
12.90445464658519,27.41942768350637,18.499998590731153
8.514923980717118,25.63132794398633,11.099999999999998
11.598765579629617,27.951308500320682,18.499999299187056
8.51492260442563,25.631326942731324,11.100000111256426
10.786158910760504,26.573708382319076,12.540319665818902
6.167588095308446,26.587522768857607,11.100000008569149
5.129681909375081,27.41942770904336,11.946539527447019
9.399990654077456,24.992440035290134,11.100000000000001
8.261965024399517,24.846412033129393,11.1
8.644307837666497,26.726515779399687,11.100000000000001
9.259290496072795,25.407096915115506,11.099999999999998
6.8796063500834155,26.913467397304853,11.100000000000001
6.468539402497286,25.69885161060263,11.100000000000003
4.1253790457940775,26.480130855393543,11.1
8.217508875579137,25.474823895335962,11.1
8.514915971226664,25.631321016526073,11.100000000000001
7.268172623983157,25.41138238813699,11.099999999999998
10.405266252032732,25.703005590878984,11.099999999999996
10.264488951039063,25.82223935161471,11.099999999999998
11.413714134504248,24.389312988238586,11.74572165649305
10.60857159809255,26.266426674634438,11.173549792637566
12.153509841746317,26.201362505772785,11.099999999999998
10.224619754185744,25.31434392813085,11.100000000000001
8.607514054279974,25.430965839852583,11.1
8.519009610198236,25.957296801534245,11.1
7.213876450515087,22.85951155513721,11.100000000000001
11.131162600757001,28.307612245521366,11.1
8.106242739097802,25.53442525332712,11.1
7.742555868595769,28.061889257749275,11.100000000000003
5.6365831607051735,21.188743182894896,11.33101671180031
8.51491784171277,24.780245761949843,11.1
7.584155197176404,26.357770814074506,11.099999999999998
8.514917858174973,25.00650810970995,11.1
5.773237392442297,21.33222370993027,11.1
8.514917143141567,25.631322434057253,11.1
11.765810264814993,24.27184598805009,12.774941654046552
9.619003382388625,24.89432565094287,11.099999999999998
10.057308794027612,24.281242689671693,11.557820671673827
7.627535373587124,23.843219579542968,11.100000000000003
6.392597567776387,21.498260228758735,11.099999999999998
7.792434646830342,23.843219325114525,11.100000000000003
5.693733849991801,21.745552473850022,11.099999999999996
10.106222275469127,23.712335619972084,11.099999999999998
8.214298792314683,24.566899141830447,11.099999999999998
8.770075700802918,25.20685572038014,11.099999999999996
9.267540799409705,25.045370776666566,11.1
9.207790871559734,24.995027316980405,11.100000000000001
6.265924859220396,20.950828644182923,11.100000000000001
8.017799827129744,24.472801136106057,11.1
5.812914247151704,21.546108887626296,11.1
7.90125934924188,25.747941273995632,11.099999999999996
8.42507090798446,24.85798035499072,11.1
8.452490645211856,24.822064832812856,11.100000000000001
10.672473241801931,24.60155153299595,11.431165824805191
10.352455372281403,24.45931807539883,11.781062594058067
7.599933751322614,22.027709918510013,11.100000000000003
10.852060376681466,26.237562988956103,11.208509071376822
7.94815272226674,19.991168583672543,11.099999999999998
11.896662511292368,24.39413434329952,12.21775925668023
5.676925681820659,23.843219345794726,11.100000000000001
12.904456777391102,29.207529671169507,11.099999999999998
7.186074041995653,24.091010079732246,11.099999999999994
11.110800738304999,24.728048115399446,11.100000000000005
6.311364861992983,21.92043461076223,11.1
8.990077983101733,20.674680829284714,11.1
9.571292513288274,25.60556586375741,11.100000000000001
7.349215374285039,25.173040620029553,11.099999999999998
5.257940939637064,21.12716726107138,11.100000000000001
4.1253779544469715,29.207531885593824,11.100000000000003
8.769924337042298,24.941988262367747,11.1
4.125379157020427,29.207527693913093,11.100000000000001
12.904457063313039,22.055117875174243,11.100000000000001
12.60562141027311,23.156129890737816,14.357792256651159
10.154970970419493,22.55149471115143,12.008454703945784
8.473061514020143,21.524531506783514,11.099999999999996
10.164099980406624,21.416174286690406,12.235007293801257
10.626095361272112,19.338907764226008,11.099999999999996
7.914348914301011,20.972579690920764,11.099999999999998
9.8814941381391,24.708734670946225,11.099999999999998
9.344228319313709,19.841625245776086,11.099999999999996
11.50017160558014,24.508388454637117,11.099999999999996
11.278755054507458,24.594289187298696,11.100000000000003
11.219402836220567,24.621472358640258,11.1
7.963913751310501,26.891002698684055,11.099999999999998
5.916383659334928,20.483390271126815,11.100000000000003
8.740190800797912,25.361829543753572,11.100000000000001
8.81725525296952,24.462230883872603,11.100000000000001
10.024781580563594,25.876373448890085,11.100000000000001
7.580282595025775,24.67778889146357,11.1
8.514930210918857,18.478906984775165,11.1
7.338437231605511,19.913087703762965,11.099999999999998
11.038132113379756,17.976417616341504,11.099999999999996
9.30132209926687,22.84777817398363,11.1
9.642141518006799,18.808586994982402,11.1
10.218785330607025,18.225237748666842,11.099999999999998
8.514917837956126,18.478907381903475,11.100000000000003
8.48246042431708,25.339445693600734,11.099999999999998
6.928932041839636,21.759423394691936,11.260852722805316
8.514917931504382,18.47890737778099,11.100000000000003
7.710260656642828,22.66829151670078,11.1
8.514917843299703,18.47890738324491,11.100000000000005
5.614053272990621,25.363170122770402,11.099999999999998
7.583493646535536,19.05236115315947,11.099999999999993
6.62149896322082,19.62752013036734,11.1
6.019537402953008,20.26701196478246,11.100000000000001
6.4199344709451704,19.803366420998284,11.100000000000001
4.125378106262629,29.20753150790809,11.1
9.246249651300824,18.39528865391329,11.099999999999996
8.514918752186816,18.47890723347141,11.1
8.735470620163813,18.381308653433393,11.100000000000001
9.251001778983204,21.31343015763512,12.060329113695293
8.46526790959627,21.6604476028436,11.551513944730214
8.514918716222784,18.478907395525177,11.100000000000003
7.482017487164537,20.962879012444088,11.242823819666492
8.035151277105966,24.173633742308116,11.100000000000003
7.982162774796952,24.011038672603018,11.1
8.725735550850988,24.12794792320478,11.1
9.127710837374808,22.179075985169202,11.259275976235443
10.469331916336644,17.80602023037267,11.1
9.247562267798513,18.070676551860316,11.100000000000001
8.514917691881811,18.478907329658128,11.100000000000001
6.686411493313268,20.552161968965784,11.1
7.611119837647691,23.963052623333564,11.100000000000001
7.58900609386216,23.962276325222778,11.099999999999998
7.839769272803498,24.187731417186658,11.099999999999998
5.225911213510794,16.98479055371224,11.100000000000001
7.501256556732437,19.4170060043889,11.100000000000001
4.125378181127167,17.160895378919562,11.1
7.166564159501289,24.095798721478996,11.864785237254761
6.5143216339018695,22.044809584640767,12.039476071069211
6.363255583074744,22.367670958119575,12.114353466597498
8.60140857031051,24.08080819869967,11.284047220360183
8.449850123650112,24.1125751790482,11.100000000000003
8.449845819144276,24.112582729186244,11.1
8.42368866196082,24.100134335815824,11.100000000000001
8.320517886365213,21.82928561058411,11.531350917119372
8.449850813115843,24.11257016517467,11.099999999999996
7.640633722290657,20.693637657634966,13.481116650052357
9.309264718816845,18.103604278996826,11.100000000000001
9.324999704384616,22.198600276926957,11.309388901867562
10.325510863196607,18.259694714498217,11.099999999999998
8.074471194907575,18.299488902325827,11.099999999999998
8.933913584394794,24.592488811853148,11.100000000000005
6.302904046869682,21.56753886716917,11.100000000000001
6.24522499629831,20.425550066431807,11.1
6.29463103680685,20.451226279968626,11.100000000000001
5.745694752936023,20.42383609357297,11.1
6.044354850590458,20.4405021301859,11.099999999999998
6.930066458510479,19.28246567688081,11.100000000000003
7.6219121316361464,19.17736768384485,11.099999999999996
7.964072916300283,22.093905767453126,11.100000000000003
8.315251831513725,24.351428837124892,11.1
7.00309064765963,22.000447891371298,11.100000000000001
8.449839457450649,24.112589033288266,11.1
7.5654969864432635,19.620070625431072,11.100000000000001
9.044761857723529,24.078865437700014,11.1
8.879392792362996,21.063738618255194,11.800476663966553
9.43438795105838,22.13299480451807,11.39372419748373
9.022754238267757,20.97781645800344,11.796015742592784
8.68417259726692,24.10397466846707,11.100000000000003
8.70385667034027,19.3089526733101,11.1
6.437695766563241,24.64392789482101,11.1
6.294992076015795,24.549150684116334,11.1
6.302163643223495,24.551472097254905,11.1
4.125378020766306,29.20753173036294,11.099999999999998
8.514917872104053,21.45589215956093,11.100000000000001
5.305736765452036,19.955625611356552,11.099999999999996
8.72572702730787,24.12798530446217,11.100000000000001
7.812935394650534,24.21833339810036,11.099999999999996
7.7058410574912655,24.317982385948692,11.1
8.302216246017721,24.793216009079416,11.1
8.449837920007276,24.11261736154797,11.099999999999998
8.755621594395803,24.743754593481082,11.100000000000003
7.467864967419919,20.301156203583005,11.099999999999998
10.045643727609365,23.699689784557314,11.525625420322946
10.763105686744668,23.053910901631983,11.099999999999996
10.99812064179147,23.062150143440558,11.822185764744058
10.200596986726955,22.552673320252442,11.365411580154282
11.640152378061577,28.17748641137416,11.1
4.5208369157655035,20.766656765376453,11.099999999999998
5.712047791224478,21.873623499840733,11.100000000000003
5.646231014567402,22.45055552228483,11.100000000000003
5.987628252534838,23.007343614039634,11.100000000000001
6.2516316874089535,24.82211698791628,11.100000000000001
4.125377955537764,29.20753187086569,11.099999999999998
8.360484064354427,23.941683775932752,11.099999999999996
6.02642402886064,21.04540249254475,11.099999999999994
12.145724566674282,28.589383019554,11.100000000000001
9.53459681935035,24.733325904098205,11.099999999999998
6.34876182555034,22.148294660911596,11.100000000000005
8.042629810269222,24.303617096887127,11.100000000000001
12.904456233341074,29.207526590424195,11.099999999999996
6.7983818975555685,24.932081767488423,11.100000000000003
7.995004212633845,21.6254670323382,11.099999999999998
8.198411950639388,22.138622803516217,11.099999999999998
11.665549358134834,24.498299105606602,11.100000000000001
11.508475238802031,24.642908577364484,11.099999999999998
7.265412119311129,25.69571132945906,11.1
4.12537821128962,27.419427594188562,11.100000000000005
4.125378123523145,27.419427769761768,11.100000000000001
7.528367246436233,26.459435035660533,11.100000000000007
7.729772111045743,26.45937356852848,11.099999999999998
7.443370435480343,26.399342725059544,11.100000000000001
7.056056832701532,22.69837983239489,11.100000000000001
7.736291708054385,25.750878225686957,11.099999999999998
7.827861122620218,24.72968807889759,11.100000000000001
12.904457554870826,29.207531692611294,11.1
7.658554761864103,25.070396875432824,11.099999999999994
6.283428297561477,24.772140510002345,11.099999999999996
11.05138151781283,25.01003086619117,11.100000000000001
11.466186265272002,24.55166536541231,11.099999999999998
8.377187000162628,22.796151502656702,11.099999999999998
5.780712449863949,22.33002107550817,11.100000000000003
11.495050743128614,24.63980006995198,11.100000000000003
7.48192367966794,23.84321943113698,11.100000000000001
5.20161162770429,21.647432775295584,11.100000000000003
8.51491782317827,24.909651047952945,11.100000000000001
7.630434337533575,26.687677614401537,11.100000000000001
5.228237581410321,21.972691905142085,11.1
5.356909710433452,21.81937493304196,11.100000000000001
7.892395708073608,27.126365588916222,11.100000000000001
8.370662354781112,25.546187948888093,11.1
7.975090898800444,23.00061270071694,11.099999999999996
8.514917849951846,23.843219618128284,11.1
6.4146916305414265,21.437866761161,11.1
6.081125375636334,21.275163029696024,11.100000000000001
7.9691465390379195,24.664963248838138,11.099999999999998
12.199993283133146,28.63359645114809,11.1
11.450758962995044,26.147766951650873,11.099999999999996
8.514917856877265,23.843219552053665,11.099999999999998
9.857959673905038,24.00163609202669,11.100000000000003
11.376073511833967,25.602644335796604,11.100000000000003
10.181608284254377,23.942373254847716,11.196295714168528
5.632136956961405,24.938501571907853,12.931784659585736
4.125377939710877,28.06160583318843,11.099999999999998
4.1253779290363335,28.458378016988416,11.100000010638519
6.470231291777006,24.582227920282026,11.541053529490691
4.600957627004711,28.532637052105635,11.100000000000001
5.076308751922655,25.95635548661961,16.79857012800176
5.385193896139136,22.880494696260712,12.887702362304205
6.4142883490179505,25.850611864995276,11.1
4.6380155140092825,28.41722642022429,11.1
6.600703409434921,26.312281650971563,17.257446086707677
8.325038796349174,26.222447479406824,13.272990760213595
8.514917728663498,25.039865534870042,11.1
10.809935159238716,24.545464929391095,11.807179252891295
10.89043209759246,24.771781925919424,13.027075787722186
12.904456779651907,27.41942778891593,18.500000000000004
10.246507384193679,25.971122567666523,11.239113543947102
12.904456380636292,27.419427752967625,18.49999996665061
12.90445630850627,27.419427529381657,18.499999400919545
4.125377904079426,28.55336278736266,11.099999999999996
5.325273270669093,26.256471739758506,17.54997020795484
5.674277863484251,24.127499045213437,11.1
4.125377905488075,28.700545305900064,11.100000000000003
5.261920508958828,26.55084242301412,18.103356065669043
5.2497292932152115,26.08380368784503,17.248537795968083
7.3436595927150785,24.64710244940622,11.952080400712408
6.93918737193947,25.227496884882846,12.583965025487535
6.710465284522498,25.046375596176343,13.608404471379034
6.9607929035932266,24.01131198123265,11.36196774717601
4.125377978225287,28.538203795729803,11.100000000000001
6.773456257319844,25.052814642178355,13.653265943684726
9.558858050110821,25.374484748902645,15.92057541817027
11.587174217972889,24.771265618422355,12.639002298291292
10.820286235107949,25.66686426263885,15.345477627289148
9.924362319815994,26.783927730711028,11.1
10.846844860472311,26.276197358993493,11.099999999999998
11.409441016242996,25.983949489998427,11.178086537554071
9.870219591122568,27.70484448998221,18.500000000000004
11.530990827853492,28.621535932481425,18.5
10.13152271923596,27.827571864227647,18.500000000000007
12.904453821467529,28.02870561725497,18.500000000000007
12.90445489992257,27.419429369402703,18.500000000000007
11.547992281469115,28.831854344167734,18.500000000000004
6.226442663644284,28.62089384831695,18.499999999999993
6.245802057347025,28.573934781014394,18.500000000000007
5.799945928444868,28.652061843360737,18.499999999999996
6.668965635367004,28.425336109599897,18.5
6.662331149933019,27.207980043922184,18.500000000000007
6.222026740743737,28.526901327009984,18.499999999999993
4.861452423880073,26.587632915682494,18.500000000000004
6.9694926429114785,28.38430066006902,18.499999999999993
6.068247394234383,28.531699480316597,18.499999999999996
6.287027162885866,28.345397831913115,18.499999999999996
6.635360782689039,27.201852097459255,18.499999999999996
6.210382370125745,28.695591367107852,18.5
10.188275106143056,27.786577826622356,18.5
9.760042504090714,28.768757640273897,18.500000000000004
10.049830943498266,27.848560095648057,18.500000000000007
9.57737208817506,28.717448653867407,18.5
10.255576739584441,27.842948131187345,18.5
10.077675412008038,27.88165479180177,18.500000000000004
7.572391422743349,28.01639504462433,18.500000000000004
7.119541964251441,23.890746588237654,18.499999999999996
7.45588861593015,26.404383098751044,18.499999999999993
7.9659284974064635,26.466126659101008,18.5
6.639868485928321,26.646729074215497,18.500000000000004
6.853177668925939,26.55700085409564,18.500000000000004
6.700099045511241,28.002551763250903,18.500000000000004
6.628865230375858,27.948492444417628,18.500000000000004
7.5623232135618945,28.105498589037964,18.5
5.926446585810083,27.308854301119233,18.50000000000001
7.118272211033804,25.10382170846092,18.500000000000007
6.9450215672600955,26.949021245013288,18.500000000000004
10.916364069612234,25.34295505871972,18.5
10.534007212364253,27.39453688895243,18.499999999999993
9.756739048056764,27.01001517583618,18.499999999999996
7.731191765231421,22.055113268980403,18.499999999999996
12.54481908086296,24.63310482655902,18.499999999999996
10.056530080472783,24.36025429548691,18.499999999999996
6.288568288719785,25.734066091953906,18.5
4.883675422640873,21.03689155603585,18.5
6.312058855090602,25.86521927154685,18.5
6.458186075002679,23.989590962205188,18.5
4.918560012494826,21.012731363014563,18.5
7.099129969752198,20.9640044182539,18.5
6.991755640548655,24.058949114653633,18.5
6.9006984282069395,26.087028191862007,18.5
6.774010696334967,24.23633322922851,18.500000000000004
6.618148451925404,24.128984003369215,18.50000000000001
6.7896544166868535,26.222986954521247,18.499999999999996
6.490033241093246,23.882688893314466,18.500000000000004
11.382197561311337,20.915055357761577,18.499999999999996
12.129389156536112,23.23772026032639,18.499999999999996
10.67398613757285,24.343240168523305,18.499999999999996
12.535942938121824,26.445923395874356,18.499999999999996
12.570100653125072,26.42130153987024,18.500000000000007
12.584754481728952,24.09928723460877,18.442748716660006
6.770545176653176,23.507575417456614,18.500000000000007
6.6577763718160705,23.85370215743996,18.499999999999996
6.658288329660111,23.87107089315083,18.499999999999996
6.988459416075818,24.96595451708899,18.499999999999996
6.532678504156116,25.011268100630765,18.500000000000004
6.606043757790904,25.183419716265917,18.500000000000004
7.04545625991734,22.853435256999525,18.5
6.786005953254298,23.525186719456627,18.500000000000004
6.3774393822054805,23.518938732087648,18.5
7.577481637342922,23.17974749150211,18.500000000000004
7.168103270365941,22.81873787865642,18.499999999999996
7.300026809527894,22.7077295120661,18.499999999999996
5.486123281671538,24.397526760063307,18.499999999999996
6.979841718678868,20.82591005865913,18.5
10.347413660364506,22.15299727441206,18.499999999999996
10.497736586061727,21.822431280846494,18.5
10.602060840510484,22.491116225337244,18.500000000000004
11.481584668295552,22.493982573078274,18.5
8.929445682904353,22.774060141416296,18.499999999999993
4.125377990384139,23.843219777297872,18.5
6.355074796119718,23.38907557257761,18.5
8.067697442713321,22.582828067563742,18.500000000000004
10.883293507862332,22.332282874635215,18.5
8.27582678544099,22.28989392797102,18.500000000000004
9.47341074568292,23.511803046074288,18.500000000000004
7.158793674862969,22.940980591905188,18.500000000000004
9.741078345423006,22.52272655660027,18.499999999999996
8.186652416864305,22.290117903832368,18.500000000000004
6.6158815957786485,23.22912927358015,18.5
6.1793727950833715,23.19013727258529,18.499999999999996
11.190214191193615,19.657581927783887,18.500000000000004
12.287303285231372,19.288394344716625,18.5
11.33536358254502,19.20642544829831,18.499999999999996
11.090780561448529,19.721844669964195,18.500000000000004
8.67871834091818,20.654447789766277,18.500000000000007
11.360194076408247,20.727845218885463,18.5
7.516737663803589,22.25465138379315,18.5
10.564982723665755,21.434771218539716,18.499999999999996
10.461092797644065,21.41381173273276,18.500000000000007
11.277770381292651,19.8305775175237,18.499999999999993
7.269714506479346,22.152260227876834,18.500000000000004
7.6545986067126055,20.617467436025315,18.500000000000004
5.311570625417212,20.704735117537865,18.499999999999996
6.4531632845665206,22.682521134916307,18.500000000000004
8.41093520286678,22.509348247983432,18.500000000000007
8.557878266027501,22.695684186799458,18.499999999999996
6.506710792780649,23.33892860485294,18.499999999999996
5.3871710520908485,20.65497374030973,18.50000000000001
11.850171403699488,20.46396974089878,18.499999999999993
11.094201139176507,19.73319090877406,18.500000000000007
11.59497588914134,19.751301412855437,18.499999999999993
12.24824726846944,20.374494823000184,18.5
11.588106210043525,19.704744232860257,18.500000000000004
11.209007428214328,19.641502210657872,18.500000000000004
7.565473367326048,19.795847646232676,18.499999999999993
8.34639500738258,22.16923738681048,18.500000000000004
11.327814882531623,20.766420543290725,18.499999999999996
7.30056422758087,21.8922707707,18.500000000000004
7.913904611687047,19.97230685191644,18.499999999999996
5.20308163658607,19.45155072186825,18.499999999999996
8.151344314348428,22.283073997065863,18.499999999999996
9.7803436218841,18.941767831962693,18.500000000000007
10.120091339571717,20.96198227150754,18.500000000000004
7.821868578406596,22.308914351892366,18.5
10.576920148944238,20.7173087406757,18.499999999999993
8.914035815079474,22.244003325586814,18.500000000000004
12.127397010135684,19.427585837471828,18.499999999999996
9.268289026659932,20.88741244095391,18.5
11.555003400648905,20.258592328953394,18.500000000000004
10.079378137542026,18.453797577050043,18.500000000000004
10.894028864395986,19.48400625381389,18.500000000000004
10.236933337970735,19.079174922429694,18.499999999999996
5.413362890643628,24.367887419269458,18.500000000000004
5.427747262575907,24.3737469689532,18.5
7.789269859926116,18.607809254586606,18.500000000000004
6.619112071056095,18.406709555785138,18.499999999999996
7.451374548435669,18.033795714345246,18.500000000000004
7.145603914854513,18.860251945651015,18.500000000000004
7.70800941725148,18.219412071056894,18.499999999999996
8.223234727888979,21.685926178963122,18.5
6.953124436708322,18.022331571233444,18.5
7.07808307035222,18.125946976967043,18.5
5.435977685097001,24.377099766388014,18.500000000000007
5.37732708017577,24.353208149056137,18.499999999999996
5.285972981638081,18.320785200971443,18.500000000000007
4.125377913579485,18.927278271688486,18.500000000000004
4.125377920122651,18.85544451903142,18.500000000000004
4.667191240048728,19.246858622927235,18.5
4.125378442817741,22.055115293261338,18.5
5.980544009879873,19.5469009881656,18.5
8.168454391194373,19.38522700342745,18.500000000000004
7.988284670233262,22.18463089816618,18.499999999999996
7.509640360980594,18.163341494940855,18.500000000000007
7.549244628852113,17.85083784494711,18.499999999999996
4.125378473216543,18.81322729822162,18.499999999999993
8.011931548934472,18.47971032587172,18.500000000000004
10.61722120962523,22.42118426103271,18.500000000000004
12.21793648004769,24.76085099585468,18.500000000000007
12.10849539811922,24.653102576883754,18.500000000000004
11.129616827715871,20.471043476465198,18.500000000000004
11.53982940342359,19.563552649093374,18.5
8.366778765781486,22.074024595627435,18.5
8.136533706342078,20.421148420916484,18.50000000000001
7.316986599463514,23.031084179320132,18.5
9.863274607286792,21.17427676630328,18.500000000000007
7.150483322473318,19.230143090950424,18.5
7.346673953043574,23.006897947696608,18.499999999999993
11.600964172873029,22.9915542317927,18.500000000000004
10.89344909394054,21.225624930430083,18.500000000000004
8.820898514466913,19.10845673355626,18.500000000000004
8.328219000922061,20.783907926004783,18.5
9.469590213693959,18.953587659514152,18.499999999999993
12.025958533229971,24.96297091579323,18.499999999999993
12.186961422591445,24.901211291850895,18.5
7.626731281493133,20.62881980707357,18.5
9.063343894543287,19.634750745058515,18.500000000000007
12.313047660224656,24.430970432825674,18.500000000000007
9.904447600279958,18.66882665950593,18.5
11.967739712692062,20.066299943317517,18.500000000000007
9.853669825768696,18.86322432888766,18.499999999999996
10.3004330195483,24.36942636716984,18.499999999999993
7.232814081455514,22.092937296935183,18.5
11.561233790394478,24.97332110661255,18.499999999999996
8.268754319544149,22.158131457289535,18.5
7.684013322405516,22.094436877641993,18.5
8.493361016070965,22.501037469823437,18.500000000000004
10.664625948353628,21.97136000230986,18.499999999999996
10.396646910205275,21.677584130571688,18.5
11.829885767829527,24.677768962293346,18.500000000000004
10.372275894434269,22.202972537188245,18.499999999999996
10.240261543095306,22.025875559829604,18.499999999999996
8.302785012140896,22.222434876794097,18.499999999999996
12.297845858288008,24.929366248172837,18.5
11.287538603141824,20.478750437093442,18.5
10.831125155271181,23.474063868481178,18.500000000000007
8.32951084670752,21.7355831631939,18.5
10.907348428266504,23.446869547974533,18.5
12.170585689578079,24.681780527732457,18.5
7.416196329760579,22.950256688629477,18.500000000000007
7.223144950950831,23.107537800165016,18.499999999999996
7.363594119335254,22.993112276944288,18.5
7.410677520287932,22.332420015545523,18.500000000000004
11.516318465863609,25.001767511693824,18.499999999999993
7.51369055727949,22.870827099076724,18.499999999999996
6.911096106798656,23.361768201917837,18.499999999999993
11.825241809515761,24.70569563411048,18.5
11.771801359932404,25.14411060826165,18.500000000000004
6.897508557412417,23.372837982352294,18.5
11.842143789524336,25.164525690856436,18.500000000000004
9.703056808799289,23.249505958868596,18.499999999999996
12.29022478800513,25.158328973167684,18.500000000000004
8.969107443250797,21.647798262820146,18.500000000000007
12.204977687283842,25.073235265093945,18.499999999999996
11.069072264301967,22.41986180589939,18.5
11.254517323668457,22.291798973299564,18.500000000000004
12.106451261492179,24.912787149712514,18.50000000000001
9.822142228499072,24.780140776435093,18.5
6.795971994759595,22.897817916820912,18.5
11.55581067446793,25.21982153706547,18.50000000000001
11.436537200456053,25.19277157297423,18.499999999999996
8.297817731313506,23.880448101658523,18.500000000000004
7.72696913735784,25.773440103272193,18.499999999999996
6.777661253182443,23.47047871300515,18.499999999999993
6.138961017315966,23.597126489480765,18.499999999999993
6.993419780662839,23.29469750260437,18.500000000000007
11.862764205349563,25.27563943585382,18.500000000000007
10.909900231327065,24.890749224056954,18.500000000000004
6.8286903955249665,23.77994533891376,18.499999999999996
11.323390996075972,22.347165396878776,18.499999999999996
12.276086731436095,25.219220736802917,18.499999999999993
12.904457693460015,23.843219543032227,18.50000000000001
10.997978914435663,23.08856865638585,18.500000000000004
11.501363691070674,23.646955814114513,18.500000000000007
11.242985791841992,22.78779145176732,18.5
9.280116188636926,26.472918580009264,18.500000000000007
6.640570608100272,23.582167937536223,18.500000000000007
8.579619444365973,23.941051271069693,18.499999999999996
7.292989698402909,24.051169860086862,18.5
10.654356410236014,25.01556937145911,18.499999999999993
6.503228939032049,23.78229228379007,18.500000000000004
5.790769837269195,24.902872833174207,18.5
7.781309839388878,25.65729886614214,18.50000000000001
6.524138004345367,23.863282082046783,18.500000000000004
7.604849136446412,23.762506921097877,18.499999999999996
6.703178374373393,23.531160606295092,18.500000000000007
10.077519449385493,24.234667649318762,18.500000000000007
12.105438313794835,25.487954724013505,18.500000000000004
10.744107483392167,25.660896550668653,18.499999999999993
11.707495153737236,25.6108625502839,18.500000000000007
12.904456995809802,25.63132397184008,18.500000000000004
11.601787471750365,26.343889685591627,18.500000000000004
12.904457220952661,25.631324086311295,18.5
7.060635256059059,28.97296701429194,18.50000000000001
6.730694677281098,24.289977554475385,18.5
7.149138169088761,27.538457609068892,18.5
7.455397360302903,27.912726877053124,18.499999999592415
6.685001905296215,28.784459045233792,18.5
6.721909995966786,28.82176528321196,18.500000000000007
6.963283689887321,24.86964543287675,18.500000000000007
7.587598004321508,24.74510606526409,18.500000000000004
8.614084492451106,25.72184302526068,18.500000000000004
7.263307889461476,23.3316735855773,18.499999999999993
7.53574198934248,23.96805678987661,18.5
7.52910376607827,24.119020468674147,18.500000000000004
8.543940772576038,26.901859561505994,18.499999993173546
8.568326739397822,28.16616938318434,18.5
9.168511966619324,28.579311885365723,18.5
10.5597787866456,25.145254331666333,13.477502580303149
9.998875243721606,26.075756741901674,12.155967413190405
10.168512886676137,26.294411045965028,11.588356000347416
6.170423854064784,28.36337050881924,18.5
6.855401769620109,28.937153182870347,18.499999999999993
6.84773699983179,28.667129450693764,18.5
7.089291743951023,28.496074886084724,18.500000000000004
6.525589108404584,28.76021496125631,18.500000000000004
6.95350179858061,28.71302801107685,18.500000000000007
5.863881377197204,28.482546569977522,18.500000000000007
7.06560433195474,26.448671557526556,18.499999999999993
6.754539797546523,25.69003262876538,18.499999999999996
8.48481668061197,28.42398265896239,18.499999999999996
7.129909353911949,27.06105786827604,18.5
9.13871568826661,28.00181941595407,18.499999999999993
8.00774898815559,27.794406488385444,18.5
8.48385684371854,28.267724465490826,18.500000000000004
9.800596829026322,28.727157643808788,18.5
8.514918217371827,28.916981910332886,18.499999999999996
9.803300960760204,28.801988628359048,18.500000000000007
12.404599186992986,28.48145660693957,18.5
