7.405108498013181,25.460982110800348,11.100000000000001
5.862725313927415,24.8261106132158,11.099999999999998
7.76238453569228,24.857555841398412,11.1
6.332296746639916,24.76745498618205,11.100000000000001
5.885340063775445,24.834760006639605,11.099999999999998
5.654697645625619,24.92145397152511,11.1
5.665332773669836,24.648601385650526,11.100000000000001
5.622961093038314,24.661951033166,11.100000000000003
5.404923642802203,24.499043877287736,11.1
5.644530168068046,24.577450513601754,11.1
5.426934712165359,24.82387439951684,11.1
5.881552611030773,24.47644015374581,11.099999999999998
4.299426175275493,24.259581457599005,11.100000000000001
4.314079164131265,24.39173936911362,11.100000000000001
4.641724668828383,23.985484476363084,11.099999999999998
4.1253779,24.240712832455795,11.099999999999996
4.125377899999999,24.03813659383906,11.1
4.1253779,24.234610992888634,11.1
9.018429015187948,24.42159069551949,11.099999999999998
8.190768171596538,24.433117681071117,11.099999999999998
8.200223910178268,23.89910732065157,11.100000000000001
8.779826641560598,24.273054947111195,11.1
6.958615313489812,24.51416828178769,11.099999999999998
7.368034601756228,24.152130846029173,11.099999999999998
5.881800750266132,24.651229023082443,11.099999999999998
5.382472686653778,23.97093801111634,11.099999999999998
4.941091012070322,24.064626616263,11.1
6.697410105006237,23.870015491107825,11.1
5.633426636257766,24.051842439587666,11.1
4.956636302110426,24.049541662341163,11.100000000000001
4.316306304608163,24.07133155006817,11.099999999999998
4.891817799393558,24.30013079535928,11.099999999999998
4.88931613672494,24.146473451684802,11.100000000000001
5.1137110650936854,23.980066098202233,11.099999999999998
5.3033246313207,23.98474263501895,11.100000000000003
4.889335440628993,24.1441925279277,11.099999999999998
5.799122528403536,24.041403812548275,11.100000000000001
6.240454660143791,23.96049270575773,11.1
4.956598265099085,23.953439178794497,11.100000000000001
6.696869196500545,23.972020400076488,11.100000000000001
6.888819426872991,24.049293117510405,11.100000000000001
5.838737318482605,23.785455680267788,11.099999999999998
7.801580512939334,23.248656254712174,11.100000000000001
6.272734993429942,23.705479103780807,11.100000000000001
6.281970223173846,23.787666517552324,11.099999999999998
6.33522831817752,23.841652255078575,11.100000000000001
6.4957663389698705,23.52695543425456,11.100000000000003
6.105286311296057,23.429098915233848,11.099999999999994
5.466300318948222,24.457782711951758,11.099999999999998
4.1253779,23.847145598331277,11.1
4.510511610346753,23.82994095342838,11.1
4.879966508399681,23.89375725239617,11.099999999999998
5.719163383614079,23.484912588750866,11.100000000000001
4.685809864913933,24.30009928303191,11.100000000000001
9.676557982605274,23.651441616882728,11.431988434835747
9.104903717724028,24.139506741201295,11.780076684322411
9.550983798216897,23.865832619025486,11.755802192730295
9.076415142712559,24.14717738998506,11.1
9.108090624455322,24.13117158329089,11.100000000000001
9.31876707813774,23.802995420758425,11.099999999999998
7.208333906417963,23.42867844228536,11.1
7.573355961360212,23.159590669270067,11.1
7.403885571473181,23.071301534166814,11.100000000000001
8.26847055214849,22.816778912232287,11.099999999999998
6.974762754484418,22.993567823442902,11.1
6.712579080931007,23.07676032484141,11.1
4.956048190443131,23.443705555887377,11.100000000000001
4.694281594886546,23.23957271622586,11.1
5.819405550558332,23.429282316504878,11.100000000000001
4.889265880415234,23.405920718529472,11.099999999999998
4.888363375531885,23.487338010036243,11.100000000000001
4.712793361412918,23.470705242869947,11.1
8.61762027428658,22.85892600839754,11.1
8.45955668940907,22.69079177852239,11.778419874449362
8.379782801714487,22.5276226267859,11.434623926726115
7.928805574208137,22.880267036987746,11.099999999999998
8.566411760552338,22.854016753150074,11.1
8.814244655510231,22.512856925027354,11.1
7.424756012806094,22.72371598593266,11.1
7.83966946972422,22.522454555787995,11.1
7.855167803382173,22.71319752707316,11.1
7.951925666526715,22.536883932236666,11.099999999999998
8.350979568235138,22.717995601312197,11.1
7.8866549845871745,22.72392373019784,11.100000000000001
6.498691167453771,23.332948871780083,11.099999999999998
5.673453565689032,23.494902613710735,11.100000000000001
6.602921776358372,23.38232926035003,11.099999999999998
7.26156653428817,22.87608967539307,11.1
7.76764275181472,22.688847455764027,11.100000000000001
7.870827382348236,22.453168432618412,11.100000000000001
8.647030737224792,22.301748062746245,11.1
8.404784496032228,22.31267700104297,11.1
7.729342244335326,21.873101465227013,11.100000000000001
7.909133489519377,21.694130555359973,11.1
7.523140806767433,22.212176717245942,11.099999999999998
7.763447370971813,22.236777564577686,11.1
7.481995029487933,22.52565948542329,11.099999999999998
7.87474370127769,22.432595165102263,11.1
7.695005621446795,22.21887938588689,11.1
7.892263312447562,22.783281647948034,11.1
7.869425575520378,22.77431224549,11.099999999999998
7.692977988095049,22.06209201987587,11.1
6.100727318312558,22.523771135428202,11.100000000000001
7.480653784644122,22.4016940992474,11.1
7.913490581339429,22.51965113433823,11.100000000000001
7.930516882321309,22.32241709063194,11.1
7.276423316910324,22.06454286276553,11.1
7.712980296534388,22.232897846424926,11.1
8.494736713893982,21.156680190802778,11.100000000000001
8.702880943431872,21.15041129300106,11.100000000000001
8.91633616551789,21.149804382678624,11.1
8.939224471841468,20.98079400997545,11.1
8.918175819951454,20.975673171514032,11.099999999999998
8.227220689930308,20.971344856424338,11.100000000000001
8.059597610688323,21.783098118081117,11.100000000000001
7.696652625352541,21.95149393697232,11.099999999999998
7.474938953875659,22.32425553876675,11.099999999999998
7.699356063762448,22.213100568153642,11.100000000000001
8.115967131037502,21.87787065084247,11.100000000000001
7.901494882730157,21.784441992719113,11.099999999999998
7.169232736975624,21.6895102463962,11.099999999999998
7.393716414361299,21.772098310057455,11.099999999999998
6.440846725655616,22.32747369617705,11.099999999999998
7.583612792392647,22.055438287568986,11.1
6.093200389972162,22.12653806488442,11.100000000000001
7.1906877709688946,21.86561371823888,11.100000000000001
9.830589494912305,20.90209331046714,11.099999999999998
10.036574077972032,20.97301615555401,11.100000000000001
9.852063157624402,21.07773648183147,11.099999999999998
9.373209736775646,20.99687780904597,11.100000000000001
10.491128624300295,20.790896273611395,11.1
9.827975018682972,20.885172330414896,11.099999999999998
6.502009642130011,20.623366690307286,11.099999999999998
9.64507544488077,20.267200538389563,11.099999999999996
9.000861939048459,20.35251939108011,11.099999999999996
8.528308517882454,20.53877194983563,11.100000000000001
8.78141440633687,20.619710693711227,11.099999999999998
9.00562501476707,20.527967446393703,11.1
7.155234341103642,21.322004254427263,11.099999999999998
6.442561047023066,21.312676401422465,11.1
6.21197602179784,21.753714274401453,11.1
7.500951054440865,21.320761568610525,11.1
8.457328691129407,21.237731781257956,11.099999999999998
6.243286311219652,21.755388134231985,11.100000000000001
8.121224750201222,20.007004476173265,11.100000000000001
8.782597563463403,20.265825692088686,11.100000000000001
8.095746370126626,20.538749459235635,11.099999999999998
8.545577451518211,20.355764854258187,11.1
9.196940787058692,20.446291798013725,11.1
8.97707104660382,20.268266046661886,11.100000000000001
10.107631419337224,19.84668476433343,11.1
10.258613367529776,20.812464255803786,11.099999999999998
10.061998926123586,20.800654902469606,11.1
9.361750521964943,20.895588075153427,11.099999999999998
9.119304133414005,20.978071293528185,11.100000000000003
9.616591693132705,20.79792523128385,11.099999999999998
11.387232063415958,20.1622371728482,11.100000000000001
12.904457880000002,20.7726896344391,11.1
11.861787921199536,21.29770741091971,11.099999999999996
12.26406505376587,20.496225154499847,11.099999999999998
12.478422160347595,20.41433958128834,11.099999999999998
11.850783359645432,20.489675843518032,11.099999999999998
7.8774093425655485,21.51395312761564,11.1
8.142307357519583,21.424542761533374,11.100000000000001
7.919759781445997,21.79978204108395,11.1
7.905826158668996,21.60963351688702,11.1
8.744112260731004,21.073580128662343,11.099999999999998
8.191300921593264,21.524518412575993,11.100000000000001
8.781030539481417,21.25009624840038,11.100000000000001
8.811735478509611,21.432702846545663,11.099999999999998
10.254891682873955,20.90091798833879,11.100000000000001
10.478950556985188,20.799863077045273,11.099999999999998
10.685687438371753,20.982618237638803,11.1
10.075348064137394,21.0805444286525,11.099999999999998
11.16574875498456,21.707241051965106,11.100000000000001
11.86519827118915,21.76835513015287,11.099999999999998
12.277514328152924,21.691458147452945,11.099999999999998
11.646643319092988,21.78502104187361,11.099999999999998
11.377943387494991,21.336445566459208,11.099999999999998
12.275138354152515,20.78355581740468,11.099999999999998
7.963279154176066,22.146252962362578,11.100000000000001
7.988811146485135,22.335477864348984,11.099999999999998
7.945617843094497,22.318829958168138,11.099999999999998
6.9152535290363915,21.76947421744384,11.100000000000001
7.438875261460671,21.955634646573984,11.100000000000001
7.714479025097408,22.338352944358363,11.099999999999998
8.240971406600039,22.127050831688607,11.1
8.905107227663063,22.046720137318115,11.1
8.889588178875773,21.43983749247777,11.1
8.461936893428275,22.1225334918035,11.1
9.174126473687327,22.798190135845296,11.100000000000001
9.733387172659974,22.139405579729434,11.099999999999998
12.048136347710047,21.60550345949003,11.099999999999998
11.611709517687736,20.882336219580445,11.099999999999998
11.18835783253133,20.98828425524115,11.100000000000001
11.165980250485175,21.873734904570263,11.099999999999998
11.835627630969984,21.599899732494986,11.100000000000001
11.846078819217997,21.599719566400623,11.100000000000001
7.458849133478241,22.94529446084593,11.099999999999998
8.005361789905805,22.35304893140109,11.1
8.034666820721572,22.4301141440816,11.099999999999998
8.163782323197063,22.61684638490142,11.100000000000001
8.196921506645861,22.620276212646782,11.099999999999998
7.928106383637924,22.784480392945976,11.1
8.87579013756903,23.114654506002513,11.1
8.365790708095494,22.68889063596117,11.100000000000001
8.544672826573112,22.411318787613492,11.817286226778272
7.988404845694511,22.402641895874993,11.844148407973996
9.285917087267324,22.753019022011898,11.100000000000001
7.6855268212551495,22.52300611556163,11.827837330823773
8.523441402631411,22.7264210226815,13.181614795671603
9.253170738048516,22.683869223001203,13.276283666743122
8.21864643624297,22.4072036783364,13.985779255511805
9.447988638855838,23.454194724376098,13.658720334935888
8.581902949772635,22.672828941322326,13.660880280432561
9.8910720491846,22.136495659280726,12.177147876411162
8.307895652832197,22.898087806780147,11.1
7.86731269754628,23.234019296166338,11.1
8.349668504526186,22.88753659755498,11.099999999999998
7.905889579331939,22.975627889728074,11.100000000000001
7.430675231005132,22.808576959618147,11.100000000000001
8.31764298331755,22.889774401605543,11.1
8.335849238322965,22.712757016041028,11.1
8.361950361201636,22.871573412799158,11.1
8.807713157173069,22.873177914111846,11.1
9.051073818696473,23.720614775855456,11.1
7.901827335332607,22.717272960406746,11.100000000000001
7.893461840429835,22.716389993141686,11.1
10.802997024902957,23.7972429894629,11.1
9.917259731745606,23.56245806156732,13.988018272481876
9.899212321305992,23.210738068333196,15.454789462966366
11.34912923428701,23.329860637367545,12.933223793508663
9.462073590891254,23.745254695757517,13.631971755117833
11.38744158794626,23.13283019291541,12.189279259195668
7.860622489951476,23.148081690001867,11.100000000000001
7.684627132309571,23.230376104186533,11.1
6.523836510139964,23.68375281674725,11.1
5.799912096035641,23.53099429981841,11.100000000000001
5.654076885772756,23.95091834004414,11.1
7.839500548975356,23.501254305146325,11.099999999999998
8.78823403968245,24.089088925053783,11.099999999999998
9.149909551105049,23.499978824487833,11.1
7.603470375687815,23.58537867963716,11.100000000000001
7.178315781092435,23.420252108182595,11.099999999999998
8.27081655263787,23.956972679177074,11.1
9.400422353623886,23.756572310545177,11.099999999999998
8.004243698634276,23.66012880492888,17.40955352023474
7.961662990049204,23.495088121944686,17.388599933593657
9.311166247056686,23.6762188495198,15.593109293869757
10.732974716725096,23.668031573727284,11.844433397276035
9.657844321737592,23.7488607624589,13.289512131432883
9.99917143251159,23.89337266024404,14.781927641592912
5.362012759893181,23.88383353969331,11.099999999999998
5.378078231102726,23.966469102886386,11.099999999999998
5.172271643228326,23.96655410159205,11.100000000000001
5.37021189226553,23.96738698809929,11.100000000000001
5.653259979319811,23.864834832088235,11.100000000000001
5.612438093666492,23.801983465314194,11.099999999999998
8.479359988822413,24.501255150365512,11.1
8.447738144359127,24.674950398970815,11.099999999999998
8.04675986770179,23.771793233035734,11.100000000000001
8.46742151145605,24.405750988908544,11.099999999999998
8.030469981038312,23.958515998683705,11.1
8.885503447462469,24.233646658230903,11.099999999999998
8.992770150503375,27.068013509345185,17.402817865041875
9.714493169714107,24.494888195851463,13.243236608353186
10.97320508453098,25.289651593164564,12.8553947238546
9.905268969957937,26.68870347294427,16.184445239217535
9.254711211538885,25.12355683282107,12.151362210675867
10.939836524293304,24.603849406019723,11.44565532973875
4.5477744763952614,24.470091702778472,11.1
4.553765802076782,24.56451182055712,11.100000000000003
4.951712379264791,24.651070617658768,11.1
4.324977351672565,24.641344842862853,11.1
4.72140876257321,24.316419579743233,11.1
4.331654049491145,24.643220064559976,11.099999999999998
6.77019255820255,25.474875626167286,11.1
7.3754116365526565,24.9565796325722,11.1
8.644472353656678,25.721237853148807,11.099999999999998
7.611808163379222,25.29723879026101,11.1
6.735159925444393,24.151676186665128,11.1
6.9736282717715,24.149403229926637,11.099999999999998
11.381863582663954,24.41526372699662,11.099999999999998
9.819137585672966,24.473623569405433,16.261863354258306
11.57973232267559,25.123862921205937,12.848704580038767
10.758358366263796,25.820382454662237,15.478998463015522
10.078013527021701,25.73696189232961,16.258524273559868
10.063264337522199,24.21536970653534,15.120128167201347
6.585328631191496,28.374688160662178,18.500000000000004
6.144731933956011,28.16348676925647,18.5
4.893839901913192,26.0142679384977,18.5
6.521116894461732,28.36162738905265,18.5
6.345174897838836,28.210176260434118,18.5
6.624096237105381,28.07904970703861,18.5
6.374592829528201,28.756871596573625,18.5
6.190832382435317,28.845801688672676,18.5
6.568161154669649,28.67694251248843,18.5
6.537880336588612,26.73852498022399,18.5
6.307274344295522,28.36484142138259,18.499999999999996
5.86809629780436,28.280177287889032,18.5
5.025532211953209,27.770150780955092,18.5
4.6197015465410916,27.600884148703592,18.5
5.024829401728299,27.753306522267273,18.500000000000004
4.1253779,27.144007345464466,18.499999999999996
4.769116157846712,27.395842510143172,18.5
5.438670760503443,28.104279158476672,18.499999999999996
4.954771133742994,26.477408717256882,18.500000000000004
4.320580322404958,25.26269296059879,18.5
4.650360773080648,26.776765533817642,18.500000000000004
4.312677422218539,26.51908542070867,18.500000000000007
4.69288117714548,26.89054840356267,18.499999999999996
4.54572293305164,25.265614557395775,18.500000000000004
5.548556864706434,26.69893231639415,18.500000000000004
6.9064715768754965,26.33178868137184,18.500000000000004
5.969461940070166,26.673043114976824,18.5
5.666866511057978,25.45905923300249,18.5
5.874170038475642,25.661566134634086,18.499999999999996
5.642293438367442,24.813145509754165,18.5
4.762051785926507,27.756836052869406,18.499999999999996
4.295235650715079,27.10837620970913,18.5
4.802407995660328,25.999457462291698,18.5
4.317005550521208,24.8688995623651,18.5
4.713687414328866,25.210638932940252,18.5
4.312955791278919,26.015083401744818,18.499999999999996
5.22474702010652,23.207741896509145,18.500000000000004
5.286495436471797,23.737258666345465,18.5
5.340330166510098,23.468156411896995,18.5
4.898178470491485,23.493075292941974,18.500000000000004
5.328317206995378,23.37727040232754,18.5
5.295812979069844,23.762130070181865,18.500000000000004
6.859984974024566,25.374278685682793,18.5
5.91928298979675,25.660823042559457,18.500000000000004
6.627211830052794,25.708661745195855,18.499999999999996
5.676834675613474,23.62472620936078,18.500000000000004
5.999155689098393,23.61574373266441,18.5
6.343292783840326,25.285786769150775,18.5
4.694233314886707,24.59411659735231,18.5
4.483284133627271,23.85399919226786,18.500000000000004
4.318648572258527,23.781249886885117,18.5
4.4935542228458365,25.000731119156928,18.5
4.498349446450461,25.03965415566782,18.5
4.496651655037562,25.545191838503424,18.499999999999996
5.434408010049549,23.75773830405552,18.5
5.587479159876505,23.663957191382345,18.5
6.511500832705648,23.867701788342305,18.5
5.162540144407563,23.656280665491295,18.499999999999996
6.089090591174513,23.96984657282107,18.499999999999996
5.182944721342067,24.031566576784638,18.500000000000004
6.345077658296455,23.998810748181416,18.500000000000004
4.760041362949147,24.183441422579545,18.5
4.770737578231258,24.239194489966327,18.5
5.044683811026735,24.053214862372542,18.5
5.074182143109095,23.579148882933836,18.499999999999996
4.890836713287308,23.798235104319883,18.500000000000004
4.461885978599433,23.907166865702127,18.500000000000004
4.1253779,24.553930761002235,18.5
4.295840741045591,24.191014145860134,18.5
4.294641869550804,23.727017410781073,18.5
4.125377900000001,24.852994015818474,18.5
4.306820459211399,23.868936852499942,18.5
5.3329951468001555,23.36207907529538,18.5
6.036416799364231,23.646070425175438,18.499999999999996
4.923399911511247,23.575208222926666,18.5
5.755319967684295,23.389491430744457,18.5
5.133559820776152,23.673811430643543,18.5
5.135227994217317,23.49332846874567,18.499999999999996
4.9616546606689464,23.95679721985385,18.500000000000004
5.144514378137524,23.785383274092354,18.5
5.432542910929123,23.419081889617082,18.500000000000004
5.511582098862722,23.67909854068816,18.500000000000004
4.938995213462838,23.582762499173967,18.499999999999996
5.473251192420616,23.55179743887627,18.500000000000004
5.409802259034142,23.163821215506072,18.500000000000004
4.843118526510914,23.62083678507318,18.500000000000004
4.6679265041309215,22.867780997818286,18.5
4.848833860391647,23.480449264170776,18.5
4.486418561324394,22.71859125296087,18.5
4.634541301548836,22.928539735193255,18.5
6.923706108345317,20.99184927701505,18.499999999999996
7.673649053491494,21.451538165090803,18.5
6.992923611468352,21.008804504049316,18.499999999999996
7.0188697024388,21.273503731779467,18.5
6.969053062843127,21.08750839617916,18.499999999999996
6.9772958596944274,21.26742076142627,18.499999999999996
7.15167727029439,23.06629717016368,18.500000000000004
7.51785969293949,23.04889033244294,18.5
6.074480317160369,22.04807302388996,18.499999999999996
6.771604129517015,23.213831572356813,18.500000000000004
7.791054794672799,23.22130082202092,18.500000000000004
7.604458248973941,23.07129889652639,18.5
4.320373204219923,21.16431695944421,18.5
4.511298619230654,21.893730259259954,18.500000000000007
4.524022365567376,21.904644480188622,18.5
4.125377899999999,21.16012090154875,18.5
4.513626464751929,22.15274768049114,18.499999999999996
4.712282519208163,22.593822582017065,18.499999999999996
9.427670396932273,22.67639113951975,18.5
8.517550260160396,22.243841424273242,18.5
4.882899025469944,21.235852461370406,18.499999999999993
5.998171315991226,20.891404451931795,18.499999999999996
5.56080679510569,20.63096565707385,18.5
6.488815670186827,21.35855696658229,18.499999999999996
6.110167684177619,21.621760101129187,18.499999999999996
5.827361249652007,22.907252022616454,18.499999999999996
5.667422430244929,22.840247553156747,18.5
6.754825412890202,22.962557959056237,18.5
6.429611224968979,22.1954710666682,18.499999999999996
5.7440519269210695,23.307281112445782,18.499999999999996
4.3328783087700415,21.380304437568086,18.5
4.319183906089636,21.199846245087322,18.5
4.329304640761748,21.951561458695625,18.499999999999996
4.318502834860197,21.173774139189067,18.500000000000004
4.332150925693201,21.92038962577431,18.5
4.323881586274096,20.674584426406554,18.500000000000004
8.292710897268114,22.228099810898314,18.500000000000004
6.047152805317815,20.727277260215025,18.500000000000004
5.623713586663439,20.738410283507815,18.499999999999996
5.576904754435743,20.530470755504858,18.5
5.610352706681082,20.795899980456817,18.5
5.541262772938351,20.78968453839657,18.499999999999996
4.324660726727675,20.028313492530625,18.500000000000004
4.766695943112969,20.833117754123112,18.5
5.460819395472531,21.837383945446945,18.499999999999996
5.451700049501897,21.826355841402048,18.500000000000004
4.1253779,19.391695115450233,18.500000000000004
5.645501080310893,21.818966065539467,18.499999999999996
4.318001274037721,19.965347452565357,18.500000000000004
4.1253779,19.65640061169926,18.5
4.325006438351622,20.324998190266747,18.5
4.1253779,19.577526448081375,18.5
4.1253779,19.58994166821382,18.5
4.743372658212836,20.931920299260707,18.499999999999996
5.355421957819261,20.86557981964203,18.5
5.83379986699646,20.43099789923377,18.500000000000007
4.125377900000001,19.26953107962168,18.5
4.527282123006415,18.822116088918275,18.5
7.340362785894045,21.689328447226995,18.500000000000004
5.411706438953438,20.280890160940405,18.499999999999996
6.077780122518431,19.966912704485885,18.499999999999996
4.774423074212863,19.45100103062141,18.5
4.981455851897024,19.296238736870922,18.499999999999996
4.3375118042754774,19.083322875105818,18.5
5.841273006009466,20.085337369642897,18.499999999999996
5.87987461902831,19.834436147191898,18.499999999999996
9.690216768559193,22.589576636837158,18.5
9.523710954208207,22.16647549516796,18.5
10.061179001917981,22.81739743903494,18.5
9.490958587561783,21.904905947226634,18.499999999999996
10.103310941401634,22.56882590035748,17.816293793891674
10.087730545761163,22.723172010750137,18.166653250622385
6.650648240910086,21.527671830988254,18.5
8.645790526150241,22.761840154942227,18.499999999999996
5.578429273647311,21.0794935693919,18.5
5.8022225328526975,20.71156264145652,18.5
8.217227565239536,22.42314766867846,18.499999999999996
7.966276271518844,23.0220732588034,18.500000000000004
8.332098632320008,21.273878516209436,18.5
7.420578461086109,20.997102291482065,18.499999999999996
5.545518816033381,20.507973868728843,18.5
7.405930990950155,21.327922100425326,18.499999999999996
6.89035853301466,21.140624400133348,18.5
6.046116848199376,20.634070495347565,18.5
10.566941695609472,22.509859439745984,18.153766551968825
10.17130639010429,22.422230706499604,18.5
10.58596128595253,22.76202821272093,18.149776193252862
10.155097233428485,22.086850869005588,18.500000000000004
9.918596838446586,23.162097274943065,17.80952249340716
10.57510990929811,23.33835672064534,18.500000000000004
5.958722908881384,21.255128197912796,18.499999999999996
5.329865694231195,21.00291565980233,18.5
7.096220742129505,22.406700657124176,18.5
6.599048069720217,22.145254814229148,18.5
5.883076334612474,21.228914849525616,18.500000000000004
5.69117453398507,21.205457189897217,18.5
6.566966947723543,21.176923243148124,18.500000000000004
8.984090194626285,23.098013019349207,18.499999999999996
6.48892541140201,21.139848840415546,18.500000000000004
8.482472562882016,22.753381311591696,18.5
8.276177365007335,22.387901721874382,18.500000000000004
8.468035055760916,22.672137052149832,18.500000000000004
9.686825960434932,22.823342640052573,18.499999999999996
9.881843560885928,22.82623371200389,18.160447614542367
9.269759994351334,22.584770396861938,18.5
9.307166838276542,22.260090484947565,18.499999999999996
9.077445485540458,23.089519465343216,18.5
9.709005264713692,23.27839902874497,18.499999999999996
6.209156085488054,23.508698996029906,18.5
6.041244705982096,23.73534302393873,18.500000000000004
7.092229049504268,23.70504293927019,18.5
6.055325137736279,23.57763306040524,18.5
5.714361195272588,23.319771257626975,18.499999999999996
6.658258727212144,23.685104302708144,18.500000000000004
6.541397981053521,23.22167731307355,18.5
5.581513589316958,22.9740641179733,18.500000000000004
5.9861555215983016,23.400214263850124,18.5
5.305783212607861,23.009461894134994,18.5
5.902465982317191,23.616110395160682,18.5
6.304880666575796,23.589867384017587,18.5
8.391656995699519,22.85407205832624,18.499999999999996
8.819045085318939,22.75967726069379,18.499999999999996
9.462521267441833,22.906989300066368,18.5
9.850878678503602,23.011190345495947,17.462770864216886
9.878309473860746,23.00238839703267,17.452622286971884
9.223662002006876,22.845623186084467,18.142276595194417
5.871528962401369,23.29029408995486,18.500000000000004
5.877685197593295,23.853953455479292,18.5
6.94472889498109,23.95418104391418,18.5
6.512616830519055,24.040515480970566,18.500000000000004
5.433941876865019,23.753612100084105,18.5
5.605247132760511,23.567262890684617,18.5
8.4805958666296,23.779877147063488,18.500000000000004
7.900762438202792,23.09893131563868,18.500000000000004
8.73203961932994,23.407070447634204,18.5
8.288897242386593,23.466623382127672,18.5
8.45909555501549,23.494416668126185,18.500000000000004
8.418763191298382,23.536340295469866,18.500000000000004
9.65380046575867,23.4326365947676,17.444206001438687
8.350635633558518,23.296695497111088,18.500000000000004
9.622975377727142,23.956666860022185,17.085233938925192
8.907770879309947,24.253087642390643,18.5
8.806294728370766,23.990031329353634,18.5
8.573584821465117,23.719128088492948,18.5
5.2708067005187145,23.575211669420444,18.5
6.15818747493141,24.540821453756454,18.5
5.645302955158239,25.653484172268723,18.5
6.114843252177188,24.180021521889234,18.5
4.506000267317052,25.587475133976817,18.5
6.13127134401817,25.635809071342265,18.500000000000007
6.325309593433992,24.154465115462834,18.500000000000004
5.444359188298499,24.466720557566056,18.499999999999996
5.620992280205603,24.117948539957954,18.5
6.299136745497317,24.139853560191877,18.500000000000004
5.618497533125956,24.134403783263686,18.5
5.193767110391507,24.367401929991725,18.5
8.695601832065964,23.824082068813258,18.499999999999996
8.971801872761636,23.995184607487086,18.500000000000004
8.384827955121919,23.105938101176424,18.5
8.629743650437582,23.31489280168676,18.499999999999996
7.456422244355346,23.228653944274537,18.500000000000004
8.78508618360279,24.18241438109443,18.5
5.801712150099574,27.953449707388643,18.499999999999993
6.507986650070881,27.807354758111202,18.5
5.8664950091371875,27.72216132586168,18.500000000000004
7.072366027144369,27.01771817433049,18.500000000000004
6.267190438743683,27.497021674209847,18.499999999999993
5.440992610883969,26.018982599960307,18.5
4.76376510780512,26.337953410937498,18.499999999999996
4.995047563553075,25.831304284666963,18.5
5.4575960599359,27.118399804079264,18.5
4.536496348941057,25.82766842532554,18.499999999999996
4.841515762064767,27.49004549789575,18.5
4.734682181523667,26.433766864155906,18.5
8.212024287178464,26.457429752392326,18.500000000000004
9.566980570491657,26.18083926820813,18.500000000000004
8.842528316831544,26.310016653583958,18.5
9.521280337924981,25.749777677775985,18.15600601354241
8.821177199913304,26.41495096228642,18.5
9.447333815462445,24.583066974636825,18.131046636675645
5.707948231023499,28.3048953947659,18.5
5.849858341457043,28.577608384503325,18.499999999999996
5.646003632891654,28.324596407977094,18.5
5.959112360194885,28.36401824578175,18.5
5.459343611753454,28.231168533769846,18.500000000000004
5.639837484255532,28.22512479933483,18.5
6.042498469422411,27.98810052657126,18.499999999999996
5.94095953857276,28.129329653146925,18.500000000000004
6.040238267463705,27.599006302548155,18.5
6.675296635682739,28.23166327995621,18.499999999999996
6.642595722350589,28.16195073310694,18.5
6.173240503759378,28.20495143378412,18.499999999999996
8.13053033080995,26.842621531091012,18.5
8.752159879809989,26.436989726750713,18.499999999999996
9.366389192080884,25.67895554662339,18.499999999999996
8.961140501951714,26.342580239027495,18.5
9.295090004779924,24.572829398421668,18.146314911600992
8.04858638480127,26.724749568410356,18.500000000000004
7.588490426800034,24.67319009136636,11.099999999999998
6.7834973447267455,24.85477052446129,11.099999999999998
5.929759929152883,24.772728724301878,11.099999999999996
7.195206899945701,25.11094901043092,11.099999999999998
6.331776033412615,25.265001159273794,11.100000000000001
6.757850693243742,24.93271520870507,11.100000000000001
5.648695672932469,24.822844235975523,11.100000000000001
5.66663348959465,24.82210277170186,11.099999999999998
6.079608294024066,24.912399633118053,11.100000000000001
5.658787886017163,24.82727220769886,11.1
5.655020471660183,24.8252079650944,11.099999999999998
5.871471513388803,24.911478375133996,11.099999999999998
4.494902634603842,24.48866966713473,11.1
4.125377899999999,23.960442618641743,11.099999999999996
4.690726139560895,24.378963667365884,11.100000000000003
4.892041942609923,24.46108961529116,11.1
4.890270966493954,24.393833816013174,11.099999999999998
4.901412226722481,24.471222043359944,11.1
9.805018247295163,24.659902403296783,11.100000000000001
8.769367093859966,25.54789484599341,14.369873165225785
9.420408402410882,24.38691430954165,11.100000000000001
9.405917907042772,24.472865539548785,11.099999999999998
9.652976166192389,25.002231838667612,12.568560670380576
8.82601284413987,24.28070785368862,11.100000000000001
5.2003835038451305,24.205976361757457,11.1
5.881408831519069,24.56817715299114,11.100000000000001
6.287828962236075,24.495653465091284,11.100000000000001
5.641260065215244,24.304739900417413,11.100000000000001
5.844387446775033,24.469396803369765,11.1
5.637663642091737,24.30416665426668,11.099999999999998
4.5152656246982215,24.151715055340404,11.100000000000001
5.095647974924667,23.98407553732902,11.100000000000001
4.72339564639718,24.461959381647553,11.100000000000001
4.519796075342438,24.148307301229174,11.100000000000001
4.517333979183667,24.222639955877217,11.1
4.531375382916413,24.301621148700505,11.099999999999998
8.516638424625619,24.297870405566613,11.100000000000001
9.114246860136845,24.32547163805697,11.100000000000003
9.55426931504263,24.31861830672869,11.100000000000001
8.692069264019345,24.40193234446352,11.099999999999998
9.716169739195626,24.50155110583956,11.100000000000001
9.71641445196175,24.685749541829534,11.1
4.524086264763476,23.62554581487684,11.099999999999998
5.360066165886488,23.709744110148183,11.099999999999998
5.595044476831253,23.689009115514622,11.099999999999998
5.616728548773588,23.42825626501481,11.099999999999998
5.1546660655943795,23.44846910499437,11.1
4.966939234098898,23.688748733552586,11.100000000000001
6.425687631052734,23.644186909743304,11.100000000000003
5.416738365051391,23.803193009453814,11.1
5.78127729958994,23.634359632454938,11.099999999999998
5.575326432328784,23.470297678670583,11.1
5.543332503273522,23.636192724275137,11.1
5.653317342284567,23.44387779775092,11.099999999999998
7.83037665486769,23.274238452062228,13.967167043522286
9.113334485656036,23.981394969363425,11.1
9.435267452423739,24.353575073977463,11.099999999999998
9.463005114637966,24.338652399661456,11.099999999999998
9.852338896993155,24.17875117029737,11.100000000000001
9.096809047951293,24.06449569061987,11.763947454194238
5.172225813844596,23.516042552092557,11.100000000000001
5.391386819963799,23.352515674379468,11.100000000000001
6.488384915965262,23.36013137686478,11.100000000000001
7.146943978113276,22.989357443438713,11.1
6.323236887534765,23.07101320148265,11.1
6.055208809715458,23.16943038645024,11.100000000000001
4.527889243292385,23.463832296338886,11.099999999999998
4.7104434342793855,23.39091753084194,11.099999999999998
5.354025033154029,23.462346500155242,11.1
5.350592034485486,23.535090656615726,11.100000000000001
4.501967747535512,23.3125598083301,11.1
4.1253779,23.464412530665488,11.100000000000001
10.017659219579691,23.49991491015685,11.100000000000001
10.204318671661465,23.430958220297278,11.1
9.080306991856881,23.00803784858646,11.44420338095392
9.451535098414043,22.906138933667393,11.1
9.538677758907493,23.34957018097904,11.100000000000003
9.07273784335716,23.619549580431297,11.100000000000001
7.9191736881302095,22.247947239064292,11.099999999999998
8.737168600332067,22.488271644098297,11.099999999999998
8.313219824836187,22.332184889347612,11.100000000000001
8.306071930092173,22.49008044237008,11.1
8.34089082119411,22.326660835908918,11.1
8.295426527644912,22.33191500153628,11.100000000000001
6.717740202846917,22.355743901912643,11.099999999999998
7.910749639402403,22.327416473388276,11.1
7.906577593250983,22.165371713513018,11.100000000000001
7.901630696569881,22.252235248739265,11.100000000000001
7.917357741940743,22.33426924955843,11.1
7.889753371640153,22.157928866181038,11.100000000000001
9.34135640375416,21.53600352182398,11.100000000000001
8.066718427772821,21.96424530169147,11.100000000000001
9.543854007376776,22.371694644603586,11.100000000000003
9.598305646000417,22.208966551620097,11.438108144775512
9.979478710677508,21.96158026213147,11.1
8.931501339869659,22.46342087336946,11.099999999999998
8.112944822050844,21.78682141615824,11.100000000000001
7.826467912778042,22.32049881729984,11.100000000000001
8.029595085749424,22.335436782142853,11.099999999999998
8.03788609301762,22.3386569815864,11.1
7.96113219711896,22.339313281383614,11.099999999999998
7.964974493968937,22.338906523046916,11.100000000000001
7.828371796770074,22.515531135934364,11.100000000000001
7.893916519077065,21.874450706381634,11.099999999999998
7.881506493692525,22.308998961348916,11.099999999999998
7.9613089390238345,22.334113209167953,11.099999999999998
7.922565925541315,22.331543943798533,11.1
7.925803710706994,22.148999050521997,11.099999999999998
9.924359871372847,21.08343793816657,11.1
9.642157840193468,21.252532044731577,11.099999999999998
9.44827995884564,21.34774210438208,11.100000000000001
10.11549141697112,21.434533655243154,11.100000000000001
9.69402503110072,21.260129165070587,11.100000000000001
9.687179020945994,21.43288998535126,11.100000000000001
8.095570302322237,21.878467139596935,11.100000000000003
7.891636388743359,21.79742172464926,11.099999999999998
7.89100012246609,22.05410893542297,11.1
8.104239221043297,21.885897643519506,11.100000000000001
7.904890211291703,22.058663179121602,11.1
7.899169749926013,22.30714188016124,11.099999999999998
7.087277656180341,22.030314392339708,11.1
7.292753947177188,21.683226758505743,11.099999999999998
7.88111020929483,21.952964326042025,11.1
7.678379900367775,21.69593267518259,11.100000000000001
7.926367500043065,21.781703189318637,11.099999999999998
7.930100690205009,21.79612765258051,11.100000000000003
10.694655758990761,20.28699596974175,11.1
11.15829117298025,19.927862524612085,11.099999999999998
10.951456066924017,20.023909657669055,11.100000000000001
10.714480853700902,20.102951526354424,11.100000000000001
10.323283429268328,19.934800461788598,11.100000000000001
10.513910569707994,20.013005093859448,11.099999999999998
9.863123725143407,19.83685757025406,11.1
9.657243988605606,20.007972363183086,11.100000000000003
9.625870660616263,20.009640415324363,11.1
9.4276745764502,19.923329171396468,11.100000000000001
9.653517390409796,19.832703089721555,11.100000000000001
9.642732743031154,19.835741558241875,11.100000000000001
9.1970679113201,21.166000273746064,11.099999999999998
8.762082463603116,20.965907425662024,11.1
9.964443163020324,20.887875696244684,11.099999999999998
8.46141223445999,21.14384705896048,11.099999999999998
9.169680877834033,21.238083952226305,11.1
9.394056819383938,20.962828387934618,11.1
9.855744136037744,20.531087920956725,11.1
9.031468365310726,20.355098734778696,11.099999999999998
8.587812614610238,20.271667326980868,11.100000000000001
8.26170057950045,20.710233146399617,11.100000000000003
8.555007597738294,20.53754692500056,11.1
8.108493059883322,20.53481137138293,11.099999999999998
11.152266879874526,19.680012351916314,11.1
11.374119189551037,20.01144872206385,11.099999999999998
10.941876615300721,20.103471553142825,11.099999999999998
11.352070955110586,20.271463371380925,11.099999999999996
11.343759349009341,20.025223282093652,11.1
11.323934944437015,20.37457876138194,11.100000000000001
12.700237291238308,20.14510193978506,11.099999999999998
11.818420276475305,19.894666879059766,11.100000000000001
12.273424381727663,19.866599020645406,11.100000000000001
12.265928451316196,19.433152376906975,11.1
12.040734885551537,20.052824116700602,11.099999999999998
12.26382547894577,19.425426505863175,11.1
7.695017922650227,21.943085695817345,11.100000000000001
7.799827080257521,20.96945234129197,11.1
7.232591910255327,21.331837469433907,11.099999999999998
7.410547185178076,21.342918857715755,11.100000000000001
8.281894419869637,21.161179743789408,11.100000000000001
7.45740188927793,21.338498208537878,11.1
10.512443054721192,20.82517887695415,11.1
11.556723005641919,20.728001429003136,11.099999999999998
10.540654339909677,20.819444013503464,11.099999999999998
10.316621253067247,21.006124679109874,11.099999999999998
10.072838683226742,20.830438020155626,11.1
10.325306279930492,20.925742335872016,11.100000000000001
12.48905632605998,21.288123091981173,11.100000000000001
12.255112506149212,21.500423224088486,11.1
11.827308105826253,20.426303923685722,11.1
11.602205165855107,21.29445871622188,11.1
12.482772962697286,21.038576734502996,11.1
11.813769536844738,21.148257331956152,11.1
7.446365675831277,22.76686995523657,11.099999999999998
8.31858723828366,21.343899076848487,11.1
8.404072055857188,21.967507296899072,11.1
8.374081710590971,21.790301352589236,11.1
8.388381973779245,21.707183538501603,11.100000000000001
8.211051448298118,21.70356303552112,11.100000000000001
10.554244383756053,21.858823988604968,11.1
9.466322819740025,21.611683496961227,11.099999999999998
9.70984035048751,21.71025737170166,11.099999999999998
8.658886879804939,21.870182130343927,11.099999999999998
10.336932806541325,21.166595906912132,11.099999999999996
9.731730019937254,21.697306590582283,11.100000000000001
10.145579547790042,21.089991597112824,11.099999999999996
11.407397366248007,20.740661483438686,11.099999999999998
11.412381941521168,21.340660576233535,11.1
11.635096732988654,21.058604864932224,11.100000000000001
12.057975630467544,20.985533021142395,11.100000000000001
12.269184042284756,20.899457970352014,11.1
7.906283697995766,22.69976762762633,11.100000000000001
8.353305135878342,23.122431855166667,11.099999999999998
7.974087708404257,22.868983962902828,11.1
8.340442682486685,23.043152943831927,11.1
8.220233787456012,22.70023457493264,11.100000000000001
7.9423091103501315,23.12267471302816,11.099999999999998
10.436986018826445,23.277544848263727,11.100000000000001
10.794416924337094,22.31786219449357,11.099999999999998
9.96321577611248,22.98948187670217,11.1
10.18446549188005,22.910261685951493,11.100000000000001
10.011572856378972,22.312815961559625,11.099999999999998
10.166876936087636,22.921865554558224,11.1
11.805910609493768,22.57620068368302,11.100000000000003
12.26772186210954,23.40656586563156,11.464716682911792
11.57348317088934,23.224235004119105,12.586404622595644
11.155319510260178,22.8393786319417,12.940835091508834
11.834700072373426,23.13150061235483,12.181902403784177
12.90445788,22.41060779252755,11.1
4.1253779,23.50345360028536,11.1
7.242612349543815,23.1920797312699,11.100000000000003
7.461394836596393,23.234056951614754,11.100000000000001
7.440802187734168,23.238044368407582,11.1
8.039121357266122,23.437558398057845,11.100000000000001
7.883384180917891,22.8952186386008,11.1
9.211700405995465,23.225545682051614,11.099999999999998
9.549900934692818,24.046028633215617,11.099999999999998
9.54327911360117,23.769248560206215,11.1
9.177566568650521,23.761642803194217,11.1
9.084610537778305,23.470690874986026,11.099999999999998
9.228325833420236,23.904436270227958,11.099999999999998
10.219560971947601,23.678507880951386,14.087679722383273
9.975354261888526,23.672093392552124,15.945583698365997
8.48632174035566,24.459881932297908,16.277841094889094
11.338410078707426,23.329381395429735,12.949690522078868
9.142495332175432,24.440256806754256,17.782595811670397
9.207637839846232,23.600736614596574,16.38708650979671
4.531397193821618,23.778735214390252,11.1
7.472168705320248,23.22500317840592,11.100000000000001
7.419040769328767,23.15104874264693,11.100000000000001
7.600217034146603,23.15896455645104,11.099999999999998
7.44644636749708,23.142568000980333,11.100000000000001
6.940543143597033,23.068970266738713,11.1
9.295819647654929,24.05960596899262,11.099999999999996
9.32602792449591,23.88446066950644,11.100000000000001
8.676027372886999,23.979123666966736,12.511125134701375
8.871208191455668,24.160199803908615,11.786727007134031
9.314192108565134,23.976364442389894,11.099999999999996
9.31068059599419,24.243989288363213,11.100000000000001
10.756598509680455,24.207846909526243,14.360251168508203
9.778648155350302,24.650611233135198,15.90714597390382
9.746918458752303,24.300081154744632,16.277818026625827
8.75187865791398,23.860706143989386,16.57965641840145
9.555648874689636,24.561294119141518,16.65606215084215
10.942069504960465,23.1509775549577,13.264685805682625
5.0009305627112015,25.09012549328854,11.099999999999998
5.228056784118685,25.18453111111774,11.099999999999998
6.31831317085304,24.920063897958684,11.099999999999998
6.747528087050006,25.717438677022564,11.099999999999998
6.104905931042018,24.833307717935206,11.1
5.876461845843785,25.01548268966204,11.1
5.834748264853315,24.572370983818974,11.1
8.683852408636085,24.77269186324891,11.1
8.904681088832024,24.856521414112212,11.1
8.692371171729405,25.038469354249383,11.100000000000001
9.394053579749825,24.47209551275198,11.100000000000001
8.758538552136837,24.02001403591803,11.099999999999998
11.216585762170425,25.121949965630137,14.616484151183922
10.911515890233368,24.716772013628947,11.1
10.793125217326661,25.380941803997565,13.55720407624346
10.970143161546693,24.70927753215931,11.100000000000001
11.403126840937377,24.954635315379374,11.792758103748719
10.969889877283487,24.70358493833242,11.1
4.962226228258821,24.811381534876144,11.100000000000001
5.829981714783534,24.327418521003832,11.099999999999998
5.636158620804864,24.731005275052954,11.1
5.406532529631593,24.557306453424353,11.099999999999998
4.982775986586938,24.563266778886213,11.1
5.178981175186419,24.556418978949797,11.1
4.753441997836829,24.818005319889867,11.100000000000001
9.50137259767423,25.898213615341355,11.099999999999998
8.045700757533089,26.237762433887212,11.100000000000001
8.958255955460398,25.292324663379148,11.1
8.35114684743801,24.933390569061494,11.1
8.508228047081605,24.75353421846251,11.099999999999998
9.857788243962332,24.57508110057401,11.099999999999998
10.281036010488759,25.21532140476368,15.866543682775642
11.189158705384138,25.534841436766023,13.63564867867396
9.610797514181742,25.755587616569635,17.01430709031043
9.484254114385648,26.09313277650213,16.948225791557388
9.896432194612535,26.183318045491518,16.589276660291183
5.329544243260551,27.646841462567906,18.5
6.123739434428575,28.101028785300944,18.5
7.194947857260155,28.164435797553384,18.499999999999996
7.926189650238917,27.682022715554936,18.5
7.442377398811173,27.785840627337503,18.5
7.937020345094615,27.77432961755554,18.499999999999996
6.291750777538894,27.424618320351062,18.499999999999996
6.073849247967208,27.25801359824214,18.5
6.306432580153488,28.845983747538455,18.5
6.236485027686441,27.58223630632554,18.5
6.2379534929675255,27.347017099264935,18.500000000000004
5.822973750669119,28.335370848171955,18.5
5.741728546024227,26.34369621996353,18.5
5.577567849381773,26.84400221982287,18.5
5.311684119813656,26.769630299697585,18.5
5.527544342625496,26.86780554909797,18.500000000000004
6.419041920060503,27.512787985105525,18.500000000000007
5.73602389340573,28.287944842524237,18.500000000000004
5.220323086763473,25.265328955260408,18.499999999999996
6.755038542858587,27.31146242292406,18.499999999999996
5.003781349260378,24.994935581016932,18.5
5.603537730746236,24.731538959672076,18.500000000000004
5.642581630543968,24.5353715708834,18.5
6.458833302546657,24.10101649222267,18.5
5.3515562679414685,27.18920723841712,18.499999999999996
5.345835585359024,27.41540688372882,18.499999999999996
5.321516576590415,27.67342889235878,18.499999999999996
5.589152596186039,27.440019976739546,18.5
5.5756161035651015,26.996604111060915,18.500000000000004
5.5692222989693345,27.328575061194684,18.5
5.316796946295371,27.819585847440436,18.5
5.294630245177841,28.017819573669644,18.500000000000004
5.2507039025030675,28.059953009531586,18.500000000000004
5.393924871780783,28.101988000239544,18.500000000000004
5.239668519069696,27.75530650449338,18.499999999999996
5.259728404743443,27.85072485416247,18.499999999999996
6.950725876492466,23.960132114939327,18.5
6.08078268843752,24.046707345602723,18.5
5.879124753102053,23.678787205487737,18.5
6.244670019725433,23.96380412933069,18.5
6.659222901689302,23.871194083179912,18.500000000000004
6.683171520064983,23.796042659173814,18.500000000000004
4.959273216462737,24.350376047752015,18.500000000000004
5.185672390136739,26.568310862379562,18.5
5.311701024173843,27.060640833188046,18.499999999999996
5.60048261928844,25.767626698908444,18.499999999999993
5.147099495829149,26.906369311310453,18.5
4.896137189671172,25.109734120311117,18.499999999999996
5.241117929340401,24.986228414360745,18.5
5.458229922051619,25.70305762783263,18.500000000000004
5.444065203534473,25.6877225897349,18.500000000000004
5.83050319927221,25.598347350549588,18.5
4.948370513645799,24.321159357958848,18.499999999999996
5.3919982258486705,25.84699172733194,18.5
8.246466062791661,23.85938757862948,18.5
6.297891245526217,23.765609215934138,18.499999999999996
8.410624484636344,23.512804852720834,18.5
8.461648766126554,23.507426416945428,18.5
6.933242099974433,23.4637738905545,18.499999999999996
8.409876381507555,23.609119872878413,18.5
5.127611580059829,23.986814197920104,18.499999999999996
4.9376892438881415,24.485257552325265,18.499999999999996
4.738415949581704,24.70580779248963,18.499999999999993
4.510412010829084,24.909463222244757,18.5
4.681556095726108,25.142232675612142,18.499999999999996
4.725064685013618,24.477201580977923,18.5
4.737732281141737,23.758954703800693,18.500000000000004
4.946454330087782,23.72075860801025,18.5
5.508951258634522,23.588665980326653,18.499999999999996
5.132064654633247,23.525911461862666,18.499999999999996
4.987262907413706,23.988997702126653,18.500000000000007
4.62414833370558,23.05943559228114,18.5
9.191403708045671,23.337826471138385,18.5
6.5487583240165295,23.104201423515256,18.5
6.956924533400674,22.95094330042007,18.5
8.491518427040159,23.342030837034862,18.500000000000004
8.091469020220199,23.22299067227822,18.499999999999996
7.638184687718071,23.26862694581347,18.500000000000004
5.95493099436664,23.4933113093461,18.5
5.535927708482627,23.452561453517678,18.5
5.739520091627563,23.527506418559692,18.5
5.975155290715936,23.41662148279145,18.500000000000004
5.530323109750877,23.50933086028824,18.500000000000004
6.227521358783316,23.57049877802552,18.5
5.246701534350247,23.47143446625925,18.500000000000004
5.226678338995553,23.40570472185269,18.499999999999996
5.2204403140568045,23.39729562950343,18.5
4.647564239240902,23.66065125949404,18.5
4.885806347047284,23.649480324133954,18.5
4.697187527487703,23.6543288379579,18.5
7.661965242026352,22.161944947062388,18.5
8.25683061605998,21.50923443114443,18.499999999999996
6.027185782591959,20.796360132397496,18.5
8.83145974770726,22.13855408864104,18.5
9.005763577655049,22.39014487384356,18.5
9.05076782268942,22.332713941831877,18.500000000000007
8.888419197840877,22.49392878591867,18.5
5.55877924345517,21.463578901126198,18.5
5.559205094091456,21.604209679418542,18.5
5.952069292211247,21.99746990788808,18.500000000000004
5.499199849362079,21.273561971252377,18.500000000000004
5.895792773814303,21.61278701993036,18.5
4.535608350635931,22.169563506053265,18.5
5.098970551978863,21.138752664754055,18.5
5.331916364888558,21.41601904504592,18.499999999999996
5.547274060341975,21.83817250677101,18.500000000000004
4.8803751247742495,21.028803421875097,18.5
4.956879979921908,21.13204821336771,18.5
7.408435262535599,21.264616280052106,18.500000000000004
6.8976482395884595,21.336417378904095,18.5
9.899620999384053,22.504590409208827,18.5
7.5024547148752845,21.477931695906115,18.500000000000004
8.613657651372073,22.083538007669908,18.5
7.694000372722301,21.480656295792986,18.499999999999996
6.466719086230681,21.43026316424984,18.499999999999996
4.982169163984874,21.577503802304108,18.5
4.330031777025104,21.34020327533757,18.500000000000004
4.971233633723351,21.63757925177686,18.500000000000004
4.1253779,20.65517628311399,18.5
4.530984321148638,20.68865960379771,18.5
5.417648053730531,21.665399873171687,18.500000000000004
4.9437306477926874,21.04014419021919,18.5
4.744885245859608,20.795881518865187,18.499999999999996
5.420031928585264,21.7614098104333,18.500000000000004
4.969372600911686,21.05829208305459,18.499999999999996
5.816291476099642,21.76044438029783,18.499999999999996
6.027829040499951,20.81025285276575,18.5
6.032732287029666,20.775819019946624,18.500000000000004
6.001121812035328,20.78525507764384,18.499999999999996
5.609487026230726,20.271086579691445,18.499999999999996
7.583885407237063,21.867879351215308,18.5
5.575134801735894,20.528524209278487,18.5
4.1253779,19.294628226086832,18.499999999999996
4.5563577921179546,20.221911213439828,18.5
4.548096808333967,20.091521129070696,18.500000000000004
4.765292204742861,20.56207658099663,18.500000000000004
4.548544602079497,19.837623912849615,18.500000000000004
4.548099318987095,20.27924103747996,18.5
4.52158127350619,20.316122555487052,18.5
4.3206092746989615,20.01316388842075,18.5
4.52502008040747,20.591198448451415,18.5
4.323963507094076,20.007468429553132,18.5
4.125377900000001,19.38082659590453,18.500000000000004
4.1253779,19.65564831714787,18.499999999999996
7.122969675236551,21.49060895034304,18.5
6.925360083482699,22.380940348191977,18.5
6.269962289582233,22.131470277371307,18.500000000000004
6.95702844125531,21.975199150540824,18.5
6.264305095878444,20.01486373190073,18.5
6.961568080862723,22.31910190596702,18.5
5.633421604465121,19.951077599277053,18.5
5.672014843324271,19.375619315417214,18.5
6.06771091287445,19.811823955112185,18.499999999999996
6.875106077622232,21.182563383954445,18.500000000000004
6.12005893838594,20.63917779906114,18.5
6.548497144442622,20.902078725369424,18.500000000000004
8.858306869390296,21.303256619346403,18.5
9.278279557148073,21.5651347200628,18.499999999999996
9.244926277832407,21.03806621785345,18.5
9.263726644360325,21.81748263891469,18.5
9.261782609954755,21.559355247782204,18.499999999999993
10.348903509594052,23.441705745991147,18.500000000000004
6.684068716424699,22.398993663080546,18.5
6.255555479703819,22.247334798347197,18.5
6.269640483353514,22.140602804215096,18.500000000000004
5.396946482253364,20.91474477346823,18.500000000000004
5.840808945543062,21.44252598612845,18.5
5.604107237786257,21.19058380409293,18.499999999999996
6.075819075243035,20.075450478522225,18.499999999999996
6.980841688199978,21.077688783537667,18.500000000000007
8.001248776743264,22.747809849100186,18.5
8.91686322519644,22.328280047705512,18.499999999999996
8.737961373694477,22.58999947320173,18.5
6.1193223136086745,20.745839926030637,18.500000000000004
9.896642624106963,21.559872816275917,18.5
9.460764671235959,21.550144996877243,18.499999999999996
9.678043167228541,22.0652944809232,18.15083247919696
9.490260107347755,21.56904318133516,18.500000000000004
9.487130030404652,21.992379586388946,18.499999999999996
9.907392537673154,22.490806353133937,18.5
6.463486286998588,22.779445852958066,18.5
6.883624738742011,22.94346201950885,18.5
7.095399419164268,22.94415518900901,18.5
8.172440671250984,23.12466670080712,18.5
7.941838090888495,23.047559187045383,18.5
6.255483451595202,22.675725359024973,18.499999999999996
6.911271307571579,22.577796333342008,18.499999999999996
8.129789350599477,22.96783282361063,18.499999999999996
8.832788220475535,22.23829208236582,18.5
7.580017254189022,22.347491011960997,18.499999999999996
9.201466352522777,23.411271733335887,18.5
9.091025215026228,23.161837617887794,18.499999999999996
10.097389781095643,22.63998526909164,18.5
9.840063228374287,22.491995261151484,17.784909442316135
10.259348349342792,22.314481138847917,17.797618877065876
10.086691622218007,22.5737328118297,18.5
10.071256208795566,22.236252365009225,18.15744032995587
9.92008395585004,21.989189466600187,18.5
8.003161004149552,23.56908209521586,18.5
8.224350107038767,23.31955346143634,18.5
8.02078395215604,23.498612934587563,18.5
7.824211437673233,23.147500539506566,18.5
7.588464609666496,23.143653376768714,18.5
8.398877234554343,23.5008969874771,18.5
8.580640167374534,22.41302301089061,18.5
8.133096874311438,22.306502557192804,18.5
7.6284459705227885,21.697873584322586,18.5
6.997809094713165,20.993899234385598,18.500000000000004
8.949576857471662,23.031854010080444,18.500000000000004
9.223003433542333,23.16018774087025,18.500000000000007
10.962292547920729,23.453311005897966,16.33597795159922
11.177282458706287,23.496167207236535,14.779875708692423
10.949660966621558,23.79941127465454,15.954599099476901
10.531120537391446,23.720627640147708,16.33784775938264
11.593303408609554,22.959679113133863,14.836689676705499
10.524726424796867,22.75804609766765,16.704918753333814
8.047401485205956,23.686282324235474,18.5
8.11699458407563,23.315642776516757,18.499999999999996
7.980669744893888,23.493189504838263,18.499999999999993
8.137101254550043,23.321818393124403,18.499999999999993
8.15833841506859,23.325807977265175,18.5
8.208061841185701,23.310406832111735,18.5
8.12974797754224,23.52498985791572,18.5
8.769419025600998,24.09007353771628,18.5
8.957154835879905,23.59070045322414,18.5
9.269639405279849,23.684847363397125,18.5
9.353434187147501,23.613401434415408,18.5
8.927104820681881,23.531871938337172,18.5
9.892300781135273,23.461039833687877,17.060526208992044
9.45712259560589,23.813995885651327,18.132203350665172
10.508116154977444,23.99815784300304,16.672263660104033
10.123471079318591,23.63703194883486,17.769558049845504
9.423142524739008,23.737684532467043,17.041907789363528
11.815899317070766,23.84736571036841,15.152291799741903
7.829936155826631,25.905313306503533,18.499999999999996
7.833107225233183,25.52926737285318,18.5
7.478589198978377,25.065497383036263,18.5
7.388120319275561,24.943674805382685,18.499999999999996
6.813053124466256,25.066201325657975,18.5
8.214074576868432,25.572737281883633,18.5
7.430957810875414,24.260990489801458,18.5
8.069512309283473,24.9636394227485,18.5
6.557884375229981,24.259924986993965,18.5
6.311590860641367,25.723164547980584,18.5
6.088014376149527,23.975845922995774,18.5
6.955318388429616,24.917384717277272,18.5
11.583288532980394,24.826345522182034,16.624215749216347
10.48318930124755,24.356772399792444,16.643434425511057
10.033710177895648,25.031853933770776,18.5
9.38010139387426,25.201729998659594,18.14225435234879
9.885248286844815,24.253692012913465,17.780247756803234
10.914548150785453,24.92781560968414,16.66626632111376
6.7354246474291966,27.710381778403114,18.5
6.57342696849881,28.744323430755024,18.5
6.653475322367145,28.42752155467216,18.5
7.128014149415272,26.923021157142283,18.500000000000004
6.5953910183465645,28.132508093682326,18.5
6.493238525300401,27.779682093185446,18.5
8.52379880500613,27.31954904007259,18.5
7.548989702426106,27.074068116267767,18.5
8.062322446823071,27.325864936893417,18.5
8.659068392497002,27.3280467719929,18.5
8.430574102592225,27.418919859529282,18.5
9.540025085658645,27.67323103770269,18.5
10.38379260525727,27.10687979841642,18.499999999999996
9.572293407417716,25.28562414186336,18.1391135443936
9.503005832072134,27.23005457218253,18.5
10.038393974424974,25.84845741478365,18.121046115716055
8.76383907200707,25.74789414136251,18.5
9.120149924530004,27.06793000520569,18.50000000000001
6.058486941578985,28.949728470955794,18.5
6.893130518396864,27.750006374482474,18.5
6.544142161902641,28.758377289638233,18.5
6.275375433306173,28.749608505184156,18.5
6.5993556508563636,28.779321199936938,18.5
6.068361678972663,28.17667314162365,18.5
6.170745749162644,27.00454980047637,18.500000000000004
6.892613669674271,26.493508351698125,18.499999999999996
4.762829339246455,25.29382127232472,18.499999999999996
7.8155047057510165,27.939992156679477,18.5
8.46052824416058,28.034062564115306,18.499999999999996
7.298232037741505,28.22131433538735,18.5
6.353229743267863,27.673928069720986,18.499999999999996
10.013972674827343,27.52484205183058,18.499999999999996
9.793434475424775,27.42815686744891,18.500000000000004
8.47888598839802,26.707037442344696,18.499999999999996
9.099906455669526,25.12987036121507,18.15195801633211
9.370010758897173,27.168235808546864,18.499999999999996
6.546530858442405,25.017353282845882,11.100000000000001
5.651930518374014,24.75043852449882,11.1
6.344759602942977,24.77943249741535,11.099999999999998
6.555066707040696,24.85071984774868,11.099999999999998
5.933995909602696,24.936095959943906,11.1
5.669844471273273,24.840547170419264,11.099999999999998
4.937849644760091,24.73454920731107,11.100000000000001
4.926128199344772,24.73359664787875,11.1
5.144013760195874,24.653707633245787,11.100000000000001
4.947654654956791,24.654562197182216,11.099999999999998
5.151297326881087,24.567153389360552,11.099999999999996
4.953327880301565,24.640821429184673,11.099999999999998
4.484607626660823,24.06023669714644,11.100000000000001
4.4934700168076676,24.793858749222306,11.100000000000001
4.502738145812948,24.050807956180975,11.1
4.51225304929113,25.0614454264451,11.1
4.1253779,24.19044267952723,11.1
4.490422802713822,24.261812757422533,11.099999999999996
9.433363401016226,24.66603619138227,11.100000000000001
5.773261942267811,24.55388188177946,11.100000000000001
5.335991777732663,24.045466689183982,11.1
4.9681022350211785,24.366222616731346,11.099999999999998
5.831148293749481,24.31083170510025,11.100000000000001
6.48627871698364,24.410350204679933,11.099999999999998
5.207828807190735,24.210932358865918,11.099999999999998
5.198007544595776,24.39350853410272,11.100000000000001
5.408692834495763,24.647896627589017,11.099999999999998
5.408902761712433,24.648533513799325,11.099999999999998
5.165551274105637,24.556734794036807,11.100000000000001
5.428146210498554,24.554827516974406,11.1
4.1253779,23.786612424101843,11.099999999999996
4.125377899999999,24.128213273817707,11.099999999999998
4.1253779,23.99428918013948,11.1
4.125377900000001,24.138212924902863,11.1
4.125377899999999,23.855272934350673,11.099999999999996
4.125377899999999,23.843222919347898,11.1
9.308141692412402,24.51498402206666,11.100000000000001
5.8604416106174035,24.486668523870357,11.099999999999998
7.3405917238450105,23.617329545631637,11.100000000000001
7.826854502033422,23.441727683383977,11.100000000000001
8.203797312487891,23.805370283520183,11.099999999999998
8.456954634282926,23.79796339493687,11.099999999999998
4.935799424503973,24.641311303644027,11.099999999999998
4.965215738114429,24.551480922416967,11.100000000000001
4.545222890354107,24.389358518775758,11.100000000000001
6.466214432958806,24.50072803219221,11.100000000000001
4.953719131395249,24.55265617857427,11.099999999999998
5.172926817739064,24.39630288846068,11.099999999999996
4.3064790529097605,24.197354094039817,11.1
4.477969027787624,23.921664101107854,11.099999999999998
4.461031725843254,24.017008705833817,11.099999999999998
4.468363577452794,24.076421133833644,11.099999999999996
4.475525026955433,23.928006722073842,11.099999999999998
4.461015179030119,23.760867935742148,11.099999999999998
8.83568585305428,23.144844813206177,11.099999999999998
8.980145336942059,23.12052358215059,11.100000000000001
9.243401935614632,23.035593682588058,11.1
8.853896188641196,22.771010137196154,11.1
8.796910643969037,23.150846946088254,11.100000000000001
9.2725910501737,23.046213867635416,11.099999999999998
7.168599849883813,23.095210427650407,11.1
4.761556027820175,24.123253809410503,11.099999999999998
4.331695533952418,23.944755546395765,11.099999999999996
7.426877188919764,23.318133163575247,11.1
5.8643368989639475,23.426210356605676,11.099999999999998
5.4315036167452835,23.773233695491,11.1
4.1253779,23.577723054375717,11.099999999999998
4.125377899999999,23.54361470403906,11.099999999999998
4.1253779,23.737092629835804,11.1
4.1253779,23.63084997273577,11.1
4.1253779,23.60160183458401,11.1
4.1253779,23.537251901797315,11.100000000000003
8.869992401620284,22.764694432157075,11.100000000000001
8.02694652285773,22.496439463509677,11.1
7.581853138485126,22.89043313085756,11.1
7.446335532847664,22.610635847577026,11.1
8.402333907385652,23.147390486380914,11.1
8.604988864907753,23.305597610018175,11.1
7.917232696553542,22.243761229329074,11.1
6.559588208032666,23.116469706553147,11.1
7.458899900297273,23.20184534652297,11.1
6.5610535064215245,23.122056335545704,11.1
5.70116068183077,23.12890796533584,11.099999999999998
5.254998208324993,23.20870945023812,11.099999999999998
4.922350007159117,23.440275033837228,11.100000000000001
4.500799104639759,23.23531937242304,11.1
4.125377899999999,23.41247936453918,11.1
4.125377899999999,23.38608471850421,11.1
4.314029108557566,23.2287305108964,11.100000000000001
5.323519952884087,22.78848580139629,11.099999999999998
8.597552873925085,21.70504523651708,11.1
8.135656718233163,21.88262944570982,11.1
7.953669483017405,22.1374441311454,11.100000000000001
8.581895968962943,21.702064101700323,11.1
7.956455203944967,22.04941463627826,11.099999999999998
8.781768379884687,21.886730623502423,11.100000000000001
7.996711397170978,22.340204343023963,11.099999999999998
7.911878462566112,22.412680856083664,11.100000000000001
7.922388326214575,22.50152092093712,11.100000000000001
7.908149832029817,22.502328274710962,11.099999999999998
7.902131304434343,22.761318418668267,11.100000000000001
7.945562272377935,22.411513660860976,11.100000000000001
4.512578008581529,22.78249026908984,11.100000000000001
4.902889762490323,23.074786165662527,11.1
5.1338054268852416,22.824919273074773,11.1
5.325186066107358,22.880235775281236,11.100000000000001
5.139690106220214,22.817623322075356,11.1
4.705808229958803,23.080984660757828,11.1
9.661552591103007,20.981314553023207,11.100000000000001
10.283591244558895,20.890446986778358,11.099999999999998
9.662088770446385,21.074063193364044,11.1
10.302504700815074,20.906119244308762,11.100000000000001
10.483617708107854,20.897444277361597,11.099999999999998
9.423700254316536,20.996587963711704,11.099999999999998
7.483833953993858,21.69114002445945,11.1
8.139136999571717,21.887220621049995,11.099999999999998
8.145818491994154,22.143405399416917,11.100000000000001
8.154077245859536,22.15051541581473,11.100000000000001
8.345227720746587,22.143813649961842,11.099999999999998
8.10824636720562,21.891111960494346,11.099999999999998
4.943995113615738,22.614114094965743,11.100000000000001
5.883335803478867,22.50532355829443,11.1
6.529572898774018,22.235233726297963,11.100000000000005
6.963775514707206,22.327800495742462,11.099999999999998
5.83929033591963,22.426000266004245,11.1
6.7508266107857615,22.039847138479775,11.1
9.13905066465616,20.356032609746315,11.099999999999998
9.61597444513992,20.26627369380783,11.100000000000001
8.920416893413858,20.52641785846035,11.1
9.203099027170467,20.438331846897114,11.099999999999998
9.633942049080359,20.359030847279225,11.099999999999998
8.919275599989584,20.52559623652136,11.1
7.650915703395191,20.542094762294994,11.100000000000001
8.33310945837115,20.17776546171391,11.099999999999998
7.8413040709255295,21.07135293266113,11.1
7.907302028661221,20.353905582065224,11.100000000000001
7.19524426975197,20.270682733469794,11.100000000000001
8.991902783202772,20.357509001945743,11.100000000000001
7.76388882175384,21.4956667978363,11.1
5.172047811167059,22.385294307123267,11.1
6.267569580955624,22.02982020533275,11.100000000000001
4.732234340106595,22.39126372835298,11.100000000000001
8.240450259482504,21.326244951437186,11.100000000000001
6.26667678644014,21.931605606556815,11.099999999999998
8.971790505883241,20.267869559444414,11.099999999999996
8.4886727811786,20.531486931271722,11.099999999999998
8.691179877222444,20.354605268424805,11.099999999999998
8.094784773953487,20.090768649460053,11.100000000000003
8.303472278451514,20.61877654074548,11.099999999999998
8.569002502720357,19.8347051137972,11.100000000000003
10.475608892640867,19.573163081201336,11.099999999999998
10.051454597195859,19.744057839880774,11.1
10.055140483251746,19.750553553050345,11.1
9.641379938944555,19.919966281162317,11.1
9.639301309705235,20.091491522823766,11.099999999999998
9.844944953401857,20.007871464514576,11.100000000000001
11.578076062631762,20.177532653819448,11.1
11.778762138093198,20.45151660236672,11.1
11.351095814647438,20.539301831781803,11.100000000000001
11.560517171666456,20.620356597188596,11.100000000000001
11.146677351928597,20.73029706833439,11.099999999999998
11.80040444650985,20.267083144264223,11.099999999999998
7.286546899652405,22.21621597893775,11.1
7.2817429370013285,22.049158673278985,11.100000000000001
7.191389539196795,22.133174020119924,11.100000000000003
7.717205207299477,21.691273494826497,11.099999999999996
7.930289188243959,22.225139708404022,11.1
7.3193603415770125,21.76481617107494,11.100000000000001
8.491433132379573,21.41192404344678,11.100000000000001
8.119331591941165,21.880751406738444,11.099999999999998
8.3357892000465,21.684767576833366,11.099999999999998
7.630097380400335,21.601781631763814,11.1
8.102697237585419,21.600883199546722,11.099999999999998
8.965772290690861,21.512662207653634,11.099999999999998
11.599108070975412,21.17451791055773,11.099999999999996
11.177705473562044,21.076418772640977,11.1
11.176140176631758,21.099093869944987,11.1
11.595174928625283,20.81560960314226,11.099999999999998
11.357611445141035,20.813613140474047,11.1
10.32011755999522,21.24861078221544,11.100000000000001
8.26089472483637,22.34134892327377,11.1
7.2692167093810705,22.754123216185423,11.1
6.351160529916166,22.667538426263338,11.099999999999998
5.394355893579513,22.484674766725,11.100000000000001
6.0408555032176,22.326209286420543,11.1
7.921163827277216,22.515076000199358,11.099999999999998
7.993611111253349,22.325784984558897,11.099999999999998
7.961571311489528,22.3324214169503,11.1
7.4461736299859576,22.59899007115079,11.100000000000001
7.699615099689977,22.50196981862288,11.1
7.734044279106004,22.237038872867526,11.100000000000001
7.666984034925578,22.698696332971736,11.100000000000001
10.980582033048533,23.008025244200688,11.1
10.743796429129414,21.689981208928316,11.099999999999998
10.129182794811854,22.138438949633123,11.100000000000001
11.180464918108655,21.871320617121807,11.100000000000001
11.194786194336958,21.724978549437864,11.1
10.728294673068902,21.35992412858294,11.100000000000001
4.535072328637806,22.805581279453335,11.1
5.34237442646888,22.439382490534697,11.1
5.376579015039939,22.692630583463917,11.1
5.132136577531734,22.42830106941785,11.1
5.577172604019997,22.53584206917066,11.100000000000003
5.144581786254199,22.709691104641937,11.1
9.332692873379125,22.992377263610233,11.099999999999998
8.47321601439616,22.419402960246515,11.099999999999998
9.549456460162174,22.91291143134371,11.100000000000001
8.043956666444045,22.209257275221447,11.1
9.13487162290635,22.824489337444692,11.099999999999998
8.706692563781358,22.419218450802852,11.1
12.045726154494332,22.214240251968043,11.1
11.371635988702986,23.00939277360912,11.1
11.606272844748524,22.756603870929165,11.099999999999998
11.60968127148368,22.841734479351324,11.100000000000001
12.027825855801417,22.760989364116938,11.1
11.59893939030778,23.00312244494122,11.443648652261666
4.544393537836827,23.571651127995203,11.100000000000001
4.939654897042823,23.190406356478913,11.099999999999996
4.5211422895487825,23.274617942677107,11.100000000000001
4.957363012711495,23.671205191058565,11.100000000000003
4.1253779,23.511183334743645,11.100000000000001
4.1253779,23.51942402190325,11.099999999999998
8.333207574672215,23.05891639980972,11.1
8.737158886565096,23.321839768798977,11.099999999999998
9.420407197157948,23.223525299908257,11.1
8.75775001245424,23.141799645159566,11.1
8.305875138402676,23.064964404384824,11.099999999999998
8.94296345120815,23.317858282064325,11.099999999999998
10.41310200440006,23.351231439135972,11.441709594999153
10.422929706474447,23.863288242520564,11.439190948327827
9.617921560936546,23.848365927389178,11.100000000000001
8.79099103247447,22.83459613644089,13.509437131312392
10.633887299800136,23.60114661187255,11.444053980721586
9.819463139252099,23.770026350769022,11.099999999999996
4.741460086207457,23.802246357130706,11.100000000000001
4.905706532204771,23.74616293685359,11.100000000000001
4.5175290670962305,23.791803882435907,11.099999999999998
4.532664156763162,23.600509264842415,11.100000000000001
4.125377900000001,23.549446144808613,11.100000000000003
4.51953023241716,23.625221387092704,11.100000000000001
6.940999492086618,24.055045432771866,11.1
6.049900438876682,24.136477877316814,11.1
5.827976110662419,23.961992668450545,11.099999999999998
7.853818940965245,23.59485121424,11.100000000000003
6.950483319865501,24.602392930206104,11.1
6.510257578644584,24.67672912561842,11.1
8.424915960059039,22.84786070778361,13.610085021697955
8.778093726277994,23.58049302245537,12.552032726938716
8.721348232217718,24.278805574362753,11.463974960135507
8.906710792997943,23.366411198221837,11.798545042902683
7.704055061470565,23.661559251554184,14.024169139749787
8.398780691506765,24.07529163024845,12.558908186873989
4.515327896996459,24.141180612595736,11.099999999999998
5.134873728599711,23.98494706886295,11.1
5.104374977268025,24.549971300825334,11.099999999999998
5.1194753267353095,24.390553221705623,11.1
5.51396806092918,24.068031837469476,11.1
5.501606152185192,24.64034775611658,11.100000000000001
5.646596109730357,25.18094861322334,11.100000000000001
6.078360623618276,24.395635663019153,11.099999999999998
5.181156295683529,24.718301758922284,11.1
5.823139137788023,24.648189285382102,11.100000000000003
5.153364460705654,24.472821434328985,11.1
5.1808376287156435,24.716939986418843,11.100000000000001
8.882376747774874,23.807263339361523,13.229378504134974
10.752395636753231,24.070509132745826,11.099999999999998
9.244626430423374,24.778530021949187,12.856194924134194
9.883704350018013,24.271750587330736,11.1
10.476830090420332,24.738480746517837,11.099999999999998
9.649359847331668,24.65412795221075,11.100000000000001
4.526395613517748,24.651143650900995,11.1
4.514989151997287,24.658141917810962,11.100000000000001
4.912170662503714,24.90428027257679,11.100000000000003
4.931590052489559,25.07958160384205,11.100000000000001
5.368480149987434,25.252850868564536,11.100000000000001
5.31363321047296,25.072484908555488,11.100000000000003
4.56979036572803,24.83390803730719,11.1
4.536033939372524,24.651301335952574,11.099999999999998
5.180771843660976,24.896122452907182,11.100000000000003
4.525579223734863,24.7373390821728,11.099999999999998
4.754536317502936,24.82044013384509,11.100000000000001
5.5892116964194285,24.41030329087764,11.100000000000003
10.360019453760927,24.530284790277484,11.100000000000001
8.832333942411383,23.745582564093695,15.059250369604419
9.80063685701756,24.59619752313576,11.100000000000001
10.31408080019689,24.377134993013076,11.099999999999998
9.206836156855248,24.680170158268577,11.100000000000001
10.050378515514865,24.55630389199269,11.100000000000001
5.979428432428245,28.433431511877103,18.500000000000004
5.66183878255684,28.22376515108497,18.499999999999996
6.435305052947767,27.328354573802038,18.500000000000004
5.926273754577353,28.36357235746025,18.5
5.992960508681598,27.4958017712298,18.500000000000004
6.851907544096001,27.403680515718953,18.5
6.642621165328126,28.729668325564585,18.500000000000004
6.615559741240636,28.679682285138085,18.5
6.610049713060916,27.26111375391828,18.5
6.4438637595793535,28.570861021097443,18.499999999999996
6.5950529513913985,27.25952204355424,18.499999999999996
6.625519617031051,27.33893211357929,18.500000000000004
5.267680603317011,26.465798864186812,18.5
5.394438636163405,28.125178316355285,18.5
5.429883456768872,28.171377482980073,18.5
5.326138634977814,28.00087046626053,18.500000000000004
5.403464666199795,27.865752930444863,18.499999999999996
5.104160254848233,27.771433791684146,18.499999999999993
4.585655949631104,25.38426034156031,18.5
6.548630726653279,27.33075899823325,18.5
5.302326308445163,27.603223622325988,18.5
5.858578269662894,27.335763030239985,18.5
5.821370220833395,27.495220056602903,18.499999999999996
6.561624425131229,27.082150150248005,18.5
6.040854464789193,27.51535606996479,18.500000000000004
5.825011440012802,28.455925508979238,18.499999999999996
6.14451888791666,27.006097434356295,18.499999999999996
5.917324091267153,28.3972128707555,18.5
6.176558797970758,27.00295866643356,18.5
6.477979644088203,28.590296538677144,18.500000000000004
5.233725190854881,27.96129512255186,18.5
4.806776451831111,27.63690031520187,18.500000000000004
4.7616487548154485,27.683595017902768,18.5
4.9560668879757,27.789866249546506,18.500000000000004
5.0432727436639295,27.79962660018586,18.499999999999996
4.4794334627474495,25.624981744565062,18.5
5.787312426621096,24.043541128871347,18.500000000000004
7.889041620459745,25.308847307669815,18.5
5.933203934529355,23.77914500311029,18.499999999999996
6.758603197972705,25.026651898066895,18.5
6.998516769462984,24.932374857661046,18.499999999999996
6.827337860808091,24.753266560082768,18.500000000000004
7.541830043155889,25.97797241292274,18.5
6.6719766968516625,25.93370150343687,18.5
5.861714619500457,24.678726267896646,18.500000000000004
5.913864289315051,23.90540376687127,18.5
5.908971231272493,23.900706274426355,18.499999999999996
6.139234083863956,24.090725165861013,18.499999999999996
4.892172592227752,26.533590633104968,18.5
4.312641786863428,26.15971944841485,18.499999999999996
4.820363191395771,27.14972060742987,18.500000000000004
4.3095402533068565,25.305447180604475,18.5
4.298187056787887,26.555973912954066,18.499999999999996
4.503706878703022,25.265002016230785,18.5
7.94498352878479,23.68939523699445,18.499999999999996
5.34476334645399,24.020892611972748,18.5
5.814877957977706,23.615573878320976,18.499999999999996
6.07639619312447,23.706396442038233,18.5
6.099251275227447,23.72190453353915,18.5
5.658037003707497,23.738648810206513,18.5
4.765159624114996,25.317017662086048,18.5
7.234137411832057,25.319945826729814,18.5
7.488653956163375,25.42350007730759,18.5
7.331721926010002,25.39888690304582,18.499999999999996
7.025437504556922,25.345489711768483,18.5
6.376083569376807,25.04662116163674,18.5
4.739974844255035,24.70289891628229,18.500000000000004
4.304539071323029,25.202333588086567,18.499999999999996
4.9724858721891465,24.510079022704925,18.5
4.528881825663435,25.427904413743107,18.499999999999996
4.713098168534879,25.211435702801968,18.5
4.739918261339456,24.58194634391858,18.5
5.5312336638825785,23.561708116229113,18.5
5.7082429304707585,23.654728632803977,18.500000000000004
5.810028728088042,23.668414765496966,18.500000000000004
6.087907661500247,23.747408529929675,18.500000000000004
6.020286449145762,23.66165288513028,18.5
6.0715793119029655,23.90623610681426,18.499999999999996
6.711828956695102,22.714444493782693,18.5
7.05938173909955,23.027185120167644,18.499999999999996
6.2729567886963515,23.229041704339565,18.500000000000004
6.665562733694496,22.70704959810869,18.5
7.071801538590488,22.875667123681193,18.5
7.503639386533999,23.678132760203454,18.499999999999996
4.953449008100118,23.798255309913323,18.5
4.706853048905067,23.81177852652187,18.499999999999996
4.715394457307823,23.813605674344124,18.499999999999996
4.942819449480955,23.61631545925409,18.5
4.6736113902571095,23.798499017813317,18.500000000000004
4.125377900000001,24.139510695977904,18.5
6.440597104328006,22.06432116298204,18.5
5.599285192641464,21.711742642636487,18.5
5.960480881815595,21.240581658634508,18.499999999999996
4.909925165338011,20.77375728260555,18.499999999999996
4.934908011524646,20.810148990924603,18.499999999999996
4.8978817797009935,20.76247911321996,18.5
6.482305309116039,23.057340047382592,18.499999999999996
6.988587856670369,23.13587173052389,18.5
6.971883413353788,23.126147847561633,18.5
6.950647284325467,23.120768230702733,18.500000000000004
6.966104078117851,23.121019495680358,18.500000000000004
6.980363311047565,23.218386299386225,18.5
5.132881719394543,23.06156732699121,18.500000000000004
4.913666979491598,22.58009730671039,18.5
6.390047621918789,23.13088093548081,18.500000000000004
5.745674701452695,23.425705700429234,18.499999999999996
5.78172898791535,22.975891141793348,18.5
5.595276337922366,23.403863975190077,18.500000000000004
8.476493325612175,22.575857408203596,18.5
6.50679288457426,21.879255435446584,18.499999999999996
5.318788259502113,20.766238416595137,18.5
6.700989038633244,21.70334565772696,18.5
5.65058521303476,21.286409617938997,18.5
5.6471114655950085,21.45050285925644,18.500000000000004
5.392968215870184,21.4803028967088,18.5
6.722583623060214,23.1876369707596,18.499999999999996
7.312394432782685,23.026619335062804,18.5
6.853154148457233,22.520107679990126,18.5
6.741745782105668,23.198627260904132,18.5
8.061631811379506,23.089914580857176,18.5
4.339170257857467,21.37121748073956,18.5
4.531957679948362,20.66344612276093,18.5
5.546793033102226,22.56534760136426,18.5
4.125377899999999,20.927922185596557,18.499999999999996
4.1253779,20.896464459347147,18.5
4.336259200743723,21.356854191900922,18.500000000000007
8.03414082061069,21.967485148316023,18.500000000000004
5.678497276501763,20.470260971356222,18.5
8.219355457924436,22.05228057523037,18.5
6.698993629396164,21.611457212493473,18.500000000000004
8.004163412122404,21.881536611094607,18.5
6.919387321048331,21.96586448812713,18.5
4.125377899999999,19.41027937394183,18.499999999999996
5.862787799557934,21.876984813425356,18.5
5.192784410590674,19.816552107289837,18.5
4.957439396540271,19.384234145013085,18.5
5.440386828165057,21.376059927730232,18.500000000000004
4.965975298730299,19.524748192501498,18.500000000000004
4.1253779,19.61308745788974,18.5
4.321493219978895,19.859322807325473,18.499999999999996
4.329506050097523,19.845207713088005,18.500000000000004
4.321087027158461,19.87601803976466,18.5
4.7171753879093,20.127838605319038,18.500000000000004
4.125377900000001,19.59920816338021,18.500000000000004
4.32776894546989,19.193575858780918,18.499999999999996
4.72279443872244,18.93172383160562,18.500000000000004
4.3308095087334175,19.18707238743456,18.500000000000004
4.726805859042853,18.92201252569205,18.500000000000004
4.320678986318471,19.278640426808053,18.5
4.7323199419256206,18.91510058420224,18.5
4.986012587938773,18.91957910073069,18.500000000000004
4.56302836417322,18.889090957554007,18.500000000000004
5.182569126302917,19.644552041112533,18.500000000000004
4.979012882947146,19.26803188771192,18.5
4.5635234820851736,18.988057676343676,18.499999999999993
4.975501721056494,18.600046456720417,18.500000000000004
8.786875486739145,21.54872930703573,18.500000000000004
8.76122810188618,21.62691338772028,18.499999999999993
7.921289767118322,20.91596880180606,18.500000000000007
8.806026221512683,21.460005735451766,18.5
9.09828487867514,22.332874726801638,18.499999999999996
8.742823732885926,21.786297333544763,18.5
4.918146679126698,20.682495144828682,18.5
5.1319464685156895,20.36495438501789,18.5
5.606359376040619,20.741565073436107,18.5
7.340533953097364,21.69853990256964,18.5
8.01471732407615,22.497342144090346,18.500000000000004
6.697858624989483,21.453708323825097,18.500000000000007
8.179355939950872,22.843495841495614,18.5
7.684686102550232,23.004362167518256,18.5
8.881358987383338,23.289266694594122,18.5
8.59875035491463,23.28835306772371,18.500000000000004
6.012967966560329,21.957064296430005,18.5
6.68949102225966,22.330668032934124,18.500000000000004
9.2670255349419,21.625233182014615,18.499999999999996
10.313938154433826,22.78278484071939,18.5
10.134651853855901,22.836393116575813,18.5
10.577527578364844,23.169629978167926,18.5
10.553572538325575,23.015724192191257,18.5
9.448161627985911,21.36853194342882,18.500000000000004
7.049398398259467,22.811802021572777,18.5
5.602834842855272,22.319031385683342,18.5
6.19151508121958,22.320125713244988,18.5
6.37941372807718,22.24778815654233,18.500000000000004
6.383998901390505,22.477893734561036,18.5
5.763874896964583,22.628466348065103,18.5
9.363674596486547,23.13330583541778,18.500000000000004
6.9441103466769745,21.350656339589733,18.5
8.893419613016112,23.1227780849974,18.5
8.796311382915949,23.28208056768664,18.5
7.871000405949649,23.074045671554074,18.500000000000004
9.150336866771266,23.028105121976303,18.500000000000004
8.60138969358744,21.5529246913464,18.500000000000004
10.148280310211014,23.003922804428537,18.500000000000004
10.346913945751874,23.01213969284761,18.5
10.150217936715338,23.014251016380324,18.500000000000004
9.933296634829224,22.9289037625704,18.499999999999996
8.576585496311317,21.785646455587983,18.499999999999996
5.783153780951013,22.92772098393309,18.5
5.997768951998871,23.352275856362155,18.5
5.606750636583993,23.462835999004884,18.5
6.00867709464435,23.452997260326867,18.500000000000004
5.749092602142839,22.918932632558715,18.500000000000004
6.036075960182408,23.446863427333703,18.5
6.259777232178089,23.370062233687076,18.5
6.288528584439116,23.855775190784936,18.500000000000004
6.296473686037387,23.499409471598966,18.5
6.03233006526195,23.574931798862888,18.5
6.093203937859325,23.84131466019473,18.5
6.08516165196002,23.74905851464332,18.500000000000004
8.576017226383597,23.211142503537456,18.500000000000004
7.228460177662157,22.14270252082281,18.5
5.424204666835501,21.95554808608731,18.500000000000007
7.672274365743055,23.19950183509388,18.500000000000004
6.711379622824322,22.03202668760202,18.5
7.681208404337622,22.21971729448865,18.5
5.632680664514857,24.046263279817325,18.5
5.623834467958185,23.696401367111957,18.5
5.5906227874170105,23.732011467435292,18.500000000000004
5.83356841918303,24.05449537177188,18.500000000000007
5.851360205450863,23.687346995094053,18.5
5.816704815675917,24.04707070492337,18.5
6.553948590237005,23.86245577261417,18.5
7.8565924020455205,23.502105934606877,18.499999999999996
8.283928096027218,23.715089666946465,18.5
8.913866847326844,23.706621519497805,18.499999999999996
7.201188101378386,23.648581571951134,18.5
8.87322081148816,23.717570767788615,18.5
8.725361769303401,23.764691960772538,18.500000000000004
7.93535199849271,23.689977388910883,18.499999999999996
8.823984260100353,23.93043499483124,18.499999999999996
9.12321310197473,23.668146105507997,18.5
8.88876234263468,23.94596342502077,18.5
8.925243781796382,23.691004208480805,18.5
6.486468593445417,25.37801532265863,18.500000000000004
5.049236873810307,26.889818449286352,18.5
6.506888552580863,25.5442310176605,18.5
6.782782810189827,25.06052124916088,18.5
7.126596296240983,25.992288595025133,18.5
6.1097070194348895,26.25568220087157,18.500000000000007
6.275444458028915,24.064092477741934,18.5
6.7547595740089434,24.294402859437138,18.5
7.2233660439635745,24.21217368238615,18.5
7.819398860774078,24.001542446184402,18.5
7.812708006831376,25.162384459609854,18.500000000000007
8.23548794166654,24.218649486906,18.500000000000004
9.07272837225712,24.23854282358402,18.500000000000004
8.716151773268527,24.19605559796583,18.500000000000004
8.806331323254554,23.908280186050273,18.500000000000004
7.600872807587253,23.69193964079096,18.5
8.651334377305846,25.044049243619277,18.5
8.904572401448627,24.500518630185447,18.5
5.612288521586128,27.96990531429502,18.500000000000007
6.660083778812485,26.757249284319,18.5
6.656246316695116,26.76405323620327,18.5
6.031394367471647,26.849657452916034,18.500000000000004
5.447331835028772,27.331530553105328,18.499999999999996
5.298196917107783,27.49603844789537,18.499999999999996
5.406634322255408,27.51853451062696,18.5
6.155515366421448,27.139656814765644,18.500000000000004
5.198594374084395,27.45119161103525,18.499999999999996
5.427351584245745,26.263698645394918,18.5
5.434506519565696,26.156107311293567,18.5
4.995041584577601,25.952790685161997,18.500000000000004
7.92660860878414,24.030774414402913,18.5
8.016375514993953,25.832470914518268,18.5
6.5209186293073325,24.88049338123516,18.5
5.904670604293023,25.508772073384186,18.499999999999996
7.0020311287274435,25.450575633615962,18.5
8.594282282015177,26.7142430175524,18.499999999999993
6.436534658415058,27.663029213154893,18.5
6.595972732104966,27.743203979653423,18.5
6.026616115797018,27.348709555735713,18.5
6.363123238132158,28.84703661290672,18.5
6.101026874380561,28.76237835550084,18.500000000000004
6.321756528957685,28.84889226640574,18.500000000000004
6.934372722477731,27.101786773510746,18.499999999999996
5.887172845919935,27.94528131633526,18.500000000000004
6.551304700365583,27.582168469605147,18.5
5.910313223806193,27.86413655763291,18.5
4.757238061301635,25.66205623862529,18.500000000000004
6.246163450223353,28.035948740580352,18.5
7.073384721655202,27.85877953656806,18.500000000000004
7.63029477263127,28.01847446864496,18.5
5.895075543286064,27.135602787157147,18.5
5.860299610584294,25.734176879660698,18.5
7.27533068786755,27.490905957131282,18.5
5.3795914311687785,24.563141458443823,18.5
6.730788052097914,24.590980582706777,11.100000000000003
8.263388437419948,25.118183241522384,11.099999999999998
8.481974158751,25.12288427943428,11.099999999999996
8.72692327017853,25.292367864430123,11.100000000000001
8.241526174799755,24.95389148862154,11.100000000000001
6.731295395556337,24.593571472504173,11.100000000000001
8.928951679856862,25.714987752919917,11.100000000000001
6.069042668030146,25.008060906724825,11.100000000000001
5.421083455548617,24.73715550461852,11.1
5.673980045657172,24.91522348964936,11.1
6.31673201903233,25.09931488762009,11.100000000000001
7.652267184295933,25.372966653500235,11.1
6.347189638188027,24.9384316326172,11.100000000000001
7.86303090258496,24.222592711626362,11.1
8.449453570487774,24.305053550102784,11.099999999999998
8.209409851384043,24.934085176176577,11.100000000000001
9.51699377817047,24.689330220636194,11.1
7.372337400253021,24.749289896432483,11.1
6.300226413794898,24.324832883848764,11.100000000000001
5.8452299651429644,23.85650881569522,11.1
6.192789767222166,24.361650054909468,11.100000000000001
8.496502906126162,23.86194846628721,11.100000000000001
7.3917758599119034,23.768658533184198,11.100000000000001
7.630236749438451,23.752620087356014,11.099999999999998
7.620555817748296,23.600328147967094,11.100000000000001
8.834126809621651,23.208708009392925,11.099999999999998
8.842692108558467,24.227850308157198,11.099999999999998
8.528256597742724,23.768793814886624,11.099999999999998
8.262105285629396,23.2644299708668,11.100000000000001
8.137387584686703,22.66845129534294,12.130558930232485
8.80576165855052,22.876995286529347,11.099999999999998
8.752973375628498,23.4144319587402,11.099999999999998
7.834267341772224,23.07742067507928,11.100000000000001
8.847286018320304,23.368283287177583,11.099999999999998
9.117070019862158,23.44062764340651,11.100000000000001
9.216317263349506,23.20415750984377,11.099999999999998
8.794136819638075,23.210681104371215,11.100000000000001
8.179896808068357,22.589535359095336,11.099999999999998
8.37243456186026,22.860519261170168,11.099999999999998
8.17086004496014,23.282860843538646,11.1
8.034809549827855,22.238650482781836,11.100000000000001
9.748825829210073,23.00813986707045,11.099999999999998
8.856700156897402,22.836381596589373,11.100000000000001
8.835311929376324,22.937737996118933,11.100000000000001
7.9444461620650255,22.7892909404794,11.099999999999998
9.107404674959039,22.847518478570702,11.1
8.403656290487268,23.0443923224206,11.100000000000001
8.377159234427278,22.963389659014947,11.100000000000001
8.828201678398777,22.941031894364187,11.099999999999996
8.855530995109325,23.10942751412427,11.099999999999998
9.038838171545226,23.475809353995096,11.099999999999998
9.677709215543564,23.803942541047423,11.1
9.201540752662238,23.478948788348628,11.099999999999998
8.9746902965445,23.57654876256957,11.099999999999998
8.055568951635207,23.141248629530224,11.099999999999998
9.22966397838632,23.664673901907964,11.100000000000001
8.755008168294705,23.491499133146565,11.100000000000003
8.403757383651184,23.036909605189635,11.100000000000001
8.413591171845615,22.750135981282,11.099999999999998
8.580187051412505,23.3026518602202,11.100000000000001
8.090197957698473,22.13721082993114,11.1
8.797613676791878,21.43081479232103,11.099999999999998
7.939018105861077,22.046004150905425,11.100000000000001
8.399104218474095,21.704859182114348,11.100000000000001
8.390120988910551,21.516733495923354,11.099999999999998
8.139619030312012,21.882894040013838,11.100000000000001
8.587438933001708,21.51509094555298,11.100000000000001
9.644472947769671,21.44016161982666,11.1
9.849381392200147,21.43736843579657,11.1
10.052074920153128,21.787212719180957,11.100000000000001
8.575982187409249,22.48647626796607,11.100000000000003
8.968087775048643,22.39914195610847,11.099999999999998
10.05200951619748,20.82403018314322,11.100000000000001
9.752120032611968,21.707482291601508,11.1
10.106776921251518,21.00164051768637,11.099999999999998
10.320441576541368,21.176242260840326,11.099999999999998
9.052959320246217,21.342987163156863,11.1
10.30007395330516,21.3400814742174,11.1
9.66183575715303,21.524695981259164,11.100000000000001
9.844811506276887,21.070023607432415,11.1
10.489940694069332,20.454705426177124,11.099999999999998
9.90600614538055,21.773688010904408,11.1
10.301351056503997,20.901561034307296,11.100000000000001
10.736784545203692,21.15296792134126,11.1
10.50400837750458,19.659559324635346,11.099999999999998
10.723679431776361,19.482245182845375,11.099999999999998
10.300476676800265,20.105742184791897,11.100000000000001
10.520938311977323,19.64907304243637,11.100000000000001
10.920203448595952,19.570837882954535,11.099999999999998
10.296630820453075,19.657986060500647,11.1
10.303869069360106,20.360191201392595,11.1
10.68707453661198,20.53487204983748,11.1
10.269144527441567,20.09017265976684,11.1
10.462120403044592,20.7279709558973,11.100000000000001
9.845694233316884,20.267049663808102,11.099999999999998
9.637530893067279,20.192411776813174,11.100000000000001
9.86409996998985,20.184739885348158,11.1
12.491993926834457,18.38102650823808,11.1
11.850205176155365,18.746876155525673,11.099999999999998
12.064878251849827,18.654587180150212,11.1
11.625171732325455,19.10508601181423,11.099999999999998
12.273050964926881,18.738168956036557,11.1
5.49138235875997,24.207880988222634,11.099999999999998
5.47675580412747,24.377298901710326,11.099999999999998
5.481923025245583,24.46204165307618,11.099999999999998
6.355968820804815,24.287988822873466,11.1
5.921688075068625,24.545068454705635,11.1
6.779725910118255,24.375680341142296,11.1
5.930905804431568,24.286400803979372,11.099999999999998
5.907551892846687,24.637323868654992,11.1
5.632289207782872,24.551591831577845,11.1
5.447908005415038,24.554393922768334,11.100000000000001
5.672643715291223,24.644652124564608,11.099999999999998
7.200080995004844,24.649276838844706,11.1
6.123847423133944,24.289726871543728,11.100000000000001
6.964967546705538,23.85319498089055,11.100000000000001
5.424070543842346,23.48446834711398,11.100000000000001
6.956786862316749,22.95529653927511,11.099999999999998
5.227319961002655,23.657576337564468,11.1
5.009670696861638,23.478696202816973,11.099999999999998
8.080675954234216,23.407923958906864,11.1
7.13887448792542,23.768269102369523,11.100000000000003
8.939954577835461,24.201550722231566,11.099999999999998
7.840091545427644,23.67607855523643,11.1
7.652945514581048,23.4112374806006,11.1
5.176249422257344,23.944542742976342,11.1
7.237622567047562,23.312554130834076,11.099999999999998
6.963607148920561,22.670694731306472,11.099999999999998
4.985410466818445,23.132025700440174,11.099999999999998
7.242038200472562,22.50354185121654,11.100000000000001
5.202940260818624,23.037196968302787,11.1
6.712014220773149,23.30972569201189,11.099999999999998
6.531545844835134,22.857887468292457,11.099999999999998
8.845497436006573,22.498867131468177,11.100000000000001
7.695128845312156,23.036723886982884,11.1
7.650180087787487,22.771942244440282,11.099999999999998
7.614719996353121,23.673319188128804,11.099999999999998
7.67459178581156,22.83954967158236,11.100000000000001
8.342078165356135,22.6806540949798,11.100000000000001
8.614707780710877,22.679756922567368,11.1
7.891242111661224,22.68016964517998,11.100000000000001
8.146017502075061,22.673912789099813,11.1
7.705012491382776,22.769024652893044,11.1
7.928239292162928,22.942005262922237,11.099999999999998
7.713448797062064,22.770296239751527,11.100000000000001
7.491222990293043,22.324247623374127,11.099999999999998
7.353150720695871,21.70888965418451,11.1
8.275004106300079,22.497979056220156,11.099999999999998
7.334041738341443,21.972067985186506,11.1
7.367129888845226,22.06185873109351,11.099999999999998
7.472007510732728,22.244902702585243,11.1
7.262849770281422,21.971101671890004,11.1
7.0704748550726135,22.227415300380656,11.1
7.266645675091771,22.14942415215101,11.099999999999998
6.9926199824685575,22.49525808317491,11.1
7.0522239267332525,22.218721280325454,11.099999999999998
7.886424082873734,22.145780099558323,11.100000000000001
7.157626719833194,21.31833592425135,11.1
7.766791165263259,21.300616990378103,11.099999999999998
7.31891831075949,21.40321424020987,11.1
7.10917738187561,21.30872731973105,11.1
7.339435387040052,21.31782133263227,11.099999999999998
7.642658485294404,21.329856460761537,11.099999999999998
7.678070141163326,21.776524577561418,11.099999999999998
7.210382725752623,21.876440655808004,11.099999999999998
6.509392699196738,21.50804970493642,11.100000000000001
6.975716393659987,21.85940818408735,11.099999999999998
7.930583221521749,21.520698775821867,11.099999999999998
7.688895055682384,21.59904919393798,11.1
8.187088925049043,21.516297639035542,11.100000000000003
8.853526159648077,21.521414813009816,11.100000000000001
8.59317830109742,21.429595575630344,11.100000000000001
8.137007779051228,21.500965997154942,11.1
7.9508106630160285,21.5154973255331,11.1
7.9805121893511135,21.515129278081893,11.1
8.139833097707857,21.785757149862143,11.1
7.488285280989679,21.96564642661139,11.100000000000001
8.072408243260062,21.78458621734777,11.099999999999998
8.763801809020968,21.60810581969664,11.1
8.329590648301476,21.517983401438286,11.099999999999998
8.277886300972721,21.873718651114345,11.100000000000001
8.504657383202733,20.888766474889888,11.099999999999998
8.10647316984369,21.061648554724698,11.1
8.0768126052367,21.16039264620541,11.099999999999998
8.065678046493339,21.25017947000991,11.100000000000001
7.653604338750483,20.888331773579406,11.100000000000001
9.204607400235188,21.238101846682348,11.100000000000001
7.519186764052116,21.508670330377747,11.099999999999998
8.776075599620704,20.807190704808413,11.1
9.027793825307052,20.998159600958132,11.099999999999996
9.422509683602705,20.80266442084085,11.1
9.231270065532305,20.89481552193797,11.099999999999998
9.0143968189033,20.989973292053783,11.099999999999998
9.451492048732076,20.89036729218453,11.1
9.164587940159842,20.710504423611994,11.1
9.3421838380641,20.879952019833016,11.099999999999998
9.181871193066835,20.53810149809262,11.099999999999998
8.960109225364421,21.067490283113738,11.1
9.838743523423796,20.71094443021596,11.100000000000001
9.224480513926983,20.62092970063749,11.1
8.77987079036288,20.621928819862962,11.099999999999998
9.631490116289173,20.625881096700628,11.1
10.69800366560474,20.175922664710427,11.1
8.25639227217771,20.707170892257196,11.100000000000001
7.931898794000873,21.95617774827073,11.100000000000001
8.380986338935848,22.307216078856207,11.1
8.794395301684077,21.597550173022075,11.1
7.965153371370631,22.034370519396127,11.100000000000001
7.5122778493932705,22.575714764075173,11.100000000000003
9.443847015448291,22.671308078442358,11.1
8.38038709226452,21.334857966958765,11.099999999999998
8.137012547911196,21.506194601167802,11.100000000000001
7.737676512633547,21.94582581282494,11.100000000000001
7.959843241364173,22.03079996877588,11.1
8.14267741871552,22.041339435460046,11.100000000000001
8.574855159766887,21.333203620649403,11.099999999999998
8.605785293599869,22.22359424259561,11.099999999999998
7.944006575405252,22.420781813758722,11.1
7.919429990229941,23.025559510000434,11.099999999999998
7.946855373468053,22.9458334120893,11.099999999999998
7.431219306279633,23.133484813674364,11.099999999999996
7.253847208626403,23.13424708986681,11.100000000000001
8.155933540399108,22.776640439661556,11.1
7.0003552572600505,23.134739351911552,11.1
8.343065049781217,23.293373486595826,11.099999999999998
7.4677893138435545,23.12487270779924,11.099999999999998
7.4857777352570505,23.11244828126651,11.099999999999998
7.449243056921955,23.209340590967127,11.1
6.796598129743905,23.218052136944287,11.099999999999998
6.778372090717121,22.969004110493124,11.100000000000001
6.563369115691363,22.964521077050563,11.099999999999998
6.087421856534974,23.399678911238393,11.100000000000001
6.123128262520787,23.212651455762852,11.1
6.117796671966367,23.307493467751804,11.099999999999998
6.130457072240226,23.31702478197924,11.100000000000001
8.032614035724839,24.2179727284299,11.099999999999998
8.08980035036976,23.487367386183802,11.1
7.206474941552475,23.581207359932012,11.1
8.07349578226548,23.395790792745963,11.1
7.426965587266012,23.402611652322957,11.100000000000003
7.157702249111569,23.59382162343962,11.1
7.818162559707732,23.330067073826754,11.100000000000001
7.398801299410284,23.49859933671224,11.1
7.172033557399192,23.676302366744324,11.099999999999998
7.351526068860532,23.425344221329592,11.100000000000001
7.38876301520489,23.590614383661134,11.099999999999998
6.05102297614807,23.955764523020047,11.100000000000001
6.0440910984890195,24.31510621801815,11.100000000000001
5.845125240448207,23.692061096985416,11.099999999999998
4.332049332396496,24.12758268217767,11.100000000000001
5.1926033893664805,23.77880033096469,11.1
5.17950607936654,23.777982997624257,11.100000000000001
6.490652443716897,23.607716767180825,11.099999999999998
4.564534101366265,24.215603318858154,11.099999999999998
4.750567836920574,24.217741202718763,11.100000000000003
4.746683567639879,24.303962038237493,11.099999999999998
4.980064344244092,24.04468161009409,11.100000000000003
4.96453786962689,24.13524295829387,11.099999999999998
6.2979805743889905,23.853523802175793,11.099999999999998
6.54082404428913,24.766499427458317,11.1
4.776609063420447,24.641310281313498,11.1
4.988706187368925,24.734007113752398,11.099999999999998
6.2912511347570685,24.571626597506054,11.099999999999998
4.984663366831721,24.308591657804993,11.1
5.826604434684086,24.143682954729915,11.1
4.9702421656970035,24.47673544516833,11.100000000000005
4.9434429608779284,24.06242219454446,11.1
4.762080451389085,24.30517278217804,11.099999999999998
5.177632145544937,23.96518764799501,11.1
4.975651656598576,24.22341127783633,11.1
5.174694944751555,23.96802104120882,11.1
5.561974761662297,24.98368361729969,11.099999999999996
4.764170851803716,24.48065331281004,11.1
4.992851599598426,24.654082340392975,11.099999999999998
4.761741448931456,24.222014653382576,11.1
4.553700106060211,24.474590465004386,11.100000000000001
5.203477773475174,24.824242872572395,11.100000000000001
5.895385498828533,24.647481137018936,11.100000000000001
5.657932372453899,24.389423249802583,11.1
5.409257596835632,24.639183828160938,11.100000000000001
5.445348704220638,24.21476443243091,11.1
5.647084368974727,24.479519344950166,11.099999999999998
7.398079470849448,25.091068845848604,11.099999999999998
4.984872885400165,24.56195248746533,11.099999999999998
4.989133258861459,24.478072001617296,11.1
4.755979368995042,24.56356551510681,11.100000000000001
4.971741255535061,24.30351890920233,11.1
4.990111987650991,24.56362754651005,11.099999999999998
4.539421990317369,24.565223249199192,11.100000000000001
5.649834973846109,24.640698998699637,11.099999999999998
5.580493137556109,24.555396635898553,11.099999999999998
5.376905717969626,24.47391270665539,11.099999999999998
5.3422709878748,24.40105209622581,11.100000000000003
5.384502897520699,24.38943926296307,11.099999999999998
5.351379643363382,24.400133742909794,11.1
5.436762462733936,24.559865543413235,11.100000000000003
4.948724489782237,24.720506362364112,11.1
4.94087018658742,24.8106502796632,11.1
5.1319430181185135,24.565914120104132,11.100000000000001
5.437900582369404,24.732416237203704,11.100000000000001
4.922152131759631,24.396204389753194,11.099999999999996
5.399492858290042,24.47667317551689,11.099999999999998
5.756008866883168,24.647415867843787,11.100000000000001
5.385056865388358,24.638854417526062,11.099999999999998
5.344984507688435,24.402576902030535,11.099999999999998
5.62500449817206,24.63953985182394,11.099999999999998
10.0550186599043,20.453426170163322,11.1
9.649139196253374,20.356616519123868,11.100000000000001
10.491704612058465,20.635746069788677,11.100000000000001
9.421522893576668,20.980758172477767,11.099999999999998
9.82451420801684,20.44783549670397,11.100000000000001
9.597725412293695,20.62329478253692,11.1
10.938082738418908,19.777691732189943,11.100000000000001
10.689245657606953,20.995495593271386,11.099999999999998
10.69694070945734,20.990656889502937,11.1
10.508382895988778,20.814281753115715,11.100000000000001
9.890159859349257,20.722898829952047,11.1
10.29548897890513,20.80056519305516,11.100000000000001
11.11390615537578,20.5483409196782,11.099999999999996
10.935512713629468,20.91809442537282,11.1
10.306461694253702,21.00195342638714,11.099999999999998
11.36980382448941,20.91023752037204,11.099999999999998
10.317259049892833,21.254020660393085,11.100000000000001
10.331843320565577,21.259332136233674,11.100000000000003
11.350936959583489,21.16546374360916,11.1
10.720621444995595,21.321892118989744,11.100000000000003
10.72427955627714,21.169921608525406,11.100000000000001
10.08023784247431,21.434960002437876,11.100000000000003
9.846383966320463,21.42549739205044,11.100000000000001
9.191704215546554,21.77979665803626,11.100000000000001
9.849064999858339,21.063334115769386,11.100000000000001
9.951069675632173,23.591838753499715,11.1
9.943106961749047,23.291637263285423,11.100000000000001
9.911360687803368,23.10387536941171,11.099999999999998
11.202014903529951,22.49205516546829,11.099999999999998
9.760172622593965,23.516497439513536,11.1
11.157695946491458,21.611624472996414,11.100000000000001
9.002884143996722,23.450177511180502,11.100000000000001
9.063227705556876,22.83018466215891,11.099999999999998
9.384834178224857,23.065880211403194,11.099999999999998
9.737613729748386,23.45005179307967,11.100000000000001
10.169495501694506,22.997163896321943,11.100000000000001
8.688874317450491,22.664079844274713,11.100000000000003
8.598634432077095,22.843779236720877,11.1
8.832704975549428,22.67281307669413,11.1
9.46105220925708,23.12156499829127,11.100000000000001
9.495664707051544,23.286964740943674,11.100000000000003
9.696471505750944,23.126637096458875,11.100000000000001
9.265179828458038,22.873609569230013,11.100000000000001
11.120072698872061,23.943490891955612,11.099999999999998
9.817700104636394,24.28591401357926,11.1
10.307014566183033,23.91137908637302,11.099999999999998
10.121803906122764,23.794501719361072,11.099999999999996
9.646928516858067,24.096786989576177,11.099999999999998
10.533630471471838,23.892160271721536,11.1
9.79521309457999,23.70322974201339,11.099999999999998
9.638172612695142,24.27460164249355,11.099999999999998
8.536603244477533,23.423884498378033,11.100000000000001
9.640062881003841,24.179493223377143,11.100000000000001
9.400336668076594,24.10127654935495,11.1
9.42814879242098,23.94829076895217,11.1
9.259288534289869,23.81078983824203,11.1
9.771714199009272,23.879274850998016,11.099999999999998
9.566729293646448,23.43897800624567,11.100000000000001
9.371109895075072,23.940273074557588,11.100000000000001
9.577445497652803,23.85597837648745,11.099999999999998
8.633140764787484,23.45921331894489,11.1
9.051821118004895,24.42197771513099,11.1
7.339498824678102,24.052155176913644,11.100000000000001
7.553397130676389,24.245178442341768,11.100000000000001
7.76620132445607,24.338238825280925,11.1
8.834591829966921,24.440859663887608,11.1
10.031002755366483,24.205329525788297,11.100000000000001
8.936503708487802,24.195438229590344,11.1
9.23301772047476,24.102726279564507,11.1
9.525315005982618,23.888721351765838,11.100000000000001
9.507074786017297,23.895027136909793,11.1
9.447210754088902,24.172533554903364,11.099999999999998
9.392468970098351,24.389471812811813,11.1
6.52697595091469,25.37959645865548,13.294923165092177
6.541996914098803,24.150755571575175,11.1
7.183243883417592,24.41946692662811,11.1
6.976669261199198,24.50325263902635,11.100000000000001
6.976669261199198,24.50325263902635,11.100000000000001
7.40940346153349,24.42210890619962,11.100000000000005
8.47317340748732,25.015534830821913,11.46884849470772
6.575054278348586,25.0173937265449,11.100000000000001
6.771072199798289,24.7606887725135,11.100000000000001
6.553999100535842,24.581602204682383,11.450463738900913
7.8464381239377605,26.5252214287028,15.164184636600874
9.702334807699897,25.381757716851446,11.099999999999996
9.491890175328416,24.875789600483948,11.100000000000001
9.537274579938975,25.546429856201808,11.100000000000001
9.718721504015711,25.134287542242554,11.100000000000001
8.735999196869502,24.133150385570858,11.1
9.694823239212104,24.96455397621329,11.100000000000001
9.508333503871494,25.296204714868836,11.099999999999998
9.186729291192394,26.869195324318653,15.498496476147
8.502650509338848,25.888847100653297,11.1
9.375851257322504,26.158730015290892,12.549084256805099
9.139135473417554,25.803320403809586,11.455010362834708
10.683440398809076,25.725853792451367,11.1
8.0744979193965,26.963857572704594,15.509702058647969
9.761250071978539,25.289281294115696,11.100000000000001
9.539329597902515,25.630301429129727,11.100000000000001
8.915817248163416,25.199879264274394,11.099999999999998
9.527565423268541,25.211337776259672,11.1
10.00294254787033,25.63083093539852,11.1
6.567019413564251,27.508198273019396,18.5
6.34011585346601,27.683538724842837,18.5
5.4837483772856555,27.783623887406584,18.5
6.982743552447811,27.6798258195075,18.499999999999996
6.809360529466662,27.75697268514546,18.5
7.066787671241235,27.85143616883338,18.500000000000004
5.883465442223892,28.394252996266495,18.499999999999996
6.059188332758945,28.25096926176455,18.499999999999996
6.48482259271411,28.42237784539966,18.500000000000004
6.30025597107643,28.292786462795327,18.5
6.059556478010416,28.135043574918903,18.5
6.521103060918971,26.977695041498393,18.5
5.969300254357624,27.92180847536215,18.499999999999996
8.924511942894664,23.703677257073664,18.5
8.042813933325075,26.953373732934487,18.500000000000004
7.600389234233692,26.002591064490378,18.500000000000004
7.209497004888176,26.383212073688483,18.5
6.489496571348273,24.109677551112853,18.5
7.406149774490737,23.93250507448529,18.5
7.223842685188306,26.975375790997617,18.499999999999996
7.6408684644264575,27.077814832230374,18.5
7.647065832540271,27.31780894096654,18.5
7.111491980473504,27.96714833616942,18.500000000000004
6.565107666312425,26.99274778949135,18.5
8.263350816130172,25.927703178395898,18.499999999999993
8.68693848167423,24.298677724526055,18.5
7.644953336970296,24.040507877174147,18.5
9.379939836752433,24.00504060245882,18.500000000000004
6.896116758977648,24.328585393451196,18.5
6.969619708825477,25.375776470532045,18.5
8.008444565463453,23.971454026523183,18.5
8.948676386204124,23.684540810042193,18.499999999999996
9.960174811086944,23.87391848500659,18.5
9.327399706121826,24.051421000332567,18.5
9.942863345509988,23.792913575948923,18.5
9.07417638297854,24.41605008655653,18.5
8.292892442149856,23.57608200903298,18.5
9.569278997179419,23.461692739061917,18.5
9.548242731168733,23.440683995993318,18.499999999999996
9.538176129609647,23.458792429648703,18.499999999999996
9.200166547362073,23.339887691313464,18.5
6.969563556583452,23.70812711007456,18.5
8.737605496803528,23.582895680159734,18.5
9.118463117379909,23.692008299790043,18.5
6.948854436783086,24.58212986310737,18.5
7.150629204041551,24.05385496630426,18.5
9.09546796421229,23.711506912740887,18.5
6.770786345576412,23.240790243272333,18.5
7.404678013877535,23.78917440114319,18.499999999999996
9.945604014864298,23.005368655878627,18.5
9.96357572287108,22.92959936663841,18.5
10.118301928508137,23.433011073609343,18.5
10.11927942091207,23.646401886588137,18.499999999999996
10.013935791085338,23.203591914350717,18.500000000000004
10.189231666523865,23.4597049088583,18.499999999999993
8.81625784123521,23.216952896852185,18.5
9.016918130695515,23.23068002925092,18.5
8.816131693725222,23.221508181419626,18.5
7.462743527623371,23.68670874055446,18.499999999999996
9.650163985734064,23.40057360773756,18.5
8.923701917026124,22.938725066626404,18.500000000000004
9.491974102644843,23.192586777612743,18.500000000000004
10.269417184434136,23.28314451074242,18.499999999999996
10.125515494257169,23.434626990354293,18.500000000000007
7.4137062890508965,21.074867382259637,18.499999999999996
9.087916783937931,22.32251612629271,18.5
8.617535606206907,21.634285701893397,18.5
10.439929377768685,23.093874756885434,18.500000000000004
10.229553441880054,23.01871993916594,18.5
10.485227671202543,23.11222854218338,18.499999999999996
9.164079907701895,22.76719479329701,18.5
10.009543808331394,22.85365231157455,18.5
9.450755426407337,22.703743937854064,18.499999999999996
9.48533561204973,21.371094509118578,18.499999999999996
10.135522514836401,23.005184493095932,18.5
10.532809279932037,23.017663985199516,18.5
9.064134190901875,21.570167496329958,18.500000000000004
9.99629647080003,22.45376972453438,18.500000000000004
10.30178704189,22.75949871058424,18.5
8.129527018710101,22.318461503237227,18.499999999999996
8.995689326085962,22.498330043348044,18.5
9.373826490749185,22.665158468818927,18.5
10.247431205628159,23.08831932068029,18.5
8.347036559431107,21.785818816792446,18.5
10.01185835526381,22.577147995747186,18.500000000000004
5.2006034860371395,19.395468050326738,18.500000000000004
6.502334781614262,19.07841004495699,18.5
5.6748345754380995,19.562075613391677,18.499999999999996
6.951777282777058,19.2685198895784,18.499999999999996
6.71903647837021,19.184233325161735,18.5
6.048422897012282,19.924152420756936,18.499999999999996
5.209529724968466,19.45177179761454,18.500000000000004
5.411265123157596,20.25464997306632,18.500000000000004
5.179392520376157,18.896036513325992,18.5
5.624484388158947,19.14276300953904,18.5
6.545931629294941,20.257666595205393,18.5
6.960440960667639,21.318466649279717,18.5
6.918993644380731,19.07111501992343,18.499999999999996
7.611977031011684,20.249830872964313,18.5
8.524893270549363,20.990269406113555,18.499999999999996
7.4135653447757495,20.45543225422006,18.5
7.411324850043795,19.916371648385915,18.5
6.049744157489386,27.496535245763518,18.499999999999996
6.532747401553338,28.028448977473968,18.500000000000004
6.707354986138135,27.86773941380669,18.499999999999996
6.481156765897756,26.904221515660797,18.500000000000004
7.381344181734068,25.811950799928706,18.499999999999996
6.278530209081366,27.53810061733633,18.5
6.286424085322842,27.351927573144458,18.5
6.078847678346617,27.130184060348917,18.5
6.966473936135152,25.97284612242734,18.5
6.523880786720559,26.863142174593566,18.5
7.8187962820944055,25.36390191338831,18.5
7.154873213729944,26.243730472589167,18.5
6.536121096446248,26.943649811382258,18.5
7.455171318768418,26.50238197549573,18.500000000000004
6.822970910564746,27.057009138163433,18.5
6.76617771012523,26.70501187851677,18.5
7.202089273940462,25.924313130549415,18.499999999999996
6.625024553937944,27.513462794179986,18.5
6.443658540953439,22.724259532468835,18.500000000000007
7.852428188337679,24.750430714288598,18.5
6.591360045180458,23.04944533758433,18.499999999999996
7.648463748942847,24.83728829330882,18.5
7.636966131190059,24.480119470857208,18.500000000000004
7.172877988910539,25.277692470300824,18.5
6.947475084136554,26.0653143948602,18.5
7.2366853599609025,24.114964505370658,18.5
6.790498448645828,23.962385350523913,18.5
7.225797800527717,23.778658625397604,18.5
6.556083590758863,22.603142452093007,18.5
7.210234403632229,23.40924769524754,18.500000000000007
6.545022787016369,22.333918567094834,18.5
7.405292199004925,23.06093448039422,18.500000000000007
7.00375316099462,23.24846289043753,18.5
6.996617213848652,21.88915375878158,18.5
7.016197267043566,23.25058180440132,18.5
6.325997397156026,22.41999805079192,18.5
7.4185365657154945,23.348587094122642,18.500000000000004
7.024018064834713,23.229448566401334,18.5
7.006242368788595,23.22195058709523,18.500000000000004
7.009362216461806,23.237861066425666,18.5
7.024391431999929,23.227940486196157,18.500000000000004
7.010101340942131,23.324808624258424,18.499999999999996
6.981059427953108,23.207058381238667,18.500000000000004
7.2032580937276185,23.145911717695615,18.500000000000004
6.5084120299197945,22.157874081825486,18.500000000000004
7.602470775099672,22.95559412436891,18.5
6.966481471317238,22.335314504429384,18.5
7.609597144932685,23.14568820370411,18.499999999999993
6.731174644595736,22.41892681017997,18.5
6.556591049549404,22.953398638508972,18.500000000000004
6.771397866167224,23.30503620081475,18.5
7.204952051654262,23.375790173245534,18.5
6.115184882940315,22.777001800489998,18.499999999999996
6.774948490983678,22.957484485839963,18.499999999999996
6.291656027395232,22.249012810556145,18.500000000000004
6.553478940184009,22.68482859950082,18.499999999999996
6.760238713066334,22.954390993536816,18.5
6.993909430318681,22.94466841904574,18.500000000000004
6.529164745707162,22.671636355420425,18.5
6.549132776723214,22.775575772446526,18.500000000000004
6.771029898480173,23.035396897459627,18.500000000000004
6.992300425168073,23.138989079704054,18.5
6.794493046464726,23.223833064262095,18.5
6.561722039943368,22.780319701821114,18.500000000000004
7.430011700473206,23.060525525151824,18.5
6.342197935274438,22.420713070139044,18.5
7.206198505627133,23.23200101343124,18.5
7.370303126274995,22.857514322913193,18.499999999999996
6.721563890854788,23.39580745338236,18.499999999999996
7.593040541139567,23.144169205207113,18.5
7.168798531277017,23.06337958419042,18.5
7.398780452095158,23.153188062522705,18.499999999999996
6.492955235340805,22.583046587099524,18.499999999999996
6.27084109088312,22.138366931509275,18.500000000000004
6.753306970363654,22.492515424770318,18.5
6.7395525993714545,22.239655104892357,18.5
6.312137685158829,22.240774239279435,18.499999999999996
6.745088929571053,22.498561008289514,18.500000000000004
6.542784425490497,22.770542957633026,18.5
6.318491045215504,22.420830114947663,18.500000000000004
6.498405257826146,22.767194927241718,18.5
6.298443298567275,22.499851523443784,18.499999999999996
6.954945088619507,22.77208921448956,18.5
6.310849931378984,22.769144858925884,18.5
6.961932966087641,22.585990743083286,18.5
7.091169445470801,22.765574578732643,18.500000000000004
6.690196226381141,22.771496256817642,18.499999999999996
6.945130574819682,22.770000142652286,18.500000000000004
6.984206336786144,22.870516097764202,18.500000000000004
6.709264460620297,22.230766910483172,18.499999999999996
5.849948417617585,21.8656875758997,18.5
6.290645072873907,22.234260756770706,18.5
6.070129196364535,22.0531544425986,18.5
6.067448257650677,22.05363565781701,18.5
6.069874164304931,22.221672544848573,18.5
5.861946710394344,21.877979047911218,18.500000000000004
5.19901241393647,20.08522319131767,18.499999999999996
8.004712853415914,21.696652759157878,18.5
5.641006521971021,19.209946195055743,18.499999999999996
6.272710885627585,18.570755595757554,18.5
6.926784546533018,19.757531228510622,18.500000000000004
6.285835762238318,18.87036355361689,18.500000000000004
6.492014640172924,22.414340271767028,18.5
6.470157680268307,21.89074999288395,18.5
6.72521061199432,22.239777729865022,18.499999999999996
6.5126147192740325,22.24224518315861,18.5
6.746616089805581,22.250255584652653,18.5
6.743289787563251,22.25439042317408,18.500000000000004
8.17351791322544,22.686804187010452,18.5
7.932616670395507,22.850723535805468,18.499999999999996
7.966546519063643,22.76295344416634,18.499999999999996
8.190765313797176,23.03004077514278,18.500000000000004
7.987208431855865,22.844553958993288,18.5
7.794166924908319,22.761986865534297,18.499999999999996
7.190773641678543,23.594763065175798,18.500000000000004
7.1886654750480234,22.61423107853323,18.500000000000007
7.596670682493318,22.68514144667779,18.500000000000004
7.995878721752053,24.025383167067606,18.5
8.253335637581216,23.701495754083904,18.499999999999996
7.993589680329771,24.03634192287459,18.499999999999996
7.176142973745838,22.597632292756526,18.499999999999996
6.741940144657398,23.679448125706557,18.500000000000004
6.916648011371541,24.651635479400436,18.499999999999996
8.25463098728268,23.230144802525952,18.499999999999993
6.460428995181404,24.578144617232372,18.499999999999996
6.892387014657823,25.08744216362853,18.500000000000004
7.135535799443557,23.791956581511567,18.500000000000004
8.20532866985501,22.59421890268779,18.499999999999996
7.592919252866274,22.874950482341404,18.500000000000004
8.22214974721599,23.67137997077535,18.500000000000004
8.018939735225443,22.94676911149262,18.499999999999996
8.222690687980496,23.11297679015315,18.499999999999996
7.590661743991456,23.123678678594338,18.499999999999996
7.110880776441595,24.32059291645233,18.5
9.32296611790183,23.404467628910556,18.5
7.577491194078711,24.667746386374056,18.499999999999996
7.999010988506659,24.474326406827714,18.5
9.315049725485501,23.392571230213616,18.500000000000004
8.705794125768822,23.775069506234658,18.5
8.261289937345742,24.106212786525717,18.5
6.541334707677704,26.595076008170327,18.5
7.406121338970269,24.19066777891765,18.5
6.988011666271186,25.7142422764348,18.5
7.004591492704976,25.88803815713235,18.500000000000004
7.187699455205243,24.8170515910492,18.5
8.484260623844051,24.31379681202708,18.5
7.822765850695818,24.737922618802273,18.500000000000004
7.806502983928156,25.213179124606825,18.5
8.914035038498168,23.687891267999536,18.499999999999993
9.333210262870217,23.43186736357459,18.5
6.982966048407985,24.49496132686015,18.500000000000004
8.684851303613573,24.263642423008513,18.5
8.063035387160808,24.554578673724826,18.5
6.991494148246681,26.22316242714203,18.5
7.194624754909873,26.95138811546329,18.5
7.189911749563245,26.501069684865428,18.5
8.06836557815551,23.962927528762044,18.499999999999996
6.242994689403814,27.0076556825805,18.499999999999993
6.962518442019682,26.048598737558123,18.500000000000007
6.7540775881472745,26.555069493265908,18.5
8.671750473393805,24.911794810561027,18.500000000000004
7.628630760997873,25.791087674726466,18.5
6.126457033833457,26.43991530786771,18.499999999999996
7.830912965332481,25.442791504176213,18.5
5.924993766645322,27.107973088116502,18.5
7.627353302321339,25.1618386985047,18.500000000000004
7.006115830130439,26.718040401641236,18.5
7.187753478925529,25.158389619951258,18.5
6.633459674694257,27.150133385942524,18.5
5.947702337162093,27.509484585751025,18.500000000000004
7.05012250987734,26.63308614185199,18.499999999999996
6.788121590861667,27.8672923706433,18.5
6.596639398611681,27.236083593972747,18.5
6.60826858266018,27.597695961075242,18.5
7.82058392048054,26.63716288530848,18.5
6.382022350429133,27.05662747838349,18.5
6.791451093855686,26.653281189911517,18.500000000000004
6.636935290947891,27.5149415546583,18.5
6.37273809905801,26.58190825358753,18.499999999999996
6.396225492164464,27.4915147768619,18.5
6.592059792439667,26.715758685829343,18.499999999999996
6.779476934027671,26.895510077586113,18.500000000000004
6.769272387070631,26.9084513788357,18.5
7.006526373246123,27.000103489545584,18.499999999999996
6.619631693392181,26.999841796694774,18.5
6.799683152855662,26.90859385941486,18.500000000000007
6.3803343298906405,26.91309455358326,18.499999999999996
6.597258190058917,26.71476375723644,18.5
6.400787892196758,26.925458149001585,18.499999999999996
6.4145518480510235,27.01513924890971,18.5
6.570667558129334,26.801362105465746,18.499999999999996
6.618941645964245,26.834144766160918,18.499999999999996
6.384978690045996,26.80849630315652,18.5
6.808545795206812,27.007445940080963,18.500000000000004
6.402243531364694,26.921945649185385,18.5
6.587395948264441,27.585683539317216,18.5
5.9400290577314285,27.157329260016564,18.5
6.586953244032713,28.50488322357487,18.500000000000004
6.6136301212697255,27.002755158487535,18.500000000000004
6.1443285976734945,27.418626996358512,18.499999999999996
6.183834444629331,27.172208147120614,18.5
6.78985432813498,26.788982140735865,18.500000000000004
7.1423453107623045,27.50535774965866,18.499999999999996
7.168139295063792,27.740040891946602,18.500000000000004
6.7539257366537155,20.439882242399314,18.500000000000004
9.604762048558772,22.598210222631153,18.5
7.835166565719312,20.981818948968986,18.500000000000007
7.476813913352015,21.10945515731144,18.5
7.823423857015823,21.16635338137371,18.499999999999996
8.72325369189139,21.630797519348885,18.5
8.584978413082627,21.096946277637233,18.5
7.627917108288525,20.438134838975397,18.500000000000004
8.547751033051885,20.48410219104801,18.5
7.597032641026997,19.972294732666974,18.5
7.850931039000074,20.18505772471118,18.5
8.120990092570953,20.649264679207068,18.5
8.94528325221163,21.46630004164354,18.5
9.022027507375839,22.526486287057892,18.5
10.504291872893667,23.306183221071834,18.499999999999996
10.246809525895584,23.112740803172915,18.499999999999996
9.827975783473564,22.873082358522865,18.499999999999996
9.217511791278724,22.265806913681953,18.499999999999996
10.237926748134576,23.120864445133925,18.499999999999993
9.577520633167508,22.007876624950505,18.5
9.487743566201521,22.76449888150407,18.500000000000004
8.131988732242158,21.18943468642882,18.500000000000004
9.88107919676056,22.503168576691927,18.500000000000004
10.045941747758421,22.60269098911101,18.5
9.837545182952923,22.777966517706254,18.5
10.082876483126809,23.028398859984975,18.5
9.904611559805204,23.197232105055104,18.5
9.885953775790359,23.138279692573324,18.5
9.868411536474536,23.31432135753851,18.5
9.681131954859039,23.313286883902336,18.5
9.926534011438806,23.149343111599478,18.500000000000004
10.304008625602778,23.289352649561067,18.499999999999996
10.34311045862503,23.009570506361243,18.5
9.682544597599158,23.274022921856428,18.5
9.702715104311284,23.255636740935557,18.499999999999996
9.687566404282839,23.319168177068654,18.5
10.107818752355394,23.354689522124737,18.5
6.72217622541152,23.145802854635658,18.5
7.930395387276617,23.33761656924805,18.5
7.397134521316304,23.2395988967201,18.5
7.854520230750101,24.062617984948147,18.500000000000004
5.722226265371973,23.704303046134513,18.5
8.0450214927637,23.450688331094085,18.5
8.971168535911598,23.598118750286215,18.5
8.951676009655214,23.606063481865768,18.500000000000004
8.218808448312918,23.380221756969636,18.5
9.194388965202085,23.769525386400097,18.5
8.559277981831196,23.375155256043232,18.5
8.784839236805686,23.51216689610534,18.5
8.471727757613461,23.714752619849225,18.499999999999996
7.012974110098652,23.49321575815609,18.5
8.314094225951024,23.261868762398347,18.5
7.787084919328207,23.19759065226983,18.5
7.54223053734786,23.411450658181533,18.5
6.338179712558225,24.12434654477496,18.499999999999996
8.672079867197104,23.624624570811942,18.5
7.894133862869239,23.32025130144211,18.5
8.157047731960553,23.51844567129205,18.499999999999993
8.10500348766278,23.32146005120159,18.500000000000004
8.093506855511624,23.625833546239214,18.5
8.125794364563896,23.433214393415682,18.5
7.011539216273139,24.047928727938476,18.5
8.044078875084296,23.940531038989533,18.5
7.68845822097037,23.69104150947864,18.5
7.653381108948109,23.873117765756525,18.5
8.506815598185108,24.042228980280548,18.5
7.887794031050447,24.757527533722495,18.500000000000004
8.638406192251269,24.39360939040211,18.499999999999996
8.110296956343939,24.61245251508234,18.500000000000004
6.387630477454431,24.932447047080096,18.5
7.834866445278651,26.72264762679591,18.5
5.876780559302311,25.76807530632047,18.499999999999996
8.27626308634325,23.595586965069444,18.499999999999996
6.39093678935228,25.650227853821487,18.499999999999996
5.478182476236545,26.334610106267686,18.500000000000004
5.440395284979162,26.07671726144613,18.5
4.9811627125351325,26.26361957139998,18.5
6.13602867206002,26.373354197915354,18.500000000000004
5.410200776673864,26.553981883497595,18.500000000000004
9.196260047546286,27.589441559032398,18.5
6.512697379451884,26.280580109733037,18.5
9.997362402679038,27.676397256263005,18.500000000000004
7.4451838429415345,27.419427920000008,18.5
6.948163121340305,26.925469552741102,18.5
7.379574556427359,27.156938073323193,18.500000000000004
7.328516724699321,28.23207663052589,18.500000000000004
6.203430656741483,27.177181503628642,18.5
7.464289353699423,27.338816336534485,18.500000000000007
7.665940839730634,26.99018784991092,18.499999999999996
6.327034128013008,28.145614352293084,18.499999999999996
5.962399832112498,28.227625601328885,18.500000000000004
7.9412845083618455,27.422601315654433,18.499999999999996
7.391317738149049,28.121741322287527,18.5
7.169357766233958,28.122197818012225,18.499999999999996
8.92487610415221,28.289690426863057,18.5
8.311191978916055,27.331964558272386,18.5
8.357379323065619,27.507602632752107,18.499999999999996
6.853844274254211,28.240832460275275,18.5
8.012587768999065,27.94840718687212,18.500000000000004
6.252618609519168,26.738162162884272,18.500000000000004
6.7683316193181575,26.883715064653394,18.5
6.85369279215038,27.065035846711165,18.500000000000004
7.561025987026522,24.385552961723846,11.099999999999998
9.83970946188554,27.061738337235695,16.658402612627963
10.052683613002657,26.876869563726558,15.897217585626624
10.267085334374094,27.15535714938788,17.04845595336613
9.832893666636078,26.97648942973608,16.666916115441953
9.850593648650571,25.453558584755925,11.1
5.893312706728981,25.195628911404995,11.099999999999998
6.94131195372182,25.0258328282315,11.099999999999998
7.215809711909612,25.900890246867267,11.1
8.102183599624391,26.082656189040446,11.099999999999998
6.092033662285255,25.186724297593784,11.100000000000001
6.071348933394286,25.013610282470857,11.099999999999998
5.892011779500461,25.094450245658017,11.1
4.75568515475317,24.917422557361114,11.099999999999998
5.83936651449811,24.916828043562006,11.099999999999998
5.175971978400935,25.00546574327546,11.099999999999998
4.982052253922268,24.830521882153025,11.100000000000001
5.134332242926247,24.666526243399684,11.100000000000001
10.552827831777396,24.75037848870467,12.509207993730541
9.878044329101675,25.014098208960124,11.100000000000001
10.268357362865002,24.841855743703224,11.099999999999998
10.532531728840784,24.83150000675912,11.448807888293928
9.175137866080082,24.65651993472487,11.100000000000003
9.87327042146482,24.93214885089564,11.100000000000001
7.644406065361056,25.638899656763943,11.099999999999998
7.366876752391473,24.590839936143624,11.1
7.55798738022374,24.520438224871842,11.1
8.040449800429913,24.244674145486062,11.099999999999996
7.553482600311076,24.78995566023289,11.099999999999998
7.81339772471375,24.32517837588264,11.099999999999998
5.631070753513398,24.237197886695565,11.1
5.561187151968942,24.237429784901458,11.100000000000001
6.4253627236177255,23.81920614720903,11.1
5.985122478457264,23.990462423934975,11.100000000000003
7.494578026804226,23.732346512979262,11.099999999999998
6.007343559711929,23.56087134292724,11.099999999999998
9.608260567707854,24.653248422275045,11.099999999999998
10.488867517946984,24.217159064331987,11.1
10.28881291068266,24.19759212810984,11.1
8.671052456638154,23.660158950136836,15.57329604147657
9.751680743904444,24.071951224463135,12.158168256812917
9.368633578877628,23.767340530272882,11.100000000000003
8.840760400967325,23.886979157240493,11.100000000000001
6.976858736419025,23.1716113807897,11.100000000000001
8.945299803167359,23.405878871997764,11.099999999999998
8.75839167923629,23.57285975958817,11.100000000000001
9.140782088268999,23.752615071452922,11.100000000000001
8.926433225778643,24.122038484441426,11.099999999999998
4.727763169780203,23.78522616208426,11.1
6.245442126217166,23.708329351954735,11.100000000000001
5.615891695819229,23.962089948958152,11.100000000000001
5.623897829000905,23.6102709993484,11.1
6.057516537472479,23.537471169984247,11.099999999999998
5.332666485206735,23.473859689618962,11.099999999999998
9.202884731802428,23.380490715629712,15.120506853679334
10.765075416578709,23.368351480651462,11.812386112339498
10.00727787610885,23.401154719146298,14.828534104938612
10.543008680653127,23.644487226442607,12.520147339568478
10.768231046339912,23.20356734098639,11.818325274229485
9.72969194436829,23.371985765929516,13.25778240604239
7.939118064734963,23.847570801544975,11.799180471835074
9.020070719606064,23.475872123774195,11.1
8.816904605942481,23.219633943534333,11.1
9.203212343674721,22.96599250850421,11.455548710751557
9.424094090559556,23.29829479251387,11.100000000000001
8.827949504908341,23.5514606275743,11.099999999999998
8.995901714296698,23.30706820592208,11.451014502036713
8.133507794366658,22.971659764326308,11.099999999999998
8.552983346555733,22.969276408119782,11.100000000000001
8.571191080321956,23.058821649130714,11.099999999999998
7.235636543906539,23.243802348418157,11.1
7.438851012116529,23.238933965441557,11.100000000000001
11.004311235976926,23.1141477092296,11.1
10.403837041115201,22.851839062907196,12.854105492347617
11.410055724122222,22.757713969206762,11.785016742524387
10.407197356917733,23.087570898197242,11.100000000000001
11.409626968899758,22.84440105252047,11.797053704114358
11.175276014479776,23.10010284720531,11.1
9.003880750490232,23.821238924013144,11.1
8.800759266153191,23.72493155215755,11.100000000000001
8.778027236709075,23.033833253136095,11.100000000000001
9.30419991410463,23.523546001586958,11.100000000000001
9.275242964536401,23.728954897081913,11.100000000000001
8.527686041508723,22.831137670132193,11.779609409854165
7.966551264175339,22.961886325655932,11.1
8.805418328216819,23.03695641011431,11.1
8.397613867885926,22.951873067357717,11.100000000000003
8.864751391184246,22.77808697596126,11.100000000000001
9.21469440418798,22.94871271745606,11.1
8.850230486416077,22.61531692670885,11.100000000000001
9.356452500859756,22.313616473059554,11.784146352796682
11.406631465857533,21.52450045958735,11.100000000000001
9.730527873851763,22.037610530569687,11.441282136547636
11.402684453691757,22.145244174301503,11.099999999999998
11.169202948395348,21.52295763662808,11.099999999999996
11.193711499798466,21.98456269845724,11.1
8.28618043227077,22.196458401708824,11.1
9.295108752371284,22.661362870221314,11.788332121864187
9.09919322749778,22.476552060861607,11.099999999999994
8.223744499843669,22.37427885130691,11.795227451027639
9.132975225714429,22.229327964890004,11.100000000000001
8.009809072461497,22.22028078599643,11.1
7.9220161892418455,22.507094830949477,11.1
7.28622940422461,21.9605630127622,11.1
7.923640623083651,22.320593964271996,11.100000000000001
7.696832834620974,22.231510709318222,11.099999999999998
8.24184758434918,22.404819660549542,11.1
7.275428004298713,22.326056866303738,11.099999999999998
11.144924650064151,20.535600860925086,11.099999999999998
11.370321135558807,20.4586707082528,11.1
11.375204351350815,20.639067791240002,11.1
11.979033888119927,20.021541794219303,11.100000000000001
11.168730423166322,20.37229581521905,11.100000000000001
11.795533105638754,20.52752939912924,11.099999999999998
9.655865359289695,21.001691381572773,11.099999999999998
8.861029239219377,21.61550347434899,11.099999999999998
8.86999448468932,22.033658814368582,11.100000000000001
10.306436219228143,21.422090401891687,11.1
7.696030013317144,21.608816914073962,11.100000000000001
8.004432270947817,21.77943308493938,11.100000000000001
7.478028528810145,21.953038157510683,11.1
7.544797531493566,22.137228335211432,11.099999999999998
8.188649094603242,21.707033895390165,11.099999999999998
7.549264500380501,22.221903456865455,11.100000000000001
8.195274708102326,22.22170941197167,11.1
7.735717092747945,21.79233626962796,11.099999999999998
11.585930817292391,19.206379581983505,11.1
11.330463465139438,20.01762608838343,11.1
11.368330850379545,20.34015757271525,11.100000000000001
11.374299953221598,19.996399024948897,11.1
11.151671280803452,19.99158823247507,11.1
11.39524721348996,19.96985466021682,11.100000000000003
9.219772996725766,20.26647355489436,11.100000000000001
10.059201194871658,20.016251365817983,11.099999999999998
9.853088194299247,20.00983778288154,11.099999999999998
9.416903244383256,20.61696266126387,11.100000000000003
9.217323667025228,20.26369196701767,11.100000000000003
9.856377262314957,20.18013349793541,11.099999999999998
9.213268657280027,20.43920828404686,11.099999999999998
6.255925287796311,20.43147185677124,11.100000000000001
8.734909796872666,20.43940471061706,11.100000000000001
8.278879642184442,20.52757876262359,11.100000000000001
8.28476317846053,20.269805292731967,11.1
7.8460534715139385,20.35793630499719,11.099999999999998
8.313863886292287,20.357787901751607,11.100000000000001
7.60788258627046,21.06392091826728,11.100000000000001
8.10512938526542,20.709147569068445,11.099999999999998
8.475848361787959,20.88566501012602,11.1
7.826141705956155,21.06463894942815,11.1
8.734820645651885,20.704983489105526,11.1
8.492859903943879,20.532838380604282,11.099999999999998
8.759150112033097,20.533137353255338,11.099999999999998
9.63619367585389,20.262463758524966,11.099999999999996
9.194722932462057,20.35380328228283,11.1
9.176888866642562,20.5273103427186,11.1
9.434070063218547,19.926801074309658,11.099999999999998
10.926299708504471,20.617869082647193,11.099999999999998
9.768545852985799,20.891809998076333,11.1
10.693684577668208,20.522204772302437,11.100000000000001
10.509952307452595,20.81207976450912,11.1
10.914898252720768,20.803215224679725,11.099999999999998
10.69106658090374,20.810412290008077,11.099999999999998
7.2974093369361235,22.223474588738345,11.1
7.314737535924751,21.761210097240884,11.1
7.810321145679608,21.589530747430054,11.099999999999998
7.183139143818816,21.677147031505122,11.1
7.360209729303838,21.756535376880812,11.1
8.285793721178685,21.426188781241763,11.100000000000001
7.289431783930891,21.8606692353574,11.100000000000001
9.161021965162346,21.060740218429515,11.1
9.625026597358671,21.2394242361923,11.1
9.203917541278418,21.158098249732024,11.099999999999998
9.637813955760913,21.424403417780265,11.1
8.539654588752914,21.69589190443247,11.099999999999998
9.519845796183544,21.43118905413618,11.099999999999998
10.15883443263027,21.77054281358555,11.100000000000005
9.68606745480949,21.5154667898345,11.1
9.650014640565225,20.921035402063612,11.100000000000001
10.286130517872447,20.910544519511635,11.099999999999996
9.642374454320908,20.99728741161406,11.099999999999996
7.379963805887957,22.321490652850244,11.1
7.189678777431498,22.23603206228115,11.100000000000003
7.881374758746209,22.53939142861582,11.1
7.498131343187132,22.252888659672216,11.1
7.017552107148646,22.604594359275115,11.099999999999998
7.288496195573783,22.494745472237895,11.099999999999998
8.014778276442605,22.3486828164463,11.099999999999996
7.911951994210487,22.324962444822216,11.099999999999998
7.985604914959354,22.503857969456195,11.099999999999998
7.9676688910208195,22.257278292838276,11.1
8.168966642423598,22.580232964316423,11.100000000000003
8.448272551008579,22.588021551959336,11.1
9.592179430112388,23.242270619630073,11.099999999999998
11.42385196973709,21.72647033286945,11.1
11.434655411086228,22.169542013507122,11.099999999999998
11.024361656863434,21.886137778621563,11.1
11.407248015348971,21.97532898027177,11.1
9.82051631321946,23.066327193241815,11.099999999999998
6.056718620589544,22.79427172480976,11.099999999999998
6.302378505904833,22.92078908869177,11.100000000000001
6.068760263196224,22.942675454610477,11.1
5.873667437868332,22.771285567980986,11.100000000000001
4.936047388670645,22.776697998534456,11.100000000000001
4.738348710384768,22.771905054560698,11.099999999999998
8.844102017672204,22.676896407263307,11.1
8.203023334902852,22.685160094155666,11.100000000000001
8.854228778319497,22.850373655941148,11.1
7.996248082284977,22.687098269089432,11.100000000000001
7.926113155732009,22.523936150285664,11.1
8.0085873103649,22.341366936685304,11.099999999999998
9.787051108910113,23.011283561264598,11.100000000000001
10.573694252757681,23.44475960045023,11.451893410423224
9.400596895761502,23.47124724029964,14.036669001066722
11.041831741907657,23.155174261223245,11.099999999999998
9.78835087993282,22.913971193873895,12.145212171622958
9.206284274536229,23.26678343741775,12.12165981482072
6.981784715289894,22.97052070868245,11.1
4.946988852401968,23.768619658680812,11.1
5.12897678176057,23.45914077218139,11.1
5.844901804601324,23.23005372595516,11.1
6.988726939001152,23.06253903787189,11.1
6.750618922632409,23.06428201988123,11.1
7.872995909766676,22.81334347353167,11.099999999999998
6.9807736028697365,23.86320501991322,11.100000000000001
7.403377345296031,23.257888068675346,11.100000000000003
7.211493744077263,23.603994685342315,11.099999999999998
8.312866727318795,23.06838681727912,11.1
7.412242643759257,23.157760165048302,11.099999999999998
9.306328552982183,23.30175008455599,11.800232838758955
9.48874738432875,23.029007707015857,11.100000000000001
8.839974844342581,22.954266624401786,11.100000000000001
9.753128640518616,23.444115212783416,11.437157158727034
9.047807287290498,23.299180240612046,11.100000000000001
9.561051904206126,23.789473408023547,11.099999999999998
7.152059255805264,23.2686536465209,11.100000000000001
6.293012952475506,23.52266867905573,11.1
6.4602112481582035,23.451020244803065,11.099999999999998
5.375948309154131,23.467987271957792,11.1
6.579928693062712,23.552951885298693,11.1
6.504137555036383,23.364809658759143,11.099999999999998
6.885728969618088,23.538279985686117,11.099999999999996
6.942777667791733,23.33958661601295,11.100000000000001
5.174280734888282,23.877832542874653,11.1
5.139947605374778,23.886142097869445,11.100000000000001
5.565395745442239,23.96559971682368,11.100000000000001
5.5974600198727735,23.466315121504998,11.100000000000001
9.00186326105702,23.951239448458665,11.1
9.73281718285822,23.874552586342688,11.100000000000001
8.79156779402113,23.81478821465374,12.935454089418439
9.975648724350098,23.944448105397825,11.099999999999998
9.321624873831835,23.56796747969023,11.1
9.726046826421118,23.629040704108235,11.1
4.746334168490845,24.28555668972572,11.1
4.31717183847668,24.14982465440404,11.099999999999998
4.535877207949929,24.290268257599752,11.100000000000001
4.331286420800088,24.46274862599789,11.1
4.68546745191563,24.474240265287996,11.1
4.544945714650939,24.37837871516471,11.100000000000001
5.843215719891347,23.870625174824745,11.100000000000001
4.955703030574903,24.034913528197354,11.100000000000001
4.534653142635811,24.292211210292137,11.099999999999998
5.7819876640638235,24.551882741167915,11.1
4.737070632479143,24.13257563053132,11.100000000000001
5.170317499682709,24.128599517980003,11.1
9.19398590991604,24.38094619032678,11.1
8.421013378445442,24.573173172241066,11.100000000000001
7.560372949825842,24.688629557577,11.100000000000001
7.852057039511777,24.841021745879537,11.099999999999998
8.0903218142756,25.193173028581043,11.100000000000003
8.964040900272659,24.476180705528947,11.100000000000001
4.544684051312832,24.569482752248984,11.099999999999998
4.314368224721652,24.58558850451091,11.099999999999998
4.748748166288716,24.664273587369788,11.100000000000001
4.942882051321291,24.831152570994078,11.1
4.754990491251208,24.91997691487684,11.100000000000001
4.94254098595514,24.65908764196498,11.1
5.170199531231304,24.666280712136288,11.100000000000001
6.513448137405903,24.843565202279414,11.1
6.091686631836626,24.492413032235522,11.100000000000001
6.274275666149929,25.44374699011026,11.100000000000001
6.749880228529078,24.92607926495715,11.100000000000003
5.1844520234522635,24.750262130517328,11.099999999999998
8.490006604495454,26.071313090524345,11.099999999999996
8.01333142996115,25.386890735980632,11.1
8.697516033825742,25.90646525357611,11.099999999999998
8.203116304365548,25.209962070044426,11.100000000000001
8.26984704616048,25.901046154253237,11.100000000000001
6.516651710325976,24.67026709095192,11.099999999999998
8.33347268688603,26.256198998800674,18.5
8.742043541507947,25.23491841439902,18.5
7.3502190993839465,26.615790105071046,18.5
6.968767619678922,26.07661532935049,18.5
8.744732873652373,26.525150959239888,18.5
8.71382330487968,25.392237801792533,18.499999999999996
6.945143013215883,28.391873975881264,18.5
7.17505442147153,28.133506081082622,18.499999999999996
7.376180981221513,26.995545172600664,18.500000000000004
7.031497077775889,27.585188063025456,18.499999999999993
7.719007373141125,27.419427920000004,18.5
7.38293990187654,27.419427920000008,18.500000000000004
6.4849110030875154,28.58013702492036,18.500000000000004
6.4950504259460695,28.77127716568636,18.499999999999996
6.32819830144024,27.257225760865612,18.5
6.909881645394071,27.41942792,18.5
6.739568575522782,27.340076418895837,18.500000000000004
6.832065181406434,27.4974069501065,18.5
9.1247614232808,24.38178011693324,18.5
8.706501454052193,25.206468406870243,18.499999999999996
8.867375732579719,26.356827750889867,18.5
8.581445787411903,24.898320679362904,18.5
9.01395867169663,25.99540556581749,18.499999999999996
8.71139541971142,24.43058089642139,18.500000000000004
7.800812722603057,25.179659146474396,18.5
6.515736469177854,24.82391420474452,18.499999999999996
7.139308226645236,25.614719273698356,18.500000000000004
7.177694759590749,25.635471763116758,18.499999999999996
7.16108661321262,25.290032048023253,18.500000000000004
7.824914351991866,24.131003740301672,18.5
5.835537753456895,26.135736637269364,18.499999999999996
6.040851630533423,26.551742513985012,18.5
6.4369214161661334,27.0011385915676,18.5
7.20147057619201,27.34435458131946,18.499999999999996
7.38343602347825,26.988748497356784,18.499999999999996
5.411857434107941,25.4305527267663,18.5
8.392370821259947,24.46222173344351,18.5
8.259853217724814,24.506015612721868,18.5
8.415930200296456,24.744960536047543,18.500000000000004
8.942946749605353,25.077823241196253,18.5
9.019644443778647,25.103457438665043,18.500000000000004
7.847873767316664,25.108230089759928,18.5
6.910540098347527,23.739529985068263,18.5
7.661562058087496,23.78337862390402,18.5
8.579635708881518,23.33019712583633,18.499999999999996
8.685800581141379,23.946365866107136,18.5
7.957528450293881,24.493112963083348,18.5
7.556508382286285,23.973902540747464,18.499999999999996
4.776261319161794,24.362672978868133,18.5
5.3814392026202205,23.851419705755948,18.500000000000004
5.783733346124946,23.858658607192883,18.5
5.204426204498926,23.70732326875225,18.5
5.378795684530573,23.849403876421178,18.500000000000004
5.059760678131434,23.628399203234583,18.500000000000004
8.377697289371778,23.47303057646224,18.499999999999996
8.585638052667711,23.45557749206086,18.5
8.541629989280057,23.492421281835796,18.5
8.373050804657883,23.48757751383644,18.5
9.111559588357096,23.636629125771265,18.5
9.002515203653992,23.549140355067614,18.5
5.441453559122652,23.487507353967548,18.500000000000004
5.89678878006616,23.964591938415587,18.5
5.90033486416149,23.712812297458882,18.500000000000004
5.673911332288741,23.314529697654,18.499999999999996
5.575477656447664,23.499765903667473,18.500000000000004
5.859923270963827,23.96242814598686,18.500000000000004
7.3228897525150485,23.38281013301496,18.499999999999996
5.461312515361323,22.856743298232356,18.5
5.578966603472347,23.463422514846517,18.5
5.574871699694727,23.420341566218642,18.500000000000004
5.32262044513979,23.630073843274662,18.5
4.960826999762723,23.541795358464455,18.5
9.939724180171316,23.5152205363664,18.5
8.5908326592596,23.284904621299805,18.499999999999996
9.062456868383439,23.44522477674785,18.499999999999996
9.01474549817236,23.372771844851183,18.500000000000004
8.832327669583938,23.361401401263937,18.5
9.241884297486099,23.54325555860744,18.5
7.379691792383476,23.41559813341857,18.500000000000004
6.493179911582995,23.361687858411052,18.499999999999996
7.416668440089601,23.84868444893396,18.5
8.225119198460485,23.785461313656274,18.5
8.009237308354363,23.8749929500554,18.5
8.21277856663278,23.42362619371236,18.5
8.282135128103315,23.649908971653964,18.5
6.696208861221172,23.129116864170985,18.499999999999996
5.66284715480615,22.067592578312286,18.499999999999996
7.918452286754181,23.09263168475823,18.5
7.366863564898679,23.389723161795548,18.499999999999996
5.654626689847027,22.14004134573693,18.499999999999996
9.01578333080926,21.620236795694506,18.5
9.732267420201557,22.7485760437166,18.5
9.505161835319319,21.738635022247443,18.5
9.706319307911023,21.908016870592224,18.499999999999996
9.745251173755939,21.91996657769026,18.5
9.930178178069895,22.752246548220302,18.499999999999996
6.424541225264937,21.530431298629296,18.5
6.97087372760789,21.26563519349808,18.5
8.026599606401232,22.418100554141617,18.500000000000004
8.04128476592395,22.157183416863326,18.5
7.127363448867721,21.7829195187949,18.500000000000004
7.532328886868432,21.696319322855608,18.499999999999993
8.146030266558379,22.924768589467053,18.500000000000004
7.96148019385194,22.74506880479861,18.499999999999993
5.848481600816583,23.46425500667686,18.499999999999996
7.277113631638661,22.836221020196962,18.500000000000004
5.7919891054883355,21.63071222461489,18.5
5.713836791422002,21.000073592166675,18.5
10.114691991614702,22.73184707704059,18.499999999999996
8.385475225602093,20.833659840443833,18.500000000000004
9.028288655719496,21.184969556617684,18.5
9.25847553531792,21.376507076626687,18.5
8.842079914246359,21.119271528692103,18.500000000000004
8.348795821834841,20.63432525505828,18.5
7.8260482955336075,22.0548405164222,18.500000000000004
7.821582395491819,21.77303509097231,18.499999999999996
8.963841001656485,22.31147694314412,18.5
7.384084278092652,21.41033677095131,18.5
9.419830613018927,22.519391472515686,18.5
9.768760432503326,23.298630177063473,18.499999999999996
4.531089919009098,20.35216348723284,18.500000000000007
6.000201388323827,21.42498903535862,18.5
7.5611751028832455,22.403437832821062,18.499999999999996
6.504643467692286,21.880345832909885,18.5
7.5631627300068125,22.224006815314965,18.5
6.936117176432783,21.883092383237262,18.5
8.571520092359458,20.56440081984588,18.499999999999996
8.352241684722568,20.287747337563655,18.500000000000004
8.593359343651478,21.536168295131635,18.5
9.280117727871678,21.96656089819037,18.5
8.403819465845253,21.01465370530813,18.499999999999996
8.618492309612009,21.635630593748868,18.499999999999996
4.538486642982384,18.655182420753583,18.5
5.187401797468653,19.155388706208722,18.500000000000004
4.767051128113167,18.871783291117037,18.5
4.767668574110848,18.600042162833226,18.500000000000007
5.386182922089334,19.553396679829685,18.500000000000004
5.1874713014026685,19.175715310953095,18.499999999999996
6.066292233267811,20.993557433564,18.5
6.148823552492591,20.21255152710973,18.5
5.660172478126776,19.494896765727052,18.499999999999996
5.687239599737833,19.93633600509623,18.5
7.69983067859052,21.18633644925529,18.5
6.067158827689879,20.6301626560651,18.5
4.1253779,19.28952149480328,18.500000000000004
5.185367590340629,21.261373275983214,18.500000000000004
6.08013613874977,20.99366576096063,18.5
4.327663285464931,19.255854289181933,18.500000000000004
4.125377900000001,19.279101585438617,18.500000000000004
5.189757820014221,20.194922826581163,18.5
4.543244647643806,20.07605611493741,18.5
4.756954447683983,19.26213823080824,18.499999999999993
4.550810912928407,20.08311989181721,18.5
4.983183742633343,20.54728844566176,18.5
4.9787659799745425,19.051616121621677,18.500000000000004
4.55928431379297,18.505963827087633,18.500000000000004
5.850272964298776,19.073372120004507,18.500000000000007
6.563465492526188,20.265765175279565,18.499999999999996
6.998638749155204,21.084332609061992,18.5
6.390136062032448,20.38507351745222,18.5
6.080010783626271,19.702244731528555,18.5
5.696333078261799,19.480709418385256,18.5
5.508521146884686,20.732108266651093,18.500000000000004
4.697083061023269,20.871846561258266,18.5
5.270302558713105,20.688733308223107,18.5
5.101168863699971,20.78595446051495,18.500000000000004
4.718193848598979,20.71970573223752,18.499999999999996
4.879966087452829,20.67015663657361,18.5
7.075342118141096,21.67127104868927,18.500000000000004
8.440937762754013,22.656643927430288,18.499999999999996
7.540828217048217,22.0596420396069,18.499999999999996
6.10453503773097,21.079274348381027,18.5
6.035939699755951,20.980430647126,18.499999999999996
4.951625072078603,20.7175595400876,18.500000000000004
9.174748209982967,22.58399630337562,18.5
10.253727981913237,23.09713763038622,18.5
9.019629600585663,22.25179250162576,18.5
8.600466396695493,21.299827183283405,18.499999999999996
8.754579199561082,22.249373964317588,18.499999999999996
9.25011667814584,22.342149152459182,18.5
4.331199772441279,21.516335854112114,18.5
6.218000731472012,21.542996678975197,18.5
5.453257138612718,21.13964279986551,18.5
4.725838771482902,21.27575035666093,18.499999999999996
5.103876553897021,21.30278536196549,18.499999999999996
4.322146726728422,21.152273491246262,18.5
9.084180792773466,23.258109616859404,18.5
9.60861218783556,23.375032790972806,18.499999999999996
7.134209483425,21.793323973691724,18.5
4.724897176447681,21.322643007930708,18.499999999999996
7.314576064833262,22.0367221769629,18.5
7.70124117023648,22.1303399383112,18.499999999999996
9.0228483269212,21.98022031208023,18.5
9.51848691461752,22.863779533013382,18.500000000000004
9.299368119766605,22.783194238180403,18.499999999999996
9.894544869440267,22.95217025040931,18.5
7.944274266823202,21.987821508902258,18.5
9.302885540560258,23.182423299606356,18.500000000000004
4.342192034004108,22.16507946587428,18.500000000000004
5.973230747466748,22.81593339043777,18.5
4.731526872398462,21.544427175325406,18.499999999999993
5.933329835605768,23.356771347192392,18.5
6.366683253102133,22.834646613170925,18.5
5.334012810907219,22.219366248364295,18.5
6.204308954842424,23.42605974271578,18.5
9.235871471942765,23.520069509704545,18.500000000000004
6.14124208666612,22.643885554503324,18.5
6.513308489894179,23.399599528696267,18.500000000000004
5.351915824662085,21.791079569443767,18.5
6.103042998021303,23.45613306421478,18.5
8.325895629395605,22.47330918581863,18.500000000000004
9.636387540439348,22.565536974954405,18.5
7.740361713888954,21.57031863280589,18.5
9.635921688964931,23.039599633094262,18.5
8.985858268191059,23.407027150325625,18.5
9.207505207072655,23.30677655070043,18.500000000000004
4.537211236789936,24.07802902980106,18.5
4.897944360995245,23.58084260675557,18.500000000000004
4.90095126184781,23.51696894205493,18.5
5.134055217207377,23.58380892753201,18.499999999999996
4.539635499669976,24.15523756312552,18.5
5.309224163235706,23.73475197929157,18.499999999999996
5.396917681647738,23.472043136414527,18.500000000000004
6.687534937068718,23.731583567750324,18.499999999999993
6.889326810659785,23.217656189258552,18.5
4.867459513802542,23.49325207174583,18.5
6.714107327897874,23.11843533493976,18.499999999999996
7.543626274619661,23.47929023507683,18.5
8.837643640799879,23.98527213785458,18.499999999999996
8.937255573636945,23.59943561315673,18.5
7.3794920160001665,23.72729078609672,18.5
9.283392907972626,24.351179189942993,18.5
8.597032713617352,23.514986919180775,18.5
9.104868276075202,23.57471662888681,18.5
6.090485617505235,25.571459042784003,18.499999999999996
5.4064457610150995,23.99182952744349,18.5
5.39234092927189,23.910357774566116,18.500000000000004
4.954621330630065,24.174841395783073,18.499999999999996
4.722628753389261,25.354593889608367,18.500000000000004
4.750369696832912,25.443158752088006,18.500000000000004
8.454177494511113,24.899033621840026,18.5
7.0235714315743785,25.650070227328023,18.5
5.673698412496413,24.916411204525463,18.5
6.35798321620702,24.28674562326166,18.499999999999996
8.094366072537113,24.43311452702165,18.500000000000004
6.331884663632924,24.68396466446091,18.5
8.76987053670922,23.504125131646177,18.5
7.63045666745811,24.24251120242133,18.500000000000004
8.054804998063718,23.78790474444815,18.5
6.9932408394367,23.51061792606391,18.499999999999996
5.854010040491273,25.372229430232164,18.499999999999996
6.968241744578407,22.934501111327798,18.499999999999996
4.896883917191137,25.68401783335033,18.5
5.374031121277092,26.132800650044643,18.5
4.942390733754411,25.76765663910936,18.5
4.754585985025293,25.51261279812254,18.499999999999996
5.22846668820762,27.721238381150652,18.5
4.728819048589049,25.302276104625953,18.500000000000004
6.230104973097122,27.506651576022417,18.5
6.579714085811911,27.231251365237817,18.499999999999996
6.7767445631510705,26.884702629696797,18.5
6.381427283181605,26.523571670446493,18.499999999999996
7.829789029795721,26.258645224915803,18.5
7.650264668527543,26.911502035061766,18.499999999999996
5.411555819924921,24.898273678768646,18.5
7.61774360647621,26.690565242850454,18.5
8.895704007770073,26.561213397467398,18.5
7.216918992369936,26.25383549165681,18.500000000000004
9.15678604413651,26.7986479864698,18.5
6.267606672752474,25.510428082346614,18.5
6.164589356582399,27.01569272383816,18.500000000000004
6.188653853765746,27.4163425004414,18.500000000000004
5.78170660073145,27.191342573476764,18.500000000000004
6.044178406206408,26.919137100286598,18.499999999999996
6.502738879711968,27.348549861188626,18.499999999999996
5.255683486221515,28.13015899286256,18.500000000000004
6.0877353666431056,28.052771120910784,18.5
6.723900697736691,28.564887019537245,18.5
5.6507446294048655,28.25290431252024,18.5
5.656501025576475,28.421096253609168,18.5
6.2536069691911536,26.649459358589517,18.5
6.4891856189198895,26.745750940270305,18.5
6.909350043905295,28.391759172745303,18.5
5.370909130801185,27.968636539210753,18.499999999999993
5.770604143617851,26.07398398517182,18.500000000000004
7.455746571926801,26.84004464804398,18.5
6.516692986228572,26.182116028446288,18.5
6.212309311146715,28.03610365426378,18.5
