4.125377899999999,24.098100607478308,18.5
4.1253779,23.156671712635323,15.146563844857715
4.125377900000001,24.0935732774637,18.500000000000004
4.1253779,24.065482081351476,18.500000000000004
4.125377899999999,23.48110452778678,17.383735392804187
4.1253779,23.149171379090344,18.5
4.125377900000001,23.61424263354532,16.833178764536484
4.125377899999999,23.977895216843645,11.69873879670624
4.1253779,23.912479631258538,12.32466878233849
4.1253779,23.414399084530302,16.406721385705254
4.1253779,24.072366772172778,11.735712574225351
4.1253779,23.391780611579513,17.7345578111218
4.1253779,23.58898333994346,13.5759205067815
4.1253779,24.13319723070666,12.018528749252688
4.1253779,23.888086417009312,12.35266096693525
4.1253779,24.047904002602728,11.932194481938872
4.1253779,23.40803114773915,16.99684474774692
4.1253779,23.404569598613108,14.009216387766415
4.1253779,22.924585847080376,16.617335806469054
4.383394747165642,23.28963189524858,14.863842024420839
4.590544104223131,22.458915013034016,16.545316722479487
4.905933205357417,23.178570148389014,14.898641945654433
4.1253779,23.3080634451134,15.7766538702394
4.3919123251888115,23.611112075411217,13.898232327305749
4.1253779,24.102166279034368,18.19688500901018
4.1253779,23.802009520945294,11.916755543962356
4.1253779,23.86306983674171,11.779621129043107
4.681221279744691,23.618344818412265,11.977730420300952
4.1253779,24.101576792544265,18.5
4.125377899999999,23.88095360119869,17.705667424339435
4.125377900000001,24.06163512894156,18.04711130601744
4.1253779,24.031115862907004,11.891823387071163
4.125377899999999,23.4117256857525,17.189927073766
4.125377900000001,23.40325409012096,17.22520849172976
4.125377899999999,23.395774630408866,17.253811691945717
4.1253779,24.02841139501877,18.177344471876076
4.1253779,23.747080576805704,13.212484161825836
4.125377899999999,23.85106677320592,13.838422323115264
4.1253779,24.056727905707675,12.438770330864077
4.125377899999999,23.747430754596426,13.204791183358687
4.1253779,23.624805287396704,14.445552102701976
4.1253779,23.70821269874615,13.31620540578501
4.725982817817552,23.13439814234362,12.513050925974985
4.1253779,23.442305385201198,17.327094619968054
4.405516703757762,23.291482466818874,14.178570313692623
4.125377900000002,23.401957770644966,17.361208604960975
4.125377900000001,23.643699656015713,13.580388937656156
4.1253779,23.401957643154088,17.36120922528783
4.125377900000001,24.521143245416873,11.100000000000003
4.1253779,23.625928014535052,13.433881358420185
4.1253779,23.87795867087127,11.770982303695579
4.1253779,23.62823015168861,13.409155707034685
4.1253779,23.50501503485105,14.056785013055173
4.125377899999999,23.81788837644778,13.018030328961634
4.740345888683232,22.947407427019336,15.868086742773507
4.626555270690055,22.90380077998928,16.189500999090797
4.618892171993617,22.67135335887855,16.723732542683887
4.6553860275403,23.171345410444516,15.539612267244603
4.650659015186207,23.080482196773243,15.50001502960334
4.631372538636985,23.062188356631072,15.542470245042502
4.364549748642002,22.724520672325603,15.620258273330437
5.8957350688118835,23.116572963863526,11.937760211201713
5.572497697825692,23.127289967254775,11.99474176654808
5.0199056171189556,23.017718727762514,12.563577180050974
4.404595261555018,23.59411984303676,11.96974558071973
4.692586667794681,23.587097819841386,11.99567933786649
4.409813475679904,23.54977447838552,11.907876571172569
4.1253779,23.827882135310432,11.780893386298388
4.409813590097487,23.549774472926785,11.907877118595223
4.125377900000001,23.716105676094955,11.703167125467832
4.1253779,23.863070090917077,11.779621938020933
4.1253779,23.82788207897597,11.780894347885805
4.887238406389292,22.965136359007392,15.533172294437653
5.398270561026504,22.92400456181472,15.639980408353079
5.437792063736217,23.047459905436718,14.698329513604058
5.5734349074876475,23.018260588350433,12.555876137984248
5.886310780875475,23.120813665223793,12.0108785926673
5.206128510194432,22.703119587618815,15.589029992403212
4.696537121898941,23.806180121675496,12.00191675010115
5.40947621021416,22.69367259775494,14.32728015193199
5.312473007744601,23.206821311935624,12.018629542986742
5.4391128084727605,23.108390127727503,14.778186694510186
5.631481617171502,23.008652633266653,12.5497918934608
5.019905659991136,23.017718816842848,12.563576533714835
4.389119582446584,23.944871715558914,11.921539987687916
4.125377900000001,23.74162080208135,11.77730058271509
4.125377899999999,23.742921901376246,11.76862386624936
5.279168061353081,23.346929502566415,11.998301094310246
5.356491819261937,23.333830020454833,11.989192337452808
5.255714046956768,23.471790376193855,11.998698541314209
5.80611242016424,23.23170857830099,14.52992089302237
6.016053836570878,23.24209116950082,12.05447854345599
5.146198834735324,22.443039768619528,16.167194787394546
5.558388399428183,22.133500817366837,12.821438565602149
5.339797782179746,22.879894529472523,12.538579899397172
4.921096118920727,23.142163166602508,14.525787361052611
5.643225867987926,23.219204521145034,12.056772610584714
5.629335953189232,23.085880746075723,12.042544701951217
5.521199898808353,22.4432058280923,12.970463206832559
5.8768719677436865,23.161518279755402,11.995444548498082
6.190817834116766,23.001856159276194,11.953412844886678
5.5583883158786715,22.133501164721782,12.821438995777795
4.1253779,23.78940823780654,12.473582362636842
4.419793164981509,22.38506967828166,12.71776796130477
5.312535769009179,23.35234412322464,12.043876013231529
5.832422141732405,22.562370806107886,12.940399420531811
4.419891494352636,22.380349900361427,12.82721092366793
5.243498122997381,22.353268435446214,12.949471519968228
5.040804655675116,22.38738049243606,16.896553070477022
5.675046765921701,23.05257118665351,11.991193997691022
6.468055002347434,22.19171947734211,12.85114263041929
4.894807742259103,22.08375204019844,15.784524261578557
5.302961428889262,21.842780057039207,12.874425763706423
4.125377899999999,21.509982162873605,17.696908449126333
6.285412903550866,22.939260300492176,12.01397220546754
5.944367220869226,22.97808040717024,12.053591100877805
5.644917109986754,23.220501393266847,12.057839884389743
5.52119996699412,22.443205795756263,12.970462821803846
6.285412926994088,22.93926047957585,12.013972161915554
5.638223378239496,22.965658004271656,12.04075659477765
4.1253779,21.802654515117627,12.701958915046552
4.974870694923773,21.794077952205313,12.766844111921046
4.1253779,23.844548257429743,11.787299799414502
4.7140223042596245,23.194206514894493,11.974514909784325
4.1253779,22.50239357731033,12.701725021975339
4.404766087962507,23.664092747545414,11.89354096310778
4.1253779,22.01594415165284,18.5
4.1253779,22.507732450929296,18.499999999999996
4.125377899999999,22.507732694135207,18.499999999999996
4.1253779,21.820760699388554,18.123406042723907
4.1253779,21.551799683428325,18.499999999999996
4.125377899999998,22.636556412893135,18.499999999999996
4.1253779,21.51392981978283,17.717863634970474
6.4656456687854496,21.95709687193959,12.849335840806704
4.1253779,22.50773215146887,18.500000000000004
4.125377900000001,22.63655564886089,18.500000000000004
5.174695528767619,22.4633092215762,15.647073244188242
6.285414003839113,22.939259942387913,12.013970429427898
4.1253779,22.808984908617873,15.575499632585274
4.1253779,21.61842770359593,17.609881394964617
4.125377899999999,23.622383894616284,11.786414411887096
4.1253779,21.617599754584514,12.934270234570944
4.328986005918493,21.381762810098593,18.499999999999996
4.1253779,23.276297607077648,14.496515376326355
4.125377900000001,22.636555957141663,18.499999999999996
4.3912759490012325,22.15544151830396,16.531230624631174
5.930700043440542,23.085150340230726,12.041875056662676
5.5712547100146566,22.371174947795605,12.836890662338218
5.1746944978713225,22.4633087799288,15.647075658883924
4.332087869200368,21.599103794836726,17.723010845474242
4.328986622425536,21.38176174959819,18.5
4.1253779,21.50998101957391,17.69690794450199
4.125377899999999,21.98269864225855,18.5
6.48263191407669,21.842013989182778,12.880824463074653
4.125377900000001,21.509981348755623,17.69690926773811
4.1253779,21.50998123905054,17.69690936829966
4.1253779,21.658126448611945,17.30750412247122
4.125377899999999,22.19478816914626,18.5
4.567991707228275,22.07196859022009,18.5
4.1253779,22.07222427690237,17.71650712472568
4.1253779,22.079793615863018,17.70243448668884
4.551544266179913,21.982382951218913,17.777294693105617
4.391276264645466,22.155443361475406,16.531227645169754
4.1253779,21.82076173229946,18.123405267164284
4.1253779,22.499362769953557,18.500000000000004
5.959225638968204,23.092533025403863,12.029805069580847
5.099195817108716,22.10480144771628,16.32618893715961
5.138005966596042,22.11537127160065,16.28214147830289
5.211518028060622,23.221403890661733,14.558975551307745
5.430533502934016,22.920269164909747,15.620464874076012
4.1253779,21.986352387736527,18.500000000000004
4.125377899999999,21.658127209671143,17.30750448079991
4.593982636046585,21.57588274894805,16.901632587961533
4.872712845987507,22.345197341245914,15.836424083602862
5.029602968498594,21.983114959158428,18.109755439835187
4.1253779,22.19478836981516,18.5
4.1253779,22.194788850216348,18.5
5.631143072611257,22.58534669575512,16.781494887092684
4.573462712785515,21.577292995039045,16.928358531566396
4.125377900000001,22.079794242139503,17.702435428291157
4.573110463762347,22.523892713245516,16.820032803775707
5.2447023905888495,23.339068018081758,13.564407142193678
5.1920255796902515,22.908112203461595,15.012159725007505
4.6778966308175995,22.371860243259686,12.729235075770625
4.693493632644578,23.439779995553998,13.452685361874217
4.660392002459917,22.921555529604095,14.40050687382064
5.359625331947791,22.880291465122884,12.529667888293025
4.86459503757032,22.251159581405002,16.292204703190123
4.633415153602456,22.104721696534373,16.31785099097688
4.629148823269608,22.1508485455561,16.27403161317535
5.132480451586958,23.02763245639308,15.656865482308543
5.583149614348016,23.22711582380655,13.955762985996746
4.125377899999999,22.194788928195695,18.499999999999993
4.125377900000001,22.306491438898526,18.499999999999996
4.1253779,23.216969349720127,18.500000000000004
4.1253779,23.83615694047833,18.5
4.125377900000001,22.554313039625427,18.499999999999996
4.1253779,22.194788132402042,18.5
4.125377900000001,23.596551134716268,13.807441092769253
5.940455538509044,23.016130731536627,12.528880437549148
4.885769662350729,23.028350813878824,15.660218182936589
5.6038865880718856,23.02875014780396,12.5393989763635
4.1253779,22.223499007652798,17.446527592573556
5.330421712672975,23.024312665555748,12.532838584186115
4.638262051662074,23.13896030997756,15.638981348651667
4.652181862667322,23.015806397863123,15.024476712637155
5.677877228559009,22.21975856085136,15.864060022754275
4.619358859693109,22.025648850969592,16.773071381921927
5.451569945413455,22.917833461517365,15.607744041679876
4.358272015964474,22.45208538471669,16.274823250514075
5.162984184887032,22.310889560138524,16.26766480156202
5.667648459894154,22.116137497590223,16.2581156041552
4.5653052340574725,22.163535125987632,17.768456988086466
4.623702043286071,22.31886134117571,17.623533372203653
4.1253779,22.174406026872596,18.09344272647328
4.1253779,22.16064430255568,18.09008999864516
4.652182066078869,23.015807658569468,15.024473679222524
4.650779602868799,23.018011384184394,15.014021196187691
5.162411868639782,22.924735557813623,15.004366219180259
4.906533603474399,23.245804116513266,14.480571813980477
4.700895409111867,23.146861552126992,12.45402760863329
4.650779411604405,23.01801098410717,15.014022512974327
4.652181933636043,23.015806972230095,15.024475823763087
5.369619942415838,23.11974394463605,12.541245895915692
5.806110555193483,23.231708677909825,14.529923739567568
4.367271720566162,23.131464022203833,15.6774429856155
5.573434941286687,23.01826076261693,12.555874776971947
5.57343486589213,23.018260750236283,12.555874834793848
5.155138989047124,23.02479662180249,15.643580126600398
4.1253779,23.06774291521984,18.499999999999996
4.125377899999999,22.839491064660468,18.499999999999996
5.060981162562642,22.67973483802271,17.27425948027783
4.1253779,23.368833085073923,18.5
5.060981519596586,22.67973477995872,17.2742590394138
4.125377899999999,23.41082216113503,17.795629823397086
4.644812184859507,23.124778753276406,14.539594928106387
4.1253779,23.33355430455388,17.645553663716264
4.1253779,23.877845275966436,11.768820329245495
4.1253779,23.616216895443106,16.8284977935667
4.1253779,23.398360914368098,17.772241891622468
4.1253779,23.405508299910124,17.770424458458432
5.1551380947722345,23.024798282031277,15.6435778420859
5.309067120046925,23.2419864943135,12.006363177327326
4.385740858844749,23.34026327298246,14.500912793473331
4.364635284125635,23.158712771657154,15.627546492274947
4.88576872458725,23.02835021752646,15.660220563444215
4.1253779,23.121898862858735,18.5
4.1253779,23.045410260002566,18.500000000000004
4.125377899999999,23.51546893609069,18.5
4.125377899999999,23.272036967409285,18.166590551741567
4.1253779,23.490330984938613,18.499999999999996
4.1253779,23.66135204819219,18.500000000000004
4.1253779,23.77654889779098,17.725087551035593
4.1253779,24.428221591105764,18.5
4.125377900000001,23.574192106366233,17.37727135885534
4.1253779,23.78707498738617,17.78035743002104
4.125377900000001,25.705908491335776,18.500000000000004
4.1253779,23.50394734838782,17.66548277533182
4.125377900000001,23.541225177905822,17.84057029121092
4.125377900000001,23.704831855848923,18.500000000000004
4.1253779,23.84059276037527,18.5
4.125377899999999,23.55277916773041,17.8033091890093
4.1253779,23.690385415324144,17.317320605691787
4.125377899999999,23.74547508856442,17.187960894111423
4.1253779,26.08919920674702,18.5
4.1253779,23.726821851848353,18.5
4.1253779,24.193649414858342,18.5
4.1253779,25.671594408394203,18.499999999999996
4.1253779,23.726822359323222,18.5
4.125377900000001,23.72682210156699,18.500000000000004
4.1253779,23.83206521699749,16.250715716270623
4.1253779,23.543724855538148,16.703868922274353
4.1253779,23.55952658767059,17.755795260859493
4.125377900000002,23.989801477776297,18.05128556298891
4.1253779,23.863106583246722,11.780868280682625
4.125377899999999,23.92931038527099,15.967733005665941
4.1253779,23.21153152367837,18.499999999999996
4.125377899999999,23.645465401601438,17.928863550586648
4.1253779,23.209191037178055,18.500000000000004
4.125377899999999,22.426362068023376,17.163248362334297
4.1253779,23.669263521356726,17.847027150977297
4.597460150534915,22.411751267396664,16.626269256389488
4.125377900000001,23.31933066904822,18.500000000000004
4.125377900000001,23.65251123178621,18.500000000000004
4.1253779,24.187169211514462,18.500000000000004
4.125377899999999,24.67438624784903,18.499999999999996
4.125377899999999,25.66271980807116,18.5
4.125377900000001,23.55943296070109,18.5
4.1253779,26.31264296950925,18.500000000000004
4.1253779,25.647882300526486,18.5
4.1253779,24.28263114247581,18.500000000000004
4.1253779,26.312643844823082,18.5
4.125377899999999,25.14172566323306,18.5
4.125377900000001,24.938240792663485,18.5
4.125377899999998,26.980512083570936,18.5
4.1253779,26.9805125405208,18.5
4.125377899999999,24.290646951540328,18.499999999999996
4.1253779,23.221449577899353,18.5
4.1253779,26.980511832527075,18.5
4.125377900000001,26.08509923391481,18.500000000000004
4.125377900000001,25.630180413736834,18.5
4.125377899999999,29.20753201199658,18.5
4.1253779,25.66863249193487,18.5
4.1253779,24.74636722186105,18.5
4.1253779,25.5834984748762,18.500000000000004
4.1253779,26.3377450936943,18.499999999999996
4.1253779,25.099774979775386,18.5
4.1253779,24.19680264641232,18.5
4.1253779,25.141698924013284,18.5
4.1253779,25.14169583398723,18.5
4.1253779,25.582616209755894,18.499999999999996
4.1253779,24.20682527911805,18.5
4.1253779,25.160825732913686,18.500000000000004
4.1253779,24.290637589462474,18.5
4.1253779,24.094240406506394,18.500000000000007
4.316928259625813,23.63270645529227,18.500000000000004
4.315868567167852,23.57546081583859,18.5
4.295036496489776,23.319680033594736,18.499999999999993
4.1253779,27.419427920436014,18.500000000000004
4.125377899999999,25.27251876917028,18.5
4.125377900000001,25.3271184750989,18.5
4.125377899999999,23.39034739618967,18.499999999999996
4.1253779,23.587332726015376,18.5
4.1253779,24.49903403912114,18.5
4.125377900000001,23.25345750901979,18.500000000000007
4.1253779,24.094231707260793,18.5
4.1253779,24.094230315427268,18.500000000000004
4.125377899999999,24.094230771277743,18.499999999999996
4.295036429639123,23.319678510956187,18.499999999999996
4.1253779,24.108724408226937,18.5
4.125377899999999,24.290634140091896,18.5
4.125377899999999,24.295580311451467,18.499999999999996
4.125377899999999,24.206495373474525,18.499999999999996
4.316928205324908,23.632704234512786,18.5
4.1253779,23.449479875857996,18.500000000000004
4.1253779,24.181702643617744,18.499999999999996
4.1253779,23.359996612068564,18.5
4.125377899999999,23.155137834553813,18.5
4.1253779,23.21921429045414,18.499999999999996
4.1253779,24.056851592204147,18.5
4.1253779,24.145204962139907,18.500000000000007
4.125377900000001,26.14045646525428,18.500000000000007
4.125377900000001,24.108725441244093,18.5
4.125377900000001,23.39628824463442,18.500000000000004
4.1253779,24.10872606735846,18.500000000000004
4.1253779,24.09423310618062,18.5
4.1253779,24.10872720144761,18.5
4.1253779,24.46259961720561,18.5
4.1253779,24.094237125365936,18.5
4.125377899999999,24.126526296712434,18.499999999999996
4.125377899999998,24.06304510357879,18.499999999999996
4.1253779,24.12652767473004,18.5
4.1253779,23.289611175282037,18.5
4.1253779,24.13981573224473,18.499999999999996
4.1253779,24.126521168366065,18.500000000000004
4.1253779,24.417588357083435,18.499999999999996
4.125377899999999,24.34891642875876,18.5
4.125377900000001,24.051633054580208,18.5
4.1253779,25.43684418730761,18.5
4.125377899999999,23.738718812619208,18.500000000000004
4.29503633990419,23.31967753909404,18.500000000000004
4.1253779,24.108721615080903,18.5
4.1253779,24.0942307110425,18.5
4.125377900000001,24.0942282945573,18.500000000000004
4.125377899999999,24.108721906947434,18.499999999999996
4.1253779,24.108719552142215,18.500000000000004
4.1253779,24.094233155976898,18.5
4.125377900000001,24.108724812884812,18.500000000000004
4.125377899999999,23.47031263025306,18.499999999999993
4.1253779,24.255576145482667,18.500000000000004
4.125377899999999,24.094231337059732,18.499999999999993
4.1253779,24.108724067434004,18.5
4.125377899999999,22.74239026802312,18.5
4.1253779,24.094230295655716,18.499999999999996
4.1253779,23.277282009528424,18.5
4.125377899999999,24.12651856220661,18.499999999999996
4.125377900000001,23.290804129466913,18.500000000000004
4.1253779,23.277282222440864,18.5
4.1253779,21.97836361034214,18.499999999999996
4.1253779,22.34961658643468,18.500000000000004
4.125377899999999,21.978363557138543,18.499999999999993
4.1253779,21.9783637602304,18.5
4.125377899999999,21.97836360152577,18.5
4.125377899999999,21.97836373662697,18.499999999999996
4.1253779,24.094231685317602,18.500000000000004
4.1253779,23.405733286539654,18.5
4.125377900000001,22.891647903054476,18.500000000000004
4.1253779,23.253457013903468,18.500000000000007
4.125377900000001,24.094231076647052,18.499999999999996
4.1253779,24.094231318933215,18.499999999999996
4.1253779,22.349617270115232,18.5
4.1253779,22.545080419107645,18.5
4.125377899999999,22.545080745344855,18.499999999999996
4.1253779,21.978365032407115,18.5
4.1253779,22.66303771574675,18.5
4.297259686677435,22.823802912425975,18.500000000000004
4.125377899999999,23.264892715133286,18.5
4.1253779,22.883118665124893,18.5
4.125377900000001,22.4425643533667,18.500000000000004
4.1253779,22.342390561916726,18.5
4.1253779,21.97836353644003,18.5
4.125377899999999,22.663036405615337,18.5
4.125377899999999,22.879386407166518,18.5
4.125377900000001,24.063036578533225,18.5
4.125377900000001,24.10401476328778,18.500000000000004
4.125377899999999,23.40573219401092,18.499999999999996
4.1253779,24.063034376134507,18.5
4.1253779,24.094228510373494,18.499999999999996
4.1253779,22.79215164707934,18.500000000000004
4.1253779,22.349617216591174,18.500000000000007
4.1253779,22.792152210668796,18.5
4.1253779,22.01594237088772,18.5
4.1253779,22.545079815881085,18.5
4.125377899999999,22.507730595866384,18.5
4.297260779442619,22.823802908059463,18.5
4.125377900000001,22.34961635725426,18.500000000000004
4.125377900000001,22.652752827039,18.5
4.1253779,21.978363157157894,18.5
4.1253779,21.978363296963067,18.499999999999996
4.1253779,21.978363394788044,18.5
4.125377900000001,22.015941027838732,18.500000000000004
4.1253779,23.240888245413768,18.5
4.1253779,24.078797175146995,18.5
4.125377899999999,24.06303771136666,18.499999999999996
4.1253779,22.608451579947648,18.5
4.125377899999999,24.06303566946262,18.5
4.125377900000001,21.9325135238878,18.500000000000004
4.125377899999999,22.024913683536095,18.5
4.1253779,22.024913354768188,18.499999999999996
4.125377899999999,21.932513211564224,18.499999999999993
4.125377899999999,21.9424032927555,18.5
4.125377900000001,22.53299875233604,18.500000000000004
4.1253779,22.663036372112767,18.5
4.1253779,22.92872004253709,18.5
4.1253779,22.33514621304382,18.5
4.1253779,21.93251233682236,18.5
4.125377899999999,22.44256355634157,18.5
4.125377899999999,22.66303580630809,18.5
4.1253779,21.93251280192335,18.5
4.1253779,21.97836277422362,18.5
4.1253779,21.97836279881314,18.499999999999996
4.1253779,21.93251262785091,18.5
4.1253779,21.97836292183233,18.5
4.1253779,21.978362944773185,18.5
4.1253779,21.978363511358452,18.5
4.125377900000001,21.978363056302335,18.5
4.1253779,21.97836317179694,18.5
4.125377899999999,21.97836283756062,18.499999999999996
4.125377900000001,21.978363019517996,18.500000000000004
4.1253779,21.978362914865194,18.5
4.1253779,22.934681682669257,18.5
4.1253779,23.2648937695014,18.5
4.125377900000001,22.882914152375218,18.500000000000004
4.125377899999999,22.341134772674224,18.5
4.125377900000001,23.25256795698524,18.5
4.125377899999999,24.078794143988567,18.499999999999996
4.1253779,21.97836314050086,18.499999999999996
4.1253779,21.9783631089049,18.5
4.1253779,21.932512907175113,18.5
4.125377900000001,21.978363145739944,18.5
4.1253779,21.978363330926893,18.5
4.1253779,21.978363345445434,18.5
4.1253779,21.978363885634632,18.5
4.1253779,21.978364194455047,18.499999999999996
4.125377900000001,21.978363710485525,18.500000000000007
4.125377899999999,21.97836370871092,18.5
4.1253779,22.57784463591577,18.5
4.125377900000001,22.45056585744671,18.500000000000004
4.1253779,22.442564233542793,18.5
4.125377899999999,22.332889855206737,18.499999999999996
4.3036300325111085,22.852288619838507,18.500000000000007
4.2972603831527945,22.823802890704755,18.500000000000004
4.125377899999999,22.34961734195207,18.5
4.125377900000001,22.54507959136596,18.500000000000004
4.125377899999999,22.442563688370605,18.499999999999996
4.1253779,22.912595111487057,18.499999999999993
4.1253779,21.978363900188533,18.5
4.125377899999999,22.88291512393099,18.499999999999996
4.125377900000001,22.882914458843185,18.500000000000007
4.1253779,23.29355526615852,18.500000000000004
4.125377899999999,22.442563038980097,18.499999999999996
4.1253779,21.978363857431226,18.499999999999996
4.125377899999999,22.762165396307353,18.5
4.1253779,22.30541782734545,18.5
4.1253779,22.45056592036493,18.5
4.1253779,22.855575497750515,18.5
4.125377900000001,23.423573908996687,18.500000000000004
4.1253779,24.078801430957153,18.499999999999996
4.125377900000001,24.078800948396527,18.5
4.1253779,24.126526041718087,18.5
4.1253779,23.405733256374752,18.5
4.1253779,24.07880095191641,18.5
4.125377899999999,23.028446424185386,18.5
4.1253779,23.17264215508991,18.5
4.125377900000001,24.09422943486146,18.5
4.125377899999999,22.883120213808724,18.499999999999996
4.1253779,24.07879712817411,18.5
4.1253779,24.108720452749722,18.5
4.125377899999999,22.390984620082612,18.5
4.1253779,22.390984618387208,18.5
4.125377900000001,21.978364046303206,18.5
4.1253779,22.390984792412727,18.5
4.1253779,22.390984658986547,18.5
4.1253779,21.97836411804518,18.500000000000004
4.125377899999999,23.405734246663798,18.499999999999996
4.1253779,24.10872701562231,18.5
4.1253779,24.108727663538797,18.499999999999996
4.1253779,24.108727816781705,18.499999999999996
4.125377900000001,24.094236874252143,18.5
4.1253779,23.39628885492066,18.500000000000004
4.1253779,24.108724557627873,18.500000000000004
4.1253779,22.911165585640948,18.5
4.125377900000001,23.396286541833078,18.499999999999996
4.1253779,23.293557418932277,18.5
4.1253779,23.42357324398297,18.499999999999996
4.1253779,24.108723579908897,18.499999999999996
4.1253779,22.39098553745294,18.499999999999996
4.1253779,22.88311904804088,18.5
4.1253779,23.084193307386435,18.5
4.1253779,24.668896775917947,18.5
4.1253779,23.80687240074179,18.5
4.1253779,23.423575040561335,18.5
4.1253779,23.29080354586339,18.5
4.125377900000001,24.290631587466624,18.500000000000004
4.1253779,25.369098771223047,18.500000000000007
4.1253779,24.094238432127806,18.5
4.125377899999999,24.601817638761606,18.5
4.1253779,24.255583716638256,18.5
4.1253779,24.10873059086852,18.5
4.1253779,24.108730989321533,18.5
4.125377899999998,24.09423593532808,18.499999999999996
4.1253779,24.108729104520155,18.5
4.1253779,24.108728551446514,18.500000000000004
4.125377899999999,24.094236600050706,18.499999999999996
4.125377900000001,23.838910231027683,18.500000000000004
4.125377899999999,24.10872610465268,18.499999999999996
4.1253779,22.442565958659074,18.500000000000004
4.1253779,23.26489541627069,18.5
4.125377900000001,22.988708538506177,18.500000000000004
4.125377900000001,24.206822296022754,18.5
4.125377900000001,26.980505998370433,18.500000000000007
4.1253779,26.78912015101893,18.5
4.125377900000001,25.663910675074412,18.5
4.125377900000001,24.255587323674636,18.500000000000004
4.1253779,25.66539088560513,18.5
4.1253779,23.550648996462876,18.5
4.1253779,25.609396186341673,18.5
4.1253779,24.108733465502432,18.5
4.1253779,25.466324196947443,18.5
4.1253779,24.094240656391165,18.499999999999996
4.1253779,24.991344613562976,18.499999999999996
4.1253779,24.12653214337653,18.500000000000004
4.1253779,25.08240964553063,18.5
4.1253779,24.161256518679245,18.5
4.1253779,26.284687044640435,18.500000000000004
4.1253779,24.46644099728719,18.5
4.125377900000001,26.274492982778174,18.5
4.1253779,23.681377126026383,18.500000000000004
4.125377900000001,26.818874300943083,18.5
4.1253779,26.940882429245566,18.500000000000004
4.125377900000001,26.987437737272437,18.500000000000004
4.1253779,25.005173997918277,18.5
4.1253779,26.98743820573837,18.5
4.125377899999999,26.98051173681833,18.5
4.1253779,26.987428316339805,18.500000000000004
4.1253779,26.31264003760281,18.499999999999996
4.1253779,24.58496563831472,18.5
4.1253779,26.30148403754935,18.500000000000004
4.125377899999999,26.2639437377456,18.499999999999996
4.125377899999999,26.789119995459252,18.5
4.1253779,26.312620789820635,18.500000000000004
4.1253779,26.284685208995207,18.500000000000004
4.1253779,24.444410166600886,18.5
4.1253779,26.284683099697133,18.499999999999996
4.125377900000002,24.156588179568114,18.500000000000007
4.125377899999999,26.262730519121934,18.5
4.601016119514447,23.203843058197254,15.76913518874606
4.1253779,23.96015898914328,13.036726846413254
4.1253779,23.960158741909698,13.036726832468782
4.125377899999999,23.231929507943082,15.510577928684295
4.1253779,23.89890100404409,13.793234365292696
4.1253779,23.215421364126374,15.55086622435011
4.125377900000001,23.88056430213672,17.637232297403276
4.1253779,23.627536312552625,16.438619423010223
4.125377899999999,23.880493243942507,17.625018809357712
4.1253779,23.880493791300513,17.625018147596982
4.125377899999999,23.880493385295892,17.625017564192927
4.1253779,23.880595160503646,17.642451789071416
4.1253779,23.662478058574276,12.868950611299457
4.125377900000001,23.469584159914156,14.127072152513556
4.1253779,23.96234718072931,11.710278475443044
4.1253779,23.95465474593173,11.713091519673432
4.1253779,23.954654748853756,11.713090842834227
4.125377900000001,23.96234722670603,11.710278564256086
4.1253779,23.460761595201227,18.5
4.125377900000001,25.6626873136863,18.500000000000004
4.125377900000001,23.636214673682005,18.500000000000004
4.1253779,23.636214509864505,18.499999999999996
4.125377899999999,25.662693832264875,18.499999999999996
4.125377899999999,24.098098002577192,18.5
4.1253779,23.596415398996204,16.850351552856456
5.2599943861817025,23.406250357075862,11.976645174389354
4.125377899999999,23.747390519273555,13.205682984904536
4.407814748295258,23.728200464696084,11.916948641147235
4.4078147131557435,23.728200524762606,11.91694878942452
4.407814781156879,23.72820052542807,11.91694869462266
4.1253779,23.881157022822535,17.74147480940103
4.125377899999999,23.88065917729392,17.653969745856063
4.125377899999999,23.545420191900146,16.472602377425957
4.1253779,23.95465464819437,11.713092614688852
4.125377899999999,23.897792675909663,17.66795609711639
4.125377900000001,23.880654392299068,17.653963681887635
4.125377900000001,23.73281597572828,13.994317997445627
4.125377899999998,23.534342446995723,14.968797922556202
4.125377899999999,23.534342212355387,14.968798478592444
4.660893440896192,23.734131894773093,14.53120268561153
4.125377899999999,23.507746731569263,17.71804065807111
4.125377900000001,23.315157275356878,18.158796056185487
4.125377899999999,23.89755419363786,17.639425814415763
4.1253779,23.88005549949426,17.635268048751193
4.125377899999999,23.622041340047442,16.84237260471299
4.1253779,24.10601925281716,18.5
4.1253779,23.844550262190673,11.787297231959338
4.1253779,23.8244789371026,11.829308718786695
4.125377900000001,23.34869360950803,17.269732122373696
4.1253779,23.43017589012336,17.313465845581206
4.402614055494344,23.73910307086035,13.142622647757188
4.1253779,23.402691184218995,17.245986915273846
4.125377900000001,23.92402657989009,17.677211080297234
4.1253779,23.38825816819938,17.68599091120793
4.593262808660575,22.982402695812215,16.841592890144643
4.1253779,23.53515933268618,14.875507602827271
4.1253779,23.325797145665877,15.417458637655752
4.125377899999999,23.529299536932584,14.900407068120806
4.636691208355539,23.433390088771212,14.961471591511078
4.623877557465552,23.217251987700312,15.476667374525004
4.4088004482095435,23.727798488297022,11.919800659415122
4.125377900000001,23.728459424121663,11.841882598690871
4.125377900000001,23.751417781641745,12.62166724658726
4.399395594414788,23.704099495185712,11.953547827405542
4.125377899999999,23.73858900196201,13.201880155572375
4.404059155881761,23.800542907281393,11.831833779998895
4.1253779,23.849145349951375,11.789060246053603
4.1253779,23.84914540903156,11.789059997460644
4.1253779,23.954653823836342,11.713095072589798
4.1253779,23.84914497241545,11.789061383748129
4.125377899999999,23.84914550795663,11.789059644925315
4.125377899999999,23.849145617950313,11.789059210883124
6.424350619864382,22.801118884818663,15.4679260098025
6.016732299959855,22.81783036997059,15.56577421250293
5.211516317339829,23.221403589128027,14.558980922167203
6.130376946911422,22.992156844009255,14.002236740716675
5.132480920032171,23.02763319685107,15.656862732692725
4.63433716312709,23.07260195128239,15.568493245243078
5.328999510841202,22.38990200760218,14.44411782387947
5.2422969094570755,22.994632865333678,15.105680000114777
5.328999453283204,22.389902134694857,14.444118690166256
5.328999508018419,22.38990217199057,14.444118450914807
5.242296605149876,22.994632731182946,15.10568095662674
5.328999650743967,22.389902125029067,14.44411800690255
4.125377899999999,23.66959746457985,12.461546436495029
5.418401314249798,22.48341336688537,14.349710730469905
5.328999780509551,22.389902043056647,14.44411726375214
5.328999951676586,22.38990215290628,14.444116964806982
5.32899964012534,22.389902162032993,14.444117549183447
5.328999714363866,22.389901891049522,14.444117579831008
5.367145318023774,22.211084790868192,16.334874092142908
4.631034687825919,22.346003345326878,16.29340468218702
4.5932633573776505,22.982402569692177,16.841591811649895
5.060980263832233,22.679734992185708,17.274260284960164
5.0965089628657845,22.88377254383808,16.423790967683434
5.338417854329448,22.783006902538865,16.014242825533202
6.285412836477749,22.93926012417424,12.013973002083517
5.6212462553070734,23.009993793780808,12.551832804866613
5.568350446058738,22.89294355002933,13.887068069989715
6.781723083000178,23.105293107959827,13.374823257346291
6.22321679794971,23.088482492628938,12.044925511775297
6.291764474195337,23.057573292097572,12.016661158747812
5.660784652035939,23.073096267613128,11.96958032391742
5.371249562235379,22.61321828238952,13.83907404799448
5.407751233196939,22.47455436353789,14.322946909334203
5.680227023950114,23.17616016592678,11.994173931195617
4.719828644184616,23.085079496928426,14.447459768143268
5.4006604200082124,22.382371529748355,14.368898211707005
5.101540886379802,22.10922873059754,16.33878673924891
4.1253779,21.760947803551733,16.954137332708772
4.392096524872646,22.533832679914305,15.804259350154188
4.84527696876382,22.784514837423067,16.024424014415754
4.3920962986079,22.533831832111513,15.8042609179252
4.392096510626141,22.533832605413597,15.804259432877616
6.287912385239392,22.940283377151378,12.015030492168787
5.638223396110873,22.965658041057548,12.040756843843866
6.236921220141621,23.217119159614413,12.055060708378933
6.287912429472842,22.9402835625847,12.015030297577116
6.289256241929099,23.05641221695365,12.01559938889741
6.220713141488956,23.087248963319155,12.043796667069651
4.125377900000001,23.84668173433906,11.78812112541982
4.696619833867734,21.874558019476304,12.784446295915176
4.1253779,22.637215987724364,18.499999999999996
4.1253779,22.63655734816538,18.5
6.177687564926567,21.86161508981742,12.909924084071038
6.475202539781513,22.197592861865978,12.856488785925867
5.621051845739727,22.205935966224498,16.785662414726705
4.125377899999999,22.527229515739986,18.499999999999996
5.745273503790317,22.81917698769947,15.573678690363343
5.035364547061839,22.421583179234602,16.831969355763672
4.1253779,21.474715619358133,17.30681257969561
5.140048889247379,22.104539325260593,16.298836321910628
4.1253779,22.509079144060962,18.5
5.5964670416967826,23.065658861220534,13.512671643696534
5.895953233957233,22.438932210752725,12.794256848734886
4.1253779,21.847781137363814,18.10799895593543
4.1253779,21.847780924107752,18.107999159624384
4.1253779,21.62382605874016,17.650097130746286
4.1253779,22.33710286250699,16.948148769960348
4.1253779,22.63721364799682,18.5
4.1253779,21.128602852839954,17.78723855017033
4.125377899999999,21.385485583723575,17.767851450133158
4.650903474713523,22.644261646923617,16.145448901270168
4.125377900000001,21.509981389257387,17.696909367828425
4.1253779,22.015940847977316,18.5
4.1253779,22.015940771160576,18.5
4.1253779,21.839323341853653,18.08918912053335
5.46519955356286,23.11288353664732,14.560073914550996
4.125377899999999,22.01594138507608,18.5
4.1253779,22.015941732236602,18.5
4.125377899999999,21.551798583898535,18.499999999999996
5.6479969407259905,22.205376714180307,16.76462773767925
4.1253779,21.796098944778944,18.5
4.125377899999999,21.79609853634883,18.499999999999996
4.1253779,22.015942501197316,18.499999999999996
4.1253779,21.829672865348325,18.106976639244245
5.631144942944585,22.585345947386447,16.78149302498937
4.1253779,21.986349443530745,18.499999999999996
5.029606374826364,21.983111587795307,18.109754017781245
5.029605988233549,21.98311189854597,18.109754191297803
5.057880272763253,21.67087314404235,16.904058210410284
4.593984420936884,21.575879201312972,16.9016280138064
5.027248178779024,23.16916254140843,11.952953467774813
5.567711827090292,21.85139531021554,12.921630496081125
4.125377899999999,22.227637858205096,17.498995503878326
5.174694216019545,22.463308990724386,15.647075915582125
4.125377899999999,22.49936356733244,18.499999999999993
4.1253779,22.227637799883027,17.49899575053198
6.909248008869766,23.06215545475737,11.997960195798557
5.517442949702091,23.062321753114055,15.002329300640842
5.110732223241872,22.3844249481836,16.845007561255724
5.7902817189060904,22.712344155331255,15.52083797675026
5.206624756822579,22.114837147468194,16.236356542420424
6.663890602195683,22.879677578866747,13.984735427690927
4.579732507229007,22.28301054500482,18.11701862824416
4.567992051493459,22.071968286325102,18.500000000000004
4.392006417787634,22.430244836540943,15.802662541836012
4.661063634903209,22.43970307532962,15.7861958343213
4.5797325053858495,22.283010537523392,18.11701862979778
4.87029003538682,22.782250248528204,16.009136592485675
4.400780372773429,23.71243247214372,11.957860954825513
4.396926059827832,23.15125096383165,15.065455403961442
4.1253779,22.75464715637323,17.119766061406093
4.904594358395807,22.922890350795132,15.634151083279356
5.15570452700751,22.921869214288805,15.628816751955682
4.885770055368841,23.028350529882093,15.660217416434902
5.283295493552895,23.364489680242187,13.845561137811805
4.546699333139117,22.67536224810157,17.339358814053817
5.451571724914433,22.917833665302076,15.6077408951066
4.1253779,22.227636616022895,17.498998287028467
4.1253779,21.839325194609717,18.089188870235894
5.719144265530234,22.706265096043847,15.59000349188528
4.125377900000001,21.867807351148702,17.69293951482285
4.550691122851608,22.39473461547289,17.746958417587916
5.589846364106379,22.788942453472146,15.989476359165876
4.551543583238983,21.98238417460545,17.777295878939746
5.023326112921113,22.74936070922713,16.955130974181202
5.1222956341811665,22.88422602778607,16.383670797988984
5.303048691541168,23.379311350157742,12.036328806973405
4.125377899999999,22.24185486888304,17.472268153068068
4.885769984187739,23.028350874175306,15.660216666374755
4.125377900000001,22.257185788871006,17.443445184022995
5.18983479589993,22.942005135207204,15.556847419136334
5.229494806299461,22.917200808552185,14.970532707996346
4.92718109871979,22.920439057603446,15.621352126714823
5.811486807962738,22.517247190694885,16.115872536296106
5.014004812042016,23.215881517385874,14.489530807876966
5.604152902214056,23.33719892517468,14.475782568195815
5.647994811431931,22.205378641279044,16.76463008208325
5.595505775692678,23.226488122032283,14.462949498587719
4.1253779,22.901709850747487,18.499999999999996
4.1253779,26.672178175238216,18.499999999999996
4.1253779,24.45669007072374,18.5
4.125377900000001,23.493953333762224,18.5
4.125377899999999,23.37268241895639,18.499999999999996
4.125377899999998,23.40618806000034,18.499999999999996
4.1253779,23.935165716659274,12.616113280760949
4.1253779,23.775156397656037,13.94113563416844
4.641234396542239,23.234437751207768,14.515900929383331
4.385740939853699,23.34026382230833,14.500911271105569
4.125377899999999,23.60195933920661,17.33742231927179
4.387998441435515,23.081485596811874,14.295831206469217
5.155138355643035,23.024798762533596,15.643577492465104
5.143996737816365,23.05300097541079,15.59441564880952
4.885768748041454,23.02835009259475,15.660221418608339
5.155139390253299,23.02479784481968,15.643577516915826
4.603501529164982,23.03399687873332,15.686681006295435
4.635337385350672,23.072833773351647,15.577274053743244
4.125377899999999,23.41592381406814,18.499999999999996
4.1253779,23.515469181212946,18.5
4.1253779,25.65081669219047,18.5
4.1253779,23.406189983124797,18.499999999999996
4.125377900000001,25.644930251879323,18.500000000000004
4.1253779,23.39514266478952,18.500000000000004
4.125377900000001,23.621972731094374,16.617049617445616
4.1253779,24.065483237808824,18.5
4.125377900000001,24.10157790377728,18.499999999999996
4.125377899999999,24.10158088753833,18.499999999999996
4.1253779,24.10157973058214,18.499999999999996
4.1253779,23.323217666369327,17.76123781478758
5.155138008786834,23.024796747907946,15.643580510964279
5.155138294452317,23.02479714489882,15.643580449317223
4.641877653272529,22.657375058642053,16.733138255691255
4.603501159041338,23.033996078565337,15.68668340494165
5.155138755258404,23.024797140176183,15.643579475419873
5.143995040658189,23.052999901672038,15.594419324469644
4.1253779,25.024478581084473,18.499999999999996
4.1253779,25.662708294930304,18.5
4.1253779,23.66135229757359,18.500000000000004
4.125377900000001,23.692612598352767,18.5
4.125377899999999,25.421498213835246,18.499999999999996
4.125377900000001,23.379410506798013,18.500000000000004
4.1253779,24.397737238145332,18.500000000000004
4.125377900000001,24.90773161825827,18.500000000000007
4.125377900000001,26.096457732387023,18.500000000000004
4.1253779,24.075888070071567,18.499999999999993
4.1253779,24.555135447486798,18.500000000000004
4.125377899999999,25.02400115896379,18.499999999999996
4.1253779,23.97689822348864,18.207303897759264
4.1253779,24.150138084102537,18.5
4.125377899999999,23.713934342936565,17.459144410494638
4.1253779,23.51332611716681,18.22529006026784
4.125377899999998,23.546816216339327,17.822538561841423
4.1253779,23.550978300326726,18.135454581040705
4.125377899999999,23.362096461461785,18.499999999999993
4.125377899999999,23.084734318183873,18.5
4.125377900000001,23.333926284597144,18.500000000000007
4.125377900000001,23.454995343041674,18.500000000000004
4.125377900000001,23.33392485244699,18.500000000000007
4.125377899999999,23.457551224302424,18.196256247829464
4.125377900000001,23.533535568604933,16.45965792167832
4.543097168426651,24.22831011188022,14.986266956284952
4.1253779,23.850995668977877,17.645571296015103
4.125377899999999,23.987950744490615,17.722712998086678
4.1253779,25.024474103067547,18.499999999999996
4.1253779,24.32782060367716,18.15684392170175
4.1253779,23.524330936807125,17.041846069874936
4.125377900000001,22.930788748649434,18.500000000000004
4.1253779,23.494620025899934,17.778196411764956
4.125377900000001,23.454996328675552,18.5
4.1253779,23.454996732227457,18.499999999999996
4.1253779,23.517970140346655,18.232885331036872
4.1253779,22.933253193809133,18.500000000000004
4.125377900000001,23.98200889776006,18.500000000000004
4.125377899999999,24.18331431696355,18.499999999999996
4.1253779,25.4288724226369,18.499999999999996
4.125377899999999,25.662718190377824,18.5
4.125377900000001,25.67159232265072,18.500000000000004
4.1253779,25.647870848839155,18.5
4.1253779,25.627692018138386,18.499999999999996
4.125377900000001,24.99134667047567,18.500000000000007
4.125377900000001,25.58262797574379,18.5
4.125377900000001,24.930426869592534,18.500000000000004
4.1253779,25.562473828640336,18.500000000000004
4.1253779,24.245998940949026,18.499999999999996
4.28812895301944,23.941429003657007,18.5
4.1253779,25.600161301619668,18.499999999999996
4.1253779,24.30290826324207,18.500000000000004
4.276992593862194,23.973108888604582,18.499999999999996
4.125377899999999,26.110976175741136,18.499999999999996
4.3232703415784455,23.807950912825138,18.5
4.1253779,24.342669086094453,18.5
4.1253779,24.075973593647408,18.5
4.1253779,24.342670013801314,18.5
4.1253779,25.350629196114305,18.499999999999996
4.1253779,25.16083773948849,18.5
4.125377899999998,24.976530757983948,18.499999999999996
4.125377899999999,26.251951263971925,18.499999999999996
4.125377899999999,24.767860979558673,18.499999999999996
4.125377899999999,24.37983756278778,18.5
4.1253779,24.069345814133374,18.5
4.125377900000001,24.01447444630307,18.5
4.125377900000001,25.563458815243113,18.5
4.125377899999999,25.563463089189977,18.5
4.125377900000001,25.586296693432843,18.5
4.1253779,25.68812339920965,18.5
4.1253779,25.586293844550084,18.499999999999996
4.125377899999999,25.621402566490097,18.5
4.125377900000001,25.66863737474235,18.500000000000004
4.125377899999999,27.838407922338682,18.499999999999996
4.1253779,27.314246872123164,18.499999999999996
4.1253779,27.83840705519548,18.5
4.125377900000002,25.629244893783987,18.500000000000004
4.125377899999999,26.17610906868412,18.499999999999993
4.1253779,24.108727015658253,18.499999999999996
4.1253779,24.108728048166306,18.5
4.125377899999999,23.58292131159493,18.499999999999996
4.1253779,24.206820651352583,18.500000000000004
4.125377900000001,24.206819231046804,18.500000000000004
4.1253779,24.206819409569672,18.499999999999996
4.325769618197986,23.40056382174914,18.499999999999996
4.1253779,24.255586753824048,18.500000000000004
4.125377899999999,25.467956958921015,18.5
4.1253779,24.25558488167632,18.500000000000004
4.1253779,24.819401855795608,18.499999999999996
4.1253779,24.30929329816569,18.500000000000004
4.125377900000001,23.568205752889387,18.500000000000004
4.1253779,25.160814328369312,18.5
4.125377899999999,25.16081431976677,18.499999999999996
4.1253779,25.60188267541737,18.499999999999993
4.1253779,24.060222448383534,18.499999999999996
4.1253779,25.099764628627483,18.499999999999996
4.125377900000001,24.10872504361118,18.500000000000004
4.1253779,24.405855531455042,18.499999999999996
4.1253779,24.10872279163498,18.5
4.125377899999999,24.108721755475734,18.499999999999996
4.1253779,23.379949576308988,18.5
4.125377899999999,24.108723763615547,18.5
4.125377900000001,24.139817644493494,18.500000000000004
4.1253779,24.09423523767466,18.499999999999996
4.125377900000001,24.10872880969163,18.500000000000004
4.1253779,25.179013243148965,18.499999999999996
4.1253779,24.98296739541209,18.500000000000004
4.125377900000001,24.108727311081033,18.5
4.125377899999999,24.126523809554204,18.499999999999993
4.1253779,24.126523636235856,18.499999999999996
4.1253779,24.094232407998863,18.499999999999996
4.125377899999999,24.094232242720295,18.500000000000004
4.1253779,24.255576815092564,18.500000000000004
4.125377900000001,23.253457023831785,18.5
4.1253779,24.108720569408845,18.5
4.3036294264602715,22.852289159718616,18.500000000000004
4.294301719509628,22.829174921399336,18.5
4.1253779,24.07879618416953,18.5
4.125377899999999,23.38931120493883,18.499999999999996
4.1253779,22.882916198941725,18.5
4.125377899999999,24.094231734980305,18.5
4.1253779,24.108722710882162,18.500000000000004
4.125377899999999,24.10872270356919,18.499999999999996
4.125377899999999,24.09423162436851,18.499999999999996
4.125377899999999,24.1087206534351,18.499999999999996
4.1253779,24.108723835196532,18.499999999999993
4.125377899999999,24.118266312466048,18.499999999999993
4.1253779,24.118265265690315,18.499999999999996
4.125377899999999,24.10871706272274,18.499999999999996
4.1253779,24.139810730835205,18.500000000000004
4.125377900000001,24.118268620208408,18.5
4.125377899999999,24.126521155016874,18.5
4.300450299960328,22.857347731289327,18.500000000000004
4.125377900000001,21.97836334745218,18.500000000000004
4.125377900000001,21.978363395802994,18.500000000000004
4.1253779,22.44256315510911,18.499999999999996
4.125377900000001,22.450565843821515,18.500000000000007
4.125377899999999,22.450565819978408,18.5
4.1253779,24.078794468914495,18.5
4.125377900000001,24.094217408615062,18.5
4.1253779,24.108713413476373,18.5
4.125377900000001,24.094217855364658,18.500000000000007
4.125377900000001,23.293555892641887,18.5
4.1253779,23.264894479966156,18.5
4.125377899999999,23.277280137210695,18.499999999999996
4.125377899999999,22.663036784904975,18.499999999999996
4.300450123612445,22.857347379516074,18.499999999999996
4.303629693247478,22.852288366253376,18.5
4.1253779,22.765184421169064,18.500000000000004
4.3014485088947785,22.942014975125648,18.499999999999996
4.125377900000001,22.34238981992736,18.5
4.125377900000001,22.45056591039852,18.500000000000004
4.1253779,22.442563565552994,18.5
4.1253779,22.44256356505232,18.500000000000004
4.1253779,22.442563479316973,18.5
4.1253779,22.442563591042347,18.500000000000004
4.125377900000001,23.252567192434633,18.500000000000004
4.297260348919195,22.82380255240549,18.5
4.1253779,22.33288998549842,18.500000000000004
4.29726030874287,22.82380253073967,18.500000000000004
4.125377899999999,22.015941888456794,18.499999999999996
4.125377899999999,22.6527531284782,18.499999999999996
4.1253779,24.06303175813601,18.5
4.125377899999999,23.31854087796287,18.499999999999996
4.125377899999999,23.25256777895753,18.499999999999996
4.1253779,24.063030989305037,18.5
4.297260221957054,22.823802204041776,18.499999999999996
4.125377900000001,24.09422318109163,18.500000000000004
4.1253779,22.44256285631882,18.499999999999996
4.1253779,21.93251321694023,18.5
4.1253779,22.332888852852772,18.500000000000004
4.1253779,21.932513126781558,18.5
4.300450516725451,22.857347576114094,18.499999999999996
4.1253779,22.332888004075656,18.500000000000004
4.125377899999999,22.928718865312174,18.499999999999996
4.1253779,23.24088761690592,18.500000000000004
4.1253779,23.25256634830134,18.5
4.2803250242935516,23.209714123141097,18.5
4.1253779,23.2775690155332,18.499999999999996
4.125377899999999,23.252566797245894,18.499999999999996
4.1253779,22.342389213099576,18.5
4.1253779,21.93251326253575,18.5
4.1253779,22.332888879525647,18.5
4.125377900000002,22.015940940998647,18.500000000000004
4.125377899999999,21.932512620678292,18.499999999999996
4.1253779,22.0159408918786,18.500000000000004
4.125377900000001,23.281903316215317,18.500000000000004
4.125377899999999,24.063046038083122,18.499999999999993
4.125377899999999,24.078802961116544,18.5
4.1253779,24.063045008249706,18.5
4.1253779,24.078801663667477,18.5
4.1253779,24.063044932956984,18.5
4.125377899999999,23.396284276660772,18.499999999999996
4.1253779,21.932512588252774,18.5
4.1253779,21.932512801898078,18.5
4.1253779,21.97836284066596,18.5
4.1253779,22.45056497899823,18.499999999999996
4.1253779,22.450564927846628,18.500000000000004
4.1253779,21.978362790737947,18.499999999999996
4.1253779,22.5758937208398,18.5
4.1253779,21.97836268753924,18.5
4.125377900000001,21.97836289538817,18.5
4.1253779,21.978363005964784,18.5
4.125377900000001,24.108714521345803,18.500000000000004
4.1253779,24.10872921974441,18.500000000000004
4.1253779,24.07880375099492,18.499999999999996
4.1253779,24.108725533830697,18.5
4.1253779,23.29355592441631,18.5
4.2803255550526265,23.209714043751827,18.500000000000004
4.1253779,23.252567795987847,18.5
4.1253779,21.932512875605617,18.499999999999993
4.1253779,21.978363118061985,18.5
4.2943028273433175,22.829175225382986,18.499999999999996
4.294303066014006,22.82917530845178,18.500000000000004
4.300451043865688,22.857347855602086,18.500000000000004
4.125377900000001,22.332888682415778,18.500000000000004
4.1253779,21.97836264820551,18.5
4.125377899999999,21.97836259981549,18.499999999999996
4.125377899999999,21.978363178909976,18.499999999999993
4.125377900000001,21.978363246227836,18.5
4.1253779,21.978363085742263,18.5
4.1253779,22.450565348668352,18.500000000000004
4.1253779,24.10872625976748,18.5
4.1253779,24.0788005237826,18.5
4.125377899999999,24.07880020239307,18.5
4.125377900000001,24.078800677399762,18.5
4.125377899999999,24.10872690687401,18.5
4.125377900000001,24.108723756376442,18.5
4.3036302554157375,22.8522885659262,18.500000000000004
4.294302474466152,22.82917569888601,18.5
4.1253779,22.442563759470477,18.5
4.300450394495826,22.857347768299427,18.500000000000004
4.1253779,23.375891293260576,18.5
4.1253779,22.44256398818934,18.5
4.125377899999999,21.978363230157345,18.5
4.1253779,21.978363048213467,18.5
4.125377899999999,21.97836293896055,18.499999999999996
4.294304182869097,22.829177074813114,18.499999999999996
4.125377899999999,22.824587735500355,18.499999999999996
4.1253779,22.067682950453346,18.5
4.125377899999998,24.094236822002706,18.499999999999993
4.1253779,24.078804991186136,18.5
4.125377900000001,24.108730496356138,18.5
4.1253779,24.44280803686557,18.5
4.125377900000002,24.094236842083127,18.500000000000004
4.1253779,24.10873037720306,18.5
4.3004505230938355,22.857347734552274,18.500000000000004
4.1253779,22.450566465682375,18.5
4.125377899999999,22.45056640116519,18.5
4.1253779,21.97836337647467,18.5
4.125377899999999,24.09422673338122,18.499999999999993
4.1253779,23.264893399552328,18.5
4.125377899999999,22.93467975576457,18.5
4.125377900000001,23.196041327987366,18.500000000000004
4.125377899999999,22.93467992189258,18.499999999999993
4.1253779,23.293554558547086,18.5
4.125377900000001,21.978364223871097,18.5
4.1253779,21.978363894584312,18.5
4.1253779,24.262011826630815,18.5
4.1253779,24.108728166240894,18.500000000000004
4.125377899999999,24.108729235241768,18.499999999999996
4.1253779,24.10872869184266,18.5
4.1253779,24.10872858168561,18.5
4.125377900000001,24.09423660534436,18.5
4.125377900000001,24.40586039397403,18.500000000000004
4.1253779,24.108728517692217,18.500000000000004
4.125377899999999,24.094234635076752,18.499999999999996
4.1253779,24.10872675294039,18.5
4.1253779,24.108727302862807,18.499999999999996
4.1253779,24.10872607105392,18.500000000000004
4.125377900000001,23.35707528124515,18.500000000000004
4.1253779,24.10873077692142,18.500000000000004
4.125377899999999,23.552783079917873,18.5
4.1253779,23.15672497770784,18.5
4.125377899999999,23.33819062258877,18.499999999999996
4.1253779,23.121896233362467,18.5
4.1253779,24.431663559581057,18.5
4.1253779,24.13982292710605,18.5
4.125377899999999,24.255584164087328,18.5
4.125377900000001,24.262010980400714,18.5
4.125377900000001,24.431656657566197,18.5
4.1253779,24.108731345231682,18.5
4.1253779,24.094236368580507,18.5
4.1253779,25.70044668240138,18.500000000000004
4.125377900000001,24.93039624069666,18.500000000000007
4.1253779,25.582600527782088,18.499999999999996
4.1253779,24.108727890886403,18.5
4.125377900000001,25.082359506111104,18.500000000000007
4.1253779,23.44881848496431,18.500000000000004
4.1253779,23.330245193886412,18.5
4.1253779,26.256337599068992,18.5
4.1253779,26.284662899526964,18.5
4.1253779,23.552786263084602,18.5
4.1253779,24.266163379305446,18.499999999999996
4.1253779,25.16085148639569,18.5
4.1253779,25.64788966025984,18.5
4.1253779,25.598683067689926,18.5
4.1253779,24.094243845874665,18.5
4.125377900000001,25.582640334394185,18.500000000000004
4.125377899999998,25.082404428143082,18.499999999999993
4.125377899999999,25.082387023703735,18.5
4.1253779,24.464934519513992,18.499999999999996
4.1253779,25.141709461626878,18.500000000000004
4.125377900000001,25.082376202368092,18.5
4.125377900000001,25.141711039896705,18.500000000000004
4.125377900000001,26.274499949765303,18.500000000000004
4.125377899999999,26.27430635868574,18.499999999999996
4.125377900000001,23.894913604508528,18.499999999999996
4.1253779,26.33027098411256,18.5
4.1253779,24.80376010447578,18.499999999999996
4.125377899999999,23.878225846229462,18.499999999999996
4.1253779,26.789925019132358,18.499999999999996
4.1253779,25.684685485916255,18.5
4.125377899999999,25.09353275031124,18.5
4.1253779,25.64789078397329,18.5
4.125377900000001,25.544235747314065,18.5
4.1253779,25.152611962352655,18.499999999999996
4.1253779,24.98301330213843,18.5
4.1253779,24.557543922383484,18.5
4.125377899999999,25.108737630191772,18.499999999999993
4.1253779,24.240907899576676,18.5
4.125377899999999,26.824091987958898,18.499999999999993
4.125377900000002,26.798739727885096,18.500000000000007
4.1253779,26.319999151146902,18.5
4.125377900000001,26.33028173649935,18.5
4.1253779,26.284690078949954,18.499999999999996
4.125377900000001,26.284691869489905,18.5
4.1253779,26.274493960528044,18.5
4.1253779,24.053863474959105,18.500000000000004
4.125377899999999,26.274498601621623,18.5
4.1253779,23.92941755002374,18.20588792079236
4.1253779,23.627535803252986,16.4386249381242
4.125377900000001,24.106020774275393,18.500000000000004
4.125377899999999,24.0654823394039,18.5
4.125377899999999,23.96153633946282,18.198648218690447
4.1253779,23.850903417486382,17.655347531841382
4.125377900000001,23.414787135406534,15.962943466933162
4.125377900000001,23.923821599941895,17.660387509711274
4.1253779,23.923821760615695,17.66038821422507
4.1253779,23.923820097842682,17.660386267299664
4.1253779,23.880495212990542,17.625013402189335
4.1253779,23.541048847858484,16.440459141986704
4.125377900000001,24.23140707698826,18.11289339910495
4.1253779,23.3140764791416,17.71695739529732
4.1253779,23.923966238985866,17.672170504194124
4.1253779,23.409962784916857,16.705254137774713
4.125377900000001,24.10635581015008,18.065104740094675
4.1253779,23.9241663317358,17.688316924767012
4.125377900000001,23.92914154100358,18.500000000000004
4.1253779,23.629112660024894,16.453701807469233
4.125377900000001,23.880659068042238,17.6539746910021
4.125377899999999,23.62753516202756,16.43862965784769
4.1253779,23.9615362269587,18.198649147494415
4.125377899999999,24.10601884357346,18.499999999999996
4.125377899999999,23.83569870867148,11.833932859457812
4.125377899999999,24.060662171390895,12.531592254121186
4.1253779,23.97789483366037,11.69873925812193
4.1253779,23.8804928516169,17.625013532457697
4.1253779,23.977894912314614,11.69873787381091
4.1253779,23.95465454692434,11.713092023583668
4.125377900000001,23.639610630209415,16.489886719039273
4.1253779,23.54542047539908,16.472596774783906
4.1253779,23.880785443387204,17.676254688685326
4.125377899999999,23.627536828724587,16.438614323604384
4.125377900000001,23.91247974171351,12.324664840752105
4.125377900000001,23.903705389312833,12.326564062858258
4.125377899999999,22.924584559648213,16.61733730754418
4.383799365280383,23.951260496217397,12.582633768540047
4.672795194117795,23.753928277212683,11.932985484489139
4.1253779,23.450237177415293,13.665138519194766
4.1253779,23.43223336480078,14.993427011199085
4.622434539628591,23.319139897559285,15.463991023696344
4.125377899999999,23.44261627881875,16.41496676772844
4.1253779,23.96577493687857,11.705608962098802
4.1253779,23.53389095119358,16.45350890815555
4.1253779,23.53409546398812,16.9788898501607
4.125377900000001,23.98952966336284,11.694526645267452
4.405427135753307,23.73329873449129,13.163346792338722
4.1253779,23.628522113964117,16.45429857086867
4.1253779,23.880591208157156,17.642442347433267
4.1253779,24.14484883849257,11.84352231578177
4.1253779,23.98321313073968,13.143380605718038
4.1253779,23.903705642314982,12.326562032995243
4.1253779,23.389168878429295,16.71894983690241
4.655648656631151,23.057507900019626,15.541804545657545
4.918488285568083,22.9439178031016,15.544099352796126
5.398272533398801,22.924004818189495,15.639975655055666
5.445722310560807,22.70766956335204,15.599677664243044
4.623878189571879,23.217253600175614,15.476661894038086
5.155139506366152,23.024798788269365,15.64357580951873
5.254989015569224,23.523047682320367,11.992254235483037
4.125377899999999,23.954654227222164,11.713093076475763
4.1253779,24.061479496094606,12.383536091376278
5.255714254524983,23.471791206719786,11.998695828429529
4.125377900000001,24.101576685264536,18.5
4.408800551088831,23.72779861025755,11.919799687247515
4.125377900000001,23.954654248155833,11.713091572625181
4.1253779,23.954654105904737,11.713092845528045
4.1253779,23.981856567120335,13.123599171883894
4.125377900000001,24.063782208922674,12.371579306754846
4.1253779,23.946868953554375,11.710580776907854
4.1253779,23.947839660899145,11.74646722629309
5.209250728621639,22.969727021115546,15.660863838564168
6.085366912053856,22.903675958871787,15.102819953238312
5.267309025044407,23.019702704358686,14.55302044678593
4.939951283659645,22.836523084833225,14.645271004370448
5.29996518212632,23.206576187318426,13.797848228659317
4.722339390508477,23.200174667650643,15.412343297850096
5.320663803111503,22.37519965085481,14.42095734516211
5.022930862215048,22.830973453333645,13.884794182862255
4.125377900000001,22.457133128147863,18.500000000000004
4.737479656037731,23.11521670166494,14.44217283255157
4.693685059749668,23.277947563602748,13.89386291607197
4.741122474976766,22.991055658349673,13.174442837365808
4.1253779,23.8491447727603,11.78906121351428
4.1253779,23.661501048464928,12.9692979051048
4.1253779,23.664696182605763,12.938763134890921
4.125377900000001,23.673085154542985,12.958306352004296
4.1253779,23.661500201603165,12.969299771103914
4.393054638230305,23.656793898796884,13.622300592267925
5.099194610134069,22.104801261976963,16.326192110628767
6.285412925433395,22.939260160046345,12.013972872409067
5.638223101257379,22.96565754611544,12.04075839994689
5.099194625793947,22.104801270910244,16.326191960383277
5.944366623614455,22.978079670050555,12.05359353442315
6.130374440488199,22.992156338557983,14.002239464124324
6.239279495070756,23.21841706167745,12.05612782356236
4.1253779,22.54638565676416,16.477619493966742
5.66078574331182,23.073096296204127,11.969578509519364
5.327839484709209,23.302602347132158,11.959607519232554
5.602652117222521,23.204437125649115,12.018635870881347
5.6286184298510005,23.065745336354844,11.96449158537868
4.1253779,23.88578279952237,12.35109085161846
4.1253779,23.705539078464586,11.699329715473429
4.125377899999999,23.643414151682492,11.94669410537397
4.1253779,23.618219968599604,11.93326336941434
4.125377899999999,23.62005612841707,11.934242749546803
4.125377900000001,23.705538891767112,11.699330076757533
4.125377899999999,22.227636262299622,17.498997844964357
4.1253779,21.839324374730772,18.08918932787155
4.1253779,22.015944265497566,18.5
4.125377899999999,22.22763482458999,17.4990008228707
4.1253779,21.82076045270608,18.123406127373233
4.1253779,21.820760639806934,18.123406309095934
4.125377900000001,21.50927471854762,17.69315440906299
6.289256655179559,23.056412456970172,12.015598194600047
6.291765277014032,23.057573196392163,12.016659645959571
6.289256740372795,23.056412423165714,12.015597955853856
4.1253779,22.63655776624249,18.5
6.28791282256837,22.940283577094526,12.015029529862147
4.1253779,23.320483119929424,11.978552737560673
4.125377899999999,23.69828779503085,11.845015043996806
4.1253779,22.74266286322542,14.175906992289601
4.125377899999999,23.82522420751112,11.77987645754429
4.1253779,23.40127259205485,13.404203239228577
4.125377900000001,22.65967240201562,12.61264315384661
4.125377900000001,21.513929434789027,17.71786311127507
6.482877252712303,21.957920885578783,12.834626320219394
4.125377900000001,22.507731836747716,18.500000000000007
4.125377899999999,21.50998110206679,17.696908622333517
4.1253779,22.507731718148424,18.500000000000004
4.1253779,22.509079026631756,18.499999999999996
4.1253779,22.50907805219042,18.5
4.1253779,22.50773104182836,18.5
4.1253779,22.507731335381827,18.5
4.1253779,22.637213106720715,18.500000000000004
4.125377900000001,22.50773107454224,18.500000000000004
4.125377899999999,22.50907814977159,18.499999999999996
4.1253779,22.252068636232714,15.952677645016877
4.125377900000001,23.07362529406616,15.085072786296791
4.1253779,22.3288304017962,16.54228886117879
4.1253779,22.43697510739915,16.5464615245366
4.125377900000001,23.616334556729765,11.773711542209538
4.1253779,22.574769039145394,12.009130781113404
4.125377899999999,23.025981840205727,12.011073409942767
4.125377900000001,23.056399393319182,17.41872060072063
4.1253779,21.755096167831034,17.10722217271493
4.1253779,22.118412013757236,12.648634062714963
4.1253779,22.958875784106816,14.883729013552903
4.1253779,22.507731509836646,18.5
4.613146179479408,22.292213195533538,16.872388577645964
4.1253779,21.7960983971035,18.499999999999996
4.613145632300861,22.292213899429424,16.872389919498183
4.1253779,22.527227564924015,18.5
4.1253779,22.015944492225117,18.5
4.125377899999999,22.52722783769062,18.5
4.590101867105019,21.98271997888101,17.746472274544235
4.601735781288102,21.832587257233286,16.826235466771504
4.125377899999999,21.55179924396386,18.499999999999996
4.545850253600185,21.634634863259837,18.14557841781487
4.1253779,22.499362801478494,18.5
4.1253779,21.79609900242356,18.500000000000004
4.4122209342133525,23.58771989425202,11.993498426094952
4.1253779,23.57417144731132,13.186833078146297
4.1253779,23.603316737565624,11.778064312533035
5.267350350474413,22.194215370075476,12.771589414372208
4.1253779,22.636557526476054,18.5
4.702545490771917,22.15814504744284,12.80192012552408
5.023552765838393,22.588540336988736,12.844878130413331
6.327923378408809,23.062763397536052,11.998501068784101
6.085820410256167,22.884815617047753,14.002702823754522
5.345196410874003,22.8915097132196,12.544973766916845
5.672277462257882,22.97564247341171,12.029804668267973
5.509195633275951,23.15359159203937,13.849579539527527
5.155802119665882,22.557277443465114,16.211169487517367
4.125377900000001,22.527228572272858,18.500000000000004
4.551543174461037,21.98238477337249,17.77729642576432
4.125377900000001,21.98635088484191,18.5
4.593983181536919,21.575881759291804,16.901631800666635
4.87271281898181,22.345196943427048,15.836424835486774
5.406640315069077,22.922630197066415,15.632794460567595
5.312536003554871,23.35234454950113,12.043873908947258
4.125377899999999,23.50546622373851,13.22131212300442
4.125377900000001,22.837576222027554,12.493145378484671
4.125377899999999,23.84668314647093,11.788116836667571
4.94870353804229,23.205476758396507,13.43586498734298
5.4516767324709345,23.0010386001892,15.190932644793861
5.243160017571342,23.210232260206773,14.525844126608952
4.125377899999999,23.504655207461248,14.410743819337373
4.6643924610793945,23.259030419986296,15.053970706519195
5.339797760185394,22.87989485499454,12.538579673489181
4.86126329628691,23.28799567317085,15.14909916432851
4.898616574404915,23.42417259375759,14.9920676715117
5.401063444673445,22.354310186587064,15.783168006287797
4.659750341507174,22.455315289886677,16.19495765144166
5.013303118792632,22.762810108717552,16.933339132807028
5.060981654657235,22.67973465163255,17.274258805628357
4.593982724961992,21.575882615592217,16.901633474450165
4.1253779,23.71610450415801,11.703167015851822
4.1253779,23.82788083837365,11.780894213936763
4.1253779,23.716104411676227,11.7031668472686
4.1253779,23.949692014532864,11.757915954668976
4.1253779,23.817991971445675,11.745722498065797
4.125377899999999,23.817991797210357,11.745723013239637
6.16411496747989,22.911950610786022,14.34575095192675
6.250580861416676,23.097075037672795,12.03387597492409
5.7323872601690535,22.92590339364489,15.564882746518794
5.89862228325568,21.86775570935096,12.929296726829469
5.516612976093196,23.225037656441245,14.516262856941145
6.604168959658742,23.36438055394725,12.044568396919034
4.125377899999999,22.194788795656812,18.499999999999996
5.75105955289423,23.735874092171024,14.50023674283193
5.782498748251267,23.059032818238546,15.476107291822107
6.307682847718516,23.160723064795306,15.036921761533023
6.353909544733571,23.15297492319609,15.00933453307224
5.80014159717909,23.031642991581418,15.522705617757458
4.125377900000002,23.466000111925982,13.77137858874077
4.1253779,24.06836065093266,12.524579319385309
4.125377899999999,23.921703833504246,12.545731595814033
4.1253779,24.059976281052712,12.527092942594786
4.125377899999999,24.059976506068104,12.527089198697176
4.1253779,23.81680709670077,13.18803999982045
4.650779391462897,23.018010881374,15.01402233868272
4.6035018910928205,23.033997435717534,15.686679284172122
5.155138277185403,23.024798646208964,15.643577459505723
5.192024725644426,22.908113012058156,15.012160544486008
4.652182092141276,23.01580755895344,15.024473740243616
4.367271860304209,23.131464756949995,15.67744080131341
4.592020460296674,22.895643794494216,17.214509911187292
5.472412069060175,23.05596211638874,15.533143666970691
5.155139299396378,23.02479707955847,15.643579550530538
5.052793818906958,22.386873684828977,16.88771667132883
5.231618489398137,23.13115476529355,15.598738063192751
4.1253779,23.382342520891694,17.775529616254893
4.1253779,23.880988208289125,17.711750765551322
4.125377899999999,24.07264449740574,11.912435508209084
4.125377899999999,23.880492712394158,17.625021195703745
4.1253779,24.101575642832803,18.5
4.125377900000001,23.62338801439393,16.54129018640063
4.1253779,23.880784417692443,17.67626051168922
4.1253779,23.632621828665805,14.442399014584293
4.1253779,23.3986255254378,17.791051111477692
4.125377900000001,23.31686284897856,17.79271372682114
4.125377900000001,24.10601983073004,18.500000000000007
4.1253779,23.929141296925955,18.5
4.1253779,23.732816905297096,13.994314207518338
4.60877728919133,22.426815873742502,17.15863635157875
4.651577706670465,22.43999560777858,16.534468153308694
4.632606889126286,22.98709799057717,15.61722152333585
4.620580167735487,23.513345486525598,16.337318787229847
4.1253779,23.302023757117844,17.3697803631455
4.125377900000001,23.718976527484294,17.519503279454383
4.1253779,23.760679141919102,16.658346943144767
4.1253779,23.87795833822622,11.770982808157243
4.125377900000001,23.732312525292674,13.60833186665535
4.1253779,23.420512523497543,17.282054189832163
4.1253779,23.433167710229014,17.173950249657942
4.1253779,23.93275906422353,18.13031829102196
4.125377900000001,25.665365112419565,18.500000000000004
4.1253779,25.53792718468968,18.499999999999996
4.125377900000001,23.917029190151162,15.875348442256108
4.1253779,23.750331078265354,16.93305747668185
4.1253779,25.665351974123897,18.499999999999996
4.1253779,23.741813219342383,16.26201235829212
4.1253779,23.77503751274182,18.499999999999996
4.1253779,23.652510619511006,18.499999999999996
4.1253779,25.6598105964905,18.5
4.1253779,23.717393403874905,18.500000000000004
4.1253779,23.657517703696488,18.499999999999996
4.125377900000001,23.650062990537343,18.5
4.1253779,23.74754633455533,16.730664128626508
4.125377900000001,23.57960622925022,17.350976375243036
4.1253779,24.147266673305545,18.5
4.125377900000001,24.13147739876591,18.500000000000004
4.1253779,24.147268949286957,18.5
4.125377899999999,24.147268635329233,18.500000000000004
4.125377899999999,23.74141376581682,16.64422244320628
4.125377899999999,23.927412628784722,18.040521371536308
4.1253779,23.668136676094395,16.79720050054796
4.125377899999999,24.50564005974892,18.5
4.125377899999999,23.426382988593343,18.01457602236253
4.1253779,23.346231565100183,18.5
4.1253779,23.726821494846618,18.5
4.125377899999999,23.4549974178969,18.5
4.125377900000001,23.45499698312038,18.500000000000007
4.1253779,23.50511408365454,18.5
4.125377900000001,23.325550965610145,18.500000000000004
4.125377899999999,23.45499723767788,18.5
4.125377899999999,25.668642746130885,18.5
4.1253779,24.747721697757715,18.5
4.125377900000001,24.238917246948677,18.5
4.125377899999999,25.64789198366161,18.5
4.125377900000001,24.30290772265718,18.500000000000004
4.125377899999999,24.094241690498194,18.499999999999993
4.1253779,25.668648704760727,18.5
4.1253779,25.668645355547184,18.500000000000004
4.1253779,24.342669728654936,18.500000000000004
4.1253779,25.668643803031497,18.499999999999996
4.125377900000001,24.34266945140052,18.5
4.125377899999999,24.342669720925993,18.5
4.125377899999999,25.33868406122844,18.5
4.125377899999999,26.98051210626034,18.499999999999996
4.1253779,26.980512246702013,18.5
4.125377900000001,27.2366686956292,18.500000000000004
4.125377900000001,26.98050591124627,18.500000000000004
4.125377900000001,26.980509618462825,18.500000000000004
4.125377899999999,23.878224994418748,18.499999999999996
4.1253779,25.582627385880166,18.5
4.1253779,25.6673791988392,18.500000000000004
4.1253779,25.63619049236301,18.5
4.1253779,24.930417173297855,18.5
4.1253779,25.58262638843128,18.5
4.1253779,24.81296716733619,18.5
4.125377899999999,25.63018548606832,18.5
4.125377899999999,24.3426681894421,18.499999999999993
4.1253779,25.16084550064916,18.5
4.1253779,24.342667818230492,18.5
4.125377900000001,25.668641998080037,18.500000000000004
4.125377900000001,27.419427922105275,18.5
4.1253779,27.09866333601696,18.500000000000004
4.125377900000001,27.419427918702183,18.500000000000004
4.1253779,27.41942792186654,18.5
4.125377899999999,27.41942791559288,18.5
4.1253779,25.386525820070506,18.499999999999993
4.1253779,24.108727703010178,18.5
4.1253779,24.790316921518567,18.5
4.1253779,24.09423730646029,18.499999999999996
4.1253779,24.262012086963505,18.500000000000004
4.1253779,24.262011504669385,18.500000000000004
4.125377900000001,24.25558226825863,18.500000000000004
4.1253779,24.290634956551834,18.499999999999996
4.125377899999999,24.2906353945592,18.5
4.317183508010099,23.608883048491787,18.500000000000004
4.323270916871977,23.807947043901176,18.499999999999996
4.323270896400562,23.807946974452225,18.499999999999996
4.323271105938669,23.80794744400452,18.500000000000004
4.1253779,26.188618104741245,18.5
4.125377899999999,25.74050852574387,18.499999999999996
4.1253779,27.349069616671173,18.500000000000004
4.1253779,24.34892407594365,18.500000000000004
4.1253779,26.327912464326594,18.500000000000004
4.125377900000001,24.532207838848024,18.500000000000004
4.125377900000001,24.108723430459165,18.500000000000004
4.125377899999999,24.094234588934686,18.499999999999996
4.1253779,24.13981631426373,18.5
4.1253779,24.078800855349858,18.5
4.1253779,24.108726663701,18.5
4.1253779,24.078801551819048,18.499999999999996
4.1253779,24.10873036437037,18.5
4.125377900000001,24.1040247489267,18.500000000000004
4.125377900000001,24.267544907589798,18.5
4.1253779,24.290635482527463,18.5
4.125377900000001,24.10402416267594,18.500000000000007
4.1253779,24.126529384092116,18.499999999999996
4.1253779,25.41653068492578,18.5
4.125377900000001,24.371961603919342,18.5
4.125377899999999,24.09423646882461,18.5
4.1253779,25.2873308222066,18.500000000000004
4.1253779,24.982970904836392,18.5
4.125377900000001,24.05016002683583,18.500000000000004
4.125377899999999,24.063042416589056,18.499999999999996
4.1253779,24.063040492690725,18.5
4.1253779,24.108724408028912,18.500000000000004
4.125377900000001,24.108724647113505,18.500000000000004
4.125377900000001,24.405855745184244,18.500000000000004
4.1253779,24.108724685214497,18.5
4.125377900000001,24.06304022519734,18.500000000000004
4.125377900000001,24.063042764791547,18.5
4.125377900000001,24.063041220122855,18.500000000000007
4.1253779,24.117588381419708,18.500000000000004
4.1253779,24.063042481853014,18.5
4.1253779,24.063044742564326,18.5
4.125377900000002,24.281753951489343,18.500000000000007
4.1253779,24.371956405084674,18.5
4.125377899999999,24.348915594275848,18.499999999999996
4.1253779,24.313555946479674,18.5
4.1253779,24.063040861607515,18.500000000000004
4.1253779,24.242223072781382,18.5
4.125377899999999,24.078790961047034,18.5
4.125377899999999,24.078788944125876,18.499999999999996
4.125377899999999,23.293555522990786,18.5
4.125377899999999,22.332888636184546,18.5
4.1253779,22.87117779722162,18.5
4.125377899999999,22.575894823112286,18.499999999999996
4.125377900000001,23.253456892630815,18.5
4.125377900000001,24.063046479643432,18.5
4.1253779,24.063045212663035,18.499999999999996
4.125377900000001,24.063045341682432,18.500000000000004
4.1253779,24.0630450501863,18.499999999999996
4.1253779,24.094236699361826,18.5
4.1253779,23.42321721711281,18.500000000000004
4.1253779,23.312368919984923,18.5
4.1253779,24.0942278485062,18.499999999999996
4.125377900000001,24.108721230544802,18.500000000000004
4.125377900000001,24.09422449897584,18.500000000000004
4.1253779,24.07879541235895,18.500000000000004
4.294302599597919,22.829174713130858,18.500000000000004
4.297260698826281,22.823802720303473,18.5
4.1253779,22.332888856203272,18.499999999999996
4.297260766867852,22.823802769162047,18.5
4.297260732520321,22.82380269385658,18.5
4.297260609469245,22.82380245882366,18.499999999999996
4.1253779,23.265673926009153,18.499999999999996
4.1253779,24.078798819127652,18.500000000000004
4.1253779,24.06304148357917,18.499999999999996
4.125377899999999,24.094229860029436,18.499999999999996
4.1253779,24.06304322927913,18.5
4.1253779,23.24089008589199,18.500000000000004
4.125377899999999,22.765184491472713,18.499999999999996
4.1253779,22.652753001058244,18.499999999999996
4.297260337176343,22.82380271134086,18.499999999999996
4.125377899999999,22.015941777428868,18.5
4.1253779,21.932514211765437,18.499999999999996
4.1253779,22.536195326917895,18.5
4.294302698961516,22.82917467310713,18.499999999999996
4.1253779,22.652752763227515,18.500000000000004
4.294302711915312,22.829174646970113,18.5
4.294302671775597,22.829174567445932,18.499999999999993
4.294302659354121,22.829174726389336,18.500000000000004
4.303630302178569,22.8522883848522,18.5
4.1253779,22.341133932344878,18.500000000000004
4.1253779,24.06304440798675,18.500000000000004
4.125377899999999,23.24088835965771,18.499999999999996
4.1253779,23.309734956605745,18.5
4.1253779,24.28175205097476,18.5
4.125377900000001,23.28337057550447,18.5
4.125377899999999,21.932513025815584,18.499999999999996
4.1253779,22.215038126135614,18.5
4.1253779,21.932513284674265,18.5
4.1253779,22.215038254835036,18.5
4.1253779,21.97836357172165,18.5
4.125377900000001,21.94240325384195,18.500000000000004
4.125377899999999,22.34238899891386,18.499999999999996
4.125377899999999,21.932512631181964,18.5
4.125377899999999,22.215037788416033,18.5
4.1253779,21.93251255551178,18.5
4.1253779,21.932512676754996,18.500000000000004
4.1253779,21.932512688707465,18.5
4.1253779,23.252566275661422,18.5
4.1253779,22.33288759518107,18.5
4.1253779,24.07879297242676,18.5
4.1253779,23.240886143761003,18.5
4.125377899999999,23.252565766061863,18.5
4.1253779,21.932512401941345,18.500000000000004
4.125377900000001,21.932513758162568,18.5
4.125377899999999,21.93251384082039,18.5
4.1253779,21.932513223585037,18.5
4.125377900000001,21.932513506458136,18.5
4.1253779,22.45056494319015,18.5
4.1253779,21.93251362030685,18.5
4.125377899999999,22.34238922105227,18.499999999999993
4.125377900000001,21.93251305260653,18.5
4.125377900000002,22.332889209444062,18.500000000000004
4.125377900000001,22.442563993114483,18.500000000000004
4.294302344813332,22.8291748273766,18.500000000000004
4.294302468811552,22.829174891645355,18.500000000000004
4.1253779,24.078794272997772,18.5
4.125377900000002,24.07879679456663,18.500000000000004
4.1253779,24.108721638524976,18.5
4.1253779,24.07879796590499,18.500000000000004
4.294302482561085,22.829174471003423,18.5
4.297260911351271,22.823802912661407,18.5
4.1253779,21.932513192660036,18.5
4.300451137210148,22.85734806882816,18.499999999999996
4.125377899999999,22.34238901720353,18.5
4.1253779,22.442563733530164,18.5
4.300451387155177,22.85734827160203,18.5
4.1253779,21.932512873927056,18.5
4.3036298668899535,22.852288814443256,18.500000000000004
4.300450128013758,22.857347496481495,18.499999999999996
4.300450234765231,22.857347411631093,18.500000000000004
4.303629763416705,22.852288244282207,18.499999999999996
4.294301987056659,22.82917447334763,18.5
4.303629757263964,22.852288273667344,18.499999999999996
4.1253779,24.078798877145353,18.499999999999993
4.125377899999999,22.911164579760815,18.499999999999996
4.1253779,24.078796755087485,18.5
4.1253779,24.108720120963852,18.499999999999996
4.1253779,24.094225762451863,18.5
4.1253779,23.293556295037572,18.499999999999996
4.1253779,21.97836316550934,18.499999999999996
4.1253779,22.45056568785219,18.5
4.300451139142925,22.85734826109086,18.5
4.1253779,22.450565707548364,18.499999999999996
4.300451315200504,22.857348428589567,18.499999999999996
4.1253779,21.93251330450538,18.499999999999996
4.300450347916979,22.85734786618859,18.500000000000004
4.1253779,24.09423088414496,18.500000000000004
4.1253779,24.108722311445028,18.5
4.1253779,24.108722478694705,18.499999999999996
4.300450338748833,22.85734782917304,18.499999999999996
4.1253779,24.10872246011962,18.499999999999996
4.1253779,24.09423083690121,18.499999999999996
4.1253779,24.108726116844203,18.499999999999996
4.125377900000001,24.09423346088625,18.500000000000007
4.1253779,24.094233799480396,18.5
4.1253779,24.10872713776187,18.5
4.1253779,24.10872657266953,18.5
4.300450834488191,22.857348766342,18.499999999999996
4.125377900000001,22.45056683856042,18.5
4.1253779,22.442564363826417,18.5
4.125377900000001,22.93468097754876,18.5
4.1253779,22.44256479826934,18.500000000000004
4.1253779,22.44256423988814,18.5
4.125377900000001,24.10872826908023,18.500000000000004
4.125377900000001,24.094235080044495,18.500000000000004
4.1253779,24.094234100465876,18.5
4.1253779,24.108728788581626,18.499999999999996
4.1253779,24.094234533121977,18.500000000000004
4.1253779,24.108728181417437,18.5
4.125377899999999,24.108728813052167,18.499999999999996
4.125377900000001,24.094236293300863,18.500000000000007
4.125377900000002,24.10872897231959,18.5
4.1253779,24.108729278097567,18.5
4.125377900000001,24.255578962389155,18.500000000000004
4.1253779,24.108728347396045,18.5
4.1253779,24.10872581120997,18.5
4.1253779,24.10872092276166,18.5
4.1253779,24.96420601251587,18.5
4.1253779,24.108723868425056,18.5
4.125377899999999,24.10872651160242,18.499999999999996
4.1253779,24.108726236284653,18.5
4.1253779,24.405869307760597,18.500000000000004
4.125377899999999,24.942065934109845,18.499999999999996
4.1253779,24.108731265976537,18.500000000000004
4.1253779,24.108732172343323,18.5
4.1253779,24.26201413112598,18.499999999999996
4.1253779,24.94206480045034,18.499999999999996
4.125377900000001,24.10873009532545,18.5
4.125377899999999,24.262008708457415,18.5
4.1253779,24.108730046366073,18.5
4.1253779,24.108730535729954,18.5
4.125377899999999,24.262013363170556,18.499999999999996
4.1253779,24.108730155821377,18.5
4.125377899999999,24.108728023058372,18.499999999999996
4.125377899999999,25.120593109925125,18.499999999999993
4.1253779,24.10872631555495,18.499999999999996
4.1253779,24.930377013007444,18.499999999999996
4.125377899999999,26.27446698387216,18.5
4.125377899999999,24.951661071900507,18.499999999999996
4.1253779,25.686146848579654,18.500000000000004
4.1253779,24.255586611488255,18.499999999999996
4.1253779,24.290637920973115,18.5
4.1253779,24.781179205244907,18.5
4.1253779,25.16082079050712,18.500000000000004
4.1253779,25.668623959918566,18.5
4.1253779,24.942077829704175,18.499999999999993
4.125377900000001,24.44281200467402,18.500000000000007
4.1253779,26.308329845347785,18.5
4.125377900000001,24.094239568442163,18.500000000000004
4.1253779,24.09424058136579,18.5
4.1253779,24.094239151630973,18.5
4.125377900000001,23.929114918130843,18.500000000000004
4.1253779,25.662726754883163,18.5
4.1253779,25.055681981122948,18.499999999999996
4.125377899999999,25.06289157572696,18.5
4.125377899999999,25.19767716746284,18.5
4.125377899999999,26.789934275653685,18.499999999999996
4.125377899999999,25.33868572093701,18.499999999999996
4.1253779,25.338686498762698,18.5
4.1253779,24.32201179549913,18.5
4.125377900000001,25.68468493135726,18.5
4.1253779,25.684685189485858,18.5
4.1253779,25.601925226118382,18.5
4.125377899999999,24.96653744265051,18.499999999999996
4.125377900000002,25.14171229891861,18.500000000000007
4.125377900000001,24.094243224840827,18.500000000000007
4.1253779,25.665401075300046,18.499999999999996
4.125377899999999,23.56820660258295,18.5
4.1253779,25.14172107423399,18.5
4.125377900000001,26.34019533504476,18.500000000000004
4.1253779,26.34019670452479,18.5
4.125377899999998,26.330278042029885,18.499999999999993
4.1253779,24.977927562137157,18.500000000000004
4.1253779,26.3302801316026,18.499999999999996
4.1253779,24.265248520204903,18.499999999999996
4.125377899999999,23.614889157012296,17.848536260461845
4.125377899999999,23.952223680096672,16.27812572120244
4.1253779,23.759558264454462,16.885835462477075
4.1253779,23.855053952261166,16.825501508931346
4.1253779,23.650157448420284,17.321808590677595
4.125377899999999,23.646815529796434,17.345082285952426
4.125377899999999,24.139354263170894,18.499999999999996
4.125377900000002,23.581466061749275,16.99005891088204
4.1253779,24.124242639392588,11.678656524342273
4.1253779,23.541880755739577,16.494590528857454
4.125377899999999,24.207287442008184,12.983821462156472
4.1253779,24.225896141680135,13.260807905752271
4.1253779,23.850394826732888,13.169342785757017
4.125377900000001,23.60375731765358,17.199391600831678
4.6798485238049246,23.743009146006266,13.266133801857844
4.1253779,24.216317009203912,12.651801490051227
5.534381254551274,24.031160099879624,12.71027295554698
4.1253779,24.215965141857534,12.650339390394834
4.125377900000001,23.82677916703664,16.935736170141205
4.125377900000001,24.121109870649672,18.500000000000004
4.1253779,23.512994031007125,18.227774532674964
4.125377899999999,25.618136674862203,18.499999999999996
4.1253779,24.136280013155346,18.500000000000004
4.1253779,23.84059403616194,18.5
4.702324615701804,23.624494186032535,11.920789344085657
4.94356362936031,23.246410726017963,14.515561751250834
4.643031016682866,24.004965314900897,13.785837949480701
4.3837010293007,23.416238450123902,14.998842792941431
4.6574801772778995,22.96764810856464,14.382540775607866
5.050857827231399,22.38695583957052,16.88914340949949
4.125377899999999,23.541225670534956,17.84056857618869
5.21685613879458,23.209230490275598,13.805215207512692
4.654323285348731,22.82082743686497,15.170660990513896
4.659045722623764,23.84037741774042,13.822860677319337
5.155140446225649,23.024798332612868,15.64357469504752
4.1253779,23.15686034972476,15.516913476615805
5.5473943143826645,23.58592443056029,13.916688775580859
5.513764193325138,23.12629415951181,13.953978956404972
4.6761055774036935,23.388733197055853,14.385496738396084
4.665192625106515,23.26692840061944,13.893644994453716
6.299797651996864,23.05451699912637,12.009094869451477
5.76078904477833,23.405352085079624,14.499752459301144
5.424704980461159,22.709507807525405,15.612357539562318
5.229494540408091,22.91720023777471,14.970534243241472
5.797838855815377,23.49646210056623,13.884295630045136
4.1253779,23.3996672340584,17.781153641030603
5.504126559842115,23.62952145718687,13.886883952153378
5.504126616345176,23.629521622484354,13.886883473590682
4.1253779,23.398625443968008,17.791051419601782
5.2821100783826935,23.37163510946018,14.440468983789168
4.898617069584086,23.424175302304246,14.992060395283012
6.374824109314789,23.781262976033226,13.867658469517641
5.4465028390579295,23.41943720835343,15.003884606136246
4.901773628176828,23.417736082043028,15.019557714738044
5.550572311047718,23.40285358674695,12.006018975515975
4.125377899999999,22.527227709520492,18.499999999999993
4.1253779,22.499362845832362,18.499999999999996
4.1253779,23.585753626392872,17.369496299155994
4.942375895833518,23.137977792277443,14.408351566873673
4.657464758084814,23.40485281532282,14.364538476010894
5.9464717073046165,23.08429750458104,12.03618370568724
4.1253779,22.577274219795534,18.500000000000004
4.1253779,22.636556197124644,18.5
5.002403416038611,22.902860692758228,14.38177196907711
5.705627487541052,22.394234304136248,15.318322622514316
4.125377900000001,22.636557917212205,18.5
4.125377899999999,22.577274232283813,18.499999999999993
5.798978548457967,23.112861333182703,13.980041663607663
4.870289306950227,22.782251726705997,16.00913830054852
4.1253779,22.5804965170977,15.712327626279247
4.968805744293618,23.25558991691926,13.847476985189548
4.968806058858561,23.255590124132997,13.847475435579511
4.125377900000001,21.551799901241075,18.500000000000004
4.1253779,21.79610090135947,18.5
4.5458493299712694,21.634637481430946,18.145579196353626
4.125377899999999,21.932517444160602,18.499999999999993
4.125377899999999,21.839325922060215,18.089188747672523
4.125377900000001,22.577274669560644,18.500000000000004
4.1253779,22.22763695882623,17.498997110029613
4.370539228771401,22.55677468672861,15.793515536852906
4.125377899999999,21.55179880794576,18.499999999999996
4.3777906195152,22.637921320401354,16.637823634548074
5.528532777385748,22.764477377307433,14.483814726302748
4.125377900000001,22.49936340582866,18.500000000000004
4.1253779,21.50998082119806,17.69690883679796
4.1253779,21.474714971696024,17.306811465968437
4.948509810730181,23.105014164859114,14.534338408694122
4.1253779,21.4747150843159,17.306811574127725
4.1253779,22.499362173189017,18.5
5.099197712475408,22.104800047044325,16.326185877503185
4.1253779,22.227636332747835,17.498997345490395
4.1253779,22.072233101094287,18.5
4.1253779,21.79609882333422,18.5
5.687389462710225,22.2045623916776,16.733876562410877
4.1253779,21.820759438862076,18.12340519317571
4.125377900000001,21.829672690921868,18.106976417068932
5.099197399538765,22.10480013642569,16.326186585166347
4.1253779,21.474714454354224,17.306810576927273
4.1253779,21.82075907005561,18.123404676414292
5.584078227726073,21.83865029164201,12.908929718794557
4.1253779,21.820759165156087,18.12340498946518
4.328986662977396,21.381761640100688,18.5
4.125377900000001,23.88049589530847,17.62501264023214
4.125377899999999,23.977894993622872,11.698736696438717
4.125377900000001,23.62753760791143,16.438610318316872
4.125377899999999,24.028840384078357,18.193564133489275
4.125377899999999,23.669020968234964,16.36384462387193
4.125377899999999,23.627046553164394,16.753680533753894
4.125377900000001,23.959069449208453,17.874968763207924
4.125377900000001,23.880496479437667,17.625013142011934
4.125377899999999,23.641593544027,16.4374179777134
4.1253779,23.977895088093867,11.698737185480505
4.1253779,24.2586276711828,18.16413757370899
4.1253779,23.824072307681906,16.83804987832431
4.409168869264909,23.967609482987573,11.845246691807857
4.408895851212081,23.96748967119403,11.84452905888875
4.1253779,23.660269486178017,16.40032242555213
4.425923427979054,23.854769470723966,11.784756571900312
4.1253779,22.507731997138375,18.5
4.1253779,23.641593264686655,16.4374208169273
4.125377899999999,23.752637417306126,17.378625853809424
4.1253779,23.86102277722524,16.13521138038758
4.125377900000001,23.87232858101811,16.696379753097084
4.125377899999999,23.767144011300395,17.330144341821097
4.125377899999999,23.325676625588173,18.201792442621567
4.1253779,24.03046964003614,15.80354468192905
4.971438630883253,23.64421214011713,11.902571899828645
4.1253779,23.5419950075964,16.805830408582178
4.125377900000001,23.669019960177536,16.363852118748053
4.125377899999999,23.963671716211127,17.85172538952779
4.125377900000001,23.094944883890857,17.60654069088818
4.1253779,23.436178527787053,17.377210183317654
4.1253779,24.064340788071316,11.88917647389763
4.1253779,22.851152299574853,18.5
4.1253779,22.736932381084628,18.499999999999996
4.125377900000001,23.099000737483113,18.14368602519969
4.1253779,24.10158172548188,18.499999999999996
4.1253779,23.296233351954506,17.65824686255409
4.125377900000001,24.101581894984633,18.500000000000004
6.4722022188817085,23.523081306577893,11.95911611323409
4.1253779,22.91416341044595,18.5
4.125377899999999,23.144346364051465,17.862253186738965
4.125377899999999,22.89157220944968,18.5
4.27641355588312,23.419038132691366,18.5
4.1253779,22.914163381742856,18.499999999999993
4.125377899999999,23.279755523745045,17.66041315100412
5.340479577543311,23.456090976353718,11.98873530966949
6.119918316095912,23.289380652860398,13.811393353436557
4.125377900000001,22.015944229055666,18.5
4.1253779,23.353887558040526,17.734559257148977
4.971192759725555,23.12247469104187,11.994555486130178
4.125377900000001,23.700006577997488,11.96502130829548
4.125377900000001,22.636556803027954,18.5
4.125377899999999,22.90750035958804,15.571199065269566
4.125377899999999,22.507731482800345,18.499999999999996
4.1253779,22.803609086555614,15.555064524547152
5.541032632874292,23.26815262937076,12.011990465274353
4.125377899999999,23.083059484569915,17.690933604081177
4.1253779,23.082736534525196,18.19322188362287
4.1253779,22.7888088287831,18.5
4.125377900000001,22.94131890057853,17.441914076339867
4.125377899999999,22.55107599730052,18.110491020717117
4.1253779,22.566286292992256,18.500000000000004
4.125377900000001,22.574771170180295,16.107636646002785
4.1253779,22.507731935933055,18.5
4.1253779,22.636556027260518,18.5
4.125377900000001,22.636556247332653,18.5
4.1253779,22.792152238595506,18.5
4.1253779,22.507731511626307,18.500000000000004
4.125377900000001,22.211126948687596,18.5
5.249969166870597,22.794613559361938,14.393405750722879
4.125377900000001,22.46716753213518,18.5
4.125377899999999,22.489814487429364,18.5
5.339798373534378,22.879895092461464,12.53857760998903
4.9167138100339045,23.006633056916968,14.506912592197164
4.381151916083758,22.471777095404214,16.09036476974369
4.125377900000001,22.574771229501465,16.10763629013273
5.174695347743743,22.463309076460522,15.647073677963277
5.174695323904133,22.463309151473638,15.647073583160614
4.383010132131469,22.359606806582143,16.54900184502325
4.125377899999999,22.50773110628851,18.499999999999996
4.654152313469146,22.56910413989168,15.620151381292139
4.654764279617564,22.56969872147789,15.625380874809723
4.388905169376267,22.77745054752117,15.637126419951054
4.654763992173872,22.569698695270127,15.625381672054234
4.1253779,22.797556176151726,15.519031504226467
5.174695401164254,22.463309061804647,15.647073650927096
4.1253779,22.63655594292489,18.499999999999996
4.391275937968992,22.15544147672538,16.53123118472869
5.347655030749119,22.894768751385254,12.547883656632045
4.1253779,22.63655560585586,18.5
5.944368768166823,22.97808029571221,12.053587636610782
4.383009951322154,22.359606510324653,16.549002918542378
4.125377899999999,22.01594102723865,18.499999999999996
4.125377900000001,22.5077307034287,18.500000000000004
4.603576838261079,22.44497377357267,16.67771048307088
4.1253779,22.507730933956775,18.5
4.125377899999999,22.507730579643724,18.5
4.125377900000001,22.015941036587666,18.5
4.1253779,22.507730256463223,18.5
4.125377899999999,22.260023877410273,16.979230325800508
4.1253779,22.015940998144874,18.5
4.1253779,21.514713942736105,17.72202909206462
4.1253779,21.51392904601053,17.717862542294355
4.654152086893634,22.569104346789807,15.620151577689656
4.1253779,22.260024467696457,16.979230651008972
5.174695641221261,22.46330930366575,15.647072699684621
4.1253779,22.636555265060537,18.5
4.408430940248077,23.551665818526875,11.981687389891954
4.391275924441506,22.155442157050175,16.53123060878146
4.125377899999999,22.50773060025425,18.5
5.673306082539979,23.17116884278555,11.990187131569666
4.388379733076424,22.675512291617174,15.62807557741196
5.944368252504956,22.978080740713697,12.053587839922374
4.654152692565037,22.56910469904332,15.620149691881624
5.1746966779140315,22.463309688574295,15.647070265023082
4.1253779,22.227639018091562,17.49899327323148
4.1253779,22.50773150621075,18.499999999999996
4.1253779,22.63655584322511,18.5
4.125377900000001,23.410822534258543,17.795626949777947
4.425526080857762,23.562373113071196,11.982730449344023
4.125377899999999,23.167219175433733,18.137828742367162
4.125377899999999,22.260025293663563,16.979229861405507
5.898266441764796,23.22035443277408,12.029420294283605
5.4651981459824475,23.112884000912747,14.560076057856962
5.309349521394088,23.077356469868054,12.012435220360029
5.5964665366037245,23.065660075054137,13.512671106798715
6.285413588046015,22.939260814020983,12.013970308413878
4.1253779,22.63655670089998,18.5
4.125377899999999,23.428439955608184,17.30883306179248
4.125377899999999,22.91416320477455,18.499999999999996
4.1253779,22.96608275092331,18.189185797077812
4.1253779,23.637653510238334,16.54169620738373
5.327020654225072,23.065443095374388,11.95902090684794
4.1253779,23.355158740997698,17.262635383692604
4.125377900000001,23.316584677145222,15.455164792510683
5.192027064632256,22.90811299016045,15.012154672907398
5.339798126045921,22.87989590277854,12.538577619965386
6.210306253879513,22.778654217177586,14.322328570278513
4.948509093831112,23.105015471418966,14.534338425894525
4.6507803821583495,23.018011389833468,15.014016993373401
5.556105117977314,23.616660412964972,11.931234897129418
4.125377899999999,23.527074180146084,17.345104957356497
4.1253779,23.64757110940629,16.546764228222372
4.1253779,23.510686152954186,17.373276988993904
4.1253779,23.524809213626067,16.873068474132314
4.397883484748026,23.986667376568924,11.878529158652984
4.1253779,23.872993046399053,13.228378835679344
4.1253779,23.720252624702383,13.213137814904256
4.125377899999999,23.731320567599663,16.403634886532746
4.1253779,24.065482840733864,18.5
4.1253779,23.55901827857579,17.451438256149036
4.1253779,23.488166497980767,13.90889618885149
4.1253779,23.720514381198583,11.83513229936309
4.125377900000001,23.512605146963445,16.9593746505923
4.125377899999999,23.62197375648245,16.61704249564584
4.125377899999999,24.10158093641936,18.499999999999996
4.125377899999999,23.851128603204387,17.759604055899437
4.1253779,24.10157920566758,18.499999999999996
4.125377900000001,23.43184203494344,17.332432854220734
4.1253779,23.851027732880723,17.673926624268766
4.125377899999999,24.066071762210075,18.204289649399463
4.1253779,24.106120142285082,18.178543005619712
4.125377900000001,23.53506448502477,16.433198627627732
4.38106242265269,23.98105069897727,11.89643817060163
4.1253779,23.651992951083937,16.7714713067725
4.1253779,23.880993239911085,17.711749311630363
4.125377899999999,23.880497738594258,17.62502036824674
4.125377900000001,23.88099301909119,17.71175124038577
4.125377900000001,23.880497655782786,17.62501990654799
4.1253779,23.880993450117188,17.711750778044895
4.1253779,23.88148237819348,17.797156486049456
4.1253779,24.02884183047977,18.19356560039369
4.125377899999999,23.961540101407152,18.198647449380545
4.1253779,23.88049769609801,17.625018853687045
4.1253779,23.88049769085354,17.625019133608365
4.125377899999999,23.6346320944783,17.130460791952025
4.1253779,23.85757705379352,16.864713399331208
4.719387191241377,24.00769092605239,11.7995682130277
4.1253779,23.641593017339403,16.43742171555581
4.125377899999999,24.4933235469553,18.5
4.125377899999999,23.669020542763626,16.363848825301083
4.125377900000001,23.963552294226076,17.84485885143392
4.125377899999999,23.50921771876001,16.72574942122438
4.125377899999999,24.02411317066243,15.811846581607691
4.125377900000001,23.675829865937594,16.703168394921484
4.1253779,23.83505826935748,16.619548201953652
4.125377899999999,23.662613626546314,15.98576128339246
4.125377900000001,23.880788027105464,17.67625487385098
4.1253779,24.13934817713165,18.500000000000004
4.125377899999999,23.681536418230664,16.9275026037697
4.1253779,24.419959702482323,18.5
4.125377899999999,23.641593480615256,16.4374175032779
4.1253779,23.83569893518181,11.833929364862719
4.1253779,24.50800710372649,18.5
4.1253779,23.858112200311194,16.518314991785438
4.125377899999999,23.765129972709133,17.7023532815702
4.1253779,25.705920334339513,18.5
4.1253779,24.75945261541082,18.203856195664557
4.1253779,23.932281559547686,16.75156744316185
4.125377899999999,23.83920361075916,16.324208843241852
4.1253779,23.834654386407184,16.42825033679792
4.1253779,26.33530399895613,18.5
4.1253779,23.92526603525352,15.604627198789576
4.1253779,26.83546527038656,18.5
4.1253779,24.092612158408,18.208270634606578
5.225808461460596,23.21635836319232,14.544011966486753
4.1253779,22.636555578369034,18.5
4.1253779,21.82076039818682,18.123405505793293
4.1253779,22.015943437860816,18.5
4.1253779,22.63655597379826,18.5
4.1253779,22.527227913135896,18.499999999999996
4.1253779,21.986350916048814,18.5
4.1253779,21.848163363982152,18.07289734423995
4.125377899999999,22.457038105840258,17.5248256070998
7.028066185797404,23.120991849349448,13.369760819459321
4.125377900000001,22.507733250269954,18.5
4.1253779,22.6512318256797,16.55587217306114
4.1253779,21.79609958857872,18.499999999999996
5.4666970344789885,22.23507391743721,15.772634407753964
6.1369126251548725,22.890600518071082,13.879276061031605
5.634617572381721,22.538810681828995,16.27574848271085
6.130783642176824,23.234294235876717,13.414534746617884
6.130783414424969,23.2342942395427,13.414535127218572
6.107148768089254,23.370233952547352,14.507113943114758
6.0167338144806335,22.81782951300842,15.56577249077725
5.110733063421625,22.104419954767586,16.84500508506789
5.790282047561428,22.712344422664607,15.52083690560286
5.1220568011738665,22.104655286451255,16.310882833490055
5.5285338543181535,22.76447766791644,14.483812230354426
4.37319063013324,22.246648656710757,15.844276015727216
5.1102942101617135,23.06590831550662,15.811787822276875
4.921245649931722,23.897692257957438,14.392699921372698
4.898616989047422,23.424174660512772,14.992061900065806
5.587631087770752,22.829676566589384,15.902760854319979
5.746601972972296,23.888072186541013,13.938647218227713
4.125377900000001,22.825712154857897,15.946845045326013
5.1976740151244964,23.501467363374303,13.90725258919097
5.750821395685304,23.12338902147045,14.53512719176844
4.926371997426586,22.919565660629317,15.616787932300083
4.918717666355403,23.132535875960542,15.633423780283149
4.590408266100819,22.998568436091237,16.80655124269213
4.885769438538525,23.028349394831434,15.660220961554668
6.077447407350123,22.873323390028812,14.024912955171969
4.970690620193988,23.209278353345596,14.52301184872226
6.132018241115917,23.177696068611514,13.806561385025232
6.712801343414892,23.3927286366447,13.314861931738829
6.83147887634513,23.52709497422098,13.225706615400197
5.851285545384429,23.029537747753437,14.391751815819422
5.358796978546499,24.066576250325138,15.817395397838116
4.936071020034114,24.030676474225828,14.339502070476028
6.75117343414261,23.99606946795459,13.343258699793841
6.500860245964521,23.621672166391335,13.899113964663957
5.765414867422995,23.767875042194657,13.91605466966626
4.125377900000001,23.37978281074867,18.500000000000004
4.637293386243155,23.62852498591792,17.17953985178208
4.125377899999999,23.74594011935544,17.352993168014635
4.125377899999999,23.55552248197862,17.793837191696802
4.623584227288524,23.850217614132376,16.685680063256545
4.1253779,23.75792566709383,17.09806665341445
4.3863254477822124,23.33451626416989,14.971398409157452
4.367271882787021,23.13146416848038,15.677441216687432
4.617287062161558,22.929695864880408,15.918432034943065
4.5969005516467725,22.333352537456353,16.8350950512667
5.864429271163712,22.925032123389844,15.449673977108944
5.830001000862344,22.929285885276492,15.470947080772905
4.125377900000001,23.597077422192775,17.346473049664272
4.125377899999999,23.842806443170662,16.71664291026756
4.125377900000001,23.461261439092695,18.193357342060136
4.1253779,23.46477579651031,17.88162847684946
4.125377900000001,23.734355019349195,17.465960939180366
4.1253779,23.828879577852636,17.94942431167596
4.1253779,23.188667499159862,17.7051669066766
4.1253779,23.929141221669003,18.500000000000004
4.125377899999999,23.815200421117574,16.364493694911815
4.1253779,23.92914116738802,18.5
4.575678642001557,23.158753995101257,17.175500915532098
4.1253779,23.929140813124878,18.5
4.125377900000001,23.457979768160556,17.87268521391436
4.1253779,25.3239632044303,18.499999999999996
4.125377900000001,23.48116647729974,18.184788208471865
4.125377899999999,23.544135179716708,17.83055827214801
4.125377900000001,24.268540235228862,18.500000000000007
4.125377900000001,24.268540235228862,18.500000000000007
4.125377900000001,23.72569584395987,17.417959444068643
4.1253779,24.683219522621382,18.499999999999996
4.125377900000001,24.268545069403064,18.500000000000004
4.125377899999998,23.715639033735123,17.950767377557096
4.1253779,25.70592471933172,18.5
4.125377899999999,27.08826566732298,18.5
4.125377900000001,23.670014452588273,17.774051285641235
4.1253779,23.925633012750936,18.2236211100287
4.125377899999999,23.790152573489568,16.989845771682113
4.1253779,23.57812791674585,17.78459561238731
4.125377899999999,23.42161102569046,17.722166804213302
4.595482926804959,23.854098031555772,16.694743502174397
4.1253779,23.935820231317894,18.5
4.125377900000001,26.350664807101882,18.5
4.1253779,24.252485212623252,18.5
4.1253779,27.044419617058853,18.5
4.125377899999999,25.605944106641278,18.499999999999996
4.125377900000001,24.37499818868825,18.500000000000004
4.1253779,27.088250991721395,18.5
4.1253779,23.706622973836865,18.500000000000004
4.1253779,23.622586715936986,18.229844271778976
4.1253779,23.79073517675046,17.388248221803266
4.1253779,23.789006409415393,16.967669195925147
4.853804323850553,24.267202568467223,15.716172379064991
4.125377900000001,25.698883188731617,18.500000000000004
4.1253779,25.60941449920302,18.5
4.125377900000001,25.80587564927099,18.5
4.125377900000001,25.25415766256136,18.499999999999996
4.1253779,25.78490540887495,18.500000000000004
4.1253779,25.71879391408138,18.500000000000004
4.1253779,25.647884630343647,18.499999999999993
4.125377900000001,25.63250261198267,18.5
4.1253779,25.286969365979377,18.5
4.125377899999999,25.784907444187567,18.5
4.1253779,25.254164182157744,18.5
4.125377899999999,24.334324290319913,18.499999999999993
4.1253779,25.800107002916466,18.5
4.1253779,23.42357635076937,18.500000000000004
4.125377900000001,25.191984539762657,18.500000000000004
4.125377900000001,24.258459451878014,18.5
4.125377899999999,24.25846087996761,18.5
4.1253779,24.094237532553198,18.500000000000004
4.325770585657818,23.40056376132939,18.5
4.125377899999999,24.25846134800449,18.5
4.1253779,25.191974528150002,18.499999999999996
4.125377900000001,24.864663474786024,18.500000000000004
4.125377900000001,25.20486841371604,18.5
4.125377899999999,25.065655853443612,18.5
4.1253779,24.25846063379732,18.5
4.1253779,24.258457255231875,18.5
4.1253779,24.09423763274004,18.5
4.1253779,24.1087303688409,18.500000000000004
4.125377900000001,24.459448152741142,18.500000000000007
4.1253779,25.254134045203777,18.5
4.1253779,24.094238539753015,18.500000000000004
4.125377900000001,24.09423698008357,18.5
4.125377899999999,24.10872945761149,18.5
4.125377900000001,24.262010298189203,18.500000000000004
4.1253779,24.44181207568516,18.500000000000004
4.1253779,25.006412786711792,18.5
4.125377899999999,24.094233912019543,18.5
4.1253779,24.10872673560349,18.5
4.125377899999998,24.10872698987596,18.499999999999996
4.125377899999999,24.10872843125216,18.5
4.1253779,23.396288129666374,18.499999999999996
4.125377899999998,24.139817953830715,18.499999999999996
4.1253779,24.10872526701762,18.500000000000004
4.1253779,24.10872752481294,18.500000000000004
4.125377899999999,24.509500441771344,18.499999999999996
4.125377900000001,24.108727392341276,18.500000000000004
4.1253779,24.108729287973805,18.5
4.1253779,23.396287574528586,18.5
4.125377899999999,24.441806134122313,18.500000000000004
4.125377900000001,23.2534543920894,18.5
4.125377899999999,23.405732471621338,18.5
4.1253779,23.42357344212519,18.5
4.1253779,24.1087261294761,18.5
4.1253779,22.934680750583706,18.5
4.125377900000001,23.29355636166838,18.5
4.125377899999999,24.09423407526249,18.5
4.125377900000001,24.094233366243408,18.500000000000004
4.1253779,24.063042765211918,18.500000000000004
4.1253779,24.422880099775888,18.5
4.125377900000001,24.10872691581465,18.5
4.30363090439706,22.85228939297441,18.5
4.1253779,23.281903140405394,18.5
4.1253779,24.46259184122043,18.5
4.1253779,24.10871956918301,18.5
4.1253779,21.978363116622837,18.5
4.1253779,22.4505656831635,18.499999999999996
4.125377900000001,21.978363103419436,18.5
4.294302990868451,22.82917534491371,18.500000000000004
4.300451046840805,22.85734800409829,18.5
4.300450992832372,22.857347881487865,18.5
4.294302874230883,22.82917509573174,18.5
4.294302823392509,22.829175122836777,18.499999999999996
4.2943026061689125,22.82917498291537,18.500000000000004
4.1253779,22.33514679635522,18.5
4.125377900000001,22.527227118373016,18.5
4.1253779,23.423570583140258,18.499999999999996
4.294303105250245,22.8291756088996,18.499999999999996
4.125377899999999,22.575894796278163,18.5
4.1253779,23.389308589837935,18.5
4.294303334320995,22.829175611152383,18.499999999999996
4.2943036949851505,22.82917605332201,18.5
4.294303420077375,22.829175761239906,18.5
4.300451276155215,22.857348009313906,18.5
4.125377900000001,22.390984279605277,18.500000000000004
4.125377899999998,23.386563299287907,18.499999999999993
4.1253779,22.3328878312222,18.500000000000004
4.125377900000001,21.978362524939893,18.5
4.1253779,21.978362619548072,18.5
4.1253779,21.97836261565454,18.5
4.125377899999999,21.97836252969087,18.499999999999996
4.29430366715648,22.829175762191795,18.499999999999996
4.125377899999999,21.932512676162478,18.499999999999996
4.1253779,22.90142319514426,18.500000000000004
4.1253779,21.932512700952287,18.500000000000004
4.1253779,21.932512537054674,18.5
4.1253779,21.932512750568616,18.5
4.125377900000001,22.9287190505691,18.5
4.125377899999999,23.281901034999827,18.499999999999996
4.1253779,22.934678876742975,18.5
4.125377900000001,22.934679322776947,18.5
4.1253779,23.293553325210056,18.5
4.1253779,22.45056475162422,18.5
4.125377900000001,25.141736738972618,18.500000000000004
4.125377899999999,25.668645867404557,18.499999999999996
4.1253779,24.747723742041856,18.5
4.125377899999999,25.141734174784837,18.499999999999996
4.290997095589933,23.776119603062664,18.5
4.1253779,25.16086665319502,18.5
4.1253779,25.160863962336627,18.5
4.125377899999999,25.25417408816021,18.5
4.1253779,24.317907572696534,18.5
4.1253779,25.141729330051984,18.5
4.290997667314237,23.77612118149493,18.5
4.125377899999999,24.334323985206698,18.5
4.125377899999999,25.64788089364989,18.5
4.1253779,24.255587041835405,18.500000000000004
4.1253779,25.647878646436748,18.5
4.1253779,25.141723781544773,18.500000000000004
4.125377899999999,24.30290373577946,18.499999999999996
4.1253779,25.601910097717358,18.500000000000004
4.1253779,23.42322241662948,18.5
4.1253779,24.255584995493216,18.5
4.125377899999999,24.300048289629608,18.499999999999996
4.1253779,24.80112552954555,18.500000000000004
4.1253779,24.23132386118617,18.5
4.1253779,25.254153980915344,18.500000000000004
4.125377900000001,25.191988036983897,18.5
4.1253779,24.06304981562084,18.500000000000004
4.1253779,24.226399740362275,18.5
4.1253779,24.094240890038392,18.5
4.125377900000001,23.370760687051423,18.500000000000004
4.1253779,24.09423996803209,18.5
4.325771094299937,23.400562567349798,18.5
4.125377900000001,24.255583559331267,18.5
4.125377900000001,24.255581876523603,18.500000000000004
4.325771066802849,23.40056206207577,18.5
4.1253779,24.226395644540368,18.500000000000004
4.325771055353246,23.400562522808716,18.5
4.1253779,24.258459947542367,18.499999999999996
4.125377900000001,24.06304762472206,18.500000000000004
4.125377900000001,24.063047588578602,18.5
4.1253779,24.063047686361312,18.500000000000004
4.1253779,24.06304763396125,18.5
4.1253779,24.48189266877192,18.5
4.1253779,24.126528289972647,18.499999999999996
4.125377900000001,24.094238552393822,18.500000000000004
4.1253779,23.389313711864503,18.5
4.125377900000001,24.094238699102284,18.5
4.125377899999999,23.3707591155707,18.499999999999996
4.1253779,24.09423876846692,18.5
4.1253779,23.40573455033755,18.5
4.1253779,24.255581090717552,18.5
4.1253779,24.290632227607983,18.5
4.1253779,24.223531349674392,18.5
4.1253779,24.108729848221856,18.5
4.125377899999999,24.223532486650168,18.5
4.125377899999998,23.42357539125018,18.499999999999996
4.1253779,24.094238740014013,18.500000000000004
4.1253779,24.063049342520813,18.5
4.125377899999999,24.094238348628345,18.5
4.125377899999999,24.063048150022816,18.5
4.1253779,24.063048788709324,18.500000000000004
4.125377900000001,24.09423942636464,18.500000000000004
4.125377900000001,24.09423842236299,18.500000000000004
4.1253779,24.094238016508747,18.500000000000004
4.1253779,24.094238181540064,18.500000000000004
4.1253779,24.09423899527141,18.5
4.125377899999999,23.405734914063355,18.5
4.125377900000001,24.094237131164103,18.500000000000004
4.1253779,23.40573542461361,18.5
4.1253779,24.078806259235282,18.5
4.1253779,24.063049333913497,18.5
4.1253779,24.063048431383702,18.5
4.125377900000001,24.06304833313523,18.500000000000004
4.1253779,23.42357572230986,18.5
4.1253779,23.405734118237852,18.5
4.1253779,24.10873074921794,18.499999999999996
4.1253779,24.063046463870883,18.499999999999996
4.1253779,24.094237191849462,18.5
4.1253779,24.063047028372406,18.500000000000004
4.125377900000001,24.063048931657487,18.500000000000007
4.125377900000001,24.063045399991335,18.500000000000004
4.1253779,24.078803805203552,18.500000000000004
4.125377899999999,24.063045253661105,18.499999999999996
4.125377900000001,24.06304657475801,18.500000000000004
4.1253779,24.06304623599059,18.5
4.125377899999999,24.063047567747322,18.5
4.125377900000002,24.078803922997032,18.500000000000004
4.1253779,24.07880404340085,18.499999999999996
4.125377899999999,24.063046237172422,18.499999999999996
4.125377900000001,24.09423813683416,18.5
4.1253779,23.37075953071741,18.499999999999996
4.125377899999999,23.370759658565532,18.5
4.1253779,24.06304715396891,18.500000000000004
4.125377900000001,24.0630460223088,18.5
4.1253779,24.06304422954546,18.500000000000004
4.1253779,24.063046062429954,18.499999999999996
4.125377899999999,24.063043109852075,18.5
4.1253779,23.37075815312745,18.500000000000004
4.1253779,24.06304720820058,18.5
4.125377899999999,23.389312971056675,18.499999999999993
4.1253779,23.281902682381503,18.499999999999996
4.125377900000001,24.078802554952183,18.500000000000004
4.1253779,23.370758572221888,18.5
4.125377900000001,23.389314157519195,18.500000000000004
4.125377900000002,23.389314356998554,18.500000000000007
4.125377900000001,23.370760228056007,18.500000000000007
4.1253779,23.370759846546594,18.499999999999996
4.1253779,23.37075984823297,18.5
4.125377899999999,23.370759768092686,18.499999999999996
4.125377900000001,23.389315931220096,18.500000000000004
4.125377900000001,23.389315650579444,18.5
4.125377899999999,23.389315803820583,18.499999999999996
4.314887258643664,23.529392346847917,18.5
4.1253779,23.37076198759843,18.499999999999996
4.1253779,23.37076128592432,18.5
4.125377900000001,24.063050802335113,18.5
4.1253779,23.38931399802242,18.500000000000004
4.125377899999999,23.495807162145674,18.5
4.125377899999999,24.0788073093735,18.5
4.125377899999999,24.255583322260645,18.499999999999993
4.125377900000001,24.07880772654744,18.500000000000004
4.1253779,23.370759709532805,18.5
4.125377900000001,23.849546641609514,18.5
4.125377900000001,24.994964058715425,18.5
4.125377899999999,23.89130682621973,18.5
4.125377899999999,24.79442301049686,18.5
4.125377899999999,25.061533444560713,18.5
4.125377900000001,24.43937444572225,18.500000000000004
4.273594779620398,23.450827197760745,18.5
4.125377900000001,23.779430689741577,18.5
4.1253779,24.06304944713043,18.5
4.1253779,23.405735428533564,18.500000000000004
4.1253779,23.495807525347786,18.499999999999996
4.1253779,23.779431017056634,18.5
4.125377899999999,23.878224965912786,18.499999999999996
4.125377900000001,23.370761521730156,18.500000000000004
4.1253779,23.849547686129288,18.5
4.125377900000001,23.87822489036455,18.499999999999996
4.125377900000001,23.405736040101125,18.5
4.1253779,23.42357702711893,18.5
4.125377899999999,23.729778393410502,18.5
4.1253779,25.698882260040193,18.5
4.1253779,23.844961279651862,18.500000000000004
4.125377900000002,24.248585334478364,18.500000000000004
4.1253779,24.32200967944163,18.5
4.1253779,23.779432307800317,18.499999999999996
4.1253779,23.844055493648327,18.500000000000004
4.125377899999999,23.849546378427352,18.5
4.1253779,24.25849922694926,18.5
4.125377900000001,23.423576360428285,18.5
4.125377900000001,23.423576406644415,18.500000000000004
4.1253779,23.84954644988222,18.499999999999996
4.1253779,23.405736095386015,18.5
4.1253779,23.527918765310847,18.5
4.280264263175494,23.81749086037947,18.500000000000004
4.1253779,24.2584630728731,18.5
4.1253779,24.126533937142778,18.5
4.1253779,23.42357680971241,18.5
4.1253779,25.08240620163339,18.5
4.125377900000001,23.878226095630268,18.500000000000004
4.125377900000001,24.126534271357276,18.5
4.1253779,23.423577179803566,18.499999999999996
4.290996698606595,23.77612076201445,18.499999999999996
4.1253779,24.34266758262441,18.5
4.319668811897689,23.566598724008728,18.499999999999996
4.1253779,25.082393160715526,18.500000000000004
4.323271737579559,23.807949573599956,18.5
4.125377900000001,25.609415905351195,18.5
4.125377899999999,23.756599854033794,18.5
4.125377900000001,25.609417147778526,18.500000000000004
4.125377900000001,25.141721820842687,18.5
4.1253779,24.25558789499316,18.499999999999996
4.1253779,26.11257626087382,18.5
4.125377899999999,25.609417109344704,18.500000000000004
4.1253779,25.64788037604082,18.5
4.125377900000001,24.29164506458472,18.500000000000004
4.125377899999999,25.14172350754667,18.499999999999996
4.1253779,24.334325161839146,18.499999999999996
4.1253779,25.66863883793531,18.499999999999996
4.125377899999998,24.98300301637661,18.499999999999996
4.125377899999999,25.630183718201526,18.5
4.125377899999999,24.291650533319643,18.5
4.125377899999999,23.92525058467617,18.500000000000004
4.125377900000001,24.302907053391294,18.500000000000004
4.1253779,24.34862899289563,18.5
4.280264469185391,23.817492364605645,18.5
4.125377900000001,24.334326038039546,18.500000000000004
4.125377899999999,24.315130791721067,18.499999999999996
4.125377900000001,24.127482610713145,18.5
4.125377899999999,24.342670655361847,18.5
4.1253779,24.37467267884109,18.5
4.125377899999999,24.05685563046738,18.499999999999996
4.125377900000001,24.342669935086555,18.500000000000007
4.1253779,24.322011984021042,18.5
4.125377900000001,24.374672795755288,18.500000000000004
4.1253779,24.374673381829304,18.5
4.125377899999999,24.857693626027825,18.499999999999993
4.1253779,24.322013758894304,18.5
4.1253779,25.73582447424168,18.5
4.1253779,24.334327540191097,18.5
4.125377899999999,24.334328182499178,18.5
4.1253779,24.37467365472416,18.500000000000004
4.323271645692958,23.807950574649624,18.499999999999996
4.125377900000001,24.126534315081948,18.500000000000004
4.1253779,24.25559007960873,18.499999999999996
4.125377899999999,22.390983838582063,18.499999999999993
4.294303289095972,22.82917559398642,18.500000000000004
4.125377899999999,22.92871933179792,18.499999999999996
4.125377899999999,22.705001746645433,18.499999999999996
4.125377900000001,23.053727704855074,18.500000000000004
4.1253779,23.098129543581233,18.5
4.1253779,22.342389136759362,18.500000000000004
4.1253779,22.844656388641187,18.5
4.1253779,22.34238884949608,18.5
4.125377899999999,22.34238846448373,18.5
4.1253779,22.342388511037868,18.500000000000004
4.1253779,22.450564875125835,18.500000000000004
4.125377899999999,23.507995115880036,18.499999999999996
4.1253779,23.14166338777018,18.5
4.1253779,24.108717011108432,18.500000000000004
4.125377899999999,23.84953818765147,18.499999999999996
4.1253779,23.84953508368197,18.5
4.125377899999999,22.85557606138006,18.499999999999996
4.1253779,23.878215749383354,18.5
4.125377900000001,23.22860767101028,18.500000000000007
4.1253779,23.08658530167133,18.5
4.1253779,22.342389122822215,18.500000000000004
4.1253779,22.8555750744845,18.499999999999996
4.125377900000001,23.13092699661106,18.500000000000004
4.125377899999999,23.849539487160115,18.499999999999996
4.1253779,23.260889254563782,18.499999999999996
4.1253779,23.53944920964552,18.5
4.125377900000001,23.878217950067068,18.5
4.125377899999999,24.930388272634556,18.5
4.125377899999999,24.930375127013185,18.499999999999996
4.1253779,23.597388619919215,18.5
4.1253779,23.423574400252527,18.5
4.1253779,23.26489207418806,18.5
4.1253779,23.42357322668891,18.500000000000004
4.30045134786123,22.85734832050531,18.499999999999996
4.125377899999999,24.108724190187765,18.500000000000004
4.1253779,23.423573791329968,18.5
4.125377900000001,24.840236156654935,18.500000000000007
4.1253779,24.419936009517265,18.500000000000004
4.125377900000001,23.539452284311036,18.500000000000004
4.1253779,24.94205256977348,18.5
4.1253779,24.99492522292772,18.5
4.125377899999999,24.094232327240867,18.499999999999996
4.1253779,24.46260366162902,18.5
4.125377900000001,24.462606347574557,18.499999999999996
4.1253779,24.09423399425953,18.499999999999996
4.125377900000001,24.10872683892191,18.500000000000004
4.1253779,23.113381444315646,18.5
4.1253779,24.462600003444084,18.5
4.1253779,24.108728114792164,18.500000000000004
4.125377899999999,23.568202633335442,18.499999999999996
4.125377900000001,23.87822013372601,18.500000000000004
4.125377900000001,23.56820251052539,18.500000000000004
4.1253779,23.141666056035575,18.500000000000007
4.125377900000001,23.925245526515603,18.5
4.1253779,24.108728200866178,18.500000000000004
4.125377899999999,23.56820335773661,18.5
4.1253779,23.87822214729434,18.5
4.125377900000001,23.53945279193625,18.500000000000004
4.125377900000001,23.8782229379214,18.5
4.125377899999999,23.878218742659428,18.499999999999996
4.125377900000001,23.5829216158974,18.5
4.125377899999999,23.52791824244357,18.5
4.125377899999999,23.925095214784534,18.5
4.125377899999999,23.405735949870454,18.499999999999996
4.125377900000001,23.423576737128304,18.5
4.125377899999999,23.946531900687507,18.5
4.1253779,24.10873105012963,18.499999999999996
4.125377900000001,24.31512613209423,18.500000000000004
4.1253779,23.933132937706397,18.500000000000004
4.125377900000001,26.78993658446391,18.5
4.125377899999999,25.131476727631128,18.499999999999996
4.125377900000001,23.40573620329312,18.5
4.125377900000001,23.878225395023506,18.500000000000004
4.125377900000001,23.93313460117509,18.500000000000007
4.125377899999999,23.925249629721854,18.5
4.125377900000001,23.94653406914462,18.500000000000004
4.1253779,23.946534166464968,18.5
4.125377900000001,23.946534448949926,18.499999999999996
4.125377900000001,26.319993177281205,18.5
4.125377900000001,24.829313472333833,18.5
4.1253779,26.263937593051654,18.5
4.1253779,25.800094737076037,18.499999999999996
4.125377900000001,25.171779982192568,18.500000000000007
4.125377900000001,24.800670755389163,18.500000000000004
4.125377900000001,27.044468194959144,18.5
4.125377899999999,25.116148729353927,18.499999999999996
4.1253779,25.33866918877634,18.499999999999996
4.1253779,24.793349015151563,18.499999999999996
4.125377899999999,26.83346265043429,18.5
4.1253779,26.833462993551883,18.500000000000004
4.125377900000001,25.378664042694428,18.5
4.1253779,27.098340081354895,18.5
4.125377899999999,26.83345330263173,18.499999999999996
4.1253779,26.28470385171065,18.499999999999996
4.125377900000001,24.344650871794787,18.500000000000004
4.1253779,25.394488554282503,18.5
4.1253779,27.10281700143696,18.5
4.1253779,25.80010549823826,18.499999999999996
4.1253779,24.315130380332924,18.5
4.1253779,23.933136004667805,18.5
4.1253779,24.048027810872636,18.500000000000004
4.63003599163826,23.309104961750897,15.113660085653
4.1253779,25.65083739219637,18.5
4.125377899999999,25.650833341504963,18.499999999999996
4.125377900000001,25.662722223311416,18.500000000000004
4.1253779,25.65083456324645,18.499999999999996
4.1253779,23.3255507691013,18.499999999999996
4.125377900000001,23.58692017564275,17.257900541356015
4.1253779,24.12901024295081,18.500000000000004
4.125377899999999,23.941514548017054,18.5
4.125377899999999,25.650817044919858,18.499999999999996
4.1253779,23.75146428088464,16.92969259018334
4.1253779,23.728223387372314,16.27526662550606
4.1253779,23.587189519570398,17.735590696050274
4.125377899999999,23.40581201883051,18.20807208221155
4.1253779,23.75685970827694,16.921335099075243
4.1253779,24.147269642408236,18.499999999999996
4.1253779,23.726419779126847,16.66702679210162
4.1253779,23.741596386572347,18.15730144393328
4.125377899999999,24.388776407163974,18.499999999999996
4.1253779,23.307517508461927,18.5
4.1253779,23.529287016669045,17.899682330978365
4.1253779,23.809356602261524,18.5
4.1253779,23.23631306930804,18.16325499644393
4.1253779,23.493800402186963,18.499999999999996
4.1253779,23.86836301518518,18.5
4.125377899999999,23.574667207968286,17.776240526312748
4.125377899999999,23.53529045914679,18.205721459056587
4.125377899999999,23.71253989035198,17.296838178117778
4.125377900000001,23.718915599152837,17.875187527085043
5.2050286579233935,22.975430557714937,14.307995114803429
4.4304574877039675,23.84047716851783,11.931335450726678
4.1253779,23.639445537624972,16.55876423178811
4.672845505988584,23.489515661132927,13.31307625577608
4.1253779,23.471574781446417,17.481237908427477
4.125377899999999,23.351402002488538,17.370567596685245
4.385584170861223,23.958762270063815,11.910525428533296
4.125377899999999,23.595528295544778,17.357188478363785
4.1253779,23.260021354927968,17.711928439898184
4.125377900000001,22.756398436294955,16.7202881636669
4.125377899999999,23.22649371836727,18.499999999999996
4.1253779,23.39965211069813,18.499999999999996
4.125377899999999,23.40504500274886,17.771812891142694
4.125377899999999,23.170637798525203,15.485477135510514
4.1253779,23.45019244167364,14.415046213684963
4.1253779,23.255994561678182,15.483331565593085
4.6125925585333745,23.052753128818413,15.613650548396528
4.6359668349838525,23.404280906325315,14.967473498742043
4.376521681143771,23.954409244779292,14.421855882916635
4.125377900000001,23.42114719960561,17.24029376603657
4.1253779,23.42653602337524,16.880557303498012
4.125377900000001,23.972485855930053,12.644429765134023
4.1253779,23.93336738215483,11.886230145783701
4.38812933153546,23.9470328718461,11.918453720826097
4.125377899999999,24.064590303891173,11.89006786768393
4.1253779,23.006027334526372,18.5
4.1253779,23.399243270135624,17.725363560299762
4.125377900000001,23.208034457301093,18.500000000000004
4.125377900000001,23.298619075008844,18.17567480991853
4.125377899999999,23.287809337920315,18.208463173357227
4.1253779,23.006027159995067,18.5
4.1253779,22.85191193203983,16.300772392186758
4.646062966070305,23.157152440289792,15.4744966182983
4.6249069185577385,23.053651901200794,15.485704977384184
5.229390777352846,23.042855961476537,14.380396136427873
4.125377900000001,23.040134090748325,15.637953511960704
4.1253779,23.140928954798845,15.627877635217828
4.364634832603112,23.158712177598336,15.627551176926625
4.661035310602314,23.037694695434123,14.404477846235839
4.6601861212079285,22.926070056346724,14.399238457563925
4.6504701682363585,23.084602372938225,15.498432353031207
4.1253779,23.153421386699172,15.498287948629795
4.1253779,23.268156611968674,14.276368860162286
5.0728172623749614,22.429668141851188,16.784845709243964
4.567991142974347,22.07197009835328,18.5
5.631141154437725,22.58534724450668,16.781496962599697
5.0728171712344965,22.429668258478276,16.78484617980329
4.588941083878117,22.59415366972085,17.65283513991972
5.096252882040399,22.806105868787988,16.774796077607014
4.389413904997687,22.976355792790876,14.3130552977019
4.1253779,23.304980189186214,14.201098108511669
4.6715268562826475,23.02664669845776,14.469199580509176
4.1253779,22.422792836144552,17.593450024752503
4.364635153616536,23.15871190490925,15.627549308364529
5.019053072940116,22.397119299576893,16.894781689952083
5.188312698674938,23.028552288957236,14.458691645845146
4.603501590802882,23.033996984850834,15.686681516965853
5.188312068754613,23.02855136690784,14.458695309438653
4.647520972711227,23.050924324497064,15.473725762036102
4.367271688373024,23.1314640324546,15.6774435407294
5.237041208029567,22.925431010998913,14.377124626914556
4.125377900000001,21.86780817576965,17.692940633074763
4.57973148386332,22.283012059256798,18.117019490852325
4.1253779,22.24995814314107,18.138555684714287
4.1253779,23.226493145934715,18.5
5.676856833831415,22.582014140443572,16.7457859940031
5.631142663673081,22.585347204993035,16.7814952106102
4.594186699872995,22.29275773703697,16.885593546675565
4.578502965927058,22.333968705158956,16.84779537216462
4.641516344506462,22.13297320701862,15.74403110507508
4.8978146052614635,22.090853654554337,15.80283728485969
5.425343958898699,22.920870149424033,15.623602757949449
5.7830248726553295,23.1034201672765,13.601797099574574
4.395460921905966,23.03818024183421,14.386637797116887
4.689811277281375,21.933537082250243,12.698943572011862
5.655595970851174,22.873530006287396,11.966640968516483
4.99548295952157,23.304350574583214,11.965723145920949
4.973376914756558,22.918458237207282,14.370404617985733
4.990714820955029,23.347222588820205,11.988422034809918
4.125377900000001,21.982698664694915,18.500000000000004
4.1253779,21.686630395984594,18.5
5.71361887823446,22.12012764073536,16.240062571669085
5.687388218237318,22.20456135811277,16.73387850235287
4.579731977689157,22.283011629995922,18.11701907460014
4.585900321612437,22.08235362325143,18.111819697770652
5.178507579826901,22.083623431535873,15.763452244110027
6.285413129578857,22.9392604313099,12.013972300556695
5.359625514940318,22.88029170297142,12.529666725955037
5.589913237285459,22.01626522116676,12.79975214532544
5.005216081052205,22.134958829883097,12.856610443389469
5.339798092731641,22.879894174745697,12.538579828934093
5.339797762954888,22.879893504580856,12.53858158760261
5.2301341350454615,23.117725594878415,13.635938105690762
7.1039864012905225,22.203111857217262,12.82053310553915
4.687148990863443,23.212584833708952,13.573696277673635
5.661693813121788,23.114751358912873,12.051964997602933
5.23013412121492,23.11772522181594,13.635938618043049
5.029604796684736,21.983113124407605,18.10975435444253
6.821911745726117,21.972538433222077,12.819521064523515
4.1253779,21.796099578851102,18.5
4.1253779,21.796099346971374,18.5
5.140049983170423,22.104539294360983,16.29883408209766
4.125377899999999,22.215040858081476,18.499999999999996
4.1253779,22.50773294379853,18.500000000000004
4.1253779,21.789005749743644,18.115835855165106
6.4869148070744505,21.957420457107357,12.843557335235904
4.125377899999999,21.512549121844675,17.71053532669214
4.1253779,22.63655609777637,18.5
4.125377899999999,21.509981573436228,17.69690840921734
4.1253779,22.636555727208485,18.5
4.125377900000001,22.507731454518808,18.5
4.1253779,22.636555751574196,18.500000000000004
4.1253779,22.50773146765623,18.499999999999996
4.1253779,22.507731753172624,18.500000000000004
4.125377899999999,22.63721365797885,18.5
4.125377899999999,22.507732037617046,18.499999999999996
4.125377900000001,23.053030487664216,14.471094542315951
4.125377899999999,22.507731449937733,18.499999999999996
4.1253779,22.507731770546517,18.500000000000004
4.398496033238036,22.27287262366741,12.673945778667111
4.1253779,22.507731736945995,18.499999999999993
4.1253779,21.509981252272485,17.696908521535164
4.1253779,21.50998096663388,17.69690886821135
4.573881179528839,22.240710135189367,16.927010027713358
4.1253779,22.50773164275699,18.5
4.1253779,22.50907787694509,18.5
4.1253779,21.467238982732272,18.15245575339609
5.099195959128125,22.104800236152354,16.32618979886945
4.1253779,21.75887565914179,17.703772302972027
4.697696808846346,21.62000309706916,14.969325394883443
4.1253779,21.839324015796194,18.089189201488335
5.068337489180909,22.104687754049785,16.87625646420867
4.125377900000001,21.474716653616632,17.30681375301133
4.1253779,22.82219710818629,18.112813171598468
4.1253779,21.510716729051207,13.470766973368693
4.687567452004454,21.84579578118372,12.734089732471265
4.692051389092181,21.853697945455497,12.770977388436775
4.1253779,22.63655799935599,18.5
4.125377900000001,22.63655708701334,18.500000000000004
5.345196337843967,22.891509251723573,12.544974757277467
4.688772187119954,21.4804627544665,14.429243723670757
5.589913099963155,22.016264931907173,12.799752028230799
6.468055820461239,22.1917196892034,12.851141499350245
5.099195657245014,22.104801082951745,16.326189869961542
6.2854132439324095,22.93926013704565,12.013972174736853
4.656421270270707,22.551423097947797,16.584678583954013
4.576418562396098,22.517352034604002,17.220491240786714
4.903804917782781,22.922010142473315,15.629566197141813
5.082504285036892,22.104906565742436,16.33736865945969
4.1253779,21.85969029310684,17.707158960042094
5.06833628889695,22.104688364763195,16.876258295495635
4.720107693337467,23.247245841034303,12.499230099353904
4.1253779,22.767751622652682,12.64661958840853
5.019905377579484,23.017717853116896,12.563578476818645
4.993274917077714,21.934537206448503,12.832772616325343
4.1253779,23.93027471523035,11.915195067599713
4.1253779,23.473456424050305,13.197618918405672
5.22949327336434,22.91719987490557,14.970537883928817
6.249062365275326,22.957874884845793,11.98850832873482
4.948508679870393,23.10501510640164,14.534340796726658
6.236921262619595,23.217119437410528,12.055059851183712
4.971628303273297,23.210558941258753,14.526809043667203
5.155139514579418,23.024798639239783,15.64357584806916
4.903804845416623,22.922010921513085,15.629565611221635
4.593261182713991,22.202008237243337,17.277004724576237
6.374106543998686,22.818339221092014,15.47541294147194
5.103086564750192,22.676381643337987,17.241114733111033
5.63114170046215,22.585347317651035,16.781496133509094
5.155139173928978,23.024795716629015,15.64358220501224
4.405806157341443,23.568069439649353,11.8964940356743
4.965561096262049,23.11922846618028,14.59066905346669
4.387506898912591,23.285091593025015,14.427644101386319
4.1253779,23.70735687273692,13.221715679083777
4.1253779,23.65951434394897,12.966989685914491
4.125377899999999,23.65951374519587,12.966991940809365
5.851285721084461,23.02953767409548,14.39175181405071
5.155139323721681,23.024798743988494,15.643576223298377
5.1551398474632535,23.02479858803131,15.643575719635376
5.155139413089744,23.024798766810505,15.643575948277931
5.369619854929069,23.11974376951923,12.541245905805825
5.782998484668335,22.91367326956109,14.423622789099142
6.465908344306068,23.02900780762942,14.328168193015973
5.171832789614948,23.1434351575594,15.610135279377513
4.1253779,22.468520239831847,18.116079409278413
5.765885023435654,22.69386504513325,16.236443752925
5.631140491630686,22.585347674763195,16.781497402378317
5.732385517290969,22.925901589156787,15.564888133155021
4.410144445086768,23.70769202040881,11.987030652820552
4.125377899999999,23.84912545817653,11.786780060085325
4.1253779,23.849125644401287,11.786779247930747
4.427891044267557,23.359196775282104,13.192356278193444
4.125377899999999,23.161600037731997,14.274346911333993
4.410144381146648,23.70769213628825,11.987031093252588
4.125377900000001,23.16476508510339,14.301418417702244
4.125377899999998,23.760913198753034,13.241564523841832
4.1253779,23.26815663907598,14.276368512586128
4.1253779,23.304981981193855,14.20109360900769
4.661639517118796,22.923577430788225,14.408206590198832
5.202775368061945,23.00694495255207,13.8955138905941
4.125377899999999,24.070419976863217,18.499999999999996
5.806111244847895,23.231708380091423,14.529923389342537
4.125377900000001,23.399666878684272,17.781155248857022
4.125377900000001,23.40504492335069,17.771813397011712
4.125377900000001,23.398625180614523,17.791052926003427
4.125377900000001,23.307935940737494,18.107783334635975
4.125377900000001,23.27772404811388,14.258208033511327
4.1253779,23.43291215383988,17.311309335660145
4.386540707112942,23.161457008413695,14.278100086819464
4.389119241323358,23.944872672617716,11.92153912134647
4.125377899999999,23.93881373304574,12.459228369327175
4.125377900000001,23.94048446785302,13.201813070248463
4.125377899999999,23.8430823904284,13.190375091419025
4.387274474322736,23.72813648299604,13.143789303802265
4.125377899999999,23.945572938200165,12.508611043333485
4.125377900000001,23.97789445212948,11.698740206405459
4.1253779,24.046376029416862,12.455479384232083
4.1253779,24.074315171194442,11.879034890972223
4.1253779,22.448350436619855,17.183520338373096
5.800140321878153,23.031645228981933,15.522704757472736
4.125377900000001,22.802895023401817,17.60704194371165
4.1253779,23.405045059282294,17.771812442315763
5.13248054745516,23.027633087388242,15.656863333725969
4.125377900000001,23.405045245607052,17.77181214313572
4.1253779,24.10157882133771,18.5
4.125377899999999,23.899824514416828,12.33812060734301
4.125377900000001,24.028836861923082,18.1935650831337
4.125377899999999,24.10157989050766,18.499999999999996
4.1253779,24.06013151129807,18.1466620483395
4.125377899999999,24.101580289387318,18.5
4.125377899999999,23.494040389083303,17.707984261566924
4.1253779,23.650095831955255,17.139161181710346
4.125377899999999,23.9368324433321,15.387212843875592
4.125377900000001,23.798842395882183,17.688509872201305
4.125377900000001,23.922098719156715,15.877143255348413
4.125377899999999,24.140788861321173,18.5
4.125377900000001,23.454997190724065,18.500000000000004
4.1253779,23.628680813614206,17.405322218535435
4.1253779,22.700632136614626,16.868563439565886
4.1253779,24.15975595533285,18.499999999999993
4.1253779,22.93325253408332,18.499999999999996
4.125377900000001,23.237710552045172,18.500000000000007
4.1253779,23.53057799073599,13.060826410511005
4.125377900000001,23.39600896323186,17.46781301978221
4.1253779,23.62331517452873,17.32864325777694
4.1253779,23.493455497825106,18.024513469171055
4.1253779,23.55500809472376,17.20514578784049
4.125377900000001,23.97789595341138,11.698739145486115
4.125377900000001,23.76067945625313,16.658342916668058
4.125377899999999,23.49714434941512,17.434260124834523
4.1253779,23.71220367454485,16.942554772237077
4.1253779,23.49714422589443,17.434259989327366
4.1253779,23.579678827033753,17.757948629885966
4.1253779,23.938913406951528,15.941611745787219
4.125377899999999,23.3407848197928,18.5
4.125377899999999,22.700129026224012,16.869551045829084
4.125377899999999,23.212379921854577,18.5
4.1253779,23.01646101883366,18.5
4.1253779,24.098105409977496,18.500000000000004
4.1253779,24.10602600779451,18.5
4.1253779,24.95167722209437,18.5
4.125377900000001,24.79334883626279,18.500000000000004
4.1253779,25.121246367595436,18.499999999999996
4.1253779,23.945256997189222,18.5
4.125377900000001,24.95167663533555,18.500000000000004
4.1253779,24.80376103996376,18.5
4.125377899999999,26.34793571460924,18.5
4.1253779,25.79720022889183,18.5
4.125377899999999,24.01447539089087,18.499999999999996
4.125377899999999,24.82885441588541,18.499999999999996
4.125377900000001,25.325738703112084,18.5
4.1253779,24.254172397702607,18.500000000000004
4.125377900000001,26.035313272728473,18.500000000000004
4.1253779,25.600162349401195,18.500000000000004
4.125377899999999,24.342249057196295,18.5
4.1253779,24.34225253488745,18.5
4.1253779,24.291652115782682,18.499999999999996
4.125377900000002,25.352706912739084,18.500000000000007
4.125377899999999,24.05386245766837,18.499999999999996
4.1253779,23.878224270021054,18.499999999999996
4.125377900000001,26.274493805504772,18.500000000000007
4.1253779,24.294869671399482,18.5
4.1253779,26.25636075568014,18.5
4.125377900000001,24.075200481795925,18.500000000000004
4.125377899999999,23.844055547234703,18.499999999999996
4.1253779,23.878224410646148,18.499999999999996
4.125377900000001,24.262012835914202,18.50000000000001
4.125377899999999,24.108732447027773,18.5
4.125377900000001,24.462612255966206,18.5
4.3196682511543445,23.566598179036536,18.5
4.1253779,24.06022745486571,18.5
4.125377899999999,24.109053555855663,18.499999999999996
4.1253779,24.747663416102487,18.499999999999996
4.125377899999999,25.647871966470095,18.499999999999996
4.125377900000001,25.14170961519316,18.5
4.319667439408428,23.566600432992562,18.499999999999996
4.1253779,24.108731250911063,18.5
4.125377899999999,24.9420616604406,18.5
4.1253779,24.40587007212108,18.5
4.1253779,24.951665853259335,18.5
4.1253779,25.700446085565268,18.5
4.1253779,24.942071569763996,18.499999999999996
4.125377900000001,23.42357490301151,18.500000000000007
4.3196679175548205,23.566596995290993,18.499999999999993
4.125377900000001,23.42357570874567,18.500000000000004
4.1253779,24.108730480081814,18.499999999999996
4.1253779,24.10873071924777,18.499999999999996
4.125377899999999,24.108729726736126,18.499999999999996
4.1253779,24.06022319149359,18.5
4.125377900000001,23.767284489231137,18.499999999999996
4.1253779,23.779430282075154,18.499999999999996
4.1253779,24.094233601935453,18.499999999999996
4.125377899999999,24.10872700570214,18.499999999999996
4.1253779,23.47031379680507,18.499999999999996
4.125377900000001,23.42357402113329,18.5
4.125377899999999,22.912595076873007,18.499999999999996
4.1253779,23.423573465212275,18.5
4.1253779,23.423575314568843,18.5
4.1253779,23.29355632469727,18.500000000000004
4.1253779,23.293556178642795,18.499999999999996
4.125377899999999,23.42357427404749,18.5
4.1253779,24.10872638310888,18.5
4.125377900000001,24.10872488679407,18.500000000000004
4.1253779,23.405733888306724,18.5
4.125377900000001,24.094233710371377,18.5
4.1253779,24.108726567338262,18.500000000000004
4.125377899999999,23.423574787499945,18.499999999999996
4.125377899999999,22.891648570773864,18.499999999999996
4.125377899999999,23.423574275772776,18.5
4.1253779,23.405733592758985,18.5
4.1253779,24.094232733407043,18.499999999999996
4.1253779,24.126523635129203,18.499999999999996
4.1253779,22.934678682553848,18.5
4.300450802487357,22.857348964894225,18.500000000000004
4.300450933022027,22.857349055524896,18.499999999999996
4.1253779,22.912594123945713,18.500000000000004
4.125377899999999,23.423572139482665,18.5
4.1253779,23.293556250605214,18.500000000000004
4.1253779,23.42357395643949,18.5
4.1253779,23.405733258482986,18.5
4.125377900000001,24.108726988492386,18.500000000000004
4.1253779,24.108726305919912,18.5
4.1253779,24.10872758592943,18.5
4.1253779,24.078801328197446,18.499999999999996
4.1253779,24.338149568263724,18.5
4.125377899999999,23.42357262377553,18.499999999999996
4.125377900000001,22.883119616139172,18.500000000000004
4.1253779,23.42357280701108,18.5
4.1253779,24.10872154851259,18.499999999999996
4.1253779,22.883119519282356,18.5
4.125377899999999,21.978363173641448,18.499999999999996
4.1253779,22.45056554657668,18.5
4.125377899999999,22.342389447356908,18.5
4.125377899999999,21.978363134557842,18.5
4.1253779,22.579760555119012,18.5
4.1253779,22.450565454193754,18.5
4.1253779,23.252566688466654,18.5
4.125377900000001,22.871468790928354,18.500000000000004
4.1253779,23.264893657479668,18.5
4.1253779,23.25256789013016,18.5
4.300450468435523,22.85734745172998,18.499999999999996
4.300450719760895,22.85734760219968,18.5
4.125377900000001,24.10872011096004,18.500000000000004
4.125377900000001,24.07878937951253,18.5
4.125377899999999,24.108722640005723,18.5
4.1253779,24.078792782793645,18.5
4.300450472294001,22.857347341772577,18.5
4.125377899999999,22.450566336378635,18.5
4.125377899999999,22.44256295804831,18.5
4.125377899999999,22.450564981418246,18.499999999999996
4.125377899999999,21.97836261198701,18.499999999999996
4.1253779,22.450564906121304,18.5
4.1253779,22.45056465825377,18.500000000000004
4.125377900000001,21.93251259888513,18.500000000000004
4.1253779,23.281903002607546,18.5
4.1253779,22.579761472365703,18.500000000000007
4.1253779,22.57976171773383,18.5
4.1253779,22.341134331007474,18.500000000000004
4.125377900000001,22.934680799225102,18.500000000000004
4.125377899999999,24.078792013022838,18.499999999999993
4.1253779,22.332888343205788,18.5
4.1253779,22.87146819861802,18.5
4.125377900000001,24.18687350561558,18.500000000000004
4.1253779,22.9007587839779,18.499999999999996
4.1253779,23.430853890235472,18.5
4.1253779,23.421932634536024,18.5
4.125377900000001,21.978362566177175,18.5
4.125377900000001,21.978362534753277,18.500000000000004
4.1253779,22.442562112360104,18.499999999999996
4.1253779,22.450565463367493,18.5
4.1253779,22.342388601754564,18.5
4.1253779,22.450565213325262,18.5
4.1253779,21.932512065171032,18.5
4.1253779,23.252565312673653,18.499999999999996
4.125377900000001,21.932512075952047,18.5
4.1253779,21.93251210298737,18.500000000000004
4.1253779,23.389308246076666,18.500000000000004
4.1253779,23.2819014217052,18.499999999999996
4.294302911828236,22.829174773605377,18.5
4.1253779,21.97836269649446,18.499999999999996
4.125377900000001,22.450565269609534,18.5
4.1253779,22.450565427012055,18.500000000000004
4.1253779,22.44256317808727,18.5
4.1253779,22.450565700628793,18.5
4.1253779,21.932513183022927,18.5
4.294302196493623,22.82917416509742,18.5
4.125377899999999,22.663036085600368,18.499999999999996
4.1253779,21.932512637518034,18.5
4.125377899999999,22.015940877472836,18.499999999999996
4.1253779,22.652752855181763,18.5
4.1253779,22.899908225328577,18.5
4.1253779,23.281900588608234,18.5
4.2803254300740505,23.209712011465726,18.499999999999996
4.1253779,23.3893108198727,18.5
4.1253779,22.87146714288641,18.499999999999996
4.1253779,22.34113281358084,18.5
4.1253779,21.932512537970428,18.5
4.1253779,21.932512714483543,18.500000000000004
4.125377900000001,21.9783630331417,18.5
4.1253779,21.978362984218723,18.499999999999996
4.1253779,21.932512731845684,18.5
4.1253779,21.932512676234968,18.5
4.1253779,22.34239028142394,18.5
4.1253779,22.4505659908264,18.5
4.1253779,21.978363351394584,18.500000000000004
4.1253779,22.342389813673297,18.499999999999996
4.125377899999999,22.3423900181345,18.499999999999993
4.1253779,21.932513040101693,18.5
4.1253779,22.934680613180248,18.5
4.125377900000001,24.108715824008588,18.500000000000004
4.1253779,24.078786598366175,18.5
4.125377899999999,22.450565656643068,18.499999999999996
4.1253779,22.450565604622092,18.5
4.125377900000001,22.44256335876702,18.500000000000004
4.1253779,23.36214064108462,18.499999999999996
4.125377900000001,23.42357129589407,18.500000000000004
4.1253779,22.912593993851473,18.5
4.1253779,22.4425626864921,18.499999999999996
4.125377899999999,22.883118309612044,18.499999999999996
4.1253779,22.912593981248484,18.500000000000004
4.1253779,22.974793250309585,18.5
4.125377899999999,22.91259553075148,18.5
4.125377899999999,22.349616859820074,18.5
4.125377900000001,22.536195523401602,18.500000000000004
4.1253779,22.342391216718745,18.5
4.1253779,22.01594215736479,18.5
4.1253779,23.29355741677151,18.5
4.1253779,24.10872117486615,18.499999999999996
4.1253779,22.87146919302955,18.499999999999996
4.1253779,22.62868630420922,18.500000000000004
4.125377899999999,22.901425757954765,18.499999999999996
4.1253779,22.87146942825594,18.499999999999996
4.125377900000001,21.97836329660627,18.500000000000004
4.3004511246681005,22.857348171568855,18.5
4.30045059404477,22.8573477833779,18.499999999999993
4.300450950195734,22.85734802674409,18.5
4.125377899999999,22.450566399863373,18.499999999999996
4.300450853274252,22.85734800025626,18.499999999999993
4.125377900000001,22.8831197624578,18.5
4.1253779,23.42357158818092,18.499999999999996
4.1253779,22.45056718938028,18.500000000000004
4.1253779,24.108718091481045,18.499999999999996
4.1253779,23.264895224999332,18.5
4.125377899999999,22.934682923985655,18.5
4.125377899999999,23.423572919551944,18.499999999999993
4.125377899999999,23.293558077732087,18.499999999999996
4.125377900000001,22.912596981976392,18.500000000000004
4.1253779,23.26489610239098,18.5
4.1253779,22.57976326538378,18.5
4.1253779,23.42357335607938,18.5
4.125377900000001,22.579761829898985,18.500000000000004
4.1253779,22.579761760593676,18.499999999999996
4.125377899999999,22.579762079985656,18.499999999999993
4.125377899999999,24.108720539908692,18.5
4.1253779,24.108722462777155,18.5
4.125377900000001,24.108718187841134,18.500000000000004
4.1253779,25.153908472496866,18.5
4.1253779,23.449479165887944,18.5
4.1253779,23.449479311770567,18.5
4.1253779,24.153056527194178,18.500000000000004
4.1253779,24.76184519230849,18.5
4.1253779,24.09423216255056,18.5
4.1253779,23.423574110665875,18.5
4.1253779,24.108725551595338,18.499999999999996
4.1253779,23.423574514398464,18.5
4.125377899999999,23.214989228623796,18.5
4.125377899999999,23.405733877686835,18.5
4.125377900000001,23.423574545496344,18.5
4.125377899999999,24.09423705064589,18.499999999999993
4.1253779,24.108727105850573,18.499999999999996
4.125377899999999,24.139817437176323,18.499999999999996
4.125377899999999,25.549497786611184,18.499999999999996
4.1253779,24.01446999077318,18.499999999999996
4.1253779,23.423575371043516,18.499999999999993
4.1253779,24.139822251629713,18.5
4.1253779,23.44948107790793,18.5
4.1253779,23.756597614959425,18.5
4.1253779,23.756598500201974,18.5
4.1253779,24.94581944122948,18.5
4.125377900000001,25.755568479119898,18.5
4.125377899999999,24.262012989590865,18.500000000000004
4.125377900000001,24.25558547258153,18.500000000000004
4.28812899152073,23.941425423523807,18.499999999999996
4.325770252794848,23.40056396032515,18.5
4.325770655356395,23.400564034788566,18.5
4.3232710741150155,23.807947732752655,18.500000000000004
4.125377900000001,24.108727504467396,18.499999999999996
4.1253779,24.942059200938946,18.5
4.1253779,23.878222663489733,18.500000000000004
4.125377900000001,23.878222222828956,18.500000000000004
4.125377900000001,26.31880839606194,18.500000000000004
4.1253779,22.921353909204296,18.5
4.125377900000001,24.828850846377232,18.5
4.288128634668761,23.941426361669937,18.5
4.2881281928578545,23.941425968486037,18.499999999999996
4.1253779,23.933133253296777,18.500000000000004
4.125377900000001,25.171770227349107,18.499999999999996
4.1253779,23.75660008947923,18.5
4.125377899999999,26.089223166213017,18.499999999999996
4.1253779,25.08238523955989,18.500000000000004
4.1253779,24.462616428362168,18.500000000000004
4.1253779,24.094241185486002,18.499999999999996
4.125377900000001,24.094241625461198,18.500000000000004
4.1253779,24.71155936116312,18.5
4.125377900000002,24.31949338708376,18.500000000000004
4.125377899999999,25.14671051597855,18.499999999999996
4.125377899999999,24.951676783601712,18.499999999999993
4.1253779,23.87822654249333,18.500000000000007
4.125377900000001,24.46261981171659,18.5
4.1253779,24.39367881267883,18.5
4.125377900000001,24.620608690502298,18.5
4.125377899999999,24.57696351207838,18.499999999999996
4.1253779,24.5505343106254,18.5
4.323270566451005,23.807952148441004,18.5
4.125377900000001,25.446153602993235,18.500000000000007
4.1253779,25.947752277333027,18.500000000000004
4.125377899999999,24.094243212175012,18.5
4.1253779,26.31264328406138,18.5
4.1253779,25.370789518884248,18.5
4.1253779,26.128982330892942,18.499999999999996
4.1253779,24.161262166692808,18.500000000000004
4.1253779,24.346512621613464,18.5
4.1253779,26.340203179444075,18.5
4.1253779,26.110972629196407,18.499999999999996
4.1253779,24.799238926571334,18.5
4.1253779,25.10620619480798,18.5
4.1253779,24.803761543004658,18.499999999999996
4.1253779,26.117333821884653,18.5
