8.166129479838336,28.45412572430287,11.1
7.542701017478046,27.727691871812283,11.100000000000001
9.158387998532927,27.606143474182485,11.100000000000003
8.923016471561068,28.287825023832536,11.099999999999998
8.97813807535208,28.288586768361977,11.100000000000001
8.35684810369679,28.30174518800308,11.099999999999998
6.768484521795321,27.629934232026546,11.1
6.630214567705569,28.524804065703204,11.100000000000003
6.262533139674648,27.59161195950599,11.1
6.041546975959627,27.78101556883651,11.1
6.764507795845257,28.45682368629882,11.100000000000001
6.059116643033855,27.363878617466792,11.1
5.335794012567968,28.110567106590235,11.099999999999996
5.433981363839248,27.388741049442594,11.099999999999998
5.30320389235779,27.203447570027606,11.1
5.52616899294266,28.15059098367079,11.099999999999998
5.480207438911065,28.00068387727753,11.1
5.191092139464437,27.53105405352882,11.099999999999996
10.647605118324512,26.888691902477607,11.100000000000001
9.016010599931256,27.562513608654594,11.1
10.882546632896256,27.09986656400948,11.1
11.182226157799557,26.377385708565672,11.100000000000003
10.671723118760706,27.169451573889702,11.1
10.544489403418524,27.253411272368076,11.099999999999998
7.351462464162027,27.095770123956733,11.100000000000001
6.080183519520909,27.946792500637482,11.099999999999998
7.271906413327341,26.927004902809955,11.099999999999998
6.880798136876215,24.742251188037994,11.1
7.032978489182634,27.42680272628042,11.1
7.260174489606423,26.71611453641411,11.099999999999996
5.362068269815049,26.98777968118247,11.1
5.532829199561638,26.997156032850643,11.099999999999998
5.150218434698109,25.736537133896658,11.1
6.015092361892467,27.164286130450737,11.1
5.393014246216398,25.16045855824718,11.1
5.667467539242325,26.235176059532282,11.1
8.706656542398665,24.445705240003466,11.099999999999998
9.292300955946544,25.221077637551208,11.099999999999998
7.398420043036822,24.095247240967517,11.1
8.867530103085866,25.00591807498259,11.100000000000001
9.345660579932522,24.501351775449066,11.099999999999998
9.0837886717043,24.598689791086873,11.1
7.283883190063619,27.09246666027048,11.099999999999998
6.923269580427294,25.561801378617968,11.100000000000001
6.874643484968168,25.058708269840658,11.100000000000001
6.73296608934969,25.070120200014152,11.1
7.042975606940824,23.66985082293059,11.1
7.037127724965101,23.812895764541974,11.1
5.650774588371905,24.401703063904456,11.100000000000001
5.712146657503903,24.07665486178661,11.099999999999996
5.281500205342747,24.41350257343853,11.099999999999998
5.510956413453067,26.448876385927747,11.099999999999998
5.699527574189091,24.371604781990317,11.1
5.325367888131272,26.105240111847106,11.099999999999998
10.048224464425145,22.9868504402101,11.099999999999998
8.492689978101172,23.892506678418606,11.1
8.61535444352741,23.703348369600114,11.099999999999998
8.862012375451622,23.807222185027406,11.099999999999994
8.856905460785901,23.79080183647587,11.100000000000003
8.496961549797375,23.71647017790906,11.099999999999996
7.393140437101103,23.79429578637705,11.099999999999998
7.166869908208367,22.023777564853646,11.100000000000003
6.60853800061636,22.666391713639204,11.099999999999996
7.564985414960148,23.242252364672648,11.1
7.433315325620592,23.364778738068154,11.099999999999998
7.483385742164518,23.953332767886778,11.100000000000003
6.370517705995025,22.652219673428732,11.099999999999996
6.0410445305366105,23.25795906484855,11.099999999999994
5.416601092858502,22.776675700935645,11.100000000000001
5.694312001389922,24.222078887305656,11.099999999999996
5.460833862933297,23.76973490172652,11.100000000000001
5.490314706632437,22.94201230391465,11.1
8.517635664858371,21.46188896188636,11.099999999999998
9.922788586989817,21.781672206069395,11.099999999999998
10.244031513129645,22.004711124581604,11.099999999999998
10.079268904679553,22.27674614938015,11.099999999999998
9.1185452628511,22.139818431577368,11.1
8.647741104696328,21.834458354273423,11.1
7.006556206848037,20.132735256698872,11.1
6.67266003335205,20.757426128260704,11.100000000000001
6.7969751163306,21.00832017273471,11.100000000000003
6.594665369727521,20.836018975430537,11.100000000000005
7.1097241509702584,20.603375579888336,11.1
7.101501870646575,21.713416711632167,11.100000000000003
6.016485474574505,21.97810846276477,11.100000000000003
5.441913285616888,21.606537241816074,11.099999999999996
5.354827994978744,21.63064943410977,11.100000000000001
5.067757525734332,20.989550187948378,11.100000000000001
5.387517421393848,21.469323556588954,11.099999999999998
5.391760467078789,21.89644615552804,11.1
8.586524117777696,20.393162682679865,11.099999999999998
8.808759778406172,20.54441595407466,11.100000000000001
7.760609726782959,19.698124757316716,11.099999999999996
7.622629966197916,19.074610278117817,11.1
8.018095029724645,20.39352253924096,11.099999999999998
9.809925584457195,20.827621947928627,11.099999999999998
6.863289361473165,20.5938683477607,11.099999999999996
7.549019672327536,22.949574985384942,11.1
7.404680564422928,21.939820274323793,11.100000000000001
7.13499213301956,20.273771346060677,11.1
7.172147410018387,21.079539593451482,11.100000000000001
7.490729044100924,21.92670006459158,11.099999999999996
6.304320237972196,20.907316178594048,11.1
6.412579411187281,20.49601343776625,11.099999999999998
6.582035731242114,21.329418163563457,11.099999999999998
6.289373953758997,19.881956818828716,11.099999999999998
5.8981569422726965,20.77920474152538,11.100000000000003
5.945626797424228,20.383402252896197,11.100000000000001
8.001679823245656,17.534409782123863,11.099999999999993
9.166830076406583,18.26080301063674,11.099999999999998
9.22919656481209,17.97510428245267,11.1
8.860441903600547,17.391660411071946,11.100000000000003
8.342450731970889,17.49537709923618,11.100000000000001
8.202468357827827,17.489820453117357,11.1
8.141707903194362,18.919850278681484,11.099999999999996
8.410573730033782,19.121062613284007,11.099999999999998
8.239701478496926,17.335254858075515,11.100000000000003
7.779006810835577,18.070839307323975,11.099999999999996
7.334051394354111,20.063663715592426,11.1
7.872387351424186,18.43026256513546,11.100000000000001
7.9838853811041615,18.68710873714553,11.1
8.506538578890128,18.068281032871532,11.1
8.397177934023883,17.7390067170171,11.1
8.426142890088993,17.89460168806062,11.099999999999998
8.698030238202213,17.688023357054316,11.1
7.747425456889694,19.58837017959446,11.100000000000001
9.478307500041018,17.096929397427342,11.099999999999998
9.359295344868238,17.12010119226757,11.100000000000001
9.126621518049642,17.091286633221472,11.099999999999998
9.32423105792292,17.126180838902435,11.100000000000001
9.552110310577618,17.17296585029271,11.1
9.418946341309766,17.170011401373426,11.100000000000003
8.050519183024575,17.350945279984376,11.1
8.135118710893579,17.362160513405712,11.100000000000003
7.998155400580808,17.93717141599031,11.1
7.921811072668513,17.463651204176436,11.1
7.791873293400869,17.726278331098037,11.100000000000003
8.194871726667689,17.49270564673097,11.100000000000001
9.300685074668397,17.801127249878185,11.099999999999996
8.564115500760892,17.421994092222025,11.099999999999996
8.94459793315453,17.284963338104806,11.1
8.78914619808866,17.271054013784852,11.099999999999998
9.329974326852907,17.562892709001083,11.1
9.195630122166417,17.659953820523434,11.100000000000001
8.269159430390063,17.226009009694437,11.100000000000001
8.268735175848526,17.25991829348171,11.1
8.04828457806397,17.176698861687818,11.099999999999996
8.49022155355966,17.1960503301442,11.100000000000003
8.260593929254794,17.15974451108796,11.1
8.05552754763166,17.24025980411441,11.1
10.155552196571382,17.397522382964265,11.100000000000001
9.175562186880214,17.08059580285014,11.099999999999996
9.370666579183954,17.098143351006325,11.1
9.360684799194946,17.073392472678627,11.099999999999998
9.813454911890537,17.528364296108478,11.1
9.84626706547444,17.45911066158738,11.099999999999996
11.00048533437892,17.88953769444761,11.099999999999996
11.684810706575842,18.78306180319845,11.1
11.250162216036443,18.06288111744294,11.099999999999998
10.469993890969036,17.718403913580772,11.1
10.916709138130498,17.82518279116406,11.1
11.38849109924521,18.10053846629578,11.099999999999998
8.767979185893358,18.854258479468236,11.1
8.365811483017472,17.468544868451126,11.099999999999996
8.318402415275985,17.406101329095332,11.099999999999998
8.344226177425572,19.127175505053163,11.100000000000003
8.116547826701568,19.071913903480606,11.1
8.273052701222035,17.83607722621001,11.1
10.452729808820509,17.534280447624646,11.099999999999998
9.727506298931777,17.409039769474006,11.099999999999998
9.715736454532312,17.20363271029592,11.100000000000001
10.664419360806123,17.7740411769361,11.1
9.126865649430467,17.178740406598855,11.099999999999998
9.495432501324357,17.390422562058323,11.099999999999998
11.338166208689389,17.94723916161817,11.099999999999998
11.0899077967261,18.044110414132625,11.100000000000001
10.914058553075863,17.76505059456447,11.099999999999998
11.706471892066947,18.36564657789373,11.1
11.870320301091613,18.49714078869138,11.1
10.956194800240715,17.897634991233772,11.099999999999998
7.329594632991289,22.390994819702716,11.100000000000003
7.314053972354835,21.089751385977703,11.099999999999996
7.121290618378823,21.0617366550642,11.1
6.706584949473183,20.786927486218815,11.100000000000001
7.305882918006474,21.820701667074545,11.100000000000001
7.338850414669778,21.579119302978913,11.1
9.73402473368395,20.303514688835033,11.100000000000003
9.645241379826063,18.067014312665005,11.099999999999998
10.006110370320659,19.56812625340784,11.099999999999998
9.45393169078703,18.460872912029703,11.099999999999996
10.012896398400217,19.100222967672146,11.100000000000003
10.70069889986847,18.73659378298217,11.100000000000001
12.493645319544946,20.10725355916039,11.099999999999998
12.629057476545391,20.73962357920175,11.560116147018956
12.699722710343757,20.17971349426858,11.208986484377629
12.588971787423716,19.760328131645565,11.100000000000003
12.64682638588722,20.36161656766435,11.218762741553306
12.499099507230543,20.497800366407564,11.214597182743832
8.515588859502731,22.5032220404722,11.100000000000001
7.851518220096645,21.090942893085426,11.100000000000001
7.456293221021676,21.19104361673351,11.1
8.383230528897906,21.672814550208823,11.1
7.457113659231559,20.95728239888837,11.099999999999996
8.203460110482307,21.696309961134244,11.1
8.806429575848483,23.001284082507198,11.100000000000001
8.603906665574753,23.336355461295216,11.099999999999998
10.665648272530719,23.77341045881617,11.1
9.978129762480897,23.496660422147627,11.099999999999998
9.50462767304647,22.713534193870366,11.1
8.908974893679902,22.732262741550706,11.1
12.275149757568881,21.09625449503576,11.099999999999998
12.29308404662074,21.154248549853495,11.210672734467643
12.322933445956407,21.07241454407888,11.1
12.44851339901274,20.62163048773234,11.099999999999996
12.75958196766489,21.902214377546475,11.831825952446726
12.70579539561376,21.929088363325018,11.79716158102438
6.884804682325328,23.73345521320128,11.100000000000001
8.567720285473294,24.32023628396247,11.1
9.36938168403841,25.028353692732242,11.099999999999998
8.638107586006381,24.330107737195135,11.099999999999998
7.424634156543312,24.700804925444302,11.099999999999998
8.383135898018324,24.670122876623555,11.099999999999998
10.723748504911088,23.684997089565524,11.100000000000001
10.024010231311618,23.614903046949145,11.100000000000001
10.859947864836862,23.465647550093095,11.099999999999994
10.824723345763212,24.375232595315044,11.1
11.668070392288246,23.99920731298725,11.1
11.894853082176597,24.453321359179636,11.1
12.550984910219967,23.428750705883658,11.45014515016668
12.904457879999999,23.637043558721167,12.973590652212659
12.629179829494964,23.600214532952116,11.676459671715197
12.609326553242033,24.346107859483084,11.1
12.612323533300371,24.38229337389875,11.349639905989303
12.697357321850564,24.16876275589624,11.801075669147947
8.810363616549676,25.362548389327188,11.100000000000001
8.949852200295425,26.094435989540838,11.099999999999998
7.885969101269092,25.84407031996167,11.099999999999996
7.856777084532232,24.615215732033402,11.099999999999996
7.780944623622659,25.121329476591,11.100000000000001
7.84545917837764,24.555969389477017,11.1
9.092813452907107,24.642296910362482,11.099999999999998
9.806506490793245,24.902616129413072,11.1
9.2053821877974,24.643338282138185,11.100000000000003
10.468219213736306,26.210432677130136,11.100000000000001
9.649621044898607,23.78338067125564,11.099999999999998
9.20090200871459,23.908203760143536,11.100000000000001
12.748343046481198,23.867644414020837,12.385039486615822
12.592673248415199,24.635034660236325,11.099999999999998
12.82445647088094,24.90620536894782,11.933288972292182
12.74427545918525,24.542528695429365,11.938840945436892
12.653103727001346,25.494614112925674,11.100000000000001
12.754806374433883,24.998274653283453,12.169144886230242
7.471208956199125,27.25784729895945,11.1
6.012010999329078,26.231748851281587,11.100000000000001
6.732739649162978,27.345692952737405,11.1
6.392134754872192,26.286416514598187,11.1
7.552934388099105,27.461849510418602,11.100000000000001
7.12511181663506,27.312464165221616,11.1
6.8874863591440745,26.55718447308449,11.1
8.988379421258525,26.554907978056576,11.1
8.14851615907702,27.02153582034245,11.1
9.667877844202009,26.813930241538003,11.100000000000001
9.238504696811175,27.338246903598062,11.1
8.157899008100449,26.142570632796875,11.099999999999998
12.024082267428167,27.090265600297844,14.669636975257607
11.780633647657911,27.35455632296157,11.49556330439689
12.597021522965436,26.93689581391312,13.03770170575993
12.365541727993534,27.12571988445067,15.09012860812485
12.352262617510908,26.69041508884313,14.626089526786705
12.368323183671123,27.515589315246267,12.92229477088793
6.446995528941245,27.240791968987818,11.1
6.370729182209026,27.86577000074695,11.1
6.844076537890772,28.621349535333465,11.1
6.258191894344715,27.28328909361062,11.099999999999996
6.745475834742118,28.543673587515116,11.099999999999998
5.949562788169832,27.092470523254605,11.1
8.949670137868278,28.33351656811633,11.099999999999996
9.321320902823997,27.776553375157878,11.099999999999998
9.364668115719965,27.79190789323795,11.100000000000001
10.71964830556134,27.74197024967515,11.1
9.461775493201202,27.521080698463823,11.1
7.337775164974943,27.44162462706033,11.1
12.604766714504766,26.832843372137887,13.084016984522876
12.829282137424242,26.53145603717307,13.743891008270063
12.748614399661701,26.67270323614947,14.133465345432457
12.750647276424239,26.422960006373515,13.727798517209553
12.684342622780562,26.646490748920098,13.423954542561297
12.825637467090436,26.184400417256718,13.326346875158462
8.664319112988302,27.799862026856005,18.5
7.799892232748198,28.441146678373613,18.5
8.536202549468367,28.274255374598983,18.5
7.590502879979279,28.301825341778418,18.499999999999996
8.508893977438115,28.303796125033916,18.5
7.96774508588627,28.30572206249828,18.500000000000004
5.9425908849410245,27.717362802670532,18.5
6.148746452893182,28.524691835219894,18.500000000000004
5.935664071974849,27.781037522268935,18.499999999999996
6.082738041876956,28.132467991870875,18.499999999999996
6.006573860992996,27.791467701002837,18.500000000000004
6.242688251553329,28.575385632929866,18.5
6.094114669910318,25.994049933936328,18.499999999999996
6.238642994376925,27.272208884505183,18.5
6.5715436685044155,28.00972458559385,18.5
6.143064228346171,28.133476473733012,18.5
6.282544517507699,27.900546594589716,18.500000000000004
5.981407104202362,25.73528569555288,18.5
9.629133380859633,26.929833755402388,18.5
9.156652896522438,27.193973998463562,18.5
8.704264204483545,26.839506460261063,18.499999999999996
8.487074488979871,26.00540022197631,18.499999999999996
8.178159576734929,26.027620341582992,18.5
9.798251971333672,27.405617538361323,18.5
6.3184265478585075,26.581648254753233,18.5
6.343473579372501,25.07288558997636,18.499999999999996
6.429055840471568,25.42447888345267,18.5
6.325509544005326,25.633081495612437,18.499999999999996
6.260408535934502,25.371572791193984,18.499999999999996
6.301711414109881,27.03117414952054,18.499999999999993
6.279163907435058,24.906491923338937,18.5
6.360989364730221,24.77207592641429,18.499999999999993
6.394210806585759,24.749477393571606,18.500000000000004
6.26250722164869,24.789703591533886,18.5
5.897806802764815,25.921082549235166,18.500000000000004
6.013327366103418,25.986509016310478,18.499999999999993
9.13001377424921,24.273626777989957,18.499999999999996
9.773578907674816,24.033472356725127,18.500000000000004
8.457217051102376,23.398922394124355,18.5
8.300186131488676,24.583406974179965,18.5
8.481154988653872,23.46551376409147,18.499999999999996
8.440554467686843,23.69521147045819,18.5
6.633981032359172,25.770609202314173,18.500000000000004
6.424919039869032,25.31182492049252,18.499999999999996
6.533480697911403,26.22026684778373,18.499999999999996
6.6103792134616635,25.30215477036418,18.5
6.517042074654781,26.11248049142223,18.499999999999996
6.726879673841909,25.061865313431078,18.5
6.168404394860518,24.343848482714726,18.5
6.175332683917379,24.434732042611348,18.500000000000004
5.832028915962082,24.38663693468563,18.5
6.603238357497226,25.456913201250227,18.5
6.294472842574039,24.003414607074365,18.5
6.396379332643518,24.396738257620317,18.499999999999996
8.71233313076604,22.56220552071918,18.5
8.998791201778866,24.134793676916473,18.500000000000004
9.136864348400835,24.35275294204797,18.500000000000004
6.138555345465635,22.60526928411794,18.499999999999996
7.488115908029895,24.116964215859593,18.500000000000007
8.956307678059934,23.57829734597849,18.5
6.891404160353129,24.99063816818926,18.500000000000004
7.304426220228921,24.5147608077002,18.5
6.885635479322569,25.263265188151422,18.5
6.968709435345803,25.03262721868491,18.499999999999993
7.091743720720574,24.654373760078286,18.500000000000007
6.780525948340006,25.0780906237998,18.5
6.394758065735121,22.318099338496463,18.500000000000004
6.317838379352969,24.029977938888866,18.500000000000004
6.338219598838415,24.148050659769837,18.5
6.628984446579026,23.693326012692662,18.499999999999996
5.846602860116871,24.10497242189602,18.5
6.111176107389209,23.362547502662842,18.500000000000004
8.222329049797713,22.86095347249176,18.5
7.817432944283596,23.73633237729157,18.5
8.307235790585217,22.61036359189963,18.5
8.646489621233242,21.244558825938505,18.5
8.46675775419962,22.59444000155475,18.500000000000004
7.578771347422725,22.996664558119004,18.5
7.264417968422854,23.63855972025185,18.500000000000004
7.110604213740101,24.53113247922768,18.500000000000004
7.221654939044408,24.581316998154794,18.5
7.076347486305151,24.487002761374992,18.500000000000004
6.905920160447086,24.54286673194898,18.500000000000004
7.629517270113818,24.916998818843375,18.500000000000007
6.079879234520941,21.576888656462533,18.500000000000004
7.702186429550609,21.79380551085528,18.5
6.475635679501658,22.730629248099135,18.5
6.411512998750668,22.686647558506557,18.5
6.228673460309272,22.30691765388835,18.5
6.71070794840457,22.847798216247305,18.5
9.855563264913918,18.701934318027593,18.5
10.420723808466535,19.513978245501207,18.5
9.959321979807912,20.185515003041704,18.500000000000004
11.373266627018259,20.340960190345537,18.499999999999996
11.071053284294772,19.867610911193232,18.499999999999996
11.29990714509872,20.22609834894355,18.499999999999996
7.368653411173091,22.630129505596962,18.500000000000004
7.473365733195419,22.715013170962234,18.499999999999996
7.087539342851788,23.223553095202703,18.499999999999996
7.213737687078654,22.932273670206982,18.500000000000004
7.291506347643987,23.171757286995167,18.5
6.986262110042949,23.046374827013878,18.499999999999996
6.009512932251834,20.09611535642366,18.5
5.634331741770048,19.274683147398708,18.5
6.546404847894514,21.524441537212905,18.500000000000004
5.55156360075561,19.803030568542933,18.5
5.488499149769069,19.307784601579627,18.5
5.473182065413247,19.6795803475549,18.500000000000004
10.419583370186517,18.812849618465005,18.499999999999996
9.446396875652262,18.194225769159214,18.499999999999996
9.560111858887382,18.398033915984332,18.499999999999996
10.085266574001423,18.71529053778024,18.500000000000004
8.87029816100707,18.050346145417763,18.5
9.52549970593794,18.444474711887633,18.500000000000004
5.764259424202285,18.440793250415553,18.500000000000004
6.315063444220536,18.71948995776826,18.499999999999993
7.026168772881166,19.811650999448606,18.5
6.912986143571442,19.54349647435987,18.5
6.498433575641237,19.592604089013964,18.5
6.390465432151424,19.807351180968052,18.5
6.010223144617914,20.002316855530236,18.500000000000004
6.716720724927716,19.688028562654335,18.499999999999996
6.577690316344716,19.462415142756328,18.500000000000004
5.652618047447083,19.627582090678377,18.499999999999996
5.764709482743499,18.5519321012089,18.5
5.3894493507217405,19.131309699323914,18.5
9.624162661481845,17.870763921071028,18.500000000000004
9.3526708462786,18.06809826996312,18.5
9.52048039704353,17.98778361568429,18.5
8.792080013924869,17.863649278589865,18.50000000000001
8.967431934536318,17.894506087601464,18.5
10.074677760170392,18.410448088804717,18.5
7.840057394521631,17.250725897958915,18.499999999999996
7.504258692470345,17.433775143016465,18.500000000000004
7.84993480921989,17.345285043664518,18.500000000000004
7.868401496427083,17.292719557337332,18.500000000000004
7.727955678647217,17.332420744484214,18.5
7.712024021239299,17.34916167755462,18.5
7.780593784866574,18.930430820359874,18.5
7.775881982424197,17.91077272793444,18.5
8.563335848025561,18.912507731167434,18.5
7.5433553448807515,17.701948830550872,18.499999999999996
8.07439799167746,17.80634711036852,18.499999999999996
7.7781638340009955,17.616074818266767,18.5
7.333410708342005,17.422546691778592,18.5
7.612789853522116,17.606597396831976,18.5
8.66917562952044,18.418942101885264,18.499999999999996
8.539420993817219,18.102536094564705,18.500000000000004
8.727371566360416,17.79777919702069,18.500000000000004
8.34766158755321,17.747837843036226,18.5
8.769897904376007,17.89715408169565,18.5
9.651440734555102,17.945034440827488,18.5
9.613355907446362,17.883982079032723,18.5
9.519277327302362,17.834187524092794,18.500000000000004
11.4224154915285,18.598859879381116,18.500000000000004
9.230144357244392,17.908233344352656,18.499999999999996
12.098348698001267,19.551988362177635,18.401789347841994
11.981115492379265,19.316060962973562,18.500000000000004
11.907207100139633,19.247103959890932,18.500000000000004
12.161604311643671,19.948571184271277,18.174161066458574
12.09162377023922,19.9870381823634,18.183880398491286
12.042586168572313,19.007164709029034,18.5
8.597965339887773,18.19286439737166,18.5
8.840244668802322,18.160758839104965,18.5
8.489632868697715,18.524382530929707,18.500000000000004
7.957286701445603,18.132947608089445,18.499999999999996
7.738553152774065,18.043296152929543,18.499999999999996
8.349247257458265,17.921569444223245,18.499999999999993
11.357037088216554,18.962910519909595,18.500000000000004
10.5507894445969,18.22029722279139,18.500000000000004
10.729712574728577,18.16602732206201,18.5
9.734114321643961,18.302498430282117,18.499999999999996
11.283011888628304,18.339984957857535,18.500000000000007
10.618463885178148,18.035055938616907,18.499999999999996
12.013451449177891,20.118753859675326,18.39122043893073
11.878155264871756,19.26226779289434,18.5
11.976305998870147,19.517834506822965,18.5
12.000145596253304,19.64472612253765,18.499999999999993
11.972131815892219,19.6732824970488,18.500000000000004
11.876123682880639,19.04876591030533,18.5
8.476740938655299,18.361360965267025,18.5
8.119954816699025,17.8924318332628,18.499999999999996
8.863000143052245,18.347122732336707,18.499999999999993
8.258210194426448,17.85854482891675,18.499999999999996
7.797055890850742,17.52692906219823,18.5
8.7201300554894,18.338774425717144,18.499999999999996
9.812823872079518,20.27936798274307,18.5
8.823535144758383,21.35301244148046,18.500000000000004
9.88681623353954,20.88959196194722,18.499999999999996
9.380178629803531,20.652811392333923,18.5
8.866885994119897,20.934639380545978,18.499999999999996
11.10434282322773,20.92293147057976,18.499999999999996
11.934652228966456,19.401104169988596,18.5
12.00048846973999,20.01982682617685,18.499999999999993
11.850454992710677,19.65537075374444,18.500000000000004
11.846549924667588,19.665324444331286,18.499999999999996
12.112373951617206,19.617861960854484,18.399043628636523
11.793291891036276,19.367315145916855,18.5
6.847276323155882,23.43800913593214,18.500000000000004
7.727752586461373,23.623597229176344,18.500000000000007
7.16477367753914,22.91230673093399,18.500000000000004
7.304762541307934,22.414606319907836,18.500000000000004
6.771636712334489,22.771244163455542,18.499999999999996
7.3681981244496955,21.858374909402787,18.5
9.324524197028243,21.617517109729775,18.5
10.099699318334526,20.489748789543597,18.499999999999996
10.061993844730209,21.720918530089282,18.5
9.716156284296586,22.67891077768673,18.499999999999996
10.236626393786755,21.919381172121074,18.500000000000004
8.097108974717965,22.43872356347732,18.5
12.310352471311013,21.332113502056917,17.51024940224336
12.335520228063455,20.77746692236992,18.265417857802728
11.94632294006826,20.516845128999677,18.500000000000004
12.440710753725682,21.279400829705015,17.57548087752049
12.46604810034439,20.94819583970321,17.60021425391226
12.122711235331709,20.52408157444668,18.3726559362329
8.095504524552878,23.661326186937814,18.499999999999996
8.117557626419863,24.20432014725272,18.500000000000004
7.530913421171337,24.0343884863214,18.499999999999996
7.208145551182028,24.657655948509124,18.499999999999993
7.60261486564512,24.04815076714262,18.499999999999996
8.075707703429154,24.124776422696762,18.500000000000004
9.999572561885964,24.29839510694067,18.500000000000004
9.535511984228172,24.87054587351515,18.499999999999996
9.996141709062094,23.457507305693415,18.5
10.31556940548496,24.58398343483399,18.500000000000004
8.63989943743858,23.978172995150043,18.500000000000004
9.088203439424756,23.042657411368264,18.5
12.580877921518713,21.84026429781912,17.65636993739428
12.589355935069372,22.241851658100046,18.5
12.517618941927646,22.54857102230014,17.703472417914657
12.42592852923667,22.115102931473167,18.23408256455643
12.672862284381639,22.359643770737744,18.224668013922066
12.607834609850855,21.806092497230654,18.23612709648897
7.425341093634245,23.92910289803782,18.499999999999996
6.74334058585383,24.352388556023282,18.5
7.712914479730485,25.161938196539158,18.499999999999996
7.325191654605463,24.237958959111218,18.5
7.641675177559176,25.007275934942953,18.499999999999996
7.314688245041462,24.091386496178288,18.5
7.935977519030127,24.092053695904,18.500000000000004
9.171015178726766,24.242650431036708,18.499999999999993
9.086841357105754,24.21665893760378,18.5
7.455728402128385,24.912917887539496,18.499999999999993
9.707322308836687,24.77410765183791,18.5
7.980429468784847,23.95835486373279,18.5
12.174850701646536,24.61707586765879,18.222407824073574
11.656599539994739,24.91939272606885,18.500000000000004
12.082369267820546,23.681073929502606,18.5
12.412771340717851,23.019839309355955,18.365071517363727
12.149713518726424,25.636272714817682,18.500000000000004
12.49854277612327,23.136291109337325,18.499999999999993
6.268297392062444,28.304122592691588,18.500000000000007
6.277350637194845,27.441899693228684,18.500000000000007
6.193666081690753,27.240098644037875,18.5
6.561474157945248,27.33644678985186,18.5
6.26837961883491,26.99199736655776,18.500000000000004
6.697708404354107,27.243106948037262,18.499999999999996
8.771982109974102,28.30995641032461,18.5
9.53625630986129,28.323581270938046,18.5
9.333158285379568,26.398342406222845,18.499999999999996
9.608926349298873,28.265322859655267,18.5
9.066645589236089,27.685137702468904,18.5
9.201420442068544,27.71464764265036,18.500000000000004
12.338200488873124,27.107761800916585,16.39641222933838
11.765659142272497,27.341214097502412,18.5
12.007139140121328,26.672542971920773,18.499999999999996
12.252610185195044,26.28367165210905,17.302811247712416
12.337560867885152,27.305174611897026,17.809926265477156
11.933762321998303,26.457569991735344,18.370836728203827
7.125423920319887,28.60760234523186,18.499999999999996
6.384433313092998,28.254861945390413,18.5
6.1835603262120475,28.169854861589855,18.5
6.124513712237327,28.182424844021977,18.499999999999996
6.3552664209514855,28.24533808382994,18.499999999999996
6.831077588705485,28.573316309375386,18.5
9.231649824918126,25.95191485403879,18.201553778353457
8.182321424631892,27.905406965396033,18.355691394320964
9.849075319577278,27.62601188965553,18.5
9.756835094489148,28.087611805743375,18.20480946569988
9.257655261396332,28.022377213599633,18.211586041344233
8.170298259018985,28.592427229601174,18.500000000000004
11.798862633947216,27.864682618803947,17.613581773554987
11.540087463371139,28.144644367565096,17.432319983492697
11.833057575421007,27.922166058082286,17.820129748855578
11.917151681243656,27.935134062212207,17.332218203548692
12.334280270500122,27.297926718483936,16.886756105750866
12.117935201100474,27.337108301117066,17.228949298880085
9.623120559373397,26.207837235867064,11.1
9.258040080083815,26.452537913508085,11.099999999999998
12.131929513479026,25.843151958590305,11.100000000000001
11.053643983920916,26.73164533902877,11.099999999999998
9.709208341291387,26.903370102443105,11.1
9.81259627676845,27.12370979414151,11.100000000000001
5.94286331460427,28.033808281708183,11.1
6.307711331248376,27.509899691252688,11.099999999999998
6.772363727463145,27.964747369699932,11.100000000000001
5.859734518024792,27.952255246826134,11.099999999999996
7.360500443811124,28.432362061318347,11.100000000000003
7.388251416369642,28.445417622457683,11.099999999999998
6.236993431868499,28.285985254242945,11.100000000000003
5.6332930424553656,27.57769736912028,11.099999999999998
6.579754939496542,28.348954319484534,11.1
5.874169536323388,28.037175290218023,11.1
5.412829261771883,27.632351276339982,11.1
5.690575711090183,27.55343422560717,11.100000000000001
11.807524484996556,26.520890278225338,11.1
12.299536402101184,26.287989755953017,11.100000000000003
11.670845724239843,24.89270815530922,11.099999999999994
12.291625682190743,25.850140708646823,11.099999999999998
12.489804630511047,25.55487673398601,11.100000000000001
11.476465353440673,26.40386739527024,11.1
6.9268216280474695,25.89468300438712,11.099999999999998
8.76229222682165,27.195095362167553,11.099999999999996
8.212735802105078,26.279174569415172,11.100000000000001
7.417015852006736,25.040583403517452,11.100000000000001
7.378054268999695,27.685992970991762,11.099999999999996
7.756587600609531,26.879452194031405,11.100000000000005
5.724188926023218,27.694425941651023,11.099999999999998
6.365823309348259,27.20889742185506,11.100000000000003
5.8425166085318105,27.629275475157698,11.100000000000001
6.754720799505795,27.070030774593754,11.1
5.866903117036199,26.154056036909108,11.1
6.35411829446785,27.161212728748747,11.100000000000001
10.292749865438227,26.09250850062294,11.1
12.265127401961722,24.69834608329261,11.099999999999996
11.683723419650383,26.208838381775827,11.100000000000001
10.98869377330954,23.600605569143163,11.1
11.023999841628095,23.774846664304587,11.099999999999998
11.25025506500514,25.225354148431805,11.099999999999998
7.1698062664822215,25.18053665725082,11.099999999999998
8.178528188958976,25.305696593775448,11.100000000000001
6.646468012971056,23.93136762543965,11.100000000000001
6.210023389117099,23.55581148913638,11.100000000000001
6.9268626157813875,24.033985380029204,11.099999999999998
6.265195310389174,24.203585590568366,11.100000000000003
6.107368121159485,25.147961652663565,11.099999999999996
5.531041394129659,26.144443429420626,11.099999999999998
5.568221697989369,25.995811613037695,11.1
5.559164308909025,26.325333191570923,11.1
5.375708637885295,26.49076538781856,11.099999999999994
5.445052621061996,26.510853066152936,11.099999999999998
11.448524373767814,23.754775357958437,11.1
11.694556222495704,23.682095557412044,11.1
11.834010784723215,23.734119058842868,11.099999999999998
12.230398525107207,24.659350391819412,11.1
11.70246612324145,23.681027201504072,11.1
11.72613621758146,23.27251436248384,11.099999999999998
7.5737569987496265,24.086302853578268,11.1
7.300285840325626,25.574737110873134,11.099999999999996
7.493329534519854,24.69522530105016,11.1
7.490313393607514,23.38708649695768,11.1
7.571351292460239,25.703130274792446,11.099999999999996
6.8789327147967905,25.064820088309904,11.099999999999998
6.473313175806858,21.923182012989304,11.1
6.2414297237752985,23.86951976694474,11.099999999999998
5.621608439864541,22.933530224080375,11.1
5.661629486856963,22.883062286724147,11.1
5.563704322108589,23.251886102023573,11.1
5.840061088920579,23.789919011097123,11.100000000000001
12.326933703928155,22.49485427878786,11.100000000000001
10.617941373189012,21.219313618815033,11.099999999999998
12.008120827188728,21.886707331663896,11.100000000000003
11.900868403175384,21.29283607678946,11.1
11.21799985119204,20.86783164212116,11.1
12.300730551356843,21.71873259329059,11.1
6.358513411107625,21.175430317033896,11.1
6.5324782060464885,21.452752666367928,11.1
7.0959024036099985,20.40171723789961,11.100000000000001
7.04096236100922,20.97670545481698,11.1
7.672363009243242,22.18789101417407,11.1
7.270720638152239,21.494233487054615,11.100000000000001
6.2947499552234145,21.784369627414154,11.100000000000003
5.913092159998291,21.182311084913074,11.099999999999998
7.060542005069287,22.72535332000838,11.100000000000003
6.727059770500921,22.570807059580083,11.1
7.521590213208964,23.071816272612345,11.099999999999998
7.16275061789772,21.693435972895657,11.099999999999996
9.480115887669928,19.66539144995774,11.100000000000003
8.111659049735477,19.609831691473964,11.099999999999996
9.39125325678957,19.228883502929666,11.1
9.82598537862546,19.70489440699016,11.099999999999998
11.016748026570736,20.66965562415248,11.099999999999998
9.00835413513174,19.432624852803542,11.100000000000001
6.542009940296571,20.928710890444684,11.099999999999996
7.421661063548626,19.981483431283397,11.1
7.522922447034331,20.10346022071307,11.100000000000001
7.326925219503342,19.879870789568365,11.100000000000003
7.394418407633636,20.25986193023644,11.100000000000001
7.479359743470815,20.465720672917033,11.100000000000001
7.104568906744435,20.104237853972958,11.1
7.043727071292041,19.830840148991854,11.100000000000001
7.04729388703414,19.878338879852098,11.100000000000003
6.633544167619276,20.68705509793201,11.099999999999998
7.017066563543114,20.20684913342337,11.1
7.219833600421086,19.650296104614448,11.099999999999998
10.705327301602523,18.35605473200021,11.099999999999998
9.94039735957189,17.559606116247544,11.099999999999998
9.584231779431061,17.34892402142682,11.100000000000001
9.808431537422509,17.346564481670722,11.099999999999998
10.803251772403158,17.867365451656198,11.1
10.557391618751243,18.122594317139583,11.099999999999998
7.4299964043865385,20.32527521307896,11.1
7.734268562607007,18.88244756654527,11.099999999999996
7.729389290553963,19.894770105215297,11.100000000000005
8.483291760687754,19.25407568729657,11.099999999999996
7.46923748268219,19.288327677704423,11.099999999999998
7.398556919490488,20.068412884587946,11.099999999999998
7.650646170933279,18.275286184024917,11.100000000000001
8.30733966693659,18.13246946368524,11.1
7.8087601895938485,18.402107623405918,11.1
7.563476804657477,19.192609220881387,11.099999999999998
6.863987554879923,20.07837250275939,11.100000000000005
7.3429838287390075,18.562506887914903,11.100000000000001
10.550766520293383,17.505236503326113,11.100000000000003
10.317587687359248,17.496191980736885,11.100000000000001
10.293432663690423,17.348363185157627,11.1
10.515229528813288,17.436819239500657,11.099999999999994
9.453416063987605,17.20094026428853,11.1
9.914274683088856,17.338998888547113,11.100000000000001
8.25022429703093,17.212861223002008,11.100000000000005
8.800654684860625,17.090008665125165,11.099999999999996
8.343263234430434,17.120037701560722,11.099999999999994
8.45171418587682,17.18716815189753,11.099999999999998
9.085367809641832,17.12906288993495,11.1
9.07384380714531,17.124835757600582,11.099999999999998
7.536881670706319,17.64867575468165,11.099999999999996
6.524090454522414,19.446557585763696,11.100000000000001
6.8278600580556255,18.34397652244225,11.1
7.36040699140137,19.024822416077818,11.099999999999998
7.657318487409271,17.452531498658548,11.100000000000003
7.105801444627288,19.236948718807675,11.099999999999998
8.422204319708497,17.218252973340558,11.100000000000003
8.621435037573253,17.09074494093058,11.1
8.098214336768027,17.220016071061526,11.100000000000001
8.522501642061963,17.063352864296977,11.100000000000001
8.402635802078274,17.107720507126324,11.099999999999998
8.513314320883339,17.128098418302567,11.1
9.793861106449619,17.100808849593736,11.1
9.934692881841954,17.408926215125565,11.099999999999998
10.013753938697247,17.465025978985775,11.100000000000001
9.48998421991232,17.209618786673023,11.099999999999996
9.773968336787387,17.233803253497378,11.099999999999998
9.612276459004535,17.07641202532967,11.099999999999994
10.810197308284435,17.881998664796757,11.100000000000003
11.163280557392467,18.176415803301985,11.1
11.632908930718658,18.481684014842322,11.1
12.162707829919826,19.011859350096103,11.221758595513396
12.049745831524426,18.740006895759063,11.099999999999998
11.721026542128985,18.543370559980733,11.100000000000003
7.869072506531661,17.228945319794427,11.100000000000003
8.00454234009075,17.683803661453993,11.100000000000001
7.923911485736197,17.686868896056982,11.099999999999996
7.40012143544366,17.804928936142243,11.1
7.967459453369629,17.287516683690026,11.099999999999996
8.164844752312431,17.475202493122005,11.1
9.104384514928496,17.143754032963805,11.100000000000001
9.993470614415363,17.29302334098864,11.100000000000001
10.423185030625016,17.979701222357615,11.1
11.045672717219045,17.820660509748034,11.099999999999998
10.2955527490162,17.3214257597124,11.099999999999998
10.71634084808305,17.836748450590562,11.100000000000003
12.012903909778272,19.26660677898029,11.223230423157615
12.250152934137153,18.96357235097109,11.213173345168357
11.263210212410412,18.25200730366593,11.1
12.312473186205837,19.17930817326311,11.229290238494329
10.88169864174152,17.979764097542844,11.1
12.084121917182378,18.575963402619507,11.1
6.96814049993298,18.1581757796131,11.1
7.67983475392943,17.970700506151314,11.1
7.703333901637935,17.81425811460895,11.1
7.287875283712427,18.022731988759904,11.099999999999996
6.845213127696899,20.02827832238277,11.1
7.688137218000807,18.796543928283928,11.100000000000003
10.900534560236563,17.611637480119764,11.100000000000003
12.151053879626712,19.339713537354495,11.099999999999998
10.583032913628953,17.607263396762942,11.099999999999996
11.654802434470643,18.601973824696508,11.100000000000001
10.797667270334959,17.979073134156934,11.1
11.121215909427,17.85089311897072,11.100000000000001
11.98253610523781,18.680644038960526,11.099999999999998
11.980568234753813,19.0141680758068,11.100000000000001
10.895443900905416,18.263756756101454,11.099999999999996
12.273823666329994,19.269533501582327,11.100000000000005
11.091926169641354,18.462416802940716,11.1
12.0772905548203,19.28531573064337,11.100000000000001
7.181116686889769,22.899930460742986,11.1
7.716783283011138,24.346602932134886,11.100000000000001
7.947057459709767,24.39377981679273,11.1
8.163669474428538,24.439353813513705,11.1
7.9517932452817455,24.63184978381748,11.100000000000001
8.655902690906366,25.706153596146823,11.1
9.189037098147729,21.57122974002364,11.099999999999996
11.313235733488515,21.023590506088706,11.1
11.438813242474813,20.78081277922381,11.1
11.501564205671102,20.805534088576568,11.099999999999998
11.322006891385993,20.726307398928842,11.100000000000005
11.31618070637523,20.391650977769586,11.100000000000003
12.830723105424555,21.500415431248033,12.143461395721717
12.828632184689829,22.104657642712276,11.229979922342235
12.828489597339985,22.323220566943405,11.100000000000001
12.904457880000002,23.323147965969802,13.109770734114583
12.256859590463122,20.734068262433073,11.100000000000003
12.904457880000002,21.680134571083507,13.72554168340474
6.938033370036958,23.332303013776556,11.100000000000001
8.760031923695628,24.680935039216195,11.100000000000001
8.094763949227062,24.652598246822986,11.100000000000001
7.6261081350938005,24.58652176391048,11.100000000000001
7.335302377684887,24.62463589087025,11.1
7.412577643856059,24.32661771023254,11.1
8.901659815992263,22.912705699574452,11.1
10.610725234923127,24.170060976705088,11.099999999999998
12.150941526114437,24.13965006246811,11.1
8.84179119745002,23.509749914555677,11.099999999999998
10.307146858782444,24.678319021238835,11.099999999999996
10.862704634566867,24.15977738788416,11.1
12.904457879999995,21.392192040955617,14.591977491649915
12.90445788,24.39996865230242,13.00146274600918
12.904457879999999,22.641504985111354,14.519049598566557
12.904457880000004,24.55123900909349,14.220328291059134
12.904457880000002,23.940365734511087,12.867548410176614
12.90445788,23.460061979406564,11.099999999999998
7.907061083562563,24.519178456325324,11.099999999999998
7.616570201948374,24.21275077809651,11.100000000000001
8.560801284765073,25.15551673883272,11.099999999999998
8.149249537430979,24.284769615769257,11.1
8.690244473069384,24.457875315350815,11.1
8.206944451481185,24.649054653126175,11.099999999999998
11.353155204031095,25.285622340471974,11.100000000000001
10.795403265041978,23.386937036626005,11.100000000000003
12.090292237559119,24.57531771082349,11.100000000000001
11.733163513229126,25.474733657110914,11.099999999999998
11.206269794692806,24.811440024280994,11.099999999999998
12.24589503086268,24.64113865154341,11.100000000000001
12.90445788,25.49136125359604,13.55594636769685
12.904457879999999,23.956022516763582,13.95069710609877
12.904457880000002,25.371006572235228,13.919205376056192
12.90445788,25.33716643400635,13.459214163457466
12.90445788,26.282089579521884,14.254444216419378
12.904457879999999,26.22227772826128,13.880972216892731
7.451291208214806,26.356641242871426,11.099999999999998
7.687657526102265,27.963410885183094,11.1
7.608881086141186,27.135376198849812,11.099999999999996
7.225939405413095,27.660085737464442,11.100000000000005
7.559588351700077,27.821220206635804,11.099999999999998
7.621362555271476,27.16532377264546,11.099999999999998
8.300430966595968,27.363352085015602,11.100000000000003
9.012188155682878,26.637240223491002,11.1
8.584886392488738,26.72526630164621,11.100000000000003
8.885121524896716,26.9920806732865,11.099999999999998
8.006520578451164,26.60598729119598,11.100000000000003
8.010550122423243,26.876600801741194,11.100000000000001
12.578425635580217,26.17707266342296,12.26863622092957
12.586369803725509,26.352008498250488,12.421839041639805
12.740896351654142,26.17138298149477,12.750016235905555
12.059899260836383,26.26042106177061,11.642058888494159
12.652122933561435,26.197319056467656,12.545228138243296
12.41789681273894,25.89587501667944,11.893642362373841
7.454091621050986,27.861729125938943,11.099999999999998
6.998069122399943,27.858054400542056,11.099999999999998
7.292436963432087,27.978679638749316,11.099999999999998
6.982327965026987,27.916253244952756,11.1
7.343031121995298,28.437866395409134,11.099999999999998
7.816442997953713,28.16439978924694,11.099999999999998
10.823637625941993,27.808077601736848,11.100000000000001
10.713809827177847,27.82479590797152,11.1
10.839364233523195,27.982551792894466,11.100000000000001
11.268806423672174,27.524640089988626,11.100000000000001
10.337150052416844,27.92907485879175,11.1
11.002298978451263,27.83444561521776,11.100000000000001
12.740318996537672,26.889478025536878,13.697397073856841
12.74456217200972,26.55589947543266,12.734713377321233
12.747216161919248,26.554592054900006,14.100834717603574
12.661442393711386,27.059393113096217,13.183441520682505
12.585990899539865,27.05678955324683,13.123528293414955
12.829173259559212,26.742066556049515,13.762916710825731
8.893778289745335,27.72192558421446,18.500000000000004
8.89085768616055,28.26431400837708,18.499999999999993
8.903568403962634,28.277947782747436,18.500000000000004
10.085013750357346,28.47528840120161,18.5
8.808632957733085,28.662969852837453,18.499999999999996
9.501476363194195,28.740066589748125,18.499999999999996
6.489667701297764,28.59834821256596,18.499999999999996
7.223881102618046,28.733143565552155,18.499999999999996
6.889328457531851,28.75332937194151,18.499999999999996
6.720748882380599,28.70831575493946,18.500000000000004
6.054129014058512,28.105325032690725,18.500000000000004
5.912496910762387,27.978355285151036,18.5
5.792266438991142,27.914885396418875,18.499999999999996
5.7328174474368305,27.734308386723303,18.499999999999996
6.035059162629122,27.79644602881013,18.5
5.770081844498231,27.635906192182894,18.5
5.752808181846033,27.876798103419397,18.499999999999996
5.768017835236322,27.409616972964095,18.500000000000004
10.46101812559771,27.558503194682018,18.5
11.787298831109492,27.075171096556268,18.5
11.091923751678634,27.938488311272007,18.500000000000004
11.999361118174653,26.602373465055948,18.5
11.490994099965578,27.864177412691948,18.499999999999996
10.97550234227776,26.83237510839,18.499999999999996
6.518320446598302,27.27522260557275,18.500000000000004
6.804384475501279,25.028276684303833,18.500000000000004
6.791028616201337,25.139243036863007,18.5
6.4630561183073185,27.414551615657555,18.499999999999996
6.228996200843018,26.35112159646365,18.500000000000004
6.5139317750143935,27.115380566485236,18.499999999999996
6.924865556491035,27.933626897070827,18.5
5.808483759885915,28.18809194700738,18.49999999999999
6.45651939303476,28.004267272892257,18.499999999999996
5.90233915755771,27.02360748141501,18.5
5.856132049640735,27.432064177762424,18.499999999999993
5.4278125138467175,26.502653227752663,18.499999999999996
11.846610298354504,24.55393341223865,18.5
11.678337641986113,24.680163338367397,18.500000000000004
11.097504159090414,24.758243187274605,18.500000000000004
10.322851210646917,23.69474669975763,18.5
10.577817272473247,23.637870416887,18.500000000000004
10.98833040972493,24.223369634085294,18.5
6.37158044851249,24.459768428681727,18.500000000000004
7.497720127404277,24.68977439111701,18.500000000000004
6.632616970559037,24.629091270851237,18.500000000000004
6.477691507915245,25.887466375844504,18.5
7.026318845244857,24.691619542040364,18.499999999999993
6.828346376573494,24.777644036577044,18.499999999999993
6.586053810648657,25.846365523951853,18.5
6.48671581425537,26.08239979427467,18.499999999999996
6.550880243494477,26.125972738149482,18.50000000000001
6.623939538727703,26.119988503074858,18.500000000000004
6.676644650908449,25.91825474709868,18.500000000000004
6.736385550072428,23.628940403485252,18.5
11.143031080172163,24.629828946300588,18.5
11.1387768095859,24.55960397116574,18.500000000000004
10.396442425678837,23.14065930266316,18.500000000000004
10.660644650268459,22.89966419831186,18.499999999999996
10.38614841090393,22.963847833278503,18.5
11.226907586868942,24.909381854133517,18.5
7.101798796609939,22.604893483275067,18.499999999999996
7.4154626596635325,23.811222142988655,18.5
8.041041042907644,23.566406521121667,18.5
6.839621605500528,22.838874857424823,18.5
7.260049482390328,22.855994465574067,18.5
8.001178602067501,24.082234767916546,18.500000000000004
6.593519674493457,24.474011735475678,18.499999999999996
6.994154408471818,24.857060495394258,18.500000000000004
6.427652487633613,24.91019368834742,18.500000000000007
6.423067986582209,24.768660871180305,18.499999999999996
6.821810502946166,22.97046595103471,18.5
6.376061444776261,24.46439999453573,18.499999999999993
11.978851899822535,21.995156136794694,18.500000000000004
11.190490699507079,20.254785128280048,18.500000000000004
10.947222989540975,22.2648808074768,18.5
11.249155440023063,20.237939084223207,18.500000000000007
10.826001452262341,22.069703307369156,18.499999999999996
11.39310491960677,22.303488440647843,18.5
7.49908678313355,23.533701673528906,18.500000000000004
6.478195162283891,23.01681300052108,18.499999999999993
6.251909470659519,23.04852886655826,18.499999999999996
6.223897269985068,23.268412488622953,18.5
6.478591004172431,23.54110828985962,18.499999999999996
6.241524649347109,23.48420215925104,18.499999999999993
6.469233995938295,22.890667133543076,18.499999999999996
6.53712658123921,22.897601625990397,18.499999999999993
7.175982767069848,22.6524640537353,18.5
6.943341360376412,22.72780302929386,18.500000000000004
6.205006790077841,20.291960457992207,18.499999999999996
6.161364221667526,20.35001351590875,18.500000000000004
11.42581569602362,19.04806079440629,18.500000000000004
12.017200636297579,19.8226217663605,18.499999999999996
11.87276593940829,20.0571294991631,18.500000000000007
11.693620301035816,19.79616666810483,18.500000000000007
11.458599168373796,19.106816617195268,18.499999999999996
11.772560970318262,19.623228538707174,18.499999999999996
6.977522019185456,22.533852129384798,18.499999999999993
7.4287247071211855,22.41516125287236,18.5
8.968507147059004,23.026379124666608,18.499999999999996
7.276635409401713,22.932949535367293,18.5
7.862091777730749,22.614908228358317,18.500000000000004
8.109068115315951,22.83533247530594,18.500000000000004
7.171776909729009,21.756226933766172,18.5
6.493811289060251,20.339904298242228,18.499999999999996
6.66504423839967,21.392364165388514,18.500000000000004
6.750077201891151,21.51790094628264,18.500000000000004
6.463166859297106,21.079359474379068,18.5
6.297484156876357,20.861229150940186,18.5
11.409132619274727,18.555450479477425,18.499999999999996
12.172341893256938,19.285729056053388,18.5
12.075910849253978,19.68911253186501,18.5
11.948652100934373,19.53366414986539,18.5
11.590656358408554,19.07964894403949,18.499999999999996
11.99948160812742,18.60519285523363,18.5
7.2972621799644015,20.216849838301012,18.500000000000004
7.160462625949464,17.811061854718307,18.499999999999996
8.222155769397645,19.43164520291903,18.5
8.173447930149072,20.597927359685603,18.50000000000001
8.391360510515417,18.38288473878879,18.500000000000004
7.390471086259534,18.45359053237109,18.499999999999996
6.196179902022885,18.7993515394953,18.500000000000004
5.824160155909615,17.93968177972266,18.499999999999996
6.353879019560439,18.770175078013505,18.5
6.256445230664895,17.76049137214233,18.499999999999996
6.118864456921423,17.791467091243593,18.500000000000004
6.164989272785921,18.66727144954703,18.5
11.059048754861472,19.027182435971813,18.500000000000004
8.885311524342471,18.734614918725757,18.5
8.986836422233967,17.949379477066124,18.5
9.858807310586018,18.159947874305384,18.500000000000007
10.926388496269828,18.867684672807577,18.5
9.252980407216176,18.17800442066835,18.499999999999996
7.400924457259108,17.19100623888629,18.5
6.507065825313552,17.56873046371948,18.499999999999993
6.882924167778071,17.431793804476868,18.500000000000004
7.490695935269777,17.212701529152838,18.5
6.685538845042232,17.507727133140396,18.499999999999993
7.460020296724405,17.20431178224525,18.499999999999996
6.334056551620799,18.132493313757305,18.499999999999996
6.6252797845446905,18.460070633604325,18.5
7.35233188222999,17.300568716959866,18.499999999999996
6.781258056993819,18.611412050861006,18.5
7.1647465222048705,17.502312030204653,18.5
7.404316098467627,17.25910347239583,18.500000000000004
7.274063415944381,18.865665529915454,18.499999999999996
7.440512408300568,17.45860006317632,18.499999999999996
7.3393548132686055,17.452239449952742,18.499999999999996
7.489063798304685,17.49859451941473,18.5
8.011607579777193,17.61598137197984,18.500000000000007
7.281995270253005,17.42435423063551,18.5
10.21319153898038,17.85147184077056,18.5
11.265555104954833,18.78843974266789,18.500000000000004
10.06987204391775,17.8768944248225,18.500000000000004
11.302556481372928,18.799196473800613,18.5
10.223741609448489,17.887326896129945,18.5
10.667009300467985,18.758147803341483,18.500000000000004
12.061298627102042,19.93873944766967,18.381864296163194
11.944767711517528,19.61301899807795,18.5
12.099142241775455,19.9936415844745,18.26096489680422
12.326516180613151,20.71271979413521,17.767817881491485
12.117590539656026,20.19204826821288,18.381539043070077
11.853943329436085,19.497931534729446,18.499999999999996
7.833124149475476,17.743307565535243,18.500000000000004
8.257471285978303,17.76138093496269,18.5
7.703828383789809,17.48422915867515,18.5
7.42215947106287,18.170268642620712,18.5
7.5543371548335045,17.49196792005152,18.499999999999996
7.603108152878329,18.015466601012573,18.499999999999993
11.816614319932564,18.634482790596707,18.500000000000004
10.675939277107389,18.112290839442313,18.499999999999996
11.073409130434655,18.186601568246534,18.5
10.387044643759861,18.03346478535748,18.5
9.45407373587478,17.98894303787511,18.499999999999996
10.197830994207859,17.95879526132272,18.499999999999996
11.905444584749194,19.618074900730722,18.5
12.053437886526732,19.336606534404396,18.5
11.906737467192546,19.118221114627143,18.499999999999993
12.166535369732088,20.195649601992926,18.37280344227642
12.09459455764196,20.329850814844175,18.37731785481454
12.033186566814086,19.768631570159656,18.5
7.551754063280535,20.933893782062835,18.500000000000004
8.23535536936454,21.273010467747238,18.5
9.08120296336905,18.877533995401812,18.500000000000007
7.924140699436152,18.16699043492396,18.499999999999996
8.440434364981769,22.186955478577957,18.499999999999996
7.84098755337072,21.09433494956804,18.5
10.813128048054617,18.200628454961283,18.5
11.455591543063637,18.56077699133434,18.500000000000004
11.583585152865112,18.79641262031898,18.5
12.055945979393858,20.3528569691618,18.5
9.874720414667625,18.70636253633857,18.499999999999996
10.893256591134081,18.566819712924083,18.500000000000004
11.826847261152263,18.96246188937128,18.5
11.943329854865842,19.603188923157628,18.5
12.240448161451503,20.547875617495713,18.24805232575541
12.088550914233377,19.334306635070497,18.500000000000004
12.160073193022187,20.576348419729314,18.500000000000004
12.186461571504106,20.39732231308574,18.25930953253834
8.356095355886113,24.749921868357283,18.5
8.531354785640074,23.963587560184802,18.500000000000004
8.702529635538621,24.755609967997376,18.499999999999996
7.414546963423952,23.13726213498276,18.499999999999993
8.414278604125899,24.39988133000604,18.499999999999996
8.695916947490911,25.02354131502339,18.5
11.101490944497996,19.959461225978824,18.5
12.062349157701124,20.658430994039502,18.5
11.300297061111182,19.943160989697017,18.499999999999996
11.896550447164033,20.59889220732982,18.5
12.039209178186947,21.559664388808862,18.5
11.676654548145272,20.996067856983085,18.5
11.989600255461685,20.648953787020876,18.500000000000004
12.667592068922005,21.820874167340676,18.11494267121614
12.904457879999999,22.553810517203047,17.65912417937371
12.75183680298318,22.125418667444887,17.826152160395335
12.146519010192575,20.33091248747565,18.499999999999993
12.598626951779142,21.630727601800945,17.68216877052746
7.254959696301051,25.11794640389502,18.499999999999993
7.790408559923473,25.085188148912597,18.5
7.5599142994983035,23.84921012455959,18.500000000000004
7.657438903772512,24.809580347501175,18.5
8.550761585738877,25.043281349826774,18.5
8.511267605312032,24.53726252009513,18.499999999999996
11.42032772711682,22.448315395649292,18.500000000000007
11.752173710568988,23.10908139898703,18.499999999999996
11.738425474860616,23.56675458354901,18.499999999999996
9.804432278518973,22.08492271321394,18.499999999999996
9.757871356458544,22.644136366094564,18.5
10.684409427239594,21.27997218198905,18.499999999999996
12.587682296310305,21.976245029062696,18.10535864403405
12.599937045188016,21.89290828546931,18.11277083732575
12.354447643973065,21.523129254770673,18.373609386493285
12.744311950665931,22.34654273860327,18.227776022082733
12.744311950665931,22.34654273860327,18.227776022082733
12.744311950665931,22.34654273860327,18.227776022082733
6.978345323833152,25.79634941831222,18.499999999999996
7.121795760685465,27.017804597821332,18.5
7.36831611238167,27.00845855019894,18.5
6.9781300378690885,25.574321703568888,18.5
6.653566836172523,25.37426745210173,18.5
7.751423296784207,26.908263626398554,18.500000000000007
10.09945801339099,24.902619655591934,18.5
9.947659247150094,24.507390299151567,18.5
11.234239340742116,25.140584110360454,18.5
10.950111250142687,25.362153907079065,18.5
9.352156300064832,23.711435348764446,18.500000000000004
9.46965448279981,24.627729114175835,18.500000000000004
12.823887573175805,23.646968656710023,17.483856952357883
12.73738344548184,22.805967128205857,18.500000000000004
12.748789033990537,23.510636719823065,18.225947922810246
12.489204352780183,24.181738525902176,18.499999999999996
12.65985810352272,23.50032790048456,18.5
12.142212783932171,23.81113506620858,18.500000000000004
6.274758797166717,27.369514865207567,18.49999999999999
6.5674604612201435,27.691304166709177,18.5
6.942293036717537,27.616535895864754,18.500000000000007
6.861646838731881,26.216875631147133,18.5
6.45532451935659,27.035982183412298,18.500000000000004
6.940162522684446,26.369250425684957,18.499999999999996
8.400250425535534,27.47239368989542,18.499999999999996
8.105532732906818,25.58663048279173,18.5
10.474697807269846,26.93940088383578,18.5
9.654043944066515,25.931853368618007,18.5
8.781358905914583,26.03267196578989,18.499999999999996
11.142744798428845,27.199252613754606,18.499999999999996
12.739288462335661,24.577541424532885,17.50426795491759
12.250811704807735,26.904791076385877,17.91200645393162
12.825246193096566,25.662351995989454,16.909307599037422
12.904457879999999,24.1914849834033,16.909127206162978
12.824003272684825,24.5335771565687,16.9022684546767
12.904457880000002,24.64339868410006,17.78021856433439
6.026015357363321,27.676812412261036,18.5
6.072314709628433,27.809879888786842,18.5
6.111535986880737,27.42486759569497,18.500000000000004
6.156723537417374,27.806779534175227,18.500000000000004
6.150471896921831,27.69764095082157,18.500000000000007
6.372705323503208,27.95560908651146,18.5
10.832931212529761,28.149016053046267,17.924369916331592
10.01352737655986,28.63231454374336,18.22984664386317
11.61984789384385,27.083446291870967,18.102974852025287
9.787573693991126,28.339160877882364,18.499999999999993
9.537966964026428,28.31941061948944,18.5
10.754406802219052,27.63025390229387,18.5
12.574842697343406,23.81801781925109,18.08511509373097
12.487900146449494,23.34980015161422,18.360654199496306
12.658151215112758,23.768251978694863,17.950794773227976
12.324408474127448,26.291229142504562,18.23496854132353
12.159634493881148,26.32924093250487,18.227099507895506
12.653817426798806,23.941222444297665,18.060173559155842
7.507774834779455,27.458496462633654,11.100000000000003
7.550303186350958,27.094905940417142,11.100000000000005
7.01235782153613,26.525379391000207,11.1
8.597716265184136,27.601816375576554,11.1
8.263259927089663,28.059348833106437,11.100000000000001
8.126016548052535,27.425816061498548,11.1
6.3788136977284235,26.51491941821271,11.100000000000001
6.716524725681397,24.855904252571676,11.099999999999998
6.840488976464436,28.02451624224926,11.099999999999998
6.750738213713321,26.172769471414846,11.1
6.828994957425105,28.1315564587654,11.1
6.58250346025582,25.24625703514977,11.100000000000003
5.410979991909612,28.075461996575996,11.099999999999996
4.9366509189956735,26.970594793189235,11.1
5.134207943979969,26.52175203997977,11.1
5.682040546706788,27.641857725772102,11.100000000000001
5.266924687052465,27.96959866251078,11.100000000000001
5.2973257736524495,27.881593346816675,11.099999999999998
8.858281675438766,26.87276804633974,11.1
8.989443285928305,26.23305898437237,11.100000000000001
9.15351407373679,26.852942238711712,11.100000000000003
9.489394978774262,26.871875174286078,11.1
9.064078134649948,25.164655075500477,11.1
9.643433901092207,26.077526061243216,11.100000000000001
7.672775382810262,24.246321765673407,11.1
6.850003573354114,27.672378502243216,11.100000000000003
6.391222448239002,25.960714040155,11.1
6.837983411444222,27.6239597550653,11.100000000000003
6.642810963216232,25.60738637395119,11.100000000000003
7.550793202065819,27.364865483175382,11.1
5.429478296791735,28.136776045888407,11.1
4.9644022977531534,26.80088954400197,11.1
5.31256711399773,27.141887087030483,11.1
5.300342794360516,27.660070323639157,11.100000000000001
5.254410625293217,26.846400919767664,11.1
4.757272844303265,26.58612710989964,11.1
7.703825240482966,24.6306547739111,11.100000000000003
8.047920722314876,23.71972210327602,11.1
7.329537871162964,23.768739772798305,11.100000000000003
8.315900568335847,23.753706695086294,11.099999999999996
8.30701399021609,24.581068082529125,11.100000000000001
7.268078685915929,24.523060102865244,11.099999999999996
7.164750022449923,24.587668198694313,11.100000000000001
6.598853050837393,24.36470835761141,11.1
7.167608355373006,23.846756872404345,11.100000000000001
7.492722535205352,27.061884120253257,11.100000000000001
7.013846204259439,25.177368255608826,11.099999999999998
6.997855637462721,25.223398557485925,11.099999999999998
5.03048747848777,27.61183429506129,11.100000000000003
4.965766905825288,25.908444615966534,11.1
5.313828258315786,27.4621186719153,11.099999999999994
5.237974503151737,27.331817029383167,11.1
5.039616414729335,26.62746409982291,11.1
5.084245267527159,24.988115615668217,11.099999999999996
7.706275243180579,23.686762800785793,11.1
8.094463889500012,22.300458870733028,11.100000000000001
7.263805171766793,22.667502483201762,11.099999999999998
8.697204169704767,23.341068181034448,11.1
8.26076778185455,21.96616188925265,11.100000000000003
9.114404346617047,24.128734516647075,11.100000000000001
6.4491329542324465,23.265932561454967,11.1
6.453386753974866,22.7172002315774,11.100000000000001
6.587297642169505,22.249780634723535,11.1
6.248759754031095,22.726830725429313,11.1
6.680458791037565,22.65912384965157,11.1
6.334093109792853,22.56204893515575,11.100000000000001
5.1809421343195,23.382608691846375,11.099999999999998
5.031060604867879,24.221232672073498,11.100000000000001
5.21912160635358,25.374296635805777,11.1
5.552744651447119,24.910301204023916,11.100000000000003
5.20663185278654,25.658327351692922,11.100000000000001
5.335655308309221,23.390374280444846,11.100000000000003
7.068405101640376,22.322204014845347,11.099999999999998
6.514298434091415,22.272477586999976,11.100000000000001
6.2738467884289975,21.513000416792917,11.1
6.25014823892231,21.302044219052256,11.1
6.771475888073005,22.05741835538609,11.1
7.025988074959579,21.844492194376876,11.1
6.780991807673281,21.9676721371114,11.100000000000001
6.730945737855502,22.336234025832322,11.099999999999998
6.624214585708619,20.90589796646616,11.100000000000001
6.440876746687097,20.460658492454638,11.1
6.422658631623738,20.23223039014522,11.100000000000001
6.882125639157829,21.542065047526762,11.100000000000005
5.647342668240107,22.55552467052029,11.099999999999998
5.8427796882442875,23.25756461981607,11.100000000000001
5.374617552769362,23.391910102690296,11.099999999999996
5.323851432441773,23.004162717790937,11.100000000000001
5.441088051993666,22.833924942950013,11.1
5.46938225288882,23.279349536341616,11.099999999999996
8.883221721216193,19.042800166700747,11.099999999999998
8.528963922447689,19.025732755543586,11.1
8.101008001857817,19.146785094049463,11.099999999999998
8.418236114436702,18.95556325689606,11.100000000000001
8.705772957378235,19.967280714995233,11.099999999999996
7.566668577455433,19.388633566273274,11.099999999999998
7.892975957365328,24.058733180384895,11.099999999999998
7.294585012897108,20.45792634399143,11.1
6.836847891658357,21.549735444760408,11.099999999999998
6.90913358318019,21.30930131882637,11.1
7.131625460334276,23.224724394412817,11.100000000000001
7.33680868483037,21.610673435394403,11.1
6.096369286778495,20.35483183323321,11.100000000000001
5.616043870970292,21.79701424951105,11.100000000000001
6.192870188357065,22.28845844445106,11.100000000000003
6.121093164646457,20.4898720905523,11.100000000000001
5.53962073163939,21.77138691286756,11.1
6.123185791215545,21.6940974457399,11.1
8.535541241063733,18.007834104122463,11.1
8.771933859994517,17.166919492599742,11.099999999999998
9.21730539542136,17.60642470829819,11.1
8.596217191276383,17.34703764165064,11.100000000000001
8.920574387608857,17.297192239394374,11.099999999999998
8.983268190664171,17.47678551916844,11.1
7.822895048675106,18.238607379630245,11.099999999999996
7.882562149314139,18.365234130202328,11.099999999999998
7.5874051379364,21.014227592983875,11.100000000000001
6.980093994286637,18.855670642730875,11.100000000000003
7.3286586751931795,22.89977360611366,11.100000000000003
7.689143657110257,19.68404126248176,11.1
7.874679636305901,17.606461916953236,11.1
7.961358524114799,19.348282116314873,11.1
6.102341551319855,19.760803928285757,11.1
7.738027398674651,19.169318805799534,11.099999999999996
7.182164883575017,20.220132151339055,11.100000000000001
7.7161800319512075,19.04460273309995,11.1
8.798408071291563,17.113202287330715,11.100000000000001
9.382378637639706,17.083865517797456,11.100000000000001
9.463953192673195,17.075264572547532,11.099999999999998
9.354159116218323,17.072543415769204,11.099999999999996
8.935422890155237,17.08071242890678,11.1
9.650518676015173,17.263458623906672,11.100000000000001
7.867196765173848,17.836979758521718,11.099999999999998
8.301587593823735,17.249909610909242,11.1
8.282380432836018,17.31564936444706,11.1
7.903881447420874,17.197620617821826,11.100000000000001
8.060861353643448,17.20850374868451,11.1
8.14645960062767,17.519749655249917,11.099999999999998
8.685941778606589,17.110952071557886,11.1
8.291369002406713,17.281336026280584,11.100000000000003
8.082770940996701,17.274492680534795,11.099999999999998
7.961023575472683,17.278928172159805,11.100000000000001
8.572151979080974,17.75192214329637,11.1
8.202135366786333,17.26918413074659,11.099999999999998
8.739224590517566,17.299324132883452,11.099999999999998
8.731079700985257,17.323188006347287,11.100000000000001
8.173031466061268,17.290271094971516,11.1
7.962038923491463,17.233183998846588,11.100000000000003
8.156653497438802,17.391938758612373,11.1
8.721581296112586,17.294518593214534,11.1
8.811980891306025,17.107771360595475,11.099999999999996
8.510834703490794,17.064759530210846,11.100000000000003
8.991258117311622,17.108022169353287,11.100000000000001
8.909602270047564,17.1127286815861,11.1
8.278413842330586,17.1106041002452,11.099999999999998
8.811658465466914,17.115885602604784,11.099999999999998
11.390755190542,18.23331142072271,11.099999999999998
10.718793706911162,17.606058563127462,11.1
10.847363849384713,17.802658924020488,11.100000000000001
10.868877851509014,17.874744769348027,11.099999999999998
10.610781089173866,17.73272254471081,11.100000000000001
10.361977666223934,17.50261188261133,11.1
6.8399609067528795,19.98662810730949,11.100000000000001
6.9432104469371225,19.032287090577842,11.100000000000001
8.249168866365329,19.411261122959992,11.100000000000003
8.641478407297967,18.91669086694976,11.099999999999996
8.401311107633965,19.03206546148107,11.099999999999996
7.391742214478958,19.005915734729957,11.099999999999998
8.334455298522188,19.471893835298385,11.1
8.647487067549283,17.48930361744477,11.1
10.522055612178978,18.04867885691371,11.100000000000001
8.155645568825316,18.360819086017813,11.099999999999996
8.269537809602054,17.9103229278473,11.100000000000001
8.356119009764027,18.00578540070618,11.100000000000001
11.007611783330814,17.91519980963049,11.1
11.60496473368317,18.122695612530173,11.099999999999996
11.56091283333661,17.984529474971275,11.1
11.29934209429831,18.049245277012574,11.1
10.54204282865335,17.749321050036137,11.1
10.536045021362444,17.472652171642856,11.1
7.119664373685874,21.673797794824438,11.100000000000003
6.846348759492449,20.63665356214922,11.1
7.228435346168257,22.004493961969715,11.099999999999998
7.312703257601009,21.6806122924701,11.1
7.643201517869352,23.374509297838124,11.1
7.6492784065927655,21.752491798129075,11.099999999999996
7.533009339937878,19.43336942624694,11.1
7.929670577752484,20.77422424747446,11.099999999999998
8.837243790667346,20.78657953621277,11.1
8.686970439110949,21.325336960365934,11.1
9.228528460919662,20.435611952660846,11.099999999999996
8.614713994094648,20.078382745460996,11.099999999999998
11.908962593709116,19.11938839621548,11.1
11.507481452175426,18.982551674028134,11.099999999999998
11.856051098940652,19.98734183870784,11.1
12.542277035588189,20.14944953827782,11.100000000000001
11.980687798274007,18.63944162323351,11.1
12.039511762652971,18.420360981163917,11.099999999999998
6.265339914045751,21.205842074355218,11.100000000000003
6.686987741975523,20.92572281309162,11.1
6.080509423192473,21.532286751065126,11.099999999999998
6.18021740228911,21.196397379093828,11.1
6.8007067072620195,22.413700053398216,11.099999999999996
6.229829192064795,21.00737357014287,11.099999999999993
9.411502210395444,21.902713626309104,11.1
8.078190719158078,22.208216147065055,11.099999999999996
8.786281009634866,22.268368850276076,11.1
8.894912699584106,21.624312408038737,11.1
8.867325529930127,22.886334073640057,11.099999999999998
9.369000510002806,23.029817761411106,11.100000000000001
12.287502887516652,21.481699644983316,11.099999999999996
11.482253627788271,21.586335529722167,11.099999999999998
12.40974626353836,22.239316087554037,11.099999999999998
12.240953910174309,21.736889972947402,11.100000000000003
12.429574258836224,21.656752274516332,11.099999999999998
12.396177889712739,22.184935375613488,11.099999999999998
7.1048406744160815,23.103262523968287,11.1
6.769449893086997,24.18122750762957,11.100000000000001
8.122758861787315,23.51335589752212,11.1
7.663077514683307,24.103777737702263,11.099999999999998
8.451797755604861,24.169535442065996,11.099999999999998
8.42762460952287,23.864015003460747,11.1
8.014257944433004,23.842970397261553,11.100000000000003
9.120775051996802,24.765942749152824,11.099999999999996
8.813978387199777,23.255818269331073,11.099999999999998
9.344961238665888,24.703342170362724,11.099999999999998
9.11752626034078,24.710576789953425,11.1
8.53979471462502,24.59940524230409,11.100000000000001
12.559926880596512,23.66948173753804,11.683624767643467
12.549454044513489,23.87038295441129,11.579592330734712
12.491914570935766,23.70503165374718,11.82862284822317
12.684611090235412,23.87016906837742,11.995077711584015
12.90445788,24.936094686389104,13.609929070702933
12.835577657930457,24.474765612712847,11.884811708073283
9.166055431420602,26.336981292235325,11.1
8.244024519467638,26.65637105177007,11.099999999999998
9.384810247241466,25.99066385385066,11.099999999999998
8.838910289401586,24.543110512042087,11.100000000000001
8.76572849661552,25.230127854878294,11.1
9.225692755134315,26.14657660481451,11.100000000000001
8.456615527701365,25.136823888697563,11.1
9.432190024436085,25.588034140968457,11.099999999999998
9.503956406442889,25.57343993443241,11.100000000000003
9.165879899483267,25.91338258343908,11.100000000000003
9.019878120392304,25.05376053562768,11.1
8.822063032060752,24.82012364250746,11.099999999999998
10.772579708951602,23.22845878492305,11.1
12.263933198182682,25.584899704772873,12.107219950868126
12.489175594140512,25.114131070445787,11.374242525903941
10.788985863506744,25.327769416755103,11.100000000000001
12.1397799906939,26.062674102109316,11.100000000000003
12.156370036706413,26.085484077335312,11.100000000000001
6.206391715149206,27.463233617474415,11.1
6.179625286724532,27.357202860989773,11.1
6.467724140138607,27.012802861863655,11.1
6.1098861903953585,27.342310718552927,11.1
6.53688418688796,27.51903065221113,11.099999999999998
6.276602064503105,26.977532781038118,11.1
8.740507425562278,27.803150940533985,11.099999999999996
8.970273998735955,27.945192783944215,11.1
9.412643710003358,26.456400462393244,11.100000000000001
8.484029507021209,27.92959709659156,11.1
8.842513471023198,27.851558211272863,11.100000000000001
8.23683084622156,27.529294425059557,11.100000000000001
11.327279180274312,27.102293867884395,11.099999999999996
10.852952359851745,26.410849237617175,11.1
11.80150924470884,27.025697924813585,11.526352032671532
11.117479449705623,27.142708187455742,11.755177972841077
11.75591102470669,26.855588129553613,12.29414244456729
12.20539824136114,27.014294602657127,12.759364930185281
6.4255875465325065,28.248904054918828,11.099999999999998
6.427916607830222,28.455879363145392,11.100000000000005
6.243940233002557,28.630739784105536,11.100000000000001
6.028740825479225,28.55700664197552,11.099999999999998
6.441066990538387,28.654651550784607,11.100000000000001
6.745564528945719,28.6840563299397,11.099999999999996
8.839679666732836,28.162881847615886,11.1
8.14106077598684,28.137371273382882,11.100000000000003
7.748233174344279,28.315222481393747,11.099999999999996
9.417357255840814,27.23968444715992,11.1
7.844812226066871,28.132513727928448,11.099999999999998
7.706609189569251,28.3535547346303,11.1
12.501972050408558,27.009762081527168,11.845752111542149
12.618118951247244,27.34250015441187,13.74005468085708
12.035452363687247,27.449261185819456,11.100000000000001
12.038395303391363,27.506471988051135,11.217553735567689
11.952141583145917,27.531017254332667,11.1
11.963824375800874,27.10551623313183,11.1
6.007215355516176,27.79510954649436,18.5
6.061118072826429,26.87547437540162,18.499999999999993
6.097869651243512,26.686537584262933,18.5
5.867413246655077,27.162444052244552,18.5
6.745264985613452,25.922806530392332,18.5
5.9244074514337415,26.873146374492162,18.499999999999996
6.310258753729911,28.08290648816957,18.5
6.324343701902803,28.26776893506403,18.499999999999996
6.3677990590352795,27.514667549723704,18.5
6.014382581265447,28.217178623905177,18.500000000000004
6.309867516961464,28.122919971871642,18.499999999999996
6.855155527224132,26.867147162232392,18.5
5.69435800718261,27.50412023743158,18.500000000000004
6.057060860838385,27.783906316784453,18.499999999999996
6.169960455581353,27.80654629099528,18.5
5.951596266763265,27.64975833608157,18.5
5.742998763449022,28.28760085798806,18.499999999999996
5.794503818585031,28.05489852214968,18.5
6.709044922096419,25.28135204982318,18.500000000000004
6.688936784154891,27.58254693349103,18.500000000000004
8.501522638318095,25.77204395282661,18.499999999999996
7.238150210906448,25.84625840553482,18.499999999999996
5.847677408319383,27.47499511985125,18.500000000000007
6.849006620878065,25.524927797103548,18.5
6.811067974502422,25.96422647260254,18.5
6.671634562031237,26.539561303474862,18.500000000000004
6.684226724450439,26.218707626711645,18.499999999999993
6.60670518895248,26.180828822559576,18.499999999999996
6.885285469844529,25.786376900158935,18.500000000000004
6.780088477931856,26.206323895476114,18.499999999999996
5.156772236806632,26.364728640192137,18.500000000000004
5.619226334970647,27.081643684407496,18.5
5.620221287206553,26.930321834007,18.500000000000004
5.625163208998217,26.785351818463493,18.499999999999996
5.994439073759037,27.285919348906912,18.499999999999993
5.69914723656934,27.30521329862407,18.5
7.724427226482743,23.08623586724453,18.5
7.446040715958444,23.359956991287632,18.5
7.561415672028544,23.789569643478515,18.500000000000004
7.097425932165796,23.292394500047052,18.499999999999996
8.145272166620385,23.615425378655274,18.500000000000004
6.803647529325506,23.64031171115999,18.499999999999996
6.598460111480852,26.828783509143538,18.499999999999996
6.9618988921378095,24.29880588451719,18.500000000000004
6.838404172600058,24.890594998687682,18.499999999999993
7.420690269516555,24.40917412035215,18.500000000000007
6.695213053964649,25.724140350041772,18.500000000000007
6.6160220854623315,25.759851575053943,18.5
6.496311597009039,26.08027684187362,18.499999999999996
6.50074574176497,24.776672987957063,18.500000000000004
6.516962233913464,26.363492307560104,18.499999999999996
6.666925462381259,24.80584297571322,18.500000000000004
6.6844170365583455,24.67870024397682,18.500000000000007
6.729678960110297,24.403834532127238,18.499999999999996
7.776417676297271,22.600705670316344,18.5
7.943947210495447,22.60322399540189,18.499999999999996
7.559194754682948,22.826658517439974,18.5
7.691074724225805,23.490321909897126,18.499999999999996
7.947216757093452,22.943520525670365,18.5
7.430397899520582,23.92706024958108,18.5
6.644223903044819,25.53876639466732,18.500000000000004
6.494038840871632,25.87607866056068,18.5
6.567932781161997,26.232218617974656,18.500000000000004
6.631254959094862,26.36535684273135,18.5
6.657299495003359,26.572427396882315,18.5
6.830098765155268,24.254732952522186,18.499999999999993
6.89232700316006,23.777775661052058,18.500000000000004
6.310634108502497,23.31957304615913,18.5
6.035887017572304,23.497662467911834,18.5
6.413675656828627,24.473344946394928,18.5
6.3506364556003545,22.77300986673824,18.500000000000007
6.162316649774266,24.061633066192705,18.500000000000004
8.642051360809639,23.28700958355941,18.5
7.765756667232186,22.94257276753603,18.499999999999996
8.102444724695545,22.924393065463562,18.5
8.804481673904462,23.458993709069812,18.5
8.914707411090756,23.591930995563875,18.500000000000004
9.618511669643512,23.652613379785134,18.5
7.0877263822862,24.89077336471709,18.500000000000004
6.745643620047711,24.680287747766393,18.5
6.771776021994349,25.040278352311248,18.5
6.922672454326397,24.903448841801946,18.5
6.757277097855282,24.478207237019426,18.5
6.829180225330879,25.125983937701104,18.499999999999996
6.547445950981936,23.26201909747428,18.499999999999996
6.341798232069528,22.878915215263422,18.500000000000004
5.958030073781074,21.632137877462775,18.5
6.734132633786204,22.960460318415823,18.5
6.1701954478700305,22.134063999114055,18.500000000000007
7.454262327483663,23.124479435453,18.5
7.7916081792392635,18.597484295199667,18.5
7.9752925157582135,21.64825131796567,18.500000000000004
7.830175965429947,19.826690101770726,18.500000000000004
7.669659583551548,21.607495859846274,18.499999999999996
8.015631705299153,18.538812103256372,18.499999999999996
9.531333446802499,21.517645431707713,18.5
7.3350385761794765,24.435981873518145,18.5
6.994430494363724,24.245919374159524,18.500000000000004
6.71113088367549,23.992267352797892,18.5
7.478294156502327,24.20855156075328,18.5
6.815104897486529,24.323581751930387,18.5
7.417831403061676,24.83639337833172,18.499999999999996
7.747633431570994,20.41581983663133,18.500000000000004
7.067818730393761,23.058959130251502,18.500000000000004
7.301306790176434,22.262902421380254,18.5
6.8317914008692755,21.97317279195531,18.5
6.202671615685352,20.626271192705122,18.500000000000004
7.365192161534269,21.938522137035623,18.5
11.258137385773948,20.273906772052612,18.499999999999996
8.526784045467169,18.150725399745948,18.5
9.0133573450842,19.88093323795574,18.5
9.189991714240827,18.597796992495933,18.500000000000007
8.868182109626632,18.036287361194073,18.500000000000004
8.216244749978857,17.840144905284877,18.500000000000007
7.089920745882341,23.76725102998901,18.5
7.596179286949506,24.25229122539937,18.5
7.677379738960581,23.002043774291465,18.500000000000007
7.419075872609129,23.17398595423309,18.5
7.587381233230754,23.591707690851518,18.5
7.842751681818154,22.97663899573603,18.499999999999996
7.470826429811223,22.567174767482022,18.5
8.174398983731118,22.69615747404953,18.500000000000004
7.024116797376532,20.956288324729165,18.500000000000004
6.329058010226622,18.493539567426268,18.500000000000004
7.948928967804129,22.26016986775634,18.500000000000004
7.436012433694108,18.44723571575081,18.5
8.2294312838594,17.886405914143282,18.499999999999993
7.989644835689979,18.04979899452933,18.5
8.148299007120395,17.663989931320987,18.5
7.952979679262871,18.038645206344786,18.5
8.324389404304087,18.641959525152156,18.500000000000004
7.70764665819349,17.503718341139543,18.500000000000004
7.105145364162962,17.756610071625445,18.499999999999996
7.047539424130671,18.838703707262784,18.5
7.388199858697871,17.379080808582895,18.500000000000004
7.33636734016413,17.49015467392699,18.500000000000004
6.881321836644685,18.8699271722464,18.499999999999996
7.031359661812066,18.923098748006968,18.499999999999993
9.184353857680774,20.826073373196596,18.500000000000004
7.842777332949898,19.082961022212206,18.499999999999996
7.941905212621012,19.384516572194574,18.499999999999996
7.477269657315086,18.6568773745883,18.5
8.33304075866416,19.765937815703193,18.500000000000004
8.075028690508628,19.64032631743978,18.5
7.772714509948422,18.22339706735043,18.5
7.454056232419851,17.380037661241772,18.499999999999996
7.614020939543579,17.511371433305463,18.499999999999996
7.772163018679852,17.42076912837594,18.5
9.555059960509777,18.22526687293677,18.5
7.714085965012876,17.44908952747475,18.5
7.907376162737257,17.455022913792195,18.5
8.748731976183914,17.60739702031023,18.5
7.962227054327098,17.4430520159013,18.500000000000007
8.124707976355374,17.644947290333175,18.500000000000004
7.950112658021439,17.402611161487627,18.499999999999996
8.608385698832878,17.62744766078811,18.500000000000004
11.77436331150502,18.65508093210859,18.5
11.739853268356145,18.53230142401137,18.500000000000004
12.118502867487496,19.682215226648555,18.499999999999993
12.113683179829694,19.434884074330153,18.5
11.972707138989408,19.024031395753322,18.5
11.50299175694926,18.63547597040595,18.5
7.048294352292839,18.09816483222035,18.5
7.971598882285081,18.55951702894865,18.499999999999996
8.698778179005359,18.348520006566677,18.500000000000004
9.282917504646107,18.849453162184076,18.5
10.648135940530096,20.71928435965489,18.499999999999996
8.721222166507916,20.044444168973047,18.499999999999996
7.749198085400473,17.93273008231835,18.499999999999996
8.772473690437506,18.91715913354803,18.499999999999996
8.688819544082058,18.158754390889616,18.500000000000007
8.157832339062113,18.16688248526201,18.500000000000004
8.84574713767503,19.839293141225173,18.500000000000004
8.062390625515125,18.66370598254914,18.500000000000004
12.061775643513242,19.841321529042062,18.499999999999996
11.760303258001317,18.911541751683203,18.5
12.024211169884765,19.5437158393022,18.499999999999993
11.911477463918535,19.43393610000246,18.500000000000004
12.022238409517891,19.657592909034243,18.499999999999993
12.051773619880693,19.652927277977476,18.5
8.595752177431226,18.67165773377204,18.499999999999996
9.378226052578155,21.02708652923444,18.5
8.778327720500421,20.924358066190916,18.500000000000004
9.107693260272708,20.185605781210192,18.5
9.084821912312979,20.867912402491854,18.5
9.357889110124066,19.66544839657757,18.5
9.17252746210764,19.558183364336404,18.5
9.062734030287722,19.42960033281505,18.500000000000004
10.4967416097298,21.386977089918354,18.500000000000007
9.297759522529365,19.71313940325954,18.500000000000004
8.87024187711897,18.56417579449773,18.500000000000004
8.382264585290727,18.51833191171906,18.500000000000007
12.038782220637112,19.586684772934,18.499999999999996
11.921324091526566,19.28495906732922,18.5
12.025939544258856,19.949961800673073,18.499999999999993
12.226621511170556,20.329077355400614,18.5
11.852826044478228,18.99635369459738,18.500000000000004
11.787153249059854,19.535145984022144,18.500000000000004
7.667190657230852,23.635089299778535,18.5
8.92178887786967,22.943189743528112,18.5
7.830419161639339,23.98817998374205,18.5
8.00107511498364,24.126460911999047,18.500000000000004
8.215402956698501,23.984034580437125,18.5
7.871425256072566,23.84911702235427,18.500000000000007
9.574344664369892,21.473341966407173,18.5
9.811651027763933,23.636087589278848,18.5
9.26208769974898,21.639535744838753,18.5
9.821000613614311,23.31583827434615,18.5
9.693431401491248,23.38585493722428,18.5
9.602810148673905,23.856720412564783,18.499999999999996
11.602985380325217,22.07589366046014,18.499999999999996
12.161450892551144,21.962898741013582,18.104216413513985
10.89430008586862,22.789839718873,18.5
11.749998730111137,21.05113234426654,18.5
11.548245454401023,22.460893146694023,18.35721848364525
10.129199435965583,23.762642779585804,18.500000000000004
8.298563117973197,23.173003457760522,18.499999999999996
10.409819219415212,24.17527510485374,18.500000000000004
7.839089728948068,23.96660898283055,18.500000000000007
7.947150018239138,23.430390196353436,18.499999999999996
8.967430526443637,23.842552254258756,18.5
8.40913262110319,23.354807717298506,18.499999999999996
9.529657818831852,24.59438127993108,18.500000000000004
10.246109120070534,24.32997575619192,18.5
9.161468248250827,23.943862865422943,18.499999999999996
10.474082225108006,24.792556454408505,18.500000000000004
8.032829935233329,23.565534382771528,18.5
9.399633819618472,24.578040168897406,18.500000000000004
11.690188643252355,22.644840020444878,18.499999999999996
12.171361313740967,21.751436319749452,18.499999999999996
11.830145704397767,22.335812539253332,18.500000000000004
11.631288574265914,24.664191396010736,18.500000000000004
12.659919369094577,23.40304884749863,18.5
12.276551596250634,21.506774209075854,18.50000000000001
7.833182346960196,25.27810957049196,18.5
7.564623137295923,25.493716395032607,18.5
7.720002681016997,26.48879876323857,18.500000000000007
7.377048954926654,25.638981930275982,18.5
6.623729762514467,26.63050721955327,18.500000000000004
8.78834586042684,25.247711021619903,18.499999999999996
7.912741697996816,25.70008269280919,18.5
8.490982851395156,26.542393892387697,18.500000000000004
9.46682007146103,27.358014285379443,18.5
8.602838921511518,27.04346191866252,18.499999999999996
6.400030756070238,26.90342313221721,18.499999999999996
6.9576168545487445,26.869332815551715,18.5
10.343492596960276,23.930641557997856,18.500000000000004
11.65069171946218,22.650976479157656,18.499999999999996
11.674126826019572,23.10187382111331,18.500000000000004
10.789775038144263,21.756140859285516,18.499999999999993
11.357350223360905,24.491325798447132,18.500000000000004
12.164755684076273,24.15554922881365,18.229313512298408
6.194183593893318,27.55591275629361,18.5
6.6517503631179205,26.939262626141996,18.499999999999996
6.470581074755667,27.881290557828226,18.499999999999996
6.282691152511225,27.311102820404813,18.5
6.255155296541761,27.682266196947957,18.5
6.670003763668337,26.802736435897515,18.499999999999996
7.056393529577641,25.936712028063297,18.5
7.2195458682481854,28.24555540692418,18.5
7.334169871220655,27.3386281145387,18.5
6.437795896006087,26.751397792062903,18.500000000000004
6.139011213989712,27.83810495271161,18.5
6.318868896542663,28.144305242146014,18.500000000000004
11.927576601151634,27.473030156895582,18.499999999999996
11.574826085754017,26.09677029586943,18.2056103151334
10.522540174224847,27.032106888065567,18.218135157697297
11.910708490489784,26.975268620210603,17.437912952748604
11.731308627522017,27.257035629726648,18.084528917993165
11.662824582919932,26.81717761339248,18.1057610929866
6.7016185427557575,28.695793676630483,18.499999999999996
6.612880934629587,28.723394061728737,18.499999999999996
7.027927119175384,28.712195831614025,18.500000000000007
6.076051649453739,28.082596651860648,18.5
6.988628833473792,28.705591180731904,18.500000000000004
6.112581068781693,28.567662319434664,18.499999999999996
6.809236259893736,28.347851253357227,18.5
6.258094287433873,27.872388479294543,18.499999999999993
6.316635235767626,27.811875981259018,18.500000000000004
6.586571648806436,28.096306556114005,18.500000000000004
6.137869593479154,27.82818599769916,18.500000000000007
6.220610827102908,27.760832608226703,18.500000000000004
11.911390692987922,27.721497483327422,17.735597080049228
11.22496562065835,26.90567850916269,17.957508488692966
11.860964258071283,27.379518595910646,17.96111585536861
10.961975821576702,27.604585791026864,18.2394769725207
11.195800185707585,27.590196885890805,18.500000000000004
11.021319236665843,26.449496034313373,18.356547846107485
9.394879734710111,27.33010582182624,11.100000000000001
9.307462198184508,27.217041074811462,11.1
9.046823796393545,27.301423904823405,11.1
9.087075047263301,27.455959667078396,11.1
9.145554935406091,27.29178909920244,11.099999999999998
9.261388256040775,27.075845931950763,11.100000000000001
7.535483240834698,27.902613686079306,11.100000000000001
7.461917620890714,27.887745080824665,11.099999999999996
7.689989060751193,28.022545595497725,11.099999999999998
7.435604534569058,27.971081017722547,11.100000000000001
7.493064855922172,28.14869338432122,11.099999999999996
7.341106317247836,27.990945137842132,11.1
9.825667920341845,25.49459314285123,11.100000000000001
9.921509641385274,26.281737937082713,11.1
9.750069820812445,26.523760498596456,11.1
9.465801393191082,26.349276872671293,11.099999999999998
9.166994779070125,26.726337678277233,11.100000000000001
9.181848147001967,26.482224623218027,11.1
7.240963078899791,25.383538668905516,11.099999999999998
7.510117162919146,27.021048546233715,11.099999999999998
7.467096747589958,26.203730000934247,11.1
7.295900242969581,26.384020505905678,11.1
6.57660664457569,26.3650026334343,11.099999999999998
7.490585059324691,26.2311843733065,11.1
9.450359213479445,23.63669786020896,11.100000000000001
9.104797204311074,23.388169388225002,11.100000000000001
8.865636641614246,24.427805952770477,11.100000000000001
9.524892723402466,24.41237972437719,11.1
8.976952605357603,23.878007209115296,11.100000000000001
8.390312267675544,24.413012086352115,11.099999999999998
9.438022838778828,23.386755590270948,11.099999999999998
8.416853277214624,23.182968876536222,11.100000000000005
8.188665514513438,23.655816160747463,11.099999999999998
7.243108853843563,22.610010760525412,11.1
8.285118086623791,23.892201665099904,11.099999999999998
8.723707169441228,22.81874421191505,11.100000000000003
10.29544249370059,22.045735280368945,11.099999999999998
9.067288650247328,22.958404090675163,11.100000000000001
8.611559455394836,22.43625329197722,11.1
8.801079846553575,23.274813318860033,11.100000000000001
8.385575368013667,23.35354305106807,11.1
8.17728903538196,22.928980981457016,11.1
9.450746713086307,20.651453107747816,11.099999999999996
8.881008432739403,21.402653303194167,11.099999999999998
9.433596753568944,20.95942508029295,11.099999999999996
8.54083102908485,20.39259808968275,11.099999999999998
10.23987051170911,20.312423044709305,11.099999999999998
8.411531078525696,20.695801110464043,11.100000000000001
9.21976196595127,20.505197569582272,11.1
8.931323944220642,20.705438534178874,11.099999999999998
10.075532146906852,19.96777613274215,11.100000000000001
9.981232398692052,18.658864819803235,11.1
9.492986635812578,18.764728346861887,11.099999999999996
8.982267905779958,19.6631282511419,11.100000000000001
8.8926779492485,20.182963627383256,11.099999999999998
8.289404494688162,19.841680012138497,11.1
8.283974792709191,20.09961782316519,11.099999999999998
8.481116386450298,20.248510294463266,11.099999999999998
9.138085818031678,19.121016050370486,11.099999999999998
8.452371029020306,20.617864267892593,11.1
11.282274517705684,18.045399578915887,11.100000000000001
10.37879443338589,17.905946378224343,11.099999999999996
9.16714105337649,19.15318266806397,11.099999999999998
9.673700807069007,17.928276184516857,11.099999999999996
10.364883861340843,17.58859568034722,11.1
10.431761753277971,17.441004059708295,11.1
10.58119147522739,17.375277518275915,11.099999999999996
9.980081938458726,17.62606640819228,11.1
9.614599953754615,17.38417059373457,11.099999999999998
9.532117927225404,17.27782781463379,11.1
9.262377256715537,17.247452165772263,11.100000000000001
10.07080658525066,17.508350029131464,11.100000000000001
10.352405356576163,17.40773775072502,11.100000000000001
10.035986164553549,17.27592662466257,11.099999999999998
10.074983739367516,17.297954649307673,11.100000000000001
10.217647386658047,17.29780392627751,11.100000000000003
9.847295309459692,17.278786859062862,11.100000000000003
9.775341982994929,17.1874085726187,11.099999999999998
9.388990815053713,17.08557201845834,11.1
8.945368248814756,17.089109599153485,11.100000000000001
9.159731599415554,17.10180193936401,11.100000000000003
9.093424176694182,17.083478987604106,11.100000000000003
9.069336384854005,17.06720661753182,11.1
8.97937857412647,17.101006786197114,11.1
8.936702320134646,17.079886481765982,11.100000000000001
9.100320096919535,17.082607571893163,11.1
8.8993346349064,17.08369605708229,11.100000000000001
8.990724590849807,17.072804968376257,11.100000000000001
9.150599416673586,17.075020479741706,11.100000000000001
9.056112327206845,17.074996211812724,11.099999999999996
9.015356979920954,17.088953438039347,11.100000000000003
9.011845883686656,17.08080686162496,11.099999999999998
9.223703433986339,17.11339169791739,11.100000000000001
9.12295798863734,17.07897197024555,11.100000000000001
9.157184227631918,17.076956507001,11.099999999999994
9.150571840544345,17.070724724350136,11.100000000000001
9.350048649003586,17.126087377966307,11.099999999999998
9.295271216218872,17.125037811502022,11.1
9.312520270325995,17.110849418650762,11.1
9.248548613074632,17.120637073789243,11.100000000000001
9.241020768328628,17.121789869063132,11.100000000000001
9.266349382510356,17.120408210758082,11.100000000000001
7.245505365252023,25.726879009161177,11.100000000000001
6.9189767646250635,26.892460183247447,11.1
6.874875902404676,26.82757572112372,11.1
6.970173801009304,26.937692619721542,11.100000000000001
6.868367161277875,26.62261626736702,11.099999999999996
6.967796921411408,26.787925689928343,11.099999999999998
7.561602540234704,25.503405302655317,11.1
7.165138846956803,27.039611712988957,11.099999999999998
7.368267476167519,27.09188999051394,11.100000000000001
7.224205780526307,27.407208772131828,11.1
7.288370452812446,27.263255839448206,11.1
7.190373548641084,27.33758278979945,11.099999999999998
7.381831558669143,25.748777464371155,11.099999999999998
7.303608357420338,25.87823665046155,11.1
7.2161705661201285,25.982285916899066,11.1
7.185099366588382,25.657934636036213,11.100000000000003
7.028340429424224,25.60041904209338,11.099999999999998
7.129231236626158,25.7200689128549,11.100000000000003
7.059018589291286,25.560600747190495,11.099999999999998
7.071148730374925,26.334208830422316,11.100000000000001
7.050442522258471,26.42754905837685,11.1
7.305390183722957,25.635019037362326,11.1
7.228310120660697,25.910316415230774,11.1
7.145995958317784,26.217286920105668,11.100000000000001
7.125486751201749,24.320510839709716,11.099999999999998
7.145134905958833,21.857589567559955,11.099999999999998
7.170179968444484,21.887051725796923,11.099999999999998
7.165543201898861,22.660369965928634,11.100000000000001
7.18198420621811,23.27095578903945,11.1
7.014105840210225,22.641134854275155,11.1
7.270836491984545,22.381813375234607,11.100000000000003
7.007794813602285,20.86753593418892,11.100000000000001
7.211133707427005,23.19486431730909,11.1
7.099371553972073,21.52205224117968,11.099999999999998
7.081646140769463,22.285323678353876,11.100000000000003
7.360168333887436,21.73619684215933,11.099999999999998
7.0286335400653455,20.58728414452989,11.1
7.077215495401618,21.339303588323432,11.1
6.930303391682442,21.18817329258194,11.099999999999998
7.206273342617824,21.81578970603987,11.1
7.1952795875394315,22.028098914371203,11.1
6.756729584284862,20.14117530710146,11.100000000000003
7.246591071403018,19.721679355172373,11.099999999999998
6.997355785004895,20.669019521230794,11.099999999999998
6.9133752732669445,21.22257719280436,11.099999999999998
7.23441834232373,21.173362690806357,11.099999999999998
6.9133510666125355,21.30329128002372,11.1
7.367256476634135,20.907683245237756,11.099999999999998
7.7055853922026865,18.695188870956557,11.1
7.736107785270332,18.438855875867418,11.1
7.6904544024240815,18.24169304082146,11.099999999999998
7.901125036123595,17.879513179305096,11.100000000000005
7.934811788270108,18.226295101645544,11.099999999999998
7.1171528068048335,18.991242210480557,11.100000000000001
7.719140949048908,18.136279562728955,11.1
7.160838552588982,19.185350857950475,11.100000000000001
7.633820782668762,18.744743255679676,11.1
7.546308801818541,18.159782522537142,11.1
7.916731457460677,17.94615154783123,11.100000000000001
7.95448123692826,17.82238441135353,11.1
8.052825842401788,17.954764460722714,11.100000000000003
7.9671312618554095,18.038026847126314,11.099999999999998
7.918911075159085,17.845999870787036,11.100000000000001
8.3536396449636,18.14556665541963,11.1
8.179861509148608,18.076053392057148,11.099999999999998
7.814142890190065,18.546077473373018,11.100000000000001
8.138368629290653,17.51721005066344,11.100000000000001
7.875726338871117,17.476231605476972,11.099999999999998
7.9909606135667275,17.406069289060888,11.099999999999998
7.959313045884153,17.494274469612773,11.100000000000003
8.010886644838868,17.376079950055203,11.1
8.093296143706603,17.392259263533333,11.100000000000003
7.969295874327259,17.236521550989675,11.100000000000001
7.948673965058816,17.24992794004483,11.100000000000001
8.106531859141041,17.199254395998793,11.099999999999998
8.230043578241496,17.260561692296246,11.100000000000001
8.045518569342455,17.339243193369114,11.100000000000003
8.00848714949713,17.253759414405234,11.099999999999998
8.092541397861927,17.222257308833836,11.099999999999998
8.052068802065602,17.250395822180433,11.1
8.150364457155124,17.3335217152864,11.100000000000003
7.987150660011396,17.259819639409766,11.099999999999996
8.0618017206803,17.293713494623287,11.100000000000003
8.044816641509048,17.27682053610627,11.099999999999998
8.04669633484404,17.25045257338283,11.100000000000003
8.032652017098206,17.368241316546737,11.099999999999996
7.827859725346547,17.368896960372528,11.1
8.007057713905382,17.292482809761,11.100000000000001
7.738434755846781,17.455395455311816,11.100000000000001
8.132843668065604,17.220124195944223,11.100000000000001
8.153870367761678,17.367357436002045,11.100000000000001
8.46972099084345,17.263573384967298,11.099999999999998
8.162851081257028,17.48085471782186,11.099999999999998
8.350242623422574,17.28695065835794,11.099999999999998
8.374189194803396,17.286111295098664,11.099999999999996
7.909205211085612,17.39905736557727,11.099999999999998
9.00877943599608,17.079232813390444,11.099999999999998
8.798429202811159,17.061541258280354,11.100000000000001
8.758680230088146,17.06639445277526,11.100000000000001
8.788314663848729,17.065204125563284,11.1
8.812870445540247,17.074407420397478,11.100000000000001
8.794498894851811,17.077509995663426,11.099999999999998
8.247294009144541,17.466426197303253,11.1
8.204358553588886,17.31189134494545,11.100000000000003
8.417047576084764,17.253282207030693,11.099999999999998
8.258699846055181,17.457994918732997,11.1
8.269297642811877,17.351474725723747,11.100000000000001
8.268870388680654,17.32168451470699,11.099999999999998
8.540133107915759,17.755656867589153,11.100000000000003
8.560257307693128,17.78561003318494,11.099999999999996
8.47401913779401,17.714547457683093,11.1
8.385169186076862,17.934600705230732,11.100000000000001
8.396925963080866,17.787858602503523,11.1
8.313090585121744,17.93471562153133,11.1
8.083069642142762,18.45559839971372,11.099999999999994
7.184079918568829,19.347604357080723,11.099999999999994
7.292052014986742,18.858501346005298,11.1
7.761232732284125,18.417816629889636,11.100000000000001
8.05950459448014,18.019442296190043,11.100000000000001
7.9721094694820485,17.933549883811523,11.099999999999998
7.764382901152425,20.055617435611047,11.1
7.837069305399593,19.66135856221705,11.100000000000005
7.867870934960948,19.79209378386388,11.100000000000003
7.762923010509921,20.30536485612238,11.1
7.68417778134477,20.71547312454984,11.1
7.435764026229837,20.744804637628288,11.1
7.757642775966127,24.016039906854097,11.100000000000001
7.162122041603567,21.275554876399113,11.1
7.827390185135816,22.273436638660286,11.099999999999998
7.403653339379221,22.379465814352887,11.100000000000001
7.576629222002373,23.29583020821586,11.1
7.9056496511568195,23.163193504389834,11.099999999999996
7.197880805627989,22.98781267684287,11.1
7.413983852700229,21.3870709847085,11.099999999999998
7.305213279655044,23.04595420331472,11.100000000000001
7.247482185313253,22.45496024816381,11.1
7.164268333859149,22.725361436103267,11.100000000000003
7.228657434913183,22.83559065955999,11.100000000000001
7.522188432451059,24.467928919197984,11.099999999999996
7.243440649936134,23.756278652635668,11.1
7.497490905372766,24.272111561674258,11.1
7.512184320215764,24.294965316853293,11.1
7.360016448739194,22.989447531733624,11.099999999999998
7.262114956750562,22.793303440993753,11.100000000000001
7.565353836422834,24.8737485726827,11.100000000000001
7.601516055946493,24.448910265779908,11.1
7.381155001940222,24.962365470156524,11.099999999999998
7.371661728402841,24.714044410502197,11.100000000000001
7.3868475020732,24.859670880202685,11.1
7.51577794268096,24.75174247672181,11.100000000000001
7.6202184663696775,26.155943134742916,11.100000000000005
7.27066768051444,25.59448740084341,11.100000000000003
7.823797932668188,25.87489334314544,11.1
7.342868597277762,26.09305214730479,11.1
7.33598997165784,26.450537676683968,11.100000000000001
7.648612944752977,26.593517109329415,11.100000000000001
7.455024162233515,26.036533668913034,11.100000000000003
7.5141898645201834,26.313346307044277,11.099999999999998
7.750642550985353,26.38474174786202,11.100000000000001
7.650064444594366,26.14771900666658,11.100000000000001
7.381751559121322,25.84521289549382,11.100000000000003
7.828682458276119,26.525844528999293,11.100000000000003
7.1243578133279595,26.58270089225856,11.1
7.252634648110668,26.235230826025788,11.100000000000001
7.513242343307674,26.04504842175144,11.100000000000001
7.444407213531893,26.212976987218877,11.100000000000001
7.394380607563551,25.976644997517646,11.1
7.281449352509483,26.085958746049766,11.1
7.68080493383645,27.66407715355866,11.100000000000001
7.562592612972069,27.831440131815835,11.099999999999998
7.339924885804313,27.803128347537914,11.099999999999998
7.170170478260052,27.545384158855526,11.1
6.9459211655396444,27.629046722396602,11.1
7.045616202714646,27.62622156412993,11.099999999999998
6.99758365832676,27.6336890377198,11.099999999999994
7.092827919850362,27.612238212323785,11.1
7.000340373434838,27.56955274245628,11.1
6.892769570569102,27.72510965392516,11.1
6.981280930732593,27.673398330101364,11.1
7.374139481917209,27.80983006354408,11.100000000000001
7.050121399378779,28.011583935709755,11.099999999999996
7.284389745472292,27.859239901794506,11.099999999999998
7.153503625404565,27.67100940045386,11.099999999999998
6.978062069162629,27.69249288393632,11.100000000000001
7.185649694924173,27.81078784737797,11.1
7.149378782374079,27.661624815948315,11.100000000000003
6.932543570248218,28.19444396712775,11.099999999999998
7.028747414189637,28.33792294154451,11.099999999999998
6.666298575602814,28.194464085195712,11.1
6.681338230907635,28.06246701298299,11.100000000000005
6.839752676290091,28.088822207530303,11.1
6.662431990564916,28.180380040589984,11.099999999999998
6.489102901244068,28.174712637716137,11.100000000000001
6.465754493778521,27.98730415563788,11.100000000000003
6.567732518133198,28.118852222376766,11.100000000000001
6.520670294433134,28.059358049900627,11.100000000000001
6.814095929482088,28.249882063600968,11.100000000000001
6.585216541409109,28.035132031861707,11.1
7.096588254189782,28.180128617358346,11.1
7.580481686714699,28.072413878061315,11.099999999999998
7.395162560042961,27.96202507328202,11.1
7.525118513420751,28.12673315371582,11.099999999999998
7.0121150562619565,27.89638894344921,11.100000000000001
7.35760004732584,28.01765434402507,11.099999999999998
9.769181029253623,17.107866392721984,11.099999999999998
9.561774694509118,17.104659543365276,11.1
9.370743903055768,17.071078770478017,11.1
9.056971726871465,17.061232506143906,11.099999999999996
9.355229672589008,17.109282998952626,11.1
9.34045077003237,17.097769342267,11.100000000000001
9.043823155304162,17.122290599766718,11.100000000000003
9.27654205879677,17.329609172627276,11.1
8.476346743287712,17.324308586711673,11.099999999999996
8.916871931672244,17.40016841668258,11.1
8.694208788596724,17.336551204679573,11.1
8.420320807199513,17.432349648881907,11.100000000000001
9.666383854658768,17.31537320249067,11.099999999999996
9.617753739761257,17.316092656903052,11.099999999999998
9.855504031970348,17.31783182436136,11.099999999999998
9.658825987502118,17.294369502900132,11.100000000000001
9.359904564481335,17.28569336858638,11.100000000000003
9.16141720213011,17.327064747359977,11.1
10.130416404372834,17.519236162474087,11.099999999999998
9.163030302857853,17.975397920099688,11.1
9.511888208339885,17.791201101235206,11.1
9.704019107887211,17.8020176425866,11.1
9.762537845609705,17.936883147359396,11.1
9.689444871251359,17.741051323807174,11.100000000000001
10.446736369340286,19.718539264424464,11.099999999999998
10.0748077054609,19.807263733265227,11.1
11.101664618654201,19.71411712116933,11.099999999999998
10.575766081950496,20.373886862329893,11.099999999999996
10.477945238891683,20.478504773095853,11.099999999999998
10.797436222671054,19.591801542830673,11.100000000000001
10.048864164505016,20.36654696317828,11.1
10.393046581632381,18.926581444101153,11.100000000000001
10.740005684006116,19.414521482596584,11.100000000000001
10.629349746352167,19.045533617534137,11.100000000000001
10.023588923871118,18.89228064845034,11.1
10.819049499404072,19.056182681855674,11.1
8.149897391629604,22.19201091107358,11.1
10.069661977830329,21.871432187514383,11.1
7.85024259540905,21.785642957787545,11.1
8.329552209664532,21.885010555000004,11.099999999999998
7.867392027821734,20.796659895777765,11.100000000000001
9.004808295498782,22.89446490484921,11.100000000000001
11.375157418742393,24.251165625113487,11.100000000000001
11.342449078106133,24.56273815367439,11.100000000000001
9.904006543327867,24.572253673481374,11.099999999999998
9.581183043230066,24.069442127830673,11.100000000000001
10.616259874344737,23.398408006078117,11.100000000000003
11.027920690787266,24.304429304156606,11.099999999999998
9.853453536157513,25.704648668254023,11.1
9.760382088396398,25.64389273257846,11.100000000000003
9.424183452425185,25.206042089563276,11.1
10.267977119888753,25.71843131135226,11.1
8.866506854725218,25.24865049643644,11.1
8.734375602824135,24.761685144296454,11.1
9.66428138194593,25.21737630276744,11.099999999999998
8.839727666890607,25.527030514959147,11.099999999999998
8.1070489538564,25.10247423932975,11.099999999999998
8.997915241778406,24.3882688828468,11.100000000000003
8.879835220238059,25.02152336457179,11.1
8.918209766987523,23.523191670835086,11.099999999999998
11.332408989391643,27.0169955842261,11.100000000000001
9.882717652152346,26.948415703401416,11.1
9.047611925431589,27.543060074767812,11.1
10.128269288343223,27.275552835761737,11.099999999999998
11.08393485498278,27.872375905354396,11.100000000000001
10.790574676547497,27.752774558208756,11.100000000000003
10.398939591757044,27.887812715220207,11.100000000000001
10.63902019020312,27.646649424155246,11.1
9.791071712542534,27.95014945367459,11.100000000000001
9.458693269014338,27.73808670159718,11.099999999999998
9.65675466564245,27.735589586801684,11.099999999999998
9.117342479308379,28.183179210493027,11.100000000000001
9.978291626860631,28.136869500775717,11.1
10.658274686978084,28.08124970236181,11.1
10.200310101113107,27.93007327593656,11.1
10.35159850483764,28.019994078045922,11.099999999999998
8.164243262963788,27.810545590558835,11.1
8.774765713723932,27.950737054100077,11.1
11.004576683895342,27.779995426989174,11.099999999999996
10.209971220928354,27.916861197356955,11.1
10.766466953956678,27.858901940515754,11.099999999999998
10.002731466670566,28.00709927704388,11.1
9.451451836294412,27.923719373982237,11.099999999999998
10.694410426196738,27.907898845584302,11.100000000000001
10.484567962998169,28.28171182015486,11.100000000000001
9.772051804779103,28.11968807668001,11.1
10.007852653747104,28.218611894919924,11.099999999999998
10.91336510319572,28.080070537705936,11.1
10.548387217549116,28.198120708511514,11.099999999999998
9.905478587471874,28.218972266452685,11.099999999999998
10.66852554466818,28.090220910335525,11.100000000000001
10.624802209655012,28.20896709374161,11.1
10.098443337025886,28.324267689342054,11.100000000000003
10.273057370474925,28.419176281471685,11.1
9.513275978672112,28.378852123261765,11.100000000000001
10.291186675538105,28.254928819995637,11.100000000000001
10.51911728230998,27.660062195805228,11.100000000000003
11.196382725903494,27.476417096379922,11.1
10.171311772635061,27.71699815061227,11.099999999999998
9.551473978909973,27.727148449868682,11.1
8.955600723192388,27.17537815669965,11.100000000000001
10.702743782963074,27.355813632196078,11.099999999999998
9.52924927335711,28.006862427088404,18.5
9.073046116641427,28.082250435548232,18.5
9.487269060387167,27.644727257663785,18.5
10.354698903348556,27.329774048067254,18.5
9.210159914945368,27.27746312532582,18.500000000000004
9.07561078133301,28.038783989950726,18.5
7.225446591855956,28.438082458375643,18.5
7.1120160014520755,28.39673335132445,18.499999999999996
7.222654934563704,28.395613894050687,18.5
7.336786180564502,28.361204858768836,18.5
6.875638769557605,28.300256699757178,18.500000000000004
6.983622501139284,28.441245584765834,18.5
8.431542804190679,25.17130057195509,18.5
8.42931545203414,25.606572162587746,18.500000000000004
8.480788425531673,25.643080130863936,18.5
8.471010998476277,27.551623092865654,18.500000000000004
8.788312078156888,26.285583599233398,18.500000000000004
7.865135339453609,27.318001091248377,18.5
7.467199668743868,26.36904933425512,18.499999999999996
7.447823950225431,27.19459438287036,18.5
7.712501663905104,26.634945530536378,18.5
8.25282988285334,26.21914668706775,18.499999999999996
8.219198883233343,25.868960778204947,18.5
7.929579870537144,26.90770014199636,18.5
8.269843443837544,23.346025649891953,18.499999999999996
9.459812113424219,23.562199076790257,18.5
8.983580467314049,22.890029002808422,18.500000000000004
9.307810249289489,23.289710752535232,18.500000000000007
9.883354226036039,23.939445680769417,18.500000000000004
8.714226983381188,24.012689622060062,18.500000000000004
8.37138823277525,22.947247000279344,18.500000000000004
8.390393298786124,22.84926095838627,18.500000000000004
8.966082586621049,22.880897059026562,18.500000000000004
8.522932717899018,22.150219623114094,18.500000000000004
8.061730353077184,23.37895822976372,18.500000000000004
8.32578525175786,22.263876144274498,18.500000000000004
8.524636633534938,22.023333289685908,18.5
9.596799726965743,22.03830095100447,18.5
9.770958517333982,21.376364601229312,18.499999999999996
9.97615532669151,21.233539931836578,18.499999999999996
9.026298690833912,21.14063001964525,18.499999999999993
8.98487810348585,20.305824023105995,18.5
10.135780091165595,23.074038069630898,18.5
9.625546864622928,22.07434196671438,18.5
10.94764414587594,23.203508367587958,18.5
10.856906240235967,20.99809573283748,18.5
11.509220102587408,24.549143710243513,18.5
9.757510247925396,23.7650599505009,18.499999999999993
10.522122150812347,20.523895657991172,18.500000000000004
9.949526781982508,20.832103027817208,18.500000000000007
10.90689952257032,19.98803221868944,18.500000000000004
10.791444855034147,19.831780652679548,18.5
10.75970481064839,20.30475143274726,18.50000000000001
10.569301749648183,19.514794601430697,18.5
10.354530371996585,19.590083486066547,18.499999999999996
10.005002476156186,20.49543496866218,18.500000000000004
10.390672171051428,19.2629543974934,18.499999999999996
9.277785882962167,19.36063204249323,18.5
9.796498240484885,19.74845513902672,18.5
9.301787267220355,19.403203997772884,18.499999999999996
11.069170516275713,18.440658508045928,18.499999999999996
9.057480932301614,18.064240901588143,18.499999999999996
9.506226364941018,18.1964871969831,18.500000000000007
10.01643103093382,18.147770916257986,18.500000000000004
8.91281781206981,18.16040589587293,18.5
9.685332029373232,18.170753576640344,18.5
9.675976419672391,18.880002038997176,18.5
8.554173593891791,18.36628344632763,18.5
8.91694041525713,18.55249275617488,18.500000000000004
8.872063675348816,18.716090994654934,18.5
8.794690362759694,18.277072775242328,18.499999999999996
8.246867344103762,18.36391776628413,18.499999999999996
10.145200593695785,18.049524891823324,18.500000000000004
10.23775948630976,18.021773777117314,18.5
10.563953412328473,18.011296884643517,18.500000000000004
10.484648905726345,18.10280023099913,18.499999999999996
10.375046231759171,17.995964679497988,18.500000000000004
10.440741298137851,17.98032199453551,18.499999999999993
10.280453142189959,17.874213826651875,18.500000000000004
8.921095442343102,17.9894001363631,18.500000000000004
9.08747115451918,18.02626843141722,18.5
9.741028679249094,17.886019945267204,18.5
10.156918657097478,17.91544671382012,18.500000000000004
9.22374486339286,17.924679620983778,18.5
9.315642504618204,17.7107790162394,18.500000000000004
8.873397891432928,17.55095818231653,18.5
9.102793860373303,17.582854970695323,18.499999999999993
8.777144541315952,17.50722295788785,18.5
9.202824497182894,17.659543285917223,18.500000000000004
8.985818809470166,17.540627539548193,18.5
7.839305718075985,17.465982846215816,18.5
8.394990273478298,17.51263013649655,18.5
8.917423526381423,17.485375366494225,18.500000000000007
8.51296838895742,17.455451375983525,18.500000000000004
9.007822844420204,17.511317103645275,18.499999999999996
8.970165267422683,17.59318486398988,18.5
10.075530930617367,17.83563883461248,18.5
10.240114305027033,17.76221332409613,18.500000000000007
10.126548173245295,17.78906362286301,18.500000000000004
10.057096215163622,17.84647171776724,18.500000000000004
10.027448606005242,17.838277070199663,18.5
10.042254256576099,17.79568747177617,18.499999999999996
6.496508095508278,27.12109573680844,18.500000000000004
6.565620189743776,27.09586640622974,18.5
6.553532830416848,27.054268109990808,18.5
6.48004580963511,27.34715292414658,18.5
6.4223433628380455,27.405989690212973,18.5
6.416200889469591,27.510329500666266,18.5
6.7011467294143126,26.927822037985056,18.500000000000004
6.693364632753388,27.093139075419295,18.499999999999996
6.774312929581058,27.033029215274812,18.500000000000004
6.851405292165783,26.91977910024245,18.499999999999996
6.704717039429979,26.79980900504672,18.500000000000004
6.776903471909094,26.95030847199738,18.499999999999993
6.688910852870317,25.934027455652803,18.5
6.75044508675312,25.95670966561107,18.499999999999996
6.688820540507516,25.758093046026683,18.499999999999996
6.7939615915809455,25.28382866375674,18.5
6.781220918587411,24.93480123705769,18.499999999999996
6.787151777285303,25.01323746887172,18.5
6.732102517591559,24.69712228304052,18.5
6.793029354719213,25.099496085618306,18.500000000000004
6.8180132633375665,24.616518897950478,18.499999999999996
6.829060055884354,24.607391410794705,18.500000000000004
6.842102541588473,24.58198393080264,18.5
6.726506754005352,24.374551291695848,18.500000000000007
7.33551085779967,23.436036324319918,18.5
6.966552254165313,23.421737386980556,18.5
6.742538243127688,23.089633040701077,18.499999999999996
7.259805979994429,23.316664584805668,18.5
7.506620571917088,23.57473832887065,18.500000000000007
7.258125628573551,22.586392196984832,18.499999999999996
7.062367233261293,21.574795894383314,18.499999999999996
7.193245234958649,21.727533796385366,18.5
7.265818435574663,22.94203485423775,18.5
7.252852225884732,22.53364641319741,18.5
7.15403152774573,22.87391108297901,18.499999999999996
7.189880399991083,23.176173541039933,18.5
7.293241623575269,23.286604575251495,18.5
7.09686418640325,22.206378872820768,18.5
7.214488048725873,24.340409511161898,18.5
7.045476104038736,22.79772325370016,18.500000000000004
7.239191941726941,21.737047230757714,18.500000000000007
7.091433096471475,22.986186999510977,18.5
7.26098100357017,21.46598596155857,18.5
7.2970512793740445,21.070678070336918,18.499999999999996
7.422160165485292,21.770100611396884,18.499999999999993
7.457778865214167,23.25040776082135,18.5
7.09238761319722,22.596677976786292,18.500000000000004
7.092175363215732,21.814109580540787,18.5
6.698614803513138,20.659462284940943,18.5
6.900873960046148,18.690198657840533,18.499999999999996
6.965636166451273,18.77824705422571,18.5
6.700521959309495,18.876043272674444,18.499999999999993
6.753889290941238,18.914705782617563,18.499999999999993
6.645955189163639,20.284328425962503,18.5
7.081459140337847,18.980421645557097,18.5
6.962721404400483,18.8095593680166,18.499999999999996
7.227134073507859,19.014699270343034,18.500000000000004
7.1464739147115175,18.761784665223463,18.499999999999996
6.961360700343524,20.150916821086746,18.5
7.257338270629157,19.177030712864735,18.5
7.651972414379016,18.56162629662113,18.500000000000004
7.527693472586904,18.792623724655957,18.499999999999996
7.213522669441526,17.98814008677939,18.5
6.960307819074284,19.309021213107187,18.499999999999996
6.877092620311828,19.156177677096593,18.5
7.070549750950836,18.54614868534786,18.5
7.926215185983848,18.0546442045543,18.499999999999996
8.014412794542897,20.29523751014863,18.5
7.786329970840245,20.417407605779346,18.499999999999996
7.24197052767464,17.739965791111448,18.499999999999993
7.227389290245563,17.789625967265092,18.5
7.226024085333129,17.973034851851068,18.5
7.240687039125381,17.880182434413182,18.5
7.31323181077902,17.461409140707882,18.499999999999996
7.120862042544391,18.30188616283186,18.5
7.404313014273219,17.429465422080956,18.5
7.303648475593671,17.355033540948842,18.500000000000004
7.409017352958737,17.3234657413023,18.500000000000004
7.250585725678879,17.548271401176606,18.500000000000004
7.277321290097949,17.43168589034208,18.5
7.168433353621371,17.457615180452034,18.500000000000004
7.312956342350045,17.422308946818035,18.5
7.409936826393278,17.48744632503618,18.499999999999996
7.358490661955699,17.4372704784415,18.5
7.557586934566478,17.34021600376313,18.500000000000004
7.5233347312180765,17.36686417463634,18.5
7.538104665795609,17.332552204867962,18.499999999999996
7.558891528825002,17.352680268848506,18.500000000000007
7.472461617294282,17.340753252777127,18.499999999999996
7.559909137301479,17.36898212940865,18.499999999999996
7.488580428332857,17.41169867998225,18.499999999999996
7.4112462565564226,17.39955660849969,18.499999999999996
7.07039276649664,18.390507833526407,18.500000000000004
7.269020091768664,17.65363892562889,18.5
7.597960247959232,17.422145394093093,18.500000000000004
7.401420748941443,17.523276169637853,18.500000000000004
6.541589269559055,19.992776597189792,18.499999999999996
6.6232960122255555,19.432769102446024,18.499999999999996
6.868693776762136,18.722524782332762,18.5
6.719987967520358,19.76485189123078,18.5
6.440158911247897,19.875608574209082,18.500000000000007
6.524103018665636,19.593204895687762,18.5
7.361446804330042,19.35500686619385,18.499999999999996
7.402916794917593,19.12577523869455,18.5
7.566363892417684,18.922246636485614,18.499999999999993
7.404694803576884,18.7428421778018,18.5
7.581742524310162,19.577356804173778,18.499999999999996
7.412105703847742,19.26779309121643,18.499999999999996
7.3524174696225595,19.452149092774533,18.500000000000004
7.8939697655533,18.64495271848671,18.5
7.514176566979328,19.105934106358244,18.5
7.255455569369022,19.808888441263342,18.499999999999996
7.558550496890793,20.245628303499167,18.5
7.742306800068318,19.421571814391246,18.5
7.623083379370861,20.085235294371515,18.5
7.046536742207774,20.102126953411304,18.499999999999996
7.035347251485931,20.385016007408893,18.499999999999996
7.221556876270178,20.03371730195311,18.500000000000004
7.410784890983358,19.47734839617367,18.499999999999996
7.4196952841060675,19.56457200747303,18.499999999999996
7.383722308883026,21.85792755872744,18.500000000000004
7.56376020617131,21.355314633683548,18.500000000000004
7.46672837228358,21.344057368483817,18.499999999999993
7.541559957608287,20.924089003887048,18.499999999999996
7.460316481792864,21.291614053475207,18.5
7.367167029978585,21.04999818602435,18.500000000000004
6.722001862137986,25.01707326504641,18.5
6.8093923204503275,24.921684331391006,18.500000000000007
6.643788635819781,25.261357864948774,18.5
6.946657780334445,24.57749765275356,18.500000000000004
7.113189171838585,24.441286459288325,18.5
6.84697074855504,24.593246153587934,18.499999999999996
7.612908715298266,23.15974696755341,18.5
7.324660306933763,24.222751879816375,18.5
7.367146281537924,23.822236713319263,18.5
7.225297119871102,24.54151263181682,18.499999999999996
7.150379495225158,24.917384844450655,18.500000000000007
7.410184407735963,24.278110803684623,18.499999999999996
6.618709432788671,26.434908807723414,18.500000000000004
6.452294917363867,25.999253158733644,18.499999999999996
6.654240280847022,26.363844134443863,18.5
6.511988697663325,26.072443811019557,18.500000000000007
6.443373919843222,26.029283984214214,18.5
6.590348734787485,26.08983500105041,18.500000000000004
8.502199888059375,26.142255751690637,18.5
7.398540697359861,25.885499502797217,18.5
7.438209580219743,26.5098423488377,18.5
7.507837771106586,27.049518753197432,18.500000000000004
7.269128635506022,26.308550477562733,18.500000000000004
7.566915563001421,26.54199899947566,18.500000000000004
6.803252543967985,26.892934429904706,18.500000000000004
6.637969010698702,26.54670596150684,18.5
6.646577890753212,27.589774582474686,18.5
6.596647317798498,26.952427671261752,18.499999999999996
6.6856792280869515,26.743642422680228,18.499999999999993
6.79524291050781,27.14698000481761,18.5
7.727534600490329,27.35101870653152,18.5
7.640697669585093,27.779059159769798,18.499999999999993
7.625621901475995,27.39697437624424,18.499999999999993
7.3298229814027875,27.125795833027162,18.499999999999993
7.077778516525624,27.320626886094566,18.5
7.673615165378998,27.382354316829993,18.499999999999993
6.575086832703029,27.193355976469565,18.5
6.400921779799273,27.925010793399952,18.499999999999996
6.398043597931308,27.75555492962446,18.5
6.335841812308127,27.82360950193968,18.499999999999996
6.6531398709321685,27.22042201660536,18.5
6.715795923671928,27.56120187036553,18.499999999999996
6.942840602745622,27.808572578478746,18.5
7.100357520345995,27.136724566168745,18.5
6.955804533519239,26.776554205955822,18.500000000000007
6.671552089536416,26.386182987937563,18.500000000000004
6.915097503009833,26.983840123537625,18.5
6.787297550435167,27.599435939108755,18.5
6.56200963135569,27.259703591327337,18.500000000000004
6.314804239784043,27.598387896668154,18.5
6.66008247894111,26.850091937406546,18.499999999999996
6.689892232773659,26.811352348705732,18.499999999999996
6.761148182194439,26.844954453289677,18.499999999999996
6.751717218660675,26.79516962701557,18.500000000000004
6.988988902357829,27.8633077845347,18.500000000000004
6.528579047732183,27.932573830081274,18.499999999999996
6.966483379887651,28.185911612890045,18.500000000000004
6.72492299987604,27.745114107664406,18.5
6.421086904919195,27.75053027368189,18.499999999999993
7.090750966631936,28.33190157291803,18.499999999999996
6.7112691422218775,28.030404403680006,18.499999999999996
6.3347324644015455,27.64489511219197,18.499999999999996
6.387785676128019,27.812237539450557,18.499999999999996
6.40288519550795,27.77222552582199,18.5
6.33642640633338,27.673682793889505,18.499999999999993
6.333066104309984,27.73877817314217,18.5
6.974112137138675,28.334879995787517,18.500000000000004
6.775415729076949,28.141412304539248,18.5
6.560179130051613,28.04605146161553,18.500000000000007
6.492907345578021,27.894184535803934,18.500000000000004
6.493756265070654,27.80022041150903,18.499999999999996
6.563530338804833,27.96769537469901,18.5
6.740222281572119,27.872910775548746,18.5
6.694941219702278,28.023596611973556,18.500000000000004
6.470599162020641,27.94980013644388,18.5
6.404921869570371,27.936903418473474,18.500000000000004
6.407905759328699,27.774317764070695,18.499999999999996
6.490156619655258,27.58196398294251,18.499999999999996
8.769950819831053,17.640140721881917,18.5
10.15790124657753,18.061360445954087,18.499999999999996
10.111757431977159,17.952720872159325,18.500000000000004
10.122185375508094,18.006374010962897,18.5
10.301404807525852,17.99734278294486,18.5
9.884695591174815,17.977819425379085,18.500000000000004
8.528304624128475,17.511076390057625,18.5
9.541328607586479,17.655456365236713,18.499999999999996
9.62689021815988,17.718709521894517,18.5
10.26117048614701,17.7950162532592,18.499999999999996
9.25459140935052,17.46266876786944,18.500000000000004
9.93605930690526,18.036227408571673,18.499999999999996
9.843885666315174,17.984290799172374,18.5
10.04860352064483,17.95055775877555,18.500000000000004
9.750580964602857,18.230610104266535,18.5
9.839020648948809,18.00903165298029,18.499999999999996
9.990005516771644,18.07255627224136,18.500000000000004
9.62030590962934,18.029427426018252,18.5
9.339936568105514,18.049074138895566,18.5
9.778750953067417,18.147377922430334,18.5
10.087819611275313,18.17159838298256,18.5
10.10193879891655,18.170417440441934,18.499999999999996
9.970597373567278,18.07339247381078,18.500000000000007
8.875133256446942,19.130932082749315,18.5
10.74694647980655,20.796347425549644,18.500000000000004
11.310593946836239,20.926192360302295,18.499999999999996
10.521046948811565,21.5130948946945,18.5
11.239412868363061,19.713387766495536,18.499999999999996
10.288242875282048,19.197545014746996,18.499999999999996
11.428135065075425,19.176891466839372,18.5
10.561667481662322,20.31725527133679,18.5
11.228015754744305,20.86152860748899,18.5
11.28174066812152,20.998344976646134,18.500000000000004
10.9567149361122,20.218232542295848,18.5
11.240981548971918,20.375579738038912,18.5
10.798306098956521,20.12445413048941,18.500000000000004
10.078536587574666,22.921669970761748,18.499999999999996
9.897878624398619,22.79243143744236,18.5
9.533781391989303,22.629559206409567,18.499999999999993
10.503255323140504,22.90745230971992,18.500000000000004
10.093745355913061,23.011530997707833,18.5
10.05812445502942,22.6531193037196,18.499999999999996
10.942883368854721,21.443598468388096,18.500000000000004
11.23316940767872,21.501006216247006,18.500000000000004
10.876430022479237,22.109435358308797,18.499999999999993
9.55368789115702,22.603924793380997,18.5
8.7382432843112,23.607033990897378,18.5
10.105621768983887,22.421837734827676,18.5
10.83546661780016,24.07773262350365,18.499999999999996
10.388254175358174,25.184615951843647,18.499999999999993
10.58794097382832,25.16317231043411,18.5
10.288495181710028,25.075204843214333,18.499999999999996
10.507345058781208,25.241667664713646,18.499999999999996
10.013227063371684,25.25534814619483,18.5
11.911029344638939,23.63535322716149,18.5
12.091554939974797,25.460888300776826,18.5
11.496980037292353,24.576740677401354,18.5
10.968840341532205,25.437434609003933,18.500000000000004
11.721188465531213,25.02643665362042,18.499999999999996
10.970027674181779,25.073057715895622,18.500000000000004
9.00598872394938,22.46851099513759,18.499999999999996
8.034196180879949,25.819615183586254,18.500000000000004
8.982618248713864,25.306462012514288,18.500000000000004
8.646711062490168,25.107132162543223,18.500000000000004
9.50779574170696,24.516514352309027,18.499999999999996
8.352180173540479,24.63427254033389,18.499999999999996
8.738679563072008,24.92130358648161,18.5
10.234416933021969,25.10233501855844,18.500000000000004
11.412684512533515,25.870709474260398,18.500000000000004
9.825900648155876,24.79472258648912,18.5
9.857534109607961,24.7890681331985,18.5
9.991196478077189,24.374861302075416,18.5
10.605887651943984,27.89858812482067,18.36065655808883
9.540951211397122,28.083430712211477,18.208449700504993
10.805496060782538,27.95989009824011,18.22010280094163
10.865136913081129,28.001146184590954,17.93787551059532
10.677811718537404,28.086982319089763,18.219725652862245
9.368223292144355,28.190067066844716,18.5
10.571884515278589,27.889179017857668,18.5
11.35464030570531,27.364862156267886,18.3654815274797
10.54908515620968,27.492987579709744,18.5
10.791893883582983,27.697086368607337,18.500000000000004
10.027896556804095,28.539072564114466,18.227215061467106
10.591147507076926,28.329429318689076,18.21496075756776
7.8840851561621035,28.57324883433849,18.5
7.743424979898175,28.48775268422113,18.500000000000004
7.783920263133209,28.559388208165394,18.499999999999996
7.659584191282265,28.570663983299067,18.499999999999993
7.469878545614312,28.466855457963423,18.5
7.278675636534533,28.48459389288373,18.500000000000004
9.13121120610168,28.727742639240503,18.5
9.005698486559922,28.70640501481065,18.5
9.548815362347389,28.75395555335103,18.366792048111876
9.360504705447676,28.765078745519578,18.36893410747172
9.865390820539542,28.564025081322708,18.07765479698138
8.880045325238186,28.76547347451142,18.5
9.748160185895783,28.12978702683704,18.500000000000004
9.075418632358048,28.55069293076869,18.499999999999993
9.21559666204138,28.30656841273062,18.5
10.369354903449349,27.981598315945252,18.36030728653794
9.950978222223437,28.081105159072933,18.500000000000004
9.904666166004578,28.292214716692442,18.5
11.408424518985719,27.25618784061582,11.1
11.218259709544084,27.814335533643142,11.099999999999998
10.19864130254979,28.216964974267338,11.100000000000003
11.700230203714082,27.74007311560295,11.099999999999998
12.186205133668766,27.244386864234603,11.222603033084653
11.374724439038527,27.915865659094543,11.1
7.75246945621967,28.236498338270096,11.099999999999996
7.673300579708395,28.5585672959385,11.1
8.80258717587665,28.468310515868886,11.100000000000001
7.5962175259415,28.484150210606156,11.099999999999998
8.26868820885535,28.250302046135545,11.1
8.450381615690722,28.431233664752625,11.1
6.282272654944744,28.50029007646296,11.100000000000001
6.167068659435294,28.422787829489266,11.100000000000001
6.106891280737356,28.46804982476276,11.099999999999998
6.103372638539174,28.261681974216856,11.100000000000001
6.234891925923503,28.527014725185115,11.1
6.678767306389311,28.442898344122533,11.099999999999998
12.429765673459626,26.838624814114592,12.529875491488458
12.002414353773263,27.49787126237794,11.473253802498338
11.593739152543945,27.595176923196973,11.100000000000001
12.235520541568048,27.330156271039428,11.479565903381046
11.790637278542667,27.53196476960208,11.100000000000003
11.898033986587658,27.45604646609101,11.878243251320757
8.718861821029304,28.13557525166394,11.100000000000001
8.35152235086814,28.076633175794388,11.099999999999998
9.146093750448253,27.19549747534765,11.1
8.307360164896963,27.562438516931206,11.100000000000003
7.531406335990681,28.006923931056065,11.1
8.713699851280014,27.633637454515004,11.099999999999998
6.407770461645022,27.384660144179037,11.100000000000003
6.8835828567531845,27.110821081851554,11.099999999999998
7.793135376499766,27.53609282377784,11.100000000000001
7.12091710291467,27.06244603198162,11.099999999999998
6.778334732642619,26.637833640867402,11.099999999999998
7.107383805140722,27.38453786316286,11.100000000000001
12.668928020566526,24.70689463934196,11.100000000000001
12.258770829801861,24.324680653637405,11.099999999999998
12.746611917538647,24.108901502279224,12.272388070400188
12.676178501543632,25.76095215649925,11.607101068900974
12.677651551339311,24.522168756982566,11.1
12.605888338509398,24.076938574758607,11.705321554705549
8.362994033110125,24.860726035610774,11.099999999999998
8.058663743596943,25.38802744511681,11.100000000000001
8.363186169334227,24.053462177755637,11.099999999999998
9.815542176089252,26.196796323143683,11.1
8.639503202797039,24.865025187061132,11.099999999999998
8.761410167060694,25.634063072562906,11.099999999999998
6.92232102296021,22.13300301446029,11.100000000000001
7.186737030529835,24.392664440805373,11.099999999999994
6.897236204996355,25.268123287177612,11.100000000000001
7.850780211450704,24.92125958261389,11.1
7.553690762240699,23.598644587364014,11.099999999999998
7.437573757627495,24.825196175211534,11.099999999999998
12.90445788,23.644584174528614,13.345047404842674
12.609144757587861,24.078103387490682,12.076907483892786
12.831823641197293,23.214108841585162,13.118048798286608
11.567461053558814,23.848376799034437,11.100000000000003
12.153888705335973,23.507080738778207,12.087736816868562
12.67550357216486,23.92068368403014,11.694367911020858
8.85047625435422,23.078451097934455,11.099999999999998
9.262313732168991,23.418587168048575,11.100000000000001
9.37430375794088,24.209598062273805,11.1
9.102254879295648,23.620755647369347,11.1
9.890170594515155,24.056423880911687,11.100000000000001
9.217858121467264,24.16804525127215,11.1
7.451904897742328,23.035522797058285,11.1
7.91344951390392,23.74127275081829,11.1
7.915172877669954,23.644179622531002,11.1
6.70684238087716,24.502202050772315,11.100000000000003
7.167589823542329,24.448679447132566,11.099999999999998
6.569010084196892,24.515437213783358,11.099999999999998
12.350151000128506,23.462320025007074,12.609752773534124
12.0468218841719,22.266967554082985,11.525926855419739
10.947243903838158,22.609358061336913,11.099999999999996
12.491719088840748,23.756581747940473,13.079870515162629
12.191916776472363,20.884268270642835,11.221250053184257
12.500618092002497,22.16828926845757,12.07489314319591
9.264632258041807,22.24451799702426,11.100000000000001
9.895256925448024,22.939736632291314,11.1
7.946839090496319,22.181863853204675,11.100000000000001
9.567523530307495,22.728046401519872,11.1
8.232669448368103,21.52192194508486,11.100000000000005
7.429408729346463,20.65479343991794,11.099999999999998
8.917446580198968,23.241915636219705,11.100000000000001
7.888954782750777,22.78032567766196,11.099999999999998
7.721244444823695,21.675146858363785,11.100000000000001
6.431170966568516,22.938124970563127,11.099999999999996
8.231885841081155,22.380613369891513,11.100000000000001
6.699477778009187,21.792120139375072,11.100000000000001
12.763704040364384,19.98694801247162,11.100000000000001
12.686225975567918,20.37205558089168,11.596822574657933
12.285807143028382,19.322573007974118,11.099999999999998
11.8218114820881,18.758852884232354,11.100000000000001
11.921873109846043,18.913621228284867,11.1
12.008573510522806,19.02151546793298,11.100000000000005
11.404142863340509,19.53568596471904,11.1
10.429688276659856,21.289907709027712,11.100000000000001
11.24359157553376,19.11590570507182,11.100000000000001
11.176457057035636,20.55758406349364,11.1
11.571351896722774,20.461771591257413,11.1
11.336543666780393,21.108449607464625,11.099999999999998
7.363186375460076,21.116073423527272,11.1
7.634693075746071,18.923833460072878,11.099999999999998
8.08649692919738,20.473842749426662,11.1
6.673381308591331,21.128848471679934,11.100000000000001
7.1315431564053,22.769269732070683,11.1
6.565252877156408,22.123136504517372,11.1
10.430061908947977,17.470313912387347,11.100000000000001
9.942930580845816,17.349949910453063,11.1
10.271219648493641,17.40379548560246,11.1
11.236904277215777,17.96378883440305,11.099999999999998
10.209419704904272,17.489683404727312,11.1
10.020660224921194,17.33312350306637,11.100000000000003
8.611210191158714,17.31580871636,11.1
9.747862124133212,17.87117333686252,11.099999999999998
9.511926091196571,17.95367880301272,11.100000000000001
8.877480381505293,17.23776441243731,11.099999999999998
9.328304202428663,17.842585687959563,11.1
9.052501374249266,17.207674203292346,11.099999999999996
7.743960348077887,18.703017494948018,11.099999999999998
8.317587986011821,17.486686507290393,11.1
7.9948025668294775,17.953280433255316,11.099999999999994
7.771447732597293,17.760822763954003,11.1
8.018526957013236,17.840020414733562,11.099999999999994
6.900916569028415,18.79018615173075,11.1
9.921894167494738,17.29962993179503,11.100000000000003
9.883158475890852,17.31796685390834,11.100000000000001
9.766282914405988,17.319421873655095,11.099999999999998
10.592560211884384,17.96800607889713,11.100000000000001
10.247035743173022,17.508935231160418,11.099999999999996
9.841061736626498,17.268085782353882,11.099999999999996
9.427510712189683,17.207037431839986,11.099999999999996
8.725584243036424,17.28760743416382,11.100000000000001
9.41212709482175,17.205056470930355,11.100000000000001
9.48621714479778,17.197233164381426,11.099999999999998
9.520894536359675,17.204614358380265,11.100000000000001
8.818663891480323,17.14888318988154,11.1
8.388425777892333,17.12032473065991,11.1
8.165546724707816,17.19436764560983,11.1
8.144504090127898,17.16357905234917,11.099999999999998
7.871651530153618,17.392157377352557,11.1
8.507665459452642,17.13355676226316,11.1
7.9604425396439185,17.497440725862067,11.1
7.768530560483264,17.25684784816021,11.100000000000005
7.723709748998912,17.23492731143027,11.1
7.543490596258973,17.271067487069235,11.099999999999996
7.398879690241369,17.4996537167749,11.100000000000001
7.576802771784262,17.572602093168076,11.100000000000001
6.636014308217473,17.92147780335604,11.100000000000001
8.642866486716548,17.286222929936578,11.100000000000001
9.139921655174387,17.163161861611822,11.099999999999998
8.658196681880709,17.327394655986165,11.100000000000001
8.82160972751037,17.19269135870274,11.099999999999998
9.138524884678382,17.162983043105516,11.100000000000001
9.006286977533227,17.157749140393058,11.099999999999998
9.789475751394146,17.264447667075473,11.099999999999996
9.673477449286695,17.2277974222633,11.1
9.845385057538733,17.31404989619235,11.1
9.20706822478944,17.121651152785457,11.099999999999998
9.33939212448344,17.195028643313638,11.100000000000001
10.14144690318404,17.379078802066772,11.1
7.716757770282889,18.52486197824611,11.1
7.405941032872567,18.992173410691414,11.1
7.486338403669813,18.221061764580977,11.1
7.537206801991682,18.050420987954862,11.099999999999998
7.469390792982169,18.18189183108136,11.099999999999996
7.862228236239323,17.954738770021162,11.100000000000003
8.656234074818993,17.332846899743803,11.1
9.620165574822689,18.065528280026598,11.1
9.558717377497175,17.97617803869793,11.1
9.662833766433772,17.824224493865113,11.1
9.69702008927203,18.22102458348804,11.1
8.661403224562712,17.473195323793878,11.100000000000001
10.782920146218311,18.230471834388723,11.1
10.326368053780294,17.910839155023716,11.100000000000005
10.324951425381126,18.124029551001456,11.1
10.246280414233187,17.922630507174695,11.099999999999998
10.28695268019413,17.730319892531227,11.1
9.232666124259463,17.32623371226776,11.100000000000005
6.32974076034859,21.501378148950774,11.1
6.644391440523383,20.609381619514007,11.1
6.61404731624926,20.451740486261347,11.1
5.9200110899268505,21.776459436766128,11.099999999999998
6.317027570303385,20.22095690787539,11.099999999999998
6.45609778928648,19.7593997218671,11.100000000000003
7.846965269706248,20.279912703439518,11.1
7.30858773410703,21.142133331253994,11.1
7.013659735912266,21.91603930274695,11.1
6.8213247893146125,22.611616369996934,11.099999999999998
8.360808768299904,21.217555845574598,11.1
7.502336642674974,21.909875814393768,11.100000000000001
11.542460164508693,19.35510693039242,11.099999999999998
11.649562503045566,20.625853005414488,11.1
12.195340392248097,20.58193815595234,11.100000000000001
12.276683393708756,21.244467224701186,11.1
12.139411224983323,20.783612934408033,11.100000000000003
12.289305916565667,20.638648252981536,11.099999999999998
5.583149492425616,20.389782055309595,11.099999999999996
5.577680903973574,21.39043282971137,11.1
5.487620428587416,21.409555008390285,11.100000000000001
5.66845830728172,21.663868675274912,11.1
5.641555690800096,22.642013108336602,11.099999999999998
5.4053066847010065,22.611167622234117,11.1
8.203130927595225,23.064038966404446,11.100000000000001
7.753352093195275,22.820739416718215,11.1
9.755321064034376,24.44797909961693,11.099999999999996
7.931931557816168,22.865753322834824,11.100000000000001
8.63756537187523,22.224742097970537,11.1
7.853282425206192,23.485381045867904,11.100000000000001
12.428611467397841,22.452597949276182,11.099999999999998
10.841883172830988,23.034738530677437,11.100000000000003
12.14503321438863,21.733818527835524,11.099999999999998
11.73264654362685,22.326372850228104,11.099999999999998
11.88283341337273,23.0289703566798,11.099999999999998
12.19505004206708,22.277554030752786,11.1
6.7743091493970375,24.349477820040793,11.100000000000001
6.261084630998369,24.236522936777213,11.099999999999998
6.61244137245614,24.421490677432576,11.100000000000001
6.2540109242127135,24.51215474035299,11.1
6.53247934633699,24.565906335873983,11.099999999999998
6.607621620696774,24.219955456809874,11.1
6.886217964270392,23.494033803616485,11.1
7.414780406765023,24.333550287649157,11.1
7.007144241114494,23.747609743205857,11.1
7.666667639625237,23.968549449049995,11.099999999999998
7.315626409084586,23.759450245107292,11.100000000000001
6.309722810251518,23.62340323119182,11.099999999999998
10.720649666723824,23.422497062703478,11.099999999999998
12.066174018449983,24.392058801214255,11.1
11.881638078424661,23.56559682878983,11.099999999999998
11.48862991173134,23.387021465441325,11.100000000000001
11.739517811529598,23.4386823517869,11.100000000000001
11.222465725558095,23.742930952179915,11.100000000000003
6.058905087890954,24.20067222063918,11.100000000000003
6.551825899896697,25.512766554665465,11.099999999999996
6.081899947581589,25.253965571776153,11.1
6.903340812914199,24.472096799331446,11.100000000000001
6.188293232179402,23.56997350002489,11.1
6.437006941144188,26.61582520255131,11.100000000000001
8.116571823575205,25.16341234482926,11.1
8.360299760229564,23.86906791118487,11.100000000000003
8.65180242840907,24.089397182562145,11.099999999999996
8.209236451981631,23.79569635929983,11.099999999999994
7.646957222576444,23.203222179074956,11.099999999999998
8.504617240187644,24.753235626739812,11.099999999999998
11.879001403038773,25.99986373921187,11.1
11.84635642293437,25.728865614588866,11.100000000000001
10.96066882107737,23.83289297783359,11.1
11.803507122549744,24.637701590868534,11.1
12.363640772237007,25.45907209804444,11.100000000000001
12.203341066599142,24.202853702351998,11.1
5.9627734061167255,26.35485224755332,11.099999999999998
5.939860445664075,27.48658973110722,11.100000000000001
5.757369352770127,27.770432993253323,11.099999999999998
6.280037172277977,25.968041083067742,11.099999999999996
5.786217186353929,27.83953771100147,11.099999999999998
5.084494324523631,26.96042774647505,11.100000000000001
7.364360427209338,25.758090948061408,11.100000000000001
7.149192453673002,27.016026950615302,11.099999999999998
6.356337297230981,27.538794639253553,11.1
6.78032023000523,27.009234192018422,11.099999999999996
7.7000629241436105,27.268398937613682,11.099999999999998
7.446751738704414,27.531203172456085,11.100000000000001
11.667499559720351,26.906365289508557,11.1
11.853280950879174,26.365675959003656,11.099999999999998
12.101690155763174,26.96355240146687,11.22018567054947
11.28973038259413,27.551884860971754,11.1
11.2659515925953,27.2572866147571,11.1
11.379928136535007,26.940354520564025,11.1
5.684620180171593,28.27158802581057,11.100000000000001
5.384954760038221,27.849917516048443,11.099999999999998
5.268178075046571,27.428155273679128,11.100000000000001
5.742522027095299,28.291810562403356,11.099999999999998
5.330763844738848,27.79354008067299,11.100000000000001
5.582271287567789,27.930686373953943,11.1
6.258737842378919,28.168964196816226,11.1
6.534122023632868,28.18595288111887,11.099999999999998
6.275086631789964,28.093057468194285,11.100000000000001
6.433187281945009,27.879324612435074,11.1
6.784205765661392,28.598310716236252,11.099999999999998
6.536735984907676,28.08516715588952,11.099999999999998
11.51595398190434,27.53494400794005,11.100000000000001
11.484202302692502,27.658062031794955,11.1
11.914869358331263,27.515487423377632,11.1
8.731423085531441,28.423135258432385,11.099999999999996
10.492178401653376,28.095899373616977,11.1
10.458521167805735,28.164909216566166,11.1
11.179204889532171,27.88528961462543,18.499999999999996
10.962825084956178,28.218543652762186,18.228939931007027
11.239911119471643,28.003511992195246,18.226783082108277
10.810782375866205,28.18927116226124,18.499999999999996
10.280834203264352,28.321592984760066,18.500000000000004
11.716018569892393,27.840390475061902,18.248482121033273
7.365488506270249,28.590641502207408,18.5
7.014238493591077,28.587611703962807,18.499999999999996
6.963078791573329,28.52642420216528,18.5
6.989048718742327,28.4807987366399,18.499999999999996
6.708741209381868,28.401894048699006,18.499999999999996
7.093065281499081,28.539327624253822,18.5
7.62367552923522,28.559915277565302,18.500000000000004
7.535211394781604,28.663502059774533,18.500000000000004
7.367408871221533,28.63116271208814,18.5
6.8895173431725105,28.64100434373772,18.500000000000004
7.48523894174605,28.62589568576796,18.499999999999996
7.118985294585553,28.675472264984133,18.5
12.43728506373451,27.46137824068421,17.194177781780585
12.110198464450656,28.086938098911254,16.630163944784904
12.199335931152778,27.53417599977776,17.539220970113405
12.127558297569323,27.95998711892991,16.629273945337523
11.857625471107655,27.676257272091995,18.2265291701367
12.081456666634038,27.601056092024752,18.10917150507921
8.012448010006363,27.669845938637362,18.5
7.295277768240157,27.406038807033436,18.499999999999996
7.641679690293326,27.510211789005673,18.499999999999996
8.089649733182641,27.39267114456009,18.5
7.714527144687336,27.603122601726177,18.5
6.948832233578308,27.479388992958974,18.499999999999996
7.937012125872853,28.20762849538963,18.499999999999996
7.585728050404884,28.27925025099628,18.5
7.940229532058324,28.187982056984488,18.5
8.02786881330827,28.39055927638575,18.499999999999996
7.952336439147398,28.254936879573435,18.500000000000004
7.148097541989408,27.847530980387777,18.5
11.981132264029247,24.717116043076633,18.500000000000004
12.42988508750144,24.965156568840325,18.37585603144466
12.20100285840019,25.195225604767735,18.5
11.469112473003255,24.396558195743005,18.5
12.143556594198289,25.551379832525953,18.5
12.532251578102466,25.33055196315829,18.109964321157612
8.37936052311152,25.33975064691204,18.5
8.37595792328725,24.223196431074605,18.499999999999993
8.290167063049568,25.664696329799494,18.499999999999996
9.199101502201584,24.794945064249564,18.499999999999996
8.696775373513884,24.082621666994882,18.500000000000004
10.481494696503178,23.297794765034713,18.5
7.107690463351834,25.35900954159948,18.50000000000001
6.635943614906377,26.615532257668143,18.499999999999996
6.441443342306025,26.439585827186484,18.5
6.579318577671428,26.732224108829847,18.500000000000004
6.481112719813508,26.38160471642318,18.499999999999996
6.848484504515892,25.581455526399377,18.499999999999996
12.261481275617623,21.242490332287023,18.500000000000004
12.504014636648208,21.779683617954493,18.371505366759123
12.569295626477313,22.869487749267936,18.223765995876317
12.825528031693139,22.877326218087934,18.233007628487883
12.750560959705338,22.49035093220386,18.092802064245962
12.746474879760816,22.29306352797893,17.792994211926217
7.845716410733886,23.69014599018936,18.5
6.932364073300741,24.39465950113406,18.5
8.42064333461414,23.966206509687897,18.500000000000004
8.18804914747322,23.979571071108573,18.499999999999996
7.9635132829122215,24.25471662833465,18.500000000000004
7.145137120575456,24.441684590813857,18.5
8.222134136990434,23.96075051684015,18.499999999999996
6.986532978131129,24.107093330782792,18.500000000000004
7.965711045264019,24.308707177257496,18.5
8.956472012686634,24.46445068237436,18.5
7.550187734463303,23.617549014265474,18.499999999999993
7.990720548750181,23.023053687895107,18.5
11.957625723855656,21.027566405352413,18.500000000000004
12.126629344084916,20.83963240209704,18.500000000000004
12.023280832378772,21.03333633824568,18.5
12.052375982526302,20.09332990056136,18.383727240998905
12.121934561783771,20.95038188560864,18.5
11.980823021694027,20.78851903876134,18.499999999999996
9.665083066975269,21.832477024526575,18.5
8.757209639551682,21.996063869051177,18.499999999999996
8.438044838913301,23.0710534830029,18.500000000000004
10.11727280500276,22.64383693407004,18.499999999999996
10.166223392627852,21.349696176387553,18.499999999999996
9.678221543209885,21.145960139166696,18.500000000000004
8.497680465735487,23.240781399660683,18.500000000000007
7.617268123186003,23.109691648083498,18.5
9.087234580745653,21.924634021515015,18.499999999999996
8.227372913936549,22.46546725046846,18.500000000000004
7.689071213225421,23.01080520797239,18.499999999999996
8.35843745036532,22.46771040663609,18.499999999999996
11.990989103466918,19.22398551205848,18.5
11.866198434690865,19.143744470899115,18.500000000000004
11.254816616784623,18.833226674184967,18.500000000000004
11.90115217839745,19.381444241413828,18.499999999999996
11.911653376824471,19.35671095517306,18.5
11.677398824478502,19.453587549802215,18.5
10.222233890306798,18.98635785537338,18.499999999999996
10.855439391875876,18.98477657111826,18.5
10.840573658327413,19.025029464186883,18.500000000000004
11.176134750552597,19.188314433093446,18.499999999999996
9.734096417525476,19.165423325954535,18.5
10.052407440574818,18.833304193640423,18.500000000000004
6.837894178937767,19.9489696350131,18.5
6.8221504406487465,21.018323205795113,18.5
8.320424284222126,20.244234068912125,18.5
7.751005425654816,20.617548619852776,18.5
7.821808108241821,20.575317022422873,18.500000000000004
8.208096115098769,18.905855428812448,18.5
11.883013305964658,18.732424821917974,18.5
11.919986012086115,18.861155851114745,18.499999999999996
11.998580244862357,18.789725423850584,18.499999999999996
12.01599484176837,19.53653239100057,18.500000000000004
11.842091979706865,19.15802437850281,18.5
11.969514109961418,19.187940960379606,18.500000000000004
8.401059857764665,18.070720019443257,18.499999999999996
9.899615355460929,19.17915671400985,18.500000000000007
10.92272962397935,18.624259200047643,18.5
10.37913955769166,18.972072036086544,18.500000000000007
8.990971025586374,18.160249459899507,18.500000000000004
9.52005676902508,18.568056379761458,18.5
9.6124327672229,18.73047118968563,18.5
8.240757655788594,18.073556861935938,18.5
9.332467961688083,18.497942331704916,18.499999999999996
8.905253020543533,18.387336426798306,18.499999999999996
8.391646074986111,18.05218169690836,18.5
8.587399655395332,18.43534012205574,18.5
11.269796666468576,18.31144603620016,18.499999999999993
11.1103835772211,18.216197217969842,18.500000000000004
10.958242526965552,18.315559065921587,18.500000000000004
10.71420612896987,18.25605264353806,18.5
11.048803579238138,18.38989579992067,18.5
10.773291305435375,18.17398759274307,18.5
9.163742585414921,17.884004416872312,18.49999999999999
8.758876982239327,17.84284190054162,18.500000000000004
8.413444722376095,17.4665977000697,18.5
7.431939700482887,17.421970967318966,18.499999999999993
8.435377634257405,17.549697640794808,18.499999999999996
7.723927535703401,17.349178171305134,18.500000000000004
8.536405088505504,17.745120611045518,18.500000000000004
8.610403424560081,17.725359376932,18.5
8.126647509840646,17.765525844793558,18.5
8.254374849696406,17.73967406316294,18.5
9.303811786567058,18.31633022607165,18.5
9.020411017421097,18.0503926188801,18.5
6.986746512467105,17.561944891766096,18.499999999999996
7.3739063965388665,17.77751911759821,18.5
6.423261322229753,17.453625673376752,18.500000000000007
5.592737635024214,18.253306851545496,18.500000000000007
8.169328784956406,18.744843014133163,18.5
5.027660070059845,18.661754642073518,18.500000000000004
8.005765888237876,17.584802665041593,18.500000000000007
8.332752153176841,18.078393157647113,18.500000000000004
7.940696938030014,17.67513782079974,18.5
7.893075011670178,17.393293439998285,18.5
8.045755922550914,17.470085746237643,18.500000000000004
7.855274900829413,17.51736566036161,18.499999999999996
11.500556948930868,18.48911198175772,18.499999999999996
11.06060560902418,18.77540548088389,18.499999999999996
11.32793952693145,18.969242581136886,18.499999999999996
10.573305245151914,17.964424439674875,18.500000000000004
10.843405025119443,17.989962964058943,18.5
10.235953464416987,17.97701052209984,18.5
9.172468964688381,19.014675191700533,18.500000000000004
7.80268616834787,21.294729074102897,18.499999999999996
7.859165095380334,17.998596538457377,18.499999999999996
7.140619391875671,17.606223288811847,18.499999999999996
8.171951137271826,21.032300876315205,18.5
8.73491389375676,19.478079487619194,18.499999999999996
8.8513594833755,18.534130730685405,18.5
8.100806091087719,18.28356850011549,18.500000000000007
8.399961829322134,18.936734935615444,18.5
8.302899725595196,18.266806509963608,18.499999999999996
8.580552662884655,20.20723069029298,18.500000000000004
8.538042631309887,19.080251765064848,18.499999999999996
11.331509899866246,18.482900655384306,18.5
11.433617635970279,18.330184379904413,18.5
11.915372701514247,19.923211206706785,18.499999999999996
10.809020466664489,18.274436214495257,18.499999999999996
11.614031119849596,18.498630872815994,18.5
10.834354247367056,18.2315288938263,18.5
8.156351339917276,21.589926972490314,18.5
7.7736036512477735,19.65409799864368,18.499999999999996
8.943465423104763,21.203458338683983,18.5
8.881764160050457,20.119147821601832,18.499999999999996
9.371925830347426,20.423690365786175,18.5
8.853721253766558,19.907044025636896,18.5
9.943536505329046,20.052871299707057,18.499999999999996
9.803395695752357,20.119383856525964,18.499999999999996
10.739042963165348,24.158506827381903,18.5
10.14062675973304,20.688618325022347,18.500000000000004
9.900907883783349,20.303469881049363,18.500000000000004
10.096908983210843,20.344425940847486,18.500000000000004
11.69113470782057,19.51699628958509,18.5
10.867527837819045,18.17737195494269,18.499999999999993
11.848104119804828,19.571782488587502,18.500000000000004
10.893588467439399,18.178665264579156,18.500000000000004
11.820449970911886,19.69121112897532,18.5
11.661526461122161,19.415615845706164,18.500000000000004
8.325681582759717,22.720809471229156,18.5
7.86078380269563,23.45055934109226,18.500000000000007
7.957877283964043,23.507677974007475,18.500000000000004
7.179574422598473,22.94089189396336,18.5
7.860384276875759,23.587622528874917,18.5
8.491508893947813,23.344713080789802,18.500000000000004
9.754964186197164,23.973782935992734,18.499999999999996
9.925638996768864,24.29181664809355,18.5
8.995778591180668,23.77808436243282,18.5
9.268859938768179,23.670756434565142,18.500000000000004
9.335265212469007,23.341950645851988,18.499999999999996
9.338239736401944,22.055523409580484,18.5
12.292968326830872,23.347439235853034,18.236600955319116
11.44759418686338,21.72755564504689,18.499999999999996
12.737490228499073,22.27425623960387,18.5
12.017845670499218,20.55244426810723,18.5
11.973892813948721,20.53075744625875,18.499999999999996
12.368607282301172,21.48109252345217,18.5
8.738911768379928,24.913453846442767,18.500000000000004
8.644733742548164,23.38335722322541,18.500000000000007
9.006103994192726,24.658696790579885,18.499999999999996
9.022918032818621,24.89256091353549,18.5
7.782024918837773,24.47978477291233,18.499999999999996
9.74317985562355,26.169847771228838,18.5
8.542239111194922,24.46831601200315,18.5
7.675916672063341,23.980498389188483,18.500000000000007
7.92113769782753,24.29561726993937,18.499999999999996
9.678115358886728,24.684215968572513,18.499999999999996
8.63786578714085,24.255039927320595,18.5
7.795875532353391,24.347286939985565,18.5
11.79940291926731,21.056249604986256,18.5
12.579763982532974,22.72115866844741,18.5
12.355336013353543,21.504424062424853,18.499999999999996
12.063296353294328,22.827741171859365,18.5
12.100312203383375,22.329439561096528,18.5
12.00812015370297,21.667543134630613,18.499999999999993
8.54552756891491,26.390833156748307,18.500000000000004
7.509577058253784,25.104126945751588,18.500000000000004
8.124014190122372,24.752826883888225,18.5
6.9407015132553305,25.207519245612936,18.500000000000004
8.238574066622578,25.59264515191435,18.5
7.410549280289339,24.70173937321915,18.5
7.143179246866318,25.045362910852027,18.500000000000004
7.639627096832177,25.17460783324702,18.500000000000004
7.4242231732120425,24.701473999783854,18.500000000000007
7.9768419600436005,24.992894273509023,18.5
7.767156803760837,24.8417359817007,18.500000000000004
8.478697274641618,24.625990612530867,18.500000000000004
11.17895527502258,26.016977341805916,18.5
11.390363801292537,26.245123447290432,18.499999999999996
11.83222735503801,26.266999361237417,18.5
11.961409207470243,26.404294844257027,18.499999999999996
11.389530422128086,26.20664218831693,18.499999999999996
12.016312379773915,26.965166970324873,18.499999999999996
6.384679442335737,28.193410854551157,18.499999999999996
6.465824335535824,26.401932847919593,18.500000000000007
6.490594453001932,28.369581087355865,18.5
6.516971954698055,28.214477834343455,18.499999999999996
6.846701727123083,28.63952320237671,18.499999999999996
7.153319931082121,28.559707583929974,18.5
7.020348345690618,27.3105207802426,18.5
7.9570505851738655,27.13794312398952,18.500000000000004
8.84846209734134,27.610269277929234,18.5
7.393806574610965,26.792172198822424,18.5
8.359524214639443,27.10843000044658,18.5
8.426338075025948,27.140466200789582,18.5
11.352910635968383,27.833377066410982,17.484917818240955
10.692324594874208,28.333287648875018,18.365278195494195
10.580651878947961,28.455564979880265,18.23317926786758
12.137653650596803,26.38664505438714,15.741593890185534
12.437128147378735,26.696199698816578,14.606784108424868
12.337357901603061,26.721706443916446,15.208796338171531
6.23975864523869,28.444016489438813,18.499999999999996
7.042194269238384,28.763451566095586,18.499999999999996
7.124750084406941,28.711828772225985,18.500000000000004
7.379670433686261,28.688160964763703,18.499999999999996
7.0951280806980535,28.697414813856806,18.5
7.046411245222631,28.720427888727837,18.499999999999996
7.440654284803768,28.6587591779301,18.5
7.142749133198567,28.520311917737743,18.5
6.956408843498781,28.565400437750625,18.5
7.566028736312927,28.559139983454504,18.499999999999996
7.241702608105452,28.526942463601713,18.5
7.503768149403068,28.529849589791016,18.5
9.89234793140445,28.557896660590707,18.499999999999996
9.584818306154634,28.692099015675463,18.5
11.782415633113384,27.90670501017441,17.989944183214146
10.943721269691734,28.10880706125602,18.368056163367633
10.939342297493523,28.297527264313455,18.237468544185088
10.910226687159328,28.163713928497625,18.5
