10.704771865609423,29.20753202,11.1
10.693855962940916,28.319929193565386,11.099999999999998
12.90445788,27.41942792,11.1
10.710757193174839,28.313044381228522,11.100000000000001
8.51491789,28.313636647617116,11.100000000000001
12.904457879999999,29.207532019999995,11.099999999999998
6.3169264925765125,29.207532020000002,11.100000000000001
6.316604423360184,29.207532019999995,11.099999999999998
8.51491789,29.20753202,11.1
8.51491789,29.207532020000002,11.100000000000001
6.320021489867918,29.20753202,11.1
8.51491789,29.207532020000002,11.1
4.1253779,25.631323810000005,11.1
4.125377900000001,29.207532020000002,11.100000000000001
4.1253779,25.631323809999998,11.1
4.1253779,28.31327803401006,11.099999999999998
4.1253779,25.63132381,11.1
4.1253779,25.631323809999998,11.099999999999998
10.71112040219106,26.52595940903487,11.1
12.904457879999999,27.419427919999997,11.099999999999998
10.71215686887064,26.52638161963868,11.099999999999998
10.709687885000001,28.31347997,11.1
12.90445788,27.41942792,11.1
8.51491789,25.631323809999998,11.099999999999998
6.313241954159611,27.41942792,11.1
8.51491789,27.41942792,11.1
6.329356801139762,27.411925314313557,11.099999999999998
8.51491789,26.52519049358135,11.099999999999998
4.1253779,27.41942792,11.1
8.51491789,27.41942792,11.1
4.1253779,26.527656562231357,11.1
4.1253779,26.524746445502696,11.100000000000001
4.1253779,26.524554274808693,11.1
4.1253779,26.527338581835643,11.1
8.506670990937016,28.311800259362847,11.1
4.1253779,27.419427919999997,11.1
4.1253779,23.84192294206842,11.1
12.904457879999999,25.63143067325857,11.099999999999998
4.1253779,25.63132381,11.1
8.51491789,26.525704421461462,11.1
8.51491789,26.525394863176988,11.1
8.51491789,26.521024466424446,11.100000000000001
6.319323675628402,26.52571161545432,11.1
8.50985416192503,27.419427919999997,11.099999999999998
4.1253779,25.63132381,11.1
4.1253779,26.523083832429027,11.1
4.1253779,26.526716607795215,11.100000000000001
4.1253779,25.63132381,11.099999999999998
4.1253779,25.63132381,11.1
4.1253779,25.63132381,11.1
4.1253779,25.631323810000005,11.100000000000001
4.1253779,25.631323810000005,11.100000000000001
4.1253779,25.631323809999998,11.099999999999998
4.1253779,25.631323809999998,11.099999999999998
10.712046142150562,24.736311105521246,11.099999999999998
12.904457879999999,23.8432197,11.099999999999998
12.90445788,23.8432197,11.1
10.709603014661978,24.737306327415464,11.1
12.90445788,24.735010347920216,11.1
12.90445788,23.8432197,11.099999999999998
6.3157414399223955,26.527170859567256,11.100000000000001
10.72105421034864,25.6220635352934,11.1
12.904457880000002,23.8432197,11.100000000000001
4.1253779,23.8432197,11.1
8.51491789,23.8432197,11.1
4.1253779,24.737086373441727,11.1
4.1253779,24.73683027163525,11.1
4.1253779,23.8432197,11.1
4.1253779,24.737305676605864,11.099999999999998
4.1253779,23.8432197,11.1
4.1253779,24.735603785505162,11.1
4.1253779,23.8432197,11.100000000000001
10.716063562686191,22.951764814607174,11.099999999999998
12.90445788,22.94434574012116,11.1
10.700413337739349,22.047559513234404,11.099999999999998
10.710101042000545,23.84355630471338,11.099999999999998
12.904457879999999,23.8432197,11.099999999999998
10.718323860581645,21.164581452322558,11.1
6.328130789758241,22.952419523632614,11.100000000000001
8.51491789,22.055115592,11.100000000000001
4.1253779,22.055115592,11.1
8.51491789,22.055115592,11.1
12.904457879999999,22.055115592,11.099999999999998
8.514754470511614,23.843286270859107,11.1
4.1253779,22.055115592,11.099999999999998
4.1253779,22.945754338739697,11.1
4.1253779,22.945894556047914,11.100000000000001
4.1253779,22.94684439454913,11.1
4.1253779,21.160944838776054,11.100000000000001
4.1253779,20.267011485000005,11.1
8.51491789,20.267011484999998,11.099999999999998
12.904457880000002,20.267011485000005,11.100000000000001
12.90445788,20.267011485,11.1
10.709687885000001,20.267011485,11.1
10.709980848896375,20.267011485,11.1
8.51491789,20.267011485000005,11.100000000000001
8.51491789,19.375169703223882,11.1
8.51491789,18.478907377,11.1
8.51491789,20.267011484999998,11.099999999999998
4.1253779,22.055115592,11.100000000000001
4.1253779,22.055115592,11.1
8.51491789,18.478907377,11.1
4.1253779,21.16710528243874,11.1
4.1253779,22.055115592,11.1
4.1253779,20.267011485,11.099999999999998
8.51491789,21.161546381159695,11.099999999999998
4.1253779,18.478907377,11.099999999999998
4.1253779,20.267011485,11.1
8.51491789,18.478907377,11.1
6.312458418310367,17.581722971390043,11.099999999999998
8.51491789,18.478907377,11.1
8.51491789,18.478907377,11.100000000000001
8.51491789,18.478907377,11.1
6.320523910375403,17.585008495504034,11.1
8.51491789,19.37237100488523,11.100000000000001
8.51491789,18.478907377,11.1
8.51491789,18.478907377,11.1
8.51491789,20.267011485,11.1
8.51491789,18.478907377,11.1
8.51491789,18.478907377,11.100000000000001
4.1253779,16.690803270000004,11.100000000000001
4.1253779,16.69080327,11.100000000000001
4.1253779,16.69080327,11.1
4.1253779,16.69080327,11.1
4.1253779,19.37444532926382,11.099999999999998
4.1253779,16.69080327,11.099999999999998
12.904457879999999,16.69080327,11.099999999999998
12.904457879999999,16.690803269999996,11.099999999999998
10.715230062174749,17.582597686073193,11.1
10.70981370030169,17.584804071920516,11.099999999999998
12.90445788,16.69080327,11.1
12.904457880000002,16.690803270000004,11.100000000000001
4.1253779,16.69080327,11.100000000000001
6.319936158842256,16.69080327,11.099999999999998
6.315340692075329,16.69080327,11.1
6.327818882155797,16.69080327,11.1
4.1253779,16.69080327,11.1
8.51491789,16.690803269999996,11.1
4.1253779,16.69080327,11.1
4.1253779,17.591177992848543,11.1
4.1253779,16.69080327,11.1
4.1253779,16.69080327,11.1
4.1253779,17.585105760422223,11.1
4.1253779,16.69080327,11.099999999999998
8.51491789,16.690803270000004,11.100000000000001
4.1253779,16.69080327,11.1
6.317075700827691,16.69080327,11.1
6.314092290428173,16.69080327,11.1
4.1253779,16.69080327,11.099999999999998
4.1253779,16.690803269999996,11.099999999999998
8.51491789,16.69080327,11.100000000000001
8.51491789,16.690803270000004,11.100000000000001
8.51491789,16.69080327,11.1
8.51491789,16.690803269999996,11.1
6.325227154936252,16.690803270000004,11.100000000000001
8.51491789,16.69080327,11.1
12.904457880000002,18.478907377,11.100000000000001
12.904457879999999,18.478907377,11.099999999999998
12.904457879999999,18.478907376999995,11.099999999999998
12.904457879999999,17.584388843563417,11.099999999999998
12.90445788,18.478907377,11.1
12.904457880000002,16.690803270000004,11.100000000000001
6.321543119117816,18.480044082476667,11.100000000000001
8.51491789,20.267011485,11.099999999999998
8.51491789,18.485592426647322,11.099999999999998
8.51491789,18.478907377,11.1
8.51491789,18.478907377,11.1
8.51491789,19.3706373832788,11.1
8.51491789,20.267011485000005,11.100000000000001
8.51491789,20.267011485,11.1
8.51491789,19.37503250645968,11.100000000000001
8.51491789,19.37428086184213,11.1
8.51491789,19.374673209002427,11.100000000000001
8.51491789,19.376320571171334,11.1
12.904457879999999,18.478907377,11.099999999999998
12.904457879999999,17.587887006464083,11.099999999999998
12.90445788,20.265791139996782,11.1
12.90445788,19.37223090552525,11.1
12.904457880000002,18.478907377,11.100000000000001
12.904457880000002,18.478907377,11.100000000000001
8.51491789,19.386337434846915,11.099999999999998
6.321819662953746,21.160382534305747,11.100000000000001
8.51491789,20.267011485000005,11.100000000000001
4.1253779,17.590501286041995,11.1
4.1253779,17.58575022553508,11.1
8.51491789,20.267011485,11.1
8.51491789,20.267011485000005,11.100000000000001
8.51491789,20.267011485,11.1
8.51491789,20.267011485000005,11.100000000000001
8.51491789,20.267011485000005,11.100000000000001
8.51491789,20.267011485,11.100000000000001
10.698452511206927,20.267011485000005,11.100000000000001
12.90445788,21.162230717337174,11.099999999999998
12.904457880000002,19.374330105626974,11.100000000000001
12.90445788,20.267011485,11.1
12.90445788,21.154580461298256,11.1
12.90445788,19.37754611707199,11.1
12.904457879999999,21.160407926492336,11.099999999999998
4.1253779,22.055115592,11.1
8.51491789,21.16199300575476,11.099999999999998
10.703672412548359,20.267011485,11.1
8.51491789,22.055115592,11.099999999999998
6.3302777385686655,22.055115592,11.100000000000001
8.51491789,21.15992800823941,11.1
10.709223562476817,22.05473730365297,11.1
8.514917889999998,20.267011484999998,11.099999999999998
10.702380459272163,22.055115592,11.099999999999998
8.51491789,20.267011485,11.1
8.51491789,20.267011485,11.1
10.698990990655878,20.267011485,11.1
12.904457880000002,21.159373850618596,11.1
12.904457879999999,22.947276452662095,11.099999999999998
12.904457879999999,22.055115592,11.099999999999998
12.904457879999999,21.15998850787988,11.1
12.90445788,22.055115592,11.1
12.90445788,21.158592770221677,11.1
8.51491789,23.8432197,11.1
4.1253779,23.8432197,11.1
6.316738438252106,24.735882893379497,11.1
6.30578631765535,24.731421484690458,11.1
6.322298253930887,22.950043606954164,11.099999999999998
4.1253779,23.8432197,11.100000000000001
10.714489720569627,22.055115592,11.1
10.708356305117793,24.736729328352652,11.1
10.704832644005347,23.8432197,11.1
8.51491789,23.843219699999995,11.099999999999998
6.319692638142047,23.8432197,11.099999999999998
6.319444382561038,23.8432197,11.1
12.904457879999999,22.055115591999996,11.099999999999998
12.90445788,22.949167646,11.1
12.904457880000002,25.63132381,18.5
12.90445788,22.94755248213646,11.1
12.90445788,23.839070879873205,11.1
12.904457879999999,22.055115591999996,11.099999999999998
8.51491789,25.631323809999998,11.099999999999998
10.71295193826658,26.526705495684432,11.1
8.499837380854949,27.419427919999997,11.099999999999998
4.1253779,25.63132381,11.099999999999998
8.533886198985252,27.419427919999997,11.1
10.704898810471413,26.523425008220663,11.1
8.51491789,25.63132381,11.1
8.51491789,25.631323810000005,11.100000000000001
8.51491789,26.5252219043269,11.099999999999998
8.51491789,26.525307391522823,11.1
8.51491789,26.524960923043878,11.099999999999998
8.51491789,25.631323809999998,11.1
12.904457879999999,26.52276924223402,11.099999999999998
12.904457880000002,24.73567400806324,11.100000000000001
12.904457880000002,26.51767268993698,11.100000000000001
12.90445788,25.63132381,11.1
12.904457880000002,24.74105504312473,11.100000000000001
12.90445788,25.63132381,11.1
4.1253779,27.419427919999997,11.1
4.1253779,27.419427920000004,11.1
6.314901086645052,27.419427920000004,11.100000000000001
4.1253779,27.419427920000004,11.100000000000001
4.1253779,27.419427919999997,11.099999999999998
4.1253779,29.207532020000002,11.100000000000001
8.514917890000001,27.419427920000004,11.100000000000001
12.90445788,27.419427920000004,11.100000000000001
8.51491789,27.419427920000004,11.100000000000001
8.51491789,27.41942792,11.1
8.51491789,27.419427919999997,11.099999999999998
10.704545234435084,27.419427919999997,11.099999999999998
12.90445788,27.419427920000004,11.100000000000001
12.904457879999999,26.528114255685622,11.099999999999998
12.904457880000002,27.419427920000004,11.100000000000001
12.90445788,27.41942792,11.1
12.904457879999999,27.419427919999997,11.099999999999998
12.904457879999999,27.41942792,11.099999999999998
4.1253779,29.207532020000002,11.100000000000001
6.3106965518515965,29.207532019999995,11.099999999999998
6.276781195905015,29.20753202,11.1
4.1253779,29.20753202,11.1
6.308280591288619,28.318314183715014,11.1
4.1253779,29.20753202,11.1
4.1253779,27.419427920000004,11.100000000000001
8.51491789,28.318022578802683,11.1
8.51491789,28.31617931969812,11.099999999999998
8.51491789,28.31783161144738,11.099999999999998
8.51491789,28.318509024118008,11.1
8.51491789,28.316888490938773,11.1
12.904457880000002,29.207532020000002,11.1
12.904457879999999,29.207532019999995,11.1
12.904457880000002,29.207532020000002,11.100000000000001
12.90445788,28.31299101679845,11.1
12.90445788,29.207532019999995,11.099999999999998
12.904457880000002,29.207532020000002,11.100000000000001
4.1253779,25.631323810000005,18.5
10.708832896654156,28.313828254369234,18.5
6.31517592782677,27.41942792,18.5
4.1253779,25.631323809999998,18.5
10.711090268137088,29.20753202,18.5
12.904457880000002,27.419427920000004,18.5
8.51491789,29.207532019999995,18.5
6.319050734597474,29.207532019999995,18.5
6.318681313805708,29.20753202,18.5
8.51491789,29.207532019999995,18.5
8.51491789,29.207532020000002,18.5
8.51491789,29.20753202,18.5
6.315328857475031,28.315443032365547,18.5
4.1253779,29.20753202,18.5
12.90445788,27.41942792,18.5
4.1253779,29.20753202,18.5
8.51491789,27.41942792,18.5
12.904457879999999,29.207532019999995,18.5
6.314959305176501,27.419427919999997,18.499999999999996
12.904457879999999,27.419427919999997,18.5
6.3174180531881685,27.419427920000004,18.5
6.3203194037908546,27.419427920000004,18.5
12.90445788,27.41942792,18.5
12.90445788,27.419427919999997,18.5
6.317030902420557,27.419427919999997,18.5
6.317009177257419,27.41942792,18.5
5.582957760051359,27.412584174063202,18.5
4.1253779,26.523827459916806,18.5
6.315120252159636,27.419427920000004,18.5
4.1253779,25.631323809999998,18.5
4.1253779,27.419427919999997,18.5
4.1253779,27.419427920000004,18.5
4.1253779,27.419427920000004,18.5
6.313387048692884,28.31623403922565,18.5
8.51491789,27.419427920000004,18.5
8.51491789,27.41942792,18.5
8.517600073786419,23.84431230383777,18.5
12.90445788,25.63132381,18.5
10.7021559178924,22.952235835686643,18.5
12.904457879999999,23.843460540980765,18.5
12.904457880000002,22.055115592000003,18.5
12.904457879999999,25.631323809999998,18.5
8.51491789,25.63132381,18.5
6.32791703663045,26.522211060917517,18.5
8.51491789,25.63132381,18.5
8.51491789,25.631323810000005,18.5
8.51491789,25.63132381,18.5
8.51491789,25.631323809999998,18.5
8.51491789,26.52422875678864,18.5
4.1253779,27.419427919999997,18.5
4.1253779,26.52257779451317,18.5
6.3178487546530455,27.419427920000004,18.5
4.1253779,27.419427919999997,18.5
4.1253779,26.526584324159565,18.5
8.521668008254636,23.845969400106252,18.5
12.90445788,25.63132381,18.5
12.90445788,22.055115592,18.5
12.904457880000002,24.736963872530666,18.5
12.90445788,22.949375020347105,18.5
6.335283170037434,26.519210424529685,18.5
4.1253779,25.631323809999998,18.5
10.706308836461238,24.735895280336635,18.5
6.330145715616336,23.85136503931146,18.5
6.3213553375116724,25.630340092834814,18.5
10.707158987709303,24.736241594288497,18.5
12.904457880000002,25.631323810000005,18.5
8.509361873168984,22.948036008454572,18.5
4.1253779,23.8432197,18.5
6.319318050561632,25.631323810000005,18.5
8.514177338430947,24.73712092105074,18.5
6.319309248114278,25.631323809999998,18.5
10.706541971319426,25.63132381,18.5
12.904457879999999,22.055115592,18.5
12.904457879999999,23.842141208449913,18.5
12.90445788,23.851898940886244,18.5
10.709093987852256,24.737029827615075,18.5
12.904457879999999,22.055115592,18.5
12.90445788,22.055115592,18.5
8.51491789,22.055115592,18.5
6.320738969181102,22.055115592,18.5
8.517094172356465,23.844106222009675,18.5
6.332696399685917,24.72193664149188,18.5
6.323068255120444,22.95035727132295,18.5
8.515846336871984,23.843597909119886,18.5
4.1253779,22.055115592,18.5
12.904457879999999,25.631323809999998,18.5
4.1253779,22.055115592,18.5
4.1253779,22.055115592,18.5
8.508279389054122,23.84051546984002,18.5
12.90445788,25.631323810000005,18.5
10.710846340425954,20.267011484999998,18.5
8.51491789,20.267011484999998,18.5
8.51491789,20.267011485000005,18.5
6.321056139378955,18.479647334538015,18.5
7.051756247862376,19.07495703364382,18.5
6.319941376756564,18.478739124735384,18.5
4.1253779,22.055115592,18.5
8.510735683049417,23.84151605518516,18.5
4.1253779,22.055115592,18.5
12.90445788,25.63132381,18.5
4.1253779,22.055115592,18.5
4.1253779,22.055115592,18.5
8.521759870404027,16.690803269999996,18.5
4.1253779,22.055115592,18.5
4.1253779,22.055115592,18.5
7.04875656956815,22.055115592998984,18.5
12.90445788,25.63132381,18.5
8.513833862770417,22.948505270503603,18.5
10.707918446024529,21.16322591162396,18.5
12.904457880000002,18.478907377,18.5
8.518301859263111,22.951235366220743,18.5
6.320612164504212,20.267011485000005,18.500000000000004
10.712054533766604,20.267011485,18.5
10.71206777471232,20.267011485000005,18.5
4.1253779,22.055115592,18.5
4.1253779,22.055115592,18.5
4.1253779,22.055115592,18.5
4.1253779,22.055115592,18.5
8.504130630515856,20.271405736069916,18.5
6.320189849388789,21.16104644814086,18.5
8.510207059052224,17.58581481540397,18.5
4.1253779,16.69080327,18.5
4.1253779,16.69080327,18.5
4.1253779,16.69080327,18.5
10.710801993185097,17.58440148518757,18.5
4.1253779,17.58765435599915,18.5
10.703165756280663,18.484221030037283,18.5
8.515000419640772,16.69080327,18.5
8.514416340441116,17.584957478034205,18.5
8.51491789,18.477111522514576,18.5
8.51491789,18.47934795382463,18.5
6.32394287160939,18.481999188158326,18.5
6.322237966884071,16.69080327,18.5
8.51491789,16.69080327,18.5
6.337518333602119,16.690803269999996,18.5
6.333685689305433,16.69080327,18.5
8.51491789,16.690803270000004,18.5
8.51491789,16.69080327,18.5
4.1253779,16.690803269999996,18.5
4.1253779,16.69080327,18.5
4.1253779,16.69080327,18.5
4.1253779,16.69080327,18.5
4.1253779,16.69080327,18.5
4.1253779,16.690803269999996,18.5
4.1253779,16.69080327,18.5
6.326019507345606,16.69080327,18.5
4.1253779,16.69080327,18.5
8.51491789,16.69080327,18.5
6.320868189275259,16.690803269999996,18.499999999999996
4.1253779,16.690803270000004,18.5
8.51491789,19.371978827070116,18.5
8.51491789,16.69080327,18.5
8.51491789,18.47860531290071,18.5
8.51491789,16.69080327,18.5
8.51491789,18.480031073118358,18.5
8.51491789,16.690803270000004,18.5
12.904457880000002,16.690803270000004,18.5
12.90445788,17.584803580329204,18.5
12.904457880000002,16.690803270000004,18.5
12.90445788,17.585116825064645,18.5
12.904457879999999,17.584192510449114,18.5
12.904457879999999,18.478907377,18.5
10.71026573021697,22.9498738131179,14.799025853593928
10.710398622167382,22.950036215995905,14.7988018209082
8.51491789,16.690803269999996,18.5
4.1253779,17.585228780657122,18.5
12.904457880000002,25.631323810000005,11.100000000000001
12.90445788,18.478907377,18.5
12.904457879999999,18.478907377,18.5
8.51491789,17.585160717002445,18.5
8.51491789,18.478361398209223,18.5
10.710985917309031,18.477849855796705,18.5
8.51491789,18.478907377,18.5
8.498864769064234,17.58812498860623,18.5
12.904457879999999,18.483293799714694,18.5
12.904457880000002,16.690803270000004,18.5
12.90445788,17.584648432640293,18.5
12.904457880000002,18.478907377,18.5
12.904457879999999,21.157805929528994,14.802696299099988
12.90445788,22.05484208037398,18.5
8.510512503180022,21.16016625879829,18.5
4.1253779,20.267011485000005,18.5
8.518827885786092,21.161859918022614,18.5
4.1253779,20.267011485,18.5
4.1253779,20.267011485000005,18.5
4.1253779,20.267011485,18.5
10.7103139575548,20.267011485000005,18.5
10.715899492325818,21.16865453933367,18.5
12.90445788,20.27073252601228,18.5
12.90445788,23.8432197,18.5
10.718651364615482,22.062418241412846,18.5
10.71568765509232,22.06000367351558,18.5
12.90445788,19.373344005223277,18.5
12.90445788,17.588481510469883,18.5
12.90445788,22.044720559229326,18.5
12.904457880000002,20.267011485,18.5
12.904457880000002,22.956382281632056,18.5
12.904457880000002,22.05298122242808,18.5
8.51466516316985,23.843116751286708,18.5
8.509638875557982,22.055115592,18.500000000000004
4.1253779,22.055115592,18.5
8.51299178054235,23.842435089345145,18.5
10.707922236432065,24.73655250800183,18.5
8.489035108629201,23.832676202631855,18.5
12.904457880000002,25.631323810000005,18.5
12.90445788,22.055115592,18.5
12.904457880000002,22.055115592,18.5
12.904457880000002,22.055115592,18.5
8.51491789,20.267011485,18.5
12.90445788,22.055115592,18.5
12.904457879999999,20.267011484999998,18.5
12.904457880000002,20.268758780950648,18.5
12.904457880000002,22.955289869136767,18.5
12.90445788,23.8432197,18.5
12.90445788,22.94654826539893,18.5
12.90445788,20.257060280628238,18.5
12.90445788,24.737804090893356,18.5
12.90445788,24.739603435302314,18.5
10.709299279598412,24.73711345437685,18.5
10.713059400207346,25.631323810000005,18.5
12.904457880000002,23.839579622295627,18.5
12.904457880000002,23.839294714314043,18.500000000000004
10.703074685609867,22.049727743650166,18.5
12.904457879999999,22.055115591999996,18.5
10.707404597764103,22.950097756056074,18.5
10.710663037821826,22.05591006060833,18.5
12.90445788,23.8432197,18.5
10.709858779486979,22.055254822184573,18.5
12.904457880000002,23.8432197,18.5
12.904457879999999,21.14184661702486,18.5
12.90445788,25.63132381,18.5
12.90445788,24.73508128401449,18.5
12.90445788,24.732314261110773,18.5
12.90445788,21.162642207870277,18.5
12.90445788,25.63132381,18.5
4.1253779,27.41942792,18.5
10.710273728999152,27.41895062122336,18.5
8.51491789,27.419427920000004,18.5
6.320697040097174,27.41942792,18.5
8.51491789,27.419427919999997,18.5
8.51491789,27.419427920000004,18.5
8.51491789,26.523873258820736,18.500000000000004
10.707327856382161,24.738233126096038,18.5
10.699593800025994,23.851443466979916,18.5
10.706932130977027,24.73839432709317,18.5
10.706193442263363,25.63132381,18.5
12.904457880000002,25.631323810000005,18.5
12.90445788,25.63132381,16.024685618249322
12.904457879999999,21.170224580186428,18.5
12.904457879999999,24.736939112157003,18.5
12.90445788,24.742795246139085,18.5
12.904457879999999,25.631323809999998,14.811604288408061
6.317126435314286,27.419427920000004,18.5
8.51491789,27.419427919999997,18.5
8.514917889999998,27.419427919999997,18.5
8.51491789,27.419427919999997,18.5
6.312636201360963,27.41942792,18.5
8.51491789,27.419427920000004,18.5
4.1253779,27.419427920000004,18.5
8.51491789,27.419427919999997,18.5
8.51491789,27.419427920000004,18.5
8.51491789,27.41942792,18.5
4.1253779,25.631323809999998,18.5
8.51491789,27.41942792,18.5
12.90445788,28.3205937473602,18.5
12.904457879999999,27.419427919999997,18.5
12.904457879999999,28.312516685797796,18.5
12.90445788,27.41942792,18.5
12.904457879999999,29.207532019999995,18.5
12.904457880000002,28.31473870429793,18.5
4.1253779,29.20753202,18.5
4.1253779,29.207532019999995,18.5
4.1253779,29.207532019999995,18.5
4.1253779,29.207532020000002,18.5
4.1253779,29.20753202,18.5
4.1253779,29.207532020000002,18.5
12.904457880000002,29.207532020000002,18.5
6.3226418048288675,28.314495878364017,18.5
8.51491789,28.30887471023834,18.5
10.711530434303574,29.207532020000002,18.5
10.70840222221399,29.207532019999995,18.5
8.51491789,27.41942792,18.5
12.904457880000002,29.207532020000002,18.5
12.90445788,28.307857706671456,18.5
12.904457880000002,28.31447648576406,18.500000000000004
12.904457879999999,28.316647584831536,14.81310905206994
12.904457880000002,28.310445230293602,18.500000000000004
12.904457879999999,28.31248648160996,18.5
12.904457880000002,27.419427920000004,11.100000000000001
12.904457879999999,29.207532019999995,11.099999999999998
12.904457880000002,28.314160803288065,11.100000000000001
12.904457879999999,29.207532019999995,11.099999999999998
10.694099914689367,28.31982981843209,11.099999999999998
12.90445788,29.207532019999995,11.099999999999998
6.305646845626081,29.20753202,11.1
6.30624650390464,29.207532019999995,11.099999999999998
6.306946358015338,29.207532019999995,11.099999999999998
6.307647559230981,29.207532020000002,11.100000000000001
6.3076796448939145,29.207532019999995,11.099999999999998
6.324771229702424,29.20753202,11.1
4.1253779,25.631323809999998,11.1
4.1253779,25.631323809999998,11.099999999999998
4.1253779,25.63132381,11.1
4.1253779,29.20753202,11.1
4.1253779,29.20753202,11.1
4.1253779,29.207532019999995,11.099999999999998
12.904457880000002,26.522073819573436,11.100000000000001
12.90445788,27.41942792,11.1
12.90445788,26.523507501751823,11.1
12.90445788,26.525496306826486,11.1
12.904457879999999,27.419427919999997,11.099999999999998
12.904457880000002,27.419427920000004,11.1
4.1253779,27.419427920000004,11.100000000000001
6.3224178833539355,27.419427919999997,11.099999999999998
6.313539566092603,27.41942792,11.1
4.1253779,27.419427919999997,11.099999999999998
4.1253779,27.41942792,11.1
4.1253779,27.419427919999997,11.099999999999998
6.314363198931769,27.419427919999997,11.1
6.310282341026666,27.419427920000004,11.100000000000001
6.320232882166538,27.41942792,11.100000000000001
6.319092494798863,27.419427919999997,11.099999999999998
4.1253779,27.41942792,11.1
6.321385807602497,27.419427919999997,11.099999999999998
8.51491789,26.526945344155614,11.099999999999998
8.51491789,26.528016453994205,11.100000000000001
8.51491789,26.525639381377637,11.1
10.704466259201299,25.631323810000005,11.100000000000001
12.904457879999999,26.521453009013673,11.1
12.904457880000002,25.631323810000005,11.1
4.1253779,26.525254846582378,11.100000000000001
8.495822928368636,27.419427919999997,11.1
8.51491789,23.8432197,11.1
4.125377900000001,27.419427920000004,11.100000000000001
6.330460744198877,22.953368643840253,11.1
6.327341617546567,25.62546300231581,11.1
4.1253779,26.525106540592258,11.099999999999998
8.520376246615193,27.41942792,11.1
4.1253779,25.631323809999998,11.099999999999998
4.1253779,25.631323810000005,11.100000000000001
4.1253779,25.63132381,11.1
4.1253779,25.631323810000005,11.100000000000001
12.904457880000002,23.8432197,11.100000000000001
12.904457880000002,23.8432197,11.1
10.70905012935264,24.737531548394482,11.1
12.904457880000002,23.8432197,11.100000000000001
10.720372912229326,24.732919148315077,11.100000000000001
10.708759427479663,24.737649967457763,11.1
8.51491789,23.8432197,11.099999999999998
8.51491789,23.8432197,11.1
8.51491789,23.843219700000002,11.100000000000001
8.51491789,23.8432197,11.099999999999998
8.51491789,23.8432197,11.100000000000001
8.51491789,23.8432197,11.1
6.320064263591033,24.73730582273066,11.1
4.1253779,24.737339874887052,11.1
6.329497012484659,24.733463338756547,11.099999999999998
8.51491789,23.8432197,11.100000000000001
4.1253779,23.8432197,11.100000000000001
4.1253779,24.737203518132652,11.1
10.706353562139633,22.055115592,11.100000000000001
8.51491789,21.159622236892055,11.099999999999998
10.711587349365129,21.161837296123835,11.100000000000001
8.51491789,20.267011485000005,11.100000000000001
8.51491789,20.267011485,11.1
12.904457879999999,22.055115592,11.099999999999998
4.1253779,20.267011485,11.1
4.1253779,20.267011485000005,11.100000000000001
4.1253779,20.267011485,11.1
4.1253779,20.267011484999998,11.099999999999998
4.1253779,20.267011485000005,11.1
4.1253779,20.267011485,11.1
4.1253779,21.163491924654352,11.099999999999998
8.51491789,22.055115592,11.1
4.1253779,20.267011485,11.1
4.1253779,20.267011485,11.100000000000001
4.1253779,20.267011485,11.1
4.1253779,20.267011485000005,11.100000000000001
10.707868888124205,20.267011485,11.1
8.51491789,20.267011484999998,11.099999999999998
8.51491789,20.267011485,11.1
8.51491789,20.267011485,11.1
10.697402999057715,20.267011485,11.1
8.51491789,21.15919619999983,11.100000000000001
8.51491789,19.372196639048443,11.100000000000001
10.709646564243574,21.161080370745392,11.099999999999998
8.51491789,21.161903423894124,11.1
8.51491789,20.267011485,11.099999999999998
8.51491789,22.055115592000003,11.100000000000001
8.51491789,21.161199874359905,11.099999999999998
4.1253779,22.055115592,11.1
6.324876219110928,20.267011485,11.1
4.1253779,21.15739837473167,11.100000000000001
4.1253779,20.26510688540357,11.099999999999998
4.1253779,21.159722973630025,11.1
4.1253779,20.267011485,11.1
12.904457880000002,20.267011485000005,11.1
10.703699832157252,18.48378591233893,11.100000000000001
8.51491789,20.267011484999998,11.099999999999998
10.714958940888646,20.267011485000005,11.100000000000001
10.703003438373795,18.48435327228438,11.1
8.51491789,21.15798629931097,11.099999999999998
8.51491789,18.478907377,11.100000000000001
10.70749465685455,20.267011484999998,11.099999999999998
6.322435918502487,19.37389147040124,11.099999999999998
8.51491789,19.37244501320471,11.1
10.706788372211083,20.267011485,11.099999999999998
8.51491789,20.267011485,11.1
4.1253779,17.58826100930982,11.1
4.1253779,16.69080327,11.1
4.1253779,17.59471238470369,11.1
4.1253779,17.58826652471049,11.1
8.51491789,20.267011485,11.1
8.51491789,20.267011484999998,11.099999999999998
8.51491789,18.478907377,11.1
12.904457879999999,16.69080327,11.099999999999998
10.714121085500846,16.690803270000004,11.100000000000001
10.708013408946869,17.58553743085396,11.1
10.711218809798785,16.690803269999996,11.099999999999998
12.90445788,16.69080327,11.1
8.51491789,16.690803270000004,11.1
10.700142675896242,16.690803269999996,11.099999999999998
8.51491789,16.69080327,11.1
4.1253779,16.69080327,11.1
4.1253779,16.69080327,11.1
10.709518807621603,16.69080327,11.1
4.1253779,16.69080327,11.1
4.1253779,16.69080327,11.099999999999998
6.319474736965985,17.58458110874218,11.099999999999998
4.1253779,16.690803269999996,11.1
4.1253779,16.69080327,11.1
8.51491789,18.479767275306166,11.100000000000001
6.326332154745741,16.690803270000004,11.100000000000001
4.1253779,16.690803269999996,11.099999999999998
6.319594464794683,16.69080327,11.1
6.325157775921181,16.69080327,11.1
4.1253779,16.69080327,11.1
6.319508663321802,16.69080327,11.100000000000001
10.713898411827268,16.69080327,11.100000000000001
10.708866275701254,17.584520636274284,11.100000000000001
12.904457879999999,18.478907377,11.099999999999998
12.904457880000002,18.478907377,11.100000000000001
8.51491789,16.690803270000004,11.100000000000001
10.699240389858364,17.580599476870695,11.099999999999998
12.90445788,17.581205332805723,11.1
12.904457879999999,17.58627664588699,11.099999999999998
12.904457879999999,17.5824806190818,11.099999999999998
12.904457880000002,17.579767206409805,11.100000000000001
12.904457879999999,16.690803269999996,11.099999999999998
12.904457880000002,17.58999620912929,11.100000000000001
4.1253779,16.690803270000004,11.100000000000001
6.321263158470849,16.69080327,11.1
6.308823105893765,16.69080327,11.1
6.321658312224831,17.58547060055617,11.099999999999998
6.333688397906542,16.690803269999996,11.099999999999998
6.30705898495816,16.690803269999996,11.1
8.514917890000001,16.690803270000004,11.100000000000001
12.90445788,17.578286087038315,11.1
10.692205706932302,18.49315030704711,11.099999999999998
8.51491789,18.482152317374165,11.100000000000001
12.904457880000002,18.478907377,11.100000000000001
10.709082515342539,18.479400579053483,11.100000000000001
12.904457879999999,18.46852117635027,11.099999999999998
12.90445788,19.36989926018877,11.1
12.904457879999999,17.571080103322814,11.099999999999998
12.904457879999999,17.582729483996648,11.099999999999998
12.904457879999999,17.588047083072034,11.099999999999998
12.90445788,17.585247288367068,11.1
4.1253779,22.055115592,11.100000000000001
8.51491789,20.267011485,11.1
8.51491789,20.267011485,11.1
10.704871504491571,20.267011485000005,11.100000000000001
8.51491789,18.489472913882317,11.100000000000001
8.51491789,19.37432775247666,11.1
12.904457880000002,18.478907377,11.100000000000001
8.51491789,20.267011485,11.099999999999998
8.51491789,20.267011485,11.099999999999998
8.51491789,20.267011485000005,11.1
10.708316538154932,19.373518056945485,11.1
8.51491789,20.267011485000005,11.100000000000001
10.712388374874598,19.37185937107359,11.1
12.90445788,18.478907377,11.1
12.904457879999999,19.37149780400984,11.099999999999998
12.90445788,18.478907377,11.099999999999998
12.90445788,18.478907377,11.1
12.90445788,18.478907377,11.100000000000001
8.51491789,22.051698334497523,11.100000000000001
6.320151957950102,23.84322301113172,11.1
6.324828670588852,22.055115592,11.1
6.322279425685341,22.055115592,11.099999999999998
6.334012845236407,22.055115592,11.099999999999998
8.51491789,20.267011485,11.1
12.90445788,22.055115592,11.1
12.904457880000002,21.163157863530834,11.100000000000001
10.703832536600945,22.055115592,11.100000000000001
10.720763703723577,22.055115592,11.099999999999998
12.90445788,18.478907377,11.1
12.904457880000002,20.26624506409657,11.1
12.904457880000002,18.500586589583797,11.100000000000001
12.904457880000002,28.314311439521887,11.100000000000001
12.904457880000002,22.94633765844803,14.79609606642645
12.904457880000002,21.149430130652245,11.100000000000001
12.904457880000002,23.8355853217406,11.100000000000001
12.904457880000002,25.64415931063636,14.813279810434029
4.1253779,22.944985484189353,11.099999999999998
4.1253779,24.73184185350525,11.1
4.1253779,23.8432197,11.100000000000001
4.1253779,22.951460072961908,11.1
12.90445788,25.634848078483348,11.1
8.51491789,24.73324768158958,11.1
6.320858850003069,24.737561366568848,11.1
12.90445788,24.73613282560613,11.1
10.717897232710275,23.836531451932267,11.099999999999998
12.90445788,22.055115592,11.1
12.904457880000002,22.055115592,11.100000000000001
10.711684711132115,23.84159286401028,11.1
12.904457879999999,22.954913272337443,11.099999999999998
12.904457880000002,24.73010547705735,11.100000000000001
12.904457879999999,23.84677626512136,11.099999999999998
12.904457880000002,22.953015678847535,11.100000000000001
12.904457880000002,25.631323810000005,11.100000000000001
12.904457880000002,22.951291417638302,11.100000000000001
8.521533175095142,26.52672325202625,11.1
6.320396041909017,23.843017532887327,11.1
6.322926801038004,24.738403758198327,11.100000000000001
6.316785332622359,26.526745623931753,11.1
6.321959612524627,26.524637851550004,11.100000000000001
6.321390995348363,23.844232469010258,11.1
12.904457880000002,24.734182780663517,11.1
12.904457879999999,24.735985902878685,11.099999999999998
12.904457879999999,24.730952668994842,11.099999999999998
12.904457879999999,25.631323809999998,11.099999999999998
12.904457880000002,23.84084757630677,11.1
12.904457880000002,25.631323810000005,11.1
12.904457879999999,25.61542552037755,11.1
12.904457879999999,25.631323809999998,11.099999999999998
12.90445788,27.414857526315565,11.099999999999998
12.904457879999999,21.163169369672893,11.099999999999998
12.90445788,25.63132381,11.1
12.904457880000002,22.953650125853905,11.100000000000001
4.1253779,28.307727623603036,11.1
4.1253779,27.41942792,11.099999999999998
4.1253779,28.316332566375557,11.100000000000001
4.1253779,27.419427919999997,11.099999999999998
4.1253779,28.31628641671132,11.1
4.1253779,28.30957847765749,11.099999999999998
8.51491789,27.41942792,11.1
10.70520268454445,27.419427919999997,11.1
8.51491789,27.419427919999997,11.099999999999998
8.51491789,27.419427920000004,11.100000000000001
10.702033379838749,27.41942792,11.1
8.51491789,27.419427920000004,11.100000000000001
12.90445788,29.20753202,11.1
12.904457880000002,28.318078085837136,11.100000000000001
12.904457880000002,29.207532020000002,11.100000000000001
12.904457880000002,29.207532020000002,11.100000000000001
12.90445788,29.20753202,11.1
12.904457880000002,29.207532020000002,11.100000000000001
4.1253779,29.20753202,11.1
8.512336113556756,29.20753202,11.1
4.125377900000001,28.32746564796225,11.100000000000001
6.281599308235176,29.207532020000002,11.100000000000001
4.1253779,29.207532020000002,11.100000000000001
4.1253779,29.207532020000002,11.1
8.490992038455916,28.318353135905703,11.1
8.51491789,28.313583297868547,11.100000000000001
8.51491789,29.207532020000002,11.100000000000001
10.710117969025568,28.313304772824164,11.1
10.726580899585233,27.419427920000004,11.100000000000001
8.51491789,28.31220524984513,11.1
12.90445788,29.20753202,11.1
12.90445788,29.20753202,11.1
12.90445788,29.207532019999995,11.1
12.90445788,29.20753202,11.1
12.904457880000002,29.207532020000002,11.100000000000001
12.90445788,29.20753202,11.1
12.90445788,27.41942792,18.5
12.90445788,28.315771124518026,18.5
12.90445788,28.314418685163698,18.5
8.533636771757427,28.317292591515482,18.5
4.1253779,25.63132381,18.5
8.495521742643547,26.521425299464067,18.500000000000004
6.331032244391868,29.207532020000002,18.5
4.1253779,29.207532020000002,18.5
6.320922453662428,29.20753202,18.5
6.331050928909958,29.207532019999995,18.5
4.1253779,29.207532019999995,18.5
6.328599539343674,29.20753202,18.5
6.322840642174171,29.207532019999995,18.5
6.3209520557045735,29.207532019999995,18.5
4.1253779,29.20753202,18.5
4.1253779,29.207532020000002,18.5
4.1253779,29.20753202,18.5
4.1253779,29.207532020000002,18.5
12.904457879999999,28.31341022740873,18.5
12.90445788,29.20753202,18.5
12.90445788,26.523536951742326,18.5
12.904457879999999,26.522895597421016,18.5
10.706920672427575,26.526503104798536,14.804665038496651
10.708896500206954,23.843864451203196,18.5
8.51491789,27.41942792,18.5
8.51491789,27.41942792,18.5
8.51491789,27.41942792,18.5
8.51491789,27.41942792,18.5
4.1253779,25.63132381,18.5
4.1253779,27.419427920000004,18.5
8.51491789,27.419427919999997,18.5
4.1253779,29.207532019999995,18.5
4.1253779,29.20753202,18.5
4.1253779,29.207532019999995,18.5
8.51491789,27.419427919999997,18.5
8.51491789,27.419427920000004,18.5
10.71979924086337,25.631323810000005,18.5
12.90445788,24.740743639905503,18.5
10.70486644136215,23.84714778603843,18.5
8.51491789,23.8432197,18.5
12.90445788,25.63132381,18.5
12.904457879999999,23.85187369059564,18.5
4.1253779,27.419427919999997,18.5
6.322255792086846,27.41942792,18.5
8.51491789,27.41942792,18.5
8.51491789,27.419427919999997,18.5
8.51491789,27.41942792,18.5
6.3199812800755195,27.41942792,18.5
8.51491789,27.41942792,18.5
6.3170276088123725,27.419427919999997,18.5
4.1253779,27.419427920000004,18.5
4.1253779,27.419427920000004,18.5
4.1253779,27.419427920000004,18.5
4.1253779,27.419427919999997,18.5
12.904457879999999,24.737184715268036,18.5
12.904457880000002,24.734720575706316,18.500000000000004
12.90445788,25.63132381,18.5
12.90445788,24.73499722881552,18.5
12.904457880000002,24.73597442225784,18.5
12.904457879999999,24.735687015994742,18.5
12.904457880000002,24.737426503284443,18.5
10.706773866051442,25.631323809999998,18.5
10.712265683808198,24.736221673976885,18.5
10.710314206512448,24.737016619365477,18.5
6.325965946304124,26.523005848671914,18.5
10.708511824571238,24.73775082991242,18.5
8.51491789,23.8432197,18.5
10.707448237013779,24.736359421639733,18.5
12.904457880000002,25.63132381,18.5
10.710313611300748,24.73752664817164,18.5
10.704701514817318,23.8432197,18.5
8.51491789,23.8432197,18.5
10.727377816682782,22.069527781283078,18.5
12.90445788,22.055115592,18.5
10.70793227090455,21.16034837910254,18.5
12.904457879999999,22.055115592,18.5
12.904457879999999,24.73960830562809,14.790330275205351
12.90445788,24.73747722607125,14.79914966588426
8.51491789,21.160706843996792,18.5
12.904457880000002,25.63132381,18.5
8.51643685999225,23.843838462075368,18.5
4.1253779,22.055115592,18.5
12.904457880000002,25.631323810000005,18.5
8.515339757183618,23.843391550999364,18.5
6.322245513717423,22.95002212292792,18.5
6.32442237689139,22.950908880536417,18.5
8.49981103382294,23.837065837117724,18.5
6.317352188214262,22.948028798922692,18.5
6.322751430179056,22.95022821087914,18.499999999999996
6.321600356060185,22.949759314282858,18.5
12.90445788,23.8432197,18.5
8.51491789,20.267011485,18.5
8.51491789,18.478907377,18.5
12.904457880000002,20.258880321481563,18.500000000000004
8.51491789,20.267011485,18.5
10.708896680390499,20.267011485,18.5
12.90445788,18.478907377,18.5
8.513002959685002,21.161453567383283,18.5
6.317756308192808,21.16203776500253,18.5
8.515504646865928,21.16094402912497,18.5
6.31527722575027,21.16304763335028,18.5
6.313931813848372,21.163595694548697,18.5
4.1253779,22.055115592,18.5
6.321352458260347,18.478907377,18.5
8.51491789,18.478907377,18.5
8.51491789,18.478907377,18.5
12.904457879999999,16.690803269999996,18.5
8.528174475005086,17.582155250810562,18.5
10.699931064126673,18.486856370569654,18.5
10.706133539972031,18.481803142868795,18.5
10.71283443675203,19.37424119677196,18.499999999999996
12.90445788,20.267011484999998,18.5
10.708939536728519,19.37265458707068,18.5
12.90445788,20.267011485,18.5
10.710190801302467,17.585060189319186,18.5
8.511731147928295,17.585504392263395,18.5
8.515334740582237,17.584770420270985,18.5
4.1253779,18.478907377,18.5
4.1253779,17.586354803816192,18.5
4.1253779,18.478907377,18.5
6.320014521213937,17.584800992928876,18.5
6.325330617147541,18.474684954749023,18.499999999999996
6.317648006087207,19.376014462946188,18.5
4.1253779,17.5836437377521,18.5
8.517812473334182,17.58426576099918,18.5
4.1253779,21.160187394337463,18.5
12.904457879999999,16.69080327,18.5
8.512333956448655,18.478907377,18.5
8.51399802337676,22.054366167686908,14.800775367467605
4.1253779,19.372435687956887,18.5
8.51433346669391,17.58497435758059,18.5
12.904457879999999,23.843219699999995,11.099999999999998
7.052362123876564,16.69080327,18.5
8.51491789,16.69080327,18.5
6.321390072937283,16.69080327,18.5
8.51491789,16.690803270000004,18.5
6.321339840650318,16.69080327,18.5
8.51491789,16.69080327,18.5
4.1253779,18.478907377,18.5
6.321150270576376,16.69080327,18.5
4.1253779,18.478907377,18.5
4.1253779,17.585056679255896,18.5
4.1253779,17.585228894144613,18.5
4.1253779,17.584922423196062,18.5
12.90445788,25.63132381,11.1
8.51491789,16.69080327,18.5
8.51491789,16.690803269999996,18.5
8.51491789,16.690803269999996,18.5
6.318356080851382,16.69080327,18.5
8.51491789,16.69080327,18.5
6.321110363425261,16.69080327,18.5
8.51491789,16.690803269999996,18.5
8.51491789,16.69080327,18.5
8.51491789,16.69080327,18.5
8.51491789,16.69080327,18.5
6.3194255626267894,16.690803269999996,18.5
12.904457880000002,18.478907377,18.5
12.904457879999999,18.478907377,18.5
12.90445788,18.478907377,18.5
12.904457880000002,18.478907377,18.5
12.90445788,18.478907377,18.5
12.904457880000002,18.478907377,18.5
6.332329295216011,16.690803270000004,18.500000000000004
8.514917889999998,16.690803269999996,18.5
6.323584589831263,16.69080327,18.5
4.1253779,16.69080327,18.5
8.51491789,16.690803269999996,18.5
6.327127504090645,16.690803269999996,18.5
10.705593029958177,17.583187260984445,18.5
8.51491789,18.478907377,18.5
12.904457880000002,22.072164250068386,14.782361197815057
12.90445788,22.051940133670392,14.80328537955797
10.708679192370239,22.05347200675574,18.5
8.51491789,19.37691324236701,18.5
12.904457879999999,19.36625130798076,18.5
12.90445788,18.478907377,18.5
12.90445788,19.376658941010866,18.5
12.904457880000002,19.372942293402716,18.5
12.904457880000002,17.589548446270506,18.5
12.90445788,18.478907377,18.5
6.326128017793267,16.69080327,18.5
6.318793003357233,16.69080327,18.5
6.317271248486298,16.69080327,18.5
8.508729262851901,21.154761108736356,14.805216473821886
6.32107514009841,21.160685819929846,18.5
6.3177038051339505,16.690803270000004,18.5
8.51491789,20.267011485,18.5
10.699783747681415,19.376993937728702,18.5
8.51491789,20.267011484999998,18.5
10.710150773338878,20.267011484999998,18.5
10.71189950280759,20.267011485,18.5
8.51491789,20.267011485,18.5
12.90445788,17.584617911913696,18.5
12.904457879999999,19.37321596842458,18.5
12.90445788,18.478907377,18.5
12.90445788,19.369841810527195,18.5
12.904457879999999,20.267011484999998,18.5
12.90445788,20.267011485,18.5
8.513916934898223,23.842811956239846,18.5
6.31177267817319,21.16447523075913,18.5
6.325748717976043,21.158782011372136,18.5
6.321535019958997,27.420558021498167,18.5
6.3199387423666575,21.161148738016017,18.5
6.322545306918081,21.160086939105383,18.5
12.904457879999999,22.055115592,18.5
8.51491789,22.055115592,18.5
8.51491789,22.055115592,18.5
10.686291086808463,22.939636827040463,18.5
8.51491789,22.948437713320565,18.5
8.51491789,20.267011485000005,18.5
12.904457880000002,18.478907377,18.5
12.90445788,21.140583729357058,18.5
12.904457879999999,22.06055318997356,18.5
12.904457880000002,22.03982038084399,18.5
12.90445788,20.26325756144498,18.5
12.90445788,18.478907377,18.5
4.1253779,26.524527615944137,18.5
4.1253779,22.055115592,18.5
8.504985077560837,24.731202474441965,18.5
4.1253779,22.055115592,18.5
4.1253779,22.055115592,18.5
8.500671659997693,23.83741641809042,18.5
10.71028130000849,23.842736239034764,18.5
12.90445788,24.735660747715002,18.5
12.90445788,24.734613940887677,18.5
12.904457880000002,24.73392269801765,18.5
10.711278913518285,22.056411821551414,18.5
12.90445788,24.735478423918586,18.5
12.90445788,22.06969321105111,18.5
12.904457879999999,23.8379788588743,14.803614835500415
12.90445788,25.63132381,18.5
12.90445788,24.74124754604249,18.5
12.904457879999999,23.844595143954514,14.799051295324226
12.90445788,24.744580355503057,18.5
4.1253779,26.526821080924247,18.5
4.1253779,26.526533042946937,18.5
12.90445788,27.41942792,18.5
12.904457879999999,27.419427919999997,18.5
8.504195008667619,27.419427920000004,18.5
6.314866228100755,25.631323810000005,18.5
6.326751741692883,24.734581640445796,18.5
12.904457879999999,26.52513385538831,14.801001547458252
8.51491789,25.63132381,18.5
6.325514707323083,26.5231896634403,18.5
8.51491789,27.419427919999997,18.5
10.702324346109148,25.631323810000005,18.5
12.904457879999999,29.207532019999995,18.5
12.904457879999999,25.631323809999998,18.5
12.904457879999999,25.631323809999998,18.5
12.904457880000002,25.63132381,18.5
12.904457880000002,25.631323810000005,18.5
12.90445788,27.414920246499108,18.5
6.3240157208161,29.20753202,18.5
4.1253779,29.20753202,18.5
4.1253779,29.207532020000002,18.5
4.1253779,29.20753202,18.5
6.320574591316585,29.207532020000002,18.5
6.316895943482566,29.207532019999995,18.5
10.701862746381607,27.419427920000004,18.5
8.51491789,27.419427920000004,18.5
7.055834283414306,26.82506190449196,18.5
8.51491789,27.41942792,18.5
8.51491789,27.41942792,18.5
8.51491789,28.313112643712927,18.5
12.904457879999999,28.315719833585256,18.5
12.90445788,27.41942792,18.5
12.904457879999999,29.207532019999995,18.5
12.904457879999999,26.526666382602357,18.5
12.904457879999999,27.419427919999997,18.5
12.90445788,29.20753202,18.5
4.1253779,29.207532019999995,18.5
4.1253779,29.207532019999995,18.5
4.1253779,29.20753202,18.5
4.1253779,29.207532019999995,18.5
4.1253779,29.207532020000002,18.5
4.1253779,29.20753202,18.5
6.319175540943655,27.419427920000004,18.5
10.71296617167894,28.31481539873854,18.5
8.51491789,27.41942792,18.5
12.904457880000002,28.317139383032462,18.5
12.904457879999999,29.207532019999995,18.5
8.51491789,29.207532020000002,18.5
12.90445788,29.20753202,18.5
12.904457879999999,29.207532019999995,18.5
12.904457879999999,29.207532019999995,18.5
12.904457880000002,28.332384741451374,18.5
12.90445788,29.207532020000002,18.5
12.904457880000002,29.207532020000002,18.5
6.30446758398851,29.207532019999995,11.099999999999998
6.300736898899874,29.20753202,11.1
4.1253779,27.41942792,11.1
8.51491789,29.20753202,11.1
10.710767294514465,29.207532020000002,11.100000000000001
8.518203787244854,27.41942792,11.1
8.51491789,29.207532020000002,11.100000000000001
6.317258804030868,29.207532019999995,11.099999999999998
6.319330222418653,29.207532019999995,11.099999999999998
6.331163543345214,29.20753202,11.1
6.2996069551212655,29.207532020000002,11.100000000000001
6.316482709470506,29.207532020000002,11.100000000000001
4.1253779,25.631323809999998,11.099999999999998
4.1253779,25.631323810000005,11.1
4.1253779,28.31079662538515,11.1
4.1253779,29.20753202,11.1
6.320496879610689,29.207532019999995,11.099999999999998
4.1253779,29.207532020000002,11.100000000000001
12.90445788,26.526177763897508,11.1
8.496018094836193,27.419427920000004,11.1
8.51831693113829,27.41942792,11.1
4.1253779,27.419427919999997,11.099999999999998
4.1253779,27.419427919999997,11.099999999999998
8.489389485395908,27.419427919999997,11.099999999999998
4.1253779,27.419427920000004,11.100000000000001
4.1253779,29.207532020000002,11.1
4.1253779,29.207532020000002,11.100000000000001
6.300573883753739,29.20753202,11.1
4.1253779,29.207532020000002,11.100000000000001
6.309229449127165,29.207532019999995,11.099999999999998
4.1253779,25.631323809999998,11.099999999999998
4.1253779,26.52829365178394,11.1
4.1253779,28.314537285778904,11.1
4.1253779,25.63132381,11.1
4.1253779,25.631323809999998,11.099999999999998
4.1253779,25.631323810000005,11.100000000000001
8.51491789,25.63132381,11.1
6.301482371088463,27.41942792,11.1
8.51491789,25.63132381,11.099999999999998
6.323953108827318,26.52382578947966,11.099999999999998
10.705299026480063,25.63132381,11.1
8.51491789,25.63132381,11.1
6.314142975398779,29.207532020000002,11.100000000000001
6.3299050186110986,27.41147867529755,11.099999999999998
6.317261679949789,28.312304253871087,11.100000000000001
4.1253779,28.310251625611343,11.1
6.319887772931333,25.631323810000005,11.1
6.319551364028559,25.631323809999998,11.099999999999998
4.1253779,25.63132381,11.1
4.1253779,26.524218969901234,11.1
4.1253779,25.631323810000005,11.100000000000001
4.125377900000001,25.631323810000005,11.100000000000001
4.1253779,25.63132381,11.1
4.1253779,25.631323810000005,11.100000000000001
12.904457880000002,23.8432197,11.100000000000001
6.309928235806217,22.055115592,11.099999999999998
12.904457879999999,23.8432197,11.099999999999998
10.711671235950304,22.949975575302368,11.099999999999998
10.7128573762241,22.950458756296523,11.100000000000001
10.708392548426898,24.737799417729004,11.1
12.904457880000002,23.8432197,11.100000000000001
8.51491789,25.631323809999998,11.099999999999998
6.320063535186805,26.525410229450266,11.099999999999998
8.51491789,24.736466468151455,11.100000000000001
4.1253779,27.419427920000004,11.100000000000001
4.1253779,22.055115592,11.1
4.1253779,24.73768595925752,11.1
4.1253779,23.8432197,11.099999999999998
4.1253779,25.63132381,11.1
4.1253779,25.631323809999998,11.1
4.1253779,23.8432197,11.099999999999998
4.1253779,23.8432197,11.100000000000001
8.51491789,20.267011485,11.1
8.51491789,21.162128408538045,11.1
10.700335492357254,22.945357895606513,11.1
6.315286795087809,21.159083341773844,11.1
12.90445788,24.7388485759967,11.1
12.90445788,24.739065322751657,11.1
4.1253779,20.267011485,11.1
8.51491789,25.63132381,11.1
8.51491789,25.63132381,11.1
8.51491789,25.63132381,11.1
8.51491789,24.737615234462233,11.099999999999998
8.51491789,25.631323809999998,11.1
4.1253779,21.160040493358252,11.1
4.1253779,23.8432197,11.100000000000001
4.1253779,23.8432197,11.1
4.1253779,22.054561214357005,11.1
4.1253779,23.8432197,11.1
4.1253779,20.267011484999998,11.1
8.51491789,20.267011485,11.1
8.51491789,20.267011484999998,11.099999999999998
8.51491789,20.267011485000005,11.1
8.51491789,20.267011485,11.1
10.709898349321367,20.267011485000005,11.100000000000001
12.90445788,20.267011485,11.1
8.51491789,21.161809233697237,11.1
6.311537485992195,21.164571037633145,11.100000000000001
4.1253779,22.055115592,11.099999999999998
4.1253779,22.055115592,11.1
4.1253779,22.055115592,11.1
4.1253779,22.055115592,11.1
4.1253779,20.267011485,11.1
6.319769357599258,22.054807193769086,11.1
6.320745196363422,22.05560222072245,11.099999999999998
6.320658176651856,22.055531324772513,11.1
4.1253779,22.94894313156524,11.1
4.1253779,21.15960994949508,11.100000000000001
6.32018653580824,17.58487106405324,11.099999999999998
6.317081451836392,17.58360619041835,11.100000000000001
10.708289456910713,17.585424981144193,11.099999999999998
6.324727708377392,17.586720936554684,11.1
6.32148838207584,17.58540137854248,11.100000000000001
8.51491789,18.478907377,11.099999999999998
4.1253779,16.69080327,11.100000000000001
8.51491789,18.478907377,11.1
8.51491789,18.478907377,11.1
8.51491789,18.478907377,11.1
8.51491789,17.58346357316642,11.099999999999998
8.51491789,19.37149353931675,11.099999999999998
4.1253779,19.375835927460283,11.1
4.1253779,16.69080327,11.1
4.1253779,19.369612241923022,11.1
4.1253779,17.58247212461049,11.099999999999998
4.1253779,18.478907377,11.1
4.1253779,18.4724893590754,11.099999999999998
4.1253779,16.690803270000004,11.100000000000001
8.51491789,16.69080327,11.1
8.500080340856169,16.690803270000004,11.1
4.1253779,16.690803269999996,11.099999999999998
8.510704488260263,16.690803270000004,11.100000000000001
6.326612911769834,16.690803270000004,11.100000000000001
6.310447269578152,16.690803270000004,11.100000000000001
4.1253779,16.690803269999996,11.099999999999998
6.332484602303161,16.690803269999996,11.099999999999998
8.51491789,16.69080327,11.099999999999998
6.323846022561367,16.690803270000004,11.1
6.324410462034383,16.69080327,11.1
4.1253779,16.69080327,11.100000000000001
4.1253779,16.69080327,11.1
4.1253779,16.690803270000004,11.100000000000001
4.1253779,17.284991898570844,11.1
4.1253779,16.69080327,11.1
4.1253779,16.690803269999996,11.099999999999998
6.3207077671629035,16.69080327,11.1
4.1253779,16.69080327,11.1
4.1253779,16.69080327,11.1
6.312915961922501,16.69080327,11.099999999999998
6.319813446180187,16.69080327,11.099999999999998
4.125377900000001,16.690803270000004,11.100000000000001
8.51491789,16.690803270000004,11.100000000000001
6.315636743333485,16.69080327,11.1
8.51491789,16.690803270000004,11.1
8.51491789,16.690803270000004,11.100000000000001
4.1253779,16.69080327,11.1
8.51491789,16.69080327,11.1
12.904457879999999,16.69080327,11.099999999999998
12.90445788,18.476310262943205,11.1
12.904457880000002,17.58399170368673,11.1
12.904457880000002,17.585457044370298,11.100000000000001
12.90445788,16.69080327,11.1
12.904457880000002,17.566301515480383,11.100000000000001
4.1253779,17.587098277531847,11.1
4.1253779,16.69080327,11.1
4.1253779,16.69080327,11.1
4.1253779,17.581591116243928,11.099999999999998
4.1253779,16.690803270000004,11.1
4.1253779,17.585726317209854,11.1
8.51491789,20.267011485,11.1
8.51491789,19.3822667875914,11.1
8.51491789,19.370019873927273,11.100000000000001
8.51491789,18.478907377,11.1
8.51491789,19.37100459520414,11.1
8.51491789,19.37468779143721,11.100000000000001
10.711281335858093,18.47760917494076,11.100000000000001
12.904457880000002,17.582664434491065,11.100000000000001
12.904457880000002,16.690803270000004,11.100000000000001
12.904457880000002,16.690803270000004,11.100000000000001
12.904457880000002,17.576320735457855,11.100000000000001
10.720580281649962,18.470033217913944,11.099999999999998
8.51491789,21.15952561326549,11.100000000000001
4.1253779,22.055115592,11.1
4.1253779,22.055115592,11.099999999999998
4.1253779,19.37012408627234,11.1
4.1253779,17.584870855372962,11.100000000000001
6.322936636785425,18.48117939718891,11.099999999999998
8.51491789,20.267011484999998,11.099999999999998
8.51491789,21.15899254224927,11.099999999999998
8.51491789,21.157007480774652,11.1
8.51491789,21.160820685949837,11.100000000000001
10.712323503699805,20.267011485000005,11.1
8.51491789,21.160497792866458,11.1
10.706172752435954,18.48177119602791,11.100000000000001
10.705246488696044,19.374768659072743,11.099999999999998
10.720026325833253,20.267011485,11.1
10.714868844914244,19.37084893747969,11.1
10.710559187579028,20.267011485000005,11.1
10.692242399131523,20.267011485,11.099999999999998
6.312725108587763,22.946143931691264,11.1
4.1253779,16.69080327,11.1
4.1253779,22.055115592,11.1
4.1253779,18.479794797036924,11.100000000000001
4.1253779,20.283970693429325,11.1
4.1253779,22.055115592,11.1
8.51491789,22.949512350434965,11.100000000000001
8.51491789,22.055115592,11.099999999999998
10.71260696471304,22.055115592,11.1
8.51491789,20.267011484999998,11.099999999999998
8.51491789,22.055115592,11.1
10.710238444742783,22.948943372354012,11.1
12.90445788,21.162095005648066,11.1
12.90445788,20.267011485,11.1
12.904457879999999,21.15990488012855,11.099999999999998
12.904457880000002,21.156858113514097,11.100000000000001
12.904457879999999,18.49482120140209,11.099999999999998
12.904457880000002,22.055115592,11.100000000000001
4.1253779,23.8432197,11.1
4.1253779,22.94419351914697,11.1
4.1253779,22.94564175619695,11.100000000000001
8.491358003072149,22.944369018957566,11.1
8.483164681121508,22.942700220783784,11.100000000000001
8.47925933059637,22.941904787397476,11.1
8.51491789,24.73883913816894,11.1
8.51491789,23.84338689676197,11.099999999999998
8.51491789,24.735913183185147,11.100000000000001
7.05151740180908,25.035199288188732,11.100000000000001
4.1253779,23.8432197,11.1
8.51491789,23.840590409229442,11.100000000000001
12.904457879999999,22.94821652605188,11.099999999999998
12.904457880000002,22.953327696626616,11.100000000000001
12.90445788,22.949529407820442,11.1
12.90445788,22.055115592,11.1
12.90445788,22.946796221606363,11.1
12.904457880000002,22.950829340517394,11.100000000000001
4.1253779,27.41942792,11.1
4.1253779,25.631323810000005,11.1
4.1253779,27.41942792,11.1
4.1253779,27.41942792,11.1
4.1253779,25.63132381,11.1
4.1253779,26.526451410323887,11.1
8.51491789,26.53210543771489,11.1
10.697713998228751,28.31835760093112,11.1
10.713013544548959,28.31212524365322,11.1
8.51491789,27.410974818180534,11.099999999999998
10.712441119932702,28.312358424078873,11.100000000000001
10.698099429850284,27.419427919999997,11.1
12.90445788,22.055115592,11.1
10.720917332071924,24.732697375792135,11.099999999999998
10.7056961858674,25.631323809999998,11.099999999999998
12.904457880000002,22.949997128762348,11.100000000000001
12.90445788,25.63132381,11.1
12.904457880000002,26.52449646283183,11.1
6.319251850657654,28.3138449787631,11.1
4.1253779,26.523619194725626,11.100000000000001
4.1253779,28.308894184693877,11.1
8.520280594166843,28.312387705966678,11.1
4.1253779,27.419427919999997,11.099999999999998
4.1253779,28.319004426447023,11.1
4.1253779,28.31996703933089,11.1
8.51491789,27.419427920000004,11.100000000000001
8.51491789,27.419427920000004,11.100000000000001
6.330306205865561,27.419427920000004,11.100000000000001
4.1253779,28.312324577135552,11.100000000000001
6.337052851770082,28.30659363963742,11.1
12.904457879999999,28.31475302812826,11.099999999999998
12.904457879999999,27.419427919999997,11.099999999999998
12.90445788,27.41942792,11.1
12.904457879999999,28.314068370882403,11.099999999999998
12.904457880000002,27.419427920000004,11.100000000000001
12.904457880000002,27.419427920000004,11.100000000000001
4.1253779,29.207532020000002,11.1
4.1253779,29.20753202,11.1
4.1253779,29.20753202,11.100000000000001
4.1253779,29.207532020000002,11.100000000000001
6.314445003361268,29.20753202,11.1
4.1253779,29.207532020000002,11.100000000000001
8.48671809300194,28.319223643909595,11.099999999999998
4.125377899999999,28.31963906326575,11.099999999999998
4.1253779,28.319521719907748,11.099999999999998
4.1253779,28.320931196554703,11.099999999999998
4.1253779,28.31874947463845,11.1
8.480648156750066,28.32045995545061,11.1
12.904457880000002,29.207532020000002,11.100000000000001
12.90445788,27.42728340168682,11.1
12.904457879999999,28.313726731208966,11.099999999999998
12.90445788,29.20753202,11.1
12.904457880000002,26.522478958990725,11.100000000000001
12.904457880000002,29.207532020000002,11.100000000000001
4.1253779,29.207532020000002,18.5
4.1253779,29.207532020000002,18.5
4.1253779,27.423155608737584,18.5
4.1253779,29.207532020000002,18.5
4.1253779,29.207532019999995,18.5
4.1253779,27.4319064885549,18.5
8.51491789,29.207532019999995,18.5
8.51491789,29.20753202,18.5
8.51491789,29.20753202,18.5
6.3206553802861745,29.20753202,18.5
6.319812371502254,29.20753202,18.5
6.318807517239616,29.20753202,18.5
8.51491789,27.419427920000004,18.5
8.51491789,27.41942792,18.5
8.51491789,27.41942792,18.5
6.310897487266034,28.317248176243353,18.5
8.51491789,27.419427919999997,18.5
8.51491789,27.419427920000004,18.5
4.1253779,25.631323810000005,18.5
6.322213469346185,27.419427920000004,18.5
6.315603360818896,27.419427920000004,18.5
6.331348738401563,26.529938592339867,18.5
4.1253779,25.631323809999998,18.5
6.316194615715491,27.419427920000004,18.5
8.51491789,27.419427920000004,18.5
4.1253779,29.20753202,18.5
4.1253779,29.20753202,18.5
4.1253779,29.20753202,18.5
4.1253779,29.207532019999995,18.5
4.1253779,29.207532019999995,18.5
4.1253779,29.207532020000002,18.5
6.316724785335898,28.314874393205862,18.5
4.1253779,28.316593524727082,18.5
4.1253779,29.20753202,18.5
6.313690646883997,28.31611036677443,18.5
4.1253779,27.419427920000004,18.5
8.51491789,25.629899326359784,18.5
6.325479504945607,26.527547726670782,18.5
4.1253779,25.631323810000005,18.5
8.51491789,27.419427920000004,18.5
6.315081601551466,26.523312081515076,18.5
6.31837773735246,25.631323809999998,18.5
8.51491789,25.63132381,18.5
6.319854561928854,26.525495355896837,18.5
6.319060002759072,26.525819024099057,18.5
6.319693443687421,25.631323809999998,18.5
6.31911505115389,25.631323810000005,18.5
4.1253779,27.419427919999997,18.5
6.320276226748703,27.419427919999997,18.5
4.1253779,26.521813326947907,18.5
4.1253779,27.419427920000004,18.5
6.322578298678311,27.419427919999997,18.5
4.1253779,27.41942792,18.5
6.3174350747461405,24.738376837777846,18.5
10.708795424752399,24.73690820623626,18.5
8.51491789,23.842225779460307,18.5
12.90445788,25.63132381,18.5
8.490367244540785,23.833218855780633,18.5
12.90445788,25.63132381,18.5
8.492839117952693,23.834225787489835,18.5
8.51491789,27.41942792,18.5
6.318685585299669,25.63132381,18.5
6.322111904338062,25.63132381,18.5
6.320855531647537,25.63132381,18.5
6.320106287463589,25.63132381,18.5
4.1253779,25.63132381,18.5
6.321810762584061,26.52469848642087,18.5
8.51491789,25.631323809999998,18.5
10.70749242488958,24.738166088177447,18.5
8.51491789,26.521956381885587,18.5
6.325576153804757,26.523164632866102,18.5
10.70956193034107,24.737323063347528,18.5
12.90445788,24.737186288500624,18.5
8.495564355236514,22.055115592,18.5
12.90445788,25.63132381,18.5
12.90445788,23.843115490920578,18.5
12.90445788,22.055115592,18.5
4.1253779,22.055115592,18.5
4.1253779,22.055115592,18.5
4.1253779,22.055115592,18.5
4.1253779,22.055115592,18.5
4.1253779,22.055115592,18.5
6.30751801121399,21.166208393569132,18.5
6.317899230064624,23.841387688069318,18.5
8.487042228033832,23.831864391373855,18.5
6.319438279959694,24.737560820727385,18.5
6.3207701430568015,22.949421122288882,18.5
8.51525516008958,23.84335708989141,18.5
8.51491789,23.8432197,18.5
4.1253779,23.8432197,18.5
12.904457879999999,18.478907376999995,18.5
12.904457879999999,19.37314855359965,18.5
10.716676301152017,20.267011485,18.5
8.515753217351351,17.584685185823723,18.5
12.904457880000002,18.478907377,18.5
12.90445788,19.37247264313271,18.5
8.51491789,20.267011485000005,18.5
6.316243336906826,19.37773106291106,18.5
4.1253779,22.055115592,18.5
6.3097889365644,21.16528331919801,18.5
4.1253779,22.055115592,18.5
8.51491789,20.267011485,18.5
8.508068600851148,20.269801581432347,18.5
8.498785534983266,20.2735830911683,18.5
6.318012996437066,21.161933201584766,18.5
4.1253779,22.055115592,18.5
4.1253779,22.055115592,18.5
4.1253779,22.055115592,18.5
8.51491789,19.373714404097093,18.5
8.51491789,19.37478454236045,18.5
8.51491789,19.37314584280914,18.5
8.51491789,19.373794640771806,18.5
8.51491789,19.373419298004777,18.5
8.512411192592591,18.478907377,18.5
8.51491789,16.690803270000004,18.5
6.32153842822854,17.58428888187228,18.5
6.3184825529890425,17.585533710049877,18.5
6.3188959976073455,21.161573506030642,18.5
8.51491789,16.69080327,18.5
6.318627680463951,17.58547459154668,18.5
7.048836350642024,17.883463654634358,18.5
4.1253779,16.690803270000004,18.5
8.512397804028614,17.585368609184343,18.5
4.1253779,16.690803269999996,18.5
4.1253779,16.690803269999996,18.5
8.51491789,16.690803270000004,18.5
8.507818435647506,17.5863013250758,18.5
8.518425196445499,17.584140962875196,18.5
8.509851921707073,17.585887149013736,18.5
4.1253779,16.69080327,18.5
4.1253779,18.478907377,18.5
8.50798276360832,17.586267855110577,18.5
6.324581054564433,16.69080327,18.5
8.51491789,16.690803270000004,18.500000000000004
8.51491789,16.69080327,18.5
8.51491789,16.69080327,18.5
8.514917890000001,16.690803270000004,18.500000000000004
8.51491789,16.69080327,18.5
4.1253779,16.690803270000004,18.5
4.1253779,17.585329605123405,18.5
4.1253779,18.478907377,18.5
4.1253779,18.478907377,18.5
4.1253779,18.478907377,18.5
8.51491789,16.69080327,18.5
4.1253779,17.587095531573773,18.5
4.1253779,17.585943893502943,18.5
6.320522640589186,16.69080327,18.5
4.1253779,16.690803269999996,18.5
4.1253779,17.585971158632887,18.5
4.1253779,17.585909093863336,18.500000000000004
6.319685384708931,16.690803269999996,18.5
6.319434926680525,16.690803269999996,18.5
8.51491789,16.690803269999996,18.5
8.51491789,16.69080327,18.5
6.322655529854522,16.69080327,18.5
6.319561478586639,16.690803269999996,18.5
12.904457880000002,18.478907377,18.5
12.90445788,18.478907377,18.5
12.90445788,18.478907377,18.5
12.904457879999999,18.478907377,18.5
12.90445788,18.478907377,18.5
8.51491789,19.374952375509686,18.5
8.514413254702884,17.58495810653072,18.5
4.1253779,17.584991729562756,18.5
8.515591485634886,17.58471812699149,18.5
6.31860128872451,19.37232941212764,18.5
6.317947308528445,19.372063009571157,18.5
8.511359116237728,17.585580166877065,18.5
8.51491789,18.477588085629012,18.5
4.1253779,22.055115592,18.5
6.3283321389012475,21.157729640149412,18.5
8.517810140258234,22.057471942721385,14.797562084869977
4.1253779,18.478907377,18.5
6.321530669155329,19.373522711925382,18.5
12.904457879999999,18.478907376999995,18.499999999999996
10.719084851968635,18.478907377,18.5
12.90445788,18.478907377,18.5
12.904457880000002,18.478907377,18.5
12.904457880000002,19.375189886828664,18.5
12.904457879999999,17.592029523021086,18.5
4.1253779,21.160962008666218,18.5
4.1253779,21.162437532151298,18.5
6.317232522412054,21.162251132122524,18.5
6.317540761520123,21.16212556916688,18.5
4.1253779,21.160534990250213,18.5
8.51219205880204,22.055115592,18.5
10.708531747907603,22.947754770417603,14.801949045800523
8.51491789,19.375182049407258,18.5
8.508292742925063,20.269710275882353,18.5
12.90445788,22.950973325180954,14.797509090815463
10.707588737608923,20.267011485,18.5
10.71010972459758,20.267011485000005,18.5
12.90445788,16.69080327,18.5
12.90445788,18.478907377,18.5
12.90445788,18.478907377,18.5
12.90445788,18.478907377,18.5
12.90445788,18.478907377,18.5
12.904457879999999,17.58990622786814,18.5
12.90445788,22.055115592,18.5
12.904457880000002,22.055115592,18.5
12.904457879999999,22.055115592,18.5
12.90445788,23.84429543081177,18.5
10.700620599577661,22.93808681646619,18.5
12.904457880000002,23.844366167660063,18.5
12.904457880000002,23.84370259441701,18.5
8.530672435302677,23.849637404735546,18.5
12.904457880000002,22.055115592,18.5
12.90445788,23.841149159925898,18.5
12.90445788,23.842455886999275,18.5
12.904457879999999,23.841691450067145,18.5
10.687280716793031,22.94003995844941,18.5
12.904457880000002,23.843219700000002,18.5
12.90445788,21.17114068308672,18.5
10.717544876711296,22.06151677311736,18.5
12.90445788,23.8432197,18.5
8.51491789,22.94323451760282,18.5
10.717230475022983,25.631323810000005,18.5
10.702329286897543,25.63132381,18.5
8.517619163748707,23.84432008024261,18.5
12.90445788,24.73725447463919,18.5
10.714309694167982,25.631323809999998,18.5
8.51491789,25.631323810000005,18.5
8.509898272341005,26.526398249918138,18.5
12.904457880000002,22.055115592000003,18.5
12.904457879999999,22.055115592,18.5
12.904457879999999,25.631323809999998,18.5
10.709772026351331,22.949201921458545,18.5
12.904457880000002,22.055115592,18.5
12.904457880000002,24.73653778319639,18.500000000000004
12.904457880000002,24.72625109525785,18.5
12.904457880000002,27.42787785241166,14.782515129664032
12.904457879999999,24.736707730513608,18.499999999999996
12.904457879999999,23.8432197,18.5
12.90445788,24.73826921447383,18.5
6.320319460770133,26.525445753293404,18.5
6.317956041441958,26.5244830009722,18.5
6.314936588419181,26.5232530095899,18.5
4.1253779,25.631323809999998,18.499999999999996
4.1253779,25.631323809999998,18.5
4.1253779,25.631323810000005,18.5
6.318833256384937,26.524840339474295,18.5
10.712071013831135,25.629382247801082,18.5
8.51491789,25.63132381,18.5
4.1253779,25.63132381,18.5
6.318658991024719,26.5247693514875,18.5
4.1253779,25.63132381,18.5
12.90445788,25.63132381,18.5
12.904457880000002,25.63132381,18.5
12.904457880000002,25.631323810000005,18.5
12.904457879999999,24.73353526549974,18.5
12.90445788,25.63132381,18.5
12.904457880000002,25.63132381,14.789748288671824
8.51491789,27.41942792,18.5
6.320147895,27.41942792,18.5
8.51491789,27.419427920000004,18.5
6.321172163291475,27.419427919999997,18.5
8.51491789,27.41942792,18.5
6.322608610681547,27.419427919999997,18.5
4.1253779,25.63132381,18.5
8.51491789,27.419427919999997,18.5
8.51491789,27.41942792,18.5
8.51491789,27.41942792,18.5
6.327810376855518,26.528497220615822,18.5
8.51491789,27.41942792,18.5
12.904457879999999,25.63132381,18.5
12.90445788,29.207532019999995,18.5
12.90445788,27.40974655139655,14.779967024720435
12.90445788,27.41942792,14.797614786236572
12.904457879999999,27.419427919999997,14.801498836652208
12.904457880000002,29.207532020000002,18.5
4.1253779,29.207532019999995,18.5
6.318934349504024,29.20753202,18.5
4.1253779,29.207532019999995,18.5
4.1253779,29.20753202,18.5
4.1253779,29.207532020000002,18.5
4.1253779,29.207532019999995,18.5
8.51491789,29.207532019999995,18.5
8.51491789,27.41942792,18.5
6.308903885671566,29.207532020000002,18.5
8.51491789,28.31525899071331,18.5
6.310614515641545,27.41942792,18.5
8.51491789,27.419427920000004,18.5
10.706713881298722,29.207532019999995,18.5
12.904457879999999,28.312762002583366,18.5
10.694799288428914,29.207532020000002,18.5
12.904457879999999,27.41942792,18.5
12.90445788,29.20753202,18.5
12.90445788,29.20753202,18.5
8.51491789,28.30633242126541,11.099999999999998
8.51491789,26.539004719479593,11.100000000000001
8.51491789,27.419427919999997,11.099999999999998
8.51491789,27.419427920000004,11.100000000000001
8.51491789,27.419427920000004,11.100000000000001
8.514917890000001,27.419427920000004,11.100000000000001
6.328608951428421,28.31003331050391,11.100000000000001
6.314467635189024,28.315793856165797,11.1
6.310762788123085,28.317303046705938,11.1
8.501617919920939,29.207532019999995,11.099999999999998
8.467179079312684,28.32320330813037,11.1
6.326211709930199,28.311009840473208,11.1
12.904457879999999,29.207532019999995,11.099999999999998
10.710802367619095,27.41942792,11.1
10.71628249577261,26.528062217249488,11.1
10.714930286191397,27.419427920000004,11.100000000000001
8.51491789,25.63132381,11.1
12.904457879999999,27.419427919999997,11.099999999999998
10.688639452971724,27.419427919999997,11.099999999999998
8.51491789,27.41942792,11.100000000000001
8.51491789,27.41942792,11.100000000000001
12.904457880000002,27.419427920000004,11.100000000000001
6.318396516571029,27.419427920000004,11.100000000000001
10.717095478854956,27.419427920000004,11.100000000000001
6.318531636997615,27.419427920000004,11.100000000000001
10.699257703072643,23.85171728899529,11.1
8.51491789,26.522024971341605,11.1
8.51491789,25.631323810000005,11.100000000000001
8.51491789,25.631323809999998,11.099999999999998
10.709185268677459,23.843629188241778,11.1
12.904457880000002,25.63132381,11.100000000000001
10.711378785598836,26.52606466298732,11.099999999999998
10.709687885000001,22.0551155925,11.1
7.055624711694304,25.036872424923367,11.1
10.717285085588216,23.83703017516375,11.100000000000001
8.51491789,25.63132381,11.1
10.692690697877413,24.744195655960368,11.1
8.51491789,20.267011485,11.1
8.51491789,21.156873557163117,11.099999999999998
12.904457880000002,20.278155202665182,11.1
8.51491789,20.267011485,11.1
8.51491789,20.267011485000005,11.100000000000001
8.51491789,20.267011485,11.1
8.51491789,25.63132381,11.099999999999998
6.330254549885127,21.15694653508978,11.1
12.90445788,22.055115592,11.1
8.51491789,21.163082768920532,11.100000000000001
8.51491789,22.055115592,11.100000000000001
8.51491789,20.267011485,11.1
10.71070593035525,22.055115592,11.1
8.51491789,21.160976284538936,11.099999999999998
10.689108809366111,22.03834958524032,11.100000000000001
10.71068530021633,20.267011485,11.1
12.90445788,23.8432197,11.1
8.51491789,21.161455411443054,11.099999999999998
10.706719567793211,22.945540164753936,11.1
10.706122699230018,21.159611239778027,11.099999999999998
10.707375365362948,20.267011485,11.100000000000001
8.51491789,20.267011484999998,11.099999999999998
8.51491789,20.267011485000005,11.100000000000001
8.51491789,20.267011484999998,11.099999999999998
8.51491789,19.376058971586474,11.100000000000001
8.51491789,20.267011485,11.1
8.51491789,20.267011485000005,11.100000000000001
8.51491789,19.38410044269152,11.100000000000001
8.51491789,20.267011485000005,11.100000000000001
8.51491789,20.267011484999998,11.099999999999998
8.51491789,20.267011484999998,11.099999999999998
8.51491789,20.267011485000005,11.100000000000001
10.701526995695176,18.485556146947395,11.100000000000001
8.51491789,20.267011485000005,11.100000000000001
8.51491789,20.267011485,11.099999999999998
8.51491789,19.37366485789989,11.099999999999998
8.51491789,20.267011484999998,11.099999999999998
8.51491789,19.372821511999152,11.1
8.51491789,20.267011485000005,11.1
8.51491789,19.37472525472609,11.1
8.51491789,18.478907377,11.100000000000001
10.697614512236415,20.267011485,11.099999999999998
8.51491789,18.478907377,11.1
12.90445788,16.69080327,11.1
8.51491789,20.267011485000005,11.100000000000001
8.51491789,19.372821582793684,11.1
10.716742702844076,17.58198150328424,11.099999999999998
8.51491789,16.690803270000004,11.100000000000001
12.90445788,16.69080327,11.1
8.51491789,16.690803269999996,11.099999999999998
8.51491789,16.690803270000004,11.100000000000001
10.703053521843248,16.69080327,11.100000000000001
8.51491789,16.690803270000004,11.100000000000001
6.314986588305502,17.582752835831833,11.100000000000001
6.320232373490971,16.690803269999996,11.1
8.51363033350474,16.690803270000004,11.100000000000001
8.51491789,17.584820421574882,11.1
8.51491789,16.69080327,11.1
8.51491789,16.69080327,11.099999999999998
8.51491789,16.690803269999996,11.1
12.904457879999999,16.690803269999996,11.1
8.51491789,16.690803269999996,11.1
8.51491789,16.690803269999996,11.1
10.714853496862746,16.69080327,11.1
8.51491789,16.69080327,11.1
4.1253779,28.327116516269022,11.1
6.29819150078483,27.437316039366827,11.099999999999998
6.285245248853444,27.447863498223846,11.1
4.1253779,28.32070744145509,11.1
6.312180528925124,29.207532019999995,11.099999999999998
6.317766220477914,29.20753202,11.1
4.1253779,28.32699729978856,11.1
6.307046957063044,29.20753202,11.1
6.304108232338503,27.432495610801006,11.099999999999998
6.327602771469623,27.41335434225754,11.1
6.317984668371134,29.207532020000002,11.100000000000001
8.51491789,25.63132381,11.1
8.51491789,25.63132381,11.1
8.51491789,25.631323809999998,11.099999999999998
6.307956192724994,26.530342224344146,11.100000000000001
6.322554378355944,26.524395570301873,11.099999999999998
6.32625455111708,26.522888283857974,11.1
6.327446566261523,26.522402709701268,11.1
8.51491789,26.524340491274216,11.1
6.339574468723627,26.517462339574198,11.099999999999998
4.1253779,28.308683458744405,11.099999999999998
6.326153111940697,27.41942792,11.1
6.329880854233527,26.521411088634466,11.100000000000001
6.326263441317218,26.52288466238432,11.1
6.3235019806379835,26.524009559116415,11.100000000000001
6.326934824419496,26.522611170654592,11.099999999999998
6.324355396962175,26.523661915117202,11.1
6.307950627513854,26.53034449136459,11.1
4.1253779,22.068005366072782,11.100000000000001
6.3176867431986565,26.526378429200655,11.1
6.315821396478173,22.048065898271034,11.1
10.706385515371718,18.48159785564134,11.1
6.312950163151324,27.419427919999997,11.1
8.51491789,25.63132381,11.1
6.321666245769099,27.41942792,11.1
8.51491789,25.63132381,11.100000000000001
6.320271827394976,26.52532538043321,11.100000000000001
8.505204297364106,19.37889476189872,11.100000000000001
4.1253779,22.056013013430046,11.100000000000001
8.51491789,25.631323809999998,11.099999999999998
6.319739603196886,21.16023194004639,11.099999999999998
6.3197321924258985,26.525545203810665,11.099999999999998
6.333661415096329,26.519871055639598,11.1
4.1253779,22.94156728744408,11.1
4.1253779,17.588679069472157,11.099999999999998
10.70772589308076,20.267011484999998,11.099999999999998
4.1253779,19.374866726853533,11.1
6.3100511473528105,21.16517650614044,11.099999999999998
6.317022170306955,22.052569028998914,11.1
4.1253779,22.055115592,11.099999999999998
4.1253779,17.583441425009546,11.1
4.1253779,16.69080327,11.100000000000001
6.318489196845969,20.26430876445153,11.099999999999998
4.1253779,16.690803270000004,11.100000000000001
6.32621420528271,16.69080327,11.1
4.1253779,16.69080327,11.100000000000001
4.1253779,16.69080327,11.099999999999998
4.1253779,16.690803269999996,11.099999999999998
4.1253779,16.690803270000004,11.1
6.318842704810201,16.69080327,11.1
8.51491789,20.267011485,11.099999999999998
4.1253779,16.69080327,11.1
4.1253779,16.69080327,11.1
6.314991929897468,16.690803270000004,11.100000000000001
4.1253779,16.69080327,11.100000000000001
4.1253779,16.69080327,11.1
4.1253779,16.690803270000004,11.100000000000001
4.1253779,16.690803269999996,11.099999999999998
8.51491789,19.370055708981365,11.099999999999998
8.51491789,17.585110645146575,11.099999999999998
8.51491789,20.267011484999998,11.099999999999998
10.710025526432908,19.37309697116015,11.099999999999998
8.514917889999998,20.267011484999998,11.099999999999998
6.32120180807485,16.690803270000004,11.100000000000001
6.315112406990529,16.690803270000004,11.100000000000001
4.1253779,16.69080327,11.1
6.316177783700059,16.690803269999996,11.099999999999998
4.1253779,16.690803269999996,11.099999999999998
6.309621648378073,16.69080327,11.1
6.320917790879241,16.69080327,11.1
6.3349816393416445,16.69080327,11.1
6.315178589683237,16.690803269999996,11.1
6.320441880288298,16.690803269999996,11.1
6.3289034667490665,16.690803270000004,11.100000000000001
6.304610876549202,16.690803270000004,11.100000000000001
6.320988702032916,16.69080327,11.1
6.316884446202522,16.69080327,11.1
4.1253779,16.690803269999996,11.099999999999998
8.51491789,16.690803270000004,11.100000000000001
8.51491789,16.69080327,11.1
4.1253779,16.69080327,11.1
6.33340972250179,16.69080327,11.099999999999998
6.318885605905245,16.69080327,11.099999999999998
8.51491789,16.69080327,11.1
6.309147801950793,16.69080327,11.1
6.3431074520281765,16.69080327,11.100000000000001
6.328753926152995,16.690803270000004,11.100000000000001
6.309354694564933,16.69080327,11.1
6.320105850279906,16.69080327,11.100000000000001
4.1253779,16.690803269999996,11.099999999999998
6.320315356571756,16.690803269999996,11.099999999999998
6.321436587481338,16.69080327,11.1
4.1253779,16.690803270000004,11.100000000000001
4.1253779,16.690803269999996,11.099999999999998
4.1253779,16.69080327,11.1
4.1253779,16.69080327,11.1
4.1253779,16.690803270000004,11.100000000000001
10.70647529513231,17.586163990273647,11.099999999999998
4.1253779,16.69080327,11.1
6.314799360085049,16.69080327,11.1
8.497593987433152,16.690803270000004,11.100000000000001
10.707586694216406,17.585711255528935,11.100000000000001
4.1253779,16.69080327,11.099999999999998
4.1253779,16.690803270000004,11.100000000000001
6.3212167313546495,17.58529072007454,11.099999999999998
4.1253779,16.69080327,11.1
6.3212243735314,17.58529383315875,11.099999999999998
10.706925161746845,19.37183401995249,11.100000000000001
6.320139753267934,22.05510895933817,11.1
4.1253779,24.7382780895371,11.1
8.51491789,19.372992980342232,11.100000000000001
6.316833895757066,17.58350534703996,11.099999999999998
10.698040679819158,18.478907377,11.100000000000001
6.3142306188615045,17.582444887374663,11.1
10.70622798270896,18.478907377,11.099999999999998
6.326661383518193,17.58750863013277,11.100000000000001
4.1253779,16.69080327,11.099999999999998
4.1253779,22.05571653465989,11.100000000000001
4.125377899999999,16.690803269999996,11.099999999999998
6.320390864847356,27.419229964698857,11.1
4.1253779,22.906390503272387,11.1
4.1253779,19.366932490104453,11.100000000000001
6.304670172978664,20.241791732238532,11.100000000000001
6.319989519790893,27.41955694508615,11.1
12.904457880000002,18.478907377,11.1
8.51491789,21.158249518984874,11.1
10.70392763499596,21.16341000913543,11.1
10.702972838932903,21.163798950747896,11.1
12.904457879999999,17.58461937134416,11.099999999999998
8.51491789,23.8432197,11.099999999999998
4.1253779,28.312590158512187,11.099999999999998
4.1253779,24.741620200562984,11.1
6.317437286113483,26.52648004696477,11.1
4.1253779,27.419427920000004,11.100000000000001
6.320560022530979,27.419092150007945,11.099999999999998
12.90445788,27.419427920000004,11.100000000000001
8.51491789,25.631323810000005,11.1
4.1253779,29.207532020000002,11.1
8.504395257215581,27.419427920000004,11.100000000000001
6.321272238355211,26.524917857331978,11.099999999999998
8.51491789,23.8432197,11.100000000000001
6.322961483848188,27.417135652129318,11.1
4.1253779,28.316656045968482,11.099999999999998
6.3173517524920655,28.314618994566132,11.1
4.1253779,28.316387648947355,11.1
4.1253779,28.313515825259735,11.1
4.1253779,27.41942792,11.1
8.525162595723401,28.31139335040557,11.099999999999998
8.536446465600292,29.20753202,11.1
12.90445788,29.20753202,11.1
6.314403196362981,29.207532020000002,11.1
6.303781369992928,29.20753202,11.1
6.32153061909899,29.207532020000002,11.100000000000001
6.298949467801375,27.43669851500809,11.099999999999998
4.1253779,28.322725759101086,11.100000000000001
6.294019245552004,27.440715223211114,11.1
4.1253779,28.318808803493194,11.1
6.29723706697091,29.207532019999995,11.099999999999998
4.1253779,28.32754047193682,11.1
8.476707199830244,29.207532020000002,11.100000000000001
8.470324566547866,29.207532020000002,11.100000000000001
4.1253779,28.327094741883354,11.100000000000001
6.293065075798304,28.324512310556052,11.099999999999998
4.1253779,29.20753202,11.1
8.443417855274234,29.20753202,11.1
4.1253779,28.312185813664648,11.100000000000001
4.1253779,29.207532019999995,11.099999999999998
6.298492837472455,29.207532019999995,11.099999999999998
4.1253779,28.312474684167366,11.1
6.297352821867769,29.207532020000002,11.100000000000001
6.303329747173326,29.20753202,11.1
6.2831205700071155,29.207532019999995,11.099999999999998
4.1253779,29.207532020000002,11.100000000000001
6.295232123830985,29.207532019999995,11.099999999999998
4.1253779,29.207532019999995,11.1
4.1253779,29.207532019999995,11.1
4.1253779,29.207532019999995,11.099999999999998
4.1253779,29.20753202,11.1
6.2855699041347055,29.207532019999995,11.099999999999998
4.1253779,29.207532020000002,11.100000000000001
6.303829577519391,29.207532019999995,11.1
4.1253779,29.207532020000002,11.1
6.266455093154391,29.207532019999995,11.099999999999998
4.1253779,29.207532020000002,11.100000000000001
6.2968792452424625,28.322958586922894,11.100000000000001
8.4571381416611,29.207532020000002,11.1
6.288918723306843,28.326201350844315,11.100000000000001
6.3039632377832175,28.32007288223963,11.1
6.306799794136799,28.31891739486344,11.099999999999998
4.1253779,29.207532020000002,11.100000000000001
4.1253779,29.20753202,11.1
4.1253779,29.207532019999995,11.1
4.1253779,29.207532020000002,11.100000000000001
4.1253779,29.207532019999995,11.099999999999998
10.7122777076886,18.476797419464432,11.100000000000001
8.518153616330963,16.69080327,11.1
10.704836846408812,18.482859573880624,11.1
10.699619552944998,18.487110162276647,11.1
12.90445788,16.69080327,11.1
10.728697701697305,16.69080327,11.099999999999998
10.714212944132527,17.583012014898706,11.1
8.51491789,19.371873511886967,11.1
8.51491789,19.374990671345316,11.100000000000001
10.706775531213808,16.69080327,11.1
4.1253779,16.69080327,11.1
8.497271423449952,18.471718988877758,11.100000000000001
10.71490077832257,18.474660373949163,11.100000000000001
10.696043779920664,20.267011484999998,11.099999999999998
8.51491789,19.38239190350166,11.100000000000001
10.706652603600437,18.48138025581998,11.1
8.51491789,19.382494119863974,11.099999999999998
8.51491789,19.38254068135374,11.1
8.51491789,19.38149362350252,11.1
10.700139702210116,20.267011485000005,11.100000000000001
8.51491789,20.267011485,11.1
8.51491789,20.267011484999998,11.099999999999998
8.51491789,20.267011485,11.1
8.51491789,20.267011485,11.1
8.51491789,18.478907377,11.1
8.51491789,20.267011485,11.100000000000001
8.51491789,20.267011485000005,11.100000000000001
8.51491789,20.267011485,11.1
10.698138513337337,19.37766413330636,11.1
10.69686737627779,20.267011484999998,11.099999999999998
10.69994888403576,18.486841852486798,11.099999999999998
10.69983293848188,21.157049069926195,11.100000000000001
10.709174064261326,21.160854230696636,11.099999999999998
12.90445788,22.055115592,11.1
10.699841771830599,21.157052668241093,11.100000000000001
12.90445788,22.055115592,11.1
8.51491789,20.267011484999998,11.099999999999998
10.709991883274093,21.16118737392778,11.1
10.713549147832268,21.162636445899025,11.1
8.51491789,23.843804925745445,11.1
10.705979119623457,21.159552751807816,11.1
8.51491789,21.16007826237706,11.099999999999998
12.904457880000002,22.94610250270641,11.100000000000001
12.904457879999999,22.055115592,11.099999999999998
10.718078907476128,23.836383439431614,11.100000000000001
12.904457879999999,23.82961596144496,11.099999999999998
12.904457879999999,23.82776537277619,11.099999999999998
8.51491789,21.16014419785266,11.099999999999998
12.904457879999999,25.631323809999998,11.099999999999998
10.70795406918574,24.736565475255308,11.1
12.904457880000002,25.63132381,11.100000000000001
12.904457879999999,26.520628737250803,11.099999999999998
10.714070972389365,25.631323809999998,11.099999999999998
8.51491789,25.631323809999998,11.099999999999998
12.904457880000002,22.055115592,11.100000000000001
10.713487773907083,23.8432197,11.1
12.904457880000002,23.8432197,11.1
10.716152191207001,22.055115592000003,11.100000000000001
12.904457880000002,24.73602279961191,11.100000000000001
12.904457879999999,24.73547266597672,11.099999999999998
12.904457880000002,24.734858476787863,11.100000000000001
8.51491789,26.520731320127553,11.1
10.708634438882877,27.41942792,11.1
8.51491789,26.527609144298943,11.1
10.72051534036828,27.41942792,11.1
10.705867096809754,27.419427920000004,11.100000000000001
12.904457880000002,24.7362107775703,11.100000000000001
10.698363655413239,26.520762875595008,11.100000000000001
10.707528708543528,26.5244963121756,11.100000000000001
12.904457880000002,23.8432197,11.100000000000001
12.90445788,22.949498513564016,11.1
10.702602110190188,23.84899256243046,11.099999999999998
12.904457879999999,27.419427919999997,11.099999999999998
12.904457879999999,27.419427919999997,11.099999999999998
8.51491789,28.313908949371445,11.100000000000001
8.51491789,27.419427919999997,11.099999999999998
12.90445788,26.52877593337135,11.1
12.90445788,26.52877593337135,11.1
10.705947754051707,27.419427920000004,11.1
12.904457879999999,27.419427919999997,11.099999999999998
12.904457879999999,27.419427919999997,11.099999999999998
10.70081155851576,27.419427919999997,11.099999999999998
12.904457880000002,27.419427920000004,11.100000000000001
12.90445788,27.41942792,11.1
10.70697197844867,28.314586309992507,11.1
12.90445788,27.419427920000004,11.1
12.904457880000002,27.419427920000004,11.100000000000001
10.698203474839868,27.419427920000004,11.100000000000001
10.708150548826232,28.314106212640837,11.1
8.51491789,26.526917929658445,11.100000000000001
10.712955877683196,27.419427920000004,11.100000000000001
12.904457880000002,28.31300590710826,11.100000000000001
12.90445788,28.309635048887568,11.100000000000001
12.90445788,28.314408441968553,11.1
12.90445788,29.20753202,11.1
12.90445788,29.20753202,11.1
12.904457880000002,28.328806322599064,11.100000000000001
10.717360597939418,27.41942792,11.100000000000001
10.709948757440802,27.419427919999997,11.099999999999998
10.704169308170126,27.419427919999997,11.1
8.51491789,28.31298578607054,11.100000000000001
10.68560650421339,28.323289657533614,11.1
8.51491789,27.419427919999997,18.499999999999996
4.1253779,25.631323810000005,18.5
4.1253779,27.419427920000004,18.5
8.51491789,27.419427920000004,18.5
8.51491789,27.419427919999997,18.5
12.904457879999999,27.419427919999997,18.5
4.1253779,29.207532020000002,18.5
6.324363211863865,29.207532020000002,18.5
4.1253779,29.207532019999995,18.5
6.3142069321469165,29.207532020000002,18.500000000000004
6.320147895,29.20753202,18.5
6.319635720017896,29.207532019999995,18.5
8.51491789,27.419427919999997,18.5
6.318447756921156,25.631323810000005,18.5
6.32075009454547,27.41942792,18.5
8.51491789,27.419427920000004,18.500000000000004
6.320870726737381,27.41942792,18.5
10.716081809670886,26.522771263376804,18.5
8.51491789,27.419427919999997,18.5
8.51491789,27.419427919999997,18.5
12.904457879999999,27.419427919999997,18.5
8.51491789,27.41942792,18.5
8.51491789,27.419427919999997,18.5
8.51491789,27.419427920000004,18.5
8.51491789,27.419427920000004,18.5
8.51491789,26.519287955112922,18.5
10.710675813031742,25.63132381,18.5
8.51644742204208,25.63132381,18.5
8.51491789,25.631323809999998,18.5
12.90445788,26.520996301960338,18.5
12.90445788,24.73841249008805,18.5
12.904457879999999,24.741760465421763,18.5
12.904457879999999,22.055115592,18.5
12.90445788,24.73035266939,18.5
12.90445788,22.055115592,18.5
8.511487238969949,25.63132381,18.5
8.512980689507941,22.055115592,18.5
10.6916271457976,22.04040130260818,18.5
10.70137483181567,22.939008538856115,18.5
10.708841396988216,22.948133182365858,18.5
10.697896564232392,22.04550906919895,18.5
6.3298915773778965,21.157094394007203,18.5
10.709989702998406,22.949536489340478,18.5
12.904457880000002,22.055115592,18.5
6.3202760371793865,26.525323665553557,18.5
8.51491789,22.05715436303449,18.5
8.51491789,22.056451831350373,18.5
10.706159721985237,21.159626321208158,18.5
10.714962835377026,22.05941315463977,18.5
10.707179218961286,22.05307175371125,18.5
8.51491789,20.267011485,18.5
10.707236351712135,22.053118300413953,18.5
10.708878272513878,22.05445599198823,18.5
10.709394446115454,22.054876524499278,18.5
10.707398244940066,22.053250196670284,18.5
12.904457879999999,23.843429504285925,14.799565868590076
8.51491789,20.267011485,18.5
12.90445788,22.055115592,18.5
12.90445788,25.631323810000005,11.100000000000001
10.71191133060071,21.16196927172475,18.5
8.51491789,20.267011485,18.5
8.51491789,19.373165637513488,18.5
12.90445788,24.73453930562684,18.5
8.51491789,20.267011485,18.5
12.90445788,16.69080327,18.5
8.51491789,18.478907377,18.500000000000004
8.51491789,18.478907376999995,18.499999999999996
10.70998606878377,19.37283796413789,18.5
6.317964610600091,16.690803269999996,18.5
8.51491789,20.267011485,18.5
6.326997677555273,20.267011485,18.5
8.51491789,19.3716569118792,18.5
8.51491789,19.375567114429497,18.5
10.70998078297016,17.584974637155774,18.5
12.90445788,22.052787811538323,14.802408359003952
12.90445788,18.478907377,18.5
10.707658249449615,19.373786214597743,18.5
10.708188184210803,17.584244411844896,18.5
10.70043498442743,19.37672865273221,18.5
8.51491789,18.478907377,18.5
10.70662442804539,19.36921568110207,14.805164454935085
6.319258414387921,16.69080327,18.5
10.710404000656785,22.950042788870753,14.79879275371171
12.90445788,23.8432197,18.5
8.530174180374562,21.176600381875083,14.78714027562923
6.322124935848898,16.690803269999996,18.5
8.51491789,16.690803269999996,18.5
8.51491789,16.690803269999996,18.5
8.51491789,16.69080327,18.5
8.51491789,16.69080327,18.5
6.324397421977766,16.69080327,18.5
8.51491789,16.69080327,18.5
6.315165951354945,16.69080327,18.5
8.51491789,16.690803270000004,18.5
8.51491789,16.690803269999996,18.499999999999996
10.706377223871193,18.478907377,18.5
12.904457880000002,25.631323810000005,11.1
6.318440611002806,16.69080327,18.5
10.69406439376308,21.129241949439617,14.826338485448723
8.51491789,16.69080327,18.5
10.70166003229204,20.25393071896601,18.5
8.51491789,16.69080327,18.5
8.51491789,29.207532019999995,18.5
8.51491789,29.207532019999995,18.5
6.318562553780299,29.20753202,18.5
8.51491789,29.207532019999995,18.5
8.51491789,29.207532020000002,18.5
8.51491789,29.207532019999995,18.5
8.51491789,29.207532020000002,18.5
12.904457880000002,29.207532020000002,18.5
8.51491789,29.20753202,18.5
8.51491789,29.20753202,18.5
8.51491789,29.20753202,18.5
8.51491789,29.207532019999995,18.5
10.70655751821298,29.207532019999995,18.5
8.51491789,25.63132381,18.5
8.51491789,29.20753202,18.5
8.51491789,29.20753202,18.5
6.325122196495219,28.315506280027588,18.5
6.318717333126349,29.20753202,18.5
6.309728733226475,27.410939305268528,18.5
10.712142128604935,29.207532020000002,18.5
8.512389714762318,26.52486093171045,18.5
8.51491789,29.20753202,18.5
8.504662472677177,27.41525031236847,18.5
12.904457880000002,29.207532020000002,18.5
8.514833087545515,27.41939337023738,18.5
8.473656611702758,27.40261989838119,18.5
6.330733430746345,27.428052071501497,18.5
6.3242629105754915,27.42278046504371,18.5
8.496696353825396,26.52166454174078,18.5
6.313395457236209,27.41392662706928,18.5
8.528610877242798,24.745638630483548,18.5
10.703311264638419,28.31607752259974,18.5
10.717054459604078,28.3104791539048,18.5
10.716591306361728,28.310667822014324,18.5
10.7200296259118,28.309267202974834,18.5
10.715218551934134,26.527628813668535,18.5
10.715115680362555,28.311268926664283,18.5
8.50627053236691,26.523614589814034,18.5
6.3323996460153085,16.69080327,18.5
10.711010723905563,26.525914730960736,18.5
6.332786153986454,16.690803269999996,18.5
8.517618256303104,26.525925869795046,18.5
12.904457879999999,27.419427919999997,18.5
8.507022994237564,26.52376784962789,18.5
8.51491789,16.690803270000004,18.500000000000004
12.904457879999999,27.419427919999997,18.5
8.51491789,16.69080327,18.5
12.90445788,27.419427919999997,18.5
6.321593527893424,21.16047465171008,18.5
10.713516000328905,22.06447202245579,18.5
10.715887406455142,22.070268057183593,18.500000000000004
10.707369405020712,24.73443841793646,18.5
8.51491789,16.69080327,18.5
6.320693306141019,16.69080327,18.5
8.51491789,16.69080327,18.5
8.51491789,22.914048429774354,18.5
8.512236249365658,22.94534430946809,14.802260389555551
10.71015543315377,29.207532019999995,14.799211795234632
4.1253779,16.690803269999996,18.5
8.51491789,16.69080327,18.5
12.904457880000002,29.207532020000002,11.100000000000001
12.904457879999999,28.31231663794298,18.5
8.508556794987234,26.524080250862493,18.5
8.51491789,16.69080327,18.5
8.516152795422574,26.52562738787787,18.5
8.510219638465124,26.52441893524216,18.5
10.704443772873782,23.83467482676268,18.5
8.51491789,21.15292713128704,18.5
4.1253779,21.17754075245123,18.5
4.1253779,16.690803269999996,18.5
8.51491789,16.690803269999996,18.5
6.314725219462366,21.172108328778876,18.5
6.320860565055584,16.69080327,18.5
8.51491789,16.69080327,18.5
8.51491789,16.69080327,18.5
8.51491789,16.69080327,18.5
8.51491789,16.690803270000004,18.5
6.327397010408433,16.69080327,18.5
8.51491789,16.690803269999996,18.5
8.51491789,16.69080327,18.5
8.51491789,16.690803269999996,18.5
8.51491789,16.690803270000004,18.5
8.51491789,16.69080327,18.5
8.51491789,16.690803270000004,18.5
8.51491789,16.690803270000004,18.5
6.322773959421276,16.69080327,18.5
6.326159265325296,16.69080327,18.5
6.325432604267625,16.69080327,18.5
8.51491789,16.69080327,18.5
6.317383730802678,16.690803270000004,18.500000000000004
8.51491789,16.69080327,18.5
8.51491789,16.69080327,18.5
8.51491789,16.69080327,18.5
6.3254420163226275,16.69080327,18.5
6.320904676769418,16.69080327,18.5
8.51491789,16.690803269999996,18.5
6.325588111616836,16.690803270000004,18.5
6.317916533211564,16.69080327,18.5
6.325868063242739,16.690803270000004,18.5
8.51491789,16.69080327,18.5
8.51491789,16.69080327,18.5
8.51491789,16.69080327,18.5
8.51491789,16.69080327,18.5
8.514917889999998,16.690803269999996,18.5
8.51491789,16.69080327,18.5
8.51491789,16.69080327,18.5
8.51491789,16.69080327,18.5
8.51491789,16.690803269999996,18.5
10.710506039009866,19.37395927008255,14.798620734818048
8.519070095179394,27.42111933941873,14.796500052579823
8.51491789,16.690803269999996,18.5
10.709315367722311,19.372504189897874,14.800627999257593
12.904457880000002,22.9473551527621,11.1
6.32817494830658,16.690803270000004,18.5
6.314785873224372,21.171984790502368,18.5
8.51491789,16.69080327,18.5
8.51491789,16.69080327,18.5
4.1253779,25.63132381,18.5
4.1253779,25.631323810000005,18.5
4.1253779,25.631323809999998,18.5
8.51491789,16.69080327,18.5
4.1253779,25.63132381,18.5
4.1253779,25.63132381,18.5
4.1253779,25.631323810000005,18.5
4.1253779,25.63132381,18.5
4.1253779,25.63132381,18.5
4.1253779,25.63132381,18.5
10.7040318093648,26.523071830382978,18.5
4.1253779,25.631323809999998,18.5
4.1253779,25.631323810000005,18.5
4.1253779,25.63132381,18.5
4.1253779,25.631323809999998,18.5
4.1253779,25.631323810000005,18.5
4.1253779,25.631323810000005,18.5
4.1253779,25.631323809999998,18.5
4.1253779,25.63132381,18.5
12.904457880000002,29.207532020000002,18.500000000000004
4.1253779,25.631323809999998,18.5
4.1253779,25.63132381,18.5
4.1253779,25.63132381,18.5
6.32521164422079,27.423553409147,18.5
6.306658715815734,27.40843812712819,18.5
6.3068875711641486,27.408624578186334,18.5
6.319724994098029,27.419083372819934,18.5
4.1253779,25.63132381,18.5
4.1253779,25.63132381,18.5
4.1253779,25.63132381,18.5
4.1253779,25.63132381,18.5
4.1253779,25.631323809999998,18.5
4.1253779,25.63132381,18.5
4.1253779,25.63132381,18.5
4.1253779,25.63132381,18.5
4.1253779,25.63132381,18.5
4.1253779,27.426646145722124,18.5
4.1253779,27.430897533959588,18.5
4.1253779,27.418272493898776,18.5
6.311113158810166,27.412067212554895,18.5
8.51491789,29.207532020000002,18.5
6.3342507718883425,27.430917689379,18.5
4.1253779,25.63132381,18.5
6.31622961037842,27.416235643904457,18.5
6.324559273750625,27.42302191549694,18.5
6.329158805641074,29.207532020000002,18.5
6.328156155918261,29.207532020000002,18.5
6.327041594998348,27.42504429088165,18.5
4.1253779,26.522389526885576,18.5
6.311662771894246,27.4125149885925,18.5
4.1253779,26.521473329654476,18.5
6.314791180192499,27.415063738453746,18.5
6.322541957749179,29.20753202,18.5
4.1253779,27.424627744209165,18.5
6.321049066071495,29.207532019999995,18.5
6.313275605856802,27.41382898278583,18.5
6.325855296705303,29.207532020000002,18.5
6.320912544056169,27.420050883292504,18.5
6.334623993094144,27.431221756944936,18.5
6.33149459997797,28.31810211485773,18.5
6.320396345730338,28.313581177819174,18.5
4.1253779,25.63132381,18.5
6.325449452494789,27.423747154255558,18.5
6.323780957063076,29.20753202,18.5
6.3157848816020135,29.207532019999995,18.5
6.334541452285647,29.20753202,18.5
4.1253779,29.207532020000002,18.5
4.1253779,29.207532020000002,18.5
4.1253779,29.207532020000002,18.5
6.320189694535053,29.207532020000002,18.5
8.51491789,29.20753202,18.5
6.320269131434159,29.20753202,18.5
4.1253779,29.20753202,18.5
4.1253779,29.20753202,18.5
6.3161746576748605,29.20753202,18.5
8.51491789,29.20753202,18.5
4.1253779,29.20753202,18.5
4.1253779,29.207532020000002,18.5
4.1253779,29.207532019999995,18.5
6.317445854857102,29.207532020000002,18.500000000000004
4.1253779,29.20753202,18.5
6.327052259226337,29.20753202,18.5
8.51491789,29.20753202,18.5
6.318675308582284,29.20753202,18.5
4.1253779,29.20753202,18.5
4.1253779,29.207532019999995,18.5
6.2985809950680585,29.207532019999995,18.5
12.90445788,20.267011485,18.5
6.324360115118369,19.374675302848672,18.5
12.90445788,25.63132381,11.1
10.71020459375407,18.47932834600588,18.5
6.317531987616569,17.585920928266447,18.5
8.508129435399976,17.58623798131587,18.5
8.51491789,18.478907377,18.5
12.90445788,19.37084218683094,18.5
10.719867456503108,17.589002029909707,18.5
12.904457880000002,21.15633835277496,14.806518333061149
12.90445788,24.739299960404153,11.1
12.904457879999999,18.478907377,18.5
12.904457879999999,25.631323809999998,11.099999999999998
12.90445788,24.736487028234883,18.5
12.904457880000002,22.945682459704344,14.804807771830822
12.90445788,24.73771710641804,18.5
12.904457879999999,23.8432197,18.5
12.90445788,22.05381399114349,18.5
12.90445788,24.735263562830767,18.5
12.904457880000002,18.478907377,18.5
12.904457880000002,18.478907377,18.5
12.90445788,18.478907377,18.5
12.90445788,22.050678596864934,18.5
12.904457879999999,19.37361457336485,18.5
12.90445788,22.951626677494442,18.5
12.90445788,23.8432197,18.5
12.90445788,24.737756117124846,18.5
12.904457879999999,24.73901324644209,18.5
12.904457879999999,25.631323809999998,18.5
12.90445788,24.731544502050337,18.5
12.90445788,24.738434682603923,18.5
8.51491789,18.478907377,18.5
12.90445788,18.478907377,18.5
10.710490994788094,19.37263227965509,18.5
8.51491789,19.37326700275581,18.5
10.700714897052618,22.04780519704088,18.5
12.90445788,18.478907377,18.5
12.904457879999999,24.734487835478006,18.5
12.904457879999999,24.736304962197217,18.5
10.709515259173934,25.63132381,18.5
12.90445788,24.73683101750028,18.5
10.718616803863917,25.63132381,18.5
12.90445788,22.055115592,18.5
12.904457879999999,24.73478825520477,18.5
12.90445788,24.736603000005104,18.5
12.90445788,24.739745128973688,18.5
10.709177148479668,22.05469948964096,18.5
12.904457880000002,23.8432197,18.5
10.721080397236069,22.064397201949042,18.5
12.904457880000002,25.631323810000005,18.5
12.904457879999999,25.63132381,18.5
12.90445788,25.63132381,18.5
12.90445788,25.63132381,18.5
12.904457880000002,23.8432197,18.5
12.90445788,25.63132381,18.5
12.904457879999999,25.631323809999998,18.5
10.709523348237678,25.631323810000005,18.5
10.704133622887511,25.631323809999998,18.5
12.904457880000002,24.74129158552207,18.5
10.705247259494456,25.631323809999998,18.5
12.90445788,24.73602578146184,18.5
10.703729438552598,28.311052762924426,18.5
8.51491789,26.526170939673236,18.5
4.1253779,25.63132381,18.5
8.51491789,27.419427919999997,18.5
12.90445788,25.63132381,18.5
6.31845481432225,26.526065551054884,18.5
12.904457879999999,25.631323809999998,18.5
12.904457879999999,25.631323809999998,18.5
12.90445788,25.63132381,18.5
10.71226492204279,27.419427920000004,18.5
10.70764184001393,27.419427919999997,18.5
10.709944884332872,26.52527117485834,18.5
6.332758688553344,26.530512943562783,18.5
8.51491789,27.41942792,18.5
6.322802765220734,26.52645734150187,18.5
8.51491789,27.419427920000004,18.500000000000004
8.51491789,27.419427919999997,18.5
8.514917889999998,27.419427919999997,18.499999999999996
12.904457879999999,29.207532019999995,18.5
10.71144110029931,26.52466168276461,18.5
8.51491789,27.419427919999997,18.5
6.326435404518714,27.41942792,18.5
8.51491789,27.41942792,18.5
8.51491789,27.419427920000004,18.5
8.520651264532738,28.314647731375015,18.5
6.325339913604276,27.41942792,18.5
6.318316039298535,27.419427919999997,18.5
12.90445788,27.41942792,18.5
8.511758379631026,28.3128364477337,18.5
8.51491789,29.207532020000002,18.5
12.904457880000002,29.207532020000002,18.500000000000004
8.51491789,27.419427920000004,18.5
8.51491789,27.419427920000004,18.5
10.716390382493248,28.316210270504204,18.5
12.904457880000002,29.207532020000002,18.5
12.904457880000002,29.207532020000002,18.5
10.711207235812946,28.314098886201737,18.500000000000004
10.70847949547486,27.419427919999997,18.5
8.518564419704457,28.3142226873155,18.5
10.713746119872901,28.315133115074772,18.5
12.904457879999999,29.20753202,18.5
12.90445788,29.207532019999995,11.1
12.904457879999999,29.207532019999995,11.1
12.90445788,29.20753202,11.1
12.904457880000002,29.207532020000002,11.100000000000001
12.904457879999999,29.207532019999995,11.099999999999998
12.904457879999999,29.207532019999995,11.099999999999998
6.324465325146727,28.311721240255103,11.1
4.1253779,28.313942383725955,11.099999999999998
6.328065221726495,28.31025480189288,11.100000000000001
8.519955215972425,28.312453978296446,11.1
6.322563337605359,28.31249602570611,11.1
4.1253779,28.32309108015683,11.1
6.2967192772195215,28.323023750807565,11.1
4.1253779,29.207532020000002,11.100000000000001
6.296806397368117,28.32298826191915,11.1
6.289572372724081,29.207532020000002,11.100000000000001
6.283577783342093,29.207532020000002,11.100000000000001
6.300241349070578,29.20753202,11.1
12.90445788,29.20753202,11.1
12.904457879999999,28.31902084782681,11.099999999999998
12.904457879999999,27.419427919999997,11.099999999999998
12.904457879999999,28.31911184252734,11.099999999999998
12.904457880000002,29.207532020000002,11.100000000000001
12.904457880000002,28.310542681526034,11.100000000000001
8.51491789,27.41942792,11.1
8.521315667559026,28.312176884447727,11.1
8.528742975277817,28.310664106410144,11.1
8.51491789,27.419427919999997,11.1
10.718551417726587,27.41942792,11.1
4.1253779,27.41942792,11.1
6.324144919693934,27.419427920000004,11.100000000000001
4.1253779,28.310494522679555,11.1
8.521480420913235,26.52671250716805,11.099999999999998
8.507160501086808,28.31505997826426,11.1
8.517121029879478,27.419427919999997,11.099999999999998
6.326401010496808,27.41942792,11.1
12.90445788,22.947201997701782,11.1
12.904457879999999,25.631323809999998,11.099999999999998
12.90445788,23.8379957861464,11.1
12.90445788,23.840132460356273,11.1
12.90445788,23.84621043143209,11.1
12.904457880000002,22.94624652745693,11.100000000000001
8.51491789,26.527443117852542,11.1
12.90445788,25.636303551031723,11.1
12.904457879999999,27.419427919999997,11.099999999999998
8.51491789,25.631323810000005,11.100000000000001
12.90445788,25.62959391536194,11.099999999999998
10.707923211441223,26.524657015177368,11.1
4.1253779,27.419427919999997,11.099999999999998
8.500815490755482,27.419427919999997,11.099999999999998
12.90445788,27.41942792,11.1
4.1253779,25.63132381,11.1
8.51491789,23.8432197,11.100000000000001
4.1253779,25.631323809999998,11.099999999999998
12.904457879999999,22.948781758959974,11.099999999999998
12.90445788,22.945105160085674,11.1
12.90445788,22.956209596774094,11.1
12.904457880000002,22.946026000500602,11.100000000000001
12.904457880000002,22.944106999771503,11.100000000000001
12.904457879999999,22.055115592,11.099999999999998
12.90445788,23.8432197,11.1
12.90445788,23.8432197,11.1
12.904457880000002,23.8432197,11.100000000000001
10.727068673397863,23.8432197,11.1
12.90445788,23.8432197,11.099999999999998
10.724617618259627,24.731190043143272,11.099999999999998
8.51491789,25.631323809999998,11.099999999999998
8.51491789,25.63132381,11.1
10.708808909536447,24.73762981066017,11.1
10.720567178285549,24.73284001293088,11.100000000000001
10.715087824566144,24.735072058869203,11.099999999999998
10.719205790363937,24.73339458205281,11.100000000000001
12.904457880000002,22.055115592,11.100000000000001
12.90445788,22.949808357930184,11.1
12.90445788,23.8432197,11.1
12.904457879999999,22.055115592,11.099999999999998
12.904457880000002,22.055115592,11.100000000000001
12.904457880000002,22.055115592,11.100000000000001
10.717198539147699,21.164123046229363,11.100000000000001
10.719713634439714,22.945083599881322,11.1
10.708937047721605,22.054503876819258,11.099999999999998
8.51491789,21.161849103189518,11.099999999999998
10.709687885,22.0551155925,11.1
8.51491789,22.050705033755353,11.1
8.51491789,22.055115592,11.1
8.51491789,22.055115592,11.099999999999998
8.51491789,22.055115592,11.1
10.713111192757278,22.95056214990649,11.1
8.51491789,22.055115592,11.099999999999998
10.713343994374128,22.950656982970635,11.100000000000001
12.90445788,20.267011485,11.1
12.90445788,20.267011485,11.1
12.90445788,20.267150430187794,11.1
12.90445788,21.164147080105604,11.1
12.90445788,20.267011485,11.1
12.904457880000002,20.267011485000005,11.100000000000001
8.51491789,20.267011485000005,11.100000000000001
10.708159092967158,20.267011484999998,11.099999999999998
10.707912473593648,21.160340314555228,11.1
8.51491789,20.267011485,11.1
10.690905622557738,20.267011484999998,11.099999999999998
8.51491789,20.267011485,11.1
8.51491789,20.267011485,11.1
8.51491789,20.267011485000005,11.1
8.51491789,20.267011484999998,11.099999999999998
6.31730066690781,18.476587708350962,11.099999999999998
8.51491789,20.267011485,11.1
4.1253779,20.267011485,11.099999999999998
12.90445788,17.578564056403263,11.1
12.904457880000002,17.582131632020502,11.1
12.904457880000002,17.578107335830815,11.100000000000001
12.90445788,16.69080327,11.1
12.90445788,17.586732271535563,11.1
12.90445788,16.69080327,11.1
8.51491789,20.267011485,11.099999999999998
8.51491789,20.267011485,11.1
8.51491789,20.267011485,11.1
8.51491789,19.375398649263108,11.099999999999998
10.709064681677411,19.37270556557816,11.099999999999998
8.51491789,20.267011484999998,11.099999999999998
10.708299512921691,20.267011485,11.1
8.51491789,20.267011485,11.1
8.51491789,20.267011484999998,11.099999999999998
4.1253779,16.690803270000004,11.100000000000001
8.51491789,19.380093284211927,11.099999999999998
6.329071743017076,18.486177738098327,11.099999999999998
12.904457880000002,17.586369174050603,11.100000000000001
10.701311949995727,17.581443338687187,11.1
12.90445788,17.5825757013598,11.099999999999998
12.904457880000002,18.478907377,11.100000000000001
12.904457880000002,17.587005969760245,11.100000000000001
12.90445788,17.58487443717585,11.1
4.1253779,16.69080327,11.1
6.314209456402118,16.69080327,11.099999999999998
8.51491789,16.690803269999996,11.099999999999998
4.1253779,16.690803270000004,11.100000000000001
8.51491789,16.69080327,11.100000000000001
4.1253779,16.69080327,11.099999999999998
4.1253779,16.69080327,11.1
4.1253779,16.69080327,11.1
4.1253779,16.69080327,11.1
4.1253779,16.69080327,11.1
4.1253779,16.690803270000004,11.100000000000001
4.1253779,16.690803270000004,11.1
4.1253779,16.69080327,11.1
4.1253779,16.69080327,11.099999999999998
4.1253779,16.69080327,11.1
4.1253779,16.69080327,11.1
6.319809813356655,16.69080327,11.1
4.1253779,16.690803269999996,11.099999999999998
8.51491789,16.690803269999996,11.099999999999998
8.51491789,16.69080327,11.1
8.51491789,16.690803270000004,11.100000000000001
6.321356227482436,16.69080327,11.099999999999998
8.51491789,16.69080327,11.1
8.51491789,16.690803269999996,11.099999999999998
10.705199213049989,16.69080327,11.099999999999998
12.904457880000002,17.585639734046133,11.1
12.90445788,17.583738908215807,11.100000000000001
12.904457880000002,18.478907377,11.100000000000001
12.904457879999999,18.478907377,11.1
12.90445788,18.478907377,11.1
4.1253779,16.69080327,11.1
4.1253779,16.69080327,11.1
4.1253779,16.69080327,11.1
4.1253779,16.69080327,11.1
4.1253779,16.690803269999996,11.099999999999998
4.1253779,17.581122494728668,11.099999999999998
8.51491789,19.370850810155467,11.099999999999998
8.51491789,19.374437225142927,11.100000000000001
8.51491789,18.478907377,11.1
8.51491789,18.478907377,11.100000000000001
8.51491789,18.478907377,11.100000000000001
8.51491789,19.370774609078772,11.1
8.51491789,20.267011484999998,11.1
10.711480214899634,20.267011485,11.1
8.51491789,20.267011485000005,11.100000000000001
10.69978113966463,20.267011485000005,11.100000000000001
12.90445788,20.267011485,11.1
8.51491789,20.267011485,11.1
8.51491789,20.267011485,11.1
4.1253779,21.1617791516067,11.1
4.1253779,21.161180219284468,11.1
4.1253779,20.267011485,11.099999999999998
4.1253779,19.384038357307993,11.100000000000001
4.1253779,18.479666427056408,11.1
8.51491789,20.267011485,11.1
8.51491789,21.162678356001642,11.1
8.51491789,20.267011485000005,11.100000000000001
8.51491789,20.267011485,11.100000000000001
8.51491789,22.055115592,11.100000000000001
8.51491789,21.161080776214646,11.1
10.702078337014129,21.1579637458026,11.1
12.90445788,20.267011485,11.1
12.904457880000002,22.055115592000003,11.100000000000001
10.708753460410122,21.16068289532312,11.1
12.90445788,22.055115592,11.100000000000001
10.705641852480747,21.159415364116988,11.099999999999998
4.1253779,22.055115592,11.1
4.1253779,20.267011484999998,11.099999999999998
4.1253779,21.160007378852164,11.099999999999998
6.3205687711727165,20.267011484999998,11.099999999999998
4.1253779,20.267011485000005,11.1
4.1253779,20.267011485,11.1
8.51491789,22.94772906828357,11.100000000000001
8.51491789,21.160806971745917,11.1
8.51491789,22.05713353097211,11.099999999999998
8.51491789,22.056994672939677,11.099999999999998
8.51491789,22.051111108654155,11.100000000000001
8.51491789,22.055389481163,11.1
12.90445788,22.94965819671615,11.1
12.90445788,22.055115592,11.1
12.90445788,20.267011484999998,11.099999999999998
12.904457879999999,21.16228177396176,11.1
12.904457879999999,22.055115592,11.099999999999998
12.90445788,22.055115592,11.1
4.1253779,24.73883117143684,11.1
4.1253779,23.843219699999995,11.099999999999998
6.316633570249941,23.8432197,11.1
8.513746134978833,23.8432197,11.1
4.1253779,23.8432197,11.1
4.1253779,24.73871277988783,11.1
8.527287832710945,22.951687129297518,11.1
12.904457880000002,25.62483674219792,11.100000000000001
12.904457879999999,23.8432197,11.099999999999998
8.51491789,25.63132381,11.1
12.904457879999999,23.8432197,11.1
10.723834015538785,23.8432197,11.1
12.904457879999999,22.948816721687137,11.1
12.904457880000002,22.94921949920746,11.100000000000001
12.904457880000002,25.63132381,11.1
12.904457879999999,23.8432197,11.099999999999998
12.904457880000002,25.631323810000005,11.100000000000001
12.90445788,24.736026405040825,11.1
10.70965014844688,26.525360492800203,11.099999999999998
6.321615711975927,27.419427919999997,11.099999999999998
8.512861846531198,26.52495709449269,11.1
4.1253779,25.63132381,11.1
12.90445788,25.636400424703076,11.1
8.51333578096158,27.419427919999997,11.099999999999998
12.904457880000002,27.419427920000004,11.100000000000001
8.506147343626623,22.947381279998623,11.099999999999998
6.320487725232296,25.63132381,11.100000000000001
6.319934000005255,25.631323810000005,11.100000000000001
8.51491789,26.52596431389727,11.099999999999998
6.317532289309426,25.631323809999998,11.099999999999998
10.705557066612915,25.631323810000005,11.1
10.715661297975482,24.734838451210422,11.100000000000001
12.904457879999999,24.736403896150613,11.099999999999998
12.90445788,23.84258135885344,11.1
10.70802904155965,24.737947494321272,11.1
12.90445788,23.8432197,11.1
4.1253779,27.419427920000004,11.1
4.1253779,25.63132381,11.1
4.1253779,27.41942792,11.100000000000001
4.1253779,28.315265204885968,11.1
4.1253779,28.308344617981966,11.100000000000001
4.1253779,27.41942792,11.1
8.51491789,27.41942792,11.1
6.316780172849231,28.314851830787045,11.1
6.307533876876951,28.31861836208087,11.099999999999998
6.323906804560789,27.419427919999997,11.099999999999998
6.333167809404987,28.30817623375834,11.100000000000001
8.51491789,27.419427920000004,11.100000000000001
8.51491789,27.419427919999997,11.099999999999998
8.51491789,28.312718536397853,11.1
10.713263307505542,27.41942792,11.1
12.904457879999999,27.419427919999997,11.1
12.904457880000002,27.419427920000004,11.1
10.708115849304601,28.31412034768848,11.099999999999998
4.1253779,29.20753202,11.1
4.1253779,27.42222286903047,11.099999999999998
6.294511749838701,29.207532019999995,11.1
6.291020885239014,29.207532019999995,11.099999999999998
6.318640401610606,29.20753202,11.1
6.308689112317025,29.20753202,11.1
4.1253779,29.207532020000002,11.100000000000001
6.323024534363689,28.31230815458149,11.1
8.51491789,28.313629816221365,11.1
6.317431577622501,28.31458647734489,11.1
6.3106557094471665,28.31734666581406,11.1
6.297074311024776,28.32287912576616,11.100000000000001
10.716286603341764,27.419427920000004,11.100000000000001
12.90445788,27.41942792,11.100000000000001
12.90445788,27.41942792,11.1
12.90445788,27.419427919999997,11.1
8.547948892763571,28.306752286506605,11.100000000000001
8.515084777934893,29.20753202,11.1
12.904457879999999,29.207532019999995,18.5
12.904457879999999,29.207532019999995,18.5
12.90445788,28.31775245859337,18.5
10.711163178844316,27.419427919999997,18.5
12.904457879999999,28.311935362746585,18.5
12.90445788,26.523426990054233,18.5
6.313552701826042,28.31616655947897,18.5
6.3174453175909395,29.207532020000002,18.5
6.317306848464651,28.314637286477293,18.5
4.1253779,29.20753202,18.5
4.1253779,29.207532020000002,18.5
8.51491789,28.314999055286158,18.5
4.1253779,29.207532020000002,18.5
4.1253779,29.207532020000002,18.5
4.1253779,29.20753202,18.5
4.1253779,29.207532019999995,18.5
6.329104035629155,29.207532019999995,18.5
4.1253779,29.207532019999995,18.5
12.904457879999999,25.63132381,18.5
12.904457879999999,25.631323809999998,18.5
12.904457880000002,27.41942792,18.5
12.904457880000002,28.315895005371715,18.5
12.904457880000002,28.314938427562833,18.5
12.904457879999999,26.52704615508909,11.099999999999998
10.711409399593757,27.419427920000004,18.500000000000004
12.904457880000002,27.419427920000004,18.500000000000004
8.514917890000001,27.419427920000004,18.500000000000004
10.699956393774444,27.419427919999997,18.5
6.32290784007955,26.526500144343935,18.5
6.321860166664787,26.526073368612728,18.5
6.315024774746259,28.31556690219594,18.5
8.51491789,27.41942792,18.5
8.51491789,27.419427919999997,18.499999999999996
8.51491789,27.419427919999997,18.5
6.3204484375755365,27.41942792,18.5
8.51491789,27.41942792,18.5
12.904457879999999,25.631323809999998,18.5
12.90445788,25.63132381,18.5
12.90445788,23.8432197,18.5
12.90445788,24.744344591342067,18.5
12.904457879999999,25.63132381,18.5
12.90445788,25.63132381,18.5
4.1253779,26.524832375996787,18.5
6.317197910789816,25.63132381,18.5
12.904457880000002,23.835293340542314,18.5
12.90445788,23.838607959811302,18.5
6.333145097025092,25.631323809999998,18.5
12.90445788,22.9481315799405,18.5
6.322994164824825,27.41942792,18.5
4.1253779,26.52630466881252,18.5
6.319851716385616,25.63132381,18.5
4.1253779,27.41942792,18.5
10.71036282707255,24.737546696496533,18.5
4.1253779,27.419427919999997,18.5
12.904457879999999,24.732931770199123,18.499999999999996
12.90445788,23.8432197,18.5
12.904457880000002,23.8432197,18.5
12.90445788,24.734701354747827,18.5
12.90445788,25.63132381,18.5
12.90445788,23.8432197,18.5
12.90445788,23.84407312588855,18.5
10.699826522389696,24.741288837212227,18.5
10.70823912023166,25.63132381,18.5
12.90445788,25.63132381,11.1
10.708844320914718,25.63132381,18.5
10.709433303520196,23.84342711143077,18.5
12.90445788,25.63132381,18.5
12.90445788,25.63132381,18.5
12.904457880000002,25.631323810000005,18.5
12.90445788,25.63132381,18.5
12.904457879999999,24.737186301570834,18.5
12.90445788,25.63132381,18.5
12.90445788,21.150107712143914,18.5
12.904457879999999,23.8432197,18.5
12.904457880000002,21.171191827277482,18.500000000000004
12.90445788,21.17199633343401,18.5
12.90445788,23.8432197,18.5
12.90445788,23.8432197,18.5
8.51424600845904,22.055115592,18.5
8.506800004974776,23.839912834311676,18.5
8.510098034948957,23.841256305600666,18.5
4.1253779,22.055115592,18.5
10.710068253438038,22.949632483246994,18.5
4.1253779,22.055115592000003,18.5
12.904457879999999,22.055115592,18.5
12.904457879999999,23.843459976943414,18.5
12.90445788,22.055115592,18.5
12.90445788,22.055115592,18.5
12.904457880000002,22.055115592,18.5
12.90445788,22.055115592,18.5
12.904457879999999,17.58505586252567,18.5
12.904457879999999,20.262200271120136,18.5
10.71333785823241,18.478907377,18.5
12.904457880000002,19.370401165617416,18.5
12.90445788,19.368162901398904,18.5
12.904457880000002,17.586343264016875,18.5
12.904457879999999,25.631323809999998,11.1
12.90445788,18.478907377,18.5
10.702791880260113,20.267011485,18.5
12.90445788,18.478907377,18.5
6.322855958680062,18.478907377,18.5
8.51491789,19.373522756985665,18.5
6.325578930110799,21.158851175425735,18.5
10.702127562676127,19.37603917134544,18.5
6.326692764114952,21.158397448802475,18.5
8.52790070130057,22.065692837710586,14.789056620529362
4.1253779,18.478907377,18.5
4.1253779,18.478907377,18.5
12.90445788,18.478907377,18.5
12.904457880000002,19.371233941543416,18.5
12.90445788,19.377704651935545,18.5
12.90445788,18.478907377,18.5
12.904457879999999,18.478907377,18.5
12.904457879999999,18.478907377,18.5
10.701509326865892,22.04178926460679,14.813787624746617
10.715037945941447,19.370780053213434,18.5
10.719265614040971,19.369057888541683,18.5
12.90445788,18.478907377,18.5
8.51491789,19.37543253017678,18.5
10.703714376375226,22.941867619248207,14.810070295275597
6.3252208371961105,17.582788831613357,18.5
8.51491789,16.69080327,18.5
10.699382386266162,22.936573636738252,14.817373276198445
4.1253779,19.372195461686147,18.5
10.701960184108842,22.939723878624722,14.813027557950228
8.512309478428474,17.584324047847605,18.5
12.904457880000002,18.478907377,18.5
10.706889895634689,17.583715546601542,18.5
12.90445788,18.478907377,18.5
12.904457880000002,18.478907377,18.5
12.90445788,18.478907377,18.5
12.90445788,18.478907377,18.5
8.51491789,16.690803269999996,18.5
10.708250256748858,21.158135409731795,14.802423590873461
8.51491789,16.69080327,18.5
8.51491789,16.690803269999996,18.5
6.311963353914811,16.690803270000004,18.5
6.3124187094204895,16.690803269999996,18.5
4.1253779,17.58533342031121,18.5
8.51491789,17.582899375490825,18.5
8.52057743511243,17.583702599537766,18.5
8.517418494611801,17.584346005737032,18.5
8.51491789,17.585587690258627,18.5
8.517568986496586,17.584315353873976,18.5
4.1253779,16.69080327,18.5
4.1253779,18.478907377,18.5
8.510110964114725,17.585834387813925,18.5
4.1253779,17.58550160061879,18.5
4.1253779,17.584483265756674,18.5
4.1253779,18.478907377,18.5
6.316742874594825,16.690803269999996,18.5
10.71450772956297,21.17088049562929,14.79187458142602
8.51491789,16.69080327,18.5
8.51491789,16.690803270000004,18.5
8.51491789,16.69080327,18.5
8.51491789,16.690803269999996,18.5
10.709437023761112,20.266602725984075,14.800422908362151
12.90445788,20.267042148276943,14.799936549569896
12.904457879999999,23.84349086344055,11.099999999999998
10.708510243473489,22.947728490556567,14.80198529853152
8.51491789,16.69080327,18.5
12.90445788,22.948097430701168,11.1
4.1253779,18.478907377,18.5
8.515165856554388,17.58480481820613,18.5
4.1253779,17.58472057293939,18.5
8.50889321741747,17.58608241583914,18.5
8.51333791191243,17.58517713003483,18.5
4.1253779,17.584617975824465,18.5
8.51491789,19.37425571062112,18.5
8.51491789,20.267011485,18.5
12.90445788,18.478907377,18.5
8.513252022251239,17.585194623856083,18.5
8.514583746339444,17.584923381161296,18.5
4.1253779,18.478907377000002,18.5
12.90445788,22.06419756802096,14.790603649537935
12.904457879999999,22.950541421026514,14.798104897052909
10.711616300805638,19.373744982158403,18.5
10.710823329496808,19.372496901219257,18.5
12.904457879999999,22.949370834453823,14.799719706205156
10.719216702639613,22.96081250186363,14.783936072870098
8.501305138918104,20.272556716159663,18.5
10.69894600510219,18.48765890937409,18.5
8.504095332110403,19.37957237686392,18.5
4.1253779,20.267011485000005,18.5
4.1253779,20.267011485,18.5
4.1253779,16.690803269999996,18.5
6.316773374759698,21.162438168532894,18.5
8.51491789,20.267011485,18.5
12.904457879999999,18.478907377,18.5
4.1253779,22.055115592,18.5
12.904457880000002,18.478907377,18.5
8.51793293430391,20.265783289036147,18.5
12.90445788,17.58201318935133,18.5
12.904457879999999,21.16080533570511,18.5
10.710942845383087,19.372448215742484,18.5
12.90445788,23.8432197,18.5
12.90445788,22.955733672698557,18.5
8.51491789,20.267011485,18.5
4.1253779,22.055115592,18.5
12.904457880000002,22.055115592,18.5
12.90445788,22.055115592,18.5
12.904457879999999,22.055115591999996,18.5
12.904457880000002,22.055115592,18.5
12.90445788,25.63132381,18.5
8.51491789,22.05415708982435,18.5
8.511474728185469,23.841817109429464,18.5
8.51475174490312,23.843152020848756,18.5
12.904457879999999,25.631323809999998,18.5
12.90445788,25.631323809999998,18.5
6.324467783994471,21.159303807122594,18.5
12.90445788,20.267011485,18.5
12.90445788,25.63132381,11.1
12.90445788,18.47679609549385,18.5
10.721346820155297,23.8432197,18.5
10.69850868141969,22.953721558230363,18.5
12.90445788,25.63132381,11.1
8.519145500223951,24.738132825548867,18.5
12.90445788,25.63132381,18.5
12.904457879999999,25.631323809999998,18.5
8.49732434103403,23.836052868650917,18.5
12.904457880000002,25.631323810000005,18.5
12.904457880000002,25.631323810000005,18.5
12.904457880000002,22.055115592,18.5
12.90445788,22.055115592,18.5
12.904457879999999,22.055115592,18.5
10.710224630404525,22.948948999703354,18.5
12.90445788,22.055115592,18.5
12.904457880000002,25.631323810000005,18.500000000000004
12.90445788,25.63132381,14.796333634196872
12.90445788,25.631323810000005,18.5
12.904457880000002,25.631323810000005,18.5
12.904457880000002,26.527824461569203,14.789866577392917
12.904457880000002,23.847530469889584,14.791080024473315
12.904457879999999,25.631323810000005,16.021059453794223
4.1253779,25.63132381,18.5
10.709398197939166,23.8432197,18.5
8.51491789,26.524209471429295,18.5
6.321401959851833,27.419427919999997,18.5
8.51491789,26.52502811639235,18.5
6.320822357430798,27.41942792,18.5
6.314513519047271,25.631323809999998,18.5
6.314440179843334,26.523050794729862,18.5
6.329680245126676,26.529258922103544,18.5
7.047588078110948,26.82170276580581,18.500000000000004
8.51491789,27.419427919999997,18.5
4.1253779,27.41942792,18.5
12.90445788,23.843565807244055,18.5
8.51491789,26.521087555294528,18.5
12.904457879999999,25.631323809999998,18.5
12.90445788,24.73475943642559,18.5
12.90445788,26.523684264725247,14.807000622594156
12.904457880000002,22.948758861429603,18.5
8.51491789,27.41942792,18.5
6.3248081894872605,27.419427920000004,18.500000000000004
6.318975916576543,26.524898452915686,18.5
8.51491789,27.419427920000004,18.5
8.51491789,27.41942792,18.5
8.51491789,27.41942792,18.5
8.51491789,27.41942792,18.5
8.51491789,27.419427920000004,18.5
8.51491789,27.41942792,18.5
8.51491789,27.419427920000004,18.5
8.51491789,27.419427919999997,18.5
8.51491789,27.41942792,18.5
8.51491789,27.419427919999997,18.5
8.51491789,27.41942792,18.5
12.90445788,28.316887591040416,18.5
8.51491789,27.419427919999997,18.5
10.701429323416816,27.419427919999997,18.5
12.904457880000002,29.20753202,18.5
4.1253779,29.207532020000002,18.500000000000004
4.1253779,29.207532020000002,18.500000000000004
4.1253779,29.207532020000002,18.5
4.1253779,29.20753202,18.5
4.1253779,29.207532020000002,18.5
4.1253779,29.207532020000002,18.5
4.1253779,29.207532019999995,18.5
4.1253779,29.207532020000002,18.5
4.1253779,29.207532020000002,18.5
4.1253779,29.207532020000002,18.5
4.1253779,29.207532020000002,18.5
4.1253779,29.207532019999995,18.5
12.90445788,29.20753202,18.5
8.51491789,28.31451400617356,18.5
8.51491789,27.419427919999997,18.5
12.904457879999999,29.207532019999995,18.5
10.689360666475677,28.30519956183246,18.5
8.51491789,27.41942792,18.5
