8.722514174322946,28.17621019113021,11.1
8.006736128432717,27.44415362393545,11.100000000000003
8.794831101779918,27.83070989029756,11.100000000000001
8.203874806533973,27.70545479769526,11.1
8.207230584472113,27.556022323930613,11.1
7.952385254590392,27.972805853630486,11.100000000000003
6.110510195288291,27.317856886231873,11.099999999999998
5.805500375023571,27.248806712385143,11.1
6.006986654078072,27.137772659447833,11.1
6.333865482043618,27.267293601081406,11.099999999999998
6.011221791499113,27.237662206998408,11.1
6.406006579288635,27.11646897882333,11.100000000000001
5.298241488939297,27.25367078191455,11.100000000000005
5.525672303944002,27.287464266875897,11.1
5.315653396871547,27.11041594964171,11.100000000000003
5.259603156077232,27.257172412967442,11.1
5.361211592488943,27.10390563669134,11.1
5.381204230018587,27.15211072800054,11.1
9.562439495690779,26.767850228371056,11.1
8.673346112487451,26.892478133982408,11.099999999999998
8.41160343265981,26.913172034483303,11.1
8.628285120092961,26.822522394480316,11.099999999999998
8.843646982691181,27.10959082421873,11.1
8.636765793891641,26.350240991684508,11.100000000000001
6.881216654528894,27.186398779293114,11.099999999999996
5.755902122365729,26.06265220281947,11.100000000000003
5.893927315195889,26.546695495020213,11.099999999999998
6.712595230258221,26.30375408605594,11.100000000000001
6.600809912557781,26.781411544806634,11.1
6.453900707148689,26.724021243602508,11.1
5.343777534547262,27.083203456425146,11.1
5.404587367405532,26.55238217577503,11.099999999999998
5.272682033011819,26.9765194427271,11.099999999999996
5.355091990763345,26.687469986300716,11.1
5.298864394975023,26.82904188248149,11.099999999999996
5.488414023321978,27.145630100320915,11.1
5.967572341706683,24.874690648579687,11.1
6.729345756570933,24.9041284415638,11.099999999999998
5.729721194492634,25.559529783481832,11.100000000000001
7.097331118482028,24.98819153679753,11.099999999999998
6.804266383334431,24.849192311154535,11.099999999999996
6.921510515951559,24.900984753592375,11.100000000000003
5.822607914944352,25.053034082098172,11.099999999999996
6.076697845496676,26.036438908760744,11.099999999999998
6.327243660842042,26.18947632183799,11.100000000000001
6.690085978795438,26.56068443048786,11.100000000000003
6.406085160941672,26.20907985133559,11.099999999999998
6.467634102634544,26.175896385908377,11.099999999999998
5.339285932316,26.69442406409028,11.100000000000001
5.36516220264622,26.686003949192497,11.099999999999996
5.229375933443663,26.65153075565137,11.099999999999998
5.56250104479025,26.660522719351615,11.1
5.613523605337607,26.65832825560287,11.099999999999998
5.584399429113385,26.642409958416188,11.099999999999996
9.284907774138139,24.449882874425782,11.100000000000001
9.68077159257267,24.218219648398442,11.099999999999998
8.638695331951208,23.407058549076073,11.1
9.263027460815504,24.22687494197321,11.100000000000003
9.775925338136531,24.501702319563183,11.099999999999998
9.09687111703557,24.140033332359646,11.099999999999994
5.770709639191498,25.42846978092218,11.100000000000001
6.841559668912791,24.15198984268935,11.100000000000001
6.458926555181557,24.249065545557823,11.099999999999998
6.370470618672458,23.743122061803984,11.099999999999998
5.303826455571127,24.310178925840308,11.099999999999998
5.384297832053367,24.22972932209691,11.100000000000001
4.722345009131766,24.98453214022967,11.099999999999998
4.600688088365099,25.382134900537412,11.099999999999996
4.835465524169448,24.71284989329723,11.1
5.270259410325555,25.591132930880327,11.099999999999998
4.729408422979128,25.614016249245125,11.100000000000003
4.672579247364446,25.45178036614368,11.100000000000003
7.913271543454556,22.67967090118533,11.1
8.093540189546543,21.50301397691877,11.099999999999994
6.986711564746889,22.193680285987057,11.100000000000003
6.885766328594267,23.355092697720742,11.1
7.510876621692801,21.614689992239107,11.100000000000003
7.543465561810524,21.321401991115305,11.100000000000001
6.4052897159505395,22.324931070270484,11.099999999999998
5.990491189763535,23.013124655638784,11.099999999999998
6.131187756253354,22.685187605629185,11.100000000000001
6.250515162466502,23.29104965904334,11.100000000000001
6.7287060067031845,23.21037693578857,11.100000000000001
6.287996720182168,22.885501819072452,11.1
5.305280397879386,23.508027041733854,11.100000000000005
5.126235026401292,23.569378892409365,11.1
5.348026519236621,23.278110650034726,11.100000000000001
5.627940661358641,23.326243708720853,11.100000000000001
5.868874861550639,22.57495741020673,11.099999999999998
5.543773474504484,21.728827813963576,11.099999999999998
8.730262406027453,19.54209247042904,11.099999999999998
8.233122032708565,19.67171300975521,11.099999999999998
8.677740457783676,19.26940545496855,11.100000000000001
8.872063105531584,18.920926757598078,11.1
7.6901074839610395,19.19358113946004,11.099999999999996
8.225890674112627,19.52302417896183,11.100000000000001
7.456708464283931,20.1734665643954,11.1
7.330105141042083,20.278834633469277,11.099999999999996
6.248058517055141,19.768502936141594,11.1
6.698000789546583,20.994219525647864,11.1
7.156955677981936,20.9466372922335,11.100000000000001
8.52256075795824,19.26978185853779,11.099999999999998
5.069237931496377,22.62029618316652,11.100000000000001
7.0363737034694,20.122944662845352,11.099999999999998
5.709214321817094,21.037262817339496,11.1
6.471046024993393,20.32687850991482,11.1
6.086245877829153,20.459758315965907,11.100000000000003
5.63669264361084,20.44255945231726,11.100000000000001
9.25290090016914,18.371554216372694,11.1
8.16010847341131,18.13786816927174,11.100000000000001
8.78337442093197,18.44466621944604,11.099999999999998
8.335509431145832,18.152556125835666,11.1
7.716201218113948,17.616070393257115,11.099999999999998
7.556390043954886,18.012796403893578,11.100000000000001
8.446103183953817,18.655086411715896,11.1
7.966330788266783,18.859748655912462,11.1
7.324950122574233,19.541591687767344,11.100000000000001
6.346796746797367,19.667467879802235,11.100000000000005
8.276878233263192,18.895865444350363,11.1
8.029994015413612,18.798513819033946,11.1
6.74972498751974,19.15400041827222,11.100000000000001
7.899322117095221,19.05323684902119,11.100000000000001
5.518263220555932,20.078008538755725,11.099999999999996
6.390789848894304,19.443398550355514,11.1
5.535078107063412,19.446138005958964,11.100000000000001
6.425762246295584,19.326569616312472,11.1
8.619789891278316,17.512602404401132,11.100000000000001
9.10040768505859,17.536747382185247,11.099999999999998
9.341766937399836,17.851091024176483,11.100000000000001
9.074977483177197,17.72649108295736,11.099999999999998
10.17292586977786,17.748429617772185,11.100000000000001
9.201821567996566,17.514651497781465,11.100000000000001
7.00034894193175,17.907375967609312,11.1
8.757415869707366,17.499491994837225,11.1
8.121660947051161,17.298632132621297,11.1
7.909156196442941,17.30261944799083,11.100000000000003
8.183874705371345,17.921090099876288,11.099999999999998
8.659105318471001,17.682487755408108,11.099999999999996
5.824459482432883,18.0108611731423,11.1
5.15005576278165,18.401739211638954,11.099999999999996
5.850278325283797,17.93160576682267,11.100000000000001
6.854305326903912,17.967749748092803,11.099999999999996
5.95193539407401,18.29304364846533,11.100000000000001
5.273834763314451,19.01149604885387,11.1
7.960259366722403,17.22359079459084,11.100000000000001
7.748109891896094,17.427236867986757,11.100000000000003
7.5201624657425015,17.994463339250284,11.100000000000001
7.801888682000946,17.930710186941294,11.1
7.383026794838392,17.967339208317217,11.1
7.840240859558607,17.603850685135463,11.1
9.09166276715518,17.42521342787345,11.100000000000001
8.280950463502826,17.198078533127113,11.100000000000001
9.56375599687042,17.66196492749591,11.099999999999998
7.6149884522825495,17.39834906635005,11.099999999999998
6.841038379360634,17.58590982374177,11.100000000000001
8.881525881202698,17.770780791211457,11.099999999999994
11.236442421501796,18.0735102944611,11.099999999999998
11.900585278186774,19.051701430678573,11.099999999999998
11.802497203000325,19.69675625234585,11.099999999999996
11.497109608630389,18.473150312814184,11.100000000000003
11.300788239793619,18.283500978300353,11.1
10.529312751876972,17.92203656369535,11.099999999999998
7.633898586908854,18.4722176220394,11.1
7.652253510008288,18.85209030509352,11.1
7.424081865958259,18.96687473833601,11.1
7.05873714829977,18.85671267984949,11.099999999999998
7.768967342019615,18.169035881607563,11.100000000000001
7.459045704109364,18.885478827846946,11.100000000000001
7.945017771178305,18.496399141204154,11.099999999999998
8.783309428081962,19.021741050913892,11.100000000000001
10.115594899521257,18.290768016698358,11.100000000000003
9.89731411151762,17.978353787620186,11.099999999999998
10.24743615633607,17.944792604597605,11.099999999999998
10.053327019533139,18.38120681833608,11.099999999999998
11.28649042905235,20.009858312249587,11.100000000000001
11.972642346262813,20.713112581380024,11.100000000000001
12.039097367995227,20.556701570817328,11.1
11.559817960981473,19.933213135203356,11.099999999999994
11.361608197623006,18.804147993928233,11.100000000000005
12.2104422917676,19.252390582718117,11.100000000000001
8.089336847771824,20.09726987451414,11.099999999999998
6.273347444504241,20.371918829613627,11.100000000000001
7.543717090155285,19.372162707970105,11.100000000000001
6.07965792652414,18.988096311736786,11.100000000000001
6.681906735754305,19.250194382023555,11.100000000000001
6.7574541008752975,19.95766368748427,11.1
8.101621564672847,19.293927304432557,11.1
8.788789757673072,19.53825486915785,11.100000000000001
9.229457169956698,19.091526304774888,11.099999999999996
8.743962883745855,19.405468109437685,11.100000000000001
8.651500876681443,20.270976879947916,11.1
9.42731062973454,19.467659993750964,11.1
11.747577770371217,19.96578023496924,11.099999999999998
12.130228231270973,18.70703729700469,11.099999999999998
11.846070127528197,18.82196150475636,11.099999999999996
11.647675319866247,20.060638537440116,11.100000000000003
11.810132123138132,19.520884325930393,11.099999999999994
11.943790946304983,19.841854059957193,11.099999999999998
5.480948950406209,22.337906045949556,11.099999999999998
6.0601095462916446,20.38860511025322,11.099999999999996
7.4822167982244325,20.145627005971836,11.100000000000001
6.302673583285875,22.182900861608154,11.100000000000003
6.629190010551478,22.230336158755176,11.099999999999998
6.280546924835157,21.535684150658156,11.100000000000001
8.095744953145251,23.11395276251983,11.100000000000001
7.155637612655584,20.93291791849694,11.100000000000001
7.868528600395509,21.692742762459332,11.099999999999996
7.2453771251830625,20.924776752915445,11.099999999999998
9.161461394270756,20.20966080260644,11.1
8.430914418822553,20.81723463723678,11.100000000000001
11.046843712233493,20.358339100135648,11.1
11.92884244034299,20.87565021577929,11.099999999999996
11.627544745253873,20.24285469130265,11.100000000000003
11.593367466680501,20.529981921115226,11.099999999999998
12.019128147472598,20.847311625987846,11.1
11.939841131914793,19.708382972717708,11.1
6.848670602215345,23.59226996091205,11.1
6.653281611266513,23.49751665210817,11.099999999999998
6.611920526411323,23.297242494451414,11.1
6.486545570992564,23.347884805684036,11.100000000000001
5.863718022062607,23.57919404517769,11.1
6.558950466256662,23.410636528900117,11.1
6.53511997336782,23.23468233669664,11.100000000000001
7.1175022041177165,23.314693930215764,11.100000000000001
7.817051549938001,23.528557969070334,11.099999999999998
8.337167302625597,23.74157021261253,11.100000000000001
6.61530488620915,23.525156489899363,11.099999999999998
6.33601745891104,23.23179356168596,11.1
10.896253456895677,23.22911449084655,11.100000000000001
11.74112521671129,22.29739468138877,12.605725255970583
12.539512999365526,22.46400335457455,15.03352449524884
12.271479225448822,21.872167577473476,12.865701223483379
11.771280645169371,22.85798973478116,11.260496685818524
12.456817130766204,21.94900488450828,12.831502933541392
6.616458005531249,24.834287555750045,11.1
6.997557147205504,24.74487054321036,11.100000000000001
5.825322650943331,25.40984833927524,11.099999999999998
5.325484280962666,24.589094950577877,11.1
6.291705135150724,25.80155477911933,11.099999999999998
7.518315449099603,25.96376017835084,11.1
9.418614290531083,25.516551012836466,11.100000000000003
8.68384249472502,24.83869751855011,11.1
6.648062187745391,25.82252325227907,11.099999999999996
7.14048016354513,25.123061511951807,11.099999999999998
8.82976134802326,25.666271146060097,11.100000000000001
9.211010240532293,25.233248919460106,11.100000000000001
12.815802226964248,23.567324117665905,12.817899737822572
12.0701571942354,22.24681223435208,13.603823916548556
12.63400220274353,24.492887291605513,13.112952430972058
11.70918513634156,24.082881605064166,11.381443170617906
11.96881603636861,24.098140461994788,11.55220550537393
11.91245507137663,26.022201888295168,11.511888462970127
5.935862395094021,26.82756084866702,11.1
5.717943580368725,27.455486748419094,11.100000000000001
5.430064064111199,26.540524738272676,11.100000000000003
5.71659633257148,26.916719081096414,11.100000000000001
6.408918760696056,27.17528161796406,11.099999999999996
5.835906294821411,26.286292699077023,11.100000000000001
9.210325145160951,27.245963973024185,11.099999999999998
9.357246869914933,27.579549924890642,11.1
9.284455583908702,27.325714681702397,11.099999999999996
8.684317363251465,26.836059453114842,11.099999999999996
7.4777603987754455,26.318300457304574,11.1
8.868736740380008,26.912173463862352,11.099999999999998
11.728476033260732,27.531893517840082,13.815602769665265
11.327047599857533,26.837843657248396,12.162903407072239
11.403955913749042,27.013717492283092,11.526479436991835
11.44735407789801,27.381027516276315,12.047956928049034
10.761602530334459,27.271102355206587,11.1
11.204334579947378,27.159546495447156,11.240031414765037
5.724866865864341,27.145145058722463,11.099999999999998
5.904941130925697,27.453303455704603,11.100000000000001
6.249735935362595,27.758624636225786,11.1
5.381233981831669,27.35193032577311,11.099999999999996
5.680446041805787,27.148761856652868,11.1
5.457701300466364,27.285206838088346,11.1
7.915561812447749,27.982094307913304,11.100000000000003
8.346322586317322,27.457740200928168,11.099999999999993
9.803599081686754,27.72436984097199,11.099999999999998
9.419745605183383,27.437303703852976,11.1
8.225990208347948,27.922451089383614,11.1
8.432161374704584,27.46935185502715,11.1
11.830556620923845,26.985352739883734,11.991968241115451
11.818612202321544,26.508326199101372,14.666909549750052
12.057428647765775,27.03172456443383,12.710409898086965
12.0309976730431,27.624052255353863,13.558168065870419
12.18678238301071,27.19392441487813,13.941703053711878
12.41078173232749,26.62134942918977,13.806553763637925
7.076514597766406,28.268341008068678,18.5
7.111241724348219,28.237642002071446,18.500000000000004
6.804796809499293,27.77659958114688,18.5
6.895588375254125,28.302417503283063,18.50000000000001
7.325582271997588,28.344355188310466,18.5
7.470729280837915,27.721540554982415,18.5
7.00357899121437,28.658895100498313,18.500000000000004
6.898293146404373,28.59870434416977,18.500000000000004
6.849466275614788,28.351982096372527,18.499999999999996
6.724706283191267,28.02127321249224,18.500000000000004
6.916889835352748,28.56451527739514,18.500000000000004
6.714134860402854,28.279438121745557,18.500000000000004
6.185884938100667,27.927219933448768,18.5
6.033833197275509,27.91572394627602,18.5
6.6456131675030985,27.947942673257113,18.5
6.3203896984911045,27.515034476848346,18.5
6.382423458602941,27.66458623849137,18.499999999999996
6.604327878229451,28.14537326433439,18.5
6.920599612794861,27.356389622893847,18.499999999999996
7.980260461244699,25.49900067791991,18.499999999999996
7.30395902042253,27.468930548163712,18.500000000000004
7.405585076999414,27.330344265754064,18.5
7.41830696733275,27.485812096118966,18.500000000000007
9.110218230134937,25.51568457007411,18.5
6.4340352586700815,27.394570409544457,18.499999999999996
6.675521989978489,27.07165305606999,18.499999999999996
7.316964175757197,26.7351469926081,18.5
6.60851833389357,26.16271765684751,18.500000000000007
6.915859552497152,26.640760991267502,18.500000000000004
7.073003394083665,24.765938552751198,18.500000000000004
5.808412445639775,27.93157360089937,18.500000000000004
5.53514175850603,27.156795188528424,18.5
5.89231205177667,27.55589134247857,18.500000000000007
6.053685426880425,26.823733772427666,18.500000000000004
6.252255309288583,27.198477701924404,18.499999999999996
6.002381373041009,25.947368411440348,18.5
8.70298971382015,22.991748827203452,18.499999999999996
8.661590038292578,22.851587151218094,18.499999999999996
8.8379287611192,22.351948641567528,18.500000000000007
8.641662672354725,22.691442585323596,18.5
9.147526963980008,22.431342127490144,18.500000000000004
8.868827027074678,22.996630309956004,18.5
6.765543073405972,26.021626029675023,18.499999999999993
7.229012421668354,26.014168122096955,18.500000000000004
7.143256172180214,25.954529020249836,18.499999999999993
7.111430991673368,24.510065940775053,18.5
7.156595634940949,23.699479105720375,18.499999999999996
7.103200259071017,25.683638280273914,18.500000000000007
5.7364095848675065,26.261197513773133,18.5
5.693838640447947,26.401112013891705,18.500000000000004
6.165950634591998,24.86321350951401,18.500000000000004
5.604501449618452,26.57021652933712,18.5
5.586838336412725,26.714288730425515,18.499999999999996
5.609721545980841,26.419524184218247,18.500000000000007
8.638322532780329,22.91526867886017,18.500000000000004
8.985564885132666,22.88491493197716,18.499999999999996
9.129275043041698,23.11600816144974,18.499999999999996
8.21208443183091,22.882210377254587,18.5
9.160392795850084,23.04700227268314,18.5
8.138352182373188,23.411903108976574,18.500000000000007
7.618939609787478,23.81360113166098,18.5
7.025827578045399,23.89111883720061,18.500000000000007
7.142232783808159,24.11204886903333,18.500000000000007
7.088155069159852,24.492038373131745,18.500000000000004
7.22441412424437,22.99823953140048,18.5
7.320610925476757,23.401055908666287,18.500000000000004
6.427008237425743,23.563100237406793,18.500000000000004
5.860632817265936,24.205184812807712,18.5
6.188632563066586,24.08852019843351,18.5
6.123338520240556,23.896670735066685,18.499999999999996
5.0961372778782295,25.341010786696653,18.5
6.781896939724337,23.71971154469337,18.499999999999996
8.901288013825084,21.965875935797982,18.500000000000004
9.25059830080776,22.648600077755457,18.499999999999996
8.785244499424337,22.738346707701368,18.499999999999993
9.262844163928694,22.613894507450972,18.5
8.922537081605693,23.08966639273701,18.500000000000007
8.845302966779013,22.707496332878886,18.5
7.364961254147078,22.956229542301237,18.500000000000004
7.738720145285656,22.87359360320538,18.500000000000004
7.6967728859715665,22.6018572470866,18.5
7.376031002195094,23.13859570369925,18.499999999999996
6.742654049613975,23.06304675449051,18.500000000000004
7.595873720187959,22.923377801359905,18.500000000000004
6.8012128960665645,21.842150980996056,18.5
7.195364540146249,23.096610854201444,18.500000000000004
6.544749657570345,22.81456067591877,18.499999999999996
6.288117046015337,22.95557617878357,18.5
7.155214604836806,23.11739547862649,18.500000000000004
7.085044452774367,23.01943951896931,18.500000000000004
8.504276005984662,18.6937431353877,18.499999999999996
9.169022716653414,19.080492771225213,18.5
9.136781202509521,19.18595391607691,18.500000000000004
7.873230727484671,18.94838101968281,18.499999999999993
8.115512911726531,18.896291592639376,18.5
7.847642152728802,18.948403260179212,18.5
7.295765825235985,22.52516583390514,18.499999999999996
8.259650700415916,22.173863768658354,18.499999999999993
8.292054882105804,21.76121830218389,18.500000000000004
8.516096160116838,22.466762846363366,18.499999999999996
8.192429535287282,22.495862919946475,18.499999999999993
8.267689786872358,22.385417216675016,18.499999999999993
6.13417213675145,19.13287275649996,18.5
6.312205316096445,20.736868416604235,18.5
6.527359889111922,20.964762827836363,18.500000000000004
6.15268716480263,19.461263698718998,18.499999999999993
6.345005550701371,21.014816011323717,18.5
6.6957635051808175,21.144531088365223,18.500000000000004
9.494716355222083,20.501603612736194,18.499999999999996
9.539031754111823,19.902336667176442,18.50000000000001
7.020117852020544,20.09500297934758,18.5
7.257913694233948,18.688331254034168,18.5
8.50352809873175,19.02467559866152,18.500000000000004
9.353225872537516,19.9813389513103,18.500000000000004
6.978079283404043,19.772986535090283,18.5
6.9986964432573195,21.680473913733238,18.499999999999996
7.001497814006635,21.89212791649948,18.499999999999996
7.90197528638368,21.456253856006246,18.5
7.702002897809061,20.71723787488832,18.500000000000004
7.4504049877839575,22.103983124854715,18.499999999999993
6.135007933339789,18.25697038817335,18.499999999999996
6.523250837149388,18.673416761250348,18.500000000000004
6.037847766496777,18.953893658670616,18.5
6.023153293449437,18.365363332536905,18.499999999999996
6.687799946479492,19.68307185296888,18.500000000000004
6.141081867188767,17.887442993478313,18.5
7.500496495339265,18.31830692946402,18.499999999999996
7.756078170702878,17.94791523161268,18.5
7.3995707513428695,18.013104366781928,18.500000000000004
7.751873341772041,18.0386885790932,18.5
7.336330083208223,18.132004078588587,18.499999999999996
7.610066095762075,18.367027617920286,18.499999999999993
6.91293769770823,17.40258329157771,18.499999999999996
7.090264760140795,19.522114086669482,18.499999999999993
7.240339704746839,19.348560974707894,18.500000000000004
7.239157937548158,19.216506828793808,18.5
7.106053493166209,17.412312253063288,18.5
7.093638234236062,19.102746831669883,18.500000000000007
6.396227807251411,17.80024731231789,18.5
6.654641645468496,17.658654475915803,18.49999999999999
7.18177513040841,18.278333984132203,18.499999999999996
6.911159169096337,17.63098815123599,18.5
6.809604717729764,17.612538246973717,18.5
6.666248376374623,17.92411591462774,18.500000000000004
6.7312794331604255,18.518407550714443,18.5
7.3280098621585665,17.669293798709692,18.499999999999996
7.118756352545678,17.38847621512432,18.5
7.073118045985732,17.378403090485318,18.5
7.353756137378658,17.993278687939384,18.499999999999996
7.5291400682019765,17.655064239042364,18.499999999999996
7.317690363586535,17.8905699188092,18.499999999999996
6.992553643835542,17.772000507053242,18.499999999999996
7.3455119038225885,17.754040836765984,18.500000000000007
7.386489553687854,17.579182167281445,18.5
7.353820812404618,17.868883415506712,18.500000000000004
8.243119603048493,18.02148175780219,18.5
11.791851403789963,19.75844598621478,18.499999999999993
11.525833173344154,19.423043172429676,18.499999999999996
12.048900645681774,20.123867409738054,18.5
11.685948099903786,20.055397888128482,18.5
11.720124969740986,19.74037182701376,18.365089317474624
11.708254835821787,19.988698060295704,18.5
9.443215965044343,19.586564163977478,18.5
9.002944742554757,20.243740892963835,18.5
8.034430177627412,18.41311352551611,18.499999999999996
7.395558417265657,17.706604276730904,18.500000000000004
9.476938523478927,20.744001776393688,18.500000000000004
8.521269150130687,21.045141661461667,18.5
9.04559131213599,18.425228233931087,18.500000000000004
8.141330805784552,18.11821854385639,18.5
8.174704606258027,17.99946138255198,18.5
9.166784654483395,19.015515574720503,18.499999999999996
8.339456271015836,18.617017249259213,18.5
7.626299180876129,18.2538696634502,18.500000000000007
11.701004495078655,19.927269339741294,18.499999999999996
11.6685679964635,20.02862770324226,18.5
11.826157073099928,19.962666030560893,18.500000000000004
11.749554579796436,20.322566553266586,18.5
12.35886163019866,20.80839672988194,17.887326100965613
10.869604080892493,19.644247252405172,18.5
8.390970964563111,19.83095075257166,18.500000000000004
7.254558198079403,18.68803370777145,18.500000000000004
8.195370558443182,20.57124023281391,18.500000000000004
7.314125370143788,19.810682404208897,18.5
7.851158429359717,19.141582933109518,18.5
7.8707935003007234,19.78091811900121,18.499999999999993
9.118802479602328,19.86171463966189,18.5
9.42951437988555,20.853088294512602,18.499999999999996
9.06635370379448,19.20540135326771,18.5
8.973072037391699,20.51445980195688,18.5
9.176401928195865,19.55424489524495,18.5
9.689664605533764,21.100259626270464,18.500000000000007
11.726036630589888,20.051982767932913,18.356555794752865
11.882952677049275,20.22722498827965,18.5
12.03617807258408,20.354474708108437,18.500000000000004
11.5726874873948,19.911854772508416,18.5
11.537540731037272,20.111936197532522,18.500000000000007
12.248368033550337,21.037852971916454,18.366419255906727
8.349242271977952,21.946533829216815,18.499999999999996
8.868856880088051,23.009868062633043,18.5
8.548950357163225,22.75918020675624,18.5
7.587338733985981,23.047043701614186,18.5
8.400597208577132,22.220113380963543,18.499999999999996
8.524165466118356,23.065463726662074,18.499999999999996
9.483142241320795,22.561683890726584,18.499999999999996
9.347586445406508,22.340729614719834,18.5
9.300974408667246,22.48247345999955,18.499999999999996
9.007534400329764,22.293826987780264,18.499999999999996
9.142040153272815,22.575230624436816,18.5
8.952937892610795,22.33206285824761,18.499999999999996
12.1974657007363,20.886002234244813,18.500000000000004
12.286593558302886,20.856059039344622,18.5
11.897393310311578,20.158503661641767,18.499999999999996
12.590188902629524,21.28229483131224,17.97889605494771
12.5186015332076,21.047805267159237,17.97498951861342
11.927076877878998,20.47899712965672,18.35874909368293
8.738566125064526,22.603121066745835,18.500000000000004
8.780953154556896,23.058286969173093,18.5
8.66674898634336,23.14338090204494,18.500000000000004
8.840672952030463,23.27812080311664,18.500000000000004
8.855666991625899,23.215781958470767,18.5
9.010450340449784,22.814952009601082,18.5
9.288027833307103,22.788407948538065,18.500000000000004
9.615263839045145,21.22333579324269,18.499999999999993
9.009470038659918,21.525447104965142,18.500000000000004
9.682044838506185,22.34185716264074,18.499999999999996
9.46524271069992,21.925810894080275,18.499999999999996
9.2772646640153,22.728943668924718,18.5
12.240419874377476,21.161778612132824,18.3677802491415
11.786206362949697,20.95219604834812,18.499999999999993
12.609702072215349,21.933793935084235,16.633758143960044
12.356816661970461,22.59097119820083,18.21947810164558
11.103058205173662,22.563230340235318,18.352884709659424
11.458616234667938,21.302412564076697,18.5
8.140266011217815,24.59137658128574,18.500000000000004
7.026471252167884,25.60692361108914,18.5
7.293881610842711,25.47490535924355,18.500000000000007
8.762397963703464,24.345739624547566,18.5
7.346921215750495,25.24620612086085,18.5
7.6732969771669435,25.794481612605622,18.500000000000007
8.89586948105663,23.764624461293923,18.499999999999993
8.876295946933421,24.001689406880754,18.5
8.947341637939303,23.10519931102499,18.5
9.113647844039665,23.287850684906886,18.5
8.765162492429564,23.21326920030722,18.500000000000004
8.406327308566514,23.49282651576842,18.499999999999993
10.798224798659058,24.739621792395443,18.5
10.26277990276791,23.328278047176788,18.328088934534307
10.56604694983718,21.00796709600123,18.500000000000004
10.499727286302818,23.333360260717207,18.5
11.243050973298228,22.751388623460972,18.500000000000004
9.598268477974077,23.70039804499831,18.365101781642572
6.665769295924036,28.091890970655978,18.499999999999996
7.186012446283691,28.052275621610463,18.499999999999996
6.9935772569148345,27.674254805520043,18.5
7.102986344973952,27.119137699739785,18.5
6.9043665915581265,27.79317461930166,18.5
7.004162530602666,27.80215605641096,18.500000000000004
6.1376562881007395,26.877317167555713,18.500000000000004
8.816516740142795,25.890100879362024,18.5
7.905108521600188,27.442656063204083,18.5
7.764743033372002,26.1864246205214,18.5
6.525818326483213,27.128132532820853,18.500000000000007
6.356097248783306,26.262469570971696,18.5
9.932424180430917,27.31352634896732,18.500000000000004
10.904915849746939,27.522990487333526,18.5
11.04519762409832,27.4598378737277,18.499999999999996
10.612768233319017,27.592604722734926,18.5
10.48389521609122,27.61605890516217,18.20829872253256
12.393945335556372,26.310761016453686,18.196861233834095
6.684933527757478,28.364316874776254,18.499999999999996
6.859677415106017,28.546560240662725,18.500000000000004
6.712603010830697,28.504725048835628,18.500000000000004
6.695853677747967,28.366663159371125,18.500000000000004
6.52482573649128,28.519389129825203,18.5
6.6984542392590045,28.488711713757407,18.500000000000004
7.676257975414576,28.319166110401657,18.5
7.05019891604976,28.196716029422454,18.500000000000004
7.5874279294863545,27.764518735737774,18.499999999999996
7.607052050304249,28.285670291178576,18.499999999999996
7.983159473443107,28.169725995322253,18.5
7.367923905837245,28.3155398721243,18.500000000000004
9.381736206002863,27.649709269560322,18.499999999999996
10.722985576111046,27.770764785542315,18.214596657117227
11.61859757347876,27.02182221334553,18.357790526891723
11.297268643583312,27.60917066521249,17.909123765330996
12.727435554173644,25.784979806317033,16.972473339253675
10.201120511853436,27.554211398214907,18.499999999999993
8.52580543802635,27.74062540665039,11.099999999999998
8.322811079294452,27.874755887417027,11.099999999999998
8.108554436193561,27.947586750928743,11.099999999999998
8.908358921793425,27.950790683054365,11.1
8.309791222629213,28.07140179841886,11.100000000000001
8.861396576491437,28.046522677150282,11.100000000000003
6.231156546780657,27.69091513079356,11.099999999999998
5.73408968441356,27.287560833510508,11.1
6.352904109391788,27.756276961852127,11.099999999999998
6.205496371148407,27.687873411748036,11.099999999999998
6.190519749000723,27.59275801634651,11.1
6.431719714787668,27.789154090088292,11.1
5.358387869289293,27.131568116447298,11.100000000000001
5.325207294495397,27.008210652614405,11.100000000000001
5.400941774968674,27.044315965628407,11.100000000000003
5.400700807122944,27.072167282120045,11.099999999999998
5.484725915823308,27.11246770069638,11.099999999999996
5.390926104433353,27.206360669797665,11.099999999999994
10.653384424775968,26.766806945541582,11.1
10.277586453365545,27.305712686314116,11.387945486223204
10.31412019571912,26.261283406741686,11.100000000000001
10.31881003519098,26.371733567936353,11.1
11.046788615888444,26.982063573482378,11.1
8.97613419284394,26.517242123761967,11.099999999999998
6.1660300404344,26.610992238799525,11.099999999999998
7.111942828908608,26.324997629123043,11.100000000000003
7.4577516989240715,26.588677381723485,11.099999999999996
6.384804934701772,26.446382001295785,11.100000000000003
6.565129747476111,26.512973029714978,11.100000000000001
6.720411098785897,26.342867046604805,11.099999999999998
5.475457252616725,27.3068200706638,11.1
5.71504107756843,26.801087491041226,11.1
5.742937443572329,27.005514875297234,11.099999999999998
5.68730057014973,26.639208482499406,11.099999999999998
5.7389654213397945,26.90500060528678,11.100000000000001
5.820218022525929,27.15051726921169,11.100000000000005
8.204684532070404,25.504881269705905,11.099999999999998
9.18200442188416,26.00792295571319,11.099999999999998
9.496491665238194,25.964023995548676,11.1
8.862283569904662,25.60107198146707,11.100000000000001
9.847601185770824,26.404343346171853,11.1
9.94245049387669,26.60314866704772,11.1
5.977925933561158,26.568641134509868,11.099999999999998
6.230908576875895,26.39239925457659,11.099999999999996
5.932440136768818,26.081778862466674,11.099999999999998
6.0779141806499375,26.08713801459941,11.100000000000001
5.389506914607239,24.511120485339934,11.100000000000001
5.8027442902584685,25.575796603320896,11.100000000000001
5.446529852160664,26.11038777999753,11.1
6.231499836236412,26.212397597440894,11.1
5.98866424471278,26.17876773692938,11.1
6.143635769674227,26.39773539621533,11.1
6.064058616512742,26.459825519418832,11.100000000000001
6.257467058842012,26.219011535245635,11.100000000000003
10.531372346080087,24.313349041566273,11.1
9.7364851748118,24.034265748029725,11.1
9.370479345885187,24.377310462907463,11.099999999999998
9.10208055171454,24.521826541895923,11.100000000000001
9.800996130252171,24.312259612734483,11.1
9.15816225328872,24.217524693239337,11.100000000000001
5.798725171472173,24.87812024468383,11.100000000000001
5.497510535614643,24.571825558769522,11.099999999999996
5.750401763992953,24.491324450201148,11.100000000000001
5.478464573849572,23.761238632581193,11.100000000000003
5.672212758257969,24.005559114285273,11.099999999999998
6.007831854196257,24.56746564586946,11.099999999999998
5.119128756714088,24.926929885949182,11.1
5.214137795222604,25.133810581606753,11.099999999999998
5.831003121515958,24.799872000905047,11.1
5.305600017707469,24.67187457732102,11.099999999999998
4.9808698318261495,25.40268164131476,11.099999999999998
4.967252424710824,25.547843403054046,11.099999999999998
10.142511936847079,22.876077280281507,11.100000000000001
9.677665678189586,20.91151653588581,11.1
7.885923524306508,21.61216555991323,11.100000000000001
9.522509649703693,19.89488141469544,11.100000000000001
8.20226100927016,21.160062256503913,11.1
8.73861141761891,22.131289486397833,11.099999999999998
6.500675615363076,21.62431013178173,11.1
6.734833706795879,22.435018741035,11.099999999999998
6.466856230898912,22.598790845539902,11.099999999999996
6.431520752232082,22.46208920694964,11.099999999999998
7.047335523007716,22.333082312006002,11.099999999999998
6.55570395653327,22.255987092205263,11.1
5.287426033927495,22.72043537344068,11.100000000000001
6.591669897723438,21.336559746360358,11.099999999999996
6.537962304059821,22.001519858155785,11.100000000000001
6.560427720602831,22.184064859009,11.1
6.541267212808074,22.01501459813734,11.1
6.428232354553787,21.83409011218274,11.099999999999998
9.73220727706833,19.163213115590494,11.1
8.250806380773062,20.24354479045509,11.099999999999994
10.209331116463499,20.527509302812987,11.099999999999996
9.919207337109347,20.887377131427517,11.100000000000001
11.138853060383228,20.182468454617464,11.100000000000001
9.160052184374425,21.100579089008402,11.1
8.937456077165125,18.57663852183687,11.099999999999996
6.470656038345938,19.867547476111337,11.1
7.641338413312334,20.231567493559353,11.1
7.208244819410888,20.502740663014276,11.1
6.538183192923656,20.169133521849567,11.099999999999998
6.968529425679884,20.251645649447283,11.099999999999996
6.476152839947066,21.113492969807375,11.1
7.409282462136023,19.797548663560576,11.1
5.867447198604959,20.406450619049888,11.1
6.44000555460474,20.351194040987647,11.100000000000003
5.886433434571895,20.527944604447093,11.100000000000001
6.337507657501239,20.27006226171987,11.099999999999994
10.123253976428105,18.475856572301744,11.099999999999998
10.083241851032065,18.541710409868195,11.099999999999996
9.819060320356982,18.799458117103928,11.100000000000001
10.321441888098066,18.972607747531285,11.099999999999998
10.392035908317396,18.298738731535163,11.100000000000005
9.953225291305209,18.850439614656704,11.1
8.110141567937147,18.905964183514573,11.099999999999998
7.799323842107378,18.903815195129802,11.1
6.982786795071293,19.409003861228495,11.1
7.734444191772428,19.20073706679868,11.100000000000003
7.741471530379955,19.20731351589008,11.1
7.067355487887726,19.429909241627367,11.099999999999998
5.600512840607425,19.62610944955908,11.100000000000001
5.797982082897335,19.014706346928794,11.100000000000001
7.3243008846480055,19.25097518493496,11.099999999999998
7.412641989937117,18.713103348342752,11.100000000000001
7.872981169010201,19.105806949251097,11.1
8.59712196315225,19.065153894977623,11.099999999999998
9.966888423996329,17.768349065480532,11.099999999999998
10.20077090690544,17.700246563091415,11.1
10.267697348384623,17.784380977531544,11.1
10.031106439391772,17.717569774171853,11.099999999999998
10.140135887441316,17.60664471927045,11.099999999999994
10.087539372132001,17.76142391305594,11.099999999999998
8.25085059866798,17.320140913001605,11.099999999999998
8.442967028192498,17.381177277283957,11.100000000000003
8.451131836280359,17.558172147640985,11.100000000000003
8.27957240622409,17.435388122000308,11.1
8.074472853123343,17.289520827566,11.100000000000001
8.860202353206821,17.42515508319278,11.099999999999998
7.449426149276202,17.43541539389054,11.100000000000001
8.903270444795508,17.557828038447823,11.099999999999998
8.5965136675681,17.588074859223873,11.099999999999996
7.2111168049671335,17.76521392476479,11.099999999999998
8.434150202443815,17.813648284908922,11.099999999999998
9.203207324595592,17.680362825486082,11.1
7.7281767171047315,17.21727615336197,11.100000000000001
8.370606524679653,17.495109288706217,11.099999999999998
7.730389195573677,17.276503218446962,11.100000000000001
8.089561393723038,17.569839392724084,11.100000000000001
7.674877253403174,17.246627571057644,11.099999999999998
7.418325778640378,17.35046383066887,11.099999999999998
10.321056011847793,17.630095749202905,11.1
10.397128404973316,17.7106506292845,11.099999999999998
10.453884336797516,17.6537513547986,11.099999999999998
10.205446551852189,17.603253622321336,11.100000000000001
9.602721083103626,17.36932830368488,11.099999999999998
9.765186376244785,17.435843787723496,11.099999999999998
11.97172297747372,18.88574638382807,11.1
11.26541604296299,18.065590282871057,11.1
11.524670719354074,18.423145193936897,11.100000000000003
11.523450822162422,18.484863388999624,11.100000000000001
11.740433352353897,18.929937123019165,11.100000000000001
11.254892836004633,18.096381225668136,11.099999999999998
8.01234402935835,18.880671972734923,11.100000000000001
6.6030384961283435,18.23060273685494,11.099999999999998
7.555655717289124,18.445614037560723,11.099999999999998
7.744584729341263,18.435607665810064,11.100000000000001
8.403678448771888,18.462627000281824,11.1
7.575878475964967,18.63445487642908,11.100000000000001
9.952455343324981,17.831058466098092,11.099999999999998
10.376437406085525,17.78652616935131,11.100000000000001
10.279382012566009,18.218115804235584,11.100000000000003
9.978650992581342,18.204123256411755,11.099999999999998
10.084369638293005,17.728705772731942,11.1
10.221756984486035,18.057331509717656,11.1
12.19080533682068,19.450274693961195,11.099999999999998
11.88452714205404,19.438412649441013,11.100000000000001
11.891835553313756,18.525310044292443,11.100000000000003
11.967049190692137,18.921146778986028,11.100000000000003
12.281248648888578,19.972708728947996,11.099999999999998
11.82985026890369,19.478703978031554,11.099999999999998
5.738571362897318,21.560198438312657,11.099999999999996
8.324256282359263,19.133406178599373,11.1
7.443927406339252,19.469060932230313,11.1
7.580846227866628,19.109697908392018,11.1
7.797983165622734,19.154585903141882,11.099999999999996
7.4470841064800135,19.170171848274812,11.1
10.232819440325057,18.57570606641015,11.099999999999998
9.909779584084832,18.718918150732836,11.099999999999996
9.509657365257905,19.24847833309673,11.100000000000001
8.621512244119307,19.121263958207912,11.1
10.346426689331969,18.7418773033223,11.1
9.707376311843658,18.993694085810166,11.100000000000001
11.264600285044265,18.299087239152556,11.099999999999996
10.87284740972129,18.45819441184034,11.1
11.403631616301263,19.096422695218955,11.099999999999996
11.161961175858915,18.353137325069493,11.099999999999996
11.623791539187,20.229402912486055,11.1
11.616798559497438,20.350270226504907,11.100000000000003
6.781501826898765,21.282567005341708,11.1
6.635216182190345,21.76640043793635,11.100000000000001
7.126882856593759,22.03516803315646,11.099999999999998
6.56402915962533,22.12968239589415,11.1
7.419316797479892,21.860506799634297,11.099999999999996
6.7455605753339425,21.900370239948302,11.1
9.724959394760202,21.928487710558738,11.100000000000001
10.535501945607121,20.663287534531822,11.1
8.650764453665703,20.461263206782547,11.1
8.945137077957325,21.266177241419012,11.099999999999998
9.608230776821637,19.894654539434473,11.100000000000001
9.7136029804415,20.728704792031245,11.100000000000003
11.452346309474088,20.67071986512631,11.099999999999998
12.904457880000002,23.002434787139844,12.040160129766
12.904457880000006,22.90805575195862,13.207270201598803
12.904457879999999,22.546563479509526,13.565846956569215
12.90445788,23.17807927483726,13.148663944312332
12.90445788,23.425842270934012,14.053117647633993
5.040537238965548,24.21536560238603,11.1
5.606671534192068,24.279565962243975,11.100000000000001
6.120533479122627,23.871042232304916,11.100000000000003
6.357166378363376,23.7134328264424,11.1
8.505682839806434,25.269281039750737,11.099999999999998
6.648571766854593,23.704076821650652,11.099999999999998
8.163757898447596,23.860101963688482,11.1
9.328795539443375,23.901768654804812,11.099999999999998
8.582867391292789,23.56618716837248,11.1
9.239285890296609,23.651297176556408,11.099999999999994
8.105679895242572,23.737285359005803,11.099999999999998
8.671341598651956,24.591913032197734,11.100000000000001
12.817159064735284,24.152392166138945,12.807284176731196
12.628775532029358,22.099403783570583,14.106910890725032
12.285687277136853,24.08415394920814,11.52173917034282
12.46192651433619,22.821377647052692,12.832019485362874
12.54946539078318,24.530607957630192,11.707001931265127
12.362014584021292,22.320922355229467,13.41647056911269
5.117891938433104,25.594285006833672,11.1
6.623540630224219,23.510012032643182,11.1
5.946187725484968,24.377521661032667,11.100000000000001
6.5888384605889465,24.962524863203466,11.100000000000001
6.470966737071643,23.750180114704932,11.099999999999998
5.684573792812751,24.18156165883412,11.100000000000001
10.285075761576323,24.688799089000497,11.100000000000001
10.298541545916546,24.519543352518692,11.099999999999996
10.619177490847056,25.148605564607333,11.100000000000001
9.146678852742037,25.17740787320172,11.100000000000001
10.196992570916523,24.94073400931926,11.099999999999994
10.228045716482326,24.976246974959977,11.100000000000001
12.260648553952294,22.80594723789833,11.249840947970773
12.631985681392273,26.142194767680245,12.575505652689229
12.816996532735013,24.839565267078886,13.281185823583403
12.333594059772118,22.262698705378487,12.328562236179625
12.541924475532136,25.578239660172787,12.325413252837514
12.15471801661023,23.109773134167053,11.100000000000001
6.699748296766368,27.6819883969215,11.099999999999998
6.974945244506971,27.535418893000788,11.100000000000001
7.380222003186862,27.793095097011257,11.099999999999996
7.467825911106123,27.898258860116556,11.1
7.572733989646048,27.920693792537534,11.099999999999998
7.090293370455733,27.628063563613527,11.099999999999998
7.815729055930348,27.704269190152228,11.1
9.07358559890176,27.250082411109496,11.1
9.485157541470896,27.230363987687255,11.099999999999996
9.361935281446144,27.358021790271398,11.100000000000001
9.53434731557283,27.27581666679409,11.1
9.070909406030767,27.11165813896016,11.1
12.15089494306521,27.327485652357062,13.17375017925929
11.221016215108577,27.52172918082401,11.959033258159055
11.628359734370875,27.12111804005242,12.141409814409291
11.270323450569492,27.34687316280538,11.800855497839619
11.726443677682964,27.393794276428395,12.740123325161681
11.30658374020788,27.16701149426246,11.555891790084942
5.4323268336484505,27.42101291794997,11.100000000000003
6.250420562920397,27.14035152953252,11.100000000000003
7.191217763442545,27.797678433925594,11.099999999999998
6.332613195761628,27.388557004097233,11.1
7.244342730821925,27.87564576162488,11.100000000000001
6.27594369180072,27.361460312489903,11.100000000000001
5.885449265545101,27.120810860208632,11.1
10.75093061062748,27.277159917006927,11.099999999999996
9.0685529799687,27.782561411533337,11.100000000000001
10.684293121750326,27.78780020571793,11.099999999999996
10.852883205925878,27.25280580236907,11.1
9.970643738973347,27.264777959381664,11.100000000000001
10.916623397898919,26.97655181627372,11.100000000000001
12.822309122687527,26.765615507675104,14.331588691011493
12.239052058518185,27.16120523310326,13.325258232628116
12.599046490000358,26.991942632680967,15.055314672989976
12.828449524959442,26.66374179319784,14.176488593590642
12.619708286342933,27.182171384276785,14.064110643417385
7.227309685323215,27.97620034036199,18.5
7.158922453459862,28.18170188745673,18.500000000000004
6.746639346485719,27.463755357326406,18.499999999999996
7.470238907184748,27.913399239194607,18.5
7.332309598540036,27.70721061266162,18.499999999999996
7.460235262494488,27.909199055683054,18.5
6.686617251462968,28.310328203453032,18.5
6.514340613962268,28.16603916316712,18.499999999999996
7.151105300370922,28.527849745394967,18.499999999999996
6.6824600451659295,28.299152039456555,18.499999999999996
6.578655531421175,28.308567835247707,18.5
7.039428310756062,28.56851502970813,18.500000000000007
6.489590111048094,27.680231732367528,18.499999999999996
6.318271484708669,28.24852900716403,18.500000000000007
6.450629811470874,28.153415190436604,18.5
6.364308792892016,28.17597477070178,18.499999999999996
6.601265282992074,28.415407951970586,18.500000000000007
6.664423670375293,28.384596386856423,18.499999999999996
9.070343557746968,27.439372684140448,18.500000000000004
8.148371249422043,27.497362475169318,18.5
8.9401407005411,26.84702185644075,18.500000000000004
9.357195030047407,27.016607796620487,18.499999999999996
9.231009875525153,25.21293257964849,18.346179921321955
9.557885476166895,24.48362161594251,18.5
6.235401703713538,27.220518661453664,18.5
6.147865514318011,27.441441314025937,18.499999999999993
6.225026578407825,27.489114328129176,18.499999999999996
6.475843993348463,27.66330731383841,18.499999999999996
6.237695769696203,27.296958602881908,18.5
6.694369915027051,27.430592197970974,18.5
6.718824904411909,28.040335301684465,18.500000000000004
5.92183111199838,28.133642243790533,18.500000000000004
5.919771865039519,28.129498410964498,18.500000000000004
5.900214810783655,28.162947603690476,18.5
6.0740591402389015,27.858529253061516,18.5
6.22809324980815,27.9239516188599,18.5
9.211314156567742,23.18068955383137,18.5
9.283812904193306,23.186752190029033,18.500000000000004
8.812556238297663,23.009732371120144,18.49999999999999
8.85458911760526,23.666065213931898,18.499999999999996
8.727332601788627,23.46642154259764,18.5
8.734369267230786,23.38470314096966,18.499999999999996
7.387270898170774,25.676771278511218,18.500000000000004
6.548805987423529,26.535524745410306,18.5
7.182190421200433,26.569907301977597,18.5
7.270146723993254,25.6241493490562,18.500000000000004
6.125835650699396,26.920213300234643,18.500000000000004
7.335024846246424,26.48428069413002,18.5
7.187390902429954,26.55923232967315,18.500000000000004
5.754990282631446,26.82995247358669,18.500000000000004
5.807944393746623,26.68456965182116,18.500000000000004
6.503558556881375,26.463639525005867,18.500000000000004
6.109777753881827,26.1948548079119,18.499999999999996
6.276163328283033,26.62515761792117,18.500000000000007
9.163489143127187,22.74164595303342,18.499999999999993
9.306795413953532,22.95342243954056,18.499999999999996
9.518183792451964,22.732789692476693,18.500000000000004
9.828004387474357,22.34184764204205,18.499999999999996
9.879903399172159,22.695290059064565,18.5
9.633252883254068,22.955953382126022,18.5
7.588596770347182,23.413718721919196,18.5
8.057848639850322,23.525301390370448,18.5
7.9565636328552145,23.712589920302968,18.5
7.2788943382790166,24.49519845956277,18.500000000000007
6.57385879387751,24.752335461356893,18.499999999999996
7.480021292877223,23.900276143893432,18.5
6.622086922256597,23.54411627141047,18.5
6.589620600288533,23.3641724750253,18.499999999999993
7.2057208852152845,23.063288163569908,18.499999999999996
7.161415975572177,23.073092727583713,18.500000000000004
6.996350819425697,23.51475488171308,18.500000000000004
7.095196330014182,22.85545668577661,18.5
9.661036034203091,22.028880780636822,18.5
9.169229115870337,21.338010349754185,18.5
8.162304151142585,20.507770293541626,18.5
9.721041765510613,22.000747950362427,18.5
9.635050920684549,21.54373873169523,18.500000000000004
10.495880702202658,21.620649006179065,18.500000000000004
7.356347454687636,22.743109891418126,18.5
8.630638469394846,22.639403372739302,18.500000000000004
7.941842028682563,22.72911128970546,18.5
8.01024873066792,22.401211599557406,18.500000000000007
8.849466657768465,22.771586753832427,18.5
7.923280942607918,22.817690910136857,18.499999999999993
6.423450385669185,22.714531760775067,18.5
6.467104107947297,22.497434682583343,18.5
6.737743461540977,22.390402249073762,18.5
6.444517973824306,22.949674041908303,18.5
6.535290138408608,22.90932387283259,18.499999999999996
6.319510921889383,23.0024855765227,18.500000000000004
8.754192522925702,20.156767727161256,18.500000000000004
8.168068033023411,18.680922932004545,18.5
9.351944488828556,18.90946373215807,18.499999999999996
8.45290177350941,19.11125375667786,18.5
8.637847345795695,19.013855467709522,18.5
8.525450535613757,19.256452930997142,18.499999999999996
8.446454585056797,20.117929157808017,18.500000000000007
7.592489008218092,21.090340028127976,18.500000000000004
7.993540407512693,21.099247802274316,18.499999999999993
8.574825360321231,21.2400299037555,18.500000000000004
7.848172434050759,20.1504364858912,18.500000000000004
8.979980306417698,21.042797690073115,18.5
6.362695822967705,21.706932694490632,18.5
7.003567301569633,19.271595357675515,18.5
6.814744360157618,19.737838086781224,18.499999999999993
6.57095117082591,20.692970874565674,18.500000000000004
6.03252049282338,19.463186231290017,18.5
6.228911344294607,20.16005099471369,18.5
7.981288665790126,18.346343074551676,18.499999999999993
8.411763897015419,18.71434538067826,18.5
9.430068830547874,19.252381352968587,18.500000000000004
9.434494101054693,19.400658005228568,18.5
9.150094778852196,19.307067427756305,18.5
8.408945403557796,19.238895143912377,18.5
8.851800680628045,19.40048402788607,18.499999999999996
6.681770821016815,19.576663181903903,18.5
6.375233823616468,18.705126944438007,18.500000000000004
7.084861423734983,18.971189289179577,18.50000000000001
6.570457564516339,18.10131202288914,18.5
6.608538121153322,18.254674245610207,18.500000000000004
7.152400787716736,20.106272162410573,18.5
6.93925765387727,19.69002989090314,18.499999999999996
7.501571247360107,19.462688881948118,18.499999999999996
7.063811213003725,19.648777806556826,18.500000000000004
6.924864799684061,19.594107550753094,18.500000000000007
6.851005645235335,21.468605917683565,18.500000000000004
7.653292895521461,18.30671282969019,18.5
8.382270091640347,18.474092283382088,18.500000000000004
7.1649316264890555,17.93686968433906,18.499999999999996
7.682223878993199,18.105590200840012,18.5
7.531058517895257,18.848290730331243,18.5
7.296644454768813,17.958702963754828,18.499999999999996
7.315370859292931,17.37348175938373,18.5
7.523536605172915,17.82409294072116,18.5
7.5518149444270986,17.62302853277252,18.500000000000004
7.2415385273095545,18.072675188652642,18.499999999999996
7.125729812904139,17.66320461146183,18.5
7.365334706606517,17.683078483173396,18.500000000000004
6.518502443814984,17.64917741721208,18.5
6.843416086304161,17.30738435586518,18.500000000000007
6.683231623951307,17.56579732975572,18.500000000000004
6.636235060148857,17.406008752465198,18.5
6.643645365473007,17.404545432966316,18.499999999999996
6.808628406879846,17.36207705281106,18.500000000000004
7.666560258992437,18.409636198587243,18.5
8.105050208914166,18.93647026804488,18.500000000000004
7.50584451409363,19.044934813871873,18.499999999999993
8.26487984897682,19.886851692917052,18.499999999999993
7.594167386611332,18.64612497858521,18.5
7.956528864326892,18.965283202613765,18.499999999999993
7.634214564622313,18.438411452413114,18.500000000000004
7.453258981653961,17.671400062588987,18.500000000000004
7.137460289375048,17.67547636721137,18.5
8.321790168544872,18.328158005318983,18.499999999999996
7.465403084257154,17.9070599070505,18.500000000000004
7.515855329953884,18.10326416294624,18.499999999999996
11.63746960334986,19.67562843733796,18.5
11.499529323686904,18.941120601976944,18.5
11.601045042043845,19.299494407649494,18.5
11.707453822333903,19.97431211115906,18.500000000000004
11.152860221553215,19.625391123456758,18.500000000000004
10.468073582752016,19.852638631259104,18.499999999999996
8.310157671789199,21.18263048997364,18.5
7.095637338316466,19.642956627718497,18.5
7.863995491841795,19.713219326651295,18.500000000000007
8.587712443676212,19.71332159584925,18.499999999999996
7.653799050553856,18.536340586126315,18.499999999999993
7.558562337471045,18.335882675093984,18.5
7.508631728769378,17.687611427819157,18.500000000000004
8.033415215793598,18.491357790711596,18.5
8.057563884459936,19.66738469921173,18.499999999999993
8.094679897043038,18.879984514963176,18.499999999999996
8.902467009281475,19.820613966781014,18.500000000000004
7.8621181093796215,18.09363996267756,18.5
11.788207865065852,19.568872853831543,18.217898570496782
12.063791116459846,19.71768946760565,18.499999999999996
11.763668798441271,19.618417826854735,18.35578541754323
10.951926231157207,19.192697007484433,18.500000000000004
11.803514262486557,19.763098791492826,18.500000000000004
11.573183701721486,19.822657795137303,18.5
8.485227515601716,21.335568376615093,18.5
7.87512506405612,20.296209690829816,18.5
7.942857838264812,20.322099030989634,18.500000000000004
8.22082857799662,20.41458735554383,18.500000000000004
8.528228651986316,21.660741617215567,18.5
8.336179772220898,20.38460850538611,18.500000000000004
7.99527101239416,20.086670188679545,18.500000000000004
9.11118202438212,19.787551194340185,18.5
9.19521796832563,19.89179797963072,18.5
8.632105102814089,20.48711878143372,18.5
9.163529038953651,20.816914071911764,18.5
9.15503141140012,20.204081355524075,18.500000000000004
11.293211047958932,19.743363414554246,18.5
11.799903467974977,19.916115309971712,18.35902731920147
11.98601444829273,20.122302831802987,18.500000000000007
11.218255866370978,19.514798398697295,18.500000000000004
11.949418504881665,20.249000296435714,18.500000000000004
11.205505472667431,19.337097668451115,18.499999999999996
8.465260859052952,22.769575285702945,18.499999999999996
8.46293365028261,23.00951054177234,18.499999999999996
8.581737512769433,23.217408446821644,18.499999999999996
8.04359368088405,23.12579255819958,18.499999999999996
8.438171353338744,22.726859686111695,18.500000000000007
8.484145585742946,23.174351625126295,18.5
8.786607027593021,19.939889350655847,18.500000000000004
8.765291719532918,19.936824359285026,18.500000000000004
8.338989507692197,19.69222019434331,18.5
9.516920451007927,19.785526493331947,18.499999999999996
9.878567296747788,21.17426028013055,18.500000000000004
9.844742561934522,20.85097980549632,18.5
12.542914133934898,20.838373688759955,17.930652595098334
12.731511213545803,21.043657204989227,17.113567082941223
12.642457475761326,20.820506246441052,17.470161995554374
12.543784631807817,21.033350134832368,17.48251149549745
12.66661321940439,20.453728371514934,17.023565242095987
12.494726856984473,20.44781158876187,17.20400944505811
8.367794408157952,23.832698037667534,18.5
8.3614810985774,23.118109159803137,18.500000000000004
7.844460745398897,23.635332500006818,18.5
8.513468588629072,23.148077951029038,18.5
8.539888765329975,23.177306661549885,18.5
8.37968081539592,23.06052504740195,18.499999999999996
8.93755869844155,22.832646088824163,18.5
8.86160189555679,23.217292165569884,18.5
9.106100890889572,22.47376888419343,18.5
9.265705238819818,22.401297580239294,18.5
8.961070667973864,22.51262765441384,18.500000000000004
9.103125939315612,22.78218364322454,18.5
12.644719191039908,21.155301201665576,18.065535995554118
12.252708418288918,21.8627463297727,18.026006710041546
12.818500954323117,22.885873329002937,18.362082781039685
12.731681249760706,21.713278033113397,18.499999999999996
12.529711221224499,22.41648205853963,17.386018014942866
12.904457880000002,23.48790073995543,17.21515917909313
7.479914472903212,26.98847262878808,18.499999999999996
7.696759062678446,25.618190949593348,18.5
8.02623693518271,26.186489646196872,18.5
7.792170068498773,24.89763740753739,18.500000000000004
6.886014996586956,26.24852634971636,18.499999999999996
8.08988490465346,24.97589413343042,18.5
7.831979331192535,23.223113764170197,18.500000000000004
9.221778299351229,24.70169626430196,18.5
8.30071201734218,23.986333681748274,18.5
7.375194029172439,25.86012966224801,18.5
9.023049497381804,23.14221729915782,18.500000000000004
8.564414343120681,24.53862451892169,18.499999999999996
12.72856259812265,24.15306203597271,17.899173456650786
12.557221566222786,23.828675723469647,18.05735004620444
12.025928575957222,24.642267991450574,18.499999999999993
11.879908536209298,25.848551202642632,18.182304698037346
12.12773955044418,23.443139119834257,18.352414492909176
12.824505512498083,23.70965519738403,18.21540434677808
6.428239678290441,28.24021091165707,18.499999999999993
6.742001486483999,28.431246878451304,18.500000000000007
7.170643034759758,28.382030337455486,18.500000000000004
7.379190905542333,27.534156291172376,18.499999999999993
7.000018997252641,28.25938804494519,18.5
7.361923074951062,28.16301747275737,18.500000000000004
8.479725388305196,26.885059769753155,18.500000000000004
7.458843779156904,26.999609425177443,18.5
7.352804165187995,27.151644761011976,18.500000000000004
7.826893953600258,27.242203673305493,18.500000000000004
7.774011170368655,27.30416446706403,18.5
7.930088693289044,27.635312214502594,18.500000000000004
10.936737712460038,27.803542958577687,18.365218347652178
11.518706707262076,26.594394850803532,18.20722299189354
9.915562047020472,27.789241341543697,18.5
10.742633838920371,26.965247043777467,18.500000000000004
10.109124768934796,27.094030916396395,18.5
9.420919902069253,27.55175146785714,18.5
6.830774781330325,28.614845298289207,18.500000000000004
7.111547245539384,28.29274355501315,18.500000000000004
6.6938488037093,28.42661979778895,18.499999999999993
6.794826482239692,28.17984808135658,18.500000000000004
6.886762940332211,28.391352944229027,18.500000000000004
6.727699781183753,28.155397732449526,18.499999999999996
7.105994805584781,28.35467851015736,18.500000000000007
7.700339851945893,27.851727165738247,18.500000000000007
8.138615545556634,27.437913596653317,18.5
8.14525433232271,28.144148762427527,18.499999999999993
8.100573857544202,28.174721830049062,18.49999999999999
8.1794879925972,28.223213611252167,18.499999999999996
8.06131783096811,27.98661741421326,18.5
10.662434224641242,27.75893363572849,18.5
11.345098255005292,27.570717623837858,18.499999999999996
10.645491378956523,27.61412779539301,18.499999999999996
11.383842513816797,26.94506254649868,17.85578272073114
11.201382640510401,27.805295541294363,18.499999999999993
8.136396776503505,27.967640465833174,11.1
6.839909685573078,27.552761972465042,11.100000000000001
7.708668871431042,27.684569233283796,11.1
8.11331764137843,27.882663144857347,11.100000000000001
8.147563739539686,27.893206477427633,11.100000000000001
7.938495523400638,27.850433956145316,11.100000000000001
5.72008537422001,27.087458439916833,11.1
5.744552537947045,27.12231706226354,11.1
5.66768724869672,27.116261053836006,11.099999999999998
5.769429136828071,27.11820342907196,11.1
5.4894799092070645,27.33491148015083,11.099999999999998
5.626304750998186,27.276949574824457,11.100000000000003
5.477808354021994,27.162046391843212,11.099999999999998
5.573372379989627,27.23369970930201,11.1
5.648460963627961,27.113011892322163,11.099999999999996
5.63428522183792,27.348697050304658,11.099999999999998
5.585179144564339,27.174869727923177,11.100000000000001
5.734532737223027,27.182408227441904,11.100000000000001
10.623101923350593,26.79350072029121,11.099999999999998
6.357082104183153,26.76027329823844,11.100000000000003
6.34411403120909,26.665091928296384,11.099999999999996
6.141925162670393,26.433862528703354,11.099999999999998
6.978966796228608,27.142478936948642,11.100000000000003
7.181569032261252,27.20120874287287,11.099999999999998
6.291288951821803,26.52201942479503,11.099999999999998
5.710674335481565,27.062512631305147,11.100000000000003
6.202541712610076,26.862132881011988,11.100000000000001
5.977727749965161,27.201860418094835,11.100000000000001
6.186017951735354,26.80694236210424,11.099999999999998
6.416012159112642,26.76005332844713,11.1
5.2223832294050565,26.99580752840857,11.1
5.335595587091958,26.90259017533633,11.100000000000003
5.21958998314388,27.19414194844085,11.099999999999996
5.391876257113127,26.949212238990825,11.1
5.458454695327084,26.77632979923568,11.099999999999998
5.354527453377113,26.871602458535204,11.100000000000001
9.557205821672602,26.413617159997138,11.100000000000003
7.091742966482692,26.150983538644443,11.100000000000001
7.405174522345702,25.42420639191331,11.1
7.867031841460049,25.272123855414495,11.099999999999998
8.225363101480717,25.471899284927897,11.1
8.670304311953984,25.037885850025642,11.1
5.779645926157553,27.00032262388919,11.1
6.203131020493149,26.748607658830508,11.099999999999996
6.153111023160309,26.88302773255042,11.099999999999996
6.57709919271157,27.36969077075213,11.099999999999998
6.086477482552225,26.73951387765431,11.100000000000001
6.211439295685852,26.905048141853882,11.099999999999996
5.563593522144622,26.830087610165815,11.100000000000001
5.457959721869271,26.88667842395819,11.099999999999996
5.276452934829843,26.93537151410532,11.1
5.314529302495778,26.958767498385594,11.1
5.4671354739021485,26.781853200650758,11.099999999999998
5.512265103653411,26.83184298943709,11.100000000000001
8.190213328215181,23.984419991089663,11.1
7.317968124607573,22.178884214660574,11.100000000000001
7.395192708679104,22.831450748132934,11.1
7.654833647427132,21.455088134572843,11.099999999999998
7.4981327136996265,23.367414868734908,11.099999999999998
7.813406063272515,23.274345072808632,11.1
6.356605285981241,24.466378099429413,11.1
6.385917651002153,26.23059444215702,11.099999999999998
5.790781224592153,25.876585544740184,11.100000000000001
6.391551380094603,23.649889407722643,11.100000000000003
5.934180269026069,25.884647984510124,11.100000000000001
6.024377275456557,24.761831058809356,11.100000000000003
5.558282302018029,26.17791010810793,11.099999999999998
5.039715249883006,25.754534511446955,11.099999999999998
5.132834011696451,26.110898798623293,11.099999999999998
5.248176869924619,25.93924674447552,11.100000000000003
5.138075212375755,25.428582157585186,11.099999999999998
4.949918575882073,25.480929496291218,11.100000000000003
8.31714455863713,21.56598088147768,11.099999999999998
7.900202844730835,20.66377826127948,11.100000000000003
6.681416581438133,23.48185013690444,11.099999999999996
6.759019893153657,22.544007328560753,11.099999999999998
8.189712564395707,23.72856693804278,11.100000000000001
8.5069856942684,23.60019950904827,11.100000000000001
6.700405616551778,21.022518763695327,11.100000000000001
6.193022292206031,23.702191178288153,11.1
6.097468031030795,24.30280942260281,11.100000000000005
6.496556646821806,23.976000152472558,11.099999999999996
6.5257255700576735,24.10001027634939,11.099999999999996
6.108603916024042,25.368958217469086,11.1
5.032156193838057,24.318887223245355,11.100000000000001
5.1815965182672725,24.455358036550937,11.100000000000001
4.808105241351958,24.624969111976437,11.1
4.776852508714876,23.298196874734337,11.1
5.460322129271071,24.310159747660908,11.100000000000001
5.048507185889514,22.45964136640171,11.1
9.438538140362315,18.86862733671709,11.100000000000001
8.808555194271248,19.01121230867728,11.1
8.30253962017302,19.137221670398176,11.1
9.42209509720648,18.862383039437546,11.1
8.270170132937432,19.132979991250064,11.100000000000001
9.451481354586644,19.02587685950854,11.100000000000001
7.101708838106805,20.149441319631894,11.099999999999998
7.206855300625234,19.841543960792773,11.100000000000001
6.90341836508114,20.71256085460849,11.100000000000001
6.381948682136722,21.050359649968758,11.099999999999996
6.1504761442971505,21.27068857006658,11.099999999999998
6.981397337187922,20.14156259358395,11.100000000000001
5.350618611657519,23.47915346269662,11.099999999999996
5.353713702693639,23.2100138796095,11.100000000000001
5.308952698223972,23.61593482188233,11.1
5.182586739126182,23.526496984647494,11.100000000000005
5.265392586461127,23.898153244325588,11.099999999999998
5.277330863639034,23.710227727334967,11.100000000000001
8.984250482239613,18.01724218301245,11.1
9.544810505454256,17.98478512629208,11.099999999999998
8.202406378204325,17.74258965136502,11.099999999999998
9.316844888583688,18.055665319351867,11.099999999999996
9.41246135446315,18.205403112293798,11.1
8.553584043198484,18.167728739108615,11.1
6.108318458768576,18.495207270631898,11.1
7.709202651289341,19.10348004334875,11.100000000000001
7.83385514268069,19.337913482249654,11.1
7.902583279740539,18.97573022586798,11.100000000000001
8.683914971996712,18.596234703542482,11.1
8.078621379743431,18.97835513053915,11.1
4.886451328164638,21.54187706565217,11.099999999999998
5.781380013413305,20.998603865195612,11.1
5.727731927875872,20.77560638837243,11.1
6.019378716933081,19.686028794022963,11.100000000000003
5.141368857565579,21.990139996535376,11.099999999999998
5.306744535571901,19.967499433456357,11.1
8.75507840506575,17.57721757898727,11.100000000000001
8.327807520036174,17.31823017038521,11.1
7.972445718074202,17.26910537530888,11.100000000000001
8.094938611137842,17.249718346888635,11.099999999999994
8.029297647457577,17.223123181835128,11.099999999999998
8.396956164020722,17.45631959969823,11.1
8.075045594734123,17.539130286113433,11.099999999999994
7.768086810129871,17.210000177778216,11.099999999999998
6.942318886446757,17.792493272800726,11.1
7.814363670503743,17.34806614960955,11.1
7.9721237828083416,17.393693757133182,11.099999999999998
8.008914675058413,17.863688955553613,11.100000000000001
7.28377285842895,17.3812915760326,11.1
6.718940424701113,17.485801424014635,11.100000000000001
6.423934801067479,17.392977814214934,11.100000000000001
5.943996576397634,18.430354603481536,11.099999999999994
7.000591077054913,17.453276537179725,11.1
6.924902258040179,17.545403013242492,11.099999999999998
7.395231121394234,17.25310154321104,11.1
7.095692108429072,17.38350423011027,11.099999999999996
7.098120372982651,17.25781596488904,11.100000000000001
7.451541303641298,17.225275088770125,11.099999999999996
6.288081155331016,17.597418884289972,11.1
7.390396329680181,17.15376169134301,11.100000000000003
9.192193379971457,17.490667827651826,11.100000000000003
9.084660604633958,17.577967281996514,11.099999999999998
9.175584884020738,17.560171495051044,11.1
8.851207431250383,17.480134303544048,11.100000000000001
8.762259134404692,17.469829963949007,11.100000000000001
9.028179908106836,17.563779523694613,11.1
10.73088930820075,17.67618125933766,11.099999999999996
10.695953940005248,17.764298124326125,11.1
10.211240661301115,17.641009056222757,11.099999999999998
11.035801391193132,17.874511230684753,11.100000000000003
10.73973044357353,17.705398568466936,11.100000000000001
11.001974863598234,17.809348044648544,11.100000000000001
5.549394294079666,19.868949505833612,11.099999999999996
6.41826414259142,19.236357263074808,11.099999999999994
6.627603335186035,19.327935167854505,11.099999999999998
8.326446510537181,18.880550094318963,11.099999999999996
5.620640134955772,19.484221585910916,11.099999999999998
6.265503492199757,18.83271827703659,11.099999999999996
8.240346253577703,18.87310632121301,11.1
7.846041843327196,18.610159726433963,11.100000000000001
8.6792452676962,18.46001460422964,11.099999999999998
6.983710571288764,18.936740795311994,11.099999999999998
7.829063904468034,18.579744905008138,11.1
8.518192804454884,18.748303316094347,11.1
11.534776824069228,18.688066594243363,11.1
11.301538097912285,18.47352619117556,11.100000000000001
11.44322093716949,18.53442489175123,11.099999999999996
11.638049476018086,18.550901096061718,11.100000000000001
11.56128710685478,18.089778788903175,11.099999999999996
10.959304418528937,18.397047591077087,11.099999999999998
7.876397890177816,20.229715179826346,11.1
5.996073130230725,20.711744043695457,11.100000000000005
5.218207377581107,21.193521582104808,11.1
4.816617388234659,21.711861095777024,11.099999999999998
5.544985217114777,20.259849176097145,11.100000000000003
6.156398199663067,20.33766827227265,11.100000000000001
8.159317530507884,19.713632265429197,11.099999999999998
7.636405585950928,19.877232650302343,11.099999999999998
7.600591714729121,20.428260422300454,11.100000000000001
7.824062803640097,19.695324511546083,11.100000000000001
7.253223183273907,19.51557922021223,11.099999999999996
6.821762410419643,21.002856422620514,11.099999999999998
11.29816030204386,19.734162921907767,11.100000000000001
11.008170660195807,18.37835025085612,11.099999999999996
11.547940515035405,19.3105214332936,11.099999999999998
10.929082756001726,19.037501949841865,11.099999999999996
11.591980123870963,19.45742831466519,11.1
11.49366706920841,18.48584649619772,11.1
5.565749191377823,23.79325787400612,11.100000000000001
5.095267882751673,20.972098880122218,11.100000000000003
5.837125310197381,22.46226110670554,11.1
5.326876266095828,22.749309837690607,11.1
5.4998059316751,23.209351992816515,11.100000000000001
5.254200547745662,23.300963263804892,11.100000000000001
7.374535408738672,21.936653544463088,11.100000000000001
6.818842338747687,20.634198326823107,11.100000000000001
7.443685771805186,21.78679109645261,11.099999999999998
6.782819278982037,20.442982321708424,11.1
7.102501393858179,21.73494116793553,11.100000000000001
7.258222175668023,20.86946383014291,11.1
12.080825760302869,20.303444527872227,11.099999999999996
11.27324824264719,21.436123686420526,11.1
11.416991787172915,21.15463931926425,11.1
11.309659480367054,20.868316548219752,11.1
11.897952057282264,21.213278354296857,11.099999999999994
11.908033370765882,22.359733337713095,11.099999999999994
4.919264937697982,23.93467929334268,11.099999999999998
4.7481966551987265,24.274440443546474,11.100000000000001
5.116875592792621,24.190753999656575,11.099999999999998
5.036322771566628,24.10914454941287,11.1
5.020731052773802,24.13462384944239,11.1
4.917355121919995,24.434206611728197,11.099999999999998
7.007802455537856,23.5225672557998,11.099999999999998
7.637299366685806,23.824504650125963,11.100000000000001
8.471226294555613,23.905106898959062,11.1
7.191701809739538,23.247026866485214,11.1
7.180553170510654,23.854631187391714,11.099999999999996
7.807333128913115,24.00003141428426,11.1
11.342700679654673,22.057311493112064,11.100000000000003
10.710073577105513,23.30844081927467,11.099999999999998
10.12234952061234,23.64637257734517,11.100000000000001
10.547616730317305,22.908722478642744,11.255072334445305
11.542762783070625,22.833614560888364,11.100000000000003
10.010531209996419,23.658715829372447,11.1
5.307786865932506,26.181209390860012,11.099999999999996
5.223848612272073,26.340438249422327,11.100000000000001
5.704621173940113,26.41502016361716,11.099999999999998
5.183167011800395,25.978975802190643,11.100000000000001
5.017403984975869,25.640994347558095,11.099999999999996
5.389195955618729,26.03016392805422,11.1
7.620992895564186,25.746118408377775,11.099999999999996
6.690688978542092,27.138524805361712,11.100000000000001
5.951010613809231,26.715417475562415,11.099999999999998
7.88358772211727,26.97812529488945,11.099999999999998
8.617932514215424,27.472955705939327,11.100000000000001
8.33295992396022,26.91017036307477,11.100000000000001
10.627543939955078,23.27638598269322,11.1
9.464118702873346,24.62471959243579,11.099999999999996
9.82071226899646,25.69821511228776,11.099999999999996
9.039851169554382,23.761282210198512,11.099999999999998
10.173062574087098,24.6255138843552,11.1
10.159159311153461,24.26592216252957,11.100000000000001
5.070127543798461,27.04962193858292,11.099999999999998
5.311252380653068,26.733899357067028,11.1
5.00228016393574,27.327123641976215,11.100000000000001
5.525389617371866,27.111495521844464,11.100000000000001
5.2925815047413165,27.445239198441612,11.100000000000001
5.47458179477757,27.281643132795367,11.099999999999998
7.021662745052924,27.711040990583342,11.099999999999998
8.053396689401957,27.70156111474575,11.100000000000003
6.482061672569467,27.45430997089257,11.1
6.628509147919625,27.283805014417332,11.1
6.421612108807845,27.554374205233945,11.100000000000003
6.4558503912752165,27.069759433103265,11.1
11.1660935699675,25.451053356892082,11.099999999999998
10.879800677154996,26.619904523822996,11.100000000000003
10.018205049671057,27.45833833852208,11.1
10.228344750128592,26.694008071501845,11.1
10.37089784327746,27.342287776006746,11.1
10.471028910336349,27.612402605263817,11.099999999999998
5.356181278856307,27.310717031347593,11.100000000000001
5.3417609452602965,27.342818849172,11.100000000000003
5.7394811607354,27.599711120668648,11.1
5.774630582416709,27.684109006108844,11.099999999999998
6.2158999535612685,27.819272457767262,11.1
5.945207775412462,27.7429916623406,11.099999999999996
6.560658940275356,27.910378762470238,11.099999999999996
6.843575293902787,27.92544852411037,11.099999999999998
6.35123406924764,27.566011371565487,11.099999999999998
6.156737047123801,27.820173243549444,11.100000000000001
6.239382505156673,27.65646451600339,11.100000000000003
6.864936139281824,27.950252592472125,11.1
11.35558156083072,26.897410567945432,11.375631169682496
11.481471149058612,25.86746452998163,12.52067342940816
10.967908902958616,27.297251639374796,11.100000000000003
11.25603307918081,26.763095226227417,12.030980998972879
10.9404508119889,27.3944939505269,11.1
11.51629947327202,27.181817859392375,11.858842681169007
6.547938936239427,28.406800033466077,18.499999999999996
6.917948313111566,28.17703988446961,18.5
6.612859647143931,27.990580687040698,18.500000000000004
6.8822306267937225,28.414571991870588,18.500000000000007
6.752089976410655,28.25349147181002,18.500000000000004
6.981348758610181,26.761259855169737,18.499999999999996
6.803472514775783,28.54424076846857,18.499999999999996
6.754496691606851,28.445282356330758,18.499999999999996
6.301152709152346,28.242342850611017,18.5
6.689136084069852,28.408807531247216,18.5
6.387938703042323,28.26968651488729,18.499999999999993
6.368986749951773,28.274070860416494,18.5
6.252627748733453,28.096731265813553,18.500000000000004
6.492568928803687,28.18854635669135,18.499999999999996
6.582959988003729,28.244883089275913,18.499999999999996
6.355207909244917,28.278787804540965,18.500000000000004
6.524977794330494,28.107759443651204,18.500000000000004
6.662688894004926,28.145898747676913,18.5
6.877214072967347,26.94829600872962,18.500000000000004
6.9245555924149835,27.583511651007562,18.5
6.49196808833587,27.859701803879034,18.499999999999996
6.713923733945456,27.276134029017303,18.5
6.922876105587265,27.355241730527247,18.5
6.971274773375833,27.440879661942887,18.499999999999993
6.660663294158031,27.770549502212372,18.500000000000004
6.335961997429732,28.189549714050298,18.499999999999996
6.215495877190808,28.105865254205067,18.499999999999996
6.368669275157497,28.227479680955685,18.499999999999996
6.224376259238956,28.106749083890094,18.5
6.391451271729994,28.271600717020572,18.5
6.089684983332649,28.169852150692815,18.499999999999996
5.875273435119773,27.850388448024912,18.499999999999996
5.957554420609513,27.807792278502106,18.499999999999996
6.064198362459791,28.110476610953373,18.500000000000004
5.964314421759313,27.894153117478282,18.499999999999993
6.809351804883673,27.84102933776406,18.5
9.157334943269358,24.14538298574935,18.5
7.739635312861584,25.40247139846646,18.5
7.91063928732529,23.72231868129039,18.500000000000004
8.111185985546898,24.912021846033596,18.5
7.741172034829717,24.606658664743964,18.5
7.6028424841143645,24.624650658339178,18.5
7.010732984338474,26.543550245569637,18.499999999999996
6.965141160617566,26.487220910489864,18.500000000000004
7.1356846558923674,25.98287195231254,18.499999999999993
6.865458786013222,25.646634804719337,18.500000000000004
6.857353174656442,25.639374842692547,18.499999999999993
7.212575312922249,25.996112901195787,18.5
6.185654378791928,27.405333509932888,18.5
5.947848555228058,26.236435630519058,18.499999999999996
5.696736370072539,27.436432291577894,18.499999999999996
6.546383358856243,25.565966925068803,18.499999999999996
5.7774389469552165,26.45941781233151,18.500000000000004
6.5942495727700114,24.953849844438363,18.500000000000004
9.50086856693609,23.526748248001383,18.500000000000004
8.65302123971222,23.24365341466727,18.500000000000007
7.62277417156099,23.37138579849947,18.5
8.350332994685312,23.168797093124812,18.500000000000007
8.500372571507503,23.165345379477053,18.500000000000004
8.272087478195566,23.26426570189587,18.5
8.61051430537491,24.83304771955397,18.5
6.547152722877611,25.44209129596538,18.500000000000004
6.707881661290734,26.110683874269597,18.500000000000004
6.650268226980973,26.189325439730034,18.5
6.650921381668783,25.605346997858135,18.500000000000007
6.636341450173368,25.31708039604668,18.500000000000004
6.541821504133419,24.312006858973906,18.499999999999993
6.960886137763413,24.123135453923975,18.500000000000004
8.348353298137852,23.657551393071238,18.500000000000004
5.666848070556757,26.06284425605658,18.499999999999996
6.9633526653383235,25.15231528759211,18.500000000000004
7.546163257780404,23.969335470297516,18.5
7.563565684693241,23.128348857389845,18.500000000000004
8.700947374265322,22.708400654990598,18.500000000000004
9.262907198983552,22.886405970598076,18.499999999999993
9.412513803436681,22.79223423259499,18.5
8.86347634425517,22.792448630287055,18.500000000000004
8.992213141865545,22.66140587102691,18.500000000000004
6.9842048491917765,22.494212754602856,18.500000000000004
7.064070490540335,23.133706741517372,18.5
6.878364217796266,22.682564556073736,18.500000000000004
7.107824751038138,22.496347692874938,18.500000000000004
7.74827631164672,22.637048461918283,18.5
7.0568834017522315,23.720430895301142,18.499999999999996
7.909567635760256,22.73976460936636,18.5
6.472574744876668,23.565585868361286,18.5
6.535702700244417,23.44296820691695,18.500000000000004
7.773793924128369,22.491707031515023,18.499999999999996
7.216817407992304,22.97308114268173,18.5
6.207477198683564,23.911879943611343,18.5
8.206642800694373,19.801095130667992,18.500000000000004
8.882139937333909,19.4808371009961,18.5
9.024939019290857,19.716322427970223,18.5
7.5510468596938995,18.363743624024167,18.5
8.57910931814938,19.18243641485663,18.499999999999993
8.068655484236665,18.76068949316396,18.500000000000004
8.048600587646506,22.31875636346942,18.5
7.918659361092829,22.395414990961775,18.500000000000004
7.732294710742056,22.502203975178862,18.499999999999996
7.756724873653376,22.431095259126945,18.500000000000004
7.730654386199211,22.514419958364822,18.5
7.935872118393233,22.757278483201322,18.5
7.208983837796943,20.587044681594712,18.5
7.86173783503955,21.350995298983776,18.5
7.680922032914173,22.240436689051492,18.499999999999996
8.091310493673884,22.32084663513629,18.500000000000007
7.78181470333987,21.687185060603156,18.500000000000004
8.286757997706701,21.901485987645234,18.499999999999996
7.863351034314565,19.05994546628017,18.500000000000007
8.153182917318713,19.060623327996776,18.499999999999993
7.93841267187414,18.482672104539688,18.499999999999996
8.076489172328422,19.01279139553429,18.5
7.860601856812885,18.878780179544624,18.5
7.649779417645577,18.8935211069345,18.500000000000004
7.338740379762764,20.510881862789805,18.499999999999996
7.259236383583384,21.30360078471759,18.5
8.1379556891314,21.099563667900373,18.499999999999996
8.504213414191398,22.432998121559788,18.500000000000007
8.089904664397176,21.428210398778944,18.499999999999996
7.9804582526379075,21.202440372893193,18.5
6.743649556167468,17.961918427867886,18.500000000000007
6.332628437415788,18.098880060873082,18.5
7.070038780751732,19.306964464880465,18.5
6.524109042129872,18.05549069927729,18.5
6.529794130581571,17.848252463573107,18.499999999999993
6.721147891599324,18.06818526047906,18.499999999999996
7.085107728606086,18.161854886121105,18.5
7.381218099486584,17.815324180467087,18.499999999999996
7.211492739030355,18.648211585578565,18.499999999999996
7.2895537998942235,18.089930420892767,18.5
7.345919669861938,18.12920513841618,18.500000000000004
7.428452569364039,18.83702395596426,18.5
7.152159325393701,17.385424485979033,18.5
7.727160519196002,19.492291835267594,18.5
7.718401754580041,18.7961247126593,18.5
7.015353783137427,18.02909529996478,18.499999999999996
7.352184878548321,19.443062058723633,18.500000000000004
7.14699539841724,17.94134185771841,18.499999999999996
6.327469270469747,17.61526822413577,18.5
6.911872311742904,17.466245381979064,18.500000000000004
6.9355926819978775,17.538287845785725,18.500000000000004
7.0573325000562335,17.54210024618638,18.5
6.889884385370179,17.724419298256542,18.499999999999996
7.025208014764843,17.363043171417534,18.5
6.841873866485806,17.52862571053656,18.500000000000004
7.025233382118495,17.493338335011547,18.5
6.9506741103982845,17.350288225047105,18.5
7.047857479764941,17.378654399156613,18.499999999999993
6.918245761674451,17.36873551908644,18.500000000000004
6.877061295654832,17.527382886540575,18.5
7.805892153133585,17.723652046434292,18.499999999999996
7.273893298865207,17.366286928554864,18.5
7.98104657647166,18.056405305849363,18.5
8.209966756951545,17.784144555068213,18.500000000000004
7.673353570252085,17.510521007387997,18.500000000000007
7.109705246982633,17.360260981580904,18.500000000000007
8.87323381459013,17.97041155640181,18.500000000000007
9.978053844953726,19.114618446359863,18.5
8.278385508215173,18.254483276686116,18.5
9.105812191125143,18.123734502120012,18.500000000000004
10.042369439687404,19.13884656493616,18.500000000000004
8.78170849473977,18.174215628823113,18.50000000000001
6.930149797442109,17.91091132408146,18.500000000000004
7.21917689639651,17.72708966431425,18.499999999999996
7.446275589341979,18.30476096198382,18.499999999999996
7.352921286324073,18.89093925640608,18.5
7.438132160283017,19.070011640833535,18.500000000000007
7.321013797640295,18.417144416319353,18.5
8.133566230842812,19.332868159839446,18.5
7.967640366506281,20.27123531010242,18.50000000000001
8.127021152053302,20.544165848598713,18.499999999999996
7.941678476301068,20.13287662471599,18.500000000000004
6.747088694885007,18.707307840100516,18.499999999999996
7.262713181296171,19.47430020609111,18.5
10.635265613352939,18.93179378005085,18.499999999999993
8.602117238404086,19.446226919181086,18.500000000000004
10.74533169698677,19.67560057717756,18.499999999999996
10.21355397857163,18.938048147092335,18.499999999999996
9.17588305906777,19.66960302123979,18.499999999999996
11.163774932951075,19.076269364128763,18.499999999999996
8.365091179039721,21.09570815233483,18.5
7.626016259666884,20.62355724799962,18.5
7.604389380545047,20.54332717133336,18.499999999999996
7.286090679265818,21.02300237104,18.499999999999996
7.096828898048893,20.628189063709566,18.499999999999996
7.096883653933488,20.916524747532865,18.500000000000004
8.901832223066704,21.19067745711393,18.500000000000004
8.419700585486671,19.37072719333484,18.499999999999996
8.573744144686984,21.156917755841455,18.500000000000007
9.137267424899177,21.263865352522668,18.500000000000004
8.652042476027693,21.69309964977554,18.5
8.73841112006834,20.381536848398646,18.499999999999996
10.011050267284228,18.694690537229402,18.499999999999996
10.07251630593663,19.180509124553566,18.5
10.009352292971878,19.741896695521845,18.500000000000004
10.22589915535812,19.1217673220918,18.5
10.36131570697116,20.087655480914925,18.50000000000001
10.771322957817537,18.96671695506073,18.500000000000004
8.183065435434903,21.249216795283072,18.499999999999996
8.683513105154471,21.976945401997916,18.5
8.584435153258978,22.15815643602743,18.499999999999996
8.881425004801644,22.135262585539618,18.500000000000004
7.576281207092438,20.478295937603804,18.5
8.935414319126714,22.081420794732338,18.500000000000007
8.951427088354421,22.172783608750805,18.5
8.997249663752056,22.717588337373606,18.5
9.035190425114877,22.42968925621633,18.500000000000004
8.828723764704337,22.48715746580506,18.5
9.109521824580742,22.777087274209922,18.5
9.064563394770618,22.729863151945814,18.499999999999993
9.30980347483164,20.92801629718104,18.500000000000007
10.035783149871087,20.32137837373774,18.500000000000004
10.18129055736641,21.121774709048722,18.499999999999996
11.060355520115884,21.708335594601895,18.500000000000004
9.787988796755238,20.20780071671819,18.5
9.525897755264198,19.88838350056647,18.5
8.5269427628717,23.482241337156754,18.499999999999996
8.700746663416522,23.22965360968478,18.5
8.429690275880846,22.847844705664347,18.500000000000004
8.279353286922774,23.43129592264768,18.5
8.610174822174526,22.932029239945624,18.499999999999996
8.604837694774613,23.21129568064576,18.5
8.554403482350478,23.50853279602807,18.499999999999996
8.969919358838933,22.782681349264802,18.499999999999996
9.03720278551746,23.02991213458277,18.5
8.536258133397903,23.07273065202849,18.5
8.477666728852196,23.0523720772034,18.499999999999996
9.120056419201932,22.899297667178715,18.500000000000004
10.115204148898593,22.703496739826736,18.500000000000007
10.748158713402066,22.47655460926968,18.500000000000007
10.788094047744874,22.960982610219755,18.037746020473204
10.116626864964227,22.392228579038,18.500000000000004
10.69443876625721,22.74043269204822,18.500000000000004
9.964396957416106,22.996864075459822,18.5
8.224487438440498,25.25151441396048,18.499999999999993
7.164338701387347,26.881291892284157,18.500000000000007
8.439777969029256,24.70325806252805,18.500000000000004
7.988167747541687,24.389497543944692,18.499999999999993
7.865067817938762,24.83923889785242,18.5
7.785362329462458,26.177794799762587,18.499999999999993
8.464163358875362,23.576039034507073,18.499999999999996
8.68769646172543,23.543565882231615,18.499999999999996
7.898226476846649,23.514452802075994,18.5
8.488992465163212,23.276723760405833,18.499999999999996
8.396616492463925,24.147381946378704,18.5
8.39799080679666,23.22979145240428,18.5
9.694127540864926,23.21677346084729,18.5
9.887527756677102,23.44400828229478,18.345903562423686
9.92637223845131,23.031287749218343,18.5
10.30521907765428,23.94910773376323,18.5
8.479556215397729,26.060300972848875,18.500000000000004
10.414982559727914,23.982660304362472,17.99266166927245
6.589117984966323,28.01772109301393,18.500000000000004
7.171707643928512,27.35493166804502,18.500000000000004
6.920205041103145,27.26557554459414,18.5
6.736335146565126,27.054011896047545,18.499999999999996
6.162103607853087,27.430429816709143,18.5
6.341416137082834,27.426464427844078,18.5
7.383340963148251,27.549367461144787,18.499999999999996
7.232719063639153,27.29369046365626,18.5
7.481143463656974,27.823464499292108,18.500000000000004
8.283282190871319,26.263393625289574,18.499999999999996
8.783036737610038,26.0946442740184,18.500000000000004
7.987764362604982,26.179983088137547,18.500000000000004
9.230926882307731,24.15476724010515,18.5
8.590601655056206,26.938397992864576,18.5
9.81903761678531,26.68032885293633,18.336520715985362
8.625752630639896,27.699240771163133,18.500000000000007
8.045451693614075,27.566496139728777,18.500000000000004
9.348202182615637,27.685307197522445,18.500000000000004
6.610762001469183,28.43259444538904,18.5
6.675246496791536,28.454067613598003,18.5
6.092609039636355,28.05587236588805,18.5
6.821984500848078,28.606711662578167,18.499999999999993
6.628499233279707,28.62055697930384,18.499999999999993
6.876768362116873,28.587346057137545,18.500000000000007
7.6158366152651045,28.385369649336,18.49999999999999
6.57011582381649,27.878604033685832,18.500000000000004
7.048983421110698,27.670184015636842,18.500000000000004
6.975411526063942,28.396577845750492,18.499999999999996
6.703735307709012,27.604236738106213,18.499999999999996
7.270805004075375,28.12106850452495,18.499999999999996
8.528702722279073,28.077519690464168,18.5
7.949550142135715,27.96045283371086,18.500000000000007
7.94920871727057,27.885635340161098,18.500000000000004
8.72329730701058,27.890370191486046,18.5
8.073419795388489,27.92899928160996,18.499999999999996
8.943723914238594,26.720729703639783,18.499999999999993
8.034973817752478,27.200522685168107,11.1
8.69499694708374,26.906426141182184,11.1
8.600976087218706,27.496322565907132,11.100000000000003
8.561031273679117,27.487004395087606,11.1
8.62156051646853,27.076033605346726,11.100000000000003
8.370695014604543,27.209835490063824,11.100000000000001
7.891746511421452,27.885666674126423,11.1
6.238570879693195,27.27477157694852,11.100000000000003
5.966576208451854,27.447132425427117,11.1
7.298052810077279,27.78571831768605,11.100000000000001
6.767584260920907,27.532487186423054,11.099999999999998
8.144031560252518,27.41428342726583,11.099999999999998
7.786795463461972,27.658222269543373,11.099999999999998
8.6279076465825,26.713066211577306,11.1
9.117664648743387,26.071469604939008,11.1
8.735625822587659,26.226819867097003,11.100000000000001
8.77764450367042,26.046062855571375,11.1
8.551343809644253,26.101159970471514,11.100000000000001
7.912835940392557,26.391472255538805,11.100000000000003
6.218009898412722,26.574200478976074,11.1
6.641132375902837,26.7031295779784,11.1
8.918633370780471,27.137786814753053,11.1
7.182611455412094,26.441836471856913,11.099999999999996
7.812850571711969,25.608210008198547,11.099999999999998
7.8213070230752475,25.504032167680588,11.1
8.380872886057837,23.717405989447023,11.100000000000001
8.5693717899513,25.414382464363594,11.1
8.472609896723574,24.65277028573845,11.1
8.025248938127387,25.193931735619753,11.1
9.252641013243958,22.694056065237664,11.1
7.3199435312566745,23.121712062728417,11.1
8.745767942436427,25.51630240796588,11.099999999999998
7.733076423636234,22.857569142305575,11.100000000000001
7.746194198064951,23.58806592082601,11.099999999999996
8.379822367401898,23.108201454517502,11.099999999999996
6.874715175052474,23.004420371878247,11.1
7.590955806865282,23.489710507786967,11.100000000000001
7.988369905894471,20.477334564386283,11.100000000000001
8.327104765538287,20.806648966458415,11.1
8.318647491916899,21.09355324185555,11.099999999999998
8.71674207930907,19.637134438338347,11.099999999999998
9.288355345575106,20.294343321095354,11.1
8.324055154154689,20.399265741216038,11.1
7.140018789465609,21.721124017794864,11.099999999999998
6.783683869490829,22.50057189848355,11.1
7.184578603874199,22.284379091118115,11.099999999999998
7.777023592098972,22.561306795902524,11.1
7.925570410434302,23.103079766708905,11.100000000000001
7.771398806678459,20.905938528333134,11.100000000000003
7.853860440824636,21.739284359001005,11.100000000000001
8.620746272318707,22.8487833275594,11.099999999999998
9.58118892464936,22.752180434808512,11.099999999999998
9.365062824727717,21.66627755194334,11.1
7.933131754802302,23.19922959078472,11.1
7.464345394722504,21.969289210150645,11.100000000000003
8.192609258030686,23.321911979161968,11.100000000000003
8.480822685841488,23.561711206051775,11.099999999999996
7.537216353168104,21.813301431743604,11.100000000000003
8.718962309847651,19.934893186450214,11.1
8.097107812589305,22.30442554837588,11.099999999999996
7.723118412738566,18.941998244457974,11.1
8.898136826359258,18.09421019582153,11.100000000000001
8.318605960395292,19.318117789539947,11.100000000000003
8.591734448757641,18.590635416783872,11.100000000000003
8.634142506569596,18.591682885282367,11.1
8.067712674156487,18.793881424519558,11.1
8.58572388466123,18.23801043412332,11.100000000000001
9.305155498322687,18.681367660747604,11.100000000000005
10.050103745588956,18.745073356583543,11.100000000000001
10.000973662141838,18.997030898386388,11.100000000000003
9.73945113364244,18.98547879878448,11.099999999999998
9.214072494603654,19.38866599324001,11.1
10.08348072532973,18.060397548942017,11.100000000000001
9.35000997399659,18.8476197805805,11.100000000000003
10.215408797996147,18.669522125677204,11.100000000000001
9.585780466770276,18.245635595234294,11.099999999999996
9.418779204957966,18.495011365840398,11.1
9.847326562872695,18.183068177883566,11.099999999999994
8.921318521777762,18.51982341785799,11.100000000000001
9.990473086909027,18.318523558417233,11.100000000000001
9.898283707983676,17.38424093573158,11.1
9.675751037224805,18.61041385503297,11.100000000000003
9.820762176050398,17.988998314062805,11.099999999999998
9.770390067357345,17.981087534316803,11.100000000000003
8.908457457822795,17.399498004443473,11.1
9.439064995812025,17.34913785758993,11.099999999999996
8.76132988253965,17.66375146354339,11.100000000000001
9.739696919351193,17.528651778656755,11.100000000000001
9.044560898654874,17.423304720538663,11.1
9.107424006656244,17.377976490502235,11.100000000000001
9.01020709335032,17.754683527735455,11.100000000000001
9.025849120229594,17.7451912186641,11.100000000000001
9.246105619807409,17.63883189587296,11.099999999999998
9.421721014872768,17.66149782849424,11.099999999999998
9.221288469773585,17.625920525187958,11.100000000000001
8.75425091815003,17.35343678376488,11.099999999999998
9.38550558515322,17.582971578903148,11.1
8.785556332291259,17.096450473377836,11.100000000000001
7.964155024572466,17.172150408164796,11.100000000000001
7.684684749386332,17.255481899789753,11.1
8.06340026837977,17.353477433270534,11.100000000000001
8.131972617822068,17.115641328526518,11.1
5.981458809003577,27.327695281679905,11.100000000000001
6.141790473604083,26.94522142642244,11.099999999999996
5.967966155661299,27.17518896345773,11.099999999999998
6.872605187191313,27.437520030380508,11.100000000000001
6.104081288722302,27.216604891250274,11.1
6.365637151068793,27.100782085365672,11.1
7.442199790593104,27.62004215578127,11.1
5.832023296855542,27.238597823184083,11.100000000000001
5.864095818062224,27.169052606120164,11.1
6.124819404894407,27.076062364739997,11.100000000000001
6.205594219573471,27.341838989956187,11.099999999999998
6.877242933541468,26.59692532689138,11.099999999999998
6.596754231316142,26.825344845086672,11.1
6.584637334484308,26.72026824144246,11.1
6.117228470945873,26.61062424336184,11.100000000000001
6.281512688173538,25.993378788831567,11.099999999999996
6.0810841548085826,26.44509109458923,11.099999999999998
5.963148045306884,26.405760562234303,11.099999999999998
6.7350983197221765,26.360907416233665,11.1
6.305845080227868,26.616970654067625,11.099999999999996
7.5806893718226025,26.215988416387084,11.1
6.764128252202666,26.098916153614518,11.099999999999998
7.088515618891185,26.530214874622438,11.100000000000003
6.294565042225303,26.604246542519448,11.099999999999998
6.274834051925482,25.78254525475,11.1
6.5034049262940785,25.437206485184433,11.099999999999998
6.043614715523028,26.373101609360553,11.099999999999998
5.9980478181926085,25.64221548438922,11.1
6.029420598655917,25.358842412860312,11.099999999999998
6.134398542013067,25.879279483971523,11.1
6.148495515668354,24.933953166747067,11.100000000000001
7.9712763515938585,22.78355801286672,11.100000000000003
5.979569652719274,22.79861719719016,11.099999999999998
6.829379808508736,24.17693589260725,11.1
6.889772541018108,23.32552719451775,11.099999999999998
6.2155583236044984,24.085334634060853,11.099999999999996
6.642267998855225,22.345362687632115,11.1
7.040567538981166,21.839311069926882,11.1
6.584154074253575,22.61590492936802,11.1
6.4136828163870145,24.793647595037914,11.099999999999994
6.671093130505492,21.20759743730678,11.100000000000001
6.313636985523,25.257823135659322,11.099999999999996
6.683032313032799,22.573012712890982,11.100000000000001
6.093986374984143,24.131477267746035,11.099999999999998
6.2674742546928925,20.54982263477059,11.100000000000003
7.277677521706499,20.219620339559707,11.099999999999998
5.862533905759983,20.17938951568122,11.100000000000005
6.188557528299496,21.1893311161557,11.100000000000001
6.740058519439602,20.52126833254253,11.1
6.1232009813452954,21.838609855552946,11.099999999999998
6.780545764572739,20.084954892820328,11.1
6.413971077737134,20.174397450221697,11.099999999999998
6.585921287466808,21.20163375850752,11.1
6.00059688393617,20.6803012503075,11.100000000000001
6.815919493941147,21.116292628317126,11.100000000000003
6.57865860523532,19.43273962269154,11.100000000000001
6.354859297237846,18.313262200334435,11.1
6.512114009420581,21.32484440488617,11.100000000000003
6.216141524089813,19.503678359222885,11.1
6.402807001026056,19.360402918875646,11.099999999999998
7.053329777258786,18.864780619661147,11.100000000000003
6.353993960207471,18.747946477752578,11.099999999999998
5.788550567250785,19.206235175717726,11.099999999999994
6.339151344584909,19.87265966799206,11.100000000000001
6.269589234824961,19.214918605851548,11.099999999999996
6.5243696469253685,18.407113462752807,11.100000000000001
6.469282311695117,18.406271162081048,11.1
6.77506071790819,18.99518303850143,11.1
8.082015825804788,18.74968334998429,11.1
7.673452003651631,18.601788305068634,11.100000000000001
7.631157237358813,19.011745094680947,11.100000000000001
7.054022926869768,18.688933055409912,11.100000000000001
7.412148817952698,19.197866766063104,11.100000000000001
7.271249558619132,18.100739688499434,11.100000000000003
6.385585178283761,18.779957524101484,11.099999999999998
8.317666277029646,17.596336507261622,11.100000000000003
8.270924632817255,17.91772586042198,11.100000000000001
7.751930500056787,17.841320205885836,11.1
8.105314851503783,17.734160249208422,11.1
7.728486264195023,17.748433673036917,11.100000000000001
7.989477702025508,17.797428000023544,11.1
6.74045354700154,18.312624762513796,11.099999999999998
7.024790986322066,18.355114016614944,11.099999999999998
7.586694154025787,17.458762899161638,11.100000000000001
8.132579119962529,17.7476315301596,11.100000000000003
6.932282748039048,17.74323797329939,11.100000000000005
8.097095471141465,17.566769726490257,11.100000000000005
6.732839737262729,18.40265984684796,11.100000000000003
8.728762994019862,17.61187564388493,11.099999999999998
7.99524847814533,17.665046260049557,11.100000000000003
7.767339000788836,18.001489673980643,11.100000000000001
7.687823255352508,17.49087018892236,11.1
8.139991445869631,17.498672209947085,11.099999999999998
7.509740318906568,17.83883425774158,11.1
8.089801134432092,17.33406699114507,11.1
6.991868336538291,17.9514549768733,11.099999999999996
8.82703729605992,17.651137261124422,11.100000000000001
7.5764428297975295,17.27754662600442,11.099999999999998
7.6054051202790625,17.357815306581173,11.100000000000003
7.484199200155943,17.182688571703846,11.099999999999996
7.598679598231247,17.277051094619562,11.099999999999996
7.376344054757013,17.292848160676183,11.099999999999996
7.2771726874204825,18.402572978080613,11.1
6.370007384188366,18.427367264413924,11.099999999999993
8.568394055584186,17.813960068326104,11.1
7.319643936047548,17.68648523561865,11.100000000000001
6.482787740231245,18.211283536352138,11.1
8.161777316673009,18.166741566705596,11.099999999999998
7.639549979162584,17.315930094234993,11.1
8.834286920200572,17.677417286829833,11.099999999999998
7.84878197067326,17.47546795518944,11.099999999999996
8.447291132278924,18.341372451283537,11.099999999999998
8.607182600103153,17.991537517667584,11.1
8.881073200603938,17.73396800157562,11.100000000000001
7.780690905541192,18.1150342467027,11.099999999999998
7.814220199276616,18.19296994836825,11.100000000000001
8.236281409673573,18.295219255233825,11.100000000000001
7.587435760191249,18.822926515219812,11.100000000000001
6.702304427111986,21.083023565637227,11.1
6.0950770187500245,21.66977008027284,11.100000000000001
7.392353103694031,19.019160192808908,11.100000000000001
7.154121633575376,18.878568202241034,11.1
8.641641452038861,18.85975698115225,11.099999999999996
7.4865259181015915,19.10352121478873,11.100000000000005
8.457135521872623,18.90748590909884,11.099999999999994
8.524353715733117,18.782530628731603,11.100000000000001
7.234315910375943,18.284764079923033,11.099999999999998
5.899843174919315,21.108160056823454,11.1
6.150919622875254,20.515293506899493,11.1
5.881115015392868,23.33668930643681,11.1
6.559670008072273,21.840492941204168,11.100000000000001
6.83222920899026,21.84096508111257,11.099999999999993
6.451071500944119,20.51369380191363,11.1
8.020535846515385,23.66178281633123,11.1
8.324962763984493,19.649096410577613,11.099999999999998
6.918761966794347,20.46828645959242,11.1
7.620018408896352,20.928768433458927,11.099999999999998
8.168072501017381,19.925661178963562,11.099999999999998
7.101403379349075,21.81425390054427,11.1
6.190587608208182,23.74653834826944,11.1
6.805101381099523,26.153880611047146,11.099999999999998
6.258055920861065,26.054507046165362,11.1
6.210655100249074,26.013978108032415,11.1
6.2676512076721504,26.10078875314741,11.1
6.52891230699775,26.400773445677896,11.100000000000005
6.804406185800783,26.077915362002866,11.100000000000003
6.326310564081163,25.526835439332967,11.1
5.51551196363058,25.93660951937338,11.100000000000001
6.826219166525124,26.411932671631106,11.100000000000001
6.339620972788987,25.74702838976891,11.1
6.3371767065258,24.310127466681365,11.099999999999996
6.364439241626128,26.236706248515922,11.1
5.852833198373843,26.383213080057427,11.1
5.981056199800111,26.63712318626694,11.1
6.692021244998552,26.901398590671665,11.1
6.138517622072139,26.5281958312472,11.1
6.484111441708053,26.518000940858332,11.100000000000001
8.34778530415876,27.395593146640813,11.100000000000001
7.426918440955519,27.375710490753868,11.099999999999998
7.5556213731357715,27.28630430726097,11.1
7.7787044562950385,27.532691889082518,11.100000000000001
6.559591764100136,26.891219006264112,11.1
6.319871097806724,26.85577074161294,11.099999999999998
6.38260524013969,26.918389136841437,11.1
5.65085174629685,27.174272675942515,11.099999999999998
6.782542812025527,27.295598777580537,11.100000000000003
6.034199676512146,27.080415044601477,11.099999999999998
6.55161301634164,27.34255097445778,11.100000000000001
6.032371734330881,27.285861670987472,11.1
6.938615436618513,27.81955364496174,11.1
7.049029196170129,27.51656535364882,11.099999999999998
7.374907013662528,27.70905957118462,11.1
6.160625731367772,27.381194045840473,11.099999999999998
6.744645132698652,27.475691817104572,11.1
7.27637481861651,27.50883758792013,11.099999999999998
6.5373694635558754,27.06307152481606,11.099999999999996
6.24986957387312,26.944675345985523,11.1
6.0291872892082425,26.992346221802226,11.100000000000001
6.654363058034805,27.322387878404516,11.1
6.253422105047225,27.44450719292902,11.100000000000003
7.826915465940204,27.54333441088028,11.099999999999994
5.852995826804969,27.135033873816646,11.100000000000001
5.815592492083754,27.406367648114628,11.1
5.941203407321657,27.231493408469127,11.1
6.475078469878775,27.67887051725195,11.099999999999998
5.9934577538976965,27.239466636773745,11.099999999999998
6.6746003422686115,27.72500226646295,11.1
6.14823849128142,27.39795376016488,11.100000000000003
5.7674261519501355,27.251072529507002,11.099999999999996
5.7081649638228935,27.310592783960562,11.099999999999996
5.729211463429799,27.26676045111163,11.1
5.836947039464393,26.978756540621326,11.100000000000001
5.512119378910079,27.573307871062145,11.1
6.747951812592191,27.37291649140451,11.099999999999996
5.800330122547045,27.48679329327741,11.100000000000003
6.067675525858944,27.79454126277967,11.099999999999998
6.007289078314628,27.601666127612358,11.1
7.027036432623284,27.634554732421034,11.1
5.601409396633276,27.46278318311501,11.1
5.885337170820403,27.351012970793334,11.100000000000001
6.398503995356383,28.04066273929924,11.1
5.715786345839183,27.187079168436814,11.1
6.032642876900105,27.58728924532497,11.099999999999998
6.592075343790755,27.586313312351525,11.100000000000005
9.029419542244922,17.772938495511,11.100000000000001
8.257853540184382,17.369564204014505,11.100000000000003
7.910740610977067,17.78523825421962,11.099999999999996
9.291594641157008,17.985034113706714,11.100000000000003
7.83470481857768,17.257885204489938,11.099999999999998
8.037110718645197,17.477007912309396,11.099999999999998
10.537575113409439,17.905136206115188,11.099999999999998
8.644697018222487,17.667389883975485,11.100000000000001
8.248520450818226,18.717915667468812,11.1
8.861233885494158,17.58392218696024,11.1
8.412952732818761,17.56820930454299,11.1
9.121346146243118,18.21726400731509,11.099999999999998
9.154219632015563,17.66688434797033,11.100000000000001
10.337425935609632,18.335007810329802,11.1
9.661557907746023,18.20015926517614,11.099999999999996
10.889952140918421,18.20748879158853,11.100000000000001
10.167254113545644,18.331281927257834,11.099999999999998
10.016497883336054,18.38512062589248,11.1
10.075971509228491,18.43184340429861,11.1
10.078659445880001,18.68992365992673,11.1
10.29323390954235,18.484914048630998,11.1
9.324924290899945,18.75718525945052,11.099999999999998
9.798830147284878,18.473159503709983,11.1
9.566844320284513,18.654598272118665,11.1
9.948198696578263,18.229560845848756,11.100000000000003
9.644359598545314,22.556307417073818,11.1
9.574067883816957,21.557967019723083,11.099999999999998
8.842242256474435,21.051869970564233,11.099999999999996
10.8613816856561,19.120712617585554,11.099999999999998
9.803125428275072,20.86121860212453,11.099999999999998
10.700690342210786,18.562262161096996,11.1
8.489504864174027,20.771038575236098,11.099999999999994
8.869346836962864,19.590648178261997,11.099999999999998
8.639690494430434,19.968494334659187,11.099999999999996
10.099223986835916,20.48746724833308,11.099999999999998
11.2221035578441,20.562420324045746,11.1
8.5353917842876,19.596008403664946,11.1
8.748982830855962,20.372522950625246,11.100000000000001
8.423256375411276,20.383636443894964,11.100000000000003
7.967334206652932,22.889490183091123,11.099999999999998
8.913114117797157,21.91552906228916,11.099999999999998
9.115320006241877,21.84898034119775,11.1
8.796752881340566,23.51513359790306,11.1
10.896097991147547,23.881818436044703,11.099999999999998
9.525190553102012,24.543534622507913,11.1
9.991930039658573,24.16653936196963,11.100000000000001
10.32907706182363,24.004861696090522,11.099999999999998
8.995238841314933,23.15859151824933,11.099999999999998
10.625969996906575,23.492180339057036,11.1
9.876534464829383,23.98639985025006,11.1
9.869672966393345,24.310717070236635,11.099999999999996
8.60583407346757,23.95838844028331,11.1
9.891138702662332,24.33487513938375,11.1
9.094182464163918,24.129807671175417,11.1
9.172068606561746,23.519412970887238,11.1
8.170002690764093,23.76098393792054,11.100000000000003
9.125753700980187,23.587452545551255,11.1
10.301233335050808,22.04813431579601,11.099999999999998
9.51292837671111,23.682323532096017,11.100000000000003
9.438456295584349,23.841914305613965,11.100000000000001
7.269863998379577,22.520398259644853,11.100000000000001
9.185747669809928,25.941314097980538,11.099999999999996
8.466585639955918,25.163444571793573,11.1
8.895785025391932,25.77851768749635,11.100000000000001
8.536688027621514,25.328411368258912,11.100000000000003
9.750773552784443,25.76876234111678,11.100000000000003
10.43663868054379,25.48145691868816,11.099999999999998
9.16350543364542,25.38323265802979,11.099999999999996
9.06263192512843,24.617948957896985,11.100000000000001
9.671706807681177,24.266346446802054,11.1
9.523056184549773,23.279336317749983,11.1
9.583955594982765,25.571120953591553,11.100000000000001
9.597440459466643,26.082214902740148,11.100000000000005
8.311458234195571,27.13206259253264,11.717880977598643
7.747273661535934,26.918796799120155,11.099999999999998
8.38662509355968,26.744244018101163,11.099999999999998
8.188978677318618,26.930951087757034,11.1
8.188978677318618,26.930951087757034,11.1
8.14928964663826,26.7041285768917,11.099999999999998
9.887821990900292,26.964291069343467,11.53353809254423
9.48251469680001,27.47354759294686,11.100000000000003
8.961659670036195,27.224866930419697,11.100000000000003
8.393390899913042,27.31991408864467,11.1
10.044260576022973,27.343551390542714,11.70087523952504
9.094056143137678,27.546455896958154,11.099999999999993
9.45302896704528,26.93132363779278,11.100000000000003
9.788557510837567,27.27341278113499,11.099999999999994
9.863050887380414,27.321657158158505,11.100000000000001
8.942137151590837,26.84116734205664,11.1
9.677752182305724,26.65973234180882,11.1
8.838703257455771,27.38106202459437,11.100000000000001
11.505172957270652,28.04184128533799,11.950828554062939
8.926739891850058,28.050629164199275,11.100000000000001
10.53486067234905,28.13837315499028,11.24883043104123
10.877213252721306,27.992002640323143,11.099999999999996
11.097497255577027,27.793415657454343,11.1
10.229438618192175,28.288136287435236,12.184225884847026
10.611255881637623,27.030305577805525,11.24766204402183
9.977063650126182,27.458343725938978,11.099999999999996
10.029618725774204,27.342123388148053,11.1
9.906417418910982,27.07236005519934,11.100000000000001
10.514312555880808,27.345111429810494,11.1
6.670303199290792,27.79166288673665,18.5
6.472997196888837,27.50724052078114,18.500000000000004
6.83275715485947,28.13131900514189,18.499999999999996
7.3999105186224154,27.959511317850087,18.500000000000007
7.123060601817216,27.98193710653577,18.500000000000007
7.4686466155280335,27.96570380718929,18.500000000000004
6.924617033157078,28.348384286084396,18.499999999999993
6.986379107127924,28.27932768930275,18.5
7.136002560733565,28.366575282300463,18.500000000000004
7.105752244094214,28.18644808102013,18.500000000000004
6.998073719336547,28.30454205345159,18.499999999999996
7.03077280374251,27.968662609932142,18.500000000000004
7.003427376800034,28.11987377651631,18.500000000000007
9.032594969391303,23.845741577934294,18.500000000000007
7.6010325381968284,27.66637659778009,18.499999999999993
8.819214818006502,26.243866762397694,18.500000000000007
8.140142764480977,26.96983020299364,18.500000000000004
9.528287043024138,23.834236722832358,18.500000000000004
8.862560151796544,25.256436309728663,18.499999999999996
8.253607400527999,26.651279723478094,18.5
8.028108487601932,27.616872876687527,18.5
7.875195979753432,27.60513076928497,18.499999999999996
7.445889887216044,27.872625775580598,18.50000000000001
7.435584156380463,27.288575550620283,18.5
8.613902971140437,26.02643733448516,18.500000000000004
9.013539856611683,24.167284810880805,18.5
9.502955053555791,23.480662441904933,18.499999999999996
9.008316561234995,23.36670680674609,18.5
9.54257627253564,24.807627556244555,18.499999999999996
8.342698948377047,26.367656372380228,18.500000000000004
9.335355594957166,23.7651138206259,18.5
9.16579451070602,23.007864248775295,18.5
9.053863495069333,23.136660994018953,18.499999999999996
8.839097642094806,23.755704826418874,18.5
8.804363868550807,23.547966971974205,18.499999999999996
8.422147428179978,24.4993970049476,18.500000000000004
8.752619727410933,22.522507452414473,18.500000000000004
9.388189142608299,22.87019682530567,18.5
9.099281004077525,22.71351539261394,18.500000000000004
9.207150646374,22.898606490353856,18.499999999999993
9.021966594455714,22.519630122130334,18.5
8.756898395326461,22.7217791219138,18.5
9.107795858908023,22.526942584057384,18.499999999999996
9.067331388676953,22.705981045052237,18.500000000000004
8.409611634585573,24.377480495977533,18.500000000000004
9.250518431454061,23.07390550001725,18.499999999999993
8.89350707202448,23.37996774496026,18.5
8.955420286651849,22.623435306402552,18.499999999999996
8.940704390455693,22.948725327319906,18.499999999999993
9.185800597442803,20.730162905767465,18.499999999999996
9.159878914284135,20.886906977560155,18.5
9.143071730996255,21.110617946095342,18.499999999999996
9.7475618591061,21.999164721527592,18.500000000000007
10.849308379015428,20.739684115073494,18.500000000000004
10.436710306957089,21.393873482453277,18.499999999999996
9.092062029881106,22.100406860283748,18.500000000000007
9.043854214394221,22.08583758870289,18.5
9.083818766944704,22.112006722468163,18.5
8.779287247520262,23.13343711352641,18.5
9.032494863947072,22.443059234845474,18.499999999999996
9.267424313576022,20.64770301294457,18.5
9.0898669821882,19.96317680698823,18.5
8.944339331764587,20.682938636418456,18.5
9.76395471953521,20.38862669737124,18.499999999999993
9.237068355761606,18.78607906153789,18.5
8.714231611050131,19.026423774431255,18.500000000000007
8.80794031922521,18.315721597241208,18.500000000000004
7.744424002982253,19.518508331591583,18.499999999999996
8.132025457098653,19.744068185949395,18.500000000000004
8.914720816832958,20.151354649624505,18.5
7.459559601543694,19.1984997339317,18.499999999999996
7.67103074733247,19.462757102216155,18.499999999999996
8.803741680602144,19.751037674272855,18.5
8.231937244710718,17.82930065398285,18.50000000000001
9.467037211047145,18.717825001304558,18.026686784958386
9.756306507490782,19.69934604212574,18.5
8.38153181407649,18.50464380693566,18.499999999999996
9.741757908158789,19.054112225108483,18.499999999999996
8.766508512077632,18.763956238641033,18.5
8.672796669406559,18.71001016468601,18.499999999999996
7.777860003595037,19.03254429341962,18.500000000000004
7.755199542580065,18.863611398765094,18.5
8.5097826026564,19.59403225405778,18.5
9.947937770845712,19.562763092332297,18.499999999999993
7.748589202314618,18.845866559259285,18.5
7.896187959132191,17.680010530592746,18.499999999999996
7.10630824087237,17.556597460316745,18.5
7.4640936972498,17.710246054436904,18.500000000000004
7.675635311291971,17.797044200616842,18.5
7.223618287737358,17.808879334608967,18.5
7.290010641959643,17.722568838299548,18.499999999999996
7.743945858490734,17.182172307530227,18.499999999999996
7.219075281841205,17.365933312474784,18.500000000000004
6.863501305775522,17.41139979211005,18.5
7.695469546490758,17.35773834046642,18.499999999999996
9.189681256446413,18.509242248525496,18.500000000000004
7.860657733634805,18.273181894934343,18.500000000000004
7.4157050637000745,17.761838632285382,18.5
8.474591860516199,18.51232081235479,18.500000000000004
9.71083441082489,18.788789419942184,18.499999999999993
9.512723364188123,18.923214493889,18.5
9.36369869392041,18.826346475770066,18.5
6.949383554208492,28.38893715531421,18.499999999999993
6.5256770575463525,28.386864478465288,18.5
7.124545988255444,28.097418447034347,18.5
6.863655278989831,28.293926592231585,18.500000000000004
7.449585010270014,26.914637802261243,18.5
6.505482761294317,28.335918777037033,18.499999999999996
6.519173571428858,28.317093087622723,18.500000000000004
6.896293157620316,28.294445690832955,18.50000000000001
6.663534505492489,27.977520576502975,18.500000000000004
6.748993897683893,28.199204534904275,18.500000000000004
6.927399544438438,27.554596087222617,18.5
6.66037068478982,28.314665752173525,18.500000000000004
6.90291561176094,28.231046569058563,18.500000000000004
7.208376189010381,27.034666595508323,18.499999999999996
6.705133207391555,28.1594372261954,18.5
6.781492103078511,28.16751504781474,18.5
6.772409751120972,27.915177072892792,18.5
6.443683414584261,28.137306364082928,18.500000000000004
6.915088400534692,24.041703064538265,18.5
7.404909634619323,26.78145041192283,18.5
6.851948653679082,27.250939671518708,18.500000000000007
6.635261988151718,27.38057424595693,18.5
7.283859805889101,26.26089137143241,18.5
6.984317701142656,27.90333055385114,18.500000000000007
7.324810417831555,27.67955736258467,18.499999999999993
7.364389888888394,25.289085898423235,18.5
7.411394499760567,27.285069903925276,18.5
7.64549036221953,26.452965075460813,18.500000000000004
7.738922002071838,23.4716414718453,18.500000000000004
7.626577187906313,24.61685234825074,18.5
8.067621238850233,22.973060183526798,18.5
8.129690686722764,24.772045086909372,18.5
8.022301088630842,24.388471476959626,18.499999999999996
7.813142058013545,23.889359748354963,18.500000000000004
7.740459244299878,25.3384088284839,18.499999999999996
8.02403927450628,23.510101422189212,18.499999999999996
7.601834433440961,26.342959171684637,18.5
8.13842339963024,23.939798326593017,18.499999999999996
8.11220777688449,22.817259853850672,18.500000000000004
7.882124647363556,22.905733224653563,18.5
7.98677215900436,23.13615406858703,18.500000000000007
8.7302898004989,25.22387106135605,18.499999999999996
7.413487756747751,23.37369155801943,18.5
8.097822321665248,22.992057409592814,18.500000000000004
6.772831509989746,20.426154193398432,18.500000000000004
8.39372809521827,22.691960566325324,18.5
7.947709443894719,21.38466236280692,18.500000000000004
8.208522615567723,22.470510104377034,18.500000000000004
8.204460558509716,21.670652911671272,18.499999999999996
7.8798213195883715,22.994148371292486,18.5
7.583191479229682,23.890033867628123,18.5
7.488895635417642,23.987688808076154,18.499999999999996
7.517495493823839,22.65324815041729,18.500000000000004
7.829341628124167,22.239903718781584,18.499999999999996
7.268053391747729,20.672531397998988,18.500000000000004
8.141429728280652,22.24074098265331,18.5
7.701700255147394,21.43892189289306,18.5
7.70328425676844,23.237228816305212,18.5
7.915299509814544,21.420889103886516,18.500000000000007
7.723479140978498,21.35821161141949,18.499999999999993
7.842202499354349,22.93624593277641,18.5
8.309629380925967,23.771864941268497,18.500000000000004
8.227469231339509,23.825760163778217,18.5
7.997733918100604,22.63185674211976,18.499999999999993
8.176127778850166,22.820811299890366,18.499999999999996
8.046942333395945,21.871720335535155,18.5
8.053650133989466,22.91248017054243,18.5
7.7565919306701065,21.20281979392619,18.499999999999996
7.830359078598134,22.55930160016367,18.5
7.521867754345806,21.336164443008684,18.499999999999996
7.965731310697743,21.37331105881113,18.499999999999993
7.8542470960007815,21.813519129823295,18.500000000000004
7.392439998551022,20.17571587598799,18.499999999999993
7.855284813482367,20.3120786575991,18.500000000000004
8.029571107844388,23.115142113518214,18.500000000000004
7.871166014457453,20.86289723510148,18.5
8.283323572625111,21.04822258645932,18.499999999999996
7.8068319446953875,21.365050129023544,18.499999999999996
7.369669572645333,20.776926426844494,18.499999999999996
8.376430156834923,21.5026119139416,18.500000000000007
8.305789313568944,21.49936919347852,18.5
7.860727675693221,20.309558462644187,18.5
7.9795457282710425,20.316146002891315,18.5
7.883043835693068,20.569470931528254,18.500000000000007
7.8219553208928305,21.10580230333213,18.5
7.576130058373365,20.081371362605935,18.499999999999996
7.558677991604455,19.882605927878302,18.5
8.148487449877715,21.074138304450205,18.5
8.010678008758804,21.45491094270404,18.500000000000004
7.5058446030563095,19.796993922912062,18.500000000000004
7.045276774165637,18.785343927978527,18.500000000000004
7.901134111779924,19.68981741942342,18.499999999999996
7.710936353419919,19.471912024820423,18.499999999999996
7.589872421727772,19.02430597739741,18.500000000000004
7.74638723914711,20.046694869342865,18.5
7.668226504459787,19.06612965891487,18.500000000000004
7.327041426697978,18.308250976381725,18.500000000000004
8.030559370052487,19.37961955614049,18.500000000000004
7.446823623941151,18.191824725298822,18.5
7.426747527729884,18.209623054191987,18.500000000000007
7.4622844078001975,18.920678560238933,18.499999999999996
7.583374778987701,18.710842676206873,18.5
6.257790118502813,19.770909585777606,18.499999999999996
6.5919972153755335,19.68827090056945,18.5
7.055353916191563,19.658462816933604,18.50000000000001
7.1601949955222155,19.579786908257972,18.5
7.153263672597008,19.984081547486486,18.499999999999996
7.676160932640405,21.450835620258516,18.5
6.769993306434241,19.448957894241907,18.5
6.8444994913264585,19.657993271720276,18.5
6.677331253184527,19.283572723000276,18.500000000000004
7.225947224098164,19.756969890095245,18.5
7.392077427069415,20.005993563858908,18.500000000000004
6.935906160932349,19.78258763178478,18.5
7.97247216427346,22.849816260163013,18.500000000000004
6.73143425480044,19.986092192937953,18.499999999999996
6.6733019944837055,20.230250936650137,18.500000000000004
7.19760138456696,21.770376271304084,18.5
7.948253854439412,23.783800223287034,18.5
7.079877448360475,21.609228252616532,18.5
7.626729158659889,21.117832858981178,18.5
7.731668232235639,23.40298144746382,18.500000000000004
7.1395935614776675,27.028197580196473,18.500000000000004
7.662416546021516,24.65861172525838,18.499999999999996
7.527952621041231,26.014682323909476,18.5
7.0871052709554085,27.459101006359223,18.5
7.7217844639064275,22.85912128669568,18.500000000000004
6.630536984426493,22.223971520213606,18.5
7.056313133804126,24.15561408334888,18.499999999999996
7.680424192751193,22.21962885482864,18.499999999999996
7.886426199764843,21.991051099655625,18.499999999999996
6.824120585742049,21.14327700182708,18.500000000000004
6.705037251645404,25.2047456379294,18.5
7.701501635627974,26.730051454482357,18.5
8.484534202209165,21.759810494937188,18.500000000000004
7.931297583355601,24.445092778258285,18.5
7.673152866265052,24.952127214621072,18.5
8.60922412541763,22.368863929083005,18.499999999999996
8.420700345776403,21.670330214863753,18.5
6.8019505777304525,26.35975570238903,18.5
6.639061826876975,27.8898998917275,18.500000000000004
7.1654817682494505,25.488166321268398,18.500000000000007
6.530606201996673,27.623410772440167,18.5
5.886676086836325,27.736266341479443,18.5
6.694175955493566,26.40257076083683,18.499999999999996
7.541304381998187,24.77846654078447,18.499999999999996
6.936500764410835,25.984328960100434,18.500000000000004
6.971917886297958,26.648736410229976,18.5
7.669220531714297,22.477700651009467,18.499999999999996
7.972349614240858,22.378640613184995,18.5
6.907532047485907,24.85403799287978,18.5
7.858210048113911,22.933674409114797,18.499999999999993
7.525244930608088,24.30202550151855,18.5
6.933303279631701,25.977341076127065,18.5
7.215005713971067,27.37961478313883,18.5
6.852532823113102,27.259507276378503,18.499999999999996
7.325090101919485,23.80968050213681,18.499999999999993
7.413204486357407,28.022343151345627,18.5
7.449746784473876,27.670655669203505,18.5
6.582098632566032,26.686048981123356,18.499999999999996
7.285273699892546,25.692222690683376,18.5
7.026181558045064,27.119441992739134,18.499999999999993
6.499594872103509,28.087240601717106,18.499999999999996
7.027134911102104,26.182374420932337,18.500000000000004
6.972518435220297,28.086628962144225,18.500000000000004
7.25891146554021,25.50939985853685,18.500000000000004
6.459832590540908,27.900066584352313,18.5
6.757746949678533,26.58019991083907,18.5
6.175087410146772,27.933437331627317,18.500000000000004
6.6605437585914435,28.066711635372982,18.499999999999993
7.18855794387859,26.727505235895123,18.499999999999996
7.024990960563609,28.031561806704502,18.5
6.632487971717202,27.954689721510874,18.5
6.809047332610876,28.063619145504546,18.500000000000004
7.437358396054487,27.362057470813852,18.499999999999996
6.649878759563029,28.162582910733683,18.500000000000004
6.850215493305475,28.07671486702085,18.500000000000004
6.360544062980361,28.086468123207663,18.500000000000004
6.382112011831055,27.544225305853594,18.5
6.1201381437907045,28.08545112919889,18.499999999999996
7.0791902703974054,27.962445261537432,18.5
6.7090118305470465,27.8963699989034,18.5
6.935220906226782,28.092276678356455,18.499999999999996
6.9666003032373975,28.254289944785565,18.5
6.801375948704138,27.784166015616215,18.500000000000004
7.030672762302356,28.239228623789675,18.499999999999996
6.6929519827120325,28.106342401171993,18.5
6.242490600498908,28.12048466194813,18.500000000000004
6.44828253926894,28.25977270039015,18.499999999999993
6.530962317366982,28.34836021661436,18.499999999999996
6.125315140030026,28.084826012029893,18.500000000000004
6.271041895974083,28.24784158561436,18.500000000000007
5.967442020179207,28.093767156090262,18.499999999999993
6.696162467653381,28.286784128629378,18.5
6.670664823312175,28.270282555197955,18.500000000000004
6.686330122869947,28.49509830685621,18.5
5.99062944491114,28.136065393149405,18.500000000000004
6.921243799547315,28.35976999905339,18.500000000000007
6.8814391578459535,28.262994089354276,18.499999999999996
6.699773139813338,28.41590114591864,18.500000000000004
6.604566600048605,28.33995486867309,18.500000000000004
7.112341116692029,27.427687646151508,18.5
6.914786118803654,27.599914961855255,18.5
7.335418699137825,27.797110156054966,18.5
8.722401038481483,18.427995435766388,18.499999999999996
7.6692578945548595,18.441269500843948,18.5
7.85463229830933,17.643440941275124,18.499999999999996
8.005240136747274,17.891028390004326,18.499999999999996
7.369906377564885,17.863707436957252,18.5
8.050862221886423,18.28895441878309,18.500000000000004
8.172610492193797,18.43247595505998,18.500000000000004
9.020779864971722,18.384089309161222,18.5
8.503701596793604,18.277957897955893,18.5
8.520870066407904,17.884597012196323,18.499999999999996
9.202119241169784,18.38537162906068,18.5
9.474893673937109,18.82273295846762,18.499999999999996
8.303142763825091,18.005471603783302,18.499999999999996
9.502558094609341,19.642407603691098,18.5
10.479716790119193,21.224261218062644,18.500000000000007
7.9876345108575855,19.9542124867929,18.5
9.351979029796578,19.588310671027603,18.499999999999996
9.352204066056089,19.865439040953905,18.5
8.801481695619128,19.867755794299732,18.499999999999993
7.937673835365761,19.01777229806666,18.5
9.292108961233719,19.427549052769393,18.5
8.760373230486044,17.92020467542967,18.5
9.633200439091649,19.63325465533167,18.500000000000004
8.729741545356754,19.581677582981587,18.499999999999996
9.821799698773933,20.318678232529166,18.500000000000004
9.033879591408155,20.35238119483168,18.499999999999996
8.974605760240413,20.346763241320076,18.499999999999996
9.057581217253048,21.27904101145441,18.500000000000004
8.877498803239819,22.07501498138934,18.499999999999993
9.10602479920419,21.780328865040214,18.500000000000004
8.147338303173965,22.405766128658602,18.5
9.014799050643228,20.79871722593334,18.499999999999996
10.544159542455729,19.57784161873886,18.499999999999996
9.40434398227844,20.661423488886303,18.499999999999996
8.435152185173663,20.202085342661903,18.5
9.123813670896649,21.284053940181707,18.500000000000004
9.353907157848157,20.1452540032407,18.499999999999996
7.525996215754217,22.2977588484078,18.499999999999996
8.617563447991415,22.7527534234749,18.500000000000004
8.719764915435514,22.369171985400886,18.499999999999996
8.37650805137309,23.63796462616969,18.500000000000004
7.8551629062582125,23.72392926825874,18.5
9.01721158488073,22.26661449668959,18.5
8.782970648450378,22.823691602483603,18.5
8.554204728801066,23.06571178238048,18.500000000000004
8.695812590504227,22.582571743592613,18.500000000000004
9.317784289937967,22.69098317569868,18.499999999999996
9.71709689237045,22.836567236438626,18.499999999999996
9.02118328960745,22.4349381642915,18.500000000000004
9.211007854420709,23.121513968852355,18.499999999999996
9.026835326252707,22.466698198137646,18.500000000000007
9.715386446347152,23.51932170006729,18.499999999999996
8.88238812923059,22.282333998743677,18.499999999999996
9.452506148749539,25.106462963801558,18.500000000000004
8.540843742823817,25.346843883877806,18.499999999999996
8.967180577663228,22.839063391751907,18.500000000000007
8.632595145010567,22.78036025374675,18.499999999999996
8.361511928544225,23.53523775417707,18.5
8.410538507469344,22.79803612450936,18.500000000000004
8.623939836867192,24.726146245936985,18.5
9.144449085831303,22.772803398860383,18.5
8.72744338312343,24.84799332716502,18.5
8.541717492905901,25.1534343536158,18.499999999999996
8.205579526021886,24.964342156661637,18.500000000000004
8.511745878209686,23.886374591885282,18.5
9.036509685938686,24.143873125646312,18.500000000000004
8.33641309004994,26.522262303144593,18.5
9.060933822867366,23.97093767248243,18.5
7.913149022867258,26.74791394474194,18.500000000000007
8.545611009414783,26.671213736956663,18.5
7.898942301272452,27.588999277606458,18.499999999999996
7.780197830114947,27.61593086003194,18.499999999999993
8.812669140036839,23.778602596725122,18.5
8.388361261364034,26.803390242164475,18.5
7.695994489569183,27.260640848322794,18.5
7.814972501878245,26.99742061992793,18.5
7.113554204488272,27.75625627897276,18.500000000000004
8.095122448351916,27.475110135017477,18.5
7.245198408319072,27.759942973948984,18.5
8.0583377553508,27.687125492867896,18.499999999999996
8.373050413144204,27.68465953867217,18.5
7.989905499373425,27.731224828544423,18.500000000000004
7.517568400536059,27.838905821021065,18.499999999999993
6.975044395322569,27.709680670104515,18.500000000000004
7.331648311957994,28.06375564043011,18.500000000000004
7.6982915578249,28.27401378100821,18.5
6.898229628702695,28.186696247505438,18.499999999999996
7.567037696184385,28.274311948976553,18.500000000000004
7.970688876919586,27.934232420979097,18.500000000000004
6.892149191977653,28.352111228980277,18.499999999999996
6.927178230343507,28.406459314230478,18.499999999999996
8.272185450621151,28.325669203765308,18.5
7.356668041262594,28.505808923008995,18.500000000000004
7.092197286821469,28.493411887055032,18.5
7.836638646352362,28.21018561500709,18.500000000000004
7.984067069769568,28.01962086709416,18.499999999999993
9.109808277057322,28.30430412406199,18.499999999999993
7.444203349680798,28.163510572941632,18.500000000000004
7.47665443641173,27.926822466562847,18.500000000000004
7.074534501622081,27.94560809776516,18.5
7.373609409813954,27.82645872648512,18.5
7.8693761174876835,27.863260056708782,18.499999999999996
7.632533587787274,27.46735686284557,11.100000000000001
11.653442560773282,27.843448837988916,12.583184507221329
11.133413870769886,27.903185152137567,11.974101866727581
11.701351999506235,27.651507017479116,13.989131016425066
11.95206719384623,27.717982511125314,13.925615523755804
11.060344435680523,27.88278028805437,12.411044270588155
7.687215245305471,28.03529042010607,11.1
8.043027352424076,28.037558573352698,11.100000000000003
8.361665031333567,28.153668977551106,11.1
9.267191229231873,27.884654662180754,11.099999999999998
7.391754060736134,28.0130078532653,11.1
6.118913027856208,27.577730366090375,11.100000000000001
7.209255235149324,27.79857806844444,11.099999999999998
6.381738423152162,27.93211702151778,11.100000000000001
6.681128518123966,27.5888350173199,11.1
6.041796673976206,27.672297725785295,11.1
6.023016728135022,27.475559580809072,11.099999999999998
5.7863184667733085,27.44559316906058,11.1
11.370914168558826,27.626676097197283,11.516874943194757
10.681365845496657,27.725091025444744,11.099999999999998
11.131554460654817,26.99604972328812,11.099999999999996
11.482787466129762,27.070448823819582,12.62265722305484
10.722994329172991,27.078877567130874,11.099999999999998
11.100379778571106,27.477698480039802,11.956900224326294
7.996015691817417,27.75461797839856,11.099999999999998
7.610516890867784,27.37956962177051,11.1
7.289158410950987,27.56798732398697,11.1
8.198213499902902,26.969551616906283,11.100000000000001
8.143717619656599,27.505663217757842,11.099999999999998
7.670400250056216,27.344568593917284,11.1
6.427927292259712,26.87005221502692,11.099999999999996
6.050882398632753,27.28465560451458,11.099999999999998
6.1246935482721545,26.54832096394362,11.1
5.8980056580372064,27.587018604650076,11.1
6.242134297882069,26.83955524435854,11.1
5.505147774612648,26.17200532789184,11.099999999999998
10.94317179363863,24.65810924658736,11.1
10.750346277527328,25.664430656721205,11.099999999999998
10.637080292028317,24.95743610774194,11.1
11.979563834933426,22.286027229571207,14.387486245419622
11.013874814216145,24.750554641504444,11.249820378525184
9.212619873636195,23.55466274791391,11.099999999999998
8.293755774460308,24.555597258300587,11.099999999999998
5.721575847299767,24.504512593063815,11.100000000000003
7.401797608891493,24.68748088771631,11.099999999999996
7.780455276683367,25.0970867409982,11.1
9.095822014189723,25.198068004464833,11.1
9.14630302203972,26.02068942892712,11.099999999999998
5.56108293439522,25.892853695767304,11.099999999999998
5.989112418468202,25.978233017314796,11.100000000000001
6.544396243338962,25.938864832688207,11.100000000000001
5.58215017919584,25.07085073270318,11.099999999999998
5.682599424101286,25.31050537690668,11.100000000000001
5.946949884255539,25.89154584364073,11.100000000000001
11.33572190911322,22.410339903041812,11.540974681061812
10.412791156660537,22.976411956739415,11.100000000000001
11.852978904375885,23.09450956907342,11.376658555544724
10.763415194440212,23.633526926571122,11.1
11.422098571233255,22.00332103919063,11.099999999999998
11.517058573236753,22.327455331063163,11.099999999999998
7.930381104181257,24.659251820960435,11.1
8.271695004888011,24.07935337750058,11.1
8.051539513613331,23.778564681074148,11.099999999999998
8.420584258215154,24.021163928423277,11.1
7.943253646323697,23.689183904283915,11.1
8.343926797345109,24.041544761732755,11.099999999999998
8.338080785177839,23.93270752734291,11.100000000000001
6.392141071077382,23.632708712784876,11.099999999999998
7.065621802781437,23.830395790145925,11.099999999999998
8.397320140150109,24.169550130767117,11.100000000000003
6.397383786316766,23.812364690938377,11.099999999999998
5.804819466512625,23.95783394921877,11.100000000000001
11.612282558316265,20.872125735240083,11.099999999999998
11.914740069223459,21.54600318621794,11.100000000000001
11.975134351459767,21.49908267853889,11.099999999999998
10.554142034471163,21.506066894716763,11.1
11.851244131038058,21.32630764096933,11.099999999999998
11.77217025691988,21.721134497377978,11.100000000000001
8.316576147534862,22.829813752180414,11.099999999999998
7.7336019290158555,23.399975134892635,11.100000000000003
6.887327910188033,22.054246594383514,11.100000000000003
8.571058821708636,22.224767602605468,11.100000000000001
8.478421914574955,23.281378080028787,11.100000000000001
8.235960904892842,23.18155355711884,11.1
7.073457074655882,23.358031417561627,11.099999999999996
7.271646135430958,23.089626856280542,11.100000000000001
7.174192243280472,23.109509032007253,11.099999999999998
7.938987342325127,22.850138151050626,11.100000000000001
7.484804405625565,22.903856962411613,11.100000000000003
7.831704947780783,22.3992927061618,11.100000000000003
11.482352936614351,20.359630007013255,11.100000000000001
11.939039128459143,19.50665601309485,11.1
11.84196358616438,19.327167231302177,11.1
11.858046687093422,20.716205957973095,11.1
11.577009528585837,19.006447600920925,11.1
11.383424812107647,20.44245956122077,11.100000000000001
9.266412209591293,18.787621039446726,11.100000000000001
10.255832330941407,19.06161970905895,11.1
9.730877833824279,18.950102294273552,11.100000000000001
9.452910045234308,19.010392925005778,11.099999999999998
9.312769383966053,19.073666184386614,11.1
8.36256506522907,18.863048259247183,11.099999999999998
6.769846906818907,20.40849454058323,11.1
7.645038536257053,19.308871653510476,11.1
7.3651492235166796,19.723698515168742,11.099999999999998
6.546402196592271,19.473518659847095,11.100000000000003
7.8049840076455705,19.917124150611627,11.100000000000003
6.244066481422025,20.052632282398733,11.1
10.980681786518158,17.845817779940305,11.1
11.656948368155229,18.259231940593995,11.100000000000001
11.613570666587018,18.50313340474706,11.1
10.934048965993586,17.841981384598284,11.1
11.738349400910876,18.259162898023504,11.100000000000001
11.71774699135083,18.26441320650609,11.099999999999998
8.636715731066223,18.79378678643377,11.099999999999996
9.016823994524255,18.920968553443732,11.100000000000001
7.938935014547426,18.6998929470341,11.1
10.02828471170726,18.4598449290369,11.099999999999998
7.989361075987853,18.779103014969728,11.1
7.997183591754474,18.722881852182642,11.1
7.176776258653204,18.86947851436447,11.099999999999998
7.569667578614727,19.202543970046445,11.100000000000003
8.36612341569283,18.61867594917488,11.1
6.264121709059234,18.583043979447623,11.099999999999998
6.987363102347213,18.339986543635582,11.1
7.362569271448293,18.82114190036057,11.099999999999998
10.467540705847314,17.550599858383944,11.100000000000001
8.78634938123968,17.296609620293754,11.100000000000001
10.71122397298635,17.936636411219883,11.099999999999998
10.33351080353941,17.70472032131247,11.1
10.449619875585999,17.651877627325472,11.099999999999998
9.41402067792989,17.32433111174958,11.099999999999998
7.7849093623183165,17.338273844078,11.1
8.614408973095374,17.33876618720858,11.1
8.27367836155415,17.259747618971577,11.1
8.562555514525041,17.62416708798741,11.1
7.8387365191067655,17.267307381377933,11.099999999999996
8.974888264477727,17.63116183526855,11.1
7.962546317716576,17.30339124557058,11.099999999999998
6.855831021609188,17.414964502767916,11.1
7.280771626233391,17.332882982334354,11.100000000000003
7.270540506322517,17.40621121220535,11.1
6.747873448853763,17.39459260353599,11.100000000000001
6.803864436551902,17.353188424293446,11.099999999999998
7.253202091290164,17.529064555615,11.099999999999998
6.4097434944769605,17.910289414602147,11.100000000000001
7.624292037792707,17.265204291959236,11.099999999999998
6.918514382443362,17.37583560991424,11.100000000000001
7.477489241123361,17.26900242140936,11.1
7.3109800778579235,17.29322563650496,11.099999999999998
7.836892610313782,17.4279953514424,11.099999999999996
8.765442276810038,17.515574294664606,11.100000000000003
9.035837292247773,17.48328618389843,11.100000000000001
7.841009564649227,17.194753446940723,11.1
8.307295764535297,17.290216213207934,11.099999999999996
9.055799605493757,17.440842246254274,11.099999999999998
9.589911303232352,17.69974545306127,11.100000000000001
8.448337305692954,17.75348877149561,11.099999999999998
9.080287135707257,17.195088541757475,11.100000000000001
9.510458058823566,17.695385261903287,11.1
9.408129019073586,17.674792247497347,11.100000000000001
9.535530718908166,17.862177689184072,11.1
6.953699855744904,19.044968388146803,11.099999999999998
8.466312876610834,18.35889968409444,11.099999999999998
7.7979466493617045,18.498351720549152,11.1
5.857993929068686,18.84815324734432,11.1
6.675148518423484,18.349604201328383,11.1
8.52919723349652,18.56819895154998,11.099999999999998
6.891535663564845,18.581265898622057,11.100000000000001
9.192937332786537,17.702852855708947,11.100000000000001
9.845698211912282,18.281581173193278,11.099999999999996
9.564531379814603,18.15057199180966,11.100000000000001
9.627339965986266,18.16351537555531,11.099999999999998
8.993828037460478,18.39993899942956,11.100000000000005
9.493060324828384,18.972412164866608,11.1
10.125510836826223,18.88117934194712,11.099999999999998
8.772438523452097,18.321587663913583,11.099999999999998
9.366142953153176,18.425697633255876,11.1
10.166448263436838,18.398845981641877,11.100000000000001
9.962062517975031,18.298856356831205,11.100000000000001
5.913027403960839,20.69099114106842,11.099999999999998
6.074042981701926,20.275989009942194,11.099999999999998
6.226051280406495,21.742704790396605,11.1
6.028959455080718,20.712446674095432,11.1
5.484300584290227,21.025228561646237,11.099999999999998
6.136404110097132,20.123821138119546,11.099999999999998
7.099871053598499,20.019421681041443,11.099999999999998
7.209369335838066,19.824268038874187,11.100000000000003
8.328541457856309,19.9070805325441,11.099999999999998
7.4747910292022635,19.786843933982034,11.100000000000003
7.114440138352006,20.81574006646076,11.099999999999994
7.21395807332016,20.60964018304899,11.100000000000003
8.905772444131882,19.97204462080416,11.1
11.212183931270408,19.75702964898746,11.099999999999998
11.54637143429238,20.17195324196287,11.1
10.88354204460995,20.072480711681973,11.099999999999998
11.028933852816484,20.32979745356332,11.100000000000001
9.705255237149398,20.04973502829923,11.1
5.5769569279266795,22.650188008070426,11.100000000000001
5.106314578922046,22.94813200391047,11.1
4.964966525158729,23.2107875454994,11.099999999999998
5.049516629533124,21.620234276545464,11.1
4.984447535004308,22.909050221661794,11.1
4.846966398502952,22.635108334935705,11.1
8.369705199468946,21.41589589898201,11.099999999999998
7.394629202612439,22.70623578081927,11.1
7.828541589638582,22.89808512614838,11.100000000000003
7.68273090665266,22.865222516995672,11.1
6.609775918857434,22.143231407628825,11.099999999999998
7.491982923939879,21.054796564388248,11.099999999999996
9.566731401090843,21.862258341362512,11.099999999999996
10.761555959636532,22.41676720189712,11.100000000000003
11.767490962077506,21.232924427106546,11.1
11.689844501154921,21.886039549843186,11.100000000000001
11.050386431397945,22.256553044591374,11.099999999999996
9.856033225073647,22.566578315306494,11.1
5.313165167272326,23.38432273487178,11.100000000000001
5.015407796524452,24.652287906312896,11.100000000000001
5.202902067010927,24.846940793861855,11.100000000000001
5.392216529446733,23.630358268002514,11.100000000000001
4.80598867031259,23.904543556888687,11.099999999999998
5.048273487571125,23.79901414333698,11.1
5.817484730168463,23.963171051703398,11.099999999999998
7.014302972895789,25.320699438600236,11.100000000000003
5.804987208949203,24.908769698462745,11.099999999999998
6.533562436670155,25.35478388455778,11.100000000000005
5.922914548905207,24.307497880571212,11.099999999999998
6.015751705223887,24.168968650137398,11.1
8.897937634355968,23.35559481810527,11.099999999999998
8.235052530084396,22.17056167494025,11.099999999999998
7.516666048317559,23.442749760974305,11.100000000000001
9.59832175828287,23.58432744213612,11.100000000000005
8.101143326156288,23.63353868736147,11.099999999999996
10.044635554310752,23.81358612744349,11.099999999999998
5.623151151199022,25.045724805474855,11.099999999999994
4.968122819884595,25.14778655716373,11.099999999999996
5.1747573886798675,25.65950372983624,11.1
5.00385791148057,25.65038906575251,11.099999999999998
5.3742821381616235,25.464505453118598,11.100000000000001
5.107506823753206,25.09430746346858,11.1
5.555936314403937,25.32408561090501,11.099999999999998
6.410869854672359,25.341696608023945,11.099999999999998
5.7701702688847885,25.36465371521119,11.100000000000001
6.046728599386068,25.848969374794247,11.100000000000001
5.897366631541245,25.586239512612142,11.099999999999998
5.894597909907296,25.642790888902745,11.099999999999996
8.884602367572269,24.687635023516417,11.099999999999998
10.507814920856976,24.18588288035998,11.099999999999998
9.159711338863884,23.612327971850217,11.697662657492058
10.725331409280859,24.15254334917592,11.100000000000003
9.80090497173072,24.22400305891216,11.100000000000001
9.93875567639806,23.849875351257744,11.1
5.989484901458612,26.965558632522438,11.099999999999998
5.652744359756071,26.729084819496236,11.099999999999998
5.675236782036609,27.08535253367745,11.100000000000003
6.580293305402234,27.384453746809644,11.099999999999998
5.559822497474757,27.415237883568363,11.100000000000003
6.498086227320021,27.145421702332246,11.099999999999998
5.812496501376939,26.105312989080918,11.100000000000001
6.268630992365163,26.717450505405353,11.1
6.062406576718175,26.67242643635913,11.099999999999998
6.74135477579787,27.413531676221954,11.099999999999996
5.819206445014348,26.887942183297024,11.1
6.53401823496804,27.13097918384329,11.099999999999998
9.386073597467545,27.349922826044196,11.237116848606421
8.102412191343968,27.588778477110495,11.100000000000001
8.56235344091657,27.80785936671275,11.099999999999998
9.54501424442007,27.84010122682883,11.099999999999998
9.903695174279132,27.657000774381963,11.099999999999996
9.629027162810408,27.809331024639366,11.099999999999998
5.741838419966334,27.36067476765523,11.100000000000001
5.438278046288187,27.17353918962282,11.1
5.504423376046693,27.362585277737264,11.1
5.746205964732794,27.478687876930877,11.1
5.942430090106319,27.62125479427888,11.099999999999994
5.462495203250242,27.34226423485262,11.1
5.492057620302051,27.36726361747496,11.099999999999998
6.473491011599392,27.652430414042367,11.099999999999998
6.422890008744025,27.429101227533298,11.1
6.277355116060204,27.728001067357035,11.100000000000001
6.928567075526571,27.604002887758515,11.100000000000001
6.205762223096124,27.840688921279337,11.100000000000005
9.241029424207575,28.113686864712896,11.100000000000001
8.50632397334389,28.083234209811657,11.099999999999998
9.132258637203622,27.997055823923613,11.1
8.323099851775881,28.286142611840106,11.099999999999998
9.112049346496674,28.03591743833824,11.100000000000001
8.326489477888995,28.173413837841604,11.099999999999998
10.177594493368684,27.673053125701852,18.3425476462332
10.015498882073148,27.53948580039624,18.499999999999996
9.877979730490797,27.825983706807058,18.34759167058276
8.722595527242653,27.499543967471418,18.5
9.877398036053526,27.542638909552082,18.499999999999996
10.599108163528527,27.330185580140288,18.189298408757747
7.176400512416622,28.494581776269335,18.5
7.3079307463567265,28.36662447602504,18.499999999999996
7.491847526990247,27.778034829876674,18.5
6.84227491176845,28.38291287707306,18.500000000000004
6.743300048299569,28.40033115859233,18.499999999999996
6.996788241560464,28.114500841661556,18.499999999999996
6.9810311663871865,28.509634054699532,18.499999999999996
7.184409457597346,28.4395400878155,18.499999999999993
6.585553618025436,28.237471438713058,18.5
6.606889690140219,28.427940108322215,18.500000000000004
6.957246538888437,28.285057718397088,18.5
6.696506625269519,28.451290650654116,18.499999999999996
9.852711806707871,26.006895428482576,18.5
10.36586912524137,26.632866209282852,18.500000000000004
10.08318561552253,27.26767293276446,18.5
11.10456036060403,26.244406395115767,18.35242956366875
10.26390009408756,27.10634125127038,18.499999999999996
10.004646568544379,24.93092017514362,18.347748313096922
8.395935776405956,26.728179527412102,18.5
8.50622253162172,27.039219115545322,18.5
8.650115969693992,26.089721409693173,18.500000000000007
8.72529376039908,26.03837746333418,18.5
8.747750840749575,26.082793244428746,18.499999999999996
8.393891899155193,25.20221127830578,18.500000000000004
7.030271613305164,28.01967780294548,18.500000000000007
6.630947885378086,27.981276982078167,18.500000000000007
7.277537205741908,27.16984816205421,18.5
7.013018445703296,27.60451349912352,18.500000000000004
7.576936303939088,27.482404673449228,18.500000000000004
8.026602710844188,26.962695423377767,18.499999999999996
9.806527638120258,23.633061768001753,18.500000000000007
10.111025278120918,24.340646866610417,18.499999999999996
9.246953289180757,23.834461731278758,18.499999999999996
10.260501656442376,24.129114261086805,18.5
9.713486528419278,25.485340319453567,18.5
10.579371611331347,24.987609100028283,18.5
7.901114448019519,23.25730458019344,18.5
8.657649401395968,23.368849224058078,18.500000000000004
8.7161353224805,22.875946009534587,18.499999999999996
8.768544969370444,23.46468700030169,18.500000000000007
8.608714290550687,23.592756692233777,18.5
8.150541636014514,23.54105909119698,18.499999999999996
7.069224936036599,26.02884086498267,18.5
7.764287068484482,24.522308511876584,18.500000000000007
7.26491690207749,23.999025191137118,18.499999999999996
7.864896939971242,23.076785410083005,18.50000000000001
8.351578660024254,23.3028926278439,18.5
7.189260220819157,23.96778824559987,18.5
9.572717395743053,21.866797267425955,18.5
10.784770765090215,20.977584131815,18.5
9.312123734026411,21.889393355483175,18.5
9.984511646564458,21.824250775898246,18.5
10.608061656821478,22.44436275711491,18.5
10.562838144095249,21.800551890004364,18.5
8.927874457414735,22.754893314657895,18.500000000000004
9.027735143152174,23.067504492106593,18.499999999999996
9.093179520158852,22.93106630228124,18.500000000000004
8.871270775422877,22.49349248800521,18.499999999999996
8.763609634299899,22.91832657174521,18.5
9.0141323353994,23.11352330702784,18.5
8.731043440096393,22.57532335733537,18.5
8.708584357595848,22.547172650262134,18.5
8.699101231102318,22.604774536161873,18.5
8.377577565605778,22.43030757170339,18.5
7.485266553624497,23.03938710850445,18.5
7.623517685967764,22.633958404663456,18.500000000000004
11.06423636981566,20.255518600291236,18.5
10.119871880639394,21.266776483331206,18.500000000000004
10.787538122295025,20.570399869964827,18.499999999999993
11.332241266577348,20.7112048213175,18.500000000000004
10.78691500515456,21.612577242906877,18.499999999999996
10.622688109910111,21.897290510109833,18.5
8.614192799935452,22.714137399153774,18.5
8.461685525003064,22.469088111449906,18.5
8.124198552066675,23.166582879024617,18.5
8.922420514935027,22.83851738113666,18.500000000000004
8.805139957752628,22.975453722486584,18.499999999999993
8.751331396478712,22.811697772888454,18.499999999999993
8.810050364648108,22.405578541893505,18.5
8.590899314904531,22.147044447598415,18.5
8.841639132711984,21.265826006640072,18.500000000000004
8.768091350451849,21.85130100338531,18.500000000000004
8.680528961220103,22.597223218079215,18.500000000000007
9.120591040383635,21.08246031230072,18.500000000000004
8.522950783334473,18.24477152439413,18.5
8.902581870288348,19.1528411031012,18.500000000000004
9.391471609913467,18.891599543221634,18.499999999999996
10.208815775472706,18.627032114509802,18.500000000000007
10.614315303871935,18.74127658649933,18.5
10.319228881193876,19.392215755972128,18.499999999999996
8.349516457218318,18.951594183687206,18.500000000000004
8.229693866298083,19.32993891534529,18.500000000000004
9.467521055176928,20.63374850176468,18.500000000000004
9.083814228455491,20.07896109954471,18.5
8.079616896740308,19.533542446828008,18.500000000000004
7.916208163602166,18.97919577321396,18.5
8.169290732227102,20.465100733607805,18.500000000000004
8.161910068191576,19.988342281869432,18.499999999999996
8.903433690592284,21.741319594672294,18.5
7.5510171303873195,19.72099090622923,18.5
7.56709548979232,19.424169379548996,18.499999999999996
7.451101263364371,19.231830496802946,18.499999999999996
8.595789059984618,18.861484245263455,18.499999999999993
8.140427295649001,18.259821149856723,18.5
10.850604378376094,18.831354006959348,18.500000000000004
9.316881273125098,18.574030050225918,18.5
10.551373854997093,18.913295791998944,18.5
10.323585009520391,18.288272749380674,18.5
8.461440474600193,19.236349423652555,18.500000000000004
9.046941258932168,19.58682665097365,18.499999999999993
10.32434737916237,19.238629564459696,18.499999999999993
8.83159638475824,18.712634202700258,18.5
10.241133618692066,19.882037675826844,18.499999999999996
9.174693907670106,20.92478928095039,18.499999999999996
7.629756447395759,17.91323696522041,18.5
7.6782435058284,18.54445071539861,18.499999999999996
8.341069171767534,19.874311143131763,18.499999999999993
7.257631122859433,18.980573284500995,18.500000000000004
8.192326659083419,20.094693765315768,18.5
7.565323504179508,19.18186538703787,18.5
9.646204517350649,18.373078076358286,18.499999999999996
9.118213918824694,17.987155571321686,18.500000000000004
10.05890759719873,18.459895248104054,18.5
8.75606428113649,18.639139709197377,18.500000000000007
8.64055850626368,18.01282546311735,18.5
9.530189531659596,18.64887171615826,18.499999999999993
6.711511510621619,17.43530999038597,18.499999999999996
7.788752471266027,17.54989530271405,18.499999999999996
7.648231838604316,17.687400944605557,18.499999999999993
7.129881703377711,17.323583616444484,18.500000000000004
7.657865376489545,18.32293651675031,18.499999999999993
7.7681494685936805,18.2991357921546,18.500000000000004
7.848671739803523,18.77982868404102,18.5
9.6047094482621,18.659958615123735,18.5
7.269602317732187,17.810904139893005,18.500000000000007
7.252681282408988,17.80940939122119,18.5
7.874455599529592,18.44659094158673,18.499999999999996
7.814896510986357,18.70599140740071,18.5
6.956960161984282,17.4468828576774,18.5
7.3932635062376795,18.764999564774108,18.5
7.111849522473296,18.133902422547912,18.5
7.030775676663576,17.42240543060252,18.499999999999996
6.907309550379421,17.41700890841072,18.5
6.79958011973304,17.75267598561007,18.500000000000007
7.657879153391546,17.87257117655412,18.499999999999993
8.088302422833905,18.086091925666047,18.5
7.736236085336727,17.782353483514335,18.5
7.8164044095559255,17.97984004191312,18.500000000000004
7.909652838530136,17.453032330188847,18.500000000000004
7.666699200641642,17.33625119995283,18.499999999999993
7.465233250605321,17.66058989847486,18.5
8.711744407379163,17.760275537294657,18.500000000000004
9.410557223304506,19.26776534320318,18.500000000000004
8.637948418428802,18.30811393778849,18.499999999999996
6.920478974611912,17.707527925823634,18.499999999999996
7.36832991883169,17.76209432497726,18.5
6.3992204231643735,18.338267608920937,18.500000000000004
6.330434128824035,19.089235213032698,18.499999999999993
7.208334920746059,18.7544299131559,18.499999999999996
6.94144119964914,18.458490663363268,18.499999999999993
6.9132463867236496,18.47896041546255,18.500000000000004
6.9729608163805255,18.084055739173877,18.500000000000004
8.931123621943623,19.463271056688328,18.5
7.769605085277895,19.369080623837984,18.499999999999993
7.837943522810669,19.384377221863673,18.500000000000004
7.133249374100037,18.40775883723552,18.5
7.272048889850839,18.135210202624574,18.499999999999996
7.249016324445612,18.42936147627478,18.5
8.080231705641973,19.163585907130194,18.5
9.045279073278612,19.649883847664594,18.500000000000004
9.416598120355644,19.67627040120071,18.5
9.581305907814118,18.820327079023183,18.499999999999996
9.364776785989248,19.446199982600092,18.500000000000004
9.359559483025278,19.807422796125874,18.500000000000004
8.118831551233585,20.740468462844685,18.5
9.058525334252746,20.681623379648006,18.5
7.81306115904476,19.603740311076617,18.499999999999996
7.092192182661032,19.098863451603584,18.5
5.793703728232462,19.084216707816477,18.5
6.755921052999226,18.708735135832416,18.499999999999996
9.681812967742045,21.59379724041301,18.499999999999996
9.013040384721245,21.904224330555092,18.499999999999996
9.248333623221496,20.197340620562237,18.5
8.06576373015213,19.71146758616679,18.500000000000004
7.619139014023527,19.50638764121776,18.5
8.541809982568255,20.04525303658895,18.5
8.769433853696357,18.362904986843272,18.500000000000007
9.310172273717988,20.408733002921156,18.5
8.49265963943751,20.253852406626482,18.5
8.922619195369473,20.440220619065684,18.5
9.049299482258585,20.176230072547284,18.499999999999996
8.909476038798534,20.531807600428564,18.5
7.877334781248303,20.981509639397775,18.5
8.056291453572957,21.327021669135974,18.5
8.257656962924152,20.62974173911331,18.5
9.010850663787776,22.737345410090295,18.5
9.050387959083077,22.66946723368563,18.499999999999993
9.370901514172303,22.660503768903187,18.499999999999996
8.365558430267887,21.908017955865454,18.499999999999996
9.044119292722467,22.59315680751808,18.5
8.489272791695422,21.959484742735693,18.499999999999993
8.61770163747904,22.838946424940556,18.499999999999996
8.63253504625323,21.144600505441705,18.5
8.181677673080218,21.94190618003032,18.5
10.412875293798713,20.017964184086196,18.500000000000007
10.729461435731439,20.1365349171355,18.5
9.546446738657426,19.48478427005955,18.500000000000004
9.130727182731178,21.25491078408271,18.500000000000004
9.503883961249269,21.992604212635896,18.499999999999996
9.866597582361761,21.76033542311692,18.500000000000007
6.590920870427525,23.80445055095903,18.499999999999996
7.127627876619571,23.0279581529932,18.499999999999996
7.421953405913277,22.911348250497316,18.499999999999996
7.622071284197584,22.828148732387433,18.5
8.329261837733538,23.278625588514455,18.5
8.571516505521707,22.776390048807066,18.5
8.366204610139597,22.64931485271841,18.499999999999996
8.86929331294612,22.84894017900859,18.499999999999993
8.656162026183887,22.02853335003681,18.499999999999996
8.27121273690565,22.60894676732276,18.499999999999996
8.648095979058233,22.213871126904134,18.499999999999996
8.762097325782635,22.657119955165445,18.500000000000004
9.00242468329147,22.983665605409243,18.5
9.540751959695772,23.049559426964354,18.500000000000004
8.772039760107068,22.90311026723325,18.5
9.507646217662458,24.01436430999589,18.35176006744199
8.775093934653073,22.103964170522815,18.500000000000007
10.159657133393148,22.570880190766943,18.349955234340435
7.418503942376385,24.9924108604986,18.5
6.755459681974474,25.113879994359568,18.500000000000007
7.415213486827604,23.884535303609827,18.499999999999993
6.7128715906287,25.421549979268196,18.500000000000004
6.362832327627845,25.7135948270496,18.5
6.853950263912322,26.596705466602533,18.499999999999996
8.39149632655151,24.247393405384674,18.5
7.557067722944628,24.805859499591428,18.499999999999996
6.619841469928702,26.60808541068118,18.500000000000004
7.9483738889474544,24.28256378770697,18.499999999999996
7.912833138248676,24.24326828303524,18.500000000000004
7.031267688188209,25.665460476508947,18.500000000000004
9.225299568452169,22.89163151537492,18.499999999999996
8.924309739968358,24.484298942531183,18.499999999999996
9.717930197534068,24.327457612077506,18.5
9.211981595543158,23.617778630952927,18.500000000000004
7.7604579318437805,26.67051588113668,18.499999999999996
9.39192633555261,22.167493811096783,18.5
6.620344886817003,27.9872503610917,18.5
6.832157366253314,27.650205665921934,18.500000000000004
6.27472253400606,27.177559655672983,18.499999999999996
6.544519364972938,27.431236572123986,18.499999999999996
6.58628742056102,28.01601118933002,18.499999999999996
6.368893653068071,27.197571954926197,18.5
7.246814645499876,27.90271448739671,18.5
7.601007291966641,27.608318359356645,18.5
7.984921178275652,27.546893531192744,18.499999999999996
7.8454959327163145,26.416504072748836,18.500000000000004
8.366070351024804,26.752071515399525,18.500000000000004
7.716694981610934,27.581321844235372,18.500000000000004
8.38562182066771,26.175708594493052,18.500000000000004
7.900771899918458,27.271580946072365,18.500000000000004
8.858637634441276,27.243266571386286,18.5
7.850973509124214,27.76546170380134,18.500000000000004
7.987350368452326,27.44100724014812,18.500000000000004
8.78480911401123,27.467680600502778,18.500000000000004
6.521709197782212,28.337490891152434,18.500000000000004
6.382458496343179,28.33852301183349,18.500000000000004
6.316634317629907,28.26458443908383,18.499999999999996
6.719610437373317,27.971174826531232,18.5
6.379892571787173,28.352710631205237,18.499999999999996
6.259939685511743,28.233948607260004,18.5
7.3107217402725,27.738996558253742,18.5
6.745348534247492,28.222193390808364,18.500000000000004
6.873623385954735,27.99145329321923,18.5
6.443377213461546,28.17418539636236,18.500000000000004
7.0661596211569995,27.245211912938696,18.499999999999996
7.148984716748027,28.074968442323954,18.5
7.448840267839926,28.361936398503946,18.5
6.83356816299474,28.242532980333134,18.5
7.048093101700613,28.06214713420155,18.5
8.26190151605395,28.15642838669247,18.500000000000004
8.035984417633141,27.760439089140096,18.499999999999996
7.489535399131317,28.36206569290437,18.5
