9.102266863128657,28.347396352198043,11.1
7.960815929752819,27.68999452949548,11.100000000000001
8.988812944050443,27.81896990125454,11.099999999999998
8.544535764702687,28.057249714143445,11.1
8.564934583391306,27.736272780220876,11.1
8.319268017078848,28.17463535498946,11.1
6.155901718990508,27.68160888296288,11.100000000000001
5.8705343075859435,27.634115881824094,11.1
6.198958925508649,27.34481861311498,11.1
6.538030586796862,27.421009143769897,11.100000000000001
6.238430214734275,27.399822331713814,11.1
6.433647161331761,27.283473601975654,11.1
4.767216395760433,27.22012125741305,11.099999999999998
4.706732220794571,27.27863857269189,11.100000000000001
4.889283034786578,27.043596998083444,11.1
4.46969105969862,27.114027653383385,11.099999999999996
4.93516033085568,27.106372244925854,11.099999999999998
4.706693911817404,26.991125838072847,11.1
9.658998688675382,26.671464713289048,11.100000000000003
8.72986945809054,27.047079086348468,11.100000000000001
9.05966902521042,26.66308845479812,11.100000000000001
8.779297109506288,26.818877268602975,11.100000000000003
9.500401316715466,27.41466529208473,11.100000000000003
8.913274191985266,26.105386166303795,11.099999999999998
6.944196651202506,27.38530838095503,11.1
5.695009329760816,25.959066304077307,11.1
5.876270177547248,26.505172416924147,11.1
7.163793926120311,25.960611311198505,11.100000000000001
6.786791343574011,26.554134627155946,11.1
6.697774308402149,26.775227811148845,11.100000000000001
4.6713697552500575,27.039691225449697,11.1
4.8503549013833025,26.68795988140401,11.1
4.70150578054956,26.85358422606381,11.100000000000001
4.966446613468842,26.73625300791638,11.100000000000001
5.106034183885169,26.871035979912218,11.099999999999998
4.8632468958091115,26.94562095538192,11.099999999999996
5.640022332681479,24.82997584006085,11.100000000000001
6.62943945396811,24.62924108313013,11.099999999999998
5.876579772529571,25.493360569797943,11.1
6.431452282940066,24.742640333701672,11.1
7.061150058389753,24.841178102926303,11.099999999999998
6.7606845636317,24.62884520080467,11.099999999999996
5.778777303272224,24.68620416681254,11.099999999999998
6.580337658784297,25.83513033040521,11.100000000000001
6.435556870816762,25.9100564955501,11.100000000000001
6.5844497953444305,26.533221190219223,11.1
6.426167037977167,25.75193575185959,11.1
6.513301163285863,26.46634180985504,11.100000000000001
4.712857350075534,26.61973787193493,11.1
5.239031646127523,26.33419382668412,11.1
4.691638734601144,26.743198374292565,11.099999999999996
5.476021954057309,26.353648471422524,11.100000000000001
5.5151691110225585,26.444377907726658,11.099999999999996
5.268111054416278,26.419446581430943,11.1
9.417702477021498,24.403434473637326,11.1
9.700462386613998,24.599703654115622,11.1
8.919992544841127,23.607106369999556,11.099999999999998
9.374498098542944,24.383297755469705,11.100000000000001
9.511317860535524,24.658649383538847,11.099999999999998
9.283659648139974,24.41969936316974,11.099999999999998
5.225590794577075,25.311449558675342,11.100000000000001
6.887344686904686,24.113633944760362,11.100000000000001
6.849624813102087,24.186607685818036,11.100000000000001
6.172947224043758,23.450056027068413,11.099999999999998
5.215854671403597,23.97468301611712,11.1
5.222403868081393,24.00176632301838,11.099999999999994
4.584341446356606,24.671655726505332,11.1
4.534904613754905,25.28096085343113,11.1
4.613583158272701,24.269586111028055,11.099999999999998
5.001559907055675,25.343023423514147,11.099999999999998
4.431328422048884,25.580982713420436,11.1
4.3342429993071105,25.204835103771067,11.100000000000001
8.069733885016415,22.541658120271546,11.1
8.188659355164924,21.521379323556356,11.099999999999998
7.209366045292297,22.288389044740576,11.1
6.372060544581416,23.572786069279232,11.100000000000001
7.659706636953045,21.331095812966907,11.1
7.700302469782705,21.038103959864507,11.099999999999998
6.429551689210826,22.27452046839202,11.100000000000001
6.118940843947179,22.936157664507018,11.099999999999998
5.8522127605568155,22.745629523013932,11.1
6.237245861990858,23.35292038831155,11.099999999999998
6.407231967328279,23.38072176479571,11.099999999999998
6.166093332963788,23.138947992475536,11.1
5.12512687698445,23.450803357909123,11.1
5.19678880773462,23.68517138607628,11.099999999999998
4.9683741141329385,23.45363740471382,11.1
5.113412212605086,23.30433375565731,11.099999999999998
5.84359753939659,22.551447853297834,11.1
5.532531848968953,21.548321392169274,11.1
9.121311269300142,19.50448223727725,11.099999999999998
8.148685135683545,19.491374935687602,11.1
9.474314218820526,19.282848886771724,11.1
9.181058851614615,19.085618999093096,11.1
7.669882066373478,19.26533350000999,11.099999999999998
8.599646720298132,19.43182048642204,11.1
7.463883745244354,20.104317049221667,11.100000000000001
6.994583656851716,20.027067943788385,11.100000000000001
6.448960505215025,19.33921144195003,11.100000000000001
7.0154984149267845,20.777607350867644,11.099999999999998
7.157118206669833,20.82776633089649,11.100000000000001
8.957749364834648,19.202440261978843,11.099999999999996
4.910065926347317,22.38136304692801,11.100000000000001
6.577881027466232,20.08622863555479,11.100000000000001
5.165039490649789,21.230363901996373,11.099999999999998
6.522661452815329,20.061902050118004,11.1
6.013732494549285,20.250524154563006,11.099999999999998
5.649503281130205,20.256862716678608,11.099999999999998
9.242565522481888,18.430372689554044,11.099999999999998
8.375690435334427,18.21215026297011,11.1
8.858174502115082,18.5185104183671,11.1
8.173919410086146,18.235438727011363,11.1
7.810704354606677,17.628411381367954,11.100000000000003
7.1502978841148295,18.13912125329375,11.099999999999996
8.4193007240677,18.736271136155437,11.1
7.828520379249598,18.84403232608181,11.099999999999996
7.101315185814532,19.343023514525004,11.099999999999998
6.569396821282038,19.355288721782394,11.100000000000001
8.389729221079559,18.852872909074847,11.1
7.898270893097828,18.92440733392563,11.1
6.4469572634337755,19.048288603575276,11.1
7.811762005517599,18.86426070390101,11.1
5.180766862729534,19.54727546723058,11.1
5.863881624447537,19.327429691385017,11.099999999999998
5.194755347055122,19.201411661776184,11.1
6.150052835202803,19.231332505280804,11.100000000000001
8.888798095957315,17.44648239484482,11.1
8.962808478698518,17.399568398766476,11.1
9.154180997481214,17.618230628088302,11.100000000000003
8.901668342002456,17.458515617420623,11.1
10.134143635357162,17.62839860323366,11.1
9.824154835450122,17.578306500238575,11.1
6.555015229404227,17.646731489711442,11.100000000000001
8.847960597916446,17.288904765350672,11.1
8.418574159884267,17.26561736603619,11.099999999999996
8.35232559871623,17.227955668687198,11.1
7.8802590519049796,17.72293492616699,11.1
8.40339291419695,17.547109777203072,11.1
5.66767319998421,17.814946518127073,11.1
4.698656768607001,18.119676881311225,11.099999999999996
5.519653085716208,17.819542881849852,11.100000000000001
6.0797529005175415,17.905766547964664,11.099999999999998
5.495528444191384,18.330731238971794,11.1
4.9741746474214565,18.49138125281604,11.1
8.021643835957223,17.036019499419357,11.099999999999996
7.743982460881219,17.23232703567246,11.1
7.029361905010361,17.941025398014766,11.100000000000003
7.354876159584387,17.762713624366686,11.100000000000001
7.270695992809233,17.560543675490788,11.100000000000001
7.8588739710519455,17.25918002666207,11.100000000000001
9.033390871417772,17.293868615236686,11.1
8.406688498332834,17.255215817785306,11.100000000000003
9.551836923703064,17.54951826065136,11.100000000000005
8.257422671520338,17.384657847377877,11.100000000000003
6.655204352666055,17.49679423641809,11.1
8.765847098396945,17.647539447656712,11.100000000000001
11.510787033810251,17.898452150759113,11.1
12.342553970113567,19.171647349030536,11.1
12.011831094108686,19.240145792040927,11.100000000000001
12.077601890173728,18.238971868028244,11.1
11.92526044021122,18.225633757626717,11.100000000000001
11.370174330638164,17.663532499895002,11.099999999999998
7.789224715459334,18.46627456244144,11.1
7.396365450323347,18.877863369075737,11.099999999999998
7.419147850511351,18.937377404903373,11.100000000000001
6.954902533429899,18.7561658610386,11.099999999999998
7.539511639223113,18.165817533405793,11.1
7.149918136484473,18.872147258485494,11.099999999999996
7.740656987758601,18.27350269627909,11.100000000000001
9.166980533457426,19.088679907309604,11.100000000000001
10.155582825293203,18.369286143894584,11.1
10.496214257060137,18.09074044543584,11.100000000000001
10.318084976650479,18.091394696179133,11.1
10.56841144804871,18.575685118561292,11.099999999999998
11.119895667008278,19.648655879319705,11.100000000000001
12.438530327224228,20.200950835581846,11.100000000000001
12.431654844042182,20.167053573580485,11.1
12.049270099665824,19.509720326443592,11.1
11.565816109105661,18.53689338068459,11.1
12.3302103470708,19.13213075175909,11.100000000000001
7.603956720174664,20.04652447562949,11.1
5.920980193223679,20.089405328383933,11.099999999999998
7.352246999121619,19.36698641900821,11.1
5.999522214496212,19.014028100677194,11.099999999999998
6.125101338476245,19.03452976046381,11.1
6.447121863999834,19.643820125817165,11.100000000000001
8.081451941782381,19.269063413607874,11.100000000000001
8.770742051327352,19.58741804636475,11.100000000000001
9.448225070993137,19.050960850510386,11.099999999999998
9.389841174755112,19.510369529009953,11.100000000000001
8.572731524455582,20.325342627201238,11.099999999999996
9.987327221794132,19.403880387917532,11.100000000000003
12.064077166222308,19.83123347070823,11.099999999999998
12.113605287402128,18.689119409453454,11.100000000000001
12.093443107791426,19.126413952408175,11.1
12.161819214429576,19.815694172589428,11.100000000000001
11.928154091898037,19.39058967016639,11.1
11.985228716430262,19.549981740405194,11.099999999999998
5.56050404294237,22.328487069452663,11.100000000000001
6.5548013338771005,20.05953599355293,11.100000000000001
7.498308983447187,20.016202703952107,11.100000000000001
5.699966649648948,22.12918638460419,11.099999999999998
6.375823569458331,22.291783529734314,11.099999999999998
6.024349942545567,21.904556031586843,11.100000000000001
7.630516699762616,23.11724345039898,11.1
6.949904594324593,20.709331876724164,11.099999999999998
7.906515349183028,21.445216348514354,11.099999999999998
6.93869375081833,21.19746623316084,11.100000000000001
9.573941866260162,19.96928612266142,11.099999999999998
8.894455286566123,20.498335427357528,11.100000000000001
11.27138545648787,20.758646456857587,11.100000000000001
12.07323214655311,20.968959192754642,11.100000000000001
12.033372734331387,20.51225519542794,11.099999999999998
11.646952809362647,20.377023281043687,11.1
12.301970462252854,21.06759753887455,11.099999999999998
12.418075398335157,19.99061688341223,11.1
6.568722377653912,23.787254848875584,11.100000000000001
6.422096222023687,23.794298883630212,11.100000000000001
6.246979521287886,23.448663179555233,11.100000000000001
6.014685852533996,23.371605141505107,11.100000000000001
5.8367234619333646,23.33019453380474,11.099999999999998
6.191332855315097,23.597141683829598,11.100000000000001
6.132915403574376,23.27143854922251,11.099999999999998
7.024228029661477,23.24019929052406,11.1
7.146786686547345,23.33723885910321,11.1
7.842893526825953,23.888894189529005,11.100000000000001
6.371838026012097,23.751157878548998,11.099999999999998
6.0084575641949955,23.448677343704,11.1
11.017216749838147,23.527964910724247,11.1
12.057535993793817,22.601377946530576,11.927678775074362
12.65698918074016,22.501005673123284,15.113956095339661
12.301129384741412,22.227139511036974,12.090977818217032
11.876177072377903,22.58859438635505,11.31264743393159
12.431165987899425,22.35975019747533,11.876014197999577
6.361483335091516,24.818882663238217,11.1
6.863190185263601,24.97728828494732,11.099999999999998
5.7836697047849155,25.57394747153891,11.1
5.575432853833936,24.40463144994138,11.100000000000001
6.633785728735021,25.80807411502954,11.1
6.969006534592177,25.7847233174875,11.100000000000001
9.446851739056651,25.362328724268764,11.1
8.847470444629955,25.147008034298256,11.099999999999998
6.878728254165634,25.838227696425108,11.1
6.8303361448198,25.10361216514877,11.099999999999998
8.918527453710805,25.763382212359858,11.1
9.086857869435647,25.2024283139,11.1
12.904457879999999,23.429911470337647,12.386949571718521
12.274308737529488,22.260946528051182,13.21811507815123
12.780348819060361,24.412023728584337,12.580237331167675
11.674100162298183,24.023351453965194,11.100000000000001
12.015729695880752,24.5378597445204,11.50203502659822
12.169309155402585,26.092110314668194,11.100000000000001
5.819456800328929,26.95445027522683,11.1
5.543190305548323,27.427943852767154,11.099999999999998
5.379590469344097,26.589875483602512,11.1
5.521137767009479,27.299133334209536,11.1
6.325887771951594,27.49604447837104,11.1
5.9150828839584015,25.92741030811926,11.1
9.094391439765214,27.239449778326566,11.1
9.113883442980454,27.620970045649372,11.100000000000001
8.993437347398375,27.510245646416475,11.1
8.627027484041152,27.31030997720268,11.1
7.601344380472545,26.805724413940286,11.099999999999998
8.753791447013917,27.246380705453138,11.099999999999998
11.931728492637268,27.6892977803876,13.506263334343386
11.518513222702783,26.890722730204985,11.919227745073982
11.276722417627845,27.074169251901374,11.1
11.83854264366438,27.414423224747026,11.647459351333936
10.770220601121277,27.354939912370916,11.099999999999998
11.0409969520244,27.340080385178638,11.099999999999998
5.563797599692736,27.446879873544308,11.100000000000003
5.561491842197617,27.73766801109307,11.100000000000001
6.446566157298236,27.90731416162781,11.1
5.218995679376322,27.71571610925469,11.100000000000001
5.494664790704068,27.33079007148788,11.1
5.227617158401011,27.495556704264782,11.100000000000003
7.958545045316381,27.842080364160058,11.100000000000001
8.962038534966402,27.46680081166438,11.099999999999998
9.743319210851245,27.72603468964036,11.099999999999998
9.671271319407547,27.6144505785889,11.1
8.144286039001768,27.980131710115785,11.100000000000001
8.177961438947225,27.6993053833182,11.100000000000001
12.061732515583511,27.25462599001191,11.700891273693157
12.053847314819574,26.82815535829554,14.049254927442853
12.335926895996622,27.297853551211745,12.465354587711758
12.204282501659074,27.727921284987918,13.363551358991149
12.487307106534647,27.53404790268554,13.20622183593977
12.795054988292243,26.909715263008014,13.339578565687303
7.078267820854807,28.377862634224954,18.500000000000004
7.029109305003758,28.376249040956253,18.500000000000004
6.844120439949289,27.834871245803253,18.499999999999996
6.94432171535696,28.368033034724125,18.5
7.193791279860386,28.514977682713205,18.500000000000004
7.390962624695018,27.767196714667598,18.499999999999996
6.821488408258995,28.75635720695655,18.5
6.687823603885784,28.733698207866293,18.5
6.744408378431174,28.6242608114112,18.500000000000004
6.734741119567872,28.10467739333689,18.5
6.626715716826696,28.6794275342387,18.5
6.42485050188567,28.568292089195555,18.5
6.08170043357775,28.155481164921795,18.5
5.7069692202965525,28.13596137714688,18.499999999999996
6.625935724292945,28.089839440855727,18.499999999999996
6.007788112422472,27.59799656049922,18.5
6.396548013590787,27.865976837964503,18.500000000000007
6.4669530276511935,28.28995166923041,18.5
7.188749427408889,27.299046779919124,18.499999999999996
7.82207626193437,25.50508381316026,18.5
7.3651224747469834,27.795178974267053,18.500000000000007
7.617590796405541,27.47369377845501,18.5
7.3029534035642865,27.724976564771126,18.500000000000004
9.072066993416609,25.484311798325006,18.499999999999996
6.363269440672593,27.54699750030752,18.5
7.050645194306407,27.142070161341486,18.5
7.629429395295275,26.603253809219474,18.5
7.088754672145478,25.93543445875118,18.500000000000004
7.19040152423531,26.888250638053727,18.499999999999996
7.403330477077309,24.467069065264884,18.5
5.590232212530466,27.919531398513453,18.499999999999996
5.307402347937912,27.306590979191434,18.5
5.630810712063096,27.739684412554272,18.5
5.713888615826854,27.053557992368724,18.5
5.949163906717134,27.52354793932513,18.500000000000007
5.385937694927526,26.293696984478004,18.5
8.437505666183254,22.830216215216414,18.499999999999996
8.701047023021127,22.77690073236341,18.499999999999996
8.928205156575167,22.090779905760296,18.5
8.570527805814702,22.657309408999282,18.499999999999996
9.428534987086524,22.153240426032827,18.5
9.396008471792056,22.84062703274756,18.499999999999996
7.063283885103334,25.889102375893184,18.499999999999996
7.357545796080036,25.96469924779528,18.500000000000004
7.353397705958265,25.75330685618258,18.5
7.540931390053249,24.912597801734726,18.499999999999996
7.513638669685707,23.5645690323654,18.500000000000004
7.206691952887751,25.33451120840134,18.5
5.294587159416491,26.305400250923686,18.5
5.623023653093601,26.326550477162435,18.500000000000004
5.712398999968837,24.55596599866053,18.5
5.515047691659808,26.65995164892342,18.5
5.236655272940124,26.79201791582562,18.5
5.231156268755759,26.481722265006077,18.5
8.891208955131987,22.7870417024256,18.499999999999996
9.305644923029826,22.769845105431628,18.500000000000004
9.414526829234257,23.042023739973985,18.5
8.420791733719772,22.740241695084,18.5
9.547887722448694,22.862305766242027,18.5
8.031939355403239,23.45901822969365,18.500000000000004
7.780176962593634,23.67736326716566,18.499999999999996
6.921944311098213,23.70402709306909,18.5
7.16612129735495,23.97546386678753,18.500000000000004
6.776038198540218,24.29747969689563,18.5
7.055294185641415,23.015267088573662,18.500000000000004
6.913179408793368,23.280777716272794,18.500000000000004
6.3684022043283175,23.259521475013948,18.5
5.678814799117176,24.218864565827584,18.499999999999993
5.737608085249237,24.137979180841537,18.5
5.681731280518814,23.82598779740338,18.5
4.757373332518405,25.26297058307852,18.500000000000004
5.893314445618229,23.773009050800503,18.5
9.303814659660867,22.097778568220036,18.5
9.848436551511385,22.60591912770576,18.5
8.977112144445053,22.765146901471,18.5
9.364237542498133,22.394347120023035,18.5
9.765404922140428,22.789713025262053,18.5
9.239377734166332,22.508875973221247,18.5
7.5404459542164055,22.95866134300052,18.5
7.916021897932686,22.778259167071052,18.499999999999996
7.252137648668938,22.37011397062204,18.499999999999996
7.2556865978306995,22.988085372033673,18.500000000000004
6.567706125290623,22.91419564174414,18.5
7.240364361948828,22.677580547283302,18.499999999999993
6.424526142133918,21.867953244259397,18.5
7.036238218811871,22.943714246243722,18.499999999999996
6.3156653372737885,22.740468667954733,18.5
6.188080604035317,22.99006014940721,18.5
6.693680417867647,23.00434862949772,18.500000000000004
6.804762939256607,22.68606691017341,18.499999999999996
8.497899753585234,18.716644302834787,18.5
9.860526713655705,19.2797157220507,18.499999999999996
9.1071706491102,19.078662710420595,18.5
7.659476218656345,18.81078925702049,18.5
8.103121683472185,18.69453002136417,18.5
7.513676304874437,18.80978941748796,18.5
7.271163810307317,22.37099575963346,18.499999999999996
8.620054879681128,22.1295722041078,18.5
8.098110766272217,21.571947918019248,18.500000000000004
8.623139344265093,22.68158961876327,18.500000000000004
8.416897855112177,22.237638969454455,18.5
8.188918134311795,22.174832139723478,18.5
6.428282449219564,18.958625638173793,18.5
5.857453261472801,20.606237282550147,18.5
6.024994639911706,20.71499363693672,18.5
5.772362869579566,19.577555251163496,18.5
6.354605974549889,20.831738109472045,18.499999999999996
6.383642238845564,21.147394359648718,18.499999999999996
9.928211530314522,20.623842199118524,18.5
9.39706370896898,19.596452187737416,18.500000000000007
6.548131877470004,19.8474375733398,18.499999999999996
6.747523262291786,18.522293535151473,18.5
8.739378711415698,18.815423181886107,18.5
9.262794529493954,19.9383433302342,18.5
7.302034633706378,19.757755939390904,18.499999999999996
6.98183901453765,21.571125877297085,18.5
6.877370212697498,22.12856303933347,18.499999999999996
7.937087475910177,21.285280795012333,18.5
7.582205417534796,20.592108756044734,18.5
7.275286743265875,21.803108522240525,18.499999999999996
5.95024736565652,18.14562375636298,18.5
6.697301829928994,18.313874858651392,18.499999999999996
5.948747425484319,18.53528906984993,18.5
5.925467398681052,18.021974093725294,18.5
7.144369756445344,19.262541586733395,18.500000000000004
6.429603643698105,17.70344786672196,18.499999999999996
7.636286616369748,18.35660355982627,18.499999999999996
7.8598405100136235,17.735048967607852,18.499999999999996
7.393140622181237,17.962714453521038,18.500000000000004
7.415757969989783,17.86193623567236,18.499999999999996
7.313005252451594,17.88733789477697,18.5
7.448565063794005,18.018676707804826,18.5
6.574902333958841,17.05966361741449,18.499999999999996
6.988335410789015,19.333009620343045,18.5
6.750833249521728,19.344281872785544,18.5
7.51805589579209,19.04434638835144,18.499999999999996
6.596507846405634,17.23640657524284,18.500000000000004
6.994439614539429,18.586057799677334,18.5
6.220719209539397,17.61247323901617,18.499999999999996
6.13545046454369,17.434539551672447,18.5
7.106053729164845,18.131047984698142,18.5
6.403162003203629,17.45104209188466,18.500000000000004
6.352284270563179,17.459901151797123,18.500000000000004
6.435792110126221,17.80098477155235,18.5
6.522225748050725,18.39361457367238,18.499999999999996
6.975655542787853,17.077460597821236,18.5
6.2816511566882065,17.250314523237968,18.499999999999996
6.579762609081467,16.992835546579247,18.5
7.113373328729695,17.800158525754487,18.5
7.11861108443485,17.490841459457872,18.499999999999996
7.854655652854029,17.70152764322806,18.499999999999996
7.095029513811195,17.324430080634446,18.5
7.4429042921738375,17.33310046593359,18.499999999999993
6.806815645956822,17.296829585865826,18.500000000000004
7.450802640156852,17.531705502460603,18.5
8.510184411433976,18.026280482338702,18.5
12.42922896646576,19.784923648466453,18.5
11.780317344816208,19.298633886449807,18.499999999999996
12.439556961530926,19.96468433696009,18.500000000000004
12.197358954664487,19.632411847574417,18.499999999999996
12.22263427378927,19.550431108915053,18.5
12.321456170586542,19.816386529177887,18.500000000000004
9.745890554069517,19.656824358415673,18.5
8.928955605994132,20.136542373686456,18.5
7.883275996096709,18.488263621706327,18.499999999999996
7.396383962551439,17.557054713935187,18.5
9.547870141895014,21.18369771597155,18.5
8.418316538815297,21.108185922645028,18.499999999999996
9.688709686375347,18.358749050048647,18.500000000000004
8.01812604921005,18.049703220709056,18.500000000000004
8.178841319497517,17.943673102192438,18.500000000000004
9.607332398522775,18.80770044126426,18.500000000000007
8.631330996778278,18.470424714791687,18.5
7.578607126013357,17.956357932736584,18.500000000000004
12.32249622927521,19.82731055342198,18.499999999999996
12.0720472688859,19.827293999716737,18.500000000000004
12.05751992578821,19.591334480527053,18.499999999999996
12.061340540394609,20.293013184383163,18.5
12.656007204016827,20.59692433978652,18.28556989782752
10.681082062887786,19.48716333810709,18.499999999999996
8.0071717593198,19.78904713610813,18.499999999999996
6.860416451329752,18.56949362518885,18.500000000000007
8.107356720284393,20.396930241481595,18.500000000000004
6.570594317994093,20.095804879372487,18.499999999999996
7.752587434105776,19.210218768086616,18.5
7.782095948172037,19.67299670131649,18.5
9.189670066705537,19.683521934678005,18.5
9.604973157628514,20.70571209289994,18.499999999999993
9.009411645222714,19.495677315501702,18.499999999999996
9.002771590401528,20.745434922016788,18.5
8.9191083275554,19.21985760701431,18.5
9.833005843419368,20.794486252673597,18.500000000000004
11.921850275435332,19.80141128515194,18.499999999999996
12.422084604759263,19.98173702384906,18.500000000000004
12.312457855093998,20.332714509438986,18.5
12.44637519735513,19.893207050419065,18.5
11.900389430377304,19.64891496318623,18.500000000000004
12.79004496436085,20.738202024684405,18.5
8.40473224784234,22.0068899747803,18.500000000000007
8.532364423494704,22.8062625246341,18.5
8.230817778299599,22.745248448829575,18.5
7.761935350316123,23.029586680887807,18.500000000000004
8.469223084133926,22.17609529905519,18.5
8.18912580887889,22.78302411298906,18.5
9.22412806876967,22.67781887739068,18.5
9.704325039275691,22.38540707377928,18.5
9.529848693013218,22.316841191937304,18.5
8.93769218796585,22.326378653241974,18.499999999999996
9.32723090699819,22.50664602998725,18.5
9.68893948140299,22.444909276977647,18.500000000000004
12.795280081301481,21.144364152840947,18.5
12.904457880000002,20.92839762009922,18.500000000000004
11.931150036220341,20.133322561525375,18.500000000000004
12.904457880000002,20.998828632908708,18.5
12.904457880000002,20.718826514836017,18.5
12.675702372469866,20.320625878977904,18.500000000000004
9.344571839402507,22.63296612535575,18.5
9.069685236864684,22.96271311763009,18.499999999999993
9.260626805711409,23.02142758823787,18.5
9.362631892351438,23.16541178875524,18.5
9.265085542272475,23.037903391178485,18.500000000000004
9.064524104920482,22.945396322011028,18.5
9.296145117875042,22.518939319942188,18.499999999999996
9.840199846863214,21.24390123317976,18.5
9.052822142963752,21.54508775400492,18.499999999999996
10.03968922110766,22.5707404259085,18.5
9.640824733675567,21.974186314465975,18.499999999999996
9.689610158730762,22.862719744964245,18.500000000000004
12.573941073997199,21.244840663563554,18.5
11.896117808793369,20.888668357607354,18.499999999999996
12.631705299110784,22.174655841541444,17.224830198999264
12.517966543567367,22.65976831261521,18.5
11.11681618540591,22.823508172619793,18.5
11.581213829977703,21.29887005400672,18.5
8.014429317462563,24.34400744376464,18.5
7.252168307538311,25.549962717789004,18.500000000000004
7.480379275983674,25.555038238176294,18.5
9.29380010591837,24.093631677762758,18.500000000000004
7.104261870411794,25.357836267401822,18.499999999999996
7.635767410324352,25.751640456298265,18.499999999999996
9.234825754724087,23.828233553760032,18.5
9.301507062082212,23.61434044372067,18.5
9.389993736178376,23.149451174868688,18.5
9.279574937031741,23.38802293730968,18.500000000000004
9.054143032619274,23.506295826134664,18.500000000000004
9.204264132175169,23.271145633491606,18.499999999999996
11.169978852342934,24.785664506033168,18.5
10.593187457326405,23.358517588289594,18.272883981143167
10.3955374069186,21.008448703689055,18.5
10.551300084188842,23.407652936571086,18.5
11.516613953333092,22.64760772061557,18.499999999999996
10.0268294818877,23.795990366982206,18.5
6.468595032877965,28.11519717430012,18.499999999999996
7.0273034508207095,28.063301055172108,18.500000000000004
7.180311304029198,27.827780541035626,18.5
7.125238131771172,27.154794266007833,18.5
6.864519626946273,27.607754283829223,18.5
7.200257762543629,27.825997607219858,18.5
5.880485031370224,26.965516374001464,18.499999999999996
8.783994143678331,25.883898279539416,18.5
7.70436951441955,27.446199684825668,18.499999999999996
7.96937252388371,26.225051237622885,18.5
5.992042333626345,27.09270500445844,18.5
6.4694754796260385,26.569175395828353,18.500000000000004
10.244839747354586,27.28541919277429,18.500000000000007
11.48935695041655,27.720485464861447,18.5
11.676732676735806,27.7674449760177,18.499999999999996
11.223314319342677,27.601765014157365,18.499999999999996
11.185347617091221,27.53716831435412,18.5
12.66686885667972,26.757022188702223,18.29706292669418
6.265184291498147,28.542418558135005,18.500000000000007
6.726240968237769,28.76245635149334,18.499999999999996
6.410083616978144,28.672006895505625,18.500000000000004
6.546995998350221,28.52993667047261,18.5
6.181993691045756,28.596241849012944,18.500000000000004
6.332069281876987,28.605890442291486,18.5
7.644628255013667,28.28019114520983,18.5
6.782007511011526,28.241222371799736,18.499999999999996
8.397413609113352,27.782395355402556,18.5
7.871536448339905,28.31897299349461,18.500000000000004
8.247052823198612,28.213342132984728,18.500000000000004
7.471526742738445,28.47842753257383,18.500000000000004
9.896387483297943,27.773207232422294,18.500000000000004
11.157505139691589,27.921763159422962,18.499999999999993
12.09105134219069,27.326726873903386,18.31669425547043
11.916394515746797,27.757690234131807,17.911628224227712
12.784604787126641,26.196374397398568,17.25975406945952
10.497714875646375,27.821704104956083,18.5
8.750839825342888,27.65634574534591,11.1
9.035575256124263,28.100822451702278,11.099999999999998
8.771680109130282,28.019138796132488,11.099999999999998
9.45451597730098,28.062751738065682,11.099999999999998
8.700156168306089,28.274425330245275,11.099999999999998
8.964927482475074,28.236576827508603,11.1
6.203512954066713,27.924946973503413,11.100000000000003
5.872754311740598,27.71086948061423,11.099999999999998
5.840632511373172,28.0545825192806,11.099999999999998
5.865394015292545,27.92398564449433,11.1
5.765815303419707,27.839257077568213,11.099999999999998
6.472434170619749,27.976380476600355,11.1
4.941150549703543,27.06845576516435,11.1
4.928665565751669,26.799633648956387,11.100000000000001
5.03822144497342,26.854083354998394,11.099999999999998
5.041152640595014,26.9837765307476,11.1
5.047774517124689,26.927320179786765,11.099999999999996
5.2042551583787215,27.192172835795592,11.1
10.52631220435498,26.931823990719128,11.1
10.470764535046364,27.534032478941857,11.28851229379989
10.734825227648347,26.13771347824636,11.100000000000003
10.972582615764134,26.048928295625043,11.100000000000001
11.155471466136078,27.159092010925402,11.099999999999996
8.89122724070933,26.4193214702276,11.100000000000001
6.1108816864084545,26.67421521819154,11.099999999999998
7.125378630891728,26.310305624157966,11.1
7.132892075113417,26.56260299885979,11.1
6.2783648775201515,26.28031858704925,11.1
6.637621556861448,26.376487094249573,11.099999999999996
6.6258710890474575,26.200893221328595,11.100000000000003
5.345909668921368,27.36077399803837,11.1
5.639868385806112,27.053667047301712,11.1
5.678923057130052,27.0976769748492,11.100000000000005
5.398774772006955,26.67121085745794,11.099999999999998
5.673518514687577,27.08569110293383,11.1
5.668611077789073,27.118247269187954,11.100000000000001
8.557462460953504,25.605097193443616,11.099999999999996
9.369174117511742,25.89752182326693,11.100000000000001
9.57260252668951,25.930253121323666,11.100000000000001
8.959907195705444,25.55065127702332,11.1
10.012613368912046,26.4483153689216,11.1
9.713989863554989,26.752306096687406,11.099999999999998
5.667294260833622,26.448801205461507,11.099999999999998
5.970322021101359,26.683612855681595,11.099999999999996
5.8074118042156595,25.495210146035937,11.1
6.119149896171816,26.000778850887528,11.1
4.998011700635364,24.219869855542324,11.099999999999998
5.758949825680829,25.125466686408046,11.100000000000001
5.401045093646432,26.357613190062914,11.1
5.981361953839147,26.160111660729054,11.100000000000003
6.096696935355159,25.97407900958786,11.100000000000001
5.889250448481418,26.376227423656935,11.1
5.986759424398144,26.439800138727744,11.099999999999998
6.0423098021564545,26.17462589762669,11.1
10.355988380314976,24.414864463045262,11.100000000000001
10.0992473778746,24.22975962834136,11.100000000000001
10.058075055005286,24.667791807250676,11.1
9.613325690399298,24.86400154109699,11.1
9.953873428473864,24.530640923082125,11.1
9.35907409757235,24.28803390644527,11.1
5.557948890567555,24.549160207010747,11.1
5.581554486291534,24.484141581012118,11.1
5.582895412266067,24.207873593532437,11.099999999999998
5.658186731913881,23.475817542208986,11.099999999999998
5.490421859398451,23.75536605008415,11.100000000000001
6.129949858033165,24.350407663876865,11.100000000000001
4.8789431255938185,24.60607691385165,11.100000000000001
5.001226478503155,24.73832152003596,11.1
5.900534846309723,24.48299555193289,11.099999999999998
5.21763826268182,24.03652916857249,11.1
4.818807358074823,25.101962922384182,11.100000000000001
4.80182184783771,25.44835792847106,11.099999999999994
10.299402923503552,22.805544767637947,11.1
10.024806713953378,21.023410456866486,11.100000000000001
7.682781007258145,21.714074123119776,11.1
9.918595060777976,19.61416754039735,11.099999999999998
8.338127476036496,20.923133337902566,11.099999999999998
8.930711852883393,22.108524754518143,11.1
6.554850259460662,21.45259207731982,11.100000000000003
6.96697728734361,22.41244184558129,11.099999999999998
6.724503864611031,22.670360477505447,11.1
6.736479909270549,22.676964882598668,11.1
6.932057279288566,22.235731263241956,11.100000000000001
6.627507119676345,22.57223408272737,11.099999999999998
5.315130635387315,22.751951575968288,11.100000000000001
6.560028930381882,21.033572439790632,11.099999999999998
6.606151081736869,21.76157023760368,11.100000000000001
6.736978582250237,21.870536915900036,11.099999999999996
6.712317933661582,21.561296127359842,11.1
6.569284722289938,21.461314869438063,11.099999999999998
10.217445036868046,19.137589416210993,11.100000000000001
8.285108056737045,19.997585270275398,11.1
10.62601540276722,20.42539204640247,11.100000000000001
10.1242369080678,21.21607420099995,11.099999999999998
11.04345631278369,19.963609435524777,11.100000000000003
9.026996035383501,21.032202046748576,11.100000000000001
9.356873711812538,18.682997308843532,11.099999999999996
6.519709864296981,19.794994511673448,11.099999999999998
7.167707603204916,20.179826900813463,11.099999999999998
7.038360967562242,20.27017902635257,11.099999999999998
6.39248172021741,20.009410332065478,11.1
7.040828951453623,20.246546458854898,11.099999999999998
6.72719251311625,21.223663930067556,11.100000000000001
7.209658990399495,19.745012411198985,11.099999999999996
6.278239641769473,20.315758788261128,11.100000000000003
6.37845091138796,20.28721809034013,11.100000000000001
5.748155152667192,20.324556658009715,11.1
6.652092030576655,20.31884775867892,11.100000000000001
10.578316216889963,18.72363679149004,11.1
10.443412321967362,18.60577082442009,11.099999999999998
9.994996749384507,18.942783536347974,11.099999999999998
10.631539111224992,18.95340846594632,11.100000000000001
10.750109608536416,18.38025513087808,11.1
10.268127915426348,19.175443110215394,11.099999999999998
8.599999355275603,18.89832654138329,11.1
7.80385868300031,18.975128524043136,11.1
6.671453269363925,19.376041594288168,11.099999999999998
7.700588848060154,19.12065832114443,11.1
7.934216982004512,19.08186578605483,11.099999999999998
6.870778799579495,19.448170572919306,11.099999999999998
5.608548138585386,19.264433645572044,11.099999999999998
6.081600382068789,19.085991805841438,11.099999999999998
6.973467834435635,19.12610646164992,11.1
7.091817787075463,18.7798436748966,11.1
7.5603463729912646,19.114851098333357,11.1
8.827092449753305,19.111151982388893,11.1
9.87842279153097,17.655874863230856,11.100000000000001
10.25326323673937,17.52773555373109,11.1
10.450143322311588,17.75543802195229,11.099999999999998
10.343376415804633,17.59021492152941,11.099999999999998
10.17487462963274,17.454777009799045,11.100000000000001
10.017799879703604,17.604091398585126,11.100000000000001
8.581672658792977,17.261257659278183,11.1
8.609791278369576,17.116202615019336,11.1
8.643140588650402,17.219064597175365,11.1
8.5992098735136,17.130666089417815,11.1
8.599159384665851,17.132821453251704,11.100000000000001
8.646445378367991,17.13240776096815,11.100000000000001
7.111798087758552,17.438066615806992,11.1
9.122261260797186,17.59667534716161,11.100000000000003
8.845435582839656,17.587959074660873,11.099999999999998
6.6937061951389065,17.77465192439943,11.1
8.737834262896383,17.84001622541811,11.100000000000001
9.303197079043882,17.576685102172686,11.100000000000001
8.113899087866097,17.041228719268265,11.100000000000003
8.121772652608165,17.27801174924856,11.1
7.928283965683981,17.01860794450186,11.100000000000001
8.16008927104644,17.32804910044706,11.100000000000003
7.945284029178991,17.15584863447106,11.099999999999998
7.841919371656289,17.206280712648375,11.099999999999998
10.521968275631863,17.39763243042716,11.100000000000001
10.5187763134793,17.668708052223444,11.100000000000003
10.270509837908747,17.59156776733685,11.1
10.37541009303418,17.517197016046936,11.099999999999996
9.801332624903566,17.186688135600193,11.100000000000001
9.591601669275107,17.22713879997084,11.099999999999998
12.119340742859253,18.908880391576808,11.1
11.438418365401711,17.71810709928804,11.1
11.554098248144363,18.372340024320287,11.099999999999998
11.440738379949506,17.952971214088368,11.1
12.047864699462243,18.650980595931046,11.1
11.411791851730285,17.682843276508653,11.099999999999998
8.296595334303161,18.825956686580998,11.1
6.576030323211531,18.025092133005952,11.099999999999998
7.388831144490081,18.435401965067058,11.100000000000001
7.937754964081689,18.629281920066678,11.1
8.272863645420431,18.339856076252413,11.1
7.834278066272173,18.633592336721357,11.099999999999998
9.73513880765319,17.684812609511642,11.099999999999998
10.589887229243026,17.71513894358195,11.1
10.255077299270948,18.408158794746438,11.1
9.986744802076121,18.25431218217904,11.100000000000001
10.447997365178914,17.63847254795698,11.099999999999996
10.182681657128818,18.159958590755203,11.099999999999996
12.48925050115592,19.55184744702245,11.100000000000001
12.220727582335524,19.583867253628117,11.100000000000001
12.227166517011215,18.274093610996353,11.1
12.115940381445357,18.802287847983568,11.099999999999998
12.59606327271674,19.696183599774898,11.100000000000001
11.947760111127362,19.202906041500327,11.1
5.560942929328534,22.05772947021818,11.1
8.26970719224325,18.9694317518492,11.100000000000001
7.448372598005433,19.54226043072754,11.099999999999998
7.967155693098001,19.16194853753419,11.1
8.141667824011954,19.000473676842734,11.099999999999998
7.56628839840218,19.386264198813958,11.100000000000001
10.195512008484584,18.74308449925492,11.1
10.306260875314504,18.86924826802344,11.100000000000001
9.380032313811741,19.38488939634386,11.100000000000001
8.759580117304614,19.13665178783891,11.100000000000003
10.641332867536505,18.775912189783682,11.1
9.929362755422872,19.089625254434917,11.1
11.535236526583356,18.290879044019974,11.099999999999998
11.508252586100594,18.401283875767675,11.1
11.828935780197554,19.017491005388333,11.100000000000001
11.607261978584791,18.142710191611556,11.1
12.327239752830026,19.730644645352925,11.099999999999996
12.097998478861433,19.80641235493069,11.100000000000001
6.922586454905138,20.77223154319771,11.099999999999996
5.913115551819467,21.481763303485142,11.100000000000003
6.321826134067945,21.982304924101776,11.100000000000001
6.172726474991178,22.29791712702901,11.099999999999998
7.195624219943814,22.039026771049326,11.1
6.048795616985988,21.4135053606747,11.099999999999998
9.643213376947369,22.026814839267246,11.100000000000001
10.716192597767932,21.085093191434407,11.099999999999998
8.12660028592518,20.471949618973728,11.1
8.849147251170317,21.10976321810088,11.1
9.709135196933715,20.06227506412325,11.1
9.039330618139694,20.779358760386796,11.1
11.562421648568689,20.789917681125637,11.1
12.904457879999997,22.975596298037928,11.942188995530714
12.904457879999999,22.655888830902093,13.093245238924942
12.90445788,21.824419721449686,13.377841114633062
12.904457879999997,22.68128001048098,12.827467438033793
12.90445788,22.960230046302783,13.433405786893063
4.879207479341952,23.828400090028467,11.099999999999998
5.412169410039799,23.91496968154375,11.1
5.750127447805055,23.835494939690562,11.099999999999998
6.151958991127338,23.769790551390873,11.1
8.384131688434355,25.0638336187807,11.1
6.182734485979878,23.797152831137804,11.099999999999998
8.39492265121761,23.95655079431017,11.099999999999998
9.126232712199185,24.181402929507566,11.099999999999996
8.479217282102843,23.91368989079345,11.099999999999998
8.870883612114207,23.689644197372544,11.100000000000001
7.485103974149632,23.949797680530665,11.100000000000001
9.04194409976183,24.8573635450055,11.1
12.904457879999999,24.1146263491006,12.576686065094835
12.773587022848945,22.446071846049104,13.493314806681516
12.425803196086221,24.647915991345045,11.1
12.666701024815456,22.73265790042393,12.799895075600794
12.6629045981443,24.235010349011397,11.704376564010158
12.647663523983597,22.35171741133662,12.79261649360741
4.975949877204966,25.359069263344253,11.1
6.368237606412432,23.594262560271886,11.100000000000001
5.947038301667375,24.77571509350576,11.1
6.785503581535228,25.120427325038563,11.100000000000003
6.282168468870224,23.72025224388521,11.099999999999998
5.608425976183307,24.279498437275887,11.099999999999996
10.385338556376672,24.956094774639027,11.1
10.28053353195255,24.77432827606881,11.1
10.359234954007487,24.943888490418225,11.1
9.456459970006907,25.35734999534138,11.1
10.151630158790683,24.81930172309651,11.099999999999998
10.189033946302969,25.142144066303036,11.099999999999998
12.401678563707117,23.222116974500285,11.099999999999996
12.661220251690587,26.247611081134707,11.909248427052873
12.904457880000002,24.630017547322076,12.426982505693436
12.269163084640518,22.27853513632819,11.73403387500156
12.543327954567644,25.838277367820286,11.929992779518283
12.372125988523337,22.638780100310317,11.100000000000001
6.597954364341036,27.913878819695434,11.099999999999996
6.753050679849963,27.68549262548852,11.100000000000001
7.051731143238174,27.992508342844555,11.1
7.37238799146094,28.08138204286382,11.099999999999996
7.298674126563527,28.063357727939454,11.1
6.784579674484218,28.065774046874857,11.099999999999998
7.163384902328795,27.88166008053103,11.100000000000001
8.72599049206142,27.566022839450874,11.100000000000001
9.270603815455482,27.485249080910908,11.099999999999998
9.289441997862163,27.45315018360962,11.1
9.321684093748711,27.226944760581123,11.1
9.022834425886215,27.36921454238013,11.100000000000001
12.450166446329789,27.581613691772528,13.228682365386431
10.834218781336283,27.630054021627224,11.30939641186528
11.578449040069906,27.392310503924318,11.719450973266234
11.224542799495943,27.656792738103025,11.653973876959187
11.80660519091769,27.67913261919791,12.320122399961505
11.153175643840319,27.228223105778625,11.316403702135714
5.387441907212323,27.71337599654645,11.100000000000003
6.461355044055834,27.473089315559374,11.099999999999998
7.442018751837611,27.86005066526337,11.1
6.448592940928151,27.735885428960124,11.1
7.299146542607488,28.13664335684341,11.100000000000001
5.945761119301761,27.56725205807786,11.1
5.634843943502789,27.307915255755695,11.099999999999998
10.464871543003191,27.483334468542083,11.100000000000003
9.113414969309513,28.12646084061644,11.1
10.781929416059688,27.718129874770945,11.1
11.11913232317044,27.37848600618146,11.1
9.647712770466391,27.446200195864556,11.099999999999998
10.87100191471782,27.16921066253327,11.1
12.90445788,27.34075257454666,14.558500902428575
12.456895152073367,27.350443132690494,12.91950006156221
12.904457879999997,27.608242119468454,14.627268085193055
12.90445788,27.440779499868835,14.008004086181264
12.90445788,27.616821385944878,14.032868673266268
7.372099512453798,27.961804584560607,18.500000000000004
6.682232615831873,28.103991451117135,18.499999999999996
7.06733724213051,27.76381420694533,18.499999999999996
7.90264398646877,28.05310823723502,18.500000000000004
7.5269203753816365,27.787095172252613,18.500000000000007
7.458992695053356,27.7894501261037,18.499999999999996
6.7772360342208735,28.348408789778972,18.5
6.477344428888508,28.33754613910598,18.499999999999996
6.976373649242857,28.71720787215053,18.5
6.509236461634428,28.567243063135972,18.499999999999996
6.389393022620378,28.474315702917004,18.5
6.662318286453803,28.700817951298024,18.5
6.536813998435642,28.00326611060918,18.499999999999996
6.318518779473145,28.375547574527296,18.499999999999996
6.306672960771881,28.329074575252008,18.5
6.120801893555483,28.31464925831852,18.500000000000004
6.425206060253329,28.5600091684171,18.500000000000004
6.363549645028299,28.58565491618329,18.5
9.344957169064626,27.663341102908163,18.500000000000004
8.045150367653823,27.698716736370223,18.500000000000004
9.188676970919012,26.994022010831834,18.5
9.86371180704002,26.935971726205814,18.500000000000004
9.45206120487962,25.080790244794745,18.297556163164963
9.540159803934802,24.21677604698673,18.499999999999996
6.217120091758169,27.20726927601095,18.500000000000004
6.187250886790443,27.444231796525454,18.5
6.2062706291808505,27.468790390206987,18.500000000000004
6.521668238400984,27.826599353961665,18.500000000000004
5.917109788539125,27.308800997576405,18.5
6.5131233448767505,27.319442150734197,18.499999999999996
6.433000716219086,28.227008099363363,18.5
5.873754678788628,28.21365029958575,18.5
5.826480322514826,28.30667435458601,18.499999999999996
5.745041530631152,28.279941179050212,18.5
5.8835356875881875,27.916408328644078,18.5
6.125371143330581,28.185033151030005,18.5
9.73714383555162,23.07223076508898,18.499999999999996
9.486286042590125,23.253038617522332,18.500000000000004
9.416630466745262,23.092051125226458,18.5
9.15301305459177,23.445695265236672,18.5
9.4219776674505,23.52913389499554,18.500000000000004
9.099966091842626,23.38146760918022,18.5
7.578924930399158,25.44891197119314,18.500000000000004
6.701954569728572,26.568520862921584,18.500000000000004
6.8316029364395146,26.667604066907497,18.5
7.228145283877625,25.745441530063495,18.5
6.005388435200225,27.00871930780373,18.500000000000007
7.205154384019921,26.392304521802295,18.500000000000007
7.335134145302552,26.614353453603126,18.499999999999996
5.6168015795549895,26.870282890572287,18.499999999999996
5.478168211154445,26.803577843532356,18.5
6.542988311463477,26.56730923821762,18.499999999999996
5.946549833733478,26.271252676935497,18.500000000000004
6.161639338099402,26.614022353667554,18.5
9.896871994872946,22.592771369183644,18.5
10.09608014421393,23.006454065037158,18.499999999999996
9.812668899799425,22.89013421438393,18.500000000000004
10.114804137644224,22.60567007353537,18.500000000000004
10.187531824447671,23.019671106063917,18.5
10.191446060165452,22.871032619303353,18.5
7.633593383614128,23.462178593604058,18.5
8.23795313435513,23.349506008881306,18.499999999999996
8.117149575024236,23.59527370940964,18.5
7.558546295983906,24.509306399218087,18.5
6.64265539207042,24.63505730119201,18.5
7.77904891759368,23.597558737846473,18.5
6.351572067338952,23.37385027130249,18.5
6.215108450664211,23.219492679616074,18.5
7.0582704856951874,22.872664709809605,18.500000000000004
6.91085758688806,22.884587981306947,18.499999999999996
6.985403696317514,23.218177006379005,18.5
6.907454382995672,22.629868984336618,18.500000000000004
10.008184528095937,22.110923979988545,18.499999999999996
8.911279247502787,21.249550151188988,18.500000000000004
7.82155422439071,20.630167618107162,18.5
9.97953422365271,22.16308554269209,18.499999999999996
9.753030819626245,21.708961597567008,18.5
10.314475520346813,21.856626871894274,18.500000000000004
7.142431612481887,22.57442774849737,18.499999999999996
8.658735202807508,22.47055052976933,18.5
7.874351150103583,22.367910045966717,18.499999999999996
8.474722159041695,22.130993176444665,18.5
9.153953254705439,22.766431311545556,18.500000000000004
8.281025206663022,22.65131259477583,18.499999999999996
6.256298833423907,22.463253499477215,18.5
6.0363745623326945,22.573153928912912,18.499999999999996
6.189660268451323,22.198962168375797,18.500000000000004
6.105025687085218,23.02871271837486,18.5
6.55075681396419,22.771374727910434,18.499999999999996
6.3989121540159015,23.08031937447409,18.500000000000004
8.707375232587355,20.219942585599536,18.500000000000004
8.529651314970536,18.505426611354125,18.5
9.743698290515916,18.85958824655168,18.500000000000004
8.667725431774935,19.31651046301705,18.5
8.91351918035614,19.23533370250758,18.499999999999996
8.648880163148695,19.218870535842964,18.5
8.770528855561475,20.07190827883142,18.5
7.233008699657972,21.06679211908565,18.5
7.117312893673822,21.248586031553458,18.500000000000004
7.873087163555119,21.060249829439858,18.5
7.635504709756254,20.163608419226325,18.499999999999993
8.439659844124124,20.956684337439146,18.499999999999996
6.17067823408334,21.81297263487291,18.5
6.987129787159077,19.249424342226554,18.499999999999996
6.961281104934304,19.671115538476858,18.5
6.43651065150258,20.641962190351055,18.499999999999996
6.060214406313163,19.673933219974327,18.500000000000004
5.9855524495582095,20.26156515492335,18.500000000000004
7.939567765962696,18.263400650500667,18.5
8.731589502634478,18.969692937271294,18.499999999999996
9.369271940531101,18.965768733454674,18.499999999999993
9.140871328163579,19.359504249503935,18.499999999999996
9.005217675375073,19.14434469443469,18.500000000000004
8.829334050166473,18.917412758430018,18.499999999999996
9.072774275873252,19.029502868562258,18.499999999999996
6.345344722485362,19.548133164531766,18.499999999999996
6.620200069972485,18.362811920791152,18.500000000000004
6.869502813412853,18.896871175023858,18.5
5.970797343694128,17.99998144830212,18.499999999999996
6.692599613804088,18.053330796534684,18.499999999999996
7.072591519137701,20.101932202703544,18.499999999999996
6.733114908533919,19.979113583188543,18.5
7.324372243711972,19.511958544986772,18.500000000000004
6.958564260868641,19.968569739894402,18.5
6.452615217644326,19.74811847325148,18.500000000000004
6.590007306234988,21.34122990698733,18.5
7.942516520975709,18.20758680413728,18.5
8.461099220473027,18.278196443422313,18.500000000000004
7.210063887473877,17.95332772744959,18.5
7.303954401288993,17.849169948459238,18.5
7.572566520870236,18.91907921258879,18.499999999999996
7.2621392751883365,17.749875139321933,18.499999999999993
6.666860690631885,17.02042698297529,18.499999999999996
7.341211524515422,17.424937124786695,18.500000000000004
7.485593041659267,17.165767739408913,18.499999999999996
6.988741819363671,17.919931896691395,18.5
6.822520540718956,17.295942647065434,18.499999999999996
7.663992604825578,17.160722154808134,18.500000000000004
6.45913267925595,17.410691007838636,18.499999999999996
6.686883135374283,17.130898028310163,18.499999999999996
6.899795028106162,17.473482439446027,18.5
6.612574157820904,17.275506172741544,18.5
6.420017817015308,17.271692048475114,18.500000000000004
6.5173835226455274,17.220042136387782,18.5
7.868882625972727,18.5307074875485,18.500000000000004
7.563371473532744,18.764398866279283,18.500000000000004
7.22806286457579,18.57715141547961,18.5
7.98434343222406,19.6044197791595,18.499999999999996
7.116765775096477,18.097280995436623,18.5
7.6841119379612906,18.721478580112144,18.5
7.4679058906585505,18.234288322993482,18.5
6.770075703996061,17.375523651933012,18.5
6.821803145493929,17.381133374634096,18.5
8.377229060604702,18.081779392345315,18.499999999999996
7.3373017644011895,17.754344809146936,18.5
7.544011961874558,17.798810575710846,18.500000000000004
11.699850326806324,19.31149274971249,18.499999999999993
12.063607556118196,18.766917334770465,18.500000000000004
11.963101435346799,19.10482444262502,18.500000000000004
12.209566564957202,19.798265431473187,18.500000000000004
11.77194477861582,19.322648400259922,18.500000000000004
10.740928701926018,19.473695643437313,18.5
8.700957094021092,21.18385165492574,18.5
6.66698755193162,19.188812126743713,18.499999999999993
7.76643253304957,19.684126637625088,18.499999999999996
8.721970413510789,19.578325306292996,18.499999999999996
7.713398270573124,18.421734204538758,18.5
7.275475438029461,18.060888008862108,18.5
7.084375086936381,17.53548942341822,18.5
8.355059175979482,18.311350834121622,18.499999999999993
8.262655735671425,19.954593895301635,18.500000000000004
7.721151523049381,18.866571669877036,18.5
8.562447004249577,20.20266631248835,18.499999999999996
7.999030561523954,18.2562484105593,18.499999999999996
11.786698230498516,19.318118675555773,18.499999999999996
12.679490861106622,19.693059556024508,18.5
11.971332295455742,19.64671025921553,18.500000000000004
11.80700887530729,19.13780518062449,18.499999999999996
12.342060329345433,19.66136556967991,18.500000000000004
11.724874132403343,19.36528596181556,18.500000000000004
8.579899584003375,21.119003932423595,18.499999999999996
7.907740902560431,20.580015829275123,18.499999999999996
7.659774107666737,20.38679443194379,18.5
7.782494658084209,20.551747341541276,18.5
8.962252053164574,21.85100257166506,18.500000000000004
8.159466519895698,20.420407893777185,18.499999999999996
7.9503791165019875,19.98274719458796,18.5
8.606052290491487,19.776013577024482,18.5
8.72280483164459,20.199957043499953,18.499999999999996
8.57106202244044,20.468531660510997,18.500000000000004
8.789964965158351,20.65890001090628,18.5
9.475606627103318,20.368960378319958,18.500000000000007
11.123226055158895,19.820004340232376,18.5
12.431543320884026,19.984216065042567,18.5
12.559635675463927,20.046156459456782,18.500000000000004
11.259561793313623,19.562575760708256,18.499999999999996
12.315033876693233,20.15936595702057,18.500000000000004
11.844995975851148,19.396323129963765,18.5
8.760381058752554,22.722309424889733,18.500000000000004
8.338036948951652,22.79440769737599,18.499999999999996
8.154431566380412,22.944070713658434,18.5
7.89629827718104,22.90427225348531,18.500000000000007
8.73272978903647,22.200241180947494,18.5
8.146092439224748,22.800498456593616,18.5
8.872686349160304,19.932644578318083,18.499999999999996
8.497833572576134,20.30440806120547,18.500000000000004
8.035993228513169,20.040738629777774,18.499999999999996
10.052472255833447,20.00983986741988,18.5
9.738066107009685,21.03662303653582,18.500000000000004
10.146641860738328,20.888215358994902,18.499999999999996
12.5477807337138,20.458209024377584,18.5
12.904457880000002,20.594402284258567,17.256560066222587
12.78511616178415,20.32010695846351,17.721347101169055
12.65698572783482,20.49234562961887,18.2974867387764
12.904457879999999,19.988067098780107,17.306364767440588
12.793989507899918,20.02346938893046,17.70511538660573
8.088114846610088,23.6853778713934,18.5
8.304154099079643,22.79811030322903,18.500000000000004
8.196568562413653,23.249250365759774,18.499999999999996
8.291377655453406,22.831549769373922,18.5
8.546659061706773,22.708652570355916,18.499999999999996
8.66297989987408,22.873892331458325,18.499999999999996
9.071221228253311,22.65743714390774,18.5
9.393177401923593,23.16724321832406,18.500000000000004
9.388179040472629,22.33054349848046,18.499999999999993
9.823412273618414,22.416349461491926,18.5
9.529070190543301,22.60591073723533,18.5
9.288634807462028,22.693667485458537,18.5
12.90445788,21.104169435035715,18.305464782262256
12.524354505839774,21.901009369751932,18.072366053752745
12.904457880000002,23.23116185455235,18.500000000000004
12.786494170181303,21.250146981841414,18.500000000000004
12.529848034206852,22.49588330470077,17.417293160227928
12.90445788,23.034229274956594,17.38921220017928
7.2807885795803005,27.035809610651913,18.5
7.341050807483818,25.79703316189572,18.499999999999993
7.999647386765431,25.97703262024888,18.5
8.138413231602962,25.035069328217006,18.5
6.50849029607432,26.29840747649124,18.499999999999996
8.073403383734489,25.265309710683244,18.499999999999996
8.247540548073065,23.092238730806283,18.5
9.210758260556457,24.925119064935863,18.499999999999993
8.003500420173648,23.753249266428845,18.5
7.703060971224234,25.932836837901103,18.500000000000004
9.488502659091315,23.038496484641673,18.500000000000007
8.582644456489518,24.478722396493165,18.499999999999996
12.79056474702042,24.24084644273332,18.10693995285171
12.904457880000002,23.44651075063255,18.301116102202325
12.197208814405803,24.653430306414993,18.500000000000004
12.661984880011808,26.12701091634929,18.08827828546175
12.556552601502469,23.41114650977056,18.5
12.90445788,24.19653001956754,18.5
6.462241151707146,28.619659402744542,18.499999999999996
6.5919928025363745,28.61697381180296,18.5
7.27758919049986,28.470265262939634,18.5
6.738182548536618,27.567220820742723,18.499999999999996
7.082006466743378,28.315357975440786,18.5
7.261790292693688,28.241583759089547,18.499999999999996
8.042563444905374,27.21142367749441,18.500000000000004
7.467892518877495,27.010045365371322,18.5
7.755343656871426,27.164498780551284,18.5
7.624781514194309,27.15130406538475,18.5
8.330719185755617,27.371051922168565,18.5
8.390930169687591,27.481819661055432,18.5
11.842205681601744,27.827824432422982,18.500000000000004
11.76560805620018,26.805824958313774,18.5
10.917619825217276,27.949260456653104,18.499999999999996
11.542478280331823,26.777277738622267,18.500000000000004
10.489682307793759,27.175995848363513,18.5
10.041686072869272,27.543577533293497,18.5
6.563622537565312,28.763735686688626,18.499999999999996
7.33769816894514,28.411472059542973,18.500000000000004
6.955942609844379,28.662247028952194,18.499999999999996
6.819241779663985,28.414938482143466,18.5
6.934389482126225,28.492052413364938,18.499999999999996
6.419628870688405,28.406493122004438,18.5
6.902399398026728,28.276806668886014,18.500000000000004
8.463887043636712,27.84924579563566,18.500000000000004
7.890281621875259,27.635308688128074,18.500000000000004
8.57968063311789,28.137978369416548,18.5
8.40586827562117,28.350184888937267,18.499999999999996
8.294018003711875,28.326116558162024,18.5
8.147524077019957,28.02093197402937,18.500000000000004
11.611704699133178,27.770739883640076,18.5
12.22764812275129,27.700951007576535,18.500000000000007
11.48823926578093,27.53896446174544,18.499999999999996
12.051355743973897,27.031461331234432,17.845791272437122
12.034361150128627,27.993371824196572,18.5
8.021440683354646,28.0358815905271,11.100000000000003
6.771438721537839,27.72676351042575,11.100000000000003
7.903723853948476,27.802886325790986,11.1
8.206885960836603,27.97870862323347,11.1
8.148138399810088,28.108352536791685,11.1
7.97782300793582,27.978110568614657,11.100000000000003
5.751091447091128,27.06428689153154,11.099999999999998
5.886664123711316,27.121255970351037,11.1
5.884005651980103,27.200588831827808,11.1
5.91599062653031,27.120743044921614,11.099999999999994
5.565877158861873,27.138818025122657,11.099999999999998
5.542203509508586,27.361110552767574,11.1
5.444298007124043,27.30210725035799,11.099999999999998
5.3584946637688535,27.27146042933846,11.099999999999998
5.462127142339479,27.148625093491532,11.099999999999998
5.357426952495266,27.364528501595487,11.100000000000001
5.364897248399583,26.87945543910352,11.099999999999998
5.365380018204784,27.160288757636508,11.100000000000001
10.824216463182617,26.873382466734366,11.100000000000003
6.25322504555793,26.83266003234782,11.099999999999998
6.133556695957198,26.5380435986356,11.100000000000001
5.857891269841013,26.54134264633656,11.099999999999998
6.952423721951999,27.284031998972527,11.099999999999998
7.5532856752677935,27.492677419417642,11.100000000000003
6.179901001340947,26.52212029536155,11.099999999999998
5.632000619934521,27.321923643645018,11.1
6.07211691746927,27.13374254647376,11.1
5.98992241973926,27.56608283486745,11.100000000000001
5.939708883996293,27.006757875574962,11.100000000000001
6.3317478640014055,26.687462933384158,11.099999999999998
4.681385772147385,26.84198314989956,11.1
4.892769554798114,26.605044362118992,11.1
4.822989748964565,26.924572608648884,11.100000000000001
4.83595517380604,26.902991087318952,11.1
5.152777768814039,26.52651369927917,11.1
4.907237699107851,26.63750874872445,11.1
9.931536826557066,26.58979633228493,11.100000000000003
7.558357187031025,26.2208374630817,11.1
7.3968809018484425,25.496312912487074,11.100000000000001
8.117186581314607,25.256179807385234,11.1
8.662655458469835,25.68311744024241,11.1
8.932516222177012,25.164897802165758,11.100000000000001
5.937309644466179,27.008978345290803,11.1
6.045670187614428,27.137225295619068,11.1
5.991452437481241,27.397096279577237,11.1
6.427700635258815,27.61472368193251,11.1
5.89912909553547,26.9854707304755,11.1
6.286901834575257,27.049058387551423,11.099999999999996
5.342388208378228,26.3699090333289,11.1
5.102239408277234,26.729871202324464,11.100000000000001
4.814276681373407,26.74080747967665,11.1
5.0509640515203476,26.67373093388104,11.1
5.151882149074773,26.560852836082066,11.099999999999998
5.398851417550595,26.716910351933365,11.1
8.317880677604446,24.214406862951442,11.1
6.9428949890352145,22.126570079226088,11.099999999999996
7.151536912928621,22.744300113563796,11.1
7.4931488745038015,21.257271562553978,11.099999999999998
7.410074109220466,23.773228143585698,11.100000000000001
7.583704570589733,23.422536097350708,11.099999999999998
6.042066474562671,24.25775231011426,11.100000000000001
6.521919214328693,25.701356444011267,11.1
5.960663500456782,25.99340764125883,11.1
6.530004140210979,23.125690888700763,11.100000000000001
6.047151417584465,25.921857791146046,11.099999999999998
6.265572330032445,24.85732241558622,11.100000000000001
5.268768373863887,25.897388482883034,11.099999999999998
4.892645670167222,25.906170167576132,11.100000000000001
4.753161255699357,26.013626828053603,11.1
4.7874896351115055,25.94086937482652,11.099999999999996
4.923254657146231,25.220809912641357,11.100000000000001
4.72281816409938,25.14343866304671,11.100000000000001
8.497433335285644,21.30315721788358,11.1
8.048056285658156,20.413958667130036,11.1
6.565969603615189,23.50759381259169,11.099999999999998
6.668961154829199,22.557488741153623,11.1
8.100089147487383,24.012036882502457,11.1
8.400059778016866,24.03243477804646,11.099999999999996
6.810965058628553,20.81512355653631,11.1
6.2680522227504065,24.030108578738876,11.099999999999996
6.261902444188115,24.403710250136232,11.1
6.5495103090225495,24.15248797876374,11.1
6.706360944520939,24.461842171586394,11.1
6.268070596026616,25.060846208909794,11.099999999999998
4.976155353224587,24.37040192619295,11.100000000000003
4.98504974519376,24.123234667487292,11.099999999999998
4.890321797371502,24.517442320692822,11.100000000000003
4.663180554189736,23.164340699949854,11.1
5.12998165982131,23.76228286812459,11.100000000000003
4.603760119071353,22.573490181606957,11.100000000000003
9.891791377075767,18.977137695972342,11.1
8.690529502738034,18.875116263135485,11.1
8.230090358673355,19.19311037784013,11.100000000000001
9.879214061931437,18.97050677549014,11.1
8.620069903845511,19.104089390028467,11.099999999999998
10.095496302022388,19.0132879782592,11.099999999999998
6.6019096138251605,19.86564557714526,11.1
7.252463499230991,19.716166261769008,11.099999999999996
6.967886710355124,20.709606069690054,11.100000000000003
6.292119910048627,20.925127921095466,11.1
6.330946142991805,21.21476396781676,11.100000000000001
6.646164242278303,19.975828343706,11.100000000000001
5.084963673148609,23.019936792924565,11.099999999999996
5.384854551306867,23.16444902749123,11.099999999999996
5.228325637609925,23.717800131265246,11.099999999999998
5.068465443608586,23.100423707972837,11.1
5.171174406367077,23.383813795506885,11.099999999999998
5.289810616594918,23.305815399137504,11.099999999999998
8.915170724062385,17.933350380139547,11.1
9.916990992911302,18.011542968122246,11.1
8.435674716898497,17.700951743962257,11.1
9.680018284196846,18.015354225943323,11.099999999999998
9.575806706355149,18.26092359312514,11.099999999999998
8.566122475615662,18.16541966303103,11.099999999999998
6.269272898876711,18.68544143898876,11.100000000000001
7.87537049383489,19.110914918282695,11.100000000000001
7.643147408352305,19.29222354347675,11.1
8.241825189649044,18.908086956946015,11.099999999999998
8.938808647264334,18.632673207408505,11.1
8.059908952032284,18.78945917383774,11.1
4.358161498260876,21.39354270153278,11.1
5.495851247742463,20.94737713047079,11.099999999999998
5.436628130955011,21.01866358091574,11.099999999999998
5.6029619551856165,19.397247989533067,11.1
5.223331052099503,21.66915641093064,11.099999999999998
5.10129902145331,19.492197579435565,11.1
8.747010471096333,17.338223203225898,11.099999999999998
8.953932192332283,17.251998168065985,11.1
8.519716955715575,17.186636236684883,11.100000000000001
8.630987886315,17.196757173982274,11.099999999999998
8.58231306556028,17.17462181499042,11.099999999999998
8.57921004973991,17.309639647366463,11.099999999999998
7.864608682577067,17.37191384274342,11.100000000000001
8.344315876142948,17.07241834519255,11.1
7.226987805231985,17.55074388641399,11.1
8.216263447499198,17.288648999955658,11.099999999999998
8.00730173928449,17.268090201095774,11.1
7.960883637145319,17.65152337029612,11.100000000000001
6.926374186054155,17.14819295870865,11.1
6.414348947959987,17.41732636577801,11.1
5.726335014832037,17.3424463875162,11.1
5.626884079391188,17.987522175784495,11.099999999999998
6.5551059808734005,17.370543332397762,11.1
6.1353137851451995,17.445544364433157,11.1
7.071391264569893,17.158829615482972,11.099999999999998
6.500837209051809,17.337611222706002,11.1
7.007260970031748,16.983890740574434,11.100000000000001
6.922545385058703,16.987519161809463,11.1
6.058855355462819,17.554378692995062,11.100000000000001
7.209673361322096,16.885057254710055,11.1
8.981717063593962,17.179492368679146,11.1
8.536553515300112,17.155996947951692,11.1
8.858349781222104,17.25824863492522,11.100000000000001
8.738296835926324,17.195358820138843,11.100000000000001
8.763362775266124,17.244375997254203,11.100000000000001
8.97377682767971,17.301007515550225,11.1
10.925888089769654,17.57982752107293,11.1
11.23460112027549,17.64160510311807,11.1
10.926938170148311,17.527592015191683,11.099999999999998
11.350030054759902,17.87098138210219,11.1
11.084236096210928,17.697255475014458,11.100000000000001
11.498759044404324,17.742508820732706,11.099999999999998
5.297967060564448,19.551649604812255,11.099999999999996
6.56726906002835,19.145113216225848,11.099999999999998
6.824421382655726,19.1426461556017,11.1
8.270180697321088,18.873547216355718,11.099999999999998
5.7473250376034875,19.518679684844038,11.099999999999998
5.7220122743692015,18.631885954186586,11.1
8.163085308159717,18.724263918273884,11.100000000000001
8.165488182021932,18.688779368840617,11.099999999999998
8.726908147857225,18.53626018860049,11.100000000000003
7.163135516149032,18.9365502732476,11.099999999999998
7.755913366641641,18.566118812552077,11.099999999999998
8.522574295880029,18.570548195784294,11.099999999999994
11.669594850163826,18.795164525875997,11.099999999999996
11.470268675968327,18.12643594392238,11.1
11.229929459791986,18.5928312407237,11.099999999999998
11.473096245002552,18.573666656936215,11.100000000000001
11.600049239601761,17.89017020542121,11.100000000000001
11.033525679932204,18.599891304727375,11.1
7.573265582037921,20.220042487033613,11.099999999999998
6.135073572531842,20.413717074326197,11.1
4.981910992455268,21.398076504032236,11.100000000000001
4.594240662951474,21.185470672835134,11.1
5.602219575145938,20.17607695586615,11.099999999999998
6.102309287561255,20.309765841371515,11.100000000000001
8.589969032886946,19.55235400787554,11.1
7.485661207523343,19.845624758147387,11.1
7.995250391098094,19.780595185989874,11.100000000000001
7.834139943495051,19.873013779685415,11.1
7.3046373552438055,19.470993888301187,11.100000000000003
7.321277339621499,20.954324777945804,11.099999999999996
11.366354086481843,19.01045244041232,11.099999999999998
11.2031723115576,18.438954010933344,11.1
11.801463559209438,18.97613468012468,11.100000000000001
11.105904296022597,19.11309873085191,11.100000000000001
11.415117007515253,19.52962686125708,11.1
11.507966166563662,18.209050430257243,11.099999999999998
5.553111765797832,23.65821162508264,11.1
4.502253979835448,20.86461343122711,11.100000000000003
5.702196585454489,22.529450640502393,11.099999999999998
5.027143525945688,22.649352911937356,11.100000000000001
5.256064203428571,23.20233748390998,11.1
5.154003003951963,22.85940929536628,11.100000000000003
7.352578001371409,21.75250258122013,11.100000000000001
6.7430450965579105,20.324910230845926,11.1
7.563248620862557,21.701852753085113,11.099999999999998
7.307459221292237,20.353053241448837,11.099999999999998
7.005945491043742,21.727229201590074,11.1
7.213045172385721,20.871713051003706,11.1
12.45683325232433,20.107325324101144,11.1
11.546307116972056,21.478072136127864,11.099999999999996
11.633846712255453,21.198079519238927,11.099999999999996
11.372200759108248,21.107435386666484,11.100000000000001
11.930431921954224,21.062559382275793,11.1
12.043682286204373,22.281396557146603,11.100000000000001
4.7370351301215345,23.560523558598415,11.100000000000001
4.716768593783853,24.18064209224976,11.100000000000001
4.887601225270428,23.903417805382222,11.1
4.7736450961168435,23.790988298638325,11.100000000000001
4.642541465134933,24.094027819433048,11.099999999999998
5.037064380020054,24.350752992436913,11.100000000000001
6.333162531863699,23.691676785664853,11.1
7.022177758552833,24.00509530231913,11.100000000000001
7.783869078071296,23.96387382271671,11.100000000000003
6.904163364644496,23.694396075134794,11.099999999999998
6.678059068240608,24.07542646056787,11.1
7.356762031175379,24.2782590891067,11.099999999999998
11.425845340907765,21.809325744980914,11.1
10.828951397462845,23.476883582414914,11.099999999999998
10.050460728105271,23.483488470650816,11.100000000000001
10.494560414574236,23.09532040096127,11.099999999999998
11.456988150111204,22.794695695819463,11.100000000000001
9.295556589231424,23.696040543558958,11.1
5.224666191441861,26.306555405221932,11.1
4.82300240025978,26.29585286661793,11.1
5.406612820729192,26.294061015365692,11.100000000000003
4.508717583321552,26.04243629718484,11.099999999999996
4.743884389773036,25.511779755424055,11.100000000000003
5.004430220876456,25.922758901828193,11.099999999999998
7.33765854983517,25.92322225441405,11.099999999999996
6.337972172759346,27.1468941523508,11.1
5.393157962600249,26.585323930468324,11.099999999999994
7.566803521973306,27.031195124313072,11.1
8.747233861544117,27.4442757440473,11.099999999999994
8.398937930701516,26.938280030801327,11.100000000000001
10.600442112059989,23.191436195613043,11.1
9.300592694596158,24.92333735771889,11.1
9.646375887519842,25.72152825446559,11.099999999999998
9.198985554054156,23.59750918747053,11.099999999999998
9.539932486913832,24.543600204990284,11.1
10.096797134387218,24.3517014229054,11.099999999999996
4.6262494790927775,27.158202666426984,11.1
5.2305825419125265,26.922725366164276,11.1
4.741235052030308,27.600888305875888,11.100000000000003
4.968661056033686,27.193902877893173,11.099999999999998
5.110085810770997,27.618279432545464,11.099999999999998
5.039447268569032,27.317541294523263,11.100000000000003
6.699111336579962,27.96533721086033,11.1
7.623196289447595,27.936836575960797,11.1
6.529945042640794,27.594956187023836,11.1
6.512755989359098,27.464685077983155,11.099999999999996
5.74509750265181,27.71651797335578,11.099999999999998
6.385849942843092,27.47287373670673,11.1
11.529989479849252,25.526740997897384,11.1
10.825313582295355,26.779981024281405,11.100000000000003
9.700599420947004,27.68711669474359,11.1
10.396322941634025,27.240282768948823,11.1
10.422084895023147,27.580241984463434,11.099999999999998
10.522895427136271,27.58707613846424,11.099999999999998
4.816559719318591,27.462333531765832,11.1
4.804074249853525,27.499063279015495,11.1
5.308072996785945,27.8636342348372,11.099999999999998
5.356917134005288,27.928272035882873,11.100000000000001
5.784097016707148,28.093649184678288,11.1
5.4617779178820935,28.03727799146289,11.1
6.409716765725739,27.978039955177714,11.100000000000003
6.115204810066104,27.903287666750764,11.100000000000003
6.254868480302842,27.87339164941671,11.1
5.125930434177382,27.757714349009596,11.099999999999998
5.884068230801015,27.727818181760437,11.1
6.582933605828353,27.977024786858845,11.1
11.43795124628765,27.18128453803777,11.1
11.493963257411046,26.0393712515147,11.99818671797608
10.828490348713844,27.128862464269492,11.1
11.64711266652792,26.879255803489592,11.7410169330795
10.478102549644259,27.378211534905223,11.100000000000001
11.425015455407538,27.24811494954337,11.31709028235407
6.276173891600562,28.496721414927286,18.500000000000004
6.602635380910003,28.47071398401915,18.499999999999996
6.599364448032113,28.025365051715788,18.5
6.669794411995692,28.650273821555718,18.500000000000004
6.874722911315283,28.36095809966783,18.500000000000004
7.295275805588272,26.78839904195327,18.500000000000004
6.75862129353759,28.692273679275342,18.5
6.7004606206564885,28.643559224223125,18.499999999999996
6.208173514401167,28.504904220773923,18.500000000000004
6.399140177324009,28.54489562224712,18.5
6.0589737794804925,28.433717892478015,18.500000000000007
6.029003171054931,28.442564596206417,18.5
6.317281750823914,28.321193895342354,18.5
6.393983067077131,28.354497909641733,18.5
6.380450635985033,28.392655235302964,18.5
6.220546807134495,28.38238085122316,18.5
6.467063731715071,28.1868934210685,18.499999999999996
6.518889602647122,28.199478251972476,18.500000000000004
6.831425131742258,27.027219306970455,18.500000000000004
7.196130148650715,27.507415330362974,18.499999999999993
6.540963072439851,27.857607194297508,18.5
6.215702715334079,27.06613246144756,18.499999999999996
6.797679808167667,27.29242408641342,18.499999999999996
6.853977666226445,27.31656399423248,18.5
6.668282716130137,27.861247642364642,18.500000000000004
6.047292770867318,28.41026759901023,18.5
6.195356950031714,28.311322639982524,18.499999999999996
6.383309509207335,28.543881610457255,18.5
6.202913503867816,28.31733285392893,18.5
6.407786959061973,28.51081901931795,18.5
5.796193210137096,28.275710436420592,18.5
5.86537626363708,27.987362558596747,18.5
5.775565974959552,27.822145406270295,18.500000000000004
5.886316432227452,28.128201660237604,18.50000000000001
5.884511497901088,27.925062082921695,18.500000000000004
6.316871898257767,28.009167792029096,18.499999999999996
9.126587120826024,23.695076301605198,18.499999999999993
7.839817676986169,25.46515077142432,18.5
8.253839408743495,23.515275813140246,18.500000000000004
8.100950739137751,24.656381461036883,18.500000000000004
7.914508651250652,24.37675555802208,18.499999999999996
7.755422014822939,24.713312805781477,18.5
7.097084005607634,26.435887956013833,18.5
7.22374959164015,26.255085182425294,18.499999999999993
7.5215842717678525,25.88500926638978,18.500000000000004
7.248949924391873,25.448192930599724,18.499999999999996
7.2098268058743145,25.349560006148774,18.5
7.362713870776536,25.729870301680013,18.5
6.157159452535208,27.365318034111276,18.499999999999996
5.629667480749027,26.63516622093058,18.499999999999996
5.42310069924187,27.435499425523417,18.500000000000004
6.019052776180356,25.389601885142667,18.500000000000004
5.373333680392436,26.807958883530716,18.5
6.388782041497372,25.125299740106502,18.500000000000004
10.389946512466203,23.417669801119853,18.499999999999996
8.795949098242973,23.113359273787612,18.5
7.570573120681356,23.034982751493057,18.5
8.184307357915184,22.919294038077663,18.499999999999996
8.07141331050401,22.925781463570576,18.5
8.314082068416349,22.833677272307376,18.500000000000004
8.316984419604836,24.822377083306556,18.5
6.934489573861369,25.55951695989015,18.5
7.13129963339096,25.940648317146685,18.5
7.117740324794892,26.136942028520252,18.5
7.173490878017561,25.55271336100611,18.5
7.029101893356259,25.307638535049325,18.500000000000007
6.822784033233248,24.104607812608883,18.499999999999996
6.597974344928383,24.471353062126767,18.5
8.60122392942418,23.403054084109886,18.499999999999996
5.373694877483645,26.14093530298033,18.500000000000004
6.510338851436579,25.104654815290374,18.499999999999996
8.094131794306792,23.918625216050106,18.5
7.688181939457131,23.00929995175014,18.499999999999996
8.754907363958868,22.4191530784293,18.5
9.465678271219144,22.780264862478987,18.5
9.581610717951937,22.667778782644522,18.5
9.396262022105157,22.79013327786705,18.500000000000004
9.238823570128039,22.376365096874284,18.499999999999996
6.670851051227181,22.459869529244788,18.499999999999996
7.255668999503605,22.83553000136989,18.500000000000007
7.0395787525206295,22.519650442641527,18.500000000000004
7.127262089316591,22.49243559292227,18.500000000000004
8.03672367116799,22.438767565471064,18.499999999999996
7.458089311297636,23.441374510862474,18.5
7.846004241210717,22.638470230287698,18.500000000000004
6.232249153141741,23.495099513869718,18.5
6.102500559177175,23.64868049327244,18.5
7.667709293865869,22.22183613470435,18.5
7.077012318023968,22.984401044009672,18.500000000000004
5.9152605526662505,23.893367302637888,18.500000000000007
8.222966958157155,19.745090791808522,18.5
8.645256921829196,19.899262789695054,18.500000000000004
9.43473762683612,19.683306266782875,18.499999999999996
7.938250610140491,18.277960398306092,18.500000000000004
8.826252421402089,19.166069717635484,18.499999999999993
8.52252670437223,18.559645619081575,18.499999999999996
8.342936946849907,22.22234311068873,18.499999999999996
8.051142540392798,22.334562100880483,18.5
7.722259377021293,22.70945771966634,18.500000000000004
8.055644962426673,22.451554245148362,18.500000000000004
7.7228677222480435,22.716115486730796,18.499999999999996
7.979884656828743,22.861380014503396,18.5
6.926118988367758,20.734703413236456,18.499999999999996
7.20651317046908,21.592351898944848,18.5
7.370577618644526,22.090054382347954,18.499999999999993
7.970757275985879,22.111700850178106,18.5
7.576249681805919,21.388045626447674,18.5
7.611138951950248,21.729486894432753,18.5
7.320466326375193,19.15047093988668,18.5
8.38909902159229,19.00613160162629,18.500000000000004
8.213552627322974,18.487285463676166,18.5
8.28813970283086,18.898015818349993,18.5
8.00175152984041,18.761802578641245,18.499999999999996
7.952843318309353,19.020708229601905,18.499999999999996
7.542349611750946,20.684006645187644,18.499999999999996
7.771202418887732,21.129799302798283,18.5
8.249390658199799,21.390359248459447,18.499999999999996
8.292005584285612,21.894591400827498,18.499999999999996
8.395295437294727,21.284711197687205,18.5
8.037468930219136,21.21419719299536,18.499999999999996
6.7630294322262205,17.937423416259744,18.499999999999996
6.445184072316722,18.035009737017297,18.5
6.857651196886536,19.599405487638467,18.5
6.014838700066661,17.92322972687634,18.499999999999996
6.15233712819437,17.474628205413822,18.500000000000004
6.49711246218337,18.128893388409097,18.5
6.982866090027738,18.108388197529468,18.5
6.913896036793252,17.648321822507924,18.499999999999993
7.374557236816443,18.38237556087302,18.499999999999996
7.147530843528395,17.922191914583106,18.5
7.101125818032675,18.107568032503178,18.5
7.771938827342331,18.95030235421903,18.499999999999996
6.646546067391433,16.990981745290277,18.5
7.611629689563563,19.315717981299546,18.5
7.484951181489006,18.308636954531185,18.5
6.593439578525063,17.6519004337218,18.499999999999996
7.43986735717751,19.19669534928333,18.500000000000004
7.076893692390005,17.6198621044294,18.500000000000004
6.330656115875543,17.454787895178125,18.500000000000004
6.366714877261944,17.394564304920227,18.499999999999996
6.395700072474078,17.40188584537566,18.500000000000004
6.436129261368097,17.404048264269107,18.499999999999996
6.843069782120143,17.398531674550128,18.500000000000004
6.522366559077604,17.0756139861579,18.5
6.059413105364437,17.432300170259072,18.5
6.402002445890092,17.312468861264442,18.500000000000004
6.286396738639436,17.115905138057173,18.5
6.65614992549603,17.10859275273329,18.5
6.4528982876210055,17.177605576413512,18.499999999999996
6.398095415254346,17.31262279127621,18.500000000000007
7.706673897229787,17.454124663554282,18.500000000000004
7.026356593057269,17.262771149213467,18.499999999999996
7.615703365403286,17.547416711619217,18.5
8.2002311781303,17.421658610373697,18.500000000000004
7.9633959858849295,17.230088064510376,18.499999999999993
6.506736596978755,16.999176892023037,18.500000000000004
8.872638810145558,17.904057949037714,18.5
9.736990701604046,18.931270768035578,18.500000000000007
7.970542894988527,17.89282337364201,18.5
9.056224198324202,18.20215796737844,18.5
9.571123274339843,19.007377390924503,18.500000000000004
8.752804629853703,18.273547831648603,18.500000000000004
6.671859400483212,17.653214836317463,18.500000000000004
7.05849311263564,17.641322135339347,18.5
7.34854365135115,18.11631024628458,18.499999999999996
7.668903519980547,18.92870213223045,18.5
7.102358103251428,19.017782618126002,18.5
7.295598170341618,18.304220002693192,18.5
7.8840869823117945,19.516257379282465,18.5
7.470037737673324,20.318418688704895,18.5
8.34042721322441,20.715676023452637,18.5
7.8766109833237135,20.5605688916817,18.499999999999993
6.870958073493325,18.69135618532763,18.5
7.451072195779138,19.315984581447317,18.499999999999996
10.971150685358916,18.983542267981385,18.5
8.38698387166565,19.51446457470958,18.5
10.87516410963952,19.580746835859603,18.5
9.803870014499806,19.23904080569135,18.500000000000004
9.14945837584229,19.819509761191078,18.5
11.073790734574809,18.83488701625552,18.5
8.109113131906682,21.028108660177907,18.500000000000004
6.926515577332531,20.641152328178116,18.499999999999996
7.019670017666893,20.453470725864697,18.500000000000004
7.260430753968136,20.862649542039186,18.5
6.46472878654309,20.692932630965146,18.499999999999996
7.457896683516957,20.9169002766102,18.5
9.023693517762885,21.253698382464883,18.5
8.755305312304005,19.371498795876732,18.500000000000004
8.484664196495476,21.115677325742926,18.499999999999996
9.220352568813132,21.477978188600225,18.500000000000004
8.475577226407552,21.7215421024601,18.5
9.05416324375124,20.470278598911534,18.5
9.416212615717347,18.36723550426263,18.499999999999996
9.729180450036054,19.118558485757767,18.500000000000007
10.022483855277539,19.476311843947844,18.5
9.69538602932305,19.086243668027617,18.500000000000004
9.674968277867336,19.888780431345843,18.5
11.023906538913929,18.881435311227303,18.500000000000004
8.186933229988458,21.14522160179,18.499999999999996
8.630771941801598,21.78906705274743,18.5
8.598735336961669,22.145336888043577,18.5
8.99005181988195,22.069192461614,18.5
7.299418898574243,20.36600305969584,18.5
9.454648450355757,22.250345080418764,18.5
9.07713216107828,21.870830641632534,18.5
9.143331020575573,22.495561376584387,18.500000000000004
9.613152576959273,22.407653439811327,18.499999999999993
9.106630379680041,22.19686455078497,18.500000000000007
9.177131503365093,22.48276618488463,18.5
9.331382285299846,22.352434462911738,18.499999999999996
9.456719027648877,21.144247651398462,18.5
10.241040612497942,20.475527097595364,18.499999999999996
10.625107930184694,21.258776681841677,18.5
10.827471078253147,21.74423006394272,18.500000000000004
9.72569086928914,20.49042148585276,18.500000000000004
10.367591841246963,19.808937614563696,18.5
8.527598392375719,23.32678330370826,18.500000000000004
8.958625422318217,23.006932113780454,18.499999999999996
8.70275520015794,22.55700088246732,18.500000000000004
8.723909513413302,23.32783260426014,18.499999999999996
8.844977879444547,22.918651036255945,18.500000000000004
8.640697466705126,23.33732763828425,18.499999999999996
9.004604732625712,23.31895994319767,18.499999999999996
9.211944340231572,22.443406758622995,18.5
9.192163407462342,22.76188371905976,18.5
9.445785070351903,22.971335825273552,18.499999999999996
8.757491462612666,22.84364879269184,18.5
9.189296772144077,22.590295828862754,18.5
10.386003894899934,22.670884560767803,18.5
10.87927055231991,22.32474471590261,18.500000000000007
10.696000476979854,23.210184233945984,18.290296042523252
10.392346756347655,22.224103377036407,18.500000000000004
10.689204596256465,22.808317366153425,18.499999999999996
9.969416650394276,22.736373463449613,18.5
7.8079178806739025,25.18072208104973,18.5
7.199521134294539,27.01755615680166,18.500000000000004
8.413123906496558,24.556774268659293,18.5
8.152617800837668,24.205694674757144,18.5
7.885702163534226,24.828745101349508,18.500000000000004
7.0526124233105065,26.24170971914348,18.5
8.451714253777984,23.541653284218985,18.5
8.845794730199673,23.269914330572693,18.5
7.823153820443486,23.461779288360326,18.5
8.579420449195602,23.2477270456145,18.5
8.364655753270519,23.930256888167172,18.499999999999996
8.117507575577429,23.585298436626793,18.5
10.058962115701235,23.253350152078323,18.499999999999993
10.566476742123593,23.699503661702167,18.295967278139614
10.369284018714517,23.149638650892353,18.499999999999996
11.308202414554124,23.756381481889427,18.499999999999996
8.587592951476942,26.333843188297415,18.499999999999996
10.323227777678127,23.79255064443847,18.02800688864819
6.394771082716686,28.051731944980386,18.500000000000004
7.424875287440727,27.257404597255512,18.500000000000004
7.072835173290526,27.478377175495197,18.499999999999996
6.753227585951903,27.038496206878136,18.500000000000004
6.015524853595027,27.290625212967505,18.499999999999996
5.933908557647652,27.390885424419384,18.500000000000004
7.483932200789244,27.415224120113518,18.5
7.867542664204106,27.0673564215444,18.5
7.784679763233635,28.134874147396758,18.500000000000004
8.525591359134864,26.193457618915755,18.5
8.980374767124802,26.28122459134787,18.500000000000004
8.26317313175206,26.038290326654028,18.499999999999996
9.222185084533105,24.11453160614961,18.500000000000004
9.191349142808786,27.0670110217317,18.5
10.34421948509383,27.01606409585687,18.284671069062732
9.004502780521708,27.831952114536268,18.5
8.353571768581315,27.474107974035295,18.5
9.70283506159052,27.852898199136618,18.500000000000004
6.196335141932906,28.491839006670673,18.500000000000007
6.521477094315036,28.597878169361916,18.5
6.049938181681879,28.383185310825088,18.500000000000004
6.565457420313046,28.679274791006627,18.5
6.564625922221447,28.782703698812764,18.5
6.838905861598458,28.80615238686946,18.5
7.902481190221126,28.36351877698083,18.499999999999996
6.641191462642933,28.09695819584582,18.5
7.167534880054935,27.608600342835338,18.5
6.962208387551305,28.418939668012367,18.499999999999996
6.824051351090349,27.9397639317168,18.500000000000004
7.108997923939946,27.967207756516554,18.500000000000004
9.08358907532756,28.14300935982203,18.5
8.431002297811267,28.071210767864425,18.5
8.546102804386338,27.976800873577208,18.499999999999996
9.324102136722757,27.852969530246906,18.5
8.577738297297975,27.89704163274253,18.499999999999996
9.083607759294676,26.836584943848255,18.499999999999996
7.8807164766518465,27.26682517362178,11.1
8.638330472863109,26.787942918016668,11.099999999999998
8.84957934790165,27.428760292335486,11.099999999999998
9.14264327341889,27.600567361274162,11.100000000000003
8.773633569852867,26.968069652808975,11.1
8.330553322834156,27.195255423256825,11.100000000000001
7.693099145403998,27.984719094218907,11.1
6.214234212714732,27.367009004133664,11.099999999999996
5.860693992974085,27.77385039168819,11.1
7.820455816752013,28.167500377576157,11.100000000000003
7.021724930084672,27.930023482423973,11.100000000000001
8.601354828146473,27.410600851477454,11.099999999999998
8.14088049753086,27.686640372954574,11.099999999999998
8.90499387667959,26.77031726538803,11.100000000000005
9.081824169890504,25.971270968760987,11.1
9.280457342555966,26.033988561306757,11.099999999999998
8.96928403016013,26.03635937161945,11.1
9.01935440114229,26.015757302086406,11.100000000000001
7.4705618451706135,26.39878989679051,11.1
6.302864571757768,26.448632212793264,11.1
6.512054100360825,26.706719545897098,11.1
8.822013804337416,27.235501282405984,11.099999999999998
7.557459098808988,26.511021198474815,11.100000000000001
7.349307230388112,25.500756484353506,11.1
7.940011056083624,25.830744495529405,11.1
8.104929611234597,24.053313160538643,11.1
8.98359989700622,25.225161530223478,11.100000000000003
8.806719573255195,24.85917575664028,11.100000000000001
8.104407816091538,25.1976371009997,11.1
9.02163735941535,22.898254070741512,11.100000000000003
6.816335822922005,23.12693038129735,11.1
8.587545541993608,25.806920290517496,11.099999999999996
7.114276673291595,22.53398466042748,11.100000000000001
7.258046339819947,23.649834395600514,11.1
8.329990673792405,23.304538251044168,11.099999999999994
6.937503874737373,22.975838271377487,11.100000000000001
7.413449815030188,23.74736356939598,11.099999999999998
7.592480987336839,20.497002398029288,11.100000000000001
8.153394108143777,20.6443602239403,11.100000000000001
8.49929707784295,20.829226797720107,11.1
8.885844613957945,19.626692743284586,11.099999999999998
9.302454582224602,20.255907572024547,11.1
8.266510052924831,20.303471107455373,11.100000000000001
6.927957353782474,21.712796859232377,11.1
6.468147240845935,22.456081645927256,11.099999999999998
6.990595634391111,22.603303476182482,11.099999999999998
7.425332247425982,22.87259807284905,11.099999999999998
7.737010178806956,23.430591953153016,11.1
8.118949482148926,21.071205662531774,11.1
7.876227119514067,21.68605956382548,11.099999999999998
8.659200007644522,23.052149704323405,11.099999999999998
9.56615118324316,22.830276470420976,11.099999999999998
9.396285483255795,21.487763451934665,11.1
7.861363812228662,23.419930790419826,11.099999999999998
7.48378558576694,21.61787753703461,11.100000000000001
8.317881060696964,23.77053475689556,11.1
8.585947069983115,23.75308100070339,11.1
7.451052974032594,22.078048189932765,11.100000000000003
8.665184164849268,19.92887920523993,11.099999999999998
8.559259317212303,22.629364875959496,11.1
8.120218823027207,18.94864001833211,11.100000000000001
8.906903818234131,18.112524422040945,11.1
8.59413372299701,19.120719530186363,11.100000000000001
9.148984234049816,18.80035393626157,11.100000000000003
9.009877920987995,18.988174198651855,11.1
8.26562387188216,18.79882400448013,11.1
8.382921901286565,18.300632743391294,11.100000000000001
9.540998621990566,18.520352370853853,11.099999999999998
10.174528733577338,18.822427936550064,11.1
10.224355613454778,19.1527047385962,11.100000000000001
9.67811510646216,19.13753951377879,11.099999999999998
9.423389555491427,19.39141699752675,11.1
10.661944746836536,18.200760994441385,11.100000000000005
9.030779022224646,19.1483999370802,11.1
10.687787980635774,18.804985352427703,11.1
9.695655138623163,18.223089691389056,11.1
9.913203790586394,18.772468842224537,11.100000000000001
10.338215035538628,18.39307784758156,11.099999999999998
9.040307598370608,18.537646138417355,11.1
10.282718439545233,18.11912095050267,11.1
9.973997385001311,17.370229463988426,11.1
9.802343171554181,18.515502584222393,11.099999999999996
10.06127504515501,18.0558711188721,11.099999999999998
10.031113551412371,17.8795261533972,11.1
8.8344932266172,17.236732721227273,11.1
9.395762325405663,17.132498517694938,11.100000000000001
8.933330420041845,17.43832475498023,11.100000000000001
9.862197535613902,17.430831312796126,11.099999999999998
9.280550491999708,17.30109782028668,11.100000000000001
8.910425104000288,17.219015113398058,11.099999999999998
9.040777992847934,17.582774818834448,11.100000000000001
9.06820696248645,17.384585110722977,11.100000000000001
9.0379843716008,17.276838552200278,11.099999999999998
9.580283059655677,17.382395300554045,11.099999999999998
9.129104875921756,17.358605827751937,11.100000000000003
8.816893107493792,17.145001321297713,11.099999999999998
9.318143748197494,17.389620686569636,11.099999999999998
8.864752015713632,16.99574063865036,11.1
8.323102764079954,16.929252152653667,11.100000000000001
7.983732235866155,16.979263777304443,11.1
8.372060759752655,17.10252068436993,11.1
8.342127137039004,16.93605128430653,11.100000000000001
6.210735408302875,27.610222189599366,11.1
6.091266295348694,27.196517567906564,11.100000000000001
6.081900055369555,27.235570238285362,11.1
6.824626160729903,27.658447093420072,11.100000000000001
6.147784575830758,27.727263696702533,11.099999999999998
7.004448078589114,27.29980468566437,11.1
7.123291471015462,28.024719396786843,11.1
6.226551184423567,27.576662193728403,11.099999999999998
5.833315706887833,27.516674089320958,11.100000000000001
6.179412893094634,27.47492808567458,11.1
6.395819012598749,27.663025546076845,11.1
7.4898441728585405,27.205459400850152,11.100000000000001
7.13688749023768,27.190023259663317,11.1
7.120392818129248,26.921700516828412,11.100000000000001
6.390575589629413,26.817000248594706,11.099999999999996
6.257893857749228,26.091135122691856,11.100000000000001
6.240654238124632,26.79566219477332,11.1
6.30447204241001,27.01936074316158,11.1
7.087220534278769,26.680045316501268,11.100000000000001
6.410048779947573,26.455503762664144,11.099999999999998
7.748589539883496,26.494418859996056,11.100000000000001
6.7918112726785695,26.24444700930573,11.100000000000001
7.330369014815264,26.770334530681875,11.1
6.39868328891492,26.674030370881827,11.100000000000001
6.263840818398254,25.786534894800116,11.100000000000001
6.563828073759661,25.66353855637802,11.100000000000003
6.405697864147241,26.64951888843791,11.1
6.132102097872133,25.743521090898376,11.099999999999996
6.060695869705713,25.180321100817174,11.099999999999998
6.186216884933175,25.858334278531586,11.100000000000001
6.44499653630927,25.089141908594303,11.1
7.792489787215156,23.128240234310272,11.1
6.230160479389123,23.59523349282017,11.1
6.993926781349832,24.380162574101885,11.1
7.199680002424899,22.89919329746546,11.1
6.299453110028422,24.499542541993307,11.099999999999998
6.749105596994597,22.1943829566888,11.1
7.1591631364531425,21.765576899501998,11.100000000000003
6.91938311301223,22.352291977867058,11.100000000000001
6.565578015566176,24.476586846897554,11.099999999999998
6.664445509790694,21.275611898727124,11.1
6.554494672200882,25.76163067746382,11.100000000000001
6.802487171175869,22.589551278969328,11.1
6.605463417101352,24.3681399206016,11.099999999999998
6.252220209950938,19.901388664661443,11.099999999999998
7.461303329585478,20.34585264856114,11.1
5.8291052780781705,20.54963272835857,11.1
6.147076660327395,20.40496161821417,11.100000000000001
6.754057432276273,20.16039476518857,11.1
6.298645477343711,21.81954625504246,11.099999999999998
6.923699455765258,19.650216111685506,11.100000000000003
6.9262645020961955,20.53555943447656,11.1
6.790816171654274,21.46160472826975,11.100000000000001
6.2644840377115205,20.72318115688553,11.100000000000001
7.206321527179779,21.10439531481827,11.099999999999998
6.660174799454862,18.92413130478976,11.099999999999998
6.026394012106494,18.02166589773798,11.1
6.697879580788123,21.27357894534824,11.099999999999998
6.186263302597521,18.949253051666634,11.1
6.486789420287653,19.289268621343464,11.1
7.5012647781985216,18.664063674446265,11.1
6.252103875001715,18.78306631199659,11.100000000000003
5.9001045268206145,18.94050270000098,11.100000000000003
6.693938485060899,19.74784370691034,11.100000000000001
6.248593684626666,18.875218587298992,11.100000000000003
6.700420860050687,18.343903454420946,11.100000000000001
6.61635326316381,18.391757462202197,11.100000000000001
6.578289108394918,19.020725882605852,11.099999999999996
8.490710289073798,18.65326412309552,11.100000000000001
7.521352846446224,18.265019829566246,11.100000000000003
7.471371940122522,18.8081747013155,11.100000000000001
7.276131191357844,18.583296278459407,11.099999999999998
7.64604694897635,19.147104804721018,11.1
7.01270538113167,18.163681075585096,11.1
6.4002000775202195,18.64943736011501,11.1
8.357606972427769,17.349363230716484,11.099999999999996
7.989745614830854,17.760422784283243,11.1
7.536831383265236,17.61037483643786,11.1
7.996658550913259,17.736150751545114,11.100000000000001
7.920572725024064,17.629943698713593,11.1
7.735913192266869,17.561431014410037,11.100000000000001
6.605707084346491,18.22197597411906,11.099999999999998
7.12484660610179,18.273949882819085,11.1
7.330435675091724,17.218476795138034,11.100000000000001
8.121610378228102,17.539897138258336,11.100000000000001
6.579277775490758,17.626062507584372,11.099999999999998
7.981051517137355,17.276708701397766,11.1
6.739851978616719,18.24259492917698,11.1
8.299752432502011,17.384538218609954,11.1
8.161933201682643,17.398329882052234,11.099999999999998
7.229632860160835,17.85829459892935,11.1
7.758495630803243,17.333174516213774,11.1
8.24334911769172,17.273328124838436,11.099999999999998
7.108372107369239,17.828736799045494,11.100000000000001
8.464192487851099,17.128598173332445,11.1
7.195724675819469,17.51027498508869,11.099999999999996
8.312501030757641,17.313670948916982,11.099999999999998
7.422902760232942,17.021411220203877,11.100000000000001
7.759475782519896,17.169805907924825,11.100000000000001
7.302877618078119,16.932866117688487,11.1
8.075960947661184,17.060811864977865,11.099999999999998
7.6906273997558285,17.025633142352557,11.100000000000003
7.234998152049876,18.11334695173662,11.100000000000001
6.3821888458367075,18.324846985809167,11.099999999999998
8.16242967059283,17.709627040980727,11.1
7.186248109576174,17.58889825846235,11.100000000000001
6.53044015850472,17.76161662289331,11.100000000000003
7.608942649793835,18.117120441235606,11.099999999999998
7.3774794603918314,17.28109497770415,11.099999999999998
8.408096296280116,17.280575850761952,11.1
7.763193989026694,17.35707787923678,11.1
7.6757458494990765,18.298058967290913,11.1
7.773686235450911,18.068683570654088,11.100000000000001
8.472978926387347,17.406532183533134,11.1
7.242228373207411,17.875208055634385,11.099999999999998
7.395026385727682,18.113746801262636,11.099999999999998
8.160288397662805,18.155085855367023,11.1
7.634938665912191,18.74487428301613,11.1
6.815217142677598,20.387787429752898,11.1
6.2601646882515745,21.049685106671042,11.099999999999996
7.276139754558388,18.999491412949002,11.100000000000001
7.29049039109364,18.692972010491076,11.099999999999998
9.009194482865135,18.70043032794853,11.099999999999998
7.630140369694726,19.203226245503192,11.1
8.540511726068894,19.026678255504933,11.099999999999998
8.413529281692771,18.743582808174725,11.100000000000001
7.179842632722301,18.180354787961498,11.100000000000001
6.116415015959387,20.99679749082764,11.1
6.10025067941591,19.886732797831478,11.100000000000001
5.9808873227704655,23.47006741975808,11.1
6.51698507801856,20.96145775694417,11.1
7.107028479000896,21.35502114246843,11.100000000000001
7.015802872999253,20.133422877718886,11.1
8.096318520172057,23.798281050860535,11.100000000000001
7.908803577846183,19.68802628633561,11.1
7.427451522019878,20.1227585883065,11.1
7.9061111456771656,20.213969936041863,11.1
8.283952827820556,19.725401510418124,11.100000000000001
7.2360825192552065,21.39982517546794,11.100000000000001
6.2678163689352875,24.282855064242977,11.099999999999998
6.8389215975207165,26.36060190285908,11.100000000000001
6.584731448859891,26.003060372889163,11.100000000000001
6.293882961889724,26.086152158697466,11.100000000000003
6.595397914035412,26.10363782383888,11.099999999999998
6.828420848615709,26.55344969810951,11.100000000000003
7.296174553450023,26.40725712152854,11.099999999999998
6.784004022529425,25.44435293819735,11.1
5.853159729302116,26.180697787923872,11.099999999999998
6.986002904745477,26.890771564529185,11.100000000000001
6.345909251942029,26.02976323416889,11.1
6.338752764416984,24.361542046277982,11.1
6.374455320776291,26.376393914343723,11.1
5.932568290455676,26.676234405453442,11.099999999999998
6.222631976099433,26.853637290904043,11.1
6.577848401758362,27.11079755975176,11.100000000000001
5.967079276924726,26.81123368480473,11.100000000000001
6.7017252001425165,27.050611552657664,11.1
8.524343768722318,27.433224647875875,11.1
7.637477482583026,27.928237245695822,11.1
7.4653357610668,27.517121572444836,11.1
7.33188991184175,27.74578696598031,11.1
7.287993203482879,27.13833572957292,11.1
6.543643469964619,26.95964097278015,11.100000000000001
6.513189350958458,27.302225550240017,11.100000000000001
5.766107860447859,27.573377127573792,11.100000000000001
6.490469514085657,27.479750650006604,11.099999999999998
5.947676875652737,27.279896964544,11.1
6.5252336493115894,27.453864627421154,11.099999999999998
5.939349163044621,27.462318303918835,11.100000000000001
7.114005799937438,28.025099169597397,11.100000000000001
7.271914514976905,27.995438434178176,11.100000000000001
7.15140794935016,27.96808771995974,11.100000000000003
6.216475657195614,27.76184726498018,11.100000000000001
6.326747853331539,27.618065158554234,11.100000000000001
7.121073807886756,27.88210075602786,11.099999999999998
7.017175504656413,27.388184616007575,11.099999999999998
6.539673891017295,27.406701835990614,11.1
5.83891320292973,27.206990347688773,11.100000000000001
6.422472579613072,27.564645618560906,11.100000000000001
6.233649026314965,27.86782276626361,11.099999999999998
7.520665523140047,27.66766593314914,11.099999999999998
5.927078146031894,27.311680480051404,11.099999999999998
5.985536609230675,27.910670068079842,11.1
5.836803169684733,27.51912216031651,11.1
6.410080530913639,27.884303732547675,11.1
5.922111924723574,27.563619055181046,11.099999999999998
6.346678784846184,28.06840971194556,11.099999999999996
6.204797384581433,27.7436315780651,11.1
5.587229487662371,27.439698400772436,11.099999999999998
5.642871174850232,27.633442495624735,11.099999999999996
5.440227508654929,27.307288898496292,11.1
5.685527309412437,26.893700426185646,11.100000000000001
5.702470803275714,27.74752225116022,11.100000000000001
6.436286285085712,27.728461577671048,11.1
5.520786879220516,27.691989599227217,11.100000000000003
6.425982633806986,28.15906698429362,11.1
5.682181522955867,27.873731938816505,11.099999999999998
6.90896971989366,27.79025627539502,11.1
4.866313595226606,27.389439957599897,11.099999999999998
5.643946488482151,27.59868844639918,11.100000000000003
6.323959842422673,28.09213959931068,11.1
5.876698167761578,27.197253885839924,11.099999999999996
5.51186461343154,27.944719068029595,11.099999999999998
6.571695747090957,27.935662212985527,11.100000000000003
8.750778941008539,17.472682070037532,11.099999999999998
8.610842046988147,17.234157852621536,11.099999999999998
7.953517806892992,17.505621966822403,11.1
9.299357266443936,17.79694139177596,11.099999999999998
8.511852248716979,17.253156289842188,11.100000000000001
8.227772944414276,17.304495513972114,11.099999999999998
10.687315887882336,17.70266614983276,11.1
8.232663191855414,17.692760459506044,11.099999999999994
8.28302249958208,18.42352042694283,11.1
8.52616965271288,17.377761703182024,11.099999999999998
8.26935559445648,17.4742674621959,11.100000000000003
8.760050013887954,18.18069379650705,11.100000000000001
9.835349662746331,17.54998409607092,11.100000000000001
10.662523837222425,18.551566849789502,11.099999999999998
9.995423291833303,18.24884592935803,11.1
11.162896540959554,18.30356026107188,11.1
10.225412932591944,18.548539744570533,11.099999999999998
10.227261150573783,18.659421523765598,11.1
10.320607770622987,18.631682186630933,11.100000000000001
9.88848460315744,18.79986544626582,11.099999999999998
10.378297539464931,18.69742469268373,11.099999999999998
9.557226069638732,18.963570712517253,11.100000000000001
10.291194638151591,18.382216349262375,11.099999999999998
9.55839088175736,18.749035062303108,11.100000000000001
10.342996005437092,18.236522006884062,11.1
9.643970218591331,22.53166368669082,11.099999999999996
9.786702012980127,21.596770691235733,11.1
8.945137376859037,20.543047055385248,11.099999999999998
11.010592939629426,19.18188737983672,11.100000000000001
9.979848723941817,20.813809898256803,11.1
10.594231786396557,18.895326558730506,11.1
8.238239612784891,20.78965875704631,11.1
8.63519948566005,19.565770350513574,11.100000000000003
8.684870124794907,20.110579021832528,11.100000000000003
10.253843104747508,20.697617595179725,11.099999999999998
11.26285373894093,20.699736475339837,11.1
8.548208926476015,19.475698727979257,11.1
9.268617847412788,19.952898121847948,11.1
8.278230312790507,20.606620484031776,11.099999999999998
8.028597422823223,22.67496248419852,11.099999999999998
8.57266673258264,22.013877817019868,11.100000000000001
8.962336465587102,21.966531906962256,11.1
8.895829554867042,23.649570780953653,11.099999999999998
10.835578236351544,24.116690195451504,11.099999999999998
9.49384347278809,24.48839396952414,11.100000000000001
9.66649477543425,24.12833128847899,11.099999999999998
9.892709950431486,24.012906107482625,11.099999999999998
8.91750420327327,23.177655561385787,11.100000000000001
11.070616401672623,23.52537755739751,11.099999999999998
9.959092639517698,23.892157068374647,11.1
9.942224533067453,24.79387355486926,11.1
8.981831699447794,24.23212789505698,11.100000000000003
9.98107669526936,24.837914434723107,11.099999999999998
9.036896616308477,24.122886491863405,11.099999999999998
9.140426093562713,23.64733308733061,11.099999999999998
7.515373986096229,23.828331778469543,11.1
9.067121601321375,23.737243230701267,11.100000000000001
10.044524509372078,22.29707853389156,11.099999999999998
9.592569811652343,23.771893856054756,11.099999999999998
9.595780920956544,23.70954560701412,11.100000000000001
7.105790739698468,22.914531955850045,11.100000000000001
9.468238427743731,25.780922374362603,11.1
8.222612589658405,25.113624280496456,11.100000000000001
9.11183788103029,25.64341676130532,11.099999999999998
8.865486159330628,25.544422005199507,11.1
9.573255395216473,25.891687562629528,11.100000000000001
10.019249154854458,25.389998037421364,11.100000000000001
9.24177710394567,25.350811002695213,11.1
9.119486660132193,24.57798902972316,11.100000000000001
9.10227651534717,24.354153697882836,11.1
9.019342836212815,23.43274713181197,11.1
9.90556159503375,25.28188917852294,11.099999999999998
9.470874482013105,26.1782949320008,11.1
8.13136551479824,27.135855684089044,11.519317035746637
7.736756313577033,26.6552932129801,11.099999999999998
8.67911726497359,26.71989374172757,11.099999999999998
8.207260500934035,26.87550701792079,11.100000000000001
8.207260500934035,26.87550701792079,11.100000000000001
8.265149465979999,26.52482883340535,11.1
9.860065209714223,27.05243931297312,11.1
9.670142280981539,27.810686349375047,11.1
8.235394706898333,27.391666443256682,11.099999999999998
8.01955804472266,27.33503691788904,11.100000000000001
9.944533782226124,27.41336445988485,11.30962810765839
9.268868572523012,27.54180645333332,11.099999999999998
9.8284553011542,26.966170668150532,11.099999999999998
10.251518518068723,27.228339812272377,11.1
10.155800386490554,27.422569407234715,11.099999999999998
9.079118629363577,26.893901186405046,11.100000000000001
10.103095802223798,26.701333234272006,11.099999999999998
9.054339140236829,27.366249407335456,11.100000000000001
11.526111316999058,28.22141094839316,11.486909618161341
9.177307033555351,28.20803380910022,11.100000000000001
10.937916195102108,28.0364829981884,11.1
11.253174548753643,28.294730879553768,11.099999999999998
11.426085677480291,28.17218204491085,11.1
10.666158812858164,28.47375729107836,11.536073783358805
10.463716737548133,27.283441877718936,11.099999999999998
10.082715828881755,27.385558845534078,11.100000000000001
9.936065339384195,27.318726977224507,11.099999999999998
10.002098675320651,27.194036895131642,11.099999999999996
10.449084093566817,27.366529630487744,11.100000000000001
6.777388689470086,27.7201085974089,18.5
6.518750948725936,27.7082167708538,18.5
6.5895087596279405,28.125704921056972,18.5
7.082362326102429,27.68378412850253,18.500000000000004
7.1392253874621225,27.879945895504367,18.500000000000004
7.8084570816617145,28.077997165764625,18.499999999999996
7.0851485730910655,28.55729346440898,18.499999999999996
7.070673526277062,28.486464535286707,18.499999999999993
7.063041559358375,28.50518499686151,18.500000000000007
7.017855338290691,28.434488115125564,18.499999999999996
6.875200530962332,28.513518797925432,18.5
7.036108509239178,28.041980412158125,18.5
7.007132835364219,28.15500384373623,18.499999999999996
9.428811734929557,23.71246910762829,18.5
7.648706810517687,27.400778663370108,18.499999999999996
9.007111665287779,26.37311295482849,18.500000000000004
8.354115942351507,26.98062571508781,18.499999999999996
9.94591117689034,23.87771218227469,18.500000000000004
9.094933065221754,25.27454885252819,18.500000000000004
8.392927850819659,26.689699773588835,18.5
8.390441230191351,27.592453343345735,18.5
7.808813792994014,27.35615610732746,18.500000000000004
7.4546439451934186,27.92058418807953,18.5
7.207124280721373,27.52284106261055,18.500000000000004
8.183153743512992,26.34005579877993,18.5
9.17254184560399,24.259515430571444,18.5
9.581630937619257,22.974551064154664,18.5
9.257456962465554,23.440070685650454,18.5
9.519831756418698,24.460975096538434,18.499999999999996
8.402813048453721,26.221315952293615,18.5
9.572368274842574,23.522991563841398,18.5
9.461771066419859,22.890250820139425,18.500000000000004
9.307734368504216,23.023584335664253,18.5
8.937782917670441,23.548097124015033,18.5
9.112420406176689,23.508101823512074,18.499999999999996
8.965791347836959,24.230938482711302,18.500000000000004
8.585308411279971,22.31532934596386,18.5
9.64453103891389,22.62876898144503,18.499999999999996
9.276535936391209,22.505014763607562,18.5
8.962283326488581,22.704252924000475,18.5
9.403989041079333,22.33996954237685,18.499999999999996
8.713875178548193,22.55769128376372,18.5
9.18431343361973,22.3899203183518,18.500000000000004
9.228133335565827,22.681042611307802,18.500000000000004
8.484577305687623,24.268420484412914,18.500000000000004
9.360592221844168,22.89039926658848,18.499999999999996
9.228172354983535,23.373749446705343,18.5
9.543314311339538,22.521080939295537,18.500000000000004
9.28990764494657,22.625548147462656,18.5
9.286297231888142,20.511752523816757,18.5
9.357183883398907,21.079478412695696,18.500000000000004
9.702103037261544,21.288335275025783,18.5
10.020932086097108,22.160939107603017,18.5
10.890202600153582,20.436262473569503,18.500000000000004
10.9073609006615,21.23410504253712,18.5
9.359616103721855,21.85532256724505,18.499999999999996
9.079472229975869,22.001863343320938,18.5
9.134815435279775,22.246119445047235,18.500000000000004
9.199037749800691,23.043413001703694,18.499999999999996
9.28972050699415,22.340730367260843,18.5
9.170100888510351,20.80900601536378,18.500000000000004
9.268831390495047,20.110936155452936,18.5
9.206334479751288,20.387418818183054,18.499999999999996
10.032123723309478,20.101978589298543,18.5
9.481217547263954,18.883647399565668,18.5
9.137094583479922,19.05849289646332,18.499999999999996
8.90005813023025,18.360922320004722,18.499999999999996
7.272951356880942,19.609485103935633,18.500000000000004
7.549768574557266,19.996791666336897,18.500000000000004
8.803802073312745,20.15904254300712,18.499999999999996
7.012193615011819,19.189440297917457,18.5
7.404221479419013,19.4450224934509,18.5
8.533943828138899,19.730032877663422,18.5
8.719449310492784,17.907942002341276,18.499999999999996
9.538630595611977,18.55108145394531,18.075077858614755
10.130114903709126,19.657838114433137,18.499999999999993
9.15745406085427,18.749334884038692,18.5
10.361813676491542,19.048990946364906,18.499999999999996
8.732290316148193,18.809480228105485,18.499999999999996
8.484506871389012,18.540035817368416,18.500000000000004
7.534088322628044,19.06661817167968,18.499999999999996
7.511004942620497,18.74414766960409,18.500000000000004
8.75025650537278,19.61775452326207,18.5
10.533445035269652,19.722140846635913,18.500000000000004
7.856595327334148,18.723503608705986,18.499999999999996
7.819484787417294,17.57192441773939,18.500000000000004
7.3722609200119535,17.221297847019713,18.5
7.373463041398605,17.3847236379277,18.500000000000004
7.289235576423474,17.627378349297693,18.500000000000004
7.512632845796585,17.46021715412067,18.5
7.0364827176970905,17.50370834172824,18.5
6.9754071255636,17.015484602454045,18.5
6.725650328584877,17.078111815502577,18.500000000000004
6.478416750381423,17.10490339581363,18.499999999999996
6.897496138875808,17.156060496428548,18.499999999999996
9.410568503904457,18.178847629962416,18.499999999999996
8.14395440591067,18.30306084005752,18.499999999999996
7.733127568441501,17.375951184346427,18.499999999999996
8.932940941608988,18.18560656315706,18.5
10.092725635645888,18.600509266301938,18.5
9.361477921395334,18.54286120686164,18.5
9.40203588083457,18.647214763091128,18.499999999999996
6.653358726262912,28.594917998620446,18.499999999999996
6.564474393163626,28.648917398134,18.500000000000004
6.960727811520693,28.19493725957542,18.500000000000004
6.718995303913808,28.480508770540162,18.5
6.813656680928385,27.238288960688532,18.499999999999996
6.458296362437162,28.592036177674526,18.499999999999996
6.473275192085334,28.573934479333836,18.500000000000004
6.9590973804367415,28.49825309437724,18.499999999999996
6.438268757390899,28.091363095754296,18.5
6.573646371440862,28.568381105549083,18.5
7.104325874970344,27.59130699693651,18.5
6.759467853421316,28.354754506974146,18.500000000000004
6.75674655539724,28.289759326677988,18.5
7.364020387929473,27.13385377623843,18.500000000000004
6.614507194693544,28.411344183610186,18.500000000000004
6.607392716508038,28.49618792644303,18.500000000000007
6.371343652814291,28.014841567907677,18.5
6.479735636714542,28.35629943946068,18.5
7.22469056131339,23.864154075239018,18.5
7.512957001941472,26.459381014794506,18.500000000000004
6.786364562045628,27.250681709903528,18.5
6.841215379792856,27.236771747388314,18.499999999999996
7.4642220052897725,25.90942134231769,18.5
6.7416537396735325,28.04933622031405,18.5
7.412295776606917,27.535019594933743,18.5
7.4496667997820545,24.927920393935224,18.500000000000004
7.411081974640245,27.28827404728365,18.5
7.947756351218278,26.197995804436655,18.500000000000004
7.841458285721608,23.826623191303685,18.499999999999996
7.5785656926873,24.676057334508034,18.5
8.495116092167859,22.383030417823896,18.5
8.360625624436254,25.075832800952817,18.5
7.625637306670833,24.46609275839409,18.5
7.932041757658181,23.635122982748666,18.499999999999996
7.727640044351327,25.695982821583332,18.5
8.098329916206245,22.93978230827843,18.5
7.220806144799856,26.469605019273693,18.500000000000004
7.804413215800069,23.79527184514441,18.499999999999996
7.994831814276923,22.60694908204894,18.500000000000004
7.9133392314532465,22.843799127530836,18.500000000000004
7.631954846604213,23.1616720074742,18.500000000000004
8.446667412261114,24.996134412614136,18.500000000000004
7.629611154958946,23.19787979225314,18.500000000000004
8.083001266079913,23.004273965646526,18.499999999999996
6.685382008929306,20.24244315992293,18.5
8.25399319512392,22.44027815345132,18.5
8.002887896362761,21.13761971189402,18.500000000000007
8.234364859714399,22.458303238809165,18.5
8.44447018905168,21.77072242176723,18.5
8.009269714926614,22.74604355712194,18.5
7.636123082558649,23.722230564124985,18.499999999999996
7.722998719296157,23.84612046473945,18.5
8.079679827451702,22.483629725208953,18.500000000000004
7.621754000391203,21.983040599757896,18.500000000000004
7.443995699610426,20.38299326572377,18.499999999999996
8.479362102445005,21.931468835241745,18.5
7.1026812593813045,21.012136713126598,18.5
7.900625628928456,23.092978865384204,18.500000000000004
7.95588498769349,21.40920442343198,18.500000000000004
7.466049430974523,21.285022040059197,18.500000000000007
7.815881073075772,22.803588547351282,18.500000000000004
8.350673494777165,23.56151176163344,18.5
8.358135393324627,23.353157787276675,18.500000000000004
8.376314353171946,22.667642253253657,18.500000000000004
8.079412402851679,22.969737338843057,18.5
8.348470658736867,21.994201006592288,18.500000000000004
8.347221007702617,22.64768573912589,18.5
8.213976628086913,21.401629655868277,18.500000000000004
7.282368782783235,22.671905392441776,18.500000000000004
7.453970573079039,20.733805218545296,18.499999999999996
8.241122151921788,21.3824068363389,18.5
8.106943483792458,21.972690029681075,18.5
7.1458771647718535,19.858038180722655,18.5
8.104195398115909,20.36912653367749,18.500000000000004
7.6737111872199,22.85800860773833,18.500000000000004
7.806799292140325,20.59810973552595,18.499999999999993
8.104410423228469,20.925504913729835,18.500000000000004
8.257916666503116,21.209993613194545,18.500000000000004
7.576665367113745,20.3919528096469,18.5
8.219119437680323,21.33590315572077,18.499999999999996
8.460267339608865,21.593458677948878,18.5
7.985733415453597,20.144279894532946,18.5
8.474369935798471,20.36092584196713,18.500000000000004
8.234767005138036,20.437474519964848,18.499999999999996
8.14310190516527,20.69695568145295,18.5
6.949771807601018,19.707929376411727,18.499999999999996
6.707203838008975,19.53594283417452,18.499999999999996
8.152266904017738,20.78312481577465,18.499999999999996
8.502490953756906,21.19488538149181,18.500000000000004
7.193675941175049,19.45834165984352,18.5
6.928876953008675,18.307511061651713,18.500000000000004
7.819591644588244,19.33798370348399,18.5
7.688998629996632,18.97663769855403,18.499999999999996
7.219313542044799,18.57656630459331,18.500000000000004
7.840717012090112,19.794961667674357,18.500000000000004
7.635459304030006,19.062857800232113,18.499999999999996
6.990743099376692,18.08864183983301,18.500000000000004
7.7684296139711675,19.01976681344054,18.5
7.003327607671911,17.721043430946732,18.499999999999996
7.643889288177308,18.00153105869503,18.5
7.061744776002125,18.41314433427987,18.500000000000004
7.315962916469765,18.170854452378173,18.500000000000004
6.240397429878817,19.240838030207676,18.499999999999996
6.01050247811312,19.099245699715386,18.499999999999996
6.947053622430867,19.017094660335218,18.499999999999996
7.089707979529292,19.181494340766374,18.5
7.640583780286739,19.95025764430059,18.5
7.7627532329697075,21.078374700902113,18.499999999999996
6.107809166643005,19.33363592051573,18.500000000000004
6.085626778700992,19.557350488437475,18.500000000000004
5.866341133588058,19.20834454852649,18.500000000000004
6.452108032830706,19.50040256083789,18.5
7.03384388609549,19.821390352065855,18.5
6.7813864894831735,19.434037446590324,18.5
7.69970713743837,22.326762087936796,18.500000000000007
6.980997172557073,19.562932468475587,18.500000000000007
6.436074655399453,20.171313762502344,18.500000000000004
7.1278182280153315,22.04983605570781,18.5
7.998631131666985,23.679685615656307,18.500000000000007
7.0885717054477375,22.054447462870957,18.499999999999996
7.572146596150349,20.82085368075639,18.5
7.826775371576336,24.00514384328131,18.499999999999996
7.619194422610111,26.860511569181472,18.5
7.2683597588793205,24.44323491380705,18.499999999999996
7.107433322975806,25.806142113082277,18.500000000000004
7.101245425876482,27.51693707690891,18.5
7.466040008898094,22.542535309808144,18.500000000000004
6.255989031288168,22.188135321619296,18.5
6.710791409041524,24.016748706957703,18.5
7.527368103397606,22.403323035956305,18.499999999999996
7.700830281661821,21.604170317887824,18.5
6.861350467586178,21.474091717860624,18.499999999999996
6.710269319156397,24.779514715960758,18.499999999999996
7.4464967165890945,26.978591234852555,18.5
8.348051917862561,22.148053864845465,18.499999999999996
7.513660734432978,24.969496325581424,18.500000000000004
7.289340993957307,25.01959295727436,18.5
8.521426007941889,22.65590053849629,18.500000000000004
8.021849314535851,21.691536893476982,18.5
6.60506025526507,26.74062115760275,18.499999999999996
6.969645733217761,27.946374554531822,18.5
6.721232058494172,25.435892526805652,18.5
6.240332170397531,27.29990052178328,18.500000000000004
5.769343869355004,28.057448757565794,18.499999999999993
6.225056098915106,26.898860471570178,18.5
7.574676654853963,24.595459170548054,18.5
7.3597111569059015,26.371101796714886,18.5
7.060267931367111,27.27324059545933,18.500000000000007
7.959910074103694,22.594975471116577,18.5
7.690966999687409,22.576911909791978,18.500000000000004
6.634275012291702,24.743394936875458,18.5
7.308702862734589,23.11992174094948,18.499999999999993
7.101991165212036,24.306880600433004,18.500000000000004
6.77699099010162,26.18619474317878,18.5
7.168142915463658,27.581050099815826,18.5
6.902270861992261,27.389110702847866,18.499999999999996
6.951757588707872,23.61798456182805,18.5
7.415226887743202,28.158662326322688,18.5
7.005570338193968,27.777338915792434,18.499999999999996
6.667381303960244,26.72035665446612,18.499999999999996
7.128152616657568,25.572510797272784,18.499999999999996
7.2498171746642655,27.35019765121515,18.500000000000004
6.226731718493692,28.332037983980875,18.499999999999996
6.9067946645015965,26.128381701630406,18.500000000000004
7.056035777775475,28.196503996777995,18.499999999999996
7.0949547819583545,26.089245182707767,18.5
6.276483312523858,28.186746852377205,18.5
7.1366697006236715,26.548852751943063,18.499999999999996
6.1310077553607085,28.20920208434164,18.5
6.6568449425344856,28.37118720775526,18.5
7.228897917265801,26.86828994862752,18.5
7.114318120666939,28.156546577674835,18.499999999999996
6.183882698382033,28.113237825182434,18.5
6.733658829050498,28.20658077858233,18.500000000000004
7.333476210725459,27.427306715873407,18.5
6.646620798774534,28.41953836061181,18.5
6.461923663224214,28.05133375010164,18.500000000000004
6.369311645559326,28.37792713936646,18.500000000000004
6.398622167406814,27.96984826070842,18.5
5.7681141048222795,28.305481309987325,18.499999999999996
6.883265424986468,28.103480743865337,18.5
6.706877467616216,28.24867881884159,18.499999999999996
6.808051540066057,28.194457972631643,18.500000000000004
7.033633561176688,28.431619518255832,18.499999999999996
6.737823754149938,27.92104741401957,18.499999999999996
7.108016024441392,28.38080059135306,18.499999999999996
6.797883500919243,28.295468974751,18.5
6.410783472830079,28.531771113291423,18.5
6.301553620247473,28.404136605738973,18.5
6.500603419743575,28.465938688070622,18.5
6.2694462296349975,28.465249478644424,18.499999999999996
6.260201808052156,28.375575948445924,18.5
5.871494197016812,28.345894253531576,18.5
6.617787781798545,28.46224837557922,18.500000000000004
6.398099926963297,28.37201675725265,18.500000000000004
6.510518760978888,28.716260684604656,18.5
5.998449812409124,28.466309518699944,18.499999999999996
7.145923336095706,28.55879599928698,18.5
6.736627697391309,28.325624173175658,18.499999999999996
6.8771545059816015,28.510474443574243,18.500000000000004
6.5856941731199905,28.562701975576847,18.500000000000004
7.12993682981978,27.543825566318144,18.499999999999996
6.879677656666225,28.02400229722276,18.5
7.316217070621324,27.925768465298418,18.5
8.908396277940032,18.0313753590113,18.5
7.304359370080634,18.341230198174824,18.500000000000004
8.098035900529895,17.33102999033272,18.499999999999996
7.855376973155523,17.75754204037768,18.5
7.126140882399731,17.765583197906775,18.500000000000007
7.686135170849614,17.96631378075083,18.5
8.29592489105043,18.134803708322057,18.500000000000004
8.470460404250506,17.9140428799855,18.5
8.25936338302265,18.119441328144394,18.500000000000007
8.172698338539373,17.743775190892304,18.500000000000004
9.18603736203021,18.35713433279394,18.5
9.320682153864437,18.79089721253861,18.5
8.585311896004576,17.766977719769997,18.499999999999996
10.194103276698476,19.73016245019883,18.5
10.973148882750186,21.10910490910534,18.500000000000004
7.93238497543945,20.00197249607976,18.499999999999996
9.627188623699423,19.70481563914895,18.5
9.747590157213756,19.931399986062296,18.5
9.256974990844464,19.883280759473703,18.499999999999993
7.140083839461693,18.846843784428682,18.499999999999993
9.791490361807746,19.249934675219734,18.499999999999996
8.253647831815169,17.766935653753535,18.5
9.88584970588401,19.820549510398127,18.5
8.561887470219002,19.405977564470987,18.5
10.126701595252895,20.279417959444036,18.5
8.96270667936043,20.43337946056141,18.5
8.763297247158295,20.17005871030845,18.500000000000004
8.747624041430486,20.963297313301407,18.5
8.880341192155143,21.939221486156484,18.500000000000004
9.300942518863598,21.544907729845946,18.499999999999996
8.264783248539516,22.231202921341755,18.500000000000004
9.538350376242152,20.727978366181762,18.5
10.49102591904844,19.6926225094651,18.5
9.806891041313769,20.548082137720822,18.500000000000007
7.71502446075984,20.27571628937054,18.499999999999993
9.543358713408345,21.466898018589394,18.5
8.91816578812842,20.203379794128494,18.5
7.4544483894050195,22.41406978353164,18.500000000000004
8.868627916560193,22.649493346937597,18.5
8.890427403367505,22.50510629559736,18.5
8.784778044713825,23.485091889604664,18.499999999999996
8.093434276041794,23.549466694469476,18.5
9.25606684317653,22.11457180719326,18.5
9.073212887865553,22.698524595171722,18.5
9.128298900737912,22.87650806943064,18.5
8.958528589323494,22.386157824995063,18.5
9.660149181161227,22.838146450932985,18.500000000000007
9.991131877052172,23.287848805928775,18.500000000000004
9.515085163302446,22.46160693093056,18.500000000000004
9.411283396095358,22.775156859159907,18.5
9.426327750980178,22.50331867495394,18.5
10.365462849994254,23.862382910304923,18.5
8.991765468061464,22.25957589229601,18.5
9.153007410790494,25.52677747025609,18.500000000000004
8.67161419097195,25.695455426322923,18.5
9.11364541793103,22.800915072446553,18.5
8.90284355544173,22.405922317625784,18.500000000000004
8.665637572332782,23.436393951681737,18.499999999999996
8.4862822003919,22.740415105939412,18.5
8.201406656148071,24.862330421883637,18.499999999999996
9.349701196488299,22.861205871340886,18.5
8.08440955999787,24.88529298929314,18.499999999999996
8.670353166095367,25.373236821251364,18.500000000000004
7.88343288306961,24.332705004810517,18.5
8.278818653879819,24.324350448023537,18.499999999999996
9.562437903570125,24.001757308742338,18.500000000000004
7.939322035727905,26.793644850272667,18.500000000000004
9.473633048773165,23.72616296964147,18.5
7.5070408504294335,27.046896183477777,18.499999999999996
8.102104792636466,26.950475299456095,18.500000000000004
8.04911739852178,27.3835125075021,18.499999999999996
8.002878904916079,27.53842588309693,18.500000000000004
9.026285787992787,23.84999506453289,18.499999999999996
8.67103818976036,26.83763925683247,18.5
7.6685566928897755,27.168193463138852,18.499999999999996
7.823813939834368,27.05011791143715,18.499999999999996
7.134690075922095,27.772789975465013,18.499999999999996
7.968464026893239,27.443931256396144,18.5
7.52537271509129,27.728070373356715,18.5
8.593102682287471,27.763547546206937,18.5
9.021404980501098,27.76311919588609,18.5
8.582704224898013,27.561900637438924,18.5
7.3330276149825435,27.577334397906142,18.500000000000004
7.174852145921646,27.755272849983953,18.5
7.422254127600081,27.931052167424923,18.5
7.79135651374027,28.3875840664621,18.5
7.078698297642232,28.285830445195526,18.499999999999996
7.832819935351238,28.310078052217527,18.499999999999996
8.031011766112377,27.814762544053522,18.5
6.843746914685719,28.322359223399882,18.5
7.012634485037938,28.636587277440757,18.500000000000004
8.424361904069018,28.231848535006076,18.499999999999996
7.454379028133322,28.601400234848292,18.5
7.112896725937937,28.64185296836823,18.5
7.849503386355245,28.180870041323047,18.5
7.716939029117799,27.978659679316323,18.500000000000007
9.164355895011028,28.35036602041055,18.500000000000004
7.336032806276432,28.16427408632149,18.500000000000004
7.613320338431813,27.667553457517347,18.499999999999996
7.076646347286633,27.742456664271284,18.5
7.581453679727415,27.72288231203083,18.500000000000004
7.892081132954567,27.8116717195782,18.500000000000004
7.585526149548591,27.719853313857246,11.100000000000001
12.046605147506527,27.97140082286616,12.098095807668233
11.264448268116835,27.91317959342799,11.299350101811324
11.992965156827557,27.850058951805906,13.026889155489208
12.212442615984385,27.808131575514384,13.115559447166442
11.617654928430285,27.797837978666546,11.698941072979087
7.878974870550078,28.17610489253373,11.1
8.442827491884355,28.40130719826784,11.1
8.323408598634316,28.24319484963045,11.099999999999998
9.584259404477041,28.150975180726444,11.099999999999996
7.721837099078165,28.1090643287733,11.100000000000001
5.833869512186616,27.714169074869673,11.100000000000001
7.476679658159081,28.138774782377318,11.099999999999998
5.586499208902397,28.163090191459517,11.1
6.223771995647035,27.82336870900069,11.099999999999998
5.739443100255123,28.054458965259254,11.099999999999998
5.829232151609505,27.62182774954843,11.100000000000001
5.404637228731427,27.714472560957738,11.100000000000001
11.132015269696803,27.729091098297374,11.1
10.867449337305963,27.68241651143263,11.100000000000001
10.945419832170842,27.293659351661912,11.099999999999998
11.496293153440854,27.24392355416549,12.321960572863336
10.729804846188838,27.62324157187068,11.1
10.786522444472734,27.491923105432914,11.29606348803998
7.723122621103959,27.858623063617706,11.100000000000001
7.670041529564189,27.60461338864545,11.1
7.131642943792603,27.662546609391182,11.099999999999998
7.99321513901049,26.88780089408869,11.099999999999998
8.484381365292252,27.48534423061906,11.099999999999996
7.7418171674125755,27.6357114959369,11.1
6.118626219049759,26.88713985561345,11.1
5.5232291110861516,27.467404688503777,11.099999999999998
5.955688605163044,26.236063191274532,11.100000000000001
5.553069425848144,27.502852408805673,11.099999999999998
5.881576993329778,26.89097269598055,11.100000000000001
5.594813774597374,26.488203101098392,11.100000000000001
10.900008687457092,24.86313117165402,11.100000000000001
11.10236250721258,25.765761714309175,11.100000000000001
10.615767273192054,24.888674477640464,11.1
12.269541163881959,22.503231330566067,13.859712586381761
11.234489855018937,24.85405911265211,11.1
9.324485657860647,23.757416782089145,11.1
7.993692028770341,24.54479567875057,11.1
5.306498855333433,24.15029489483064,11.1
6.701106365514613,24.768271966269705,11.100000000000001
8.133288573355417,25.302582770202296,11.100000000000001
9.396680440570496,25.294600475768885,11.099999999999998
9.452279912953633,26.001008320369497,11.1
5.44223697253178,25.79194386031418,11.100000000000001
6.120063471374992,26.13772485964584,11.1
6.275945411296748,25.615114224228016,11.099999999999998
5.688954708526898,24.8570418363008,11.1
5.521554704171795,25.247843487642285,11.099999999999998
5.722553608824219,25.24438554331279,11.100000000000001
11.532765688465084,22.37936525945173,11.296103818617523
10.770443393453716,23.027700142882207,11.1
12.187635352394091,22.987061311721604,11.100000000000003
10.898028908288024,23.471902971588655,11.100000000000001
11.640089264632973,22.262443228953025,11.099999999999998
11.652441907629234,22.951216997728917,11.099999999999998
7.981274816317898,24.830908475097715,11.099999999999998
7.967784094574966,24.061811951372405,11.100000000000001
7.77194414089663,23.95583913794676,11.100000000000001
7.804230989134575,23.983025813020273,11.1
7.783974773265929,23.831271894752756,11.1
7.7257980202738565,24.054315597626882,11.100000000000001
8.280986553467004,24.049727778139168,11.1
6.180810547467243,23.660762900342803,11.1
6.7720136056547675,23.870293385148283,11.100000000000001
8.141807224149602,24.408872686274965,11.1
6.541398324578056,23.946602055468198,11.1
5.5286064440145966,23.987204156911126,11.1
11.441799791842183,20.82219880337224,11.1
12.166364203012261,21.6599382733152,11.1
11.919906271459809,21.779592047997053,11.1
10.500583629996568,21.570222291745917,11.099999999999996
12.07359262235405,21.501176024018715,11.1
11.761885730995864,21.665690189112155,11.1
8.134124801495432,22.93745372777566,11.099999999999998
7.839728780496991,23.546611948519388,11.100000000000001
6.956786108868296,21.953822298768593,11.099999999999996
8.357049800846287,22.23089493274874,11.1
8.345022759361084,23.38247844081466,11.1
8.038648711147717,22.83863890339735,11.1
6.727893936662915,23.54195419633505,11.1
6.990460452689081,22.950281327387742,11.1
7.213792462780749,23.209394745439866,11.1
7.872816862687072,22.579429962799594,11.1
7.0538636634529155,22.799163983138367,11.1
7.48277619359088,22.464593401179368,11.099999999999996
11.735475774913308,20.437786309362806,11.100000000000001
11.871793489078431,19.241556143198814,11.099999999999996
11.960233341325877,19.44720147630633,11.100000000000001
12.202549110893317,21.15675829878598,11.1
11.62061520561477,18.98220545143863,11.1
11.484088162094572,20.637108322941746,11.099999999999998
9.160906514216489,18.839988991797156,11.099999999999998
10.672384692343327,18.965023237374776,11.099999999999998
9.995851383484332,19.0537726025682,11.100000000000001
9.415729458666485,19.086785461493903,11.1
9.105314732279233,19.35234545200183,11.100000000000001
8.746194148266138,19.10972543894355,11.1
7.136945265359141,20.171800304399206,11.099999999999996
7.7272549025365596,19.239829136537203,11.100000000000001
7.556214257032806,19.61307787913333,11.099999999999998
6.611188745075209,19.37229648789251,11.099999999999994
7.593767563019531,19.765619043734073,11.100000000000001
6.114974832725872,19.807779055235486,11.1
11.59996000379257,17.79159175472377,11.1
11.495924077759856,18.285746144800438,11.099999999999998
11.78005273674253,18.417068816228923,11.100000000000001
10.97904796919234,17.662168046342803,11.099999999999998
11.942101559713791,18.23613236787301,11.099999999999998
11.80402047879436,18.25034517931546,11.099999999999994
8.221899639403336,18.844319301277647,11.100000000000001
9.344002346075598,19.07983740231961,11.100000000000001
8.099107561929987,18.814833468439645,11.099999999999996
10.358212494826363,18.54357369168047,11.1
8.05420336874673,18.594034334588574,11.100000000000001
8.061536042909063,18.883483749819202,11.099999999999998
7.212993655858963,18.85408443455917,11.1
7.1907078276133385,19.24002328217819,11.1
8.002728731851718,18.74451540336199,11.099999999999998
6.357467550703961,18.429255761259093,11.100000000000001
6.632132293998706,18.38779119142946,11.100000000000001
7.425568800419712,18.75126603374329,11.100000000000001
10.903977902496452,17.347268541664246,11.1
9.578950178083307,17.215153571290642,11.1
11.359179160780256,17.94999701380848,11.099999999999998
10.871490999235622,17.602752026805206,11.100000000000001
10.934393478779048,17.444273209868832,11.099999999999998
10.37405054329002,17.339068899351492,11.100000000000001
8.022471618395778,17.22600877173543,11.100000000000003
8.642769852180978,17.195293759373296,11.1
8.805677212779141,17.25237988389149,11.1
8.573249061920635,17.367935488543353,11.099999999999998
8.403382399558636,17.26293552749777,11.099999999999998
8.790185038708668,17.43383712289465,11.100000000000001
7.930977134558246,17.230148131985352,11.099999999999996
6.249417027910574,17.318997398750017,11.1
6.90177829634186,17.258853345636393,11.100000000000001
7.005078757553815,17.313490669692182,11.099999999999998
6.545057711292321,17.291487684105597,11.1
6.295115432803735,17.19048161148265,11.099999999999998
6.912116289424557,17.347889325778382,11.1
5.7066136600497215,17.623589551423496,11.100000000000001
7.479468407675944,17.03795143407391,11.100000000000001
6.761366744646014,17.266517824881973,11.1
7.380191993971705,17.218188558467247,11.100000000000003
6.976602194490166,17.214072054979123,11.1
8.358829829322278,17.26000663896581,11.1
8.84150065754919,17.328893652292237,11.100000000000001
8.992615514074178,17.269166797814645,11.099999999999998
8.401700869339164,17.05575144489537,11.100000000000001
8.563162261951996,17.218604999755485,11.1
8.905276653053878,17.24443570723598,11.1
10.11179529402587,17.819334316490394,11.1
8.315983044048203,17.712755155074618,11.100000000000001
9.587171351493511,17.12288761131118,11.100000000000001
9.714293626916183,17.49308360045116,11.1
9.682281898638635,17.425279175260247,11.100000000000003
9.507284864663491,17.808268618310976,11.1
6.811426888448626,19.081534902013335,11.100000000000001
8.231482780626534,18.500116092716723,11.1
7.610142746673655,18.503056742537606,11.1
5.609174335085314,18.559154115528948,11.1
6.246499243082648,18.305873997843953,11.099999999999998
8.320675627811912,18.595474147484783,11.100000000000001
7.161437651839786,18.567578018209304,11.100000000000001
9.600460911486804,17.82059151839716,11.1
10.503999144643517,18.22932950231328,11.100000000000001
9.978799553618607,17.974919546695798,11.1
10.152746397008613,18.16240104236685,11.099999999999998
9.216940616489282,18.374253383037413,11.100000000000001
9.992101890404328,19.070019371136507,11.1
10.472693267470435,18.951217309393424,11.099999999999996
9.307122886749788,18.640248552331126,11.1
9.402656107137183,18.36011495400866,11.099999999999998
10.647133537883654,18.687204426138248,11.100000000000001
10.292701447522234,18.472263604845462,11.099999999999998
6.243164495632645,20.449839199209524,11.100000000000001
5.767000407370153,20.087204554463135,11.100000000000001
6.20183442641625,21.78483544168252,11.100000000000001
5.818608896557542,20.480496325224394,11.1
5.22519550126288,21.073900193518163,11.100000000000001
5.851625761753759,19.794253618376633,11.099999999999998
7.226502124363503,19.804430785922218,11.1
7.044876307360337,19.90180369110127,11.1
8.376699982760798,19.93355813172011,11.100000000000003
7.179164490559263,19.775393291269598,11.100000000000001
6.809160091790736,20.70632617597618,11.1
7.366999879242276,20.350409307526395,11.100000000000003
9.127880906191196,19.715848181260327,11.100000000000001
11.474205337668463,19.922279082028542,11.1
11.465638381028972,20.222430611378712,11.099999999999998
10.700545595335567,20.10728167473464,11.099999999999998
11.244412840245028,20.300939951791086,11.1
9.837625265296031,20.20788420274346,11.1
5.471676411978428,22.736793362591218,11.099999999999998
4.728269131751642,22.902405117746834,11.1
5.001666128165117,23.15233536912892,11.100000000000001
4.877024316710009,21.76110143887356,11.100000000000001
4.72480233276288,22.65600400689566,11.1
4.722876078953684,22.547055892469206,11.100000000000001
8.322713551651605,21.323955824468424,11.1
6.920466543858786,22.820557489835466,11.100000000000003
7.604683440877425,22.979642951720354,11.099999999999998
7.179496390326077,23.03240488412822,11.100000000000003
6.465212262811494,22.028543127920212,11.100000000000001
7.151919922077566,20.725752598112045,11.099999999999996
9.790035537730121,21.852760310868394,11.1
10.315808161705807,22.479720099727516,11.100000000000001
11.981448578406738,21.489485489825558,11.1
11.52663472838065,21.54290611705262,11.099999999999998
11.389872517173924,22.082168466231053,11.100000000000003
10.037179145233715,22.35407113951937,11.1
5.038218969501068,23.17154617203522,11.1
4.748369170065964,24.295695678220323,11.099999999999996
4.996502327232952,24.548236797701424,11.099999999999996
5.216939591299438,23.969096850465995,11.1
4.899933613610652,23.491224421907706,11.100000000000003
4.902575091321363,23.58109889958522,11.099999999999998
5.435182128169058,24.043478714796844,11.100000000000001
7.117694644256981,25.032473358655157,11.1
5.637656023618754,24.770989188133306,11.099999999999998
6.004478223797063,25.115826997555533,11.099999999999998
5.560298034784883,24.50343335674421,11.099999999999998
6.036523598489559,24.084127693531823,11.099999999999998
8.785286336401418,23.34112729346798,11.1
8.264216157961274,22.587528701602192,11.1
6.960341584445085,23.6972739201162,11.099999999999998
9.363269231035048,23.690831145677144,11.099999999999998
7.496856896979068,23.95275709149973,11.100000000000001
9.823742717269162,23.80325253268296,11.1
5.28841431691648,25.048237005730407,11.100000000000001
4.889739065633383,25.32127867722605,11.1
4.613988485310809,25.58237380552731,11.1
4.841302207685875,25.445289576471573,11.1
5.313111218658538,25.10292979881634,11.1
5.188113385621614,25.020623281926557,11.100000000000001
5.192797410816816,25.31938506793975,11.100000000000003
6.085767572819966,25.0538749955216,11.1
5.486793716612336,25.01007894670987,11.1
6.073741760525534,25.43980340559045,11.099999999999996
6.220304949786695,25.243500687938766,11.1
5.878023319475359,25.095464920225933,11.100000000000001
8.434907164437325,24.761692288540615,11.1
10.211335468999543,23.96875028888824,11.100000000000001
9.009635189906781,23.915800130599028,11.300889471438657
10.849530166372809,23.88269037235946,11.1
9.628797633362081,24.429263478240337,11.099999999999998
9.587155620403484,23.895961696272497,11.099999999999998
5.273692551615339,27.129074157826498,11.100000000000001
5.664703947707432,26.517373088515622,11.099999999999998
5.487633213906483,27.343932822522717,11.099999999999998
6.110657412460281,27.50901588199293,11.099999999999996
5.139918133466856,27.24729499775356,11.099999999999994
5.881440170459717,27.284778573945946,11.1
5.76581095879097,26.30043327183145,11.099999999999998
6.2485649821711515,26.9128522027786,11.099999999999996
5.645055415346524,26.674365357793995,11.100000000000001
6.6559563205522325,27.412742178288255,11.099999999999998
5.325417279214792,27.0023660849512,11.099999999999998
6.492489331893675,27.261586694164397,11.099999999999996
9.647898422074297,27.721263451666353,11.099999999999998
8.517182546094654,27.684003353840755,11.100000000000001
8.795887492489477,27.745416921938848,11.099999999999996
9.439975204773754,27.83804054552908,11.1
9.77455748749069,27.809782574285187,11.1
9.753716047059674,28.00799055426741,11.1
5.688990871500074,27.512156612256454,11.099999999999998
5.002107717092002,27.13919626360253,11.099999999999998
5.4822464141358775,27.86243219547732,11.100000000000003
5.5912250337676035,27.75762818442837,11.1
5.442539973882756,28.019633968557418,11.099999999999998
5.141499234228707,27.478496280537268,11.100000000000003
5.275993307295936,27.71364596205682,11.099999999999996
6.6344335831983035,27.914915368798624,11.100000000000001
6.791857494998529,27.709224163515298,11.099999999999998
6.382915040552174,27.91859538416209,11.1
7.004527616097541,27.88696424974565,11.099999999999998
6.10844520963265,27.887185026062863,11.1
9.580404259502137,28.240273751955712,11.099999999999998
9.066738407246445,27.92081282981135,11.099999999999998
9.201717296889136,28.255638926115907,11.100000000000005
8.936781710394275,28.367402027346596,11.099999999999998
9.281785232307898,28.17436595870437,11.100000000000001
8.611707011061217,28.362222687023216,11.1
10.011818417752867,27.707793234735895,18.291976911477803
10.023057039467794,27.62340641627691,18.5
10.874691253708665,27.76611863249827,18.300238679952937
8.790911595483005,27.528171279491467,18.5
9.491295938948879,27.437887654433677,18.500000000000004
10.898044578018807,27.352759236161898,18.289092440238562
6.600486572937111,28.671066267467836,18.5
7.164000535490351,28.64952128993733,18.500000000000004
7.627188777633192,27.982367507501056,18.5
6.409071017646026,28.55634696026709,18.5
6.960334592954846,28.38026941622694,18.500000000000004
7.0633616392387335,28.26354345533187,18.5
6.970190975451941,28.5959752548505,18.5
7.064152090055368,28.629310649151744,18.5
6.45450562029769,28.372142930752663,18.500000000000004
6.405195650816023,28.455465496551017,18.499999999999996
7.110909643424805,28.31890182773791,18.500000000000004
6.257915306501715,28.549453999546873,18.5
9.814599188616992,26.362365431762004,18.5
10.386323691326345,26.47133293458364,18.5
10.223313749318745,27.1702641929462,18.5
11.107681951409516,26.540666649564308,18.5
10.117724469541889,27.29820873079365,18.499999999999996
9.17240824750974,24.746653466060344,18.5
8.463595745803179,26.875441977853935,18.500000000000004
8.60766048759489,27.097684287565595,18.499999999999993
8.350095964016955,25.918609897168363,18.500000000000004
8.7899270037517,25.802813331257358,18.499999999999996
8.294727433233213,26.463729439000527,18.500000000000004
8.127381414463017,25.217256785049347,18.499999999999996
6.699272214363099,27.976912308908254,18.500000000000004
6.389022150867584,27.787440905840693,18.500000000000004
7.569699885992805,26.92007469138527,18.5
6.890914591591993,27.65513182594207,18.500000000000004
7.730555135551106,27.290364335346293,18.5
7.873182520054405,26.998796265584463,18.5
9.759509425839841,23.516338188655624,18.500000000000004
10.857417046456375,24.540839786195043,18.500000000000004
9.3652516909179,24.022879667059225,18.5
10.462928833293484,24.220255517799497,18.500000000000004
9.860205561477969,25.53821214203561,18.5
10.302324794443779,25.01895671598531,18.5
7.9262516259825375,23.003264468391905,18.5
8.589716643740218,23.456794285851267,18.5
9.013683777132462,22.852003763422204,18.499999999999996
9.299948316139933,23.49551116672207,18.499999999999996
8.52436011708646,23.695377270197007,18.499999999999996
8.603329184712775,23.588375579868305,18.5
7.300824935183926,26.242744681828807,18.500000000000004
7.402749614743792,24.59778272927227,18.5
7.668909375659299,23.857543942035655,18.5
8.09839843752834,22.94075890756372,18.5
8.299274251017819,23.117713071897292,18.5
7.332564975747337,24.118925674952163,18.5
10.014548412018785,22.08696292685114,18.5
11.045627955163747,20.576633002122602,18.5
9.091508644581559,21.92845912147618,18.5
10.468059678507776,21.893907046576082,18.499999999999996
11.159624883153946,22.61390370256862,18.499999999999996
10.75038934912784,21.67357700544755,18.5
9.388311274573258,22.252649038880946,18.500000000000004
9.316874245957896,22.97551889590008,18.5
9.474811699887743,22.974653619170486,18.499999999999993
9.196693047124622,22.357890599963596,18.499999999999996
9.490214273415125,22.77853566412888,18.5
9.491642507617494,22.90094193117197,18.5
8.673966867448948,22.462397615308497,18.5
8.666649482550715,22.60609972898824,18.5
8.203862198934779,22.499708760300937,18.500000000000004
8.74452332455244,22.245716499523123,18.5
7.1847186419235,22.805986480758015,18.499999999999996
7.675453248167508,22.630980486829856,18.5
11.297805305630865,20.540910380381252,18.499999999999996
10.61607048590671,21.529500027660337,18.500000000000004
10.700236934194066,20.61716970788913,18.5
11.53856308215202,20.807700920723608,18.499999999999996
10.808963529207672,21.56705958660677,18.500000000000004
10.828122700900119,21.99213015164765,18.5
8.863243792687257,22.597449320867213,18.5
8.226053681907183,22.365538361037405,18.5
8.225622041974642,22.972535153028314,18.500000000000004
8.938932753595676,22.51189841969641,18.500000000000004
8.770354669012121,22.602695565759305,18.5
8.707640870552973,22.575714613581564,18.499999999999996
9.314299131056726,22.37552191319793,18.5
8.934313523896655,22.083230401442087,18.500000000000004
8.596150944698715,21.34364861383343,18.5
8.623424744848748,21.7390077767021,18.5
8.955368759222274,22.713323399586162,18.5
8.8434556640785,21.441633790490183,18.5
8.63856919669533,18.316124440666197,18.500000000000004
9.3941813964091,19.077200866908026,18.500000000000004
9.19353531099976,18.580866563354892,18.5
10.40733345662427,18.776089460349482,18.500000000000004
10.826201879303094,18.580771466975893,18.5
11.008735700184797,19.39736236529075,18.5
8.540761196691022,18.863610463789136,18.5
8.375755074243363,19.083988434582967,18.5
9.884017738886806,20.74887677845669,18.5
8.918824430295963,19.91956082120684,18.499999999999996
7.70627766883028,19.39894958672424,18.500000000000004
7.841204991622099,18.85331722368281,18.499999999999993
7.93745165288456,20.716225229434674,18.499999999999996
7.929250197239083,19.902704408660334,18.500000000000004
8.792612906628527,21.635037148307028,18.5
7.114029209652039,19.59445937007208,18.5
7.2756098961681985,19.304382510258463,18.500000000000007
7.570282335221901,19.232617056385738,18.500000000000004
8.746182571340533,18.589680428800225,18.5
8.37728613256263,18.236726635789427,18.499999999999996
11.603332774166864,18.752848358335992,18.5
8.974849718712296,18.4567683778932,18.499999999999996
10.868801952007997,18.517025647659086,18.499999999999996
10.439557315687995,18.271760035910265,18.5
8.440479155423516,19.190502006638624,18.5
9.338713623267916,19.56286332695932,18.500000000000007
10.08286023415634,19.24253511897583,18.5
8.799645838733175,18.533868015555992,18.500000000000004
10.20983021797782,19.947698169743106,18.5
9.157611703701631,20.702124642367686,18.500000000000004
7.23054275878003,17.927115027408476,18.5
7.760612963381955,18.61732305544149,18.500000000000004
8.63783869737569,19.650269918009084,18.500000000000004
6.744264249090078,18.999126344220137,18.500000000000004
8.094529217504364,20.323587785565554,18.5
7.377802484685686,19.26653057565083,18.500000000000004
9.161741418240311,18.338410324976813,18.5
9.311816475077988,17.921241778801928,18.499999999999993
10.320930837127529,18.259640663223376,18.500000000000004
8.830906048404971,18.493615723820753,18.5
8.804661879418294,18.156822635741772,18.5
9.502434714257516,18.704587265004676,18.5
6.478109219412161,17.072774886902035,18.5
7.903907603165166,17.35725592724473,18.5
7.483078733950534,17.526971250512716,18.5
6.498009472157809,17.113646931323917,18.5
7.616777067042079,18.083066965008783,18.5
8.002740764743358,18.047929235585677,18.5
7.411568515916844,18.639373498446247,18.499999999999996
9.730001920153494,18.666635170710094,18.499999999999996
6.876080872001399,17.78607001149294,18.49999999999999
6.623831531606228,17.73679792812356,18.5
8.025288684302621,18.155790303407752,18.499999999999996
7.702099259794517,18.731292168988844,18.499999999999993
6.520969554274678,17.152025016763755,18.5
7.615576862567722,18.807285526512377,18.5
6.980441594484723,17.92445998161163,18.5
6.408711018954633,17.163024906866287,18.499999999999996
6.660941099020887,17.106199007198484,18.5
6.080520078370685,17.445735810480052,18.5
7.498166533416359,17.68847427746975,18.5
8.523070028966881,17.827472580305795,18.5
7.196186787908374,17.538643461316003,18.499999999999996
7.391054403915783,17.56432836968283,18.5
8.056563223887444,17.279025247856023,18.500000000000004
7.333791077476772,16.929607741861552,18.5
6.702041531007914,17.322482387834363,18.5
8.900266953394548,17.621016906769903,18.499999999999996
9.234443057224656,19.229863767157376,18.5
8.792849259818672,18.20544125165037,18.499999999999996
6.895025667862829,17.61727040962697,18.500000000000004
7.938245422170902,17.57801453206959,18.499999999999996
6.206391154682588,18.1552070365484,18.5
6.330026001602899,18.880589465832436,18.5
6.784837254622786,18.60127596277396,18.499999999999996
6.578986424826116,18.456608342859194,18.5
6.9807165389565204,18.333762243404884,18.499999999999996
6.840866351804616,17.874178077443055,18.500000000000004
8.947239407134225,19.395701930483273,18.499999999999996
6.700780899572427,19.607515178884963,18.499999999999996
8.212216583997087,19.101589378839208,18.5
7.042513168299915,18.286691849243336,18.5
7.112537138883385,18.075123158366342,18.5
7.529390265592026,18.239027472014005,18.499999999999996
8.058485181954484,19.289189991555812,18.499999999999996
9.334683030847604,19.790533617296685,18.5
9.942164734542375,19.72844443796332,18.500000000000004
9.224040889833123,18.590985364590185,18.5
9.527669464565129,19.228051142061947,18.5
9.395629156530111,19.893260045270157,18.499999999999993
7.990448666551742,20.932032049305388,18.499999999999996
9.473447361436865,20.667955441261018,18.5
7.223843171819418,19.390132990853896,18.499999999999996
6.751775457466283,18.96346772821129,18.500000000000004
5.742115274416416,19.31924284740783,18.500000000000004
6.425976794800945,18.63997716750113,18.5
9.931660908948098,21.82132027238391,18.5
9.279212381409392,22.138271649818385,18.5
9.36150535041419,19.984339223333638,18.500000000000004
7.798940257493147,19.676217305646066,18.499999999999993
7.812964674646443,19.35724065881631,18.5
8.547080012202395,19.828142136609724,18.500000000000004
8.613681546114096,18.42102779148548,18.500000000000004
8.640182839349094,20.408077091193377,18.5
8.1457018079913,20.339816796429567,18.5
8.700066247717164,20.399098181600074,18.499999999999996
9.107366319416368,20.148354843105444,18.500000000000004
8.585967547587881,20.425507114673305,18.5
7.558902168679674,20.828531587378897,18.499999999999996
7.478419625055782,21.37850048109323,18.50000000000001
7.222968525329682,20.187187424508295,18.500000000000004
9.04725535082795,22.590284106239594,18.500000000000004
9.328929616535577,22.896047541645373,18.499999999999996
9.759608699535551,22.899359680302823,18.5
7.732959950338016,21.72185729973203,18.500000000000004
9.31444196519321,22.70659580021101,18.5
8.230003026978727,21.97117294109763,18.499999999999996
8.861539856642503,22.718783645348903,18.5
9.523808567198882,21.53525160280505,18.5
8.3079025237696,22.046190423001203,18.5
10.795674478571254,19.983450909398698,18.5
10.555223710021606,19.895797485510155,18.499999999999996
10.255113771435381,19.767323573516464,18.5
9.44087635748716,21.09629443608467,18.500000000000004
9.578551396037003,21.787743681097673,18.500000000000004
9.95041492539863,21.626493361502277,18.499999999999996
6.334505336621963,23.667536524615393,18.5
6.727561355074132,22.92171968621683,18.499999999999996
7.8612762922384265,22.624397671593073,18.499999999999996
7.580424277876325,22.755576266215943,18.5
7.717894837849351,23.38099119286207,18.5
8.802666523782138,22.716657889219114,18.5
8.759748209319344,22.73853557257537,18.499999999999996
8.887073722548934,22.471868135967455,18.5
8.91621843226086,21.84060452038013,18.500000000000007
7.959048316616203,22.30932146454641,18.499999999999996
8.994846625113045,22.171366146855263,18.500000000000004
8.61312454012258,22.395061791615216,18.499999999999996
9.382000550392581,22.90475712966784,18.499999999999996
9.969647898260853,22.85333698664375,18.499999999999996
8.848521570205053,22.694809289229944,18.5
9.474297303142203,23.88025276766246,18.500000000000004
9.167915061499835,22.545131381500987,18.499999999999996
10.67640932930913,22.543638309841068,18.5
7.520071403775499,25.37858022633071,18.499999999999996
6.989522227779157,24.821691653119156,18.500000000000004
7.294230254666417,23.897344856301974,18.5
6.2817117898040475,25.578150371766462,18.499999999999996
6.058071535294691,25.85905259570635,18.5
6.803069110909983,26.617478067841486,18.500000000000007
8.004970429148457,24.18639525995171,18.500000000000004
7.70681253576568,24.918086155421175,18.500000000000004
6.276266502045326,26.767927266973075,18.499999999999996
8.342737004976938,24.23767985411098,18.499999999999996
7.95052604815948,24.319259843094446,18.500000000000004
7.2449991961454785,25.861850374006515,18.499999999999996
9.434089491427619,22.70954063842685,18.5
9.494767457728857,24.275437585655787,18.500000000000004
9.869140184358285,24.53310868996551,18.500000000000004
9.200126424788738,23.5921881406913,18.5
7.748719216577149,26.81506908162632,18.500000000000004
9.548146016468367,22.29449257646008,18.500000000000004
6.693884467301234,28.091500239017098,18.500000000000004
6.4493272521396605,27.76570492002156,18.5
5.855279077817219,27.2355978814108,18.5
6.607513574874516,27.517612248507078,18.5
6.551981252096498,28.252461602142073,18.5
6.491885850522679,27.481831856322128,18.499999999999996
7.402464183295025,27.781492144672104,18.500000000000004
7.9511643632159315,27.623758764075387,18.5
7.825785974739475,27.444011103049977,18.5
7.966998139918022,26.600332705817934,18.5
7.993258147574458,26.594768673665023,18.500000000000004
7.695945828250358,27.461951106785637,18.5
8.814435871432014,25.872974897589085,18.499999999999996
8.413838543857507,27.26614073982369,18.5
9.080689564906868,27.462585762466908,18.5
7.860458591116348,27.555945334490584,18.5
8.053722983533786,27.349342580938867,18.499999999999996
8.75083372372579,27.57068815833437,18.500000000000004
6.096549950854441,28.45829992786969,18.5
6.390851151643855,28.389074313522567,18.5
6.065364835774755,28.387591659985763,18.5
6.832005064877486,28.234629633093846,18.5
6.141155714493705,28.501543408135586,18.499999999999996
5.992509456341982,28.38411965249824,18.5
7.4821538349409735,27.95678878116811,18.499999999999996
6.683617609217158,28.552763640979137,18.5
6.594806343261614,28.029466359470263,18.499999999999996
6.214743619267573,28.514517179586246,18.500000000000004
6.958338892144412,27.56537614161677,18.500000000000004
6.870012989087429,28.095101520184155,18.499999999999996
7.344855856200454,28.509629690561788,18.500000000000004
6.775743689422194,28.437056464852624,18.499999999999996
6.714330783906068,27.940345410947796,18.499999999999996
8.191218719434247,28.248704326698356,18.499999999999996
8.453331746268466,27.772151827835742,18.5
7.40590607062598,28.285009017490076,18.5
