12.23866691768332,28.283204892634217,11.100000000000001
8.514921628817495,29.207530896003597,11.100000000000001
11.852979311989117,27.356353609886586,11.100000002332795
10.04969612322303,27.867397681585505,11.099999999999998
11.041523755058508,27.758545506357425,11.100000000000001
12.90445671734089,29.207531745392775,11.1
6.240191045033645,28.6719290081217,11.099999999999998
6.4945397633492785,27.226704102063614,11.099999999999998
4.12537800848371,25.631323860583024,11.099999999999998
5.956834078485547,26.75494121776075,11.100000000000001
6.594727565232057,27.348865163492945,11.1
7.5185595091868045,28.12305106171029,11.099999999999993
5.928908832307298,26.654200007910816,11.099999999999994
5.654331389187103,26.892949888425697,11.100000000000001
5.165457287169781,25.705588778204334,11.099999999999998
5.588426143473799,26.505516599712788,11.100000000000001
6.955851838588221,27.349595316276236,11.099999999999993
5.884784046672605,25.999006261941197,11.099999999999996
10.35283142448971,27.026995157143965,11.100000000000005
10.301238500378604,27.949645828048382,11.100000000000001
10.589232785144748,27.075137699536665,11.100000021073532
10.242760745984269,27.282075583522772,11.100000000000001
12.904457334946581,27.419428017820888,11.099999999999998
9.59238072145833,27.374852885595686,11.1
6.715970482988221,28.242302513857272,11.100000000000003
4.125378696910838,23.205593092158097,11.1
5.016137796885897,26.00854826497205,11.099999999999994
6.643792125396933,26.457886042941368,11.100000000000003
5.201093076764487,28.35289267757268,11.100000000000005
6.263282118431107,28.40615725789319,11.099999999999996
7.757214076740904,28.642372351765587,11.1
5.536628702678307,26.33328294879005,11.099999999999998
4.985223686236503,28.175411667640557,11.099999999999996
4.8929466582955605,28.129409225310877,11.099999999999998
6.0620803274968935,28.125627073171476,11.1
6.028328765990704,28.30350415759075,11.100000000000001
4.125378424179611,26.903914004878402,11.100000000000005
6.580839409851099,27.702409776068563,11.099999999999998
6.19590622735382,27.159487999629707,11.099999999999998
7.533961775079526,27.704766632844745,11.099999999999994
7.901565251570158,26.605549519202633,11.100000000000001
8.095704756220732,26.736241865016886,11.099999999999998
5.0362352421707515,26.484966387398188,11.1
7.0088347026176505,28.24783196574078,11.099999999999996
4.125379156887662,25.63132453149009,11.099999999999996
6.44396702894373,26.736479526345935,11.100000000000001
4.125378506447472,25.63132414645358,11.100000000000001
5.811638951490416,26.57603986639712,11.100000000000001
6.2718279249166535,27.00855720164387,11.100000000000001
6.109707741240269,26.563496917914467,11.100000000000003
5.6913936851985305,26.362357564017966,11.099999999999998
5.822210958475784,26.429871974727,11.099999999999996
5.495779713035142,26.336405131319136,11.1
6.381890813430887,26.759424936757824,11.1
10.728349234188304,23.625094031983963,11.099999999999996
11.59889025032331,24.02283164050774,11.099999999999993
10.282275867104545,22.77505806694015,11.1
12.904454862625142,24.04296183465744,11.099999999999996
11.327484718207351,24.086618685720556,11.1
12.904451929101556,23.843219471302532,11.100000000000001
7.097045149710624,27.819311979027045,11.100000000000001
9.369607097327007,26.72310212372355,11.1
8.500129927367807,24.715492550836473,11.099999999999996
6.0795057272042206,23.292695463435564,11.1
5.778428882742345,25.17576575170688,11.099999999999998
5.0330893763651225,24.119793125925916,11.100000000000001
5.1427520002099,22.196484408400146,11.099999999999998
5.691788958213586,22.112515710010857,11.100000000000001
5.140212386408678,22.216718256673012,11.1
8.514917169392117,27.41942761118464,11.1
4.607379273668708,25.5069858265002,11.099999999999996
5.680918179022486,22.084531113133078,11.100000000000001
12.904455814353947,23.84321889243658,11.100000000000001
11.743968039994925,22.40130717326174,11.1
10.46359298881345,22.103317150810977,11.099999999999998
8.792176147613558,23.567609644610727,11.099999999999996
12.904439335211379,23.843206708035236,11.100000000000001
9.998482488819477,21.20458351524797,11.099999999999998
4.812291526789557,20.6604565870148,11.1
6.118622001693786,24.054698207294162,11.100000000000003
4.949824904851463,22.14349197998702,11.1
6.896812116537215,23.551123410079757,11.100000000000001
10.722875269625998,22.855474911557657,11.100000000000001
6.037378554913665,23.00414151609143,11.099999999999996
5.325875304555617,24.909683859004627,11.1
4.125378063428469,23.10443641282343,11.099999999999998
4.125378062874314,23.843219769152462,11.099999999999996
5.4356148122624806,24.531790390122598,11.1
6.2777553571386875,22.484934616911215,11.099999999999998
4.64983740026448,20.25940487697072,11.099999999999996
10.699228848296002,20.63077263962996,11.1
12.430970858777574,21.032784592018587,11.100000000000003
12.904457723796671,19.93609265740655,11.1
9.665897039664843,18.599737477809317,11.100000000000001
7.942144706393292,18.758135114377463,11.100000000000001
9.189795601771335,20.541926426471353,11.099999999999998
8.408573348709266,18.55976119161427,11.100000000000003
8.484298211717041,18.502377381796432,11.099999999999998
7.78520620774642,18.94057355108917,11.099999999999996
7.175533577587018,21.704663679335937,11.1
6.429687197055343,21.822428943327413,11.100000000000001
9.607389026571129,18.62113145822585,11.099999999999998
5.899797813686637,24.488428315063913,11.100000000000001
4.723081411469579,20.27611500402185,11.1
4.211855930149622,19.95232522965897,11.1
7.295223993041112,20.853911284993586,11.100000000000003
4.630714774675629,20.719666427617753,11.1
5.407166469102521,22.96012676511304,11.100000000000003
10.133696401013895,19.4853515221671,11.099999999999994
5.239403056868753,16.690803457437585,11.100000000000001
8.768046435521608,18.17684727165704,11.099999999999998
9.327096516075438,18.99555844718878,11.099999999999994
8.391429590978376,17.471117489306618,11.1
4.125463588966642,16.6908289466392,11.1
8.469741796480951,17.56771372400275,11.100000000000001
8.45751743642139,18.48941833410229,11.099999999999996
8.474877234601976,18.766822304762364,11.099999999999996
7.7758662906733305,18.918083239968745,11.099999999999998
8.64848393864828,18.430039818953638,11.100000000000001
8.516028842823092,18.45788552482568,11.1
4.125383613895915,16.69080600313712,11.100000000000001
4.125403927207915,16.690811465852512,11.100000000000005
4.125378109896242,16.690804381831246,11.100000000000005
4.125379237873185,16.690804441755393,11.099999999999998
4.125378272408785,18.124124768862394,11.099999999999998
4.125378227059398,16.690803523199506,11.1
10.602659143994286,16.873004398589423,11.100000000000001
4.125388440382671,16.690803599877526,11.099999999999998
8.21322599286982,17.37030003277536,11.100000000000001
4.125387348999506,16.690805140117654,11.1
4.125402399688412,16.69080708147486,11.099999999999998
8.942078402309567,17.150790704382153,11.1
4.125378996495228,16.6908035598163,11.100000000000001
8.752683306091301,16.690803369134386,11.100000000000001
4.125384187060025,16.69080357411266,11.100000000000003
10.802728574114779,16.69080331620596,11.1
4.12539044810329,16.690805637620144,11.100000000000005
8.345631074420393,17.372030523652036,11.100000000000005
6.389597146905724,17.67965873911132,11.099999999999998
5.452787146055185,18.20675402980401,11.309329834948592
6.119614728478574,17.571052690766127,11.100000000000001
4.12537832950506,16.690803336004997,11.099999999999996
4.125381589420583,16.6908102090716,11.100001929977196
4.4737537615740415,17.652109096302357,11.1
8.898876793241753,16.955339075562595,11.1
7.477207069093365,17.41342904374616,11.1
8.527381924268308,17.499379467496173,11.100000000000001
8.689772057621472,17.636234403231157,11.100000000000001
6.644098299415018,17.46176192701285,11.099999999999994
7.59278232651816,17.054330219379924,11.100000000000001
8.68827035387547,17.08658582510449,11.1
8.75269784686292,16.953864416153777,11.100000000000001
10.59507861061369,17.97469650550559,11.100000000000001
8.662321391244447,16.91391262451349,11.100000000000001
7.6527065676634365,17.446550394318955,11.099999999999998
8.795736541374765,17.736525583191145,11.099999999999998
11.922607874456105,19.253624704426947,11.099999999999996
12.635220735442294,19.84878473765796,11.370369355977937
12.90445786529846,18.478907555864446,11.100000010455627
12.467060476922276,19.09396628356324,11.310035510201608
12.514678233980144,19.078443322137105,11.14000750925079
12.089359975744433,18.957934589466443,11.172318343127733
10.220947907404192,20.577693717994972,11.099999999999996
9.630913313453828,20.112677071334875,11.100000000000001
8.980815754396154,17.096545511837213,11.1
8.811746433313148,19.19105725802783,11.100000000000003
9.111065567457608,17.917701565722435,11.099999999999998
9.25260101676578,19.30835689162073,11.100000000000001
9.844654595844789,20.808686712377938,11.099999999999996
8.514918359168766,20.26701115188109,11.100000000000001
12.423045622430815,19.48329055718316,11.099999999999998
10.948636971663504,18.284232602071363,11.100000000000001
10.979086502987839,18.25942568346819,11.099999999999998
10.901686727803574,18.322483538850317,11.100000000000001
12.012246141346262,20.359250216453425,11.100000000000001
12.727721829257222,20.95148182774623,11.283258713570147
12.87143714905484,22.055863410711037,11.140699613186323
12.558230500915956,20.725349394977034,11.225964443011486
12.595754187583761,19.62004815120577,11.099999999999998
12.714654751187725,20.153174016840897,11.137946186368186
10.512114529544128,21.120609094947817,11.100000000000003
9.329943188766379,22.461688131266406,11.100000000000003
9.972436483404225,20.86073878373993,11.100000000000001
4.465546544771953,18.036419475717622,11.099999999999998
7.186074548573535,19.569175999439828,11.100000000000001
9.079268286714726,21.03875574135737,11.099999999999996
9.976279546163338,20.862304714014474,11.1
10.008555208005385,20.65571871168978,11.100000000000003
9.017762638523847,20.47184715882855,11.099999999999996
8.514919123082713,20.267010239893455,11.1
8.842598533558244,20.65319041181104,11.099999999999996
11.571718170769115,19.45134625097028,11.099999999999998
12.904457862799026,21.115396883044614,11.100000005753806
12.593134868393971,19.524386581280655,11.1
12.546529110613742,20.082273328819955,11.242108747034534
12.408134161929572,20.882202359469233,11.285947066064196
12.658701499385739,20.190726059871924,11.1711701351033
12.64416016024799,20.262566906682917,11.229280280393764
5.324462982807928,23.738841498931375,11.099999999999998
6.6840674133643425,19.272482470078394,11.099999999999996
11.357580559445454,20.556103458599758,11.099999999999994
8.825207662562699,23.305718634357213,11.100000000000001
10.141763013587182,22.886060838636027,11.099999999999998
9.986635147722762,20.86653960759837,11.100000000000001
12.327564538060159,22.97099658258385,11.099999999999996
8.842465537557622,20.733087025752152,11.100000000000003
10.106632159535451,21.949824528876718,11.099999999999994
10.94801763881503,22.534668800601644,11.183608897462392
8.514919528357458,20.2670111449823,11.100000000000001
11.152462880027743,19.27428651893021,11.100000000000001
12.718129270497966,22.374821972566522,11.126452569943892
12.709628973704644,22.09706987348147,11.165198106620887
12.707439784677394,21.505544597233886,11.180443516178208
12.904457537549789,16.690808901799443,11.099999999999998
12.791950605201546,21.12870300812836,11.179252953284072
12.904457753270263,20.267012243102165,11.100000098180502
9.181071380115553,23.970604258698227,11.1
8.629895444325118,23.616896812443567,11.1
9.065005605971972,23.553616858123142,11.100000000000003
4.125381297248013,23.843219585911168,11.100000000000001
4.125398480550278,29.207510137453244,11.100000000000003
8.63877553900801,23.56914845821214,11.1
9.222728772805775,23.89161978521868,11.099999999999998
10.317919362615205,22.960429923715928,11.1
11.064750343175543,23.38792914323797,11.099999999999998
9.830545233517006,23.669742639009307,11.099999999999996
8.742633135005649,23.58059536051407,11.099999999999998
8.726734848695996,23.564318364872552,11.099999999999998
12.904457700766296,22.055115913482485,11.100000020436857
12.590558474772493,22.358457539365272,11.904113646722003
12.904457116253889,27.419422855444203,11.100000878664394
12.904457811164791,22.950324521580956,11.100000221910209
12.417318922396499,23.056432046291434,11.656646043287983
12.904457827941757,22.055115605439266,11.100000229362404
12.904452098835131,25.187849656773665,11.1
12.904446329632062,27.419421527991744,11.1
7.419981826734537,27.0912072648088,11.099999999999996
4.685521989514011,28.183501558304854,11.100000000000003
5.736396539635323,28.433816046130694,11.100000000000001
10.08193387189528,27.063021262870166,11.099999999999998
11.174390221046087,25.121505039198492,11.100000000000003
12.904455279856464,22.816244951565857,11.100000000000001
9.39695746531562,25.816562117485343,11.099999999999996
10.351380944995029,25.586881554706203,11.100000000000001
9.577598389371365,25.753366038601897,11.1
9.43583327670327,25.03181486129068,11.100000000000003
12.79864174412806,24.614206954285944,11.767627717465826
12.563560462667947,23.38688454607013,12.034858800573772
12.83909623225909,26.57150683608176,11.675209740415022
12.57844803236616,24.400541576010113,11.100000000000005
12.565250899294615,25.224066803379532,11.626368089301467
12.63840361129538,26.470500863314303,11.398586574222948
5.704723337088104,27.509713262393873,11.100000000000001
5.914105679372212,27.696582230529124,11.183412939528912
5.4559031663387385,27.054529756349307,11.100000000000001
5.992935954927712,27.50665557059014,11.099999999999994
6.32776986233968,27.782645610349174,11.100000000000003
5.292887810416049,26.857528610261635,11.100000000000001
10.880794872174238,27.49725187506192,11.171594589067347
11.997204476559533,27.71068538299687,11.242344860548007
11.095314677232901,28.213320592047875,11.184809160214426
8.514918097036318,27.419427930109126,11.100000006755774
9.19711791531234,27.495383905993158,11.13420525782388
11.038550944789698,27.3135285211277,11.236875645312404
12.740235493922478,27.634106032708235,11.708627885317519
12.66654100871619,28.258660481257966,11.521603743052076
12.366297257344517,27.64987145635256,11.659422770456649
12.601970959624119,27.574999497583285,11.526312458417834
12.90445780536681,27.41942794312274,11.100000039924431
12.904457826469416,27.419427940879213,11.10000001448874
4.125379515237668,29.20753032867037,11.099999999999996
6.345366063516195,26.999267966777246,11.100000000000003
5.688201112274726,27.910511201825077,11.099999999999994
5.5319468768743985,26.932975972122236,11.100000000000003
4.125412694430988,29.20749047632914,11.099999999999998
5.515669228452218,26.214866265714353,11.1
8.364567532405925,27.75287402114178,11.1
9.304341013716284,29.20753109762346,11.100000000000001
12.904457314252676,28.163499106901295,11.100000010898343
10.75359976972575,28.2955917248421,11.100000008494993
12.904456878277085,27.41942816300949,11.100000335400448
10.88351455363527,28.242670373755434,11.100000186425126
12.644232218820548,28.02417538398273,11.493588891868283
12.76787217612978,28.73108260990852,11.507162407133714
12.70800622031533,28.361233935889445,11.455191586056902
12.62165315581866,27.69182393212273,12.62284980228365
12.732976253582972,27.937168688219803,11.762664121173161
12.904457867178222,29.207531874586152,11.100000086484231
9.510654444973412,25.482306491389007,18.4999993688448
10.319031779750313,27.42320513037506,18.499999986479313
7.985875149193807,27.329865170123266,18.38364349753077
5.940239530284569,26.400692082495777,18.49999978239495
10.955696330306957,27.85809019754398,18.290425572640686
12.904327735923783,25.331450020692902,18.499999915403887
8.514917853538506,29.207531991955875,18.499999998889518
7.5239259762703075,28.44787066113585,18.499999999999993
7.387477371774574,28.123098795346777,18.5
8.514917689107376,29.207531832341903,18.5
8.514917870246046,29.207532004153318,18.5
8.51491775526245,29.20753192515853,18.500000000000004
6.6248090556633645,27.688936627466994,18.499999999999993
6.675067224624694,28.144425370977153,18.499999999999996
7.062294706121702,27.806084712908646,18.500000000000004
4.125378276029749,25.63132404487338,18.5
7.262093486383159,27.315897443664618,18.5
8.110007800794172,28.083267801748182,18.499999999999996
5.305905662048645,27.680717107045425,18.499999999999996
8.981855399265841,24.074960504007105,18.500000000000004
6.374266958639613,27.41942780878479,18.499999968773146
6.340125196669917,27.419427640867642,18.499999926960605
9.431874025742284,27.337246484833784,18.49999994810444
10.908162017651335,23.863124908495855,18.500000000000004
8.514917710965713,29.207531889629138,18.49999999999999
7.574268628366652,27.63440887379309,18.499999999999993
7.139347672564868,26.79807485929054,18.5
7.788425267659565,26.412809453676072,18.499999999999996
6.99854246405324,27.703814121453103,18.499999999999996
8.472863005458176,23.26785970777493,18.500000000000004
5.01042852768858,27.714124460703438,18.5
6.054112585214913,27.729065086757856,18.500000000000004
5.3315526056552525,27.700267859592575,18.49999999999999
4.125379054723737,26.923646270486977,18.499999999999993
6.640949996940057,27.65547308226282,18.5
7.246661909335484,26.990095254380257,18.5
9.637734447968016,22.730178324035307,18.499999999999996
9.776079924721769,22.83028927624109,18.5
8.871817266676127,25.968965242114763,18.500000000000004
9.775721784887129,22.75663488528354,18.500000000000007
12.904437983502707,22.07038438566626,18.5
9.510097174480054,23.25131658071951,18.5
8.514916532965806,26.80471457330025,18.5
6.41610229564489,27.4785729886331,18.500000000000007
8.51491751169192,26.1237867639799,18.5
7.902822537630945,25.910029037718157,18.499999999999996
6.187704440336055,27.15255885453556,18.499999999999996
8.514916371514355,25.631325459544833,18.500000000000004
7.327180623482553,27.28448126643528,18.499999999999993
7.285488282671213,27.90607896355842,18.500000000000004
5.8324616166471905,26.4713696001691,18.500000000000004
7.392056296590011,27.900956444359156,18.5
7.307574553068363,27.74770654592111,18.5
6.805192505674971,27.891027513348764,18.500000000000004
9.986014764914975,23.484736259105965,18.500000000000007
9.471642679099181,22.93063500246951,18.500000000000004
10.061997660560762,23.422054549944217,18.500000000000004
9.435433500248445,23.15545134751233,18.499999999999996
9.397522489642286,23.222851273386446,18.500000000000004
5.923744364709434,25.972981803446427,18.499999999999993
9.09625829762794,23.129537934614056,18.500000000000004
8.893917796799203,23.794470075788453,18.500000000000004
8.088093753238093,21.610254580571414,18.500000000000004
8.702949137128348,23.924962661292614,18.5
9.002460207494362,23.182203472127224,18.500000000000007
8.944748292467605,23.788883133765033,18.499999999999996
7.428028509143465,23.059777924678215,18.5
5.881409051561215,24.745671574158628,18.499999999999996
7.642057728551537,23.99410781067654,18.5
7.328017765787898,24.32669679486342,18.5
6.51782694965047,26.605990863655933,18.5
7.853633074419938,24.281316114964696,18.500000000000007
12.904457413640841,22.055115634215827,18.5
10.46279602221659,22.481509272449873,18.500000000000004
11.237764161545158,22.009107407717853,18.500000000000004
9.606281479862414,22.688484637332802,18.5
9.71432411406739,23.11831306768127,18.5
9.677487574371762,22.996140101843167,18.499999999999996
9.111722628332533,23.049720765735344,18.499999999999996
9.158673748670042,23.23041492823843,18.500000000000007
9.194982599509185,23.256443297247618,18.500000000000004
7.905463728321543,24.55818339811228,18.5
8.47122424227668,22.907604379574355,18.5
9.113481427273122,23.318471472451385,18.5
4.125378119619278,22.05511557781157,18.499999999999996
9.474015542553007,23.09882683078187,18.5
7.481869392968046,22.895810745130248,18.5
7.245905173221891,22.951673635957704,18.50000000000001
8.473772322294217,23.576613098058953,18.499999999999993
9.387883835342139,23.157368465508807,18.500000000000004
10.686044708061148,19.61985701605571,18.499999999999986
10.528637117394261,19.330062944440282,18.499999999999993
10.508907338683446,19.341392870068525,18.500000000000004
8.254697659592049,19.742734955978275,18.499999999999996
8.265758678403136,19.729768448063275,18.5
8.248902047969514,19.75791991269676,18.499999999999996
9.168524007130731,22.84940552299036,18.499999999999993
9.494198929376811,22.458825703495904,18.499999999999996
9.586807620373495,22.2075445871816,18.499999999999996
7.878079428502417,17.562483879451737,18.5
9.497299481753824,22.572986448730543,18.499999999999996
7.462672934963652,18.09700763130023,18.5
7.123255761326807,17.63375763737515,18.499999999999996
8.1246042449041,21.33985355151968,18.499999999999996
8.514916484648403,25.63130878630543,18.50000000000001
7.441644851320532,20.545102122908364,18.499999999999996
9.0816844022683,21.094594487175645,18.5
7.427708168997107,19.14335108767481,18.500000000000004
9.099012201452027,25.503608476803343,18.5
9.890933244110254,22.1249675066256,18.500000000000004
8.879696681837896,21.241362381479483,18.5
8.924376670706005,18.484732623085808,18.5
10.804477308662198,19.448564140977936,18.5
9.795331939444013,20.291181728242933,18.5
9.015044026057854,19.392849332791076,18.5
8.040490317826224,20.794375760607128,18.5
8.785895026610811,20.331530603507705,18.500000000000007
9.493479339908848,22.3421917798207,18.5
9.140574033429719,20.224914122884716,18.500000000000004
9.24239311089701,22.72658084455772,18.500000000000004
6.3294658989537185,17.586794037956984,18.500000000000004
7.246839297719012,17.44581829897122,18.5
6.812063734036527,17.54301403339449,18.5
6.546483073900557,17.265646482333505,18.500000000000004
8.506635646067863,17.902198638800492,18.50000000000001
4.125388812772392,18.478902726632768,18.49999979236585
9.007195145617509,17.967036594614967,18.5
7.045631762637426,17.565550697047126,18.500000000000004
6.579528229869254,17.484233585313923,18.5
9.395098011661382,18.051162474761693,18.500000000000004
9.410479836885212,18.06504610658493,18.499999999999996
9.388297636205774,18.07020444613939,18.49999999999999
6.934750822275945,16.690803283797667,18.500000000000007
7.9888663642547755,16.690803497759763,18.5
6.905274842701522,16.690803366863765,18.500000000000007
6.848340445146903,16.69080345704732,18.500000000000007
8.288228069966616,16.73088201548045,18.500000000000004
6.318158692565498,17.19818072406558,18.500000000000007
4.125377989219369,16.69080328899742,18.499999999999996
4.125378148864323,16.690803332868125,18.5
4.125378093582458,16.690803367908853,18.50000000000001
4.125377968015548,16.690803287562623,18.5
4.125378070086083,16.69080331529873,18.5
7.280140625170971,17.691347243640603,18.500000000000007
6.531649876134613,17.500763867003233,18.499999999999996
8.514917619794952,16.690803337231383,18.50000000000001
6.1800743361638,16.690803413454926,18.499999999999996
8.514917108640082,16.69080337441391,18.499999999999996
8.514915401540184,16.69080375601813,18.499999999999993
5.438540285927949,16.690803374519326,18.5
12.904453801708877,18.478908115626886,18.49999999999999
9.143169849587851,18.139272074429535,18.500000000000007
12.904454926811322,19.158330542151507,18.499999999999996
9.29883272545316,17.908732700607683,18.5
10.912305884931788,19.6610255946927,18.500000000000004
12.904455630922467,19.168920822739043,18.500000000000004
12.9044577802542,16.69080409226607,18.499999999999993
11.640084389004015,19.81496923696802,18.499999999999993
12.032300492980093,20.27950215120048,18.499999999999993
11.414527197012864,20.635339647754016,18.500000000000004
12.147134398236865,20.892853558135112,17.600732881702577
11.555391222797786,20.19295962570655,18.5
8.62881535728937,19.26487812809722,18.5
9.040183279048883,20.666918295203246,18.500000000000004
8.514917853548555,16.69080601616719,18.500000000000007
7.974906060658189,16.829507583305762,18.50000000000001
9.87777118156064,21.40670035801548,18.499999999999996
9.519434890986014,19.469739522790356,18.500000000000007
12.904456655436016,19.166803542329106,18.499999999999996
12.904455247201552,19.146990868228205,18.499999999999996
12.904456255107196,18.478907759855296,18.5
12.904457193131755,18.773017292016526,18.49999999999999
11.662240313955303,18.301340174812218,18.50000000000001
7.6092012217751375,18.740865123428122,18.499999999999993
12.904457722616758,20.267011243822026,18.5
12.90445772625012,16.69080636554511,18.500000000000004
12.278550266371505,19.817699255576436,18.500000000000007
12.52654874220051,21.80463508974374,18.5
12.767755279304296,21.27350349909023,18.245070726357486
12.083864933863174,20.87142924177572,18.500000000000004
11.240684405104858,20.97894740462779,18.5
7.5684181313493815,18.538412267460128,18.499999999999996
12.904450113653715,22.05511307730363,18.5
7.837978036628462,18.810359922134346,18.5
8.15623313481356,19.804728991781186,18.5
9.062307675026014,20.586937151157493,18.499999999999996
10.346323136503814,20.096945475145052,18.499999999999996
10.979035887863768,22.391189247474372,18.5
12.904456885213285,19.867042721926754,18.499999999999993
12.904439715282434,21.935896190458127,18.499999999999996
11.24977266057125,19.93761121521145,18.5
12.14849155820443,23.03375237514648,18.499999999999996
12.144584773490342,21.028920200473895,18.500000000000004
12.904457513286415,18.47890870133061,18.500000000000004
12.033364570344204,21.861536938803507,18.500000000000004
12.482621334915448,20.409780668023163,18.499999999999996
12.800445051661395,24.380101306151055,18.499999999999996
12.281229016890796,22.135578562229306,18.336529118460735
7.433846691041299,18.220294747214176,18.499999999999993
9.356597094115756,21.727015346841885,18.500000000000007
6.774517754584438,16.690807352871598,18.500000000000004
8.428370207877409,26.43166435401718,18.5
9.241086872181233,25.80954961327089,18.49999999999999
9.2991427761711,21.566208433218986,18.499999999999993
12.904456029749143,25.415737311818138,18.5
10.885005505254677,23.727707247352935,18.5
9.706504018491769,22.7439211272679,18.500000000000004
10.24661794679232,23.087149062132937,18.500000000000007
9.753954215865724,23.050279184461374,18.5
9.680488674317498,22.868991350560112,18.500000000000004
12.545067549462063,21.199113705621603,18.499999999999996
12.34147084260749,21.988233884727762,18.43610503974344
12.904457837835174,19.99009149593496,18.5
12.652713733267666,22.693069960249474,17.719788467777523
12.531629160538603,22.17922677822079,17.590398313450684
12.904457814461933,18.478907732693603,18.499999908280078
10.36665871507683,23.343508659407565,18.499999999999996
9.957186887943177,23.615824738671478,18.5
8.720063515740526,23.775118441600455,18.5
9.877157847999408,23.613711340689783,18.49999999999999
12.904457424444299,22.05511577012647,18.5
12.90445572827178,22.05511589228514,18.499999999999996
9.53944831260271,23.026723401375524,18.50000000000001
11.534380016764556,22.341260009375045,18.5
12.904445117107132,18.478928524959336,18.50000000000001
9.507629486300294,22.41710629437745,18.5
9.752810537632792,23.19865055006607,18.5
9.120711794033397,23.172303557004255,18.499999999999993
12.616430537631334,22.609543844241408,17.39760115247513
12.904457813977597,18.47890779927271,18.499999958475165
12.82143755728762,24.29340091294383,14.592191821742079
12.686167915995942,24.73178113151266,16.56912157254449
12.374410736059106,24.408331413957,17.68663927003241
11.926462409489899,22.877100960352895,17.046171584312688
7.20429513046524,26.906706898546293,18.499999999999996
5.92062846261318,27.837024681565488,18.500000000000007
7.091814358564223,26.46736354031879,18.500000000000004
8.56435453930557,25.04991282298442,18.5
8.701010514586558,25.805973083014173,18.500000000000007
7.033019522029551,27.153012263472473,18.5
9.964402333810684,24.13423755389951,18.499999999999996
12.904391913076287,23.843205182484883,18.499999999999993
12.904438424880265,23.843213958104744,18.5
10.733234726040983,23.19489225319855,18.499999999999993
12.90427365377429,23.843170282920635,18.49999999999999
9.590015819580707,23.006278644870115,18.499999999999996
12.904457770407515,25.631323767061918,18.499999897025866
12.247083171522744,25.155158397527366,16.216777819225282
12.47303892613477,20.06857030110592,18.084895396929866
12.69205227639824,23.907426263295964,18.432568866793616
12.904457750304866,22.599788935224755,18.499999885795496
11.835845658183315,25.309681393542878,16.671530929142868
5.340468756290574,27.710969461804645,18.499999990963936
8.514917691394077,27.419428009400182,18.499999988733578
8.514917685605665,27.419427995865156,18.499999995396294
8.514917390827263,27.41942808562947,18.499999999999993
6.142752339444956,27.419427962481876,18.5
8.514917545064938,27.419428034807737,18.499999994771933
7.515533997666341,27.10278228132832,18.5
12.904449147638102,23.843222976515964,18.50000000000001
7.079350556418544,27.707160043083007,18.499999740512955
9.981788302724768,26.576875174739136,17.951401906828014
9.566218563692782,25.437977449682386,18.49999992025497
6.7866513323012105,26.649510781295884,18.500000000000004
11.498190304295,27.379847633652933,17.56379749838031
12.312371012247329,27.485539884663247,17.661073932730908
12.678270365202009,26.98214229533277,18.002660843876672
12.61630894458797,27.373405439350194,17.24719963184544
12.545199301707886,27.7089122219878,14.89516637473449
12.661414414526172,27.534379693780743,17.232109019906915
6.706364546386855,28.179132336421947,18.356862310876355
8.6250963269563,28.277926320928337,17.480537021706947
8.001805872615531,28.194387356643578,17.75104263332932
7.978416793165658,28.83197058482548,18.417534050290747
4.125378106474427,28.432278643096385,18.499999992982875
7.565737694238542,28.47302541864708,18.28643011164463
11.809942617535595,27.963710837607263,14.841465405077427
11.944914252233497,27.598843624822756,13.478134067173505
11.37026259135874,27.414117172445465,16.898887823653045
12.904456308767568,29.207530183762703,18.49999967878435
11.6184494760672,27.981094183974896,17.03274316888462
12.61515812749551,29.01739550171316,11.944579085725
12.307185941551733,27.199245312772337,16.251233228700926
12.203745070151824,27.708607518758367,16.238620918084123
12.224547260459307,27.466046259069426,17.976791424194282
12.509990316053658,27.499082631403844,14.74915115977206
12.507637158450294,26.549455797658066,16.396149489247833
12.03869126414459,27.35088027693259,17.1235331346139
11.682724933980206,26.667930105635755,11.554030938518062
11.417964933937254,26.641206319461283,11.100000000000001
11.019715851564696,27.256597717570926,11.1
11.223919701282117,27.07681709506627,11.100000000000001
11.221870405125951,27.476849470035017,11.212872414841604
11.34574249438779,27.266574389235814,11.100000000000001
5.195663741642108,28.41396933924105,11.1
6.069302370059363,29.207529332025977,11.1
5.986623666486733,29.207531529035737,11.1
6.059868142634184,29.207531519280312,11.099999999999994
6.025355277565362,29.207531482866585,11.1
6.002777640297955,29.207531794467936,11.100000000000001
5.455415436269425,25.957924301118712,11.099999999999993
5.58745274766624,25.843818979724634,11.100000000000003
8.514916211806879,29.207530276551072,11.100000000000007
5.668751850932914,26.483250156019,11.1
5.650003586794033,26.510018906836375,11.1
8.514915262463836,29.20752928978892,11.100000000000003
12.304142770083173,27.175022524076947,11.549523889616086
12.441731869756437,27.56284070578479,11.939217165150058
12.280056483126819,26.850861288424035,11.501248154935324
11.967083156607872,26.548232485376577,11.235573582648737
12.542813262964549,27.383419726358635,11.867831498436281
12.904457521159216,27.419427809200453,11.100000437615567
5.332873226059342,28.465659928744422,11.099999999999998
5.620106575430244,27.397780689978433,11.100000000000003
4.12537849106874,28.596467570734944,11.099999999999998
5.391214606986708,27.374001823124992,11.100000000000005
5.405196302885044,27.3922663920653,11.100000000000007
5.392805318900646,27.37010297561659,11.1
6.191064215499779,27.14846283171664,11.099999999999996
5.942421625465704,28.419853568954466,11.099999999999998
6.540842369710054,27.75734799539915,11.1
5.863691264991244,26.480924183469835,11.1
5.4613679894613725,27.963650977372232,11.100000000000001
5.9646229281774685,28.446230126227476,11.100000000000001
10.271405554340957,26.811175836825814,11.099999999999996
8.514918354536682,27.41942772163095,11.100000000000003
10.345288090359896,26.707226873672756,11.099999999999996
10.318542414936639,26.59165150911776,11.100000000000003
11.274645917157706,27.09452520353211,11.099999999999996
11.314247363302817,27.123503011072135,11.100000000000001
6.19158680904775,27.464373664028418,11.1
6.074689956912589,27.630547337822804,11.099999999999996
6.5293201136446575,26.796566324924243,11.099999999999996
5.819196939397012,27.053495057818694,11.1
5.397505648360239,21.47998396467387,11.100000000000001
6.019364744457633,26.546394901540253,11.100000000000005
6.594023778834565,28.38327754396737,11.1
6.943617232744887,28.225654373811253,11.099999999999996
4.1253783410830565,25.6313239921792,11.099999999999994
8.514916514609428,29.207530453135234,11.099999999999998
8.514917525222659,29.207531667346874,11.100000000000001
8.514916678440814,29.207530579384812,11.100000000000001
12.904457290245386,23.843220024742415,11.099999999999994
11.490460560074709,23.8554811059581,11.099999999999996
10.92598535318165,24.68589648838451,11.100000000000003
10.874427991216818,24.517451939632817,11.100000000000001
11.824603002929559,24.34779094549373,11.1
10.242946329017272,24.044375505931903,11.099999999999998
5.850465068951051,25.524215398192133,11.099999999999998
8.514915444143833,23.843222426323727,11.100000000000003
5.945472766973851,26.673422081353092,11.1
5.780532864273422,25.235198545677417,11.099999999999996
5.684588154189892,25.513161890510073,11.100000000000005
6.151744014447687,25.891276786659407,11.099999999999998
5.269183441862271,25.26959541196642,11.099999999999998
5.278796431826986,25.28187276553659,11.099999999999998
5.819084546627051,26.08110160492772,11.099999999999996
5.377631007173853,25.25243117615054,11.099999999999996
5.185986845519837,25.267182442528572,11.099999999999994
5.125142099800386,25.301537469744563,11.099999999999998
11.663034509215377,23.03242928586759,11.099999999999996
11.700685187515564,21.73045217898389,11.099999999999996
8.944258996920322,20.831750118806852,11.100000000000003
10.263009674949595,19.75815320791312,11.099999999999998
8.880072411951376,20.41575956451466,11.1
11.388852038239943,22.73481615173239,11.100000000000001
4.12537802301676,20.267011638668755,11.099999999999998
4.668802348755305,20.808487930888788,11.099999999999996
4.125378004915214,20.267011614097658,11.099999999999998
4.125378017719213,20.26701165421932,11.100000000000001
5.208780134887314,21.419470916467372,11.1
4.125378040036779,20.267011708582373,11.099999999999998
5.568641430946969,22.78331951504407,11.1
5.709019194053248,21.657096569072145,11.099999999999998
4.125378041157804,20.267011709831703,11.1
4.125378149819208,20.267011909256688,11.1
4.125378086699839,20.267011784951777,11.100000000000001
4.125378070192788,20.26701177287138,11.099999999999998
12.373076264186812,20.32849377349984,11.1
10.424288405769293,21.699216920271187,11.100000000000003
12.354910887078967,20.564398844008018,11.099999999999998
12.904456850934455,23.84321365045282,11.100000371220153
12.603410905174316,19.166194540974665,11.100000000000001
11.137321591610844,20.799715174686146,11.100000000000003
8.531973246785483,17.583269634535327,11.1
7.3823246607081945,20.25787060364073,11.100000000000003
9.290704552672544,20.90447766422721,11.100000000000003
12.904444402606522,23.843207591753036,11.1
7.992417091492575,19.624900691019885,11.100000000000003
8.039065789719624,19.16605029940656,11.100000000000001
4.751750988736652,22.820584127811887,11.1
7.350456091844604,19.349110229050584,11.1
5.836234596545119,21.1935218624873,11.1
4.576485088973846,19.724637854604996,11.099999999999998
4.125378805514905,20.267011682998298,11.100000000000007
7.028139712698095,20.04882165485828,11.099999999999998
12.904457658488855,20.060972515976466,11.099999999999998
12.904456725529585,16.69080414779453,11.1
10.500285877957497,19.16244756005547,11.100000000000001
12.204856772243943,17.9753345415653,11.099999999999993
12.646189971903285,17.202870803130942,11.100000000000007
12.036898006462216,18.38424659166995,11.099999999999996
8.682244236608666,18.674932326405546,11.100000000000003
8.121637224330788,17.562823454774573,11.099999999999998
8.080023979725242,18.934243147652886,11.099999999999994
8.651197203160791,18.72058655596254,11.099999999999996
8.461154248256152,17.593330730811186,11.1
8.512968506746615,18.840394893096533,11.099999999999998
4.1253790931162575,16.690805780814415,11.1
4.125380097677033,16.69080499580043,11.100000000000007
4.125378409825937,18.478907208651425,11.099999999999994
7.027103721794231,17.64703765763935,11.100000000000005
8.377870735529582,18.080171946383157,11.100000000000001
8.759474960254552,18.570342206939877,11.100000000000003
10.359083327260297,18.342406357890404,11.1
11.65220004976121,17.82498960311284,11.1
12.216630580937721,17.741333530337506,11.100000000000003
12.904456829079518,17.647735651064735,11.1
12.904455503737438,17.240369826518243,11.100000000000001
8.514924888283993,20.267004137594856,11.100000000000001
8.755185246942641,17.112473869134796,11.099999999999998
9.383557409257508,16.906482197369805,11.1
8.649365623835356,17.30246708050062,11.100000000000003
8.465167999396959,17.148377899150987,11.100000000000001
8.337878936797729,17.111868165170016,11.1
9.924156545549769,17.140035836432613,11.1
7.779051872754772,17.32732480750848,11.099999999999998
7.4690081687520475,16.98703005929284,11.099999999999996
7.25147331557598,17.195781825510366,11.099999999999998
7.287649076789235,17.18415345009456,11.100000000000001
7.924600605552778,17.467791162752878,11.1
8.401418713243086,17.601225749507798,11.100000000000001
7.910376356118097,17.335418279917786,11.100000000000001
7.557444110580743,17.412209900850176,11.099999999999994
7.513829160663527,17.308650985450665,11.100000000000001
7.923609366447336,17.282468922507515,11.1
7.145701207984609,17.53776922510004,11.100000000000001
7.162572373402084,17.68393242463514,11.099999999999998
11.185699762178833,18.107675796789273,11.099999999999998
10.360547017468754,17.81902794547587,11.099999999999996
11.147024008132433,18.107411587502245,11.100000000000005
10.77254140624055,17.683678515800747,11.1
9.852083778575691,17.460619671988052,11.1
9.993814187364107,17.58113016689854,11.100000000000001
12.609300389553963,19.388214173844414,11.160180292929933
11.712551271013883,18.612705284529522,11.100000000000001
12.019403654846844,19.574462490171307,11.188571453664313
11.785036085281668,19.13027515780508,11.100000000000001
11.881206288732548,19.13285353300249,11.1
11.656243201607518,18.718124024176962,11.099999999999998
5.880061663744756,16.690803477836326,11.099999999999994
7.561900367792298,18.41703251027183,11.099999999999998
4.1253899393537266,16.69080612263395,11.099999999999998
4.125392041138951,16.690807788611906,11.099999999999994
9.825803407702558,16.69080438717542,11.099999999999998
4.1254002539596035,16.69081186065482,11.099999999999996
10.461332684772493,18.00043596813442,11.1
11.701192845853763,18.038511535811466,11.099999999999993
8.514920096921278,20.267009457715425,11.099999999999996
9.607252158149008,19.25242396240576,11.100000000000001
11.742929986083732,17.80964460172887,11.1
10.572667130204696,17.84532002554974,11.099999999999998
12.482529268878057,19.42042197614441,11.266752222610465
12.677770594125104,19.618253711240413,11.138998687110709
12.781203568731723,17.451117648950895,11.129985252796002
12.522206329423009,19.386242578734944,11.199507004849448
12.75938935652177,19.85933394914994,11.238036988971194
12.401387039804165,19.807472020967555,11.242037914352485
4.125378109952023,22.05511521753939,11.1
8.5655446964729,19.370124387252453,11.100000000000001
10.838394189028918,21.370396805684578,11.1
11.409545491255814,20.51501471859634,11.099999999999998
8.514931422871943,20.267013831379256,11.1
11.373442154061255,20.53519600783337,11.099999999999998
11.26476632391254,18.902042324936673,11.1
10.389744882784647,19.261964823735177,11.099999999999998
9.600094665464182,19.737498384154808,11.1
9.6591259454294,19.578110441739014,11.099999999999998
11.950028046994133,18.082477750957597,11.1
9.001814388740312,19.90482800216662,11.1
12.904457724578881,17.667447598323676,11.1
12.186888198916266,19.05425147249923,11.164994278556431
12.186020370515532,19.832665864528916,11.187772746921292
12.719196879093936,19.061816868572116,11.120796958280902
12.529389654911581,20.508546359323077,11.230413066860555
12.598356302069638,20.39371458615413,11.301628209046136
9.224234838363866,22.267896289937447,11.100000000000003
10.308348739267558,22.829707612399176,11.1
10.418526473322204,23.218697067202548,11.100000000000001
9.596201908315948,22.53679139807603,11.100000000000003
10.563526397625365,22.842653890049267,11.100000000000001
9.530151900449754,22.80442115739526,11.1
10.852395099884033,22.261087595278518,11.099999999999998
11.866917881012853,22.087891974148096,11.169452204371948
10.850128766046133,21.68565391401627,11.099999999999998
11.33123147393907,22.525404385959103,11.099999999999993
11.245406565543224,20.483495786573965,11.099999999999994
11.42097801545756,22.071527824238586,11.099999999999996
12.5887723250811,22.11778944480382,11.253009493273693
12.835361144402341,23.43075924084177,11.695628580933143
12.904457880000006,23.272117227326323,12.739473703320431
12.904457879999997,23.026979953834857,12.456329893084286
12.850677689242033,24.358526907666192,12.427870849598568
12.904457880000002,23.755286670110543,12.98401561454094
4.125381231348678,22.055123107772342,11.100000000000003
4.125378250993378,23.843219558227187,11.100000000000001
4.1253832843300575,23.843219504947943,11.1
9.627121535375826,23.512226977155454,11.099999999999998
11.294820225025191,26.19284857790286,11.1
8.514920429231262,27.419420787335234,11.100000000000003
10.195276725232535,23.25828893988589,11.099999999999996
10.960244691475536,23.6521836252202,11.100000000000007
12.904446823389781,22.055117899836294,11.1
12.904451713311088,22.05511741610341,11.1
12.904452309308631,23.4130028360139,11.100000000000005
12.904451164092212,22.05512446706161,11.100000000000003
12.780453974064521,25.304192456282724,12.096482185810522
12.904457880000004,23.594291380038488,13.149223845054737
12.746719926531071,25.777873504088205,11.681000224576628
12.645785951158969,24.568446685765092,12.399109263662881
12.904457880000004,25.44855656781241,11.865019340778208
12.792116604888783,24.31643538168931,12.334688363149183
4.125383474470309,29.207527158505478,11.099999999999994
12.904456896069087,24.986660247042217,11.100000000000003
10.07388593037473,26.069986954380987,11.099999999999998
8.965219707542227,27.514375965984797,11.100000000000001
10.243805929875695,26.69165431651105,11.100000000000003
4.125383674087159,29.2075248689382,11.100000000000005
11.969065297019144,25.023114071919267,11.33513652742409
12.904457625373695,22.756150496359236,11.100000054356768
12.904457335896499,23.843223045377762,11.100000370929223
12.90445693518061,23.547139966796774,11.100000026543318
12.025554590119967,25.385452214955954,11.295076100556342
12.904456036433405,22.05512130240193,11.100000146291078
12.569446046025663,24.869646217662705,11.650401153707252
12.798420617727544,26.49842412309705,11.645691914896178
12.904457880000002,26.1708556846141,12.278305678237947
12.704946287884837,24.269991167963248,12.031607124770257
12.770941931079337,25.94932493151206,11.7160493995216
12.624002943145491,23.435991862223794,11.100000000000003
6.300569611461244,27.83094020241562,11.099999999999998
6.292473247052851,27.833171700016422,11.099999999999998
7.309350002838883,27.968781627187077,11.100000000000001
7.697071621985073,27.81296610117333,11.1
7.631861310154682,27.92838540409604,11.099999999999998
6.911270312738892,27.922941283886118,11.099999999999996
10.03021000328567,27.75547157481729,11.490147129194177
10.378639199263235,27.735675467577863,11.338026579250766
11.223408285317554,27.553037873408094,11.160383302964542
10.407371979670758,27.5097708604722,11.178922540392234
11.138511086927245,27.701930226650934,11.295972549669766
11.177139280689383,27.959771066653754,11.407945309300638
12.511565048819163,27.4937771019924,12.554363232987336
11.964768350431832,27.517400436829277,11.934209122977705
12.185693791111023,27.321399092589623,12.144946268907749
12.067195342648079,27.546923863755236,11.835517212706396
12.264846647616746,27.288613938911297,12.273325078335725
12.284598336462498,27.179981296495686,12.079261287823325
5.918572076697945,29.207531615220176,11.100000000000005
6.448075634887021,26.44668416314727,11.100000000000001
5.846662522045328,28.04542445233225,11.099999999999998
6.318368469290904,27.62336460458455,11.1
6.059193428727749,27.56572039393351,11.100000000000001
6.258922026309912,27.566284664906096,11.099999999999998
6.278524808344607,27.67351484985466,11.100000000000005
12.904457093586128,27.419427979138785,11.100000028429289
10.837878154329355,27.618422439243222,11.156802482110738
11.752253678367897,27.43718809876155,11.60729451088054
12.461257338441309,27.358491449022893,12.991362490440908
11.074516882039577,27.898026673211984,12.530488509247485
12.602398956851816,27.41948638262594,11.197624223906717
12.71097509442314,27.595578300422893,13.240301275357307
12.372261290956846,27.695144011263192,12.985026952943706
12.719438169302219,27.981858981419414,13.268875566279892
12.73048833489827,27.87970974494222,12.823023564306956
12.620312706954213,27.86408545088365,13.025311109447184
10.063030235741614,27.527111495719982,18.49999999077461
9.710681024545343,27.378903033519084,18.313586044064387
9.178598409158887,26.943385089253045,18.40469721785974
9.307461031056185,27.380352463828412,18.32497109076121
9.02960469496577,25.421664710575143,18.499999975209352
9.563557812553414,27.038373897711406,18.359350368615182
7.065815206133243,27.88118110176954,18.500000000000004
5.875126074815899,27.719464874335888,18.5
6.984519694796553,27.419428157427337,18.49999998829304
7.093526239904951,27.812485103648527,18.500000000000007
7.310058475659553,28.141378450274892,18.499999999999996
9.42646811597155,28.196922864553,18.381687720607196
8.514917557451264,29.207531542720528,18.500000000000007
7.427266006862689,28.07759086557026,18.5
7.596801400225443,28.020723634839136,18.500000000000004
7.484897587344309,28.014796533967917,18.500000000000004
7.625401143324251,28.185387813935275,18.41596936326501
7.646799650448593,28.062340073553422,18.5
12.904457791101105,27.37051939287304,17.77799472432935
12.904457802729882,26.870938038757544,17.91185818649845
12.904457745317814,24.415596879598795,18.499998820482165
12.904457438841115,25.63133020539863,18.49999541965589
12.569821662736688,27.064997303167655,15.408410356547495
12.854627127618791,27.30838990684524,18.2420182299217
7.195330345464211,27.676263645276183,18.5
7.1637555510409126,27.700530499537386,18.5
6.495257116269225,27.830160206017677,18.500000000000004
6.748724446796718,28.016544588876677,18.5
6.660872889180474,27.67995050412887,18.500000000000007
6.767610985202989,27.921589097635337,18.500000000000004
7.722615495985647,27.92360001184383,18.5
6.518608499196695,28.067023797958537,18.500000000000004
6.228712542065062,27.95338176376062,18.5
6.774366778826709,28.132033693790817,18.500000000000004
6.767564140474952,27.857306368903753,18.500000000000004
6.904315054055869,27.94717981697721,18.5
9.76792484037659,21.287799630746576,18.500000000000004
11.613939083467104,22.880333104583922,18.500000000000004
7.0117182628328525,26.105695952716648,18.500000000000004
9.290076208667266,25.522475284755412,18.5
12.904454121034172,24.643520905412565,18.499999999999996
11.050296948824446,23.35189590347328,18.500000000000007
8.514908498809683,29.207517087300584,18.500000000000018
7.51920145560335,26.9484136928061,18.499999999999996
7.5480468354043575,25.826262752562315,18.49999973172193
7.057048834695236,26.576460011474474,18.499999999999996
7.451454568922161,27.747973458742894,18.499999999999993
7.447434477016056,27.04793427118462,18.500000000000004
8.514916608251415,29.207530842218635,18.499999999999996
7.46018438321458,27.883814376765798,18.499999999999993
8.51491343597562,29.207529356042365,18.499999999999996
7.377686267801676,27.8058694695976,18.499999999999993
7.146840793180468,27.87181518569152,18.499999999999993
7.3295662068336,27.83549737495646,18.499999999999993
10.645092253916117,22.670667101813457,18.500000000000004
10.556367455286592,23.479010291198346,18.500000000000004
10.319148366629657,23.280551672177438,18.499999999999996
10.438743816135412,22.23936700237048,18.5
10.244728807624307,22.867293254900286,18.5
10.360763981867516,22.714671937100302,18.500000000000004
8.952592795677567,23.594223131785014,18.500000000000004
9.414268273172913,23.006599385092823,18.5
9.216533788683005,23.536602269621486,18.499999999999996
8.51491823586545,25.631322084065,18.500000000000004
7.402372724106934,26.144379714023884,18.5
8.6334970552762,23.485344745363538,18.500000000000004
7.634535666838033,23.164514691339217,18.499999999999993
7.5923132108094515,23.14397175319525,18.5
8.578955857382052,22.918082971490744,18.5
8.571428054079671,22.923043336522277,18.500000000000004
8.29765179790056,24.572651250574395,18.500000000000007
8.549658763639345,22.866497132866364,18.499999999999996
12.904452024350052,23.84321561991105,18.499999999999996
9.341507579527022,21.156694072239517,18.5
7.411986414072943,18.782286565404526,18.500000000000004
9.566968756966933,21.303984471643926,18.500000000000004
10.249044069061176,21.942592231990904,18.5
12.904454907020174,18.47891328449274,18.500000000000007
8.546736362783706,22.834026161329792,18.500000000000004
9.429205564935383,23.098196184434972,18.499999999999996
9.209278942587828,23.225278370271617,18.5
9.519158721884041,22.655142761593833,18.499999999999996
9.530270521968006,23.103259078002655,18.500000000000007
9.108071290417056,23.205371240593763,18.5
7.70238201322799,21.46894367165499,18.499999999999996
7.776834050603641,21.427640791960023,18.499999999999996
8.368451271605597,22.893414421573784,18.499999999999996
8.40308580586652,23.522563834288277,18.5
7.599468671706026,21.586582521139874,18.499999999999996
7.3925455453544435,23.035834939928183,18.500000000000004
12.90444474517363,21.340775749262885,18.499999999999996
8.022607793685303,19.548024914960195,18.500000000000007
11.574647333446984,18.27324988821808,18.499999999999993
12.904447011396432,20.328398950347083,18.500000000000004
12.904456065078808,23.557968503916058,18.500000000000004
10.010602818162033,20.54837909406067,18.499999999999993
9.871621349369502,19.280465190176518,18.499999999999996
9.458673865193605,22.346018389285152,18.500000000000004
9.28797390503485,22.718129758172925,18.5
9.602500023648599,22.275007482657816,18.499999999999993
9.55497491066341,22.157070254509808,18.5
9.451662845055356,22.420935214963833,18.499999999999993
7.465910982930679,22.80388816373952,18.499999999999996
7.702221645603942,18.087494381177873,18.500000000000004
8.259046693165285,18.083985470691175,18.5
8.240426397667063,18.152153940172237,18.500000000000004
7.859730009550185,17.34661471409646,18.499999999999996
6.838764083858289,17.53121641303543,18.5
9.282118524323224,18.640651537156774,18.500000000000007
10.413149486994813,19.155737451515368,18.499999999999993
11.481670617440104,18.306753076662183,18.500000000000004
10.472431709891847,19.888251290705725,18.500000000000007
10.322707652941599,20.174893572203917,18.5
10.51256418510493,20.070463257862475,18.499999999999993
8.514918264702592,16.690804436271197,18.499999999999996
6.553823109780078,17.60002015201419,18.5
7.7129039643681425,17.41181477633286,18.5
6.73927643225515,17.537646664705772,18.5
6.557192640529247,17.268947074089215,18.499999999999996
6.303911176661397,17.58791360360316,18.499999999999996
7.2868965688505725,16.690804783704447,18.500000000000018
7.867716012863846,17.431925518190795,18.5
7.516963756553876,16.690804163231398,18.499999999999996
7.295333049055746,16.69080470269457,18.499999999999993
7.484349487385974,18.921813098750892,18.499999999999996
8.274445642389452,22.49994885963035,18.5
8.02183517050064,17.94099421408169,18.500000000000007
12.90445566704253,18.47890899198763,18.500000000000004
8.669454879947436,17.919288687296703,18.499999999999996
7.028043923397497,17.98394461739673,18.5
12.904435053283096,18.478906289763714,18.500000000000007
8.567839483100908,17.911706359034316,18.499999999999996
8.514917430872325,16.69080335183052,18.500000000000007
8.514917769923676,16.690803284829848,18.499999999999996
8.514917217196638,16.690803333664906,18.5
8.514917563299582,16.69080332870366,18.500000000000004
7.453950478508304,16.884867562571845,18.499999999999993
8.514917762741101,16.690803295586814,18.499999999999996
6.154471839308302,17.59833398394887,18.500000000000007
7.140256784854514,16.69080334635749,18.5
7.59914466492925,17.39760921466393,18.5
6.584487628610211,17.209924592728832,18.49999999832934
6.22309230682073,17.1895610434474,18.499999999999996
6.582511121225647,17.200434877605858,18.500000000000004
7.947615281176018,17.82086283449805,18.499999999999993
7.501345438651246,17.751745667943105,18.5
8.514917792909166,16.69080330668419,18.5
7.953255522185389,17.336395104769903,18.500000000000004
6.674547313099747,17.171398354749037,18.5
7.158546300414545,17.50079088283928,18.5
8.514918225887529,16.690804480330474,18.499999999999996
9.290742039432287,17.72279132165004,18.500000000000004
12.904445519554022,18.478906269360806,18.500000000000007
10.604549263604923,19.628149646172556,18.5
8.860114746343466,18.65797165619242,18.5
9.213654459909664,19.009059576672637,18.5
12.44415499179579,19.503144055670393,18.500000000000004
11.942132408442786,19.760199670934483,18.499999999999996
12.904457694421332,18.47890865225147,18.5
12.72503851962049,19.099089183056797,18.500000000000004
12.634938451960956,20.01852069239675,18.5
12.745038248956698,19.003070674468816,18.5
8.964566570733593,22.044134737251657,18.500000000000007
7.532611588990887,19.128166838030175,18.5
7.629516151051672,19.369811079951187,18.499999999999996
8.57075503128411,20.389467765105763,18.499999999999996
8.115775638848152,18.53024360213172,18.499999999999996
8.5149178065109,16.690803536878448,18.500000000000004
12.90444431764269,18.478905079224695,18.500000000000007
12.050792965263701,19.456660456574564,18.5
12.904451098507439,18.478914907135632,18.50000000000001
10.757939506390432,19.254347629358385,18.500000000000004
12.904451266508213,23.843211215843624,18.499999999999996
10.426575742149277,19.488284956877436,18.5
12.190549463703475,19.46597609022827,18.499999999999993
11.807716348665577,20.03634423971113,18.500000000000004
12.612907308111005,19.84578794962436,18.468167754570114
12.904457797214988,18.36429488986512,18.5
12.267464833907372,19.416856203608035,18.500000000000004
11.472245832977503,20.207243712299157,18.499999999999996
7.285494495021838,17.94141733060927,18.500000000000004
6.7246614392419515,16.690804666907376,18.500000000000004
6.629636509303172,16.690805849867083,18.5
8.866857956012813,20.362082059548143,18.499999999999993
7.3337602066842,18.02344715581662,18.500000000000004
7.281195506763573,18.050250099429167,18.500000000000004
12.904442088957282,18.478928280339588,18.500000000000004
9.682861422806772,19.79124319286701,18.499999999999996
10.129110276656142,19.89603743897185,18.500000000000007
10.162301130397728,20.436034498644936,18.499999999999996
10.312262498122035,20.56452373392518,18.499999999999996
10.672146760126434,19.90666113465259,18.5
12.904457789609477,19.826870535098518,18.499999999999996
12.363161298817863,19.95995022668164,18.500000000000007
12.166629485483453,20.433035178634746,18.500000000000004
11.730515014019673,20.305309083790725,18.499999999999996
12.479803693403895,20.296256316050997,18.500000000000007
12.170854701041353,20.195102397590468,18.499999999999996
11.34701899723272,22.4309820383292,18.5
9.672870582616543,22.767001221828902,18.500000000000007
9.490680150513086,23.422121496492526,18.499999999999996
9.32346094780647,23.74325441008631,18.500000000000004
9.181223173603364,22.598607925432404,18.500000000000004
12.904457321858864,22.055115721648846,18.499999999999993
12.904457212690053,22.055115394921692,18.5
10.207534513384736,20.958809453227143,18.500000000000004
10.458043686889518,22.722517538006556,18.500000000000004
10.889691234124076,21.040014021897246,18.499999999999996
10.326129905986502,22.37939808882188,18.500000000000007
10.85632654580175,22.09346666577544,18.5
12.904457879999997,23.19929741547557,15.102488884526219
12.84339022741836,22.895863454335718,14.7344288838457
12.844261679767962,22.020091180060486,15.344293698125227
12.836940640428715,22.578967399948244,14.617062957230067
12.904457880000002,21.1420219023023,15.317964733622462
12.780424301736833,19.89386692413463,17.517878128580406
8.177229031613555,25.25569318178077,18.500000000000004
12.904332089675648,23.843185352098413,18.500000000000004
8.40488407677328,25.72164633770921,18.500000000000004
7.645863640441515,25.63900053441837,18.500000000000004
12.904225834195492,23.843156375493624,18.5
12.904414558173556,23.8432142096063,18.49999999999999
10.002849066781256,24.06916065826637,18.499999999999996
12.904452108199667,23.84321569216632,18.500000000000004
12.904455890921302,23.843219489901358,18.499999999999996
10.906281725842158,22.82148732497883,18.5
12.904457335741322,23.843219265239878,18.500000000000004
12.904455872917566,23.843218786797138,18.499999999999993
12.833223579857957,22.805715064082918,16.509397922414042
12.630379175401156,23.965521037470374,16.368863294516586
12.771984781461352,24.26238725335281,17.489041041796263
12.764762313866429,23.65431251607431,17.30171290767064
12.838257250849653,25.41328154930301,14.118504463282758
12.83665797360211,25.06182179786355,15.011524057969766
6.108851610746188,27.53494557924707,18.500000000000007
6.397859938237326,27.87796003254857,18.499999999999993
7.217100478768336,26.911572579270377,18.500000000000007
6.914131469973197,27.417596428510166,18.5
6.042832675938515,27.972131601473706,18.5
6.3655151322494685,26.646350280130708,18.500000000000007
8.993221747460002,23.297993940519074,18.500000000000004
11.119915923305054,26.151273955780972,16.662740637977098
9.091305955225259,25.396528769065544,18.5
6.682715382965614,27.419427873462283,18.50000000000001
8.514917961012607,27.41942741442531,18.500000000000004
10.837656293665537,24.8326413532375,18.499999999999996
12.63409888348891,26.881636909944326,18.042799242400765
12.559894468829636,26.20177840713869,16.326514834034768
12.266686381877026,25.888767296049686,18.032439987795108
12.773907393889946,26.4933011555394,16.401188390912722
12.34993953976622,25.65259911561416,17.364455598151665
12.766637920504026,26.580819335774844,17.79550813758694
5.769423677264901,27.708878241272302,18.500000000000004
6.453215345779894,27.41942798910203,18.5
6.669382785381132,28.004103118748805,18.462714522082106
7.133707768653073,26.76807989735807,18.499999999999996
6.743538409846856,27.419428001234877,18.49999999999999
6.5801881758882725,27.48080816372555,18.499999999999996
9.956011486233702,27.85916454003761,17.583533183229047
9.039813490011344,27.473244487649808,17.699566775925007
8.514918018379019,27.419427914725766,18.49999998388418
9.066302100045519,27.633647656862443,17.880415794258624
9.523645427729274,27.720321498794917,18.022128527566775
11.016542370174493,27.801768529566154,15.906788066645223
12.463678550806126,27.41300351807555,17.17418250870643
12.465639646979167,26.85388931981537,16.875269587238176
12.651037129502702,27.308181960816178,17.785208883136512
12.904457865235424,25.631323903474986,18.49999992000723
12.231910721235865,26.60736130316332,17.622362814813957
12.261275290040523,27.320099655248555,17.143425538162532
5.531996888270542,28.68799026887387,18.499999988226755
6.348811801787499,27.419428105083412,18.499999974134543
6.628007923511156,27.954793993777137,18.500000000000004
6.655715342502356,27.71364388747865,18.5
7.649720830922537,27.508162439962685,18.499999999999996
8.545784617205216,26.387367834863063,18.5
8.241841144035781,27.492433018017362,18.318543797447784
11.49357783277105,28.41889591332885,18.148777375141933
12.519517222773203,28.536649346251437,16.60666852781175
11.208816747534737,27.960061179968754,16.704445018809515
11.981915649480168,27.75390317423937,17.574208397920597
12.904457166179064,29.20753149337412,11.100002411269156
12.904457576430197,28.855231119340466,17.042019730986734
12.517176107743989,27.800234883518254,17.52787213739996
12.717528314018864,28.406643973413246,18.16815480661369
12.133578020645297,27.68564665995128,16.895600629814957
12.635790122788197,27.25498536100563,15.266749369163573
12.542689204503816,28.2219015060139,18.005534213076935
6.590634114567681,28.335132160522146,11.1
4.125379051179259,29.2075314320587,11.099999999999998
4.125378532827455,27.933053464829545,11.100000000000003
8.903826952457075,27.798724580490735,11.100000000000003
8.187315355041525,28.22703450815322,11.099999999999996
7.995455288943155,27.763251034318273,11.099999999999998
6.680730607583007,27.168096376164677,11.100000000000001
6.358195104307922,27.0833002789248,11.099999999999998
7.24472816665609,28.139634865661677,11.100000000000003
6.795548720846093,27.39367229169152,11.099999999999996
6.328606068550539,27.70614223077552,11.099999999999996
8.514917353091587,29.207531650651116,11.099999999999998
6.2936458177621075,26.810594656076656,11.099999999999998
6.30833920561216,26.812171490787215,11.099999999999996
6.38303886695821,26.985200268753147,11.1
6.689384572526208,27.183896740736266,11.100000000000007
6.474119987713278,26.865729999101326,11.1
6.640617514789383,27.135307360305536,11.099999999999998
12.904457498881069,25.211515203564804,11.100000074622692
4.125379096431253,29.207531077282525,11.100000000000007
6.092597385490707,28.377613085182723,11.100000000000003
6.231176327750165,29.207529166748042,11.1
4.1253786202709,29.207531316518327,11.099999999999996
4.125378469610511,28.134079886336497,11.100000000000005
5.700727017874732,27.339202591911757,11.100000000000003
4.125380235262081,27.4539873725962,11.099999999999996
6.313554043982566,27.115652389080473,11.099999999999996
5.966825128293433,29.207531780306844,11.1
6.207614026057906,26.987217256886982,11.1
6.294004360222231,26.78800364756021,11.099999999999996
6.321369870312558,27.312208270832464,11.099999999999998
6.376217782293738,27.101735802527557,11.1
6.139170119818036,27.212145655443827,11.099999999999996
6.319102669751654,27.232708239175444,11.100000000000003
5.939029386008501,26.349488183225354,11.099999999999996
6.1227799388136095,26.60479246608818,11.100000000000001
12.904449113266601,27.419427425312154,11.100000000000005
7.609891917168575,26.920277606948336,11.1
7.651327305155258,26.854689554993374,11.100000000000003
8.678523922501942,26.46490975549111,11.1
10.5493965754805,26.30289135478873,11.099999999999994
8.514919171800068,25.631324304652757,11.1
5.894780536681983,26.950707428745513,11.099999999999998
5.909229538636157,26.85332375082203,11.1
5.436175013837929,28.417356876537305,11.099999999999998
7.11783394323954,27.99989286891045,11.099999999999998
4.125378403913859,25.63132416134946,11.1
4.1253781855459515,25.631323970901228,11.099999999999996
6.342790248736172,27.122807573093176,11.099999999999998
6.486655062186057,27.57400043885305,11.1
6.292068403218921,27.018824513396833,11.1
6.282816085317819,26.68279173001939,11.099999999999996
6.256890256964611,26.82512379045626,11.099999999999996
6.359517340704115,26.889092435176632,11.1
12.904455184523227,23.843219558889963,11.1
6.204704154407274,21.733144254974814,11.100000000000001
11.77147742426797,22.48578122025572,11.099999999999998
9.957979692033916,22.200816293480976,11.100000000000001
10.306305225789156,23.821174783693504,11.1
10.257636247132453,23.189976855279518,11.100000000000001
6.833420586692651,25.951696388318087,11.100000000000003
6.245892189367397,26.851972958341157,11.099999999999994
4.125382693844534,29.207526782808312,11.100000000000007
4.833952861604542,20.47090955994696,11.1
5.671123150064131,27.903278083988052,11.100000000000001
4.125381083929368,22.055123161643575,11.1
6.273554533872986,26.806565438813834,11.100000000000001
6.085001120354709,26.28913024341372,11.099999999999996
6.183181999596095,26.910409525410703,11.1
6.074110939592855,26.912643618679905,11.099999999999998
6.016366910827927,26.27031975884177,11.099999999999998
5.619519236935992,25.76286298526583,11.099999999999998
10.482148018987067,22.524237872425697,11.1
9.25292555537644,20.468677208513036,11.099999999999998
7.8827520057088245,25.136894602629688,11.099999999999998
8.255357950675796,24.654910481896216,11.099999999999998
11.11756260550852,25.095199312229628,11.099999999999996
10.717649391468905,24.80126066339289,11.1
4.1253784519558385,20.267011923249143,11.100000000000001
4.125378056491136,20.267011824974425,11.100000000000003
6.202588837603098,23.260061395007543,11.1
5.827739258542931,23.6912558412042,11.100000000000003
5.8757525749012105,23.300368827304194,11.099999999999998
5.840459703381045,25.192287352802058,11.1
5.2553190347932235,25.038935094013254,11.099999999999996
6.217329584910679,25.967970802515925,11.100000000000003
5.217446677726721,25.386752632014446,11.099999999999996
5.368059226517708,24.804345174047587,11.1
5.910368602624989,25.610829744909545,11.099999999999996
5.368810574079703,23.79635546798123,11.099999999999998
9.587695706976247,18.403757189804775,11.1
8.700787197009117,18.45070849451586,11.1
8.592213141375696,18.53834612923048,11.1
9.575856104310102,18.398369068898543,11.100000000000001
8.555842969848158,18.551696320860234,11.100000000000001
12.904453851167114,20.26700912576397,11.099999999999998
7.735310037370634,19.51772822227335,11.100000000000001
8.520549736659024,19.8715781297077,11.099999999999998
4.125380004470098,22.055113782638482,11.099999999999987
4.63646820957506,20.016220785939495,11.1
4.43170331403013,19.53810667392228,11.1
4.125392468709228,16.690815637324192,11.099999999999998
5.978305639782107,25.512455104868874,11.1
5.952192440518289,23.605920725492744,11.100000000000003
6.292030410728948,25.225906754772392,11.1
5.851959568619813,23.032503997494015,11.099999999999998
6.388114861064509,24.65392697831,11.100000000000001
6.205998776383939,24.58001710903439,11.099999999999994
4.125381755358438,16.69080417456893,11.099999999999998
4.125384228863584,16.690804626536934,11.100000000000005
8.495043222221868,17.456743500334763,11.100000000000001
4.125382271140235,16.690804130799123,11.1
4.125383748085777,16.690804971794904,11.099999999999998
4.125385457620614,16.69080498498231,11.1
4.125391592713709,16.69080829177654,11.099999999999996
8.603895191933162,18.413993429295818,11.099999999999998
8.042787070003236,19.049203395340434,11.099999999999998
7.681999994052371,16.690803703324416,11.1
7.637427034213712,16.69080391141758,11.099999999999994
8.389467126206162,17.51633869544096,11.100000000000001
5.343214394901556,23.197834755230136,11.099999999999998
6.076304313572688,23.320591959731924,11.099999999999998
5.438307193942063,22.73914460406026,11.100000000000003
4.125378109530611,16.690803566251407,11.099999999999998
5.687779895788877,24.105142897538244,11.100000000000003
5.547373560121901,19.107555860508125,11.100000000000001
4.125380300113893,16.69080369144167,11.100000000000003
8.728775116108684,17.166091848732343,11.1
4.125380080212167,16.690803384677896,11.099999999999998
4.125378690490418,16.69080335681514,11.099999999999998
4.125378660624523,16.690803329904924,11.099999999999998
7.347933695128112,17.04102832122587,11.100000000000005
7.842150550057423,17.12743737356593,11.100000000000001
7.669200162596027,17.205205984303344,11.099999999999994
8.159682407916472,17.27016451450289,11.099999999999996
8.960148264188367,17.065109061479458,11.1
8.275528789120255,17.11010408668757,11.100000000000001
7.746194502012292,17.67106763035994,11.099999999999998
6.359740866912561,16.960220004271658,11.099999999999996
6.620114275341734,17.259114265777146,11.100000000000003
7.096786271792791,17.06882070769158,11.100000000000001
6.348500638364833,17.663859238666504,11.099999999999996
7.866400971545082,17.047531624699275,11.100000000000001
6.574816468166129,17.061091610225187,11.099999999999998
6.987108799527875,17.31780874952284,11.1
4.796839671840812,16.89974846414739,11.099999999999998
7.780611598175479,17.007859134151218,11.1
7.3769230420358545,17.07802311635923,11.1
7.283280392465254,17.87609072828898,11.1
7.622812606164541,16.873533962126192,11.099999999999996
9.375646859993006,17.631971989837933,11.100000000000001
8.83556748362764,17.470135965927817,11.100000000000003
9.248371666326243,17.680514489126697,11.100000000000001
9.30194925332367,17.684929416529187,11.1
8.663477085437204,17.363538971617828,11.1
9.422378525466886,17.79649381759296,11.099999999999998
12.90445772374727,17.671715858352623,11.100000000000005
12.904457568452258,20.267006656221422,11.099999999999996
12.408514835270891,17.99267968604483,11.099999999999998
11.770549721929518,17.70836287821576,11.099999999999998
11.31099937464518,18.13874246578219,11.100000000000001
12.525354895113562,17.343951008691686,11.1
4.614448577276659,19.417072842797594,11.099999999999998
5.424912366099141,18.030521017506384,11.1
4.12537826577884,16.6908035562086,11.099999999999996
4.125387479098755,16.69080457813433,11.099999999999998
4.125378992088841,16.690804669734078,11.099999999999998
4.3893312282918835,17.799030330524495,11.1
9.742302384618208,19.7008371395795,11.100000000000001
8.514917976565041,20.26701077759027,11.100000000000005
8.514917926952581,18.509486468527875,11.1
7.357553772582136,18.89863345740192,11.1
8.838595411153513,18.80003376394354,11.099999999999998
8.665487603630359,18.801645727618233,11.100000000000001
12.578268047409415,18.432485631222328,11.1
11.916058823960846,18.79486720118863,11.099999999999996
12.359753494223876,18.37573877668977,11.1
12.904457768461711,16.6908035740984,11.10000000807586
11.949145663328427,17.66123926029178,11.1
12.904457209933764,16.690803749593606,11.100000000000005
8.514918890882635,20.2670121276917,11.099999999999998
4.285220740359651,19.50885789658074,11.1
4.659502180480532,22.11292175731238,11.1
4.35725947456845,19.52592915165141,11.099999999999996
4.125378182262039,16.690805224385194,11.099999999999994
4.12538188094928,16.690806279814897,11.099999999999998
9.079445086508246,18.53281839927195,11.100000000000003
8.514918552932597,20.26701058680499,11.100000000000003
9.513638503829892,19.64102417122696,11.100000000000003
9.119161028098024,19.38290230377611,11.099999999999998
7.9946852684539795,18.797070773204574,11.099999999999998
9.802658446538604,21.51597951342479,11.1
12.503709163942357,17.725764680653313,11.099999999999993
11.873490439799836,18.70545758213184,11.100000000000003
12.581096650309968,19.260435920558848,11.100000000000005
11.80476188449518,19.05562268371404,11.100000000000005
12.703549851780062,20.205473328005645,11.177763394693885
10.844178483946148,19.084745687151422,11.1
8.514916132242648,27.419427244470597,11.100000000000001
4.125378220199795,16.69080499395298,11.1
6.0108515182575735,23.846186044201016,11.1
5.596492848589955,24.344290861615896,11.099999999999998
5.6832602107836685,23.958952259940233,11.1
6.371022377447463,24.799443949727372,11.099999999999993
10.965913650600468,22.99010207316984,11.100000000000003
9.867643919130346,21.86639993391457,11.099999999999996
10.96910511813751,22.966363799042842,11.100000000000003
10.436270907338846,22.01380821076851,11.1
10.864400698601262,22.70531289166709,11.100000000000003
10.90527300144386,22.828179137166536,11.1
12.70451766136592,21.22767002603764,11.301413773633945
12.446010941382482,22.378888138977388,11.157037733793342
12.592958554596452,22.64367347136425,11.143674459392342
12.565374942582299,22.479335253602617,11.140536188062827
12.606344981220511,22.535903125062966,11.248597130446475
12.603275310894313,22.93355705233246,11.244523358563658
4.6322936143542375,24.164963787730667,11.1
5.662449354781515,25.68943428634915,11.100000000000001
5.599246095879604,25.577477250944394,11.099999999999996
4.643207261833477,25.45985939996492,11.099999999999998
5.267829657053139,25.292667419364573,11.099999999999998
5.6822067167800965,26.263048152969812,11.099999999999996
9.732817068775976,23.269234377820077,11.100000000000001
8.81133463258612,20.824174605773294,11.1
10.363547746268384,22.567964963522563,11.100000000000001
9.393181423580987,22.72793963163763,11.1
9.164814163796622,24.063057165089205,11.100000000000003
8.871909518020868,20.951338420410114,11.099999999999998
12.282104223534894,22.232667489012865,11.3749591375488
12.904457644788636,23.843219562060828,11.100000000000001
12.31900640519858,22.743119780610865,11.100000000000003
12.369352706772174,22.84192315160396,11.1000000150749
12.490797241453166,23.18675750367706,11.155655275880926
12.904457291994998,23.32626208829416,11.100000000000003
6.232779938008041,29.20753160048326,11.099999999999998
4.750914098677894,26.089683524978387,11.1
6.035499663101603,29.207531225318217,11.099999999999998
4.755019991081981,28.029554068495514,11.099999999999998
6.03614110530858,29.207529138729836,11.099999999999998
6.022873641190629,29.207531113564695,11.100000000000003
7.819765850188845,26.482171273553252,11.099999999999998
7.125619962180697,27.11432709122909,11.099999999999996
6.145284961222774,26.58452074830461,11.100000000000001
11.117372848209522,25.244094438917717,11.100000000000001
9.644299594526492,27.33816878988212,11.100000000000001
8.55491690834499,27.33378655265078,11.1
12.37201231068765,24.05443136017936,11.099999999999998
11.9377023760141,23.478672236629528,11.099999999999998
12.904456796462389,25.74241374260561,11.100000000000003
11.567891237317621,23.775324229177073,11.1
11.976026966640818,26.1384664504144,11.099999999999998
11.467267390335513,24.662607431769466,11.099999999999996
5.256235115556402,26.843598207257976,11.099999999999996
5.498813330785905,26.678258713400073,11.1
5.290233187806086,27.259749428812984,11.1
4.125378650334036,29.207531222438373,11.099999999999994
5.814903848883731,27.662478746709635,11.1
5.170304989997241,28.288562769285026,11.099999999999996
7.043866157747305,27.736313380329978,11.100000000000001
8.588473704047377,27.887641042107933,11.1
7.602398948369814,27.371027699966568,11.1
8.162261485966056,27.53193946960177,11.100000000000001
6.458317634582184,27.86277254809725,11.1
7.383151194654314,27.373468988713878,11.1
12.353144679244092,27.361808873614127,11.616108714569142
12.681263967810835,28.061490474266524,11.309050435174056
12.593214803277622,27.844576107865162,11.214592460320375
12.685558440475994,28.863698814288853,11.163490111826764
12.822033061443445,27.45310292242184,11.13324146308434
12.554258819406309,27.59368671521059,11.207441192232665
4.12537881490602,29.207530163159856,11.099999999999996
4.125378675807028,29.20753052771066,11.100000000000001
6.3054482013851505,27.48995336855862,11.099999999999998
5.90560972694754,27.63448910257534,11.100000000000001
6.4360954099148255,27.690493934146136,11.1
6.512661274937399,27.543057758558437,11.100000000000001
7.117552706413348,27.89365622616774,11.099999999999996
6.265201349596243,27.890292570325226,11.099999999999998
6.5607269182836125,27.95779730474865,11.1
6.351502360927974,27.834597928718694,11.100000000000001
6.27661023403933,27.96494267489277,11.099999999999996
6.582180645820447,28.08962190537981,11.1
12.868061170646117,29.068170510367146,11.142700266146496
12.904457739797104,29.2075299113362,11.100000360829497
12.904457579054464,27.193520426192013,11.100000009562326
12.286575354580702,27.690662783736826,12.792536653266742
11.910855777633122,27.454812395715283,11.320735755313628
12.904457615021716,29.207531473030627,11.100001009188075
6.536509091917078,27.92406964056438,18.5
6.825677569097716,27.9781729076724,18.499999999999996
6.061290176065949,26.4199287644913,18.499999999999996
7.023015091046714,27.419428101965707,18.499999973624004
7.424922441542589,27.646906462995933,18.408006719993242
8.694341388270393,24.306615788641107,18.500000000000004
7.1123612189520875,28.26645240529573,18.500000000000004
8.514917503185021,29.207531785343697,18.5
8.006799531944319,28.87962501842644,18.5
7.400621462345227,28.343830230243213,18.5
7.28582357120385,28.18143149492377,18.499999999999996
7.233798354972107,28.209030004505376,18.500000000000004
7.551902521335211,28.042389664120027,18.499999999999993
7.732582043900907,28.040144422305502,18.5
7.716719100500233,28.059840601006336,18.5
6.679306195543452,28.109741635568223,18.5
7.633487817832347,27.987672277363625,18.5
7.222812418942567,28.093235334920752,18.5
6.466972059203633,26.08990946020071,18.499999999999993
6.232382186622476,27.419427950005193,18.500000000000007
6.74041023104864,27.64814446679069,18.500000000000004
8.514917763785071,27.419427939182427,18.500000000000004
5.9621404056732885,26.211483392321675,18.5
6.14606043817948,27.419427892933854,18.500000000000004
7.25337588604589,27.957719321690742,18.499999999999996
7.220946935805519,28.02386039600885,18.5
7.368127388294107,28.059905573513795,18.500000000000007
7.311297563685555,28.23858061436372,18.5
7.33208214604664,28.081747927408866,18.5
7.476122229161034,28.20175661477041,18.5
5.951330108662489,27.95600112638632,18.499999999999996
6.704212998437889,27.62863409685179,18.500000000000004
6.099406450244505,27.793757497486457,18.500000000000004
6.031608712283307,27.983938716463875,18.5
6.496910443682919,27.897172790129797,18.500000000000004
7.024312315279085,27.754280950722872,18.5
8.790725207435623,26.135053554894935,18.500000000000007
7.5723222671971895,26.38497754219633,18.5
9.190170829280065,23.153468513850143,18.500000000000004
8.51491783034035,27.419427685552886,18.499999999999996
6.145789812122283,27.255574465647705,18.500000000000004
7.944781765247912,25.158999397862036,18.500000000000004
7.471935574698628,27.610364354228768,18.499999999999996
7.586862347470196,27.602288973255867,18.500000000000007
7.332958234263189,27.55949843353208,18.499999999999993
7.836538936485469,26.188074743417562,18.500000000000004
7.842627053855721,26.16172581785575,18.500000000000007
7.460344993833428,27.583483504836977,18.500000000000004
6.919465477596559,27.85745883383234,18.500000000000004
5.23958310105866,25.779965986881734,18.499999999999996
6.15428669270681,27.86568529500592,18.500000000000004
6.825792736105335,26.74673178060777,18.499999999999996
5.08509975745146,27.05227026229664,18.5
7.834401669313481,24.242955327654023,18.5
10.14023467197106,22.580869418254938,18.5
9.481085149434417,23.06679539128959,18.500000000000004
12.904402392369386,23.84320940220125,18.499999999999993
8.116604095488267,20.363112802808118,18.500000000000004
9.180787043184019,23.378692816465616,18.499999999999996
8.031936702238571,20.455402580007956,18.50000000000001
8.99353323783526,23.920468446005366,18.499999999999996
7.743207457669452,21.960382012462723,18.499999999999993
7.108957832165302,25.631324320329078,18.50000000000001
7.8136230386135255,26.389304068835823,18.499999999999993
7.500573796223155,23.06384220106434,18.499999999999996
8.732795579548078,23.769857555649807,18.499999999999996
7.964427896157615,24.989454261761793,18.499999999999996
8.17872374119642,23.651820899782273,18.5
9.46682413754197,22.796357781306057,18.499999999999996
7.165778363117172,26.74464919999309,18.499999999999996
7.056155572617436,26.452501180177077,18.5
8.514918040569505,25.631323433009197,18.5
8.514924136580667,16.69083554922761,18.500000000000004
8.604670397996074,20.84982816573652,18.500000000000004
11.572022590306094,22.68736658252663,18.499999999999993
10.911521471799027,22.485729310237343,18.500000000000004
8.054643989241553,24.77983752277303,18.499999999999996
9.438604195923974,23.020843121139812,18.5
7.80294072645628,22.122936793340287,18.5
7.755322750243289,22.33677729932315,18.499999999999993
7.423438107071346,16.69088313723567,18.5
8.340547709173682,22.206700435768923,18.499999999999996
8.442040086355338,20.651058471525186,18.499999999999996
7.670836942235011,22.565711046324516,18.500000000000007
9.244520084623112,22.087900553218446,18.499999999999996
8.738101789311518,22.848354204376307,18.499999999999996
8.28117423214918,22.694012518435652,18.5
9.458999786465577,22.555011917303233,18.500000000000004
8.925601337852356,22.01560768707507,18.5
7.006291576954963,24.094079330049052,18.5
9.82343606876153,19.304625954544388,18.500000000000004
8.514920002203155,16.690811643142478,18.5
10.84190206953838,21.01632089003938,18.499999999999993
7.805957073661971,18.41303464344122,18.500000000000004
10.793379495437337,19.285967468600575,18.5
9.616637491466998,21.499800060180966,18.499999999999996
9.389534411499264,22.696427618542423,18.5
7.5164639087367995,16.690804978717573,18.5
7.499953273947777,16.69080517716107,18.5
7.49589061483342,16.690808644815576,18.499999999999993
7.492380628471874,16.690806046909298,18.500000000000007
7.737566607499837,17.53164396244789,18.500000000000004
9.115572427270083,20.32348376350742,18.499999999999996
9.175295986785212,21.0658775785061,18.499999999999993
9.466809946473035,22.625293071698884,18.499999999999996
9.300844851115954,23.015966357177312,18.5
9.47131180615026,22.578538184930096,18.499999999999996
9.16264883938905,22.25098885096099,18.5
8.906328774948518,18.488492658368592,18.500000000000004
8.916403398519584,18.506960962240814,18.499999999999996
9.06623828454275,18.012900440282213,18.500000000000004
8.916295004056447,18.525940886114256,18.5
8.907482270203445,18.49473527670729,18.500000000000007
7.504856609598557,18.888218533922096,18.500000000000004
8.490923445949678,18.510166266156524,18.5
7.534557998414996,16.690803938912193,18.500000000000007
6.945353376355719,16.69080622930962,18.500000000000004
9.357352238653327,22.351345218156972,18.500000000000007
7.54675399515485,16.690803807774145,18.500000000000004
8.051550977615683,16.690804428254378,18.499999999999996
7.732472302337192,17.34973246413662,18.5
6.420445344122992,17.561571409758557,18.5
6.608169309121328,17.60953645295441,18.500000000000004
6.5333256275187335,16.690803685158958,18.499999999999996
6.982830408872869,16.690803341790375,18.5
6.081657063735939,16.69080347370278,18.499999999999993
6.425322056962694,17.593767333551813,18.499999999999996
6.516582554834719,17.469536319353743,18.500000000000004
6.455712766660411,17.596451964467203,18.499999999999993
5.6790438617207375,16.69080350956571,18.500000000000004
6.507089558759809,17.59916108029125,18.499999999999993
7.830140462668347,18.19970252225971,18.5
8.514917582588314,16.690803368601493,18.499999999999996
7.924563472430458,17.011484797566148,18.499999999999996
8.514917864377447,16.69080328528815,18.500000000000007
7.470773112005436,17.083977313494525,18.5
7.424448322321818,17.48191530367678,18.500000000000007
7.792780191685575,17.075905394760504,18.5
4.125378193492016,16.69080333546727,18.500000000000004
6.2328947410286615,17.227970027350224,18.5
6.2538789981325165,17.232418234751876,18.499999999999996
6.2888325738026385,17.23649349614844,18.500000000000004
6.812213306925505,17.534397010904872,18.500000000000004
6.996559917229628,16.787015510071928,18.500000000000004
6.263592231864324,17.45349213232889,18.50000000000001
6.240974006522173,17.207449615339122,18.499999999999996
6.823731394330674,17.11868338549553,18.5
6.458028332658392,16.690803359393477,18.499999999999996
6.439742539543664,17.26217845665221,18.5
12.903999866485051,18.478816341107393,18.499999999999996
8.514916991086915,16.690803487412552,18.50000000000001
5.868819038578596,16.690803335651427,18.500000000000004
7.6848039319943195,17.155881438983307,18.499999999999996
8.514917825424106,16.69080333708054,18.500000000000004
8.51491718702014,16.69080340693739,18.5
6.998351751038506,16.89337875834205,18.499999999999996
12.904454087354361,18.47890769184522,18.500000000000014
12.90445609837227,18.478909633670767,18.499999999999996
8.454123801364283,17.94176627768205,18.499999999999996
12.904456656235935,18.478908569040144,18.500000000000007
11.329064895516414,19.997122835873657,18.499999999999996
10.455735574250536,19.034049578078452,18.50000000000001
6.534145324034097,17.50257172730083,18.5
7.08918612142923,17.588498369498705,18.5
7.31027000770048,17.5121802898751,18.499999999999993
7.913248890245347,17.995262718804952,18.499999999999996
6.570521032187818,17.6326653509867,18.49999999999999
7.459972466876288,18.078992124834645,18.500000000000004
9.329367959221528,19.355322643109435,18.499999999999996
6.700872058536976,16.690805635072156,18.5
9.146479557659735,21.497340877447012,18.499999999999996
8.534218467569106,19.575743063630338,18.500000000000004
6.552075719472179,17.55518094174277,18.499999999999996
12.904450510387644,18.478909319567354,18.499999999999996
11.6118831667797,19.366288003857154,18.499999999999993
10.931773314088144,20.229200584592697,18.500000000000004
10.866440233654089,20.180364017775744,18.5
11.020688601779872,19.93331017351066,18.5
10.731223517818078,20.218028943239364,18.5
12.904456726695505,18.478907596929265,18.5
8.825526485165753,20.84302195364367,18.5
8.847609324974405,21.127545444182665,18.5
8.784960821687568,21.063810283239793,18.500000000000004
8.922522946754533,21.09306574238913,18.500000000000004
6.818255319358202,19.1684557402041,18.5
12.904439799223395,22.055111610524843,18.499999999999996
10.059739643660759,21.813912990831355,18.499999999999993
10.200552318789606,21.831561267864508,18.5
9.309202849271625,19.624800549237555,18.500000000000004
9.641422746676104,21.93381931954485,18.500000000000004
11.045441029148407,21.459645821788815,18.5
10.569662235005836,21.639458050281153,18.500000000000004
11.336028004514134,19.579883840503854,18.499999999999996
12.904457183743938,20.295521357220714,18.5
11.693265084593914,20.412460598940946,18.499999999999993
11.023774632672394,19.8615355888736,18.5
12.90445751308793,19.114588332362676,18.499999999999996
12.904456265726605,18.478908338835076,18.500000000000004
8.819793975529363,21.670222207809374,18.5
9.986169536887687,22.539455537761352,18.499999999999996
12.904455493924335,22.05511611911352,18.499999999999996
10.531792963557717,23.315270938555262,18.500000000000004
8.981305269192502,18.571004342362418,18.499999999999996
10.341409649893459,22.717183590904416,18.500000000000007
10.402469123033848,22.47019322013447,18.500000000000004
12.904453240710566,23.84321923229349,18.499999999999996
10.402056572086616,23.36191753919079,18.5
10.442947118793299,22.343168514081206,18.5
10.069112359811236,22.959450113155977,18.499999999999996
10.015617828637861,22.991200792218482,18.499999999999996
9.594078875108744,21.340673965854357,18.499999999999996
11.641509636402585,21.443711464275818,18.5
11.272326269626282,20.48707034482181,18.499999999999996
11.284171241300008,21.57701737273353,18.50000000000001
12.018091361990697,20.025881047105482,18.499999999999996
11.269722834330338,20.37238162898248,18.500000000000004
9.735592702992859,23.800193326721367,18.500000000000004
8.818696774475157,23.775541970658765,18.5
9.573462118099814,22.82055944066082,18.500000000000004
9.073674918754083,23.47485242757116,18.500000000000004
10.284959231767345,23.460085959023765,18.499999999999993
8.373786657905907,23.331338186042398,18.5
12.904452798083584,23.843220534571774,18.5
9.969523666705319,23.07862246276078,18.500000000000004
10.866192400186218,22.603388733754265,18.5
12.904454138085372,23.843219620974644,18.5
9.145764351244152,23.898873593309713,18.500000000000004
12.904456189304922,22.05511599021802,18.5
11.824961550199458,23.25037736993295,17.807908819201113
12.041729601655923,23.24272573104342,17.919650343910934
12.289430205799091,25.250919283659066,15.433935475282183
11.988795692491008,21.984284960875453,18.5
11.33258070966858,22.637665970024255,18.500000000000004
10.971151728802774,22.598964519372473,18.351199026312347
6.4036705610370905,26.292793111260824,18.50000000000001
12.904425139529337,23.84323277709254,18.49999991889101
7.289544374108825,26.422579308166537,18.5
9.232247630200268,24.37028791776191,18.499999999999993
7.887806643102522,26.198512568076396,18.500000000000004
6.395731089654567,25.947753967419068,18.50000000000001
9.059470632802983,23.575997105803886,18.499999999999993
6.7634618774182185,27.188988206593965,18.500000000000004
9.468731374678562,23.101410495000202,18.5
12.904334511782253,23.843186138380855,18.5
6.238072989385768,27.225567615446415,18.500000000000004
9.559386838920016,23.50701379564145,18.499999999999996
11.449518717729088,24.990951722798474,16.42495390344591
12.163500089595296,26.458054611997543,16.307041190951775
11.170542548993655,23.674690601882602,17.967827237358435
11.950207391835018,25.04024057614995,18.376611233641484
12.904455653876774,25.631325255151886,18.49999951498792
12.584315021480014,26.1551142879729,14.492066741151465
5.533073687109167,28.004416694148375,18.499999999999993
6.831638868181662,27.641417225469034,18.500000000000004
6.651931813572546,28.178325886992948,18.500000000000007
6.38248009673529,27.419428224845163,18.50000000000001
7.516123903736393,27.905396400520548,18.5
7.599844847033168,27.8727363331289,18.499999999999996
9.724383338726318,25.14014844568593,18.5
7.4231031906957705,27.417770465770477,18.5
12.904456960511078,24.880484172897845,18.49999976655182
7.638411777632753,26.396928201321785,18.5
8.83743353615378,25.175284132326446,18.500000000000004
8.514918054918725,27.419427810780366,18.5
12.904455359478519,25.631324097345153,18.499996253241594
12.904457429721027,27.645037493058837,11.100008976271992
12.729475681869733,28.53427263137228,12.733189219504652
12.820999461623694,27.420317642849152,11.528607058050092
12.904457482267565,27.419427937353774,11.100001889914333
12.137460038258222,27.870268602854058,16.903997675996695
4.125381237057749,28.680632935134817,18.499999653662975
7.452007446106652,28.255939101749,18.499999990395462
5.555000896881305,27.351902802927732,18.500000000000004
7.021382606258287,28.0278280463427,18.499999986927357
4.125378069953934,29.207531956912263,18.499999995003684
6.73367105746066,28.214113026709523,18.49999999172938
11.482675419199234,27.87510963548954,18.373090541709054
7.754796154529772,27.926586423362608,18.35993386816563
8.680903745906193,27.390963918334485,17.50911115263729
8.333509901843225,27.986630169844016,18.1230858071294
4.125379136455378,28.210438899195374,18.500000000000007
8.705769096071288,27.567713852315322,18.412399031174814
10.718651554940152,28.45962102992814,17.574173308821806
12.904457571676174,27.419427861115377,11.100005457842652
11.837119551436396,27.689862940960495,17.40682656416607
12.348264866688012,27.527826854641493,18.071163799234153
12.904457534098613,25.631325476520136,18.499999739433107
12.9044575932446,25.631330264824168,11.100002756630607
8.821200791152199,27.535470546194677,11.1
9.317160953617961,27.362242192750507,11.099999999999993
9.65801853125116,27.513224784984303,11.099999999999998
9.426691947657803,27.632449834254395,11.099999999999998
9.87388628936058,27.262129622488043,11.1
8.939555690348254,27.46243693068126,11.1
9.437617701291252,27.500918103938695,11.1
7.613324961802348,27.363424238876956,11.100000000000001
6.83849787072751,27.295201029366012,11.100000000000001
8.098398878472787,27.598856884633054,11.1
6.399423691875207,28.107749273496506,11.100000000000001
8.555430103448382,27.539923909011534,11.100000000000005
8.919411710214295,27.36477327130066,11.099999999999998
10.212678152691902,26.073876874833953,11.1
10.979538758440379,24.454438365008954,11.100000000000001
10.015662093461277,25.887422838161207,11.1
10.303118136434124,25.640581851031428,11.099999999999998
10.482909594259814,25.92886193648434,11.099999999999996
8.969288651641945,27.2843310951745,11.1
8.00379650660383,27.707817619611458,11.100000000000001
8.922801664554783,27.546666397063216,11.100000000000001
10.378594437804002,27.192453862116533,11.099999999999998
9.296684990748664,27.220633097933668,11.099999999999996
10.153079986139645,26.408050126752876,11.1
9.187982481756805,25.91625570483152,11.1
12.904446186812452,22.0551208780215,11.1
9.076945036438183,26.24804082903234,11.100000000000001
10.30913598989212,25.177772851698187,11.100000000000001
10.095771062452844,25.620739240365843,11.1
12.90445640207714,22.73372826963561,11.1
12.00748655999845,24.66946153951488,11.099999999999993
11.505465280366819,25.258916942153252,11.099999999999998
10.656741726124332,23.256835166569267,11.099999999999996
11.964906900708,23.390513135694817,11.099999999999996
12.904457271077787,22.734346672646115,11.1
10.437961584878241,22.29658938618004,11.100000000000001
10.766616320665866,24.16430907497322,11.1
10.714745853771525,22.048893675984626,11.100000000000005
9.699551117827433,21.151700494167304,11.099999999999996
11.194006486315844,22.23549502441283,11.099999999999998
8.514918441378978,20.267011776778908,11.099999999999998
8.514918227223943,20.267011637652377,11.099999999999994
10.496905431422192,22.11291665613337,11.100000000000001
12.904454742564585,22.055117876905726,11.099999999999996
10.340009270849745,21.753934776040264,11.099999999999996
12.90445490381365,22.055119064264623,11.100000000000005
12.904454878752375,22.055118571313383,11.099999999999998
12.90445617399971,22.956168725605593,11.100000000000007
12.904456305831749,22.055115789771712,11.100000000000003
12.904456120579084,22.05511698571627,11.100000000000001
10.480623658685841,23.183397215496736,11.1
11.00725300959972,23.132646409375454,11.099999999999998
11.196151735753922,23.21453543338057,11.1
10.27430540679553,23.998928591477274,11.1
9.578068952721841,22.898794507051,11.100000000000003
11.304406407998291,23.201591325020402,11.100000000000001
10.936416309941924,23.178082456040904,11.100000000000003
10.843428653118426,22.511946448439446,11.100000000000003
9.792330730641531,19.91909153255524,11.100000000000001
10.723057134014978,22.976362309295194,11.100000000000001
9.81369994931626,20.7960766963728,11.1
8.889670480361895,17.263409695046004,11.100000000000001
8.002389927019244,17.955731479584585,11.100000000000001
9.85616768495751,20.81337620498091,11.100000000000001
8.51491859373546,20.267010817786193,11.100000000000003
9.563683911988509,19.352303109439458,11.1
8.639066431723137,17.535379060111275,11.100000000000005
8.514918034456901,20.26701108901318,11.100000000000009
9.777076147796578,18.733981196195636,11.099999999999996
12.90445746618252,16.690803784230585,11.099999999999996
10.821884603600255,18.592416267981747,11.100000000000009
9.88819101458551,19.127676839687183,11.099999999999996
10.655277427823869,18.219453535934612,11.1
11.308195962218374,21.29689971106271,11.100000000000003
10.162041290608666,18.866587897092582,11.1
9.390398038753574,17.99747875164436,11.1
10.963112381730546,18.73112705418,11.100000000000003
9.763215824327276,18.05247656229129,11.100000000000001
7.073744381294488,17.547699815969178,11.100000000000005
12.90445461476331,16.690805189094224,11.1
11.4415356616926,17.245126658775416,11.099999999999998
9.21420986089887,18.84538957804493,11.100000000000001
8.514921250428907,20.26700658457195,11.100000000000003
10.137460261820097,17.62458845653124,11.099999999999998
8.552740304994307,17.044092952394337,11.099999999999998
10.789221043971125,16.939591694960978,11.099999999999998
8.514922109272524,16.690810343847893,11.099999999999993
8.51492189351967,16.69080539292411,11.100000000000003
11.015966027873036,16.971680686665973,11.1
8.514919521974038,16.690804711254756,11.100000000000003
9.632214761065791,18.98048034129184,11.099999999999998
8.642310203078381,17.592508101496797,11.100000000000001
8.617304168460773,17.364787341614335,11.100000000000003
10.094175638827922,17.70001443078456,11.1
8.683145827403361,17.51390161607356,11.099999999999998
8.925428472987615,17.151519881774867,11.100000000000001
8.514918174340096,16.690803643228616,11.100000000000001
9.201126394145078,16.956068654313622,11.1
8.452463265635734,17.025866749988072,11.099999999999998
8.641405678856698,16.74409464692034,11.1
8.225508603568388,17.16722585909591,11.100000000000001
6.411295217863888,16.902483709752914,11.1
6.034782785155361,27.98938664261896,11.100000000000001
5.984506420936285,26.89749416455967,11.100000000000001
6.031375078486775,26.91930382038062,11.100000000000001
5.709096598957128,27.945102517854288,11.099999999999994
6.281046524264005,27.177418516876806,11.099999999999994
6.3413217237500685,26.814029650287527,11.099999999999998
6.065475690020516,27.477592599265687,11.100000000000001
6.344418661887417,27.519109113276635,11.099999999999996
6.340169979032439,27.72788684421975,11.100000000000003
6.478078616421688,26.88270188105121,11.099999999999996
6.557173723365833,27.542270192140947,11.100000000000003
7.750875140706309,26.483836428601197,11.100000000000003
6.590454857368484,27.025468431959464,11.1
7.925455300018453,25.886814495691993,11.099999999999998
5.833771671641472,26.274546217398964,11.1
6.696822582886791,24.83105777962844,11.099999999999998
5.667192007699941,26.14474352293179,11.100000000000001
5.856494602507192,26.172015150315577,11.100000000000003
9.461704581147675,24.61713883465488,11.099999999999998
6.982711557772964,26.097641928405608,11.1
8.930963397713542,25.60574782453738,11.100000000000001
9.038867719274226,25.95044603716457,11.1
9.345030544980217,25.53069779649606,11.1
6.395178181122022,26.80430936951218,11.100000000000001
7.52619219323403,25.696948266676095,11.100000000000001
6.803287543512212,24.36619776790338,11.1
5.951938640299976,26.435364675748463,11.100000000000003
6.139138350058269,21.75932709084325,11.100000000000001
5.765715377809644,24.914347522007223,11.100000000000001
5.583943321308858,25.283459025753206,11.100000000000001
6.313881940375452,24.67175366895019,11.100000000000001
10.507216421347568,22.30406212556639,11.100000000000003
7.446048543558922,20.184065126288015,11.100000000000003
8.665094615624527,21.851992178030628,11.100000000000005
12.904456988428015,23.843219220952154,11.100000000000001
7.0714962547057345,20.936647343312558,11.099999999999998
10.157064650732883,21.33546193492038,11.1
12.245400433893472,23.359580490924607,11.1
7.689720555553702,20.240588593688866,11.100000000000001
8.90683100785038,20.96855291978103,11.099999999999996
7.408794413763597,19.33116191620268,11.1
9.101657081369058,21.318745815220677,11.1
5.440277998420279,18.05632799892962,11.100000000000001
8.03690653030092,21.563288823554,11.099999999999998
9.47824886861033,21.783567715541434,11.099999999999996
9.821005803934467,20.799056905881734,11.100000000000009
8.675848744603336,20.286016651933586,11.1
10.960211923192764,23.30532039512462,11.099999999999998
7.232590296334666,19.462796933142975,11.1
5.78842913688346,21.431538816530992,11.099999999999998
4.125379350886634,16.69080410283486,11.1
4.362513209204179,17.03748819836658,11.099999999999996
6.022324640965946,19.108951562133186,11.100000000000001
4.926900075550651,17.897328358809617,11.100000000000001
6.668061958014861,18.768292882888883,11.100000000000001
7.314471809701716,19.213269733174855,11.099999999999996
7.260339662598697,19.045954956124035,11.1
6.876305381955154,21.55444840655939,11.099999999999996
6.108911537737361,18.38551499889575,11.099999999999998
7.797085255554849,19.81644225422672,11.100000000000003
9.115526760441261,20.965098345333455,11.099999999999996
4.125378112157882,16.69080343487232,11.100000000000001
5.870746045529166,17.867518558757244,11.1
4.125386082178053,16.6908034719732,11.099999999999993
4.125378123546975,16.690803424118258,11.1
5.583584349089473,17.200178304565988,11.1
4.125378628489783,16.69080350415538,11.100000000000001
7.989539538298333,19.652914058737416,11.099999999999998
9.720826155101811,20.758244337830394,11.100000000000001
8.305615921632661,18.66332306137698,11.100000000000003
8.512758159287882,18.82922000956213,11.1
7.9946668241655505,17.65021979658507,11.100000000000003
9.523553127545783,20.368876239048582,11.099999999999996
7.596678483522501,17.783985384290652,11.1
6.590476149927896,17.784839023420144,11.100000000000001
4.125378085880345,16.69080331358266,11.100000000000001
7.7037978923852615,17.808108412753832,11.1
4.997126613130793,17.015494523510352,11.099999999999998
6.844203624617056,17.47878112496026,11.100000000000001
7.972334400272671,17.569781183521147,11.100000000000001
7.962601882816581,17.899121069567645,11.100000000000001
6.808984129549594,18.08335656782752,11.100000000000005
7.397713661494221,18.252854071354967,11.099999999999998
7.512707290212222,17.548476476061268,11.099999999999998
4.125379047134475,16.690803569714877,11.100000000000001
4.125378457305498,16.690803369971448,11.100000000000001
7.941180257616639,17.182908558003966,11.1
7.819722336677745,17.563081905649554,11.100000000000003
7.6272362253724575,16.690803308266897,11.099999999999996
9.900397608223763,16.690803389673327,11.100000000000003
4.125378034302349,16.6908033174951,11.1
7.585752393199012,17.299872850869207,11.1
6.688486676956552,17.049947451001454,11.1
6.237569504805913,17.398690472986093,11.099999999999998
7.17293135528096,17.095647802698306,11.100000000000001
7.091641273445273,17.21470799338115,11.1
6.489026735276984,16.98830772309706,11.099999999999994
6.964264474393581,17.18708483624891,11.099999999999994
6.336639255056167,17.121464484206033,11.1
8.199195359703047,17.36724136034067,11.193261942086593
6.97068085725222,17.07480594500253,11.1
5.270823665762134,16.827033641650093,11.099999999999998
6.739338499600613,18.01030793579609,11.100000000000001
4.12537807619108,16.690803357421004,11.1
5.174173058186079,17.06698289706676,11.100000000000001
5.37942053873898,16.93541768464763,11.1
5.817149943388264,17.100601159807013,11.100000000000003
4.125378393622125,16.69080346859733,11.099999999999996
4.211092190807046,16.718922112058042,11.099999999999994
7.979448566381174,18.08091525442573,11.100000000000003
6.531349053790761,17.38778659441101,11.100000000000001
8.514917090239381,20.267006913654736,11.1
7.872531971469172,18.219406263150717,11.100000000000003
7.824371185471586,18.285897267502282,11.099999999999996
4.12544537703952,16.690820814161157,11.1
4.125379318387803,16.690803371733235,11.1
7.2770094313574605,16.69080332867328,11.1
12.904376978504509,22.05504904113552,11.1
5.203164625577901,18.76477639314511,11.100000000000001
5.915294172969284,18.262031805911754,11.099999999999998
4.125384973954875,16.690806596412518,11.1
6.98792428905263,17.415158736345827,11.099999999999998
8.676691686365706,17.720899825723766,11.1
5.046830982168759,16.690804741263047,11.099999999999996
8.514917467393621,16.690826827924283,11.099999999999994
8.085494586812963,17.3122541052762,11.1
4.125381188649678,16.69080385137747,11.1
6.010663327601492,18.29538532666134,11.100000000000001
5.803032706322585,17.836117385596722,11.100000000000001
6.106741983721925,20.377804077006676,11.100000000000003
7.111227906519954,18.6979686745618,11.1
7.734977218434867,19.2728813131154,11.100000000000003
7.047906151986756,18.503698090676544,11.100000000000001
10.637958874700628,23.183133602292415,11.1
12.90444589954255,22.05510749571953,11.100000000000003
8.829486596608493,20.395149854128135,11.100000000000001
9.359229498793328,20.107203796729195,11.099999999999994
8.809358245343535,20.386952105598034,11.099999999999998
9.818734330790743,20.79812786328135,11.1
6.941153750109577,20.864495629117616,11.1
9.628993150089904,26.07351309395885,11.099999999999996
8.767902381555393,24.297861731104256,11.100000000000001
4.125380111306907,29.2075305001371,11.099999999999998
8.153120356301812,24.351384642402063,11.100000000000001
7.161321386129863,25.568492233000224,11.1
7.434917003121673,26.520027657284853,11.100000000000001
6.570478865459497,26.267922466011928,11.100000000000001
5.421608065814176,26.247941029162426,11.099999999999994
6.388153457363481,26.95568860193782,11.099999999999998
6.086042231341843,26.25401956287721,11.099999999999998
9.203229196384482,23.19919298785007,11.1
6.006743995934549,26.714037394480325,11.099999999999996
5.541873418722047,25.233822584375194,11.1
6.390564036566064,28.28891794800906,11.100000000000001
5.77972502887352,27.72092384516905,11.100000000000003
6.007100565817796,27.17006005871538,11.099999999999998
5.875154170211254,28.200194944990233,11.099999999999998
9.611176571383266,26.308864923860526,11.099999999999996
7.131361343924674,27.430967475881545,11.099999999999998
8.592423033270574,26.216938775597743,11.099999999999998
10.002156593224896,25.871598865817067,11.100000000000003
6.063783079987673,27.439082257774743,11.1
7.09361136789637,27.007773222908583,11.100000000000003
5.303041259994398,28.40786534405752,11.1
6.003454576378196,29.207531858977784,11.1
4.125378837566427,29.20753180086448,11.1
6.087804443135068,29.20753179656869,11.099999999999994
5.0653361539869195,28.994571255237172,11.099999999999996
4.125378873289787,29.207531818514244,11.099999999999998
7.240512046057271,28.19883255541794,11.099999999999996
5.338972832634124,28.459622838772916,11.1
4.125378046715489,29.207531938255915,11.099999999999996
6.438883650156237,27.524131665066516,11.099999999999998
6.173274125490877,27.74330338028841,11.099999999999996
5.238717749410275,28.495076529329957,11.100000000000003
6.487802935698549,27.12110897055836,11.099999999999998
5.9443736060218,27.497877651623302,11.1
6.88048499462614,29.207531825764633,11.100000000000005
5.8262889049698785,27.270314997605254,11.100000000000001
6.404027060462864,27.94752061165613,11.099999999999998
6.450026755915966,28.309861189285147,11.1
6.041275327915725,27.131689815969473,11.099999999999996
5.971644187838167,27.280269284641616,11.099999999999996
6.266379234519232,27.58994335566827,11.100000000000003
5.9245163064243975,26.686319875014835,11.099999999999998
6.450806556618945,27.208108755282684,11.1
5.809810132138138,27.29966706476531,11.099999999999998
6.303412157629428,27.73970276889053,11.100000000000001
6.190228105709501,27.49946330268531,11.1
6.399113646492581,28.322383182872915,11.1
6.97097607286537,29.207531540458895,11.100000000000003
5.647694631032587,27.456093785415394,11.100000000000005
5.122614309357594,28.525657425395387,11.1
6.61637018293526,26.93073196400707,11.099999999999996
6.467495519468582,27.041357425254827,11.099999999999994
6.474620269184137,27.585847438913305,11.099999999999998
6.434893913853507,27.278037844682785,11.099999999999996
6.86783321091152,26.897287388105877,11.1
5.920217456915659,27.04253467898289,11.100000000000001
6.136454453322377,27.366229614152743,11.099999999999996
6.54497957875867,27.685162212009388,11.1
6.230403162685813,27.006652337586186,11.100000000000005
6.414143463124219,27.293500445813454,11.100000000000001
5.72678475653754,27.88519824366739,11.1
9.41092576191936,17.17899623511649,11.099999999999998
8.291778802264043,17.140938602758304,11.100000000000001
10.27353362611268,18.80721046972506,11.100000000000005
9.142413335339835,18.18561646839996,11.1
8.369941838922148,17.15708670686814,11.099999999999996
9.497017534369029,17.613808213021397,11.099999999999996
12.163029492775708,18.251218405086057,11.099999999999998
10.960110895819213,20.690506849368067,11.100000000000001
10.329766484249046,20.075364623670065,11.099999999999996
10.098409879062409,17.521115577661238,11.100000000000001
9.814274596610453,18.14492182105703,11.100000000000001
9.370384111912701,18.62754575325395,11.100000000000005
10.89191443831752,18.429794951596005,11.099999999999998
8.514918996305653,20.267010422757807,11.100000000000001
8.51491810858806,20.267011057796118,11.099999999999998
12.904457252493291,16.690803931855893,11.1
8.514918091177675,20.267011202718695,11.099999999999998
8.514918225105179,20.26701108132971,11.1
8.514918175992156,20.267011271614912,11.1
10.695017314150986,18.896181699744215,11.099999999999998
8.514918316288204,20.267011159614018,11.100000000000003
8.514918121036889,20.267011297255547,11.100000000000003
8.514918633271693,20.26700980051193,11.099999999999994
9.796058747472342,18.311482720273364,11.1
9.74460433759815,18.376110187040158,11.100000000000003
12.904456446674628,16.690809217845217,11.099999999999994
10.864763116804125,21.75792071923013,11.1
10.27398124633555,21.713973287501652,11.099999999999998
11.201764847766096,19.245427512831334,11.100000000000003
10.713275975034671,20.813507035660262,11.1
12.904457447448928,16.690803954765272,11.1
11.395956046761787,22.170104964166065,11.099999999999996
10.951068898488202,20.73592269291949,11.100000000000003
12.904457076348482,22.05511553570343,11.100000000000001
11.646686471920736,22.00673322549976,11.100000000000003
12.904457684028579,22.05511455891567,11.100000059640587
8.51492018236158,20.26701217458818,11.099999999999998
9.598525876611394,20.245105328447504,11.100000000000005
12.904433264267142,22.055105599344955,11.1
12.904452459996595,22.055115017886642,11.099999999999998
10.164334777217512,20.938911290824873,11.099999999999994
10.554774906554952,22.148164998860885,11.099999999999996
12.904457386638198,22.977373229226508,11.099999999999998
11.616977803649865,23.940785128409562,11.100000000000003
11.267408378134894,24.370527935886958,11.1
11.510837238073238,23.994529574001483,11.099999999999996
12.33521142093711,22.901382588202367,11.100000000000001
10.437065927385547,23.47952581207879,11.100000000000001
12.263935665755456,22.489151042618147,11.100000000000003
12.50763565487274,24.77059866166507,11.1
11.03134383664712,25.254550261857094,11.1
10.651514171336885,24.734031645006535,11.1
11.368204569255889,24.844072833759785,11.1
10.857629285418893,24.36159851799631,11.1
10.523298087962518,23.398574155163722,11.100000000000005
12.35496975987354,23.02828234196208,11.099999999999994
11.476042738003509,21.782497632576916,11.099999999999998
9.551003788954183,20.22376489843202,11.099999999999996
11.404966853398728,23.497843183681848,11.099999999999994
12.904456257604888,24.855145231231205,11.099999999999998
10.957040779264378,23.3983427785852,11.1
10.10510619483466,26.762458329783755,11.100000000000001
10.050893176783825,26.718907868602187,11.1
10.38604828230673,26.19835144808326,11.1
10.212037005335054,25.99200065330621,11.099999999999996
10.848234468448517,26.608364331184653,11.099999999999998
11.564443670992521,25.339973339028084,11.17833908355737
11.19295748387478,25.009544118530528,11.099999999999998
11.067508905582317,23.88202544930949,11.099999999999996
12.90445704238073,22.055117714273592,11.1
11.286690880676547,23.030263568626175,11.100000000000001
12.90445705958128,22.055122305350242,11.099999999999998
11.35059257515818,25.58018606468536,11.100000000000001
11.52076848273334,27.554474485410417,12.273766065255575
10.53974566533987,26.888696752567725,11.160239836510865
10.75974597418738,27.517652382888137,11.387711078404513
10.535337520708541,27.31290907627556,11.27072593497984
10.535337520708541,27.31290907627556,11.27072593497984
9.79094709026241,27.069979115119988,11.100000000000001
11.525905020407697,27.53556955779906,12.185360282811121
11.330584740658672,27.643900748267484,11.85824000366304
10.377151159658519,27.627299612421996,11.200237597093265
10.806763492405649,27.46924738493754,11.263941923929053
11.369336925014258,27.590622413095748,12.162797663840177
10.9954305172829,26.90381299289307,11.100000000000001
10.920100896561188,26.86131156421451,11.222139615568686
11.001463522813902,26.931680786849334,11.165674882041435
11.097784331889546,26.989385566051077,11.165079563857297
11.345516332216445,26.89307647653101,11.421423078361762
11.723954553988703,26.92133810169931,11.099999999999994
11.488305253443098,26.687170023379426,11.1
12.260244299574724,27.672372370639614,12.050290054109144
11.078135741823461,27.655836341254123,11.665316093444211
11.839657744310276,27.493566623429295,11.913800086706582
11.94151648733919,27.865890472655487,11.542620702014863
12.44832031140384,27.679825295756427,11.294515287879458
11.60162214911321,27.811285132795657,12.718628788396417
11.187033820624896,27.31556466471581,11.840852770797015
11.021818586598334,27.316530327275387,11.508749237508654
10.972543821270204,27.410307128271576,11.624097247199538
10.793166437868452,27.22961850139636,11.241334229856845
11.014649079030688,27.159291628135122,11.280965570469682
7.077878665429235,27.429905948412337,18.47693997097963
5.453145481598495,26.701538768126355,18.49999999663835
6.438144905395768,27.79573891099339,18.408023372739994
8.105513909506856,27.067298398359004,18.417599956765415
7.535511243428128,27.428094317096452,18.41421648942962
8.514918083008421,25.631324091070297,18.49999997369078
6.576730439410865,27.438108354342063,18.500000000000004
9.14488779560098,27.419427890050407,18.499999977054333
7.713256776827339,26.857887518054174,18.499999999999996
7.2570628537311945,27.25732293194627,18.399491828690383
7.634292697979397,27.518751978524275,18.273185147392162
7.528129503357797,27.31470137746208,18.315961707529585
7.860111374642919,27.4754630390842,18.5
9.620980724746053,24.24973817584668,18.500000000000004
8.50478606655616,26.794082412259907,18.500000000000004
6.985988576635481,27.701116451145637,18.5
7.492782819117002,26.306352853261465,18.499999999999996
9.423815669034736,24.58783135882103,18.500000000000004
9.085834599677186,25.947147612560766,18.26332876949261
8.495549648229382,27.460206784297693,17.94052104552625
9.886952960862864,27.112252036428842,18.430885998891327
8.45873817874001,27.211873476763273,17.746950125365306
10.249474484658318,26.979155833777597,18.162605004985384
8.282223083953076,26.418673951297293,18.38203945712519
8.426850953419523,26.21221431869708,18.218785798100168
9.263489091605578,24.424201874437287,18.5
11.676794976179577,23.525885602798812,18.500000000000007
12.904448954169307,23.843217769531268,18.499999999999996
12.904441614957213,25.63131671330215,18.499999999999996
11.428330422486681,24.60112815042553,18.499999999999993
12.115333455303892,24.008354315994538,18.49999999999999
12.904441254164398,23.84320811483819,18.49999999999999
12.904457591523402,22.055115695904796,18.500000000000007
9.673853876195484,23.907211707034868,18.5
9.45309252292416,23.890946321397895,18.500000000000004
8.830585900270425,24.942105158480498,18.500000000000007
6.459021218702918,26.74784091876511,18.499999999999996
9.569768879018294,21.12641072943454,18.5
12.120514296018868,23.490687458016403,18.499999999999993
12.161428548664675,23.674661188231603,18.499999999999993
10.443492624451602,22.47406124198459,18.499999999999996
12.904448998075663,23.843218164411738,18.500000000000007
10.510685549843584,23.975623730910456,18.5
10.648459298575386,22.671011347797315,18.5
12.904451955762752,23.843221879255267,18.499999999999993
10.938959178097562,23.887482305870936,18.500000000000007
9.792040720916104,23.365715796054214,18.500000000000004
11.028867876192077,21.706088991258017,18.500000000000004
10.335240629398735,24.13060199492856,18.5
12.904444865578137,23.843209952715704,18.500000000000004
12.904449368093264,23.843213434888224,18.499999999999993
12.90445312654575,23.84321515676771,18.5
12.904443902100482,23.843210014239403,18.500000000000007
12.904454176141998,24.736937535009087,18.500000000000004
12.904453331699699,24.76684381367276,18.5
10.24018269858911,22.70242050507359,18.5
9.53704098532986,22.64771132888772,18.5
10.526178660533084,22.071538726432266,18.5
10.251980649990871,23.576054412985854,18.126309044167254
10.146428544117079,23.256995190991994,18.500000000000004
10.597406890729287,21.151058602853247,18.500000000000004
9.671642014626823,20.29579631941359,18.5
12.904455422400964,23.843219107705224,18.500000000000004
10.165581864724437,22.554752820853988,18.499999999999996
12.904457391168775,19.830223520837457,18.5
9.899893886860113,19.835591314731456,18.5
9.660890715196985,19.720965387029867,18.499999999999993
12.904443635742044,18.47891147592208,18.500000000000018
6.498562904110051,18.582669593879903,18.5
10.412690181715373,20.857618881920732,18.5
9.308099321368738,19.32139548018233,18.500000000000007
8.948874195832742,18.53811769405557,18.499999999999996
9.059323768707621,19.076803300845892,18.500000000000007
10.31193488258135,18.325880563439043,18.50000000000001
12.904454195266235,18.478907237647334,18.499999999999996
11.683643964151107,20.204528819092385,18.500000000000004
9.772212752907343,19.754844847336365,18.50000000000001
6.369717168668678,16.690906785964156,18.499999999999996
10.251663379777195,19.422785320191554,18.500000000000007
10.796278254624774,20.23449414695825,18.5
10.362016472083713,20.67096340425415,18.500000000000004
9.1026716775423,19.435480394637757,18.5
10.847403164764005,20.31044338295686,18.499999999999996
11.589437115161015,22.63970206470403,18.499999999999993
8.689266153530607,19.02934521359106,18.5
6.161360381697749,16.690803342188097,18.499999999999993
7.049434448306909,16.690803312051145,18.500000000000004
7.0889172325726655,16.690803286659484,18.500000000000014
6.9657376587735875,17.540731790543976,18.5
8.514917425298004,16.690803602257272,18.499999999999996
6.553952112414101,17.165561335692423,18.5
8.676451905125193,17.6131586575265,18.499999999999996
7.819849961386228,17.746104104936535,18.499999999999996
7.311435492334969,17.246213762827757,18.499999999999996
9.003887271779114,17.775520283157558,18.500000000000004
11.320610997534862,19.390627019659394,18.500000000000004
10.426007761196422,19.415229688991566,18.5
6.755526859874412,17.306395629193066,18.50000000000001
7.864713970324557,17.801753011208007,18.500000000000004
8.636472505457757,17.988837396723284,18.500000000000004
8.616068386066503,18.556907449046044,18.499999999999996
9.294792900219484,18.54225139790163,18.500000000000007
6.673713225810184,27.67717715855209,18.499999999999996
8.514916383715692,29.207531119110886,18.5
5.883989604508541,27.79654832488171,18.500000000000007
6.856696284482748,27.720122842993202,18.500000000000007
6.3464432627967335,27.419427589974017,18.5
6.759815051054704,27.898573744706013,18.5
6.601288960808961,27.837881228055185,18.500000000000004
6.664263735205445,27.534008062433376,18.5
6.206238827786638,27.764237671594437,18.5
6.954581105997124,27.72870449210325,18.5
6.9025549377872295,27.47881197430079,18.500000000000004
4.1253791066666645,27.41942810302751,18.500000000000007
6.180110786168239,27.419427992029114,18.499999999999996
7.172443848025798,26.89886490237155,18.499999999999996
7.050960046126972,27.671936725950964,18.500000000000004
7.319280455654046,28.018579083996453,18.500000000000004
6.153287419014284,27.419428017379865,18.5
6.8462380274176,28.105028535401335,18.500000000000004
8.23980906184134,20.11575096245951,18.499999999999996
7.2129372185709135,26.838494436249302,18.500000000000007
6.3398062100417185,26.83554569085233,18.500000000000007
6.89430442836287,26.92488187645816,18.500000000000004
8.142323315136073,25.19277044218115,18.5
6.470824554057379,27.396243970488758,18.499999999999996
6.612274024110773,27.584274397653882,18.5
7.884824912047012,21.383366332173868,18.500000000000004
7.050575262898735,26.918958615146256,18.50000000000001
7.862774284979201,25.688805904164354,18.500000000000004
8.237811047925337,24.73404634890854,18.499999999999996
9.714732226429529,23.62559563964009,18.499999999999996
6.68488362840011,27.755396472757184,18.499999999999996
8.548579659548171,24.70142998052678,18.5
8.313941512263465,24.297698042870735,18.5
7.108946124776742,26.867416327342163,18.499999999999996
6.942400965462549,26.918052549917544,18.499999999999996
7.2724471017615935,27.082438897884025,18.500000000000007
6.585508417334935,27.78735148668518,18.499999999999996
11.673461382717498,18.228182187880584,18.500000000000004
8.860575890847091,19.665498837463854,18.499999999999993
8.514918652847511,25.631318791876723,18.499999999999993
8.514917883864866,16.690805635276906,18.499999999999996
5.7476335317993525,26.680397149602236,18.50000000000001
8.829125222241654,22.782834446187046,18.499999999999993
8.958066320040528,22.649394717128388,18.499999999999996
6.823879686786813,16.690805324425813,18.500000000000004
9.169633071245217,22.70573231082608,18.500000000000004
8.73034672309595,20.122536805205616,18.5
8.106738404478651,20.713165074030446,18.499999999999996
9.112060219365231,22.308898897844923,18.499999999999993
8.039630438585089,24.297752633681462,18.500000000000004
8.027554214302974,23.410715800182366,18.500000000000004
7.470404338474706,23.19922737086257,18.499999999999996
8.653095150148157,21.410178814525175,18.500000000000007
8.611680057799953,21.845162851532834,18.499999999999993
8.696076001217053,20.4633894397045,18.499999999999996
9.035216194567546,21.734792677015133,18.500000000000004
9.037924589697358,21.6928273875236,18.500000000000004
8.70306417494424,23.43308073861264,18.49999999999999
9.166241734386645,22.035518398371856,18.500000000000004
8.874449395330831,21.223350347899604,18.500000000000004
9.37799591964653,23.092547343714767,18.500000000000007
7.977773279893266,22.394479030288053,18.5
8.811321369431637,22.79835147482217,18.500000000000004
8.514918035647629,16.690807783921215,18.499999999999996
7.426754228700889,17.758505733130505,18.49999999999999
9.081574862412063,22.346829416786335,18.5
9.08055864226393,22.650020981862454,18.500000000000004
6.879292933031507,17.722166194559293,18.500000000000004
9.461007021757391,19.7157332025985,18.499999999999996
8.111249361733373,19.87116500426573,18.49999999999999
8.869694517103097,19.82780389845549,18.500000000000004
7.5044471725069455,18.494437139697226,18.49999999999999
8.783628278551038,21.29060257360807,18.500000000000004
7.299007922265053,17.858486407501974,18.499999999999996
7.533833438517559,16.69080410902214,18.499999999999996
8.514917878775007,16.6908034090733,18.5
8.537069766205498,19.364407645783615,18.499999999999996
6.949850479395086,16.690804031276304,18.49999999999999
7.8219230097172145,18.902397369207723,18.499999999999996
8.512626840842366,19.9239854679165,18.499999999999996
9.355435460533203,19.77714913315174,18.499999999999993
6.937931367411171,16.69080340971238,18.499999999999996
7.429169501155842,18.05039811824613,18.499999999999996
6.940148021146095,16.690803488136808,18.500000000000014
7.5628381570851,16.69080334975036,18.500000000000004
6.807761156556698,16.690803456246048,18.499999999999993
6.848945250855876,16.690803423480943,18.5
6.890018229049078,16.690803804855644,18.5
8.51491774890848,16.690803771524106,18.500000000000007
8.430176333614256,19.961452308141677,18.5
7.306147421244616,17.338572243734646,18.499999999999996
7.964475547080165,17.848058401723105,18.499999999999996
7.402828334484961,17.846660293630716,18.499999999999996
7.431591582731117,17.53822509129514,18.499999999999996
7.883910311445203,18.739669920108913,18.5
8.514917814785434,16.69080329550584,18.499999999999996
6.7174746237046765,17.054203343912015,18.5
7.0659926771354264,18.025332143828294,18.499999999999993
8.514917805618543,16.69080330331238,18.499999999999996
8.514917763632646,16.690803369626618,18.5
8.514917798302555,16.69080329441843,18.500000000000004
8.51491774575086,16.69080329562097,18.499999999999993
6.9044641404588045,16.690803586081337,18.5
6.899797084219673,16.69080344861499,18.500000000000007
6.962117163325594,16.690803399522313,18.5
6.87391750564876,16.690803505911266,18.500000000000007
7.5101811442598905,16.690803455932947,18.500000000000004
8.77976739124115,19.73836852881545,18.499999999999996
8.635256539780727,19.669633584720327,18.500000000000004
8.911364583415056,21.49497555058336,18.500000000000004
8.533454820258038,19.516592365547684,18.500000000000007
8.763908772127596,20.718825100449223,18.5
9.31642838907318,21.219252457924846,18.500000000000004
7.731181609529891,19.04316265050697,18.5
7.993818984392517,18.264182117048946,18.499999999999993
7.522774723518781,16.690803434075992,18.50000000000001
7.741361283974043,19.352238500792016,18.500000000000004
7.0289311723904,16.690803635356186,18.499999999999996
7.6804127256803225,19.09907250479579,18.500000000000004
7.058584965025546,16.690803535922125,18.499999999999996
8.621308489778539,20.3722285680506,18.500000000000007
7.865580463048073,25.00694648309622,18.499999999999996
8.55845755435045,24.68024908035438,18.50000000000001
9.37236149600142,24.0181337197972,18.5
8.3120529546744,24.005012637885887,18.500000000000004
9.00897641170701,24.32312048864767,18.499999999999993
8.786665693682616,22.475701237840504,18.5
7.113940638675291,25.6436688038119,18.499999999999996
7.976675702136116,25.233075894651883,18.500000000000007
7.942387754865298,19.215191913810813,18.5
7.396775156416555,18.005897065705085,18.499999999999996
7.998754991265099,23.08788280488951,18.499999999999996
7.916175237425395,25.192973476340406,18.5
12.904123990282162,23.843355124403573,18.5
9.943960808860984,22.319108929729573,18.5
8.955126270228172,24.518671169280644,18.500000000000007
8.78799677921589,24.91106837552552,18.500000000000007
12.904434955445542,23.843208570893328,18.499999999999996
8.986557777080932,21.70111863170405,18.499999999999996
8.014598302010425,24.33934716345314,18.5
6.436056707171212,26.839808838770885,18.500000000000004
7.082402312402656,24.762598926888597,18.500000000000004
5.6878863441820435,26.24918743857302,18.499999999999993
5.609019946261358,27.14981767595391,18.500000000000007
7.674794166742485,25.707301512530975,18.499999999999993
8.25236237453207,24.560215657839375,18.500000000000004
8.04452766491848,25.21163769305912,18.5
7.156447287155438,25.87697849230692,18.5
12.9044560178925,22.05511611718368,18.499999999999996
12.9044560562561,22.055116034646165,18.499999999999996
4.125379332601548,25.631323627720615,18.50000000000001
8.779675335502887,23.22335003531106,18.499999999999996
5.436795485348933,25.933426668530842,18.499999999999996
5.155421135379928,27.243297171283732,18.5
6.469894186902448,27.666963821137923,18.500000000000007
5.848304095024997,26.96391518174442,18.499999999999996
5.637771977770763,26.902722384196714,18.500000000000004
9.378363510881881,25.156609559899277,18.500000000000007
9.354080098859116,25.169840726570776,18.5
12.904411002973202,23.843209367620336,18.499999999999996
7.38674669914812,26.248933515360015,18.5
6.540640124488903,27.41942734222522,18.500000000000007
6.2350040999386955,27.11605636825332,18.5
6.652671332323182,27.806956527074853,18.5
6.262139731502258,27.419427998806768,18.5
6.604953586567117,26.668501085194553,18.500000000000004
5.290070553941226,26.61777305061336,18.5
4.851930381065232,26.915538086718893,18.5
5.983487171965766,26.814612573182337,18.5
6.350271915052039,27.41942792125516,18.50000000000001
7.307169982636806,26.004972597788143,18.500000000000004
6.403471513876993,27.48886826646604,18.49999999999999
5.8255823198634165,26.926491047171698,18.5
6.50083909495126,27.419427924158267,18.499999999999996
6.571636745629479,27.419428394057228,18.50000000000001
6.2460057341451485,27.7344554395925,18.499999999999996
6.130690729405255,27.71382351730204,18.499999999999996
5.143057602357543,28.085763815474703,18.500000000000004
5.605075977265211,26.527898226716538,18.5
5.641612371738243,27.411274990045865,18.5
6.583588504866251,27.538979666662836,18.500000000000004
6.311408609148393,27.41942798058984,18.499999999999993
6.272915364469119,27.419428054041752,18.500000000000014
5.049118530819384,28.73287095956616,18.500000000000004
6.001183339481452,27.676995987234328,18.499999999999993
5.968422985013633,28.001856381360042,18.5
6.123474112938104,27.419427965010797,18.500000000000007
6.976005650787412,28.19950683083807,18.500000000000004
6.150358195636136,28.029836115639416,18.5
5.0884979980303475,28.123541295273753,18.500000000000004
7.041091880833945,28.16045672902655,18.499999999999993
5.144115174160905,28.099438362096453,18.500000000000004
5.323049492498285,27.26861060253645,18.5
4.1253782134214765,28.0756524016533,18.500000000000004
4.540887136582966,28.209464470096343,18.499999999999996
4.7094205247069905,28.58105411658081,18.500000000000004
5.604264681613484,27.730130603479456,18.4944921689247
5.815358566295387,27.928624708313862,18.500000000000004
6.170288299777576,27.65416521519303,18.500000000000004
8.514917192158837,29.20753143473369,18.5
7.1303140844712685,28.3802399083742,18.500000000000004
7.309409906765124,27.864738768059624,18.499999999999996
7.187250415482908,27.769395066462693,18.499999999999996
7.2161685162270475,27.36460803280742,18.500000000000004
11.545822959454537,21.376595105617604,18.499999999999996
12.904456232538255,18.478907770732064,18.499999999999986
9.41155405302138,18.73320197633666,18.500000000000004
9.451668074102148,19.256735265809898,18.500000000000004
8.062827885990144,18.31052280505249,18.5
9.765519629529972,19.19728944967956,18.499999999999996
9.111381362192253,19.0063973458199,18.5
10.168031403824433,20.276791350795126,18.50000000000001
12.904453277476854,18.478908579759043,18.500000000000004
12.904456882661922,18.47890749208317,18.499999999999996
12.90445438699829,18.478908453169087,18.5
12.221720512319441,21.388157418167918,18.5
9.57592022176789,19.05077298702491,18.499999999999993
8.329172647123894,25.474444716646676,18.499999999999996
12.904455094246307,23.843217835721518,18.500000000000007
9.877285667748508,23.25927896966293,18.500000000000007
10.868853060568322,22.530613412341253,18.499999999999996
12.90445755158002,23.161168440669314,18.5
10.924576457985511,22.51881502086158,18.500000000000004
10.860289765198013,22.48336798593947,18.5
11.45041307671462,21.294961382049543,18.500000000000004
10.958886977199,19.328089225953832,18.499999999999993
11.574897697215912,22.34652306493635,18.5
12.904457546601812,21.966286842957363,18.499999999999993
11.167077421453795,22.457080919931283,18.5
12.90445738030214,23.055404492945225,18.50000000000001
10.862907019845457,23.055065424117853,18.499999999999996
10.82892973788757,23.769493487027024,18.499999999999996
9.827658620135605,24.21934185291351,18.500000000000004
12.904455330953983,23.843220161578866,18.500000000000004
12.904446297364448,23.843224162328,18.500000000000007
10.53141289242641,22.359813924275585,18.5
12.45490277842812,22.360280194217605,18.499999999999996
11.43655743297814,21.962963392665138,18.500000000000004
10.296638431280938,20.632747991202375,18.500000000000004
10.636320925369072,22.04307463558028,18.499999999999986
11.90573945572998,21.61145928213583,18.499999999999996
9.92724177600183,24.26338263745174,18.499999999999996
10.822433540647319,23.504892608380988,18.5
12.90445438348275,23.843220009809478,18.5
12.904456721904635,23.843220050294534,18.499999999999993
9.958554900410189,24.840037238979264,18.5
12.904430419279919,23.843210974726333,18.499999999999996
10.20957292301989,23.266750692277647,18.500000000000004
10.51390858812696,23.128339629331176,18.500000000000004
10.46679858854166,22.645045535616866,18.500000000000004
12.904456933914611,23.843219245171493,18.500000000000004
10.486926906843633,24.00353513520732,18.500000000000004
10.759371491596063,22.684279376181472,18.499999999999996
8.799071160361947,24.152321254754114,18.499999999999996
10.854876383736665,24.193723562476166,18.340259752905222
10.896599927894869,24.974592369919016,18.352878804437605
10.366867814633732,23.336382257847976,18.5
9.30200190176244,25.92377267127741,18.454060316616392
9.78725840865295,26.078690794701195,18.41419955147333
10.280144974974327,23.459553657173355,18.500000000000007
9.35323794617877,24.267932092127737,18.5
9.78913564189585,24.74406907142325,18.5
10.448770927290354,23.37125770997687,18.500000000000004
12.904457562990437,23.843219805955876,18.5
12.90445747937125,23.84321981600752,18.500000000000007
9.121656612239235,25.897534057411818,18.499999999999996
7.834867879027532,26.20014896070797,18.500000000000004
10.429771794002443,24.485090550598557,18.499999999999996
8.495889602764507,27.17084491841736,18.5
10.38512138923773,25.258556477990155,18.403387758968375
8.505177479013273,26.551199824683422,18.44902823608324
10.915238535377554,24.392315579185635,18.443370192783625
9.702324363383738,26.269792273965336,18.272247056109947
11.21687716480433,25.943865805731726,18.341631299758927
9.915595177400146,27.179671683880162,17.75604451186035
9.24319912212569,27.21217915537973,18.217461795800087
9.987951731785216,24.552182346169417,18.12771445484632
8.514918168628583,27.41942770850192,18.499999991927773
9.20340521760085,26.799652810967945,18.471707955524717
8.514918252744042,27.41942733963455,18.499999984095147
8.245781388083056,27.388946968334498,18.351564313861626
9.745985757101256,27.181698941774645,18.293516124514465
8.37640866262137,27.489335042449916,18.42315427324198
12.904457554729705,25.63132419829974,18.49999994727917
11.671550667544276,26.64976566355349,18.00572512217586
9.965621722506368,27.169525830124442,18.18799384548484
8.668155266766332,27.561119132860505,18.330782925368986
8.293961768427254,27.89794318762359,18.29286887311484
9.76356484113866,27.501280967968416,17.779222865921852
6.726027406247822,27.41942793816455,18.499999978690195
7.863136172070394,27.589912734576668,18.19232296300419
7.201563784803214,27.555339077191622,18.400945960223442
12.904453209085704,25.631326061462172,18.499999857962404
7.068193591853096,27.555391927528714,18.375329494450536
8.582615903418887,27.916231509545547,18.153453902225852
11.467132903081298,27.88854308621245,15.721996279665008
10.16493113524596,28.153433783053288,16.198933988999634
10.702521634387644,28.025970022464648,16.760106559203546
12.144335582013653,27.997743115485804,17.760530295960205
11.300889655440242,27.735931140686457,15.85829160962597
11.783851220957995,27.828714366425388,16.693975544962218
11.306776876918454,27.883085839838415,18.096178826853965
10.643855484243037,27.316301483989914,18.23813184993145
9.549887597209741,27.418632239716256,18.33500619232435
11.324038336350966,26.646727863677377,18.34510889522441
10.614944296186618,27.007323572038693,18.29435224191258
9.383861581686638,25.757330285674737,11.100000000000007
12.30213556778031,27.902304780981407,12.267054982134434
12.017960214464505,27.770693570993323,12.321846970500937
12.758044240740057,28.175688138211243,11.528202852975973
12.550937067737372,28.70979850822796,11.949457633534019
12.505821010352117,28.53147495938506,11.78061390129385
8.466515022403039,27.90550420796364,11.099999999999996
9.205012624301842,27.531195618664388,11.160110101151618
10.289330309390301,27.604231334163373,11.100000000000001
11.369070091255951,27.43382525098712,11.195474112874047
8.457690062844987,27.589115755711365,11.100000000000003
4.125378264724897,29.20753181705919,11.099999999999998
7.482578284476534,27.598949926107885,11.1
4.125378390922645,29.20753157578134,11.100000000000005
6.995299576582557,27.16785547819982,11.100000000000003
6.487706031461021,27.139300800834967,11.100000000000003
6.366231274505361,27.3513741051743,11.100000000000001
6.579081459846394,27.430872748293645,11.1
12.269551185286284,28.098702709403206,11.609828877287478
12.329278699487391,28.068120574288763,11.43638147480812
12.277160729890898,27.43434505077557,11.273445525741169
12.484401775722283,27.944243505255066,11.849718221323457
12.389822001573794,28.289677370800803,11.52781264824585
12.676698493962542,28.002305683926956,11.331784111278223
10.465479594118761,27.379540897118876,11.100000000000001
10.719821688779746,27.35774753013563,11.31943194792899
10.399827273349448,27.404270198875214,11.699909166924733
11.554785209269673,26.499019520671503,11.099999999999996
11.323919192077549,27.40752494261035,11.194071847680794
8.569122460093729,27.405437304928498,11.099999999999998
4.125378762259545,29.207531030304718,11.1
6.110005753573541,27.510226113694205,11.100000000000005
6.286664565903497,26.838060376172713,11.099999999999993
4.925804256104668,28.5967695125523,11.099999999999998
7.276268492528784,27.586651754025844,11.100000000000007
5.8342094245903,26.84932657878177,11.099999999999994
11.927786509238441,25.0957687850265,11.099999999999998
12.278273067509557,25.282088578736385,11.1
12.64210617978742,23.119644904379737,11.11361724370572
12.904457814402434,22.05511721716533,11.10000048699574
12.323243847221772,25.37704137154013,11.642940552383553
11.483380436017159,23.73692211403206,11.1
10.445754313780327,24.98231651091697,11.099999999999998
12.904455381471212,27.419427128640134,11.100000000000003
11.39136843183516,25.507447848741055,11.099999999999998
10.684893490559325,25.662468145364585,11.100000000000001
11.588835592080672,24.603177413121685,11.100000000000001
11.389479804060064,25.262372872897966,11.100000000000001
4.12537831409895,29.207531599599807,11.099999999999993
7.36254225735629,27.148883674111076,11.099999999999996
4.12537858353926,29.207531585382483,11.099999999999994
5.652529509196813,27.729834083873417,11.099999999999998
4.1253803437119485,29.207530372000523,11.099999999999998
4.125379091169138,29.207530915228514,11.099999999999994
12.904457800812482,23.031835797955647,11.10000008616061
12.244325687145114,22.88465625296994,11.099999999999998
12.709123623978858,23.599719198077754,11.189312522742904
11.66272168739261,23.95629008335071,11.1
12.904457514505406,22.055115505607898,11.100000000000001
12.904457698834578,22.055115914583432,11.1
11.163578494440372,25.25871284386465,11.099999999999996
11.163781867353451,24.348811132475717,11.099999999999998
10.86771933410521,24.336849143000464,11.099999999999998
12.904454238642668,23.84322003604133,11.099999999999998
10.706536137591335,23.632959783924996,11.100000000000001
12.904453499072012,23.843219621765044,11.100000000000003
9.47669077630959,23.83301652874107,11.099999999999998
10.2132678638672,23.498382512366657,11.099999999999998
10.615296429022202,23.761439104551105,11.1
12.904454893766955,23.843220232906386,11.099999999999996
10.170598901525716,24.29963315982252,11.100000000000001
9.71736512356125,24.23048464891472,11.1
12.904457009916294,17.739212843972577,11.099999999999993
12.785282040471179,22.003571997232513,11.142799621148303
12.752821643902363,22.514436916742643,11.128299598383322
12.904456128709631,22.05511338579522,11.099999999999998
12.841172361097753,21.082489874270735,11.118264764152805
12.338738277690092,22.408991150847967,11.100000000000001
11.002619404958867,22.821305196103093,11.1
11.880744500941304,23.37719372350815,11.1
12.347518165279862,23.398258938044933,11.100000000000003
9.24902991107206,20.632633933482435,11.099999999999998
11.788101552025445,22.920269906229876,11.1
12.324767028830642,23.01341903147882,11.099999999999998
9.816572677098385,23.588944914528327,11.100000000000001
10.078007557192123,23.880462269787433,11.099999999999998
9.848239779455035,23.56614608890458,11.100000000000001
11.074076247613924,23.471819343838547,11.100000000000003
9.819836149736199,23.299694399766004,11.099999999999996
12.904448330146218,23.84321692193646,11.1
12.904457833969158,21.17573201462535,11.100000023937913
12.842430746877243,19.30074160258758,11.1
12.904457855060885,20.15276990484721,11.099999999999996
12.729311901251627,21.184651351033345,11.20395210128804
12.520599219189226,18.501662206267692,11.100000000000001
12.904457778265682,23.843217647439303,11.100000021383833
10.8164730415556,21.684202517348176,11.100000000000003
10.110517707911008,19.12762825636633,11.1
10.081491694008307,19.125224598699443,11.100000000000001
10.089626197544447,20.908476983698296,11.1
8.514918329320894,20.267011273407732,11.099999999999998
8.656915698785886,18.783923636957002,11.100000000000005
9.43938672806519,21.31922805754938,11.100000000000001
10.274616732710712,20.378905136831825,11.099999999999998
7.969839839885743,18.849147930368265,11.100000000000001
7.0148764543651545,18.366903694762854,11.100000000000001
8.976731827678087,19.9248712409258,11.100000000000001
8.457509203974809,20.846463922638698,11.100000000000001
12.033574580883366,17.198196407287192,11.099999999999996
12.182621469915096,18.062371084431298,11.100000000000001
11.981076188390928,19.310305601010416,11.1
11.915085615656508,17.957285975475916,11.100000000000003
12.466399564109311,17.54392622467759,11.099999999999994
12.904457606723039,16.69080380500212,11.1
9.604666304530406,18.902087186050768,11.099999999999996
8.514917943344413,20.267009869624566,11.100000000000001
9.962082516411522,20.85652155474683,11.100000000000003
9.784800235601434,18.3998866091101,11.1
8.80009207668591,18.02338667785226,11.099999999999998
9.87373169301537,20.82051807362833,11.100000000000003
8.128111108267266,17.772219839212294,11.099999999999996
7.612789387582922,17.995349037641382,11.100000000000005
8.831302165923502,17.205682900870965,11.100000000000001
4.125380265838939,16.690803680006486,11.099999999999998
7.712102297391704,17.34035533876583,11.100000000000001
8.514917451819674,16.69080420927247,11.099999999999996
12.433862157303423,17.7801300512357,11.100000000000001
9.94172024027282,17.272019211329148,11.100000000000001
12.733533581913662,18.71521215738417,11.100000000000003
12.50783190750169,19.151622145369632,11.100000000000005
11.796177873348318,17.955529480777884,11.1
11.899962825821362,18.508077352892197,11.100000000000001
4.12538174277662,16.690803790454073,11.1
8.620498798501878,17.057980503152258,11.099999999999993
8.972331607740037,17.06664900003001,11.099999999999994
8.415288561974775,18.096819997813434,11.100000000000001
8.431344483361569,17.126362217026454,11.099999999999998
4.125392512031443,16.69080684899365,11.1
4.125379339118875,16.69080333842939,11.099999999999996
7.428504075091358,17.437483288709718,11.267624581414847
6.896328487663241,17.002553423896906,11.09999999999999
6.183257807912428,17.021452646407145,11.099999999999998
6.259743283405718,17.299805530033566,11.100000000000003
6.240266270272589,17.069727744964172,11.100000000000001
7.227336923261099,17.55827231986126,11.100000000000003
6.7219043555540265,17.66122021686454,11.099999999999998
8.445622267648117,16.99781851663082,11.1
8.840579328183159,16.879420504678126,11.099999999999998
8.208376091601956,16.865652906726496,11.100000000000003
7.444646190193686,17.108901680742385,11.099999999999998
8.491276780117492,16.964657293467802,11.100000000000003
8.316981156534347,17.13946030976018,11.1
9.319359474356602,17.218846237208734,11.099999999999994
8.166020455578549,16.886824017809026,11.100000000000001
7.848357190355576,17.10110483050477,11.100000000000001
9.031025424827527,17.130386911134806,11.099999999999998
9.29167138544783,17.820024706463325,11.100000000000001
12.904456223245852,18.47890663392689,11.100000000000007
11.388590682048937,17.585634123930294,11.100000000000001
10.805234973150235,18.08876088921602,11.100000000000001
12.416338465356498,18.42520231228044,11.1
12.904457331635031,19.489103540846756,11.100000000000001
4.125379803990995,16.69080351606623,11.099999999999996
4.125378424715563,16.690803367637443,11.099999999999996
4.125379741430554,16.690803613394564,11.1
4.125378443713126,16.690803567908734,11.100000000000003
4.125378495625531,16.690803449488786,11.1
8.761747100427073,16.690803522225114,11.1
8.038019892723188,17.682802525275502,11.100000000000003
6.295176306124712,16.914103435496298,11.1
9.209958217697485,17.915059257901582,11.100000000000003
8.761908506064303,18.127883456609457,11.099999999999996
9.244758869624727,17.942698012173622,11.1
8.48063286820573,17.545448834458863,11.099999999999998
12.659653281995736,19.118743266037416,11.099999999999998
12.904457659032374,18.582968530913007,11.099999999999994
11.082254255856473,18.58381244903028,11.1
10.76079301841715,21.63035949659754,11.099999999999994
12.904457704394753,18.458442767047288,11.100000000000003
12.904452902112347,22.055107693939068,11.099999999999994
5.239260732981562,20.196556543623405,11.100000000000001
6.3972072520672105,20.70281910305885,11.100000000000001
6.044588247880797,22.631867924363387,11.099999999999998
5.093083143744405,20.10256367035689,11.099999999999996
4.125378617927297,16.690806989100434,11.1
6.336916637176425,20.183320206102167,11.1
8.901142305371716,19.354056911865378,11.1
8.514916318868963,21.333997203423426,11.1
8.804875559322332,20.38512719342026,11.099999999999996
8.514909388433743,20.266973935418406,11.099999999999996
9.12425003471602,21.208071406171722,11.099999999999998
9.295882522487487,21.20272648983553,11.1
10.098422139300917,20.912060916527984,11.099999999999996
12.90445752527576,23.84321057681012,11.100000312311577
12.702888859443606,20.69878661692557,11.18221266048381
12.904457648841884,23.843217217100545,11.100000061354145
12.904457762413552,23.84321799387997,11.100000056833451
10.250575553945792,20.974040846406243,11.100000048167058
5.615589217676901,24.35080739408936,11.099999999999996
5.1281989086113775,24.359238188925385,11.1
5.330798768719731,25.328937805795263,11.100000000000003
4.769047203958897,22.194097715869834,11.1
5.749516118351452,24.840059837778483,11.100000000000003
5.761225015642601,24.913824264536036,11.099999999999996
10.502776939555947,22.05511756226097,11.099999999999998
10.290672099669166,23.0315764995466,11.099999999999998
10.322810582213771,23.05560972180015,11.099999999999993
12.904401209143638,22.0551487357892,11.1
12.112412916164905,22.619044127568873,11.1
10.954557169578583,23.156320666991142,11.1
12.325440091720878,23.21142816658148,11.100000000000005
12.027951613796917,23.359405948452505,11.099999999999996
12.565155321865221,20.386266726314517,11.270338912828572
12.23421286538111,22.31103501352758,11.33093095821781
11.64651309671938,23.010171012020372,11.100000031402905
12.401398238233623,23.303075656447074,11.100000000000001
4.12537813055978,24.084717059526543,11.099999999999998
5.541592212808299,26.10865674275081,11.099999999999998
5.558236347710566,26.17601876413204,11.1
5.774930170174862,25.16400414516096,11.1
4.125378922576323,29.20750295453539,11.1
4.125379067295737,24.091749929199743,11.100000000000001
4.125405425628809,29.20751395150319,11.100000000000003
9.279414374562533,25.750845422619825,11.1
7.504911407394422,25.965269525423572,11.099999999999998
8.582764884821776,25.892323200271917,11.099999999999998
7.19471652518339,26.32777224357109,11.1
7.109389790462486,23.410509323728295,11.1
12.90445725007137,22.05511819168913,11.099999999999998
12.244780556425374,22.77938302520899,11.1
12.904457468055092,24.45042503712991,11.099999999999998
12.904457287361984,22.055121087440064,11.1
12.904457250241204,24.433617059187736,11.100000000000001
12.484804730988479,24.05478259566833,11.099999999999998
7.022793219613635,26.350980061678474,11.099999999999998
4.999846247429143,27.734214895988014,11.099999999999998
9.036245462145693,28.207294217880822,11.1
4.125396870699587,29.20749002246377,11.099999999999998
5.857952768502833,27.19373367070383,11.099999999999996
4.125383027021474,29.207519533089595,11.099999999999996
6.755140957432436,26.621093335001753,11.100000000000001
7.5143752667321095,25.4063045993619,11.100000000000001
6.368238126221019,26.79536237731755,11.099999999999996
6.020639415212146,27.141043489410066,11.100000000000001
7.109641027057475,26.921464616057158,11.100000000000001
5.725226501116324,27.68653004905063,11.099999999999996
11.474110472993768,25.787773238146176,11.100000000000001
12.904457390793278,23.01603806524299,11.10000000000001
11.475686160637379,23.35730136167924,11.100000012836079
12.904457484563958,22.055116786834144,11.100000000000003
12.904455727796234,22.770164578120347,11.099999999999996
12.90445533170725,22.05512023798828,11.099999999999996
4.125378212385244,27.41942798687873,11.100000000000001
4.125378110027186,25.631323900263403,11.100000000000003
6.418127234193025,28.122167872485733,11.100000000000005
6.554661283629662,28.330166166406947,11.1
6.255274750952856,27.611069256998803,11.099999999999998
4.489004383866283,27.7790794704651,11.1
7.878629934236867,27.14155659177403,11.1
5.379979650412737,28.20647258512165,11.099999999999996
4.428378586916963,28.918095956324134,11.100000000000003
7.620155025088038,27.90064266546991,11.099999999999996
6.950910950366208,27.47459648212208,11.1
7.038841783216422,27.76551824526768,11.100000000000001
11.63951388964861,27.788534121868473,11.100000058607472
11.568354563303547,27.65961602429686,11.573232176046359
10.501028710436294,27.66887836819955,11.316747229188083
11.924885314886518,27.75269454301964,11.787677222706694
11.500356974233558,27.671271717965197,11.294586470895222
12.317101868009189,28.343920518250986,12.406803065802896
5.725969857925122,26.67490586423222,11.100000000000003
5.030285122199405,25.984425474418657,11.100000000000003
4.125383426643023,29.207522717061096,11.099999999999994
5.89427977209773,27.433056072181877,11.1
5.945713527399382,27.328035612106987,11.100000000000001
6.25535279551842,27.11957658377443,11.1
5.668294549153156,27.10199549451086,11.100000000000001
8.627819683842676,27.25588668539662,11.100000000000003
8.308286320757038,26.871518598244887,11.099999999999998
8.206506524836385,27.509700343178007,11.100000000000005
8.545874482002683,27.432220832983493,11.099999999999994
7.778809002533672,27.398583110971867,11.100000000000001
11.660353846977786,27.487835283878944,11.698899849759798
11.57789919466483,27.3426037278644,11.651510612271903
11.788438860284565,27.68176858980866,12.28572146815824
11.560412581482288,27.691151894243973,12.238494403613629
11.804978759115887,27.43852894506193,12.096130831152532
11.905283549904823,27.684430459273585,12.920325303138295
12.627745018629073,27.94560992801416,14.588697666639609
12.16331290904412,27.575753641804727,15.902494607765354
12.295467197456711,27.621580485239523,16.424103495878676
12.216028345466801,27.566135664252432,14.405495132640024
12.35364392201164,27.062477574179976,16.59628402241486
12.295004020467447,27.43745692219655,16.113812038572004
8.514918915872077,27.41942802721378,18.49999986455428
11.982445361139346,27.684909632773216,14.004449958380743
8.514919306771475,27.419428106107883,18.49999907846445
10.128801711811752,27.91081481355959,16.963261865434013
8.168716396227993,28.04220751143613,18.012611560484665
9.944189394840985,27.931007552056492,16.37789377510822
7.794001385717051,28.391437149914335,17.744203383050618
7.611142986221003,28.09177344438918,18.083129497692273
7.802692170599625,28.187312838514018,18.00455154820415
8.114335612234783,28.317444352529193,17.760189980445634
7.241792129160778,27.878716371110464,18.499999994269903
6.34727521578169,27.80609669816368,18.499999907856033
12.461704314397407,25.9499809691561,17.649651144270088
11.468458957159788,26.685390719695768,17.92884671227379
11.887816672733173,27.032129264246215,17.837996272701574
11.918324234591642,26.4932734163937,17.113592183466793
12.04392170581889,26.943648258258932,17.740612846175143
11.53936500457986,26.09844837081119,16.228209165528828
9.338754980104323,27.196156507169412,18.027445052660543
10.409495129898533,26.472063787454676,18.42929558840883
7.702586056964144,27.7503358890301,18.499999995446792
8.514917911004455,27.419427785161144,18.500000000000018
8.466362259279022,26.389872814887223,18.500000000000004
8.395990050829282,26.936754273467564,18.500000000000007
4.125378130868108,29.20753191609906,18.5
4.125378933083813,29.207531630980156,18.5
7.290935616153432,27.728698864184565,18.499999999999996
7.029470216960512,28.071552730582447,18.5
7.261711831331122,27.965231582688766,18.499999999999996
8.514917680997039,27.419428082516408,18.499999879027243
11.081964161717279,24.252089457657764,18.248030926559263
11.39951926210796,24.97428078539138,18.49999999999999
12.904457528546004,23.84321984753507,18.500000000000004
12.356323966035333,25.740589750844688,17.464771048398926
12.01941212282036,27.000100262566765,14.682549980475589
11.866649687833405,25.233970419309255,18.016899361271953
6.950316582725561,26.801668164911916,18.5
8.381857471395854,24.919280675374676,18.499999999999996
11.296951838711388,22.707969859690618,18.5
11.95233328047255,22.434336502120217,18.500000000000004
8.971264395930014,23.901273294971382,18.500000000000004
12.90445769863815,22.055115664500114,18.5
5.466260620416963,27.66172144110133,18.5
4.946819481118729,26.898429906018936,18.500000000000007
6.719545573389565,26.00941247938867,18.499999999999996
6.736745142257021,26.76795717122313,18.5
9.18936367584752,23.42394772193394,18.499999999999996
7.132727000664388,27.39321805805306,18.499999999999993
10.996048162206614,22.62943817844162,18.5
12.904457606522087,23.8432194088684,18.499999999999993
12.90445748618778,23.843219257200104,18.5
11.83382807575411,22.36129697329147,18.500000000000004
12.904457691676871,25.631323399223454,18.49999999999999
12.904457417581419,23.843219222163082,18.499999999999996
9.566179564953744,23.01007651149961,18.499999999999996
12.904447950212852,23.84321659587518,18.500000000000004
9.605126406259664,21.155217384966118,18.500000000000007
10.331722144255904,23.085286078430126,18.500000000000004
9.636929385140133,23.61609036103916,18.499999999999996
9.11635190496686,24.271093338658,18.5
9.376474942115696,23.010456793493304,18.499999999999996
9.66679301806103,22.476197153824362,18.5
9.392693842543766,23.08912043486716,18.500000000000004
9.429484371949902,22.86241827119772,18.500000000000007
9.47082309685293,23.12951118178946,18.499999999999996
9.519655434046191,22.893368303093848,18.5
11.553501049231146,20.788350149045854,18.00286570411816
12.080997508942298,20.887016943273714,18.500000000000004
12.90445771365187,20.461933815735957,18.499999992298626
11.991617383212956,21.165692391673826,17.90147435410764
12.105101704180514,22.948497595779603,16.718748758469456
12.904455698987478,23.843215981177416,18.5
10.084187531640891,23.328447557537203,18.499999999999993
10.331618415418042,23.371111449534368,18.500000000000004
9.918574176397657,23.53421580076243,18.500000000000004
9.449173486603943,22.93199066208643,18.500000000000004
9.396268428971261,22.94511596051655,18.499999999999993
9.486939539466446,19.97024113866473,18.499999999999996
10.128042970567135,22.561346038042686,18.5
9.689588446910037,22.81726523493058,18.500000000000007
10.835097858926783,22.388722951776845,18.500000000000004
11.345868465761974,22.51099415335258,18.5
12.904457717756117,22.055115650846467,18.500000000000007
12.303415888332445,22.104103473160006,18.500000000000007
8.183868972369446,19.323090815272664,18.5
12.904456864432623,22.53268468084231,18.499999999999996
11.097042875484185,19.50194010414601,18.499999999999996
12.904453573448317,18.478923853894344,18.5
12.904456793546913,18.47890841521837,18.5
12.90445758900331,19.115646778342573,18.5
11.506492000280357,18.928058574915855,18.5
9.992361442577902,18.900979377831945,18.5
11.569176351192832,21.010789246541403,18.5
10.399879250927444,20.406739888659576,18.500000000000004
11.464200326695018,20.939553791771175,18.500000000000007
10.28226473813795,19.39877806556801,18.499999999999996
9.207596634160678,21.404795249334192,18.500000000000007
6.529829374651985,16.69080652028425,18.499999999999996
9.137635696566303,21.63249679865122,18.499999999999996
7.922148848337482,18.616489248080008,18.49999999999999
12.904439818616396,21.162765099096827,18.500000000000004
8.651491821972702,20.369292338028483,18.499999999999996
9.885383851272774,20.47585459725373,18.500000000000004
10.16078664164336,19.96890088584154,18.5
12.904457302947453,20.267010990600998,18.500000000000004
10.961752316785349,19.62339075195567,18.5
11.701658120306883,19.841664026896446,18.500000000000004
12.904457505849177,18.4789076293263,18.500000000000004
10.835321997903991,20.128697898996805,18.5
12.904452655817868,18.479022659650106,18.5
12.90445584352193,18.478914676429653,18.499999999999996
12.904446359758214,18.478908964745283,18.5
10.220267227990226,20.96934307557043,18.499999999999996
9.75498139154183,19.937705136782807,18.499999999999996
8.731022320875276,18.552515471281072,18.500000000000007
8.87965403373079,18.937930756982734,18.5
9.912839606066735,22.087632314442107,18.5
7.892350758991049,19.498069331408793,18.500000000000004
10.381745683810284,22.037667830130548,18.499999999999993
8.496182038456316,19.714598992864836,18.499999999999993
9.987396844249856,19.613895781130395,18.499999999999996
11.140239423388683,20.08666225838795,18.5
12.9044575499686,18.31297830769121,18.500000000000004
11.036801808957534,20.668301934716695,18.5
12.904454130596937,18.478907739136087,18.499999999999993
12.90445515783362,19.077244471842878,18.5
6.94448330081697,18.478898956920272,18.50000000000001
10.90794264084272,18.230472928018177,18.499999999999996
9.431856684915537,18.01582081682026,18.5
12.90445564740406,18.478907009841972,18.499999999999993
10.783342799686716,18.50452405174928,18.500000000000004
9.927583565334722,18.62290962095108,18.499999999999993
8.019355780155049,18.942929946712226,18.5
12.904456632643969,22.055114803534604,18.499999999999996
6.764268739800208,18.101678071542715,18.500000000000004
6.916104968559435,17.79107263998126,18.499999999999996
9.606073899987182,18.841840324104876,18.499999999999996
8.529165258481997,19.95311545774711,18.5
6.899934956541777,16.69080335859713,18.5
7.436686143813954,18.636607947640222,18.5
7.480799059361607,17.992595968222798,18.500000000000007
6.2179961691046834,17.19665833511732,18.500000000000004
6.263934065550536,17.169766179491667,18.5
6.31580124968179,17.471351777904662,18.49999999999999
6.207549519761852,16.69080335714544,18.499999999999993
7.953318146840498,17.960835838821534,18.499999999999993
7.392252912316053,17.572997395755184,18.499999999999996
7.608711024658871,17.418224502499495,18.5
8.111375931534162,17.303144112545855,18.499999999999996
8.514917656965977,16.690803353898524,18.500000000000004
8.934292861524886,17.980396198771057,18.5
11.702933687208098,19.687644555019933,18.499999999999996
11.299432997320313,19.88529725693085,18.499999999999993
11.087828288352107,19.560829021705427,18.499999999999996
8.281180711559099,17.904803303930958,18.499999999999993
11.36815322954878,18.857525681390317,18.499999999999993
6.4763570487197795,17.509939691080696,18.500000000000007
7.451363465504911,18.1367016680373,18.5
8.050444954739278,19.605255625079195,18.500000000000004
7.242805659349129,18.51364081275086,18.499999999999996
7.453753461240599,18.343260043530297,18.500000000000004
7.441804032349462,18.002065942153575,18.500000000000004
9.45089136741233,21.580797604762104,18.5
7.3398540940772286,18.27537089728825,18.499999999999996
9.811485595752895,19.28876700098052,18.5
8.870571186226412,19.571277279049163,18.5
7.47684627582613,17.966778558721835,18.5
8.535426290246804,17.827857221543344,18.500000000000007
11.120261019403516,18.959296183049513,18.5
10.951669308611798,20.7798478608049,18.500000000000007
10.610095772716045,20.917580752631622,18.5
11.127740328349672,19.70295244036387,18.500000000000007
11.062034431879967,19.952192219435652,18.499999999999993
11.133235092801181,20.68893139117019,18.5
9.073987248418605,19.019834638624765,18.499999999999996
8.51492289824622,20.26702077427324,18.499999999999996
10.114560291776257,20.796463106060656,18.499999999999996
7.972481135850713,18.494415902408807,18.500000000000004
6.984595069001809,18.77286174946351,18.5
6.886488026888899,18.126888301819264,18.499999999999996
10.095850018252177,22.685139503773524,18.500000000000004
9.593217562546144,22.545099041019277,18.5
10.439148587950928,19.593709094426437,18.500000000000007
9.647273271742664,22.369144511596406,18.5
9.713853826123149,19.096859182301586,18.500000000000004
9.762922508835324,19.246371764712325,18.499999999999996
12.90445693591052,19.751352466245603,18.500000000000004
12.904455804304249,22.76544749218968,18.500000000000004
12.90445219283475,18.47891542968502,18.499999999999993
12.90445728861887,23.843218784320353,18.5
12.904456908717986,22.97862094187455,18.499999999999993
10.070183138680799,21.473349162929292,18.500000000000004
9.53769084782953,22.72032209711146,18.500000000000004
12.9044572617978,22.055115741734458,18.499999999999993
12.904457284516965,22.05511539187957,18.500000000000004
12.90445742487698,22.055115689271755,18.5
12.90445726211583,22.05511571747882,18.500000000000007
9.809213469807016,22.559768548955002,18.5
9.671064517669246,23.237455357564393,18.500000000000004
9.631316369894293,22.595571072323047,18.5
9.626421421082092,22.650434816549993,18.500000000000007
9.398074498372589,23.093777765486227,18.499999999999996
9.872217692948327,22.429779965108875,18.499999999999996
9.668654391408129,23.227111582240365,18.5
11.623511185356305,20.791638413987204,18.5
10.994049262881129,21.479587908162852,18.500000000000004
12.52765666906197,19.237565038399634,18.500000000000004
11.095419069546352,23.34583272519226,18.5
10.305993429783925,23.226354273768678,18.500000000000004
10.83145413139648,22.03777768461843,18.499999999999996
8.873860328080706,23.487200854858163,18.500000000000007
9.253823595922256,23.149771137328564,18.5
9.404845705616447,22.825067694091004,18.5
8.911337923778978,23.497781202091314,18.500000000000004
9.3324019583478,22.78919266670817,18.499999999999993
9.737391231894707,22.830207434667173,18.500000000000007
12.904457707245252,22.05511564981766,18.499999999999996
9.311345882577202,23.119191849213955,18.5
12.904456907931309,22.05511581143222,18.500000000000014
9.544941640566158,22.986799526023212,18.499999999999996
12.90445717090382,22.055115719947164,18.50000000000001
9.380255731542375,22.979247105259056,18.5
11.319277245719958,24.236201774596957,17.052399272228158
11.417824188954159,22.919599089257613,18.440455266760594
10.312774375042952,23.46854166651417,18.500000000000004
11.719806292774704,25.948532510772537,16.253411144249167
11.152034478249897,22.795468627208592,18.500000000000004
11.866625200833946,23.982589729099498,18.18222247866025
8.514607167935324,24.52824290320529,18.500000000000004
8.870944378135903,24.58272610653734,18.500000000000004
6.575764164520303,26.271156166624785,18.500000000000007
5.480395315307369,27.063186063804643,18.499999999999996
5.826909813093669,26.565579297383344,18.500000000000004
6.034816068990079,26.560664538559042,18.499999999999996
8.181385265871349,24.964559655546758,18.499999999999993
7.23103518058153,25.628994406785228,18.49999999999999
7.190170570316238,27.959070933391903,18.499999999999986
7.260017851692349,25.58565232054855,18.499999999999993
8.514917781367622,27.419427785763684,18.499999999999993
6.333838695766978,27.461912274598305,18.5
10.521440695206842,22.255876154944154,18.499999999999996
9.903075901318317,24.625093594239203,18.249798538658823
10.426244419878136,24.789874236616196,18.366394181347513
10.853523493838393,24.80098822339118,17.98691699829831
10.65250065731652,26.017593612827554,17.489417389837968
11.208181865700444,22.703801436952414,18.500000000000007
5.615772576858056,27.976926040470783,18.500000000000004
5.427555661319034,27.67757265758157,18.500000000000007
5.17690985792809,27.579700803978888,18.5
8.514917802207124,27.419427948854516,18.500000000000007
6.107079455843179,28.400274604551566,18.499999999999996
5.310635997516416,27.65052472064172,18.5
8.514917763000042,27.419427965624394,18.499999982919036
7.332655115939177,27.283471016676632,18.426395755001458
8.249455440614232,27.415073638923474,18.279877354075648
8.514914918364427,27.419427485200465,18.499999999999993
8.514917439774944,27.419427910088473,18.500000000000004
7.670005009268843,27.3677958332127,18.500000000000004
9.235228211790226,27.20205565645063,18.096001955028964
12.213094685677921,27.031297430253055,16.09043196780481
12.710742259578367,27.455472871569135,16.951197070883907
11.894403315412008,27.025365673508464,17.757909092322386
11.547989660984701,27.530163392899,15.99850797446748
12.344480137376443,27.812589714249555,15.824632507030334
9.147416936609154,28.581709615275035,16.768331027128
7.63759495845893,28.20313398977204,18.224358301170977
7.20720442215675,28.128614398428645,18.46646148207461
6.610866384980704,28.1950541507755,18.499999956305448
6.4120265205691895,28.096787250435018,18.396567767006204
7.491528123628614,27.866767117898046,18.5
6.705855567308394,26.886103579634693,18.500000000000004
5.714626502762534,26.38725320115866,18.499999997793733
6.629253397922923,26.828232523966594,18.5
5.1900077680794094,28.235773035689625,18.5
6.102982661454317,27.098826124828584,18.500000000000007
8.117320332251092,27.77595285607878,17.80698397682341
12.318384596938936,27.432274451521565,17.987364637019645
6.511208655912012,27.41942812469828,18.499999808774817
12.494106845661927,26.063509227024635,17.805087299483652
11.72050206245878,27.604719267011184,17.27119771863608
12.46368261378121,26.4118229772507,17.84942038841323
11.153273939599922,27.640375068313254,15.544968773172794
