8.414892065550248,27.1803466435522,11.100000000000001
7.193428779703165,24.66210455617872,12.967165274802458
9.526872393444204,24.88171872311241,13.751368792348645
8.514918429963194,25.6313242374929,11.100000000000005
11.182096503049532,28.51468287134995,11.100000000000001
4.125378821268062,26.541953556316578,11.100000000000003
6.425675992425421,23.797259757225962,11.652451822601082
4.125377903842334,29.20753200804638,11.099999999999998
4.125378197669104,22.055115542135283,11.100000015440232
5.891120688112245,24.12193806426963,11.413964174693465
4.125377934125361,29.207531949131884,11.100000000000003
5.105724370903006,21.780170938274505,11.171214216907384
4.125377903899892,29.20753200821276,11.099999999999996
5.841654436877133,24.993052996826357,11.41887346343043
6.279369398203474,24.49744359219468,11.295843664443987
4.1253779058873095,28.576730239621657,11.100000000000001
4.125377923719502,28.299477529777615,11.100000000000003
5.80965946196631,24.944816237461406,12.245480294586367
10.531116239113855,26.92345635929421,11.099999999999998
12.904457550078542,29.207531762508463,11.100000000000003
8.514918021160094,25.631323903536074,11.099999999999996
9.009369971890573,24.19847955913174,11.258128173791608
8.514918449708729,25.631324190057377,11.099999999999996
12.54765169019719,28.916837952540828,11.1
8.444553505267804,26.61473392647075,11.099999999999996
4.12537792232816,28.295464434985295,11.1
8.5149178589076,25.998398607310815,11.099999999999998
5.990144658730867,21.95627753010611,11.099999999999993
4.125377958472997,27.825194689228166,11.100000000000003
6.639891224586016,25.1747370059176,11.100000000000001
5.765888722226997,24.0028712878067,11.099999999999996
5.8284848695191185,25.070475851899168,11.779733158013778
4.125378023012257,22.055115570715827,11.100000000000007
6.0901135322630155,26.665204067561227,11.100000000000001
5.981174353037696,24.418188613949674,11.256612846832818
5.908000968803225,24.599477487214664,11.193053864460857
6.453072196331527,22.67974148425424,11.1
4.1253785246277905,25.631323822916574,11.099999999999998
8.514917832835518,24.89894821434538,11.1
8.547001433002341,25.545086743229,11.100000000000003
7.455950788669867,22.773847336208128,11.1
6.632797047656904,22.654925800843003,11.100000000000001
4.125377973150815,27.419427864914688,11.100000000000005
6.948177163563933,22.750850229675844,11.099999999999996
4.125378210750078,29.20753100039779,11.099999999999996
4.125378250310692,29.207530812658163,11.1
5.8427642374679,21.62321636540496,11.099999999999996
5.788199391924439,21.64517179859955,11.099999999999998
5.0336828878198565,21.655370278317665,11.100000000000007
5.766231059366482,23.06952260636643,11.099999999999996
4.12537798515692,22.055115550431598,11.100000000000001
4.125377908703413,29.20753198363936,11.099999999999998
8.514917192503614,22.055115321153835,11.100000000000003
4.125378220890077,27.96919236203278,11.100000000000005
6.961948030256478,21.36568991747491,11.099999999999998
4.422172438597093,23.964120599333267,11.1
7.769828102665689,23.63628803944069,11.1
7.543207136093265,24.965211203366326,11.100000000000001
7.219980758979697,22.3792943982068,11.099999999999998
7.0504681045635085,22.480583047505903,11.099999999999996
7.742578849876993,24.675804982569968,11.100000000000001
5.565609077779582,20.708341306523284,11.099999999999998
6.2065388800956205,21.912259407906024,11.099999999999998
6.230624305082442,21.67664989596612,11.099999999999993
6.620335143573299,22.204948942361888,11.099999999999996
6.864580151454485,24.230390780906085,11.099999999999998
4.125378019330898,22.0551155935323,11.099999999999996
5.4071477164319255,21.85829893804461,11.099999999999998
4.125377951354121,22.055115572408805,11.100000000000003
4.1614871339172295,26.04027856738655,11.100000000000001
4.647991270562012,22.48089462635009,11.100000000000001
4.125377945369044,22.055115581100846,11.099999999999998
6.249928738297953,20.34824048227989,11.100000000000003
9.32753083506231,20.292055975259476,11.100000000000001
8.870426916538094,19.876265982604025,11.1
7.045024988778055,21.4376198236856,11.099999999999998
7.799107787716546,21.646266799571045,11.099999999999996
6.216547085455329,20.530087982803956,11.099999999999998
8.514917790779775,22.055115481632495,11.1
8.51491785096812,22.055115556544035,11.099999999999998
8.51491788428809,22.055115587171006,11.09999999999999
6.458374731390405,20.782792425474753,11.100000000000001
8.514917851269542,22.055115549047787,11.100000000000001
6.1904348405365255,21.23677468112677,11.1
8.514917810900451,21.51789643066222,11.099999999999994
5.591830596289971,21.425143727561345,11.100000000000001
5.049388821275544,21.61069324655498,11.1
8.514917763413202,22.055115545571287,11.1
4.125377962963715,22.055115579518993,11.1
5.70481935111443,21.50306487978186,11.099999999999994
9.861516406826036,24.932511434120862,11.100000000000001
10.70045882147433,24.210685664423842,11.100000000000005
8.086421300228267,19.67432570145358,11.100000000000001
4.4540169758738495,18.746653364345853,11.1
4.8845023851212295,20.673112994108344,11.099999999999994
9.801480442229975,25.11525929738791,11.1
7.875668535943843,20.388624586529467,11.100000000000007
7.6767996640902805,24.338959500107276,11.100000000000001
7.63877826083559,24.14518250194036,11.100000000000001
7.71069064612206,20.143953470151406,11.099999999999998
6.105162362148872,20.267011525278484,11.1
7.6143982233777345,24.165313787833295,11.099999999999994
7.132305964196493,24.186171022017575,11.1
7.191051302872806,24.204737464163614,11.100000000000001
7.163238264061546,24.74729523579766,11.099999999999998
5.3892503419315405,20.41011318944705,11.100000000000001
5.634899898536126,22.396321075848633,11.100000000000001
4.83731048618196,20.924140905712804,11.099999999999994
7.550590036241565,19.652087214491775,11.1
7.884785818009451,23.970542258945514,11.100000000000001
7.651391506142803,21.34604140687728,11.203218305389877
8.715085631733189,17.838620288247427,11.099999999999998
7.358782817716014,19.64920584311087,11.100000000000001
7.287651938963283,18.70041671753882,11.1
7.635676444685146,24.044817430818735,11.100000000000003
7.635678265390069,24.044820505798068,11.099999999999998
7.424704639429071,19.392294421012775,11.1
7.540094276782458,19.41494238915015,11.099999999999998
7.635680749198621,24.044828757985695,11.1
7.543991774673623,19.417553423245593,11.100000000000001
6.194781315904864,20.267011541267756,11.1
7.113966172719416,19.114195942301713,11.099999999999996
7.330025235860629,19.18376997594955,11.100000000000003
7.2044440709961135,19.0776414751434,11.1
7.081632483098561,18.969952022741637,11.099999999999994
7.626293861176451,24.150076147263988,11.1
8.760342371175952,18.66608767533733,11.099999999999996
8.482508135643233,19.032474397955603,11.099999999999998
8.51491770770936,18.478907348154337,11.099999999999998
8.514917862197933,17.45556553318517,11.1
8.51491775899233,18.47890736702534,11.100000000000001
8.514917813386393,18.47890738066489,11.09999999999999
8.184780262715948,19.641609181252832,11.100000000000001
8.07347653410639,19.737865956889767,11.099999999999998
7.1952041008996,24.10344144105753,11.100000000000005
7.97756894578021,19.799676664820293,11.100000000000001
8.210641922807794,19.665801776807328,11.099999999999994
8.206725685252401,19.644590577058704,11.100000000000003
7.0779924552315245,20.11308567222638,12.085000286772493
6.792652185699079,19.150813213680372,11.100000000000005
8.514917800639871,18.478907368064213,11.100000000000003
8.367930427861651,18.336932951963576,11.099999999999998
6.325991897042021,21.131515225047252,13.907678817927453
6.0944056855408135,20.734495429526703,16.2574900650854
4.125378060134736,19.60144165868282,18.499999943279505
5.495851490968005,20.544657280934537,16.475862113784153
4.12537960516206,17.75547496254776,13.795859158945142
5.403900574918737,20.482230276374256,16.70469103455944
7.07875049246304,17.681106379846028,11.981771906330515
4.125378449343138,16.69080385259434,11.100000013413391
9.133826170124358,21.264585398264636,12.017318088225323
10.429183500885511,17.59416159977054,11.1
9.160625805566754,18.31876299656599,11.100000000000003
10.521438591397763,17.080983419676585,11.100000000000001
7.828156909217022,21.17599673203096,13.533662313971021
8.37846879743115,21.29810730466118,13.170817194922407
9.143919977793242,18.73503954118366,11.149465945745593
11.351555349487702,22.540518435287662,13.526042968539423
11.366800454926507,21.200343459101717,12.815103323413629
7.35107855647164,19.28924672233997,11.322965016469862
9.1094213713241,18.784790155950436,11.1
11.688718886742553,20.86989784805227,12.405836144280324
7.630118101039767,23.987868935067517,11.099999999999998
7.444285368286765,19.27793896967339,11.100000000000005
7.367848918183103,19.51805606570476,11.100000000000003
8.695199202393962,24.589494720147368,11.099999999999993
7.66738349955308,24.314911914261153,11.100000000000003
5.818662339401125,20.962140126514495,11.099999999999998
8.344989795237641,23.8911079422501,11.099999999999996
8.044453293992321,19.8825728845678,11.100000000000005
9.128327095300454,19.465483813887406,11.100000000000009
8.411123777688564,23.890716630661252,11.1
7.776934130018994,19.185642624975827,11.100000000000001
9.984849906499711,19.077692568088054,11.100000000000001
9.129084128211131,18.260105960448236,11.1
8.664265888405634,18.55288271930622,11.158536400476017
8.514918753213928,18.478907203385223,11.100000000000003
9.894006293261786,20.511422916704507,11.776230626800182
11.749182778230532,21.48306120021979,14.375394340778044
8.651626811628676,18.616819748494144,11.100000000000001
7.777409211982756,24.840043992180178,11.099999999999998
5.075134079479581,21.59630073841914,11.100000000000001
4.9771227208181035,21.619793051157302,11.100000000000001
4.125378306725444,23.84321949926576,11.100000000000003
8.255190558069492,24.67585583980201,11.1
8.255187488950213,24.67585464298221,11.1
9.371066529297048,22.272046181705264,11.099999999999996
8.481437067975916,18.32010689428876,11.100000000000003
8.965610600128029,24.443527162017222,11.1
6.985527674030078,18.29908336342097,11.099999999999998
8.079389871226724,24.16979274587714,11.100000000000003
8.205066956999344,19.37011534544463,11.099999999999998
10.66317156590056,21.464373207147524,11.1
11.270497135001659,22.23664776250959,12.456621663775586
11.809689475252105,21.03304084059194,11.7471771508302
9.627479825361153,18.92278983507048,11.1
11.203487730033947,21.241042615701623,12.060283185827126
11.136642043059172,21.450951956112796,11.49928860971822
9.843859196768458,25.180011377079605,11.099999999999996
8.67691610911049,20.488951189189088,11.099999999999996
5.779663906426396,20.267011571493992,11.1
10.176281413814229,24.989951575722763,11.100000000000005
6.536813518407125,21.54938050381072,11.100000000000005
10.147683811829165,25.055291866531856,11.099999999999998
7.416885577405225,24.734547461004315,11.1
8.042204039584561,24.765315993620952,11.099999999999998
11.756937110427549,28.272633617202708,11.099999999999998
11.572700869343285,28.12253432301612,11.100000000000001
8.44584684396234,25.352034394939988,11.099999999999998
8.373180181714375,25.253836019153713,11.099999999999998
10.54623131799613,19.160354180779567,11.100000000000001
12.904456432545448,20.26701141139608,11.100000000000001
12.90445730867764,20.26701149359953,11.1
11.192694892771032,19.127768612723948,11.099999999999998
12.156163679858254,23.586934643909576,11.620879488617389
12.133152151349389,23.45766599354725,11.362937828914175
6.4793917330616395,22.79635045029217,11.099999999999998
8.760241746911367,25.771660552674803,11.100000000000001
12.107623195325933,28.558341697570295,11.100000000000001
8.145726889368232,24.883717112686817,11.1
8.186996592420833,25.133217896344796,11.100000000000001
8.209023583721141,25.36245943897312,11.100000000000001
10.588713545811649,24.440259294442455,11.100000000000003
10.57462768881752,24.715737656297755,11.1
11.813781387288525,28.31894532834565,11.100000000000005
9.874006930654152,25.66722381899273,11.100000000000003
10.27783961162418,25.218806559043863,11.100000000000003
11.840963336390251,28.341090787214945,11.100000000000001
9.703862490848836,22.655384353753842,11.100000000000001
11.357124959945132,25.35801606046527,11.222688424702607
12.90445762015122,23.84321980265485,11.100000000000001
10.610390792964811,25.553644825085247,11.099999999999998
11.625471727731982,24.827958916531813,11.099999999999996
12.904457593035081,23.843219798714998,11.100000011067825
9.091411928498117,25.829331440491334,11.1
4.125378441956163,25.63132386865733,11.099999999999998
4.125378058798875,26.173502268275055,11.099999999999994
5.24848801347472,24.300724920145186,11.099999999999994
7.691027147342806,25.522993337260232,11.099999999999994
8.15850582055124,24.647128100791765,11.1
8.853460235027244,25.50890838923058,11.1
12.159121679085004,28.60029787548117,11.100000000000005
9.552491510577555,24.322770421386632,11.1
10.121079643552363,28.073706909907823,11.1
6.2893397867546135,21.793259820526075,11.100000000000001
7.8330484548398704,23.035950662225,11.099999999999998
12.088494292107132,23.731479433758576,11.819588073524088
12.904452827621794,29.207520058990195,11.100000000000001
10.046615329495255,24.809856287926657,11.279345818709123
8.307729816663938,28.974569558993814,18.49999892390505
10.686863679602421,27.40083242375416,11.100000012551554
11.53458867130132,25.268306921032686,11.881134515132961
7.205191596250435,25.355607736112347,11.099999999999998
5.379172236714667,23.068976927703872,13.08828398530989
8.057388762002638,25.378339391955745,11.100000000000003
5.885124607945412,22.310379517812777,11.099999999999996
7.349951655477701,25.08716566338856,11.1
7.3128148342202595,24.472933915189998,11.100000000000001
5.54247367847277,22.167673883795633,11.1
8.192082041179244,24.69672665040905,14.220560095261547
7.575701770647453,25.893291005109784,11.099999999999998
8.505880509723374,24.77058436300504,13.717364322696135
9.188116110884105,27.155903600346935,13.51005433129829
7.222685761148182,24.48546354818394,11.820447133980649
8.764678129002087,26.81657540124229,17.121538739432552
8.51491986818445,25.631325474325017,11.100000160500228
10.679350387253,25.181016386173255,15.562049693110529
9.761470229557357,26.403211569825668,18.5
9.852995461602204,26.336996231669026,18.359838642354248
10.445162376482491,27.927632575741256,15.036311385605014
6.972248068469341,24.126219138297696,11.406468819647705
6.983640337436131,24.62201511280394,11.94534508800317
4.125378360191089,29.207531679988477,11.100000000000001
5.448173279627557,22.12559588958193,11.1
4.1253780343989135,28.568524523158416,11.1
5.3169151745873275,22.15344468057929,11.201815383513127
8.70791245846924,26.03199161771497,11.1
8.398203746615497,25.173584344575495,15.652139978137182
10.654254533543675,27.13450645964581,11.137994351529388
9.020957401605378,26.81397334458518,18.45631386263379
7.856592858707398,24.855692043008997,15.245601505705643
5.821016151412946,26.602992657261872,18.174081417322398
10.342899533829705,28.635383940621534,18.499999975761916
10.010862961373888,28.56004162706662,18.49999996029595
9.484793872969998,28.718408796148257,18.499999999999996
12.904455644925154,27.419427479660687,18.499999758082367
12.904456797967958,28.08194319076234,18.499999948210867
10.70535482375908,25.261169146183104,16.238883404821365
5.971758036243795,26.645381519847007,18.499999999999996
4.646086235169921,28.41261865543029,18.499999999999996
7.290858537266444,27.497441683278765,18.500000000000007
5.546808367480098,27.570923412976462,18.499999999999993
12.90445779132335,29.20753199650786,18.499999999999993
6.221507447315728,27.607824868493285,18.5
4.74834485021278,21.116338935834463,18.499999999999996
6.682839039323116,28.404242353803884,18.500000000000004
4.790087999238019,21.094129030549656,18.500000000000004
4.9366207441545535,24.131535275595578,17.451773566207496
4.777877941094864,21.09700176791857,18.499999999999996
6.68485449805074,29.01962641085848,18.499999999999993
5.612847143723318,22.687856981605037,18.500000000000004
6.0661711527865165,25.38143300623211,16.061020926857644
4.125377904552627,26.041012981383133,18.500000000000007
4.125377901254706,27.613780449329735,18.49999999999999
5.0978112217419635,26.59320999464846,18.50000000000001
6.1283629388060055,23.978567322527432,17.17231384595836
8.150833499295377,25.8287512441348,18.500000000000004
7.8001250256340535,27.60527971077899,18.5
6.050836289860525,26.323971443370137,18.5
7.077927076673737,24.456705248883278,17.48945105218512
9.778020244004148,26.216036818060616,13.185142699388884
6.926933986803288,29.20753198566843,18.500000000000004
4.978560807400517,23.160290563738016,18.09727968345134
4.564124299109726,21.202276353193106,18.500000000000004
4.5207103250103255,21.240833439955228,18.499999999999996
4.464658956042272,21.2841565587436,18.500000000000004
4.495078673513541,21.27806033015439,18.499999999999996
6.9574365835706695,26.626635985655174,18.500000000000007
5.7926414675055184,23.35422155978512,18.5
5.796369294567138,23.27569433576605,18.5
5.796368730542486,23.275694626783814,18.5
5.796369669422496,23.275694153654765,18.500000000000007
6.176183922861604,23.908541262696453,18.499999999999996
6.461931740479019,23.72950554887741,18.499999999999996
9.81547465138849,23.76683448309068,18.5
8.49208617661862,23.50695634132371,18.500000000000004
8.651531636208018,21.15022774857404,18.499999999999996
7.450881372800291,23.080178568046684,18.500000000000004
8.592299586576539,21.30480746707591,18.499999999999996
8.175526888190014,21.155056862367314,18.500000000000004
6.815261685329041,24.297793113680477,18.50000000000001
4.817571589388002,23.076977131282174,18.500000000000004
7.052016747846014,25.626270076312995,18.499999999999996
5.5350238573110255,19.883037705329826,18.5
7.235167977787967,24.17310838392541,18.499999999999996
4.828379384011136,21.160045904982635,18.499999999999993
4.566485576383572,21.220654293595423,18.5
4.437051072008065,21.112180173155,18.500000000000004
4.439296190683411,21.317376067842673,18.5
4.125377908362757,25.63132380919178,18.500000000000004
4.56861236481428,21.232804574963552,18.500000000000004
5.671702143760555,22.435916172304605,18.500000000000004
11.719430322075077,22.34587623777798,18.5
8.484687106446088,23.868769261789236,18.499999999999996
10.185479028269961,24.591110042907097,18.500000000000007
4.125377917992572,22.055115574731264,18.499999999999996
4.125377910733275,23.843219706572697,18.49999999999999
8.13515680563125,23.568552737566378,18.500000000000004
7.740989367462211,23.28349116147195,18.499999999999996
8.22842547484287,25.059663134646566,18.499999999999996
7.955304426118429,23.589886427657422,18.50000000000001
7.997406997250034,24.268938418792676,18.5
7.6954250670319295,23.017374967537886,18.500000000000004
7.46471143064022,24.025343668267386,18.499999999999993
4.415479289775784,21.28746009323653,18.500000000000007
6.866068922462387,23.21629740534457,18.5
6.995790603812701,23.218334510960663,18.5
7.149454779657964,23.418190881911936,18.499999999999996
5.485782687462351,23.550123235950476,18.499999999999993
4.125377909381449,22.05511558004072,18.500000000000007
4.125378044337159,23.843219748759168,18.500000000000004
4.125377999026151,23.843219746253908,18.500000000000004
6.874778539487698,22.79256732935435,18.500000000000004
6.155008367536572,20.359631520917354,18.499999999999996
7.632547366714413,22.798287625488243,18.499999999999993
7.729791482641451,22.570375208354704,18.499999999999993
8.012885480600517,22.726454225458813,18.5
8.038000620164409,23.479253166430272,18.500000000000007
8.158880816189885,24.529054892873475,18.500000000000007
7.960293069526935,23.64296255217993,18.5
7.732074414049748,24.24764027719787,18.499999999999993
8.483382980310024,25.410162059478246,18.499999999999996
4.6504345982592605,21.284019941318938,18.50000000000001
8.305427163161962,20.542058603179754,18.500000000000004
6.614652262331478,22.906539075426423,18.499999999999996
6.656167731677499,22.830031502796363,18.500000000000007
5.4894143841444505,22.73210283729941,18.5
6.901337018729873,23.032924361570835,18.500000000000004
7.8378268365912716,22.03170487320926,18.499999999999993
10.164157519097119,21.670772118792357,18.499999999999996
9.202334329951865,22.866964138507697,18.5
11.490354750171397,19.868198191820802,18.500000000000004
8.186327174661784,22.181175699554714,18.499999999999996
10.581251124013106,21.933224657943217,18.499999999999996
7.402632696988926,22.28784268778292,18.499999999999993
7.106990786801689,21.55492885560648,18.5
7.304786820260648,23.408785554398808,18.500000000000004
7.259417817447932,21.99989791704123,18.500000000000007
7.776323635929585,22.858239949876737,18.500000000000004
7.629922091488332,22.287569155966818,18.500000000000004
6.161402028908488,20.623479164831434,18.499999999999993
5.989734846073956,19.537613652532393,18.5
7.106542756155753,21.94976410256257,18.5
5.530935079929063,19.787211242475028,18.499999999999993
5.38018830150598,19.759244055622688,18.500000000000004
5.3547481844904885,19.746409074591416,18.499999999999993
10.42737234380916,21.125616012161878,18.5
9.288337329248238,18.841250001169875,18.5
10.240004350964963,21.40880193806243,18.5
8.47400363043954,21.88161120420248,18.500000000000004
9.24893901277724,18.84506610674948,18.500000000000007
10.149313620987554,21.450986509225732,18.499999999999996
6.399882222045305,20.411863472044637,18.500000000000007
4.125377912341714,18.721184944689636,18.5
7.389005686815861,21.85475293625177,18.499999999999996
6.948664978643924,21.08495302595449,18.500000000000004
7.016504118759998,21.16206924608497,18.500000000000004
6.47358633341205,21.706164490847463,18.5
5.145738624737442,20.598231648292153,18.500000000000004
5.059046998545782,20.653639767368738,18.500000000000004
6.695754921883991,20.665229524194142,18.500000000000004
6.536715881718639,20.822855941267935,18.499999999999996
6.180153424830758,21.2705102628122,18.499999999999996
6.078715582885274,19.45776871077336,18.5
12.36474146137148,18.84586563077309,18.5
6.212987283491605,19.95534304153235,18.499999999999993
12.53341129582528,19.984303719941785,18.499999999999993
5.706103273800886,18.959848463437574,18.5
9.039071179050772,18.831293535159123,18.499999999999996
7.955955566333618,21.64479473416301,18.499999999999996
7.953890399206828,17.583170412227688,18.500000000000007
7.883989677626553,18.2661345659018,18.499999999999996
7.6395444930021,18.205239659559602,18.500000000000007
7.966725502804454,17.749671242679064,18.499999999999996
5.672099534632442,18.051349734315473,18.49999999999999
8.062399133646522,17.698670193817176,18.5
6.709398443054877,21.74692469671115,18.22819574566927
6.77394814649082,19.624256713068192,18.5
5.316482115828069,20.716776697716625,18.499999999999986
6.938668857249035,17.53597800228836,18.5
5.679600525045021,18.201527647828232,18.500000000000004
4.125378088550449,17.934857974647528,18.499999999999993
6.049489017483911,17.4649090910423,18.50000000000001
6.410704414700563,18.087101095357827,18.5
5.399855194045647,24.36238508483444,18.5
8.217282680636718,22.165256470152702,18.499999999999996
7.249708164224484,22.26650684841808,18.499999999999993
9.338482711132606,21.63279370322226,18.499999999999996
6.817722514223567,18.614874574457023,18.499999999999996
9.539430799715229,18.232363074290088,18.499999999999996
11.42056540072578,19.93046588830888,18.499999999999993
9.590822167480995,18.14824086001314,18.499999999999996
8.269896623234915,22.06762496542216,18.343852872584343
7.357492092922952,18.56858041856903,18.5
11.9862278823059,19.96349949149405,18.499999999999993
12.525079413585622,19.31889682802862,18.500000000000004
12.170803766752039,19.505444442956414,18.500000000000014
10.628169741630451,21.784217466355198,18.500000000000007
10.115633737740158,21.515572976066935,18.499999999999996
12.202342965563645,20.41001660108102,18.500000000000007
10.090689714871921,21.028651684005734,18.500000000000004
11.378950441000963,19.585677694814347,18.5
9.34133890526157,19.68155423390596,18.499999999999996
7.374365694402395,21.111307849870038,18.500000000000014
7.706105341219848,21.500925899774302,18.499999999999996
6.875058403734032,18.721775023259735,18.500000000000007
9.46867891891632,22.38686791364328,18.499999999999996
8.211681686784761,21.779883070060812,18.500000000000004
8.767969281874345,19.59177840959284,18.500000000000007
9.000641402436273,19.185712295954556,18.500000000000004
11.304493456616745,19.405791958946967,18.500000000000004
10.655390653219362,19.29768951185841,18.500000000000014
8.398144601725892,22.818081720269294,18.499999999999996
12.142277135560951,19.35957647306331,18.5
9.725345506893056,22.49775108311714,18.500000000000004
9.775354220538688,22.52022642297064,18.5
9.814228220512849,22.5035503705283,18.500000000000007
11.639478094332922,20.15794680094781,18.5
9.534678638217123,19.647421264039963,18.500000000000004
6.389695680734287,19.86654873729114,18.499999999999996
8.009314221435098,20.472971918611904,18.5
5.596940351265093,18.054283263659702,18.500000000000007
6.657743184434826,19.31455053075294,18.500000000000004
11.59238193603139,19.013388886054926,18.5
9.64961705323373,19.804785403922846,18.5
8.209102534280259,22.804587255003046,18.499999999999996
8.831417336801572,22.908153554775392,18.499999999999996
8.160202009182134,22.77298009347895,18.500000000000004
8.19773467695275,22.826663871055175,18.499999999999993
10.84008564005053,22.00725400573534,18.5
12.139248339989292,18.495030304311463,18.5
8.648371849826011,21.83154730913916,18.499999999999996
12.088423752916361,20.31065181044017,18.500000000000007
12.100151552775944,21.328830065083807,18.499999999999993
12.21198241580389,19.85804357603654,18.499999999999993
11.189933017923963,19.510921257583796,18.500000000000004
6.456019092855919,23.39148495097211,18.499999999999993
8.424788355662754,23.246105281124102,18.500000000000004
6.269248545742644,22.582012912383586,18.5
8.146596612453154,22.954355271355887,18.500000000000007
6.261863997285483,22.601756519579936,18.500000000000004
8.14049230153438,23.171404153307318,18.500000000000007
7.653459899036358,22.141677858031812,18.499999999999993
8.573529951601646,20.602744832821077,18.499999999999993
7.595761522599958,22.21421678161822,18.5
4.12537827277997,23.843219839249677,18.500000000000007
8.048204381454601,22.37109349901906,18.499999999999996
6.669832122203167,23.15797709670265,18.5
7.428230170552614,22.00383114603984,18.499999999999993
12.02397314799874,21.854191906552288,18.499999999999996
10.98883176800039,22.282843024501005,18.499999999999996
7.035012663865705,22.71351634113344,18.500000000000004
10.506270328560033,22.714680836273335,18.499999999999996
7.954800046522716,22.072144266812202,18.5
8.86327388002865,23.638169250927486,18.500000000000004
6.733713828212184,23.767103596500494,18.499999999999996
4.125377996184973,23.843219755222833,18.50000000000001
6.225043852659312,23.658857423571394,18.499999999999993
6.386716493596516,23.60330533103418,18.500000000000004
6.808502487246316,23.108560659574803,18.499999999999993
4.12537798790186,23.84321975313331,18.499999999999993
6.526068316616402,24.821154589764188,18.500000000000004
9.447178245757277,22.96985912324653,18.500000000000007
6.119331544268403,24.655468012408114,18.500000000000004
7.024713369535351,23.064393140994273,18.5
7.3907392612735,22.890066773420585,18.500000000000004
8.911654213467651,22.84748880085073,18.499999999999993
11.191682321797948,23.3046906840801,18.500000000000004
5.619133451787742,24.45170941935285,18.5
8.94914863359356,26.859275377196973,18.49999999999999
9.797339823274289,27.276074660624673,18.500000000000007
11.593879790731213,22.92574107300031,18.5
5.899325043190479,20.766449289127614,18.49999999999999
4.995064095129697,20.93854535125613,18.500000000000007
8.18531658863841,23.809241874911137,18.500000000000004
5.97422857856599,20.73237641626575,18.499999999999996
8.504541887125093,24.437447415119895,18.5
5.937421438781868,20.806028849126637,18.49999999999999
4.775013028935886,21.12901445834659,18.49999999999999
8.990144523134092,20.391003533206508,18.500000000000004
9.706161233701383,19.731064664991358,18.500000000000004
6.332769066139627,25.26151665750352,18.499999999999996
9.255047608251997,23.842843209731345,18.500000000000004
4.871375481235035,21.04439831734125,18.499999999999996
8.107497086540306,23.050494049163067,18.500000000000004
7.316505882288296,23.67528342731109,18.5
7.646892675922485,22.775707145620594,18.5
10.803458062159905,20.79953538188393,18.500000000000007
8.585933986301006,26.477307228274825,18.499999999999996
10.70326402057678,20.67380988002103,18.5
6.113610322122888,28.45167911370049,18.5
4.869276235937905,23.378111890305632,18.169637964719715
4.905527874302256,23.38873491822967,18.039201624634668
6.670089465418913,26.30621434589492,18.5
4.915837777256633,23.47396001175646,18.040514352789785
5.596985591040763,23.5080168738176,17.571471167361125
6.090605479264689,24.87619898440442,18.5
7.3371504679758095,26.926634525482267,18.5
8.088032107626892,23.234273345352612,18.114575275938883
7.196306827707461,25.6100143453198,18.499999999999996
6.014352514032708,23.86798559169634,18.251708466348322
6.5922721104349975,24.932920651653905,18.062292654090875
9.195834218367251,24.976197635182064,17.137922247002
9.607387822751,26.448131379859472,18.5
4.1253812372347465,23.843220721443473,18.500000000000004
8.919362651702462,23.87653178100264,18.180222351806876
8.734758113051992,24.46645689172837,17.98453256468237
7.274395730863632,23.044408169185274,18.500000000000007
6.6742937309792465,28.72892125890924,18.499999999999993
5.426399566916688,24.240559360386474,16.988611088820864
6.160058353323658,24.637711137350205,16.60208902606435
5.625646592784207,23.639106351243772,17.708390324747686
5.48654394663123,24.28318225024576,17.169557846666038
6.022664390071923,28.745852844984373,18.5
5.5437301940692745,20.927440010796982,18.5
5.616164681052876,23.58373930227467,17.441039832538763
7.81478920686033,21.445527721187887,18.500000000000007
7.622801027193813,25.157752992730362,15.53343088410773
6.774222284861099,24.896351448389325,15.951504843334913
5.494517463481378,28.22631052396704,18.499999985611435
10.485887719397622,27.692513840598114,18.5
8.94231632591244,27.803095045964973,18.5
12.90445463343375,28.540465504949847,18.499999999999996
12.18373095165239,28.29715235923492,18.500000000000004
7.796461592345889,23.888346432463162,18.499999999999996
10.798012926095485,24.79168450491215,17.53212739168021
8.121165895400235,24.55543712032334,11.186179336974106
8.943333554249307,24.460199760884553,11.858449760641447
11.41155351689416,24.302964164892344,11.81265667622896
9.744701994390514,24.78967189117496,11.383601997828995
9.841109817065718,24.800314925927005,11.704131681481915
8.535881909389733,24.761457427221377,12.083113824373042
6.380438621276341,25.2134074158702,11.38691071995435
5.871827598180302,24.545009979425476,12.12676070940379
6.511988640616333,24.800705442356627,11.572209755243511
5.980122056208792,24.068821783563006,11.099999999999998
6.574541395626542,25.793984657933006,11.1
4.125378012913427,27.419427844997387,11.1
4.125377910977395,28.41748658348961,11.100000000000001
5.944169272645435,23.97906973172236,11.099999999999998
7.2119329215038555,28.863066889174014,11.099999999999998
4.125377954910475,28.304265951635642,11.100000000000003
5.839568058916857,24.669107369876365,11.847782580182457
5.169588585791299,21.790938158427902,11.099999999999996
12.904456371531403,29.207530733882535,11.1
9.96120001437925,24.170449801832593,11.27644959899798
9.704130318480034,23.963404713575574,11.266472695494906
10.560348171891983,24.33746167013031,12.328766129031946
11.297454001550616,24.15532507551162,11.77893314311667
12.191314737533855,28.626526056338744,11.1
6.565273716247327,23.915491514422342,11.100000000000007
8.76209992053197,25.917172969521836,11.099999999999998
7.257078772707684,24.568471155325025,11.194602895224783
6.70936437865064,22.277043961318224,11.099999999999998
4.125377931632596,27.41942789484487,11.100000000000007
4.125377933731141,25.63132380827469,11.100000000000003
5.232744105355196,27.135867433408926,11.1
7.664476921156215,27.216510120337233,11.1
4.12537791492606,27.866336571252,11.099999999999996
8.282251797170213,27.31551669849125,11.100000000000001
6.287462841901523,24.7120699761691,11.1968093107773
4.817299322713426,27.121107763761103,11.099999999999998
10.27200678446644,28.089344357519643,11.099999999999998
11.113797959513066,24.134435948471104,11.100000000000001
11.5950679150735,28.14075695588289,11.099999999999998
6.737222809958595,21.55207678462832,11.099999999999998
9.198200030482793,24.647957721647863,11.100000000000003
9.159334844299323,27.681934643756495,11.100000000000003
7.568854178512256,25.054282774726644,11.100000000000001
8.38899436356152,25.613686065970597,11.100000000000003
5.194356739121574,21.71144629850544,11.100000000000001
5.174968570142307,21.7484304223427,11.100000000000001
6.966485532320308,23.605111215277407,11.1
5.316156219116855,22.045926370461533,11.099999999999994
6.311111956921081,23.157230135238603,11.1
5.794509720384695,23.422008239049017,11.099999999999998
5.945606434749405,23.39564860985751,11.100000000000003
6.16983214656293,24.35046015540944,11.320253731877994
6.0561795841603345,24.44327044310016,11.318787291821051
6.330856670363669,24.760529660482774,11.194973009322243
7.314583951441228,22.692459820174086,11.1
8.155121046292104,22.216107414014715,11.100000000000001
8.500062906704832,22.247619981816346,11.099999999999998
11.318063474804338,25.450753442971788,11.167184835946879
8.73883873742444,23.35612705059478,11.1
7.93196943093754,21.173323736838526,11.099999999999998
8.514917868089814,23.82832479616165,11.1
7.433878369815207,25.349750565174567,11.099999999999996
8.514917888531395,24.23013318484456,11.099999999999998
8.514917874267198,22.055115582514034,11.1
7.563494246780222,25.813490251734905,11.100000000000005
6.540759581769485,25.8507303399334,11.100000000000005
6.213476943798658,21.023155736707373,11.100000000000001
6.2092296533229785,24.388365268558694,11.272915995174438
5.075680761191554,21.595190814330493,11.100000000000001
5.090588560851931,21.66112341408106,11.100000000000001
5.819043998284277,23.191908638169565,11.100000000000005
5.115658975371815,27.675742337043964,11.099999999999996
10.16157018292789,22.5369317382236,11.099999999999998
6.717855127068524,19.56879395277957,11.1
7.582291965379487,20.933034779112724,11.1
8.051082246904999,20.52310604868959,11.099999999999996
10.218269960304411,20.320237433020843,11.099999999999996
10.855920042420065,23.340154198054023,11.099999999999996
8.51491788423345,22.055115587730157,11.099999999999996
6.068954732300253,21.06839060098357,11.100000000000005
8.514917858186235,22.055115557127014,11.100000000000001
8.076267257110462,20.85341231422344,11.1
7.623879889728526,24.049292895707815,11.100000000000005
8.114260108746754,20.95325087565493,11.1
6.427978293014464,21.410308048196804,11.099999999999994
5.790426943476184,21.638469721091337,11.152703032512028
7.245728353237879,23.103081945263188,11.1
6.433256502025843,20.267011537839743,11.100000000000001
7.27407891079962,23.133013660883627,11.099999999999996
5.404750267461644,20.508223782159398,11.100000000000001
5.995290245659659,20.61594125317832,11.099999999999998
4.799489506230864,20.26701155506235,11.099999999999996
7.778938167919674,19.918919505708434,11.099999999999996
9.211080916813438,20.755791957289972,11.1
10.055615120157608,25.14879620772904,11.099999999999996
5.744428485294155,21.115881783807158,11.1
5.918368036186115,21.188972577070686,11.100000000000001
6.77076720447465,19.16839364096856,11.099999999999993
4.870121195115187,18.78228281169687,11.099999999999998
5.127787996539374,19.295582274433805,11.100000000000005
6.492153482103194,20.50558374551359,11.100000000000003
7.735969979069879,20.256486615705136,11.100000000000001
5.763646245580536,20.7002952592252,11.099999999999998
8.160984011808546,20.1119083993044,11.100000000000001
8.132102731363894,20.256401750243143,11.099999999999998
6.5149497173571715,20.267011501515306,11.1
7.769584794225286,20.26701149051999,11.099999999999996
8.202266029748694,19.911783894190798,11.099999999999998
8.519857129484949,24.169592500888765,11.099999999999996
9.180958393010728,17.449197686275173,11.100000000000001
9.360284045890063,18.80297520270898,11.100000000000005
10.195314658816953,18.18464263854003,11.099999999999998
8.881588279588321,21.172278448830077,11.1
8.734098442683004,22.048043538691346,11.099999999999998
7.61438868472446,24.165291537239597,11.100000000000001
7.47705070775495,19.565477425779097,11.1
7.635678937079988,24.044825304762867,11.100000000000001
7.635678752097608,24.04482317188338,11.099999999999996
5.740154760220789,20.267011543139354,11.099999999999993
7.638771701881074,24.14516589684199,11.099999999999998
7.4683313083552845,18.665869566219428,11.099999999999996
4.315754537289564,18.634009372288975,11.099999999999998
7.447067979984444,19.2340560270327,11.1
8.330622701545627,19.02130049557432,11.099999999999994
7.577815892082769,24.062847972445347,11.1
8.514917841929156,21.246873078776,11.1
8.825877888424714,20.183317850821467,11.807324326279701
8.074301881421494,19.74242698059674,11.994315022021896
8.88960501514656,21.39245590931851,11.1
8.922957459275846,21.115414420176197,11.100000000000001
7.655799840175685,19.209445278309918,11.100000000000001
8.269755943985166,24.13374390159546,11.100000000000003
8.176589270170796,19.640637774730514,11.100000000000003
8.723167536875854,18.602864446234836,11.1
8.23577682428694,17.53838225826443,11.162323535765685
6.395289742615704,20.267011907352952,11.099999999999998
8.022530167291805,23.918827391915084,11.099999999999996
8.10050865593632,23.701110696148014,11.795948595281537
5.696173779562992,19.159579944689323,11.099999999999994
7.111210426343758,22.26322107804062,11.099999999999998
5.726077907290722,19.8069531085655,11.440666037274603
6.700205774088368,23.404124802060444,12.225835985236591
7.4713525670271785,19.06282939222795,11.205736565022942
6.122616824703457,21.197198854335046,14.83388345334243
4.125378388862206,19.268037058623015,18.499999574808133
4.1253784102907165,19.564290791004538,18.49999933639906
6.069752133020402,20.229359250529395,13.025753514867453
6.915572027827398,18.50705415472799,12.997716932757843
7.78354830636273,18.124116005972947,11.329435359596733
7.65943896787047,23.69632574085049,11.741577456489692
9.27184495848619,17.430686159247717,11.100000000000001
7.471220450215984,20.67789945767968,15.204133040788154
7.541596129606273,20.247067910094252,13.329535650448182
5.887930518644559,21.001350891650667,15.177369471643432
8.396329526533139,25.06794510082454,11.100000000000003
9.040089077798822,18.499866867827215,11.1
8.429991847060167,20.663614160269795,13.155842330841308
9.861620734948778,21.67710807645587,13.619869845085292
11.615427054542579,22.537368478205433,14.842660987156986
12.356369173710881,23.15803326409847,13.677514926437835
11.45900307489267,22.065248587785888,13.42041673713338
10.864212359891585,21.396317595610093,13.147886526818736
7.810218442379988,18.600093618215325,11.099999999999998
7.634748681883594,23.9904235061728,11.176264261760213
7.634749641590872,23.990427662815858,11.176263487806569
6.560046526251896,20.26701177860027,11.099999999999996
7.930638829982323,19.21052946012057,11.100000000000003
7.493727344855956,19.917522505897967,11.099999999999998
8.51491779236415,18.478907395588855,11.100000000000001
7.009693639466859,19.19309949235889,11.1
9.101071131269785,24.24482340805207,11.100000000000001
8.933792425738226,24.293278437042304,11.099999999999996
8.93399986836999,18.071673066910943,11.100000000000001
8.76929785579266,20.856630530272408,12.072942257997648
10.90005545935916,22.815628935504527,12.798052022431923
12.276866494578421,22.881198168665634,11.835646120665643
7.687540388543428,19.097753879908062,11.247212846931408
11.319808599032868,22.13141029692868,13.017178066657637
8.60988185040631,21.267193409349193,14.14284383006113
9.542882272460725,18.420658914372947,11.099999999999996
7.611613753284033,22.53086655997222,11.099999999999998
6.698950963329682,20.66885842812837,11.100000000000001
6.550582326866615,20.26701158779682,11.099999999999996
7.990177586898915,23.0775781447889,11.099999999999996
7.928832914208325,25.169371376324097,11.1
4.125379308357473,19.715742217058043,18.49999776552049
9.362627681053475,18.77780724119353,11.099999999999998
9.527752736150495,24.463247699494335,11.099999999999998
9.586778820746723,19.218004061628672,11.1
8.850338121053797,24.375298679894343,11.100000000000001
8.589507579120527,21.069880389003195,11.099999999999998
9.599708642047393,19.4748218546435,11.099999999999998
8.156411258682661,19.652692040149063,11.099999999999994
10.51732189063528,21.23942189807404,11.100000000000001
7.07296530864251,19.29565612010451,11.100000000000001
7.562476362709571,20.696133141468405,11.1
7.179182937085465,19.97720212498806,11.100000000000003
8.139422662166217,20.490797742041273,11.099999999999996
5.907029533083375,21.431805074743966,11.100000000000005
9.413360225847942,24.277321302748806,11.1
9.68089397168336,24.910114463381888,11.285698563796531
9.414537449854157,26.036069798361147,11.099999999999994
9.10323022348378,25.146580477281606,11.099999999999998
12.31269976957471,28.725419895226395,11.099999999999994
7.7365962150608025,21.18587799066582,11.099999999999996
8.049363930393916,21.544228150965637,11.1
8.516911764779202,21.41124639993026,11.1
8.200198019925503,21.492884875329242,11.1
7.780338415042193,21.297309729075106,11.099999999999994
6.4858569597454,21.63630626284547,11.1
10.833705181905433,24.219584480325768,14.493756348191695
11.139949132476382,25.445471239428365,11.100000000000001
10.668233004009004,28.003488463026788,11.100000000000005
12.90445344677314,27.419427044845772,18.499999699428162
7.571332705085394,20.482366042209563,11.100000000000001
11.072341885435925,23.580209152181858,14.689056209652183
4.125378157081238,23.843219597556743,11.100000000000001
12.226081804707988,28.654851249207812,11.100000000000001
8.974566134102233,25.068714157930003,11.1
8.171305347088547,24.987231934125813,11.100000000000001
8.149831302103836,25.47415553772346,11.099999999999998
7.672513729358856,25.20840818899723,11.099999999999996
4.125378929600437,23.843219339226494,11.099999999999994
10.075323082459635,25.748902901139587,11.100000000000003
11.258539196824113,26.302895461391,11.100000000000001
8.514917832934266,24.846836594951196,11.099999999999998
9.194292047867606,24.748159870277547,11.099999999999994
9.960663543736214,25.305167130220177,11.099999999999998
11.826164037954891,23.654549453205586,13.537814607375207
11.787823712768102,25.305088442354087,14.586012482457908
11.571395657429296,25.17024651580591,11.952857855986357
12.904413576260923,29.207524493732354,18.499999999999996
12.904454628235849,23.843220935979573,11.100001219519978
12.904450277643242,29.207520421700643,11.100000116966333
8.165380476495267,24.97030385802711,11.1
8.158522499841713,24.927303766422984,11.099999999999996
9.08652220549505,25.789598669553463,11.099999999999998
7.839552909504653,24.032351802194967,11.099999999999998
8.977996022225183,25.739007160145587,11.100000000000001
9.020221700748488,25.402514013947233,11.099999999999996
10.640226943555595,25.010132505763426,11.319011103689316
8.104647439045888,21.854192055750392,11.100000000000001
8.514918454479234,25.631323961515765,11.100000000000001
8.514918257154694,25.631323981458593,11.1
10.2650850335124,27.057204561055755,11.100000000000001
9.934800061676968,24.610883661322305,11.100000000000005
10.881464750361946,27.537128472389902,16.481649668333286
12.107602633906934,24.98580759491735,12.839901593493229
11.645118898490697,25.325982983041275,11.86667772534366
11.822427103532421,25.388735566780912,11.629839353711999
10.101005982370824,28.4552467201407,18.49999996828535
8.514921994687013,27.419426128763376,18.499994988914384
6.143491640014656,22.088017964890714,11.1
8.564351539769154,27.00959603273049,14.25074876927806
6.995557496128514,25.09890120272882,11.100000000000005
7.944170686743922,25.647436969365202,11.099999999999998
8.863198849019154,25.573040711822983,11.1
6.99692144446559,25.096346848378147,11.1
8.864134967630752,26.556015113852673,11.099999999999994
7.76812118161477,24.964134291100553,11.1
8.052632527558211,24.94584744644809,11.10000008091582
8.80765921908926,26.353274793932933,12.633029835459322
4.125378824495504,25.631323793517854,11.099999999999996
8.222105559381486,25.018401275230072,11.099999999999998
12.535111373236326,25.660586888473876,11.1
11.666506561743429,26.501654321885216,11.701320016345605
10.223394988435029,25.039895711931738,13.384991059600916
8.373199922246245,25.460996555049245,13.148822736769777
11.21968872541371,25.554844365675663,12.129192099623014
9.190477588831344,25.04652776892287,11.14778722767936
6.677645220149456,25.267031200105517,11.10000001085584
6.880599865206404,24.96557430919546,11.100000000000005
6.835288865056325,25.196453299055058,11.099999999999994
7.213985782299729,25.814450420482856,11.099999999999996
4.705707502737917,27.943831317088325,11.1
6.974330094186474,25.556507579545396,11.100000000000005
8.514920136710453,25.63132593968553,11.100001509385763
12.009064981602721,28.760227418860357,11.391950198761158
11.217310231114666,28.186311732618822,13.109636015089078
10.603461921387138,25.000665934841482,13.508872694041656
12.904456985468714,29.207531418030385,11.100000585253232
10.891371314051382,27.74107975232066,11.1
12.90445631504129,26.58970284624781,18.499999700103615
12.904454762799116,26.587866525059148,18.499999205981663
12.904449764487422,27.4194279301418,18.4999995608696
9.344469907660345,28.594077015631164,18.499999827242416
9.89083099543083,28.558321180789314,18.09455559087936
12.904454846438313,26.302836042194816,18.499999621873663
4.125377977893007,26.24842651735245,18.500000000000004
8.10536909574624,26.246299512247663,18.22579594804817
8.558016946863464,26.93142956618801,18.206363258504116
9.131243085392605,28.196502512348573,18.499999999999996
5.663338121138482,28.894283686232853,18.50000000000001
10.045456748193017,28.832671804068948,18.499999999999996
6.435939306251393,28.919409252949226,18.499999999999993
4.125377938648464,29.207531994828397,18.49999999919511
6.90373513408494,28.92244038207871,18.50000000000001
6.243776843192635,28.914559949896372,18.499999999999996
5.79905676850841,24.584587460641274,16.6574640969384
5.540810164526951,22.991647258647458,17.953274050262323
4.93660335040799,24.131524015855266,17.451803720562157
4.932827019881207,24.096835141160664,17.38287502054118
4.968569100113584,23.147342103607908,18.10199653581566
4.797625540185365,23.30433660057184,18.168611621807656
4.546434473418022,23.867769243916257,18.316109677068393
4.925846851717321,22.98078695608408,18.499999999999996
6.932800789358015,26.821691267989866,18.500000000000004
10.444548722343011,23.9400313628623,18.071895847001436
12.24398199748118,28.839084783216112,18.5
7.428756595831378,22.69858538747978,18.500000000000004
12.258346211236749,28.729751390475883,18.500000000000007
8.148020706788486,24.50002150868556,18.291877920318168
6.724313976157789,25.001719374526512,18.499999999999993
5.955710410709802,20.75069911361915,18.5
4.937500043304982,20.976359577723425,18.499999999999996
6.65792009153732,27.33419465333192,18.499999999999996
6.498330752098389,23.69805219298522,18.499999999999996
5.4278057280145156,25.304610385379995,18.499999999999993
5.214191397509598,25.279088479436084,18.05625822387184
6.052770765655971,27.80207958236747,18.5
5.525533290360168,24.327686131527177,17.13779304291011
4.742769157590123,21.13812768174236,18.500000000000007
4.797618517972531,23.304341447120397,18.168613255957673
4.629113819289957,21.230670608504717,18.49999999999999
9.759528702221077,22.59490030464257,18.499999999999993
11.599601408775841,22.549150320347458,18.500000000000007
8.052947991448578,25.75325859923064,18.5
7.9084600608152416,22.9728894754599,18.500000000000004
10.235374140001202,20.334478895026788,18.499999999999986
8.394974925906697,22.6223525169066,18.500000000000007
5.877843239565238,22.46675598682267,18.499999999999993
6.873169175608067,23.244273683574477,18.500000000000007
5.389295447478404,22.52905338499869,18.5
6.700710938671021,23.533170765441387,18.5
6.022921774150209,22.712107836966315,18.499999999999996
5.417239190067002,22.501940123222628,18.500000000000007
7.314899127797955,24.34424579974216,18.5
7.119031233382954,24.303609894527444,18.5
7.149197414704551,24.69110884849453,18.499999999999993
7.191648976119258,24.76104768380476,18.500000000000004
7.09484619569759,24.51433455272615,18.499999999999996
4.780908186762069,21.182649166158047,18.500000000000007
10.026970109796238,23.53238048234748,18.499999999999993
11.451630421860418,25.631323732412508,18.5
5.629844989982687,20.940224670329215,18.5
5.720379503884345,20.905954896710476,18.500000000000007
7.223758753075963,21.518543111137266,18.499999999999996
11.80341451385099,25.631323737603857,18.499999999999993
7.119110283203548,20.555387697437467,18.499999999999996
7.613136069364941,23.15157437320959,18.499999999999996
7.505926994191616,22.90959242589535,18.5
5.959161543709639,20.97457776052167,18.50000000000001
6.656767747187127,20.654747275544757,18.500000000000007
6.932250916794668,23.083034254773224,18.499999999999996
6.071823769040089,23.42806412644166,18.5
6.41810181645505,23.763415586775572,18.499999999999996
4.125377930085169,25.631323779613027,18.5
4.12537797361045,25.63132373456882,18.499999999999996
4.785172924309739,21.05737608565172,18.500000000000007
7.03727654837007,23.510077061239755,18.500000000000007
12.24333834692033,24.50972298462486,18.499999999999996
12.15719118267194,20.266241128590234,18.5
12.037036899006756,22.19767023807517,18.499999999999993
9.724879098409671,21.593700754246925,18.5
11.965492275435338,22.207156450734818,18.500000000000007
10.04557472846442,22.44704132270624,18.5
7.817968802337914,22.622927987017967,18.5
6.261010232903774,23.303698419746855,18.499999999999996
6.536493163876983,23.115592388396305,18.500000000000004
8.211055188890533,22.302676007502374,18.499999999999996
8.202400752915244,22.309726869664864,18.50000000000001
8.329291357731877,22.206347645748,18.5
7.908250061939943,22.549374800926543,18.499999999999996
7.533473688929199,22.85470942179139,18.500000000000004
8.076499905815906,21.534625858200283,18.500000000000004
8.2970986375401,22.232575429107605,18.499999999999993
6.704679183040545,19.629963160837836,18.5
6.057589778597442,20.117366965037736,18.500000000000004
11.689811985003054,18.628691433771063,18.5
11.381387762454935,22.363708372706977,18.500000000000007
12.90445781338998,23.843219661854857,18.500000000000007
9.412320169188984,21.57281570746978,18.436618213816477
10.361965713123682,20.85998606201114,18.500000000000007
9.679316593528421,21.783622546562967,18.455060102115585
7.5421339987091445,23.00686386876845,18.499999999999993
7.188531595059482,21.91853228465229,18.499999999999996
11.925419482379365,24.456297110992022,18.500000000000004
7.6196994647609895,22.784460351531287,18.5
7.652264992160901,22.75792894335109,18.49999999999999
7.677712376351575,22.73719653792628,18.499999999999996
7.564374606596658,22.829534238163912,18.499999999999996
6.651839623496513,22.368085160733884,18.499999999999996
8.057545912340384,22.427741823714783,18.500000000000007
7.791540468907312,22.644459543566732,18.500000000000007
8.016213511530168,22.46141587447758,18.499999999999996
7.581823432710737,22.815318429754953,18.49999999999999
4.125383869111295,22.055113290880925,18.49999999999999
9.896002274085104,21.73575338242133,18.35596714169364
11.58767231384679,22.519898201102638,18.33434977324699
10.882829889675028,21.95630471830617,18.44430310753718
12.052704561373243,20.440494742731424,18.499999999999996
11.41475473026041,19.598044170870754,18.500000000000007
7.384877922181554,22.975772337565196,18.500000000000004
6.3383069223697,20.697769952563487,18.500000000000004
7.247052000689314,21.781983182545233,18.500000000000004
7.430589490766214,22.220484461694824,18.500000000000004
7.436901165956202,20.446565236786114,18.5
7.061253361824938,20.799870144084174,18.5
7.405439647650992,22.95902046374966,18.500000000000004
4.731970114479524,19.006822893196535,18.500000000000007
7.34148073200056,23.01112857051611,18.500000000000004
6.700032910942819,20.367630731387234,18.5
6.765899543524967,20.319781282246996,18.5
7.451769856574058,22.921274764821217,18.499999999999993
10.91964581624821,22.331651698660593,18.364952049997314
11.403912561519862,23.159991988789514,18.38310320133808
10.854700579109052,18.176180174846564,18.499999999999996
12.715312034713865,18.989566085612047,18.5
11.55924923660489,22.111703735836155,18.500000000000007
5.720768179669053,19.554387382703418,18.499999999999996
6.744504964694049,18.865953106230137,18.500000000000004
9.85254631334287,22.71070211757043,18.5
6.962596462465609,23.31981131562352,18.500000000000007
6.212870169790779,19.91903919615808,18.5
8.463066630114499,21.74314397371848,18.373045691180728
6.067753737140189,19.612744791538063,18.5
6.598542115855921,21.579692686958293,18.241369514524663
7.149938945618959,23.167180506392786,18.500000000000004
6.277780154931413,19.692820641619324,18.5
7.074507463608015,23.228635012795774,18.500000000000004
4.125377970896233,18.7436085418058,18.500000000000004
6.878905531645094,18.714361816486168,18.5
11.282702406894831,24.52505532894936,18.499999999999996
7.81641674449192,17.846531618449102,18.5
7.290806269410665,20.317027862691706,18.5
8.324647324122333,20.787153233885974,18.5
7.304154362487583,22.45985857937097,18.500000000000004
7.798132938161401,17.79330907326881,18.5
10.004890119612721,18.624388261814843,18.5
12.904457728738999,23.84321957657774,18.49999997385058
9.789871451570717,18.651258571377713,18.5
12.904457634993674,23.843219473036847,18.499999965186927
9.462359028004839,18.944563326050226,18.499999999999993
10.53219583738228,21.76315645453054,18.131035315966233
12.121619950737214,22.668770747614236,18.5
11.85850792572239,20.468983382425616,18.500000000000004
9.695073154340054,21.790028694013728,18.499999999999993
12.201283182945614,22.85870492736837,18.499999999999996
11.38372048138958,22.87346516145871,18.499999999999996
10.972515219671466,20.228117208195933,18.500000000000004
11.049260328399598,22.216796900416192,18.415745217102415
9.665052352126121,22.112625348582885,18.50000000000001
7.798338006594133,18.29779621475188,18.5
9.078543210881444,22.98114596459223,18.500000000000007
7.566401905203133,22.505669054579638,18.500000000000007
11.289016753919771,24.45147258841711,18.499999999999996
11.676569743632312,22.173257095569983,18.5
11.71914063679811,19.74089384217329,18.499999999999993
11.262189964494208,19.5101838716473,18.500000000000004
11.461893960913457,18.728183114073982,18.49999999999999
8.291702349246538,18.11570167722608,18.500000000000007
11.21141003939073,18.287537932570373,18.5
11.471732074775314,20.74480703349803,18.499999999999996
11.271081032658195,21.856302283736838,18.5
11.060889658034618,21.73051402720081,18.500000000000004
10.520506559265327,26.3604205152917,18.5
12.904456846631936,23.84321902354609,18.50000000000001
12.138863370609823,20.169275340199047,18.500000000000004
6.944294091164794,23.334721616569382,18.5
11.52579429624895,25.097044215794302,18.500000000000004
9.623916709440445,22.05193697952182,18.500000000000004
8.765562629562343,20.031403487632833,18.500000000000004
7.13434574265915,23.179884078811785,18.499999999999986
7.035269616085419,23.26060271314004,18.500000000000004
12.03405607411794,19.779439620676644,18.500000000000004
10.16870308466959,21.54218379347179,18.500000000000004
11.79629945479487,20.421710156691432,18.5
11.385234732005683,23.286650629364065,18.5
4.125379245080477,22.055114916697846,18.5
4.125388373372215,22.0551121820811,18.499999999999996
11.753467997222092,20.746213767029108,18.5
11.459251594501605,21.271891014696347,18.5
12.904457043597214,23.84321912567675,18.499999999999996
11.656792119369987,20.08219037924867,18.5
10.228154578489496,26.698937898321812,18.500000000000004
12.020179998825068,22.73157089830847,18.5
11.815635000214716,25.391933951290834,18.500000000000007
9.113771912121505,26.64148365565615,18.500000000000004
10.350210419149464,26.913098383364417,18.5
8.490821184836044,23.221943146998928,18.5
7.953890050092263,26.469003289975372,18.500000000000004
9.662944225836194,27.355194081416897,18.499999999999996
7.621320666265155,21.530689550307446,18.4340970771124
10.116408539239861,21.90811582563736,18.5
7.184314062328139,22.950293179440404,18.500000000000007
9.624636512660777,22.214647623243437,18.500000000000004
10.782874201757938,23.609410339044175,18.499999999999993
10.786075625489989,22.591991131654808,18.500000000000007
7.3467334671353886,26.378017065399,18.5
12.904437160526449,29.207515982212062,18.499999999999996
11.771263284098277,28.096100264300915,18.499999999999996
12.44183670828481,28.973211831314874,18.499999999999993
10.400563286118285,22.213579379296863,18.500000000000004
11.015442762794857,24.249767311106456,18.42766538944031
7.136091692449722,25.257820762795344,18.500000000000004
6.591197730539731,23.622392656248557,18.499999999999996
9.770993266484151,23.1388081514771,18.499999999999996
9.16603164136323,23.796893290229676,18.500000000000004
7.503511307443149,24.573745446677023,18.499999999999996
11.322856828214604,25.106854720107226,18.5
10.864322617450782,22.971117117749703,18.5
10.01206236773217,25.352697619350867,18.499999999999993
11.183694460181439,25.04891970826448,18.499999999999996
7.442813139350786,22.855739845392446,18.499999999999996
7.04067691330147,23.42084339920492,18.499999999999996
7.891286472996046,22.60769455062818,18.499999999999996
10.633102850044144,27.06320118542137,18.500000000000004
11.046441893605454,26.738931221042243,18.499999999999996
11.104228856844385,22.802688197848617,18.5
10.885456440117254,28.919920519262273,18.5
10.885456440117254,28.919920519262273,18.5
10.885456440117254,28.919920519262273,18.5
7.369415342834364,25.504630931133992,18.499999999999996
5.564493782525193,25.127972051215387,18.499999999999996
5.5619376653735255,25.1329629692988,18.49999999999998
7.278171737192941,23.549941653917614,18.500000000000007
7.297153226381197,24.097269886906183,18.499999999999996
5.553340565586671,25.1313715246747,18.500000000000007
6.9713769101109895,24.981473704866353,18.5
9.652049740382965,23.3164327758742,18.499999999999996
11.782863377579783,24.715946605086963,18.5
6.503037045312276,23.694219404801448,18.500000000000007
9.87422578826664,22.957975436797796,18.500000000000004
6.669065538646613,23.558953499505023,18.500000000000007
11.251729306290432,24.52221835897063,18.318264149007312
10.21272547914679,23.66897237544993,18.500000000000004
10.922627865898054,26.82233721483292,18.499999999999996
8.179843131193005,25.744039736122662,18.500000000000004
8.681866587948154,25.531845821139644,18.5
6.084952318124317,25.606985536135593,18.499999999999996
5.039518407302374,20.928245579818185,18.499999999999996
6.628381764778656,27.265128435423183,18.500000000000004
6.230035952565817,24.688476774779218,18.500000000000004
5.141865893780839,20.84774942425659,18.499999999999996
5.024785619091309,20.9406441661014,18.5
5.104238162688035,20.875062064885288,18.500000000000004
6.1570623378588785,24.78911906381875,18.499999999999996
4.872866262976681,21.0453543891195,18.499999999999996
6.908248372293242,22.922178705361528,18.500000000000004
6.524112491213781,20.604068249186252,18.500000000000004
4.771360510222835,21.122271956446617,18.500000000000007
6.532311431305796,23.664062266722055,18.49999999999999
9.48577139390257,24.53461376220895,18.299821759888875
8.975053162413722,28.407195695378686,18.5
10.495470749802463,27.903832929619906,18.5
8.79679522312073,24.10821424724599,18.346318723400984
8.778142090304158,24.021348616954413,18.32667231909441
8.329340990772815,24.474966363993847,18.499999999999996
4.89570338637651,21.021341279759707,18.499999999999986
4.891623358994071,21.023709817834963,18.500000000000018
5.00271505793473,20.948874416061578,18.500000000000004
4.959103867355958,20.988778850442106,18.499999999999996
4.995010714008402,20.953208460357153,18.5
5.471459793489832,23.270872656048663,18.11538974225706
9.173034380843667,25.144914476501448,16.833167064833745
8.533884348233896,28.214170342878475,18.499999999999996
9.070452553363149,24.180163985125116,18.333973761018147
8.785245948189234,27.269128999735095,18.500000000000004
8.412706117385682,27.35419703319619,18.500000000000004
6.912487068567126,24.254470106250352,18.04827005206462
8.308580796880511,23.96214203219952,18.500000000000007
7.66170192064686,23.98065436858301,18.500000000000004
8.062244542396598,23.946999836936786,18.5
12.904449500431296,29.207528058751734,18.500000000000004
6.187441705422338,25.709061179025944,18.5
9.824368056731618,23.91534439378851,18.5
8.292453636414438,25.520616433527742,11.1
5.646281864042269,26.123085746701292,16.77539102621075
5.318874128910805,22.114402813957522,11.208044943454606
7.229187295316919,25.586835537156457,11.1
4.125378415909455,26.383724619633487,11.099999999999994
7.035389990897077,25.170735859920327,11.100000000000001
5.212217847156875,21.806276561250154,11.1
6.075496050910641,21.446490331409766,11.099999999999996
7.899252657580856,27.91514970993057,11.099999999999998
6.401495530927617,21.925166995736504,11.100000000000001
7.740668761739478,27.795528958039515,11.099999999999996
5.712089744653147,21.68871844904088,11.18012681140377
4.125377904123046,29.207532009769707,11.100000000000001
5.789661004658149,23.94869524896466,11.577888900023714
5.979174577117073,24.1539604501355,11.406839599055568
5.096499660718858,26.703113290613068,11.099999999999998
4.125377901649011,29.20753201576797,11.099999999999996
4.125377902216791,29.20753201425287,11.099999999999998
8.845396140293438,25.72091229334668,11.100000000000001
8.1857664963152,25.958346301334917,11.100000000000001
8.951160963647913,25.984110153631537,11.100000000000003
8.185573005964516,25.062137586571875,11.1
6.8197567005514745,22.561719211706063,11.1
7.896807534651007,24.210485737788947,11.587851142983958
6.952054369971731,21.492645728615617,11.209754958391283
7.7008485427685285,27.465698596117438,11.099999999999996
4.84020458360222,22.784055910605872,12.829554874255203
7.6920675951093065,27.436420493618098,11.099999999999998
5.833398393464367,21.707617036777222,11.100000000000003
8.514917871859367,25.17895043979243,11.099999999999994
4.125377903799106,28.80656773177486,11.099999999999998
5.862113361906278,24.09389435615549,11.100000000000003
6.0499796467125675,24.978096011464988,12.435706252549867
4.125377923124507,29.207531964613615,11.099999999999996
6.0071958501829625,24.49473835107491,13.801031396230965
5.639770497376316,23.651661443708853,11.572162082248047
7.887027828754636,24.92166932267795,11.1
6.128739679182207,21.190483620679004,11.099999999999998
6.0510999261140315,21.738024506463763,11.099999999999998
6.867218533232598,22.14059179661792,11.100000000000003
7.875510862219433,23.699416928839373,11.099999999999998
4.125377973456503,23.843219662448572,11.100000000000005
6.32697088118203,21.874613390985328,11.1
5.861489944141318,21.873348750370752,11.099999999999998
6.356418661285767,21.748796898448877,11.100000000000003
6.801172538423276,25.63855296988025,11.099999999999998
7.227048375624487,23.827931637403573,11.1
7.202340845166768,23.828053119700506,11.25331183811052
4.125377900207348,29.207532019229948,11.1
6.13432431473743,24.310594540224944,11.316428614709922
4.125377903253751,29.2075320121768,11.1
4.125377904468684,29.207532007917944,11.099999999999998
4.125377910205341,29.207531988040344,11.099999999999994
5.922342723094416,23.003877297024502,11.1
6.999851373373435,22.137468993113618,11.099999999999998
6.075965375027404,20.978503523788987,11.100000000000001
5.875391848978335,20.267011533917277,11.099999999999998
10.165966051916673,23.666886188904797,11.099999999999993
7.388691621927545,20.700306385566062,11.099999999999998
10.001369438795138,25.22339487284372,11.1
5.083000816778349,21.685143715699237,11.1
4.962709011089624,20.92842006765458,11.099999999999998
4.882890038962968,20.880269400360078,11.099999999999998
5.2467019098621925,21.947667663833517,11.099999999999994
4.882890210263855,20.880270227832906,11.099999999999998
6.063583080324512,21.86691898062791,11.099999999999998
4.9388408950709275,21.614121597259885,11.099999999999998
6.145687532475659,23.251002622279636,11.1
4.125377927557699,29.20753195266419,11.099999999999998
6.500326194762927,24.522598285658948,11.198835332886548
4.12537790643516,29.207531997993435,11.100000000000001
5.014340313234005,21.791170413058044,11.100000000000001
8.51491759893531,25.63132306300515,11.099999999999993
7.2265537389187084,22.730708379360443,11.1
6.279812602694205,21.42349916820671,11.099999999999998
6.146501163710421,21.082635265965155,11.100000000000001
7.742270373410643,21.787944427145796,11.100000000000001
6.980046545976065,20.267011503781053,11.099999999999998
8.514917877043827,22.055115588528146,11.100000000000001
6.2776255043775375,20.267011520962203,11.099999999999996
5.895420206118264,20.39335278107619,11.099999999999998
5.632746399237996,20.447453491411597,11.1
8.514917526686345,22.0551153226618,11.099999999999998
7.191998910006451,20.26701150259765,11.099999999999996
5.396118456267044,21.364392398050082,11.100000000000003
5.033665517973388,21.65536526845385,11.1
4.922299769044502,21.65944188456941,11.100000000000003
4.93882481827841,21.61412816249992,11.1
5.201845271240378,22.524588626672422,11.100000000000003
4.12537833883858,29.20752946798896,11.100000000000001
7.597000552257971,19.697294691125737,11.1
7.383304762419496,19.614236440122525,11.099999999999994
12.904457764629328,20.26701147007788,11.1
7.037718374527141,19.541163573886347,11.099999999999998
8.825635356918193,24.584069851021795,11.099999999999998
6.230386887895541,20.409629000450803,11.1
8.234938953766845,24.579932147305698,11.100000000000001
7.571037389150527,20.05691381825978,11.10000000000001
8.514917845623875,21.562330814092757,11.099999999999998
8.514917821585097,21.552529271539704,11.099999999999996
8.514917861124768,21.596862029248555,11.099999999999994
7.1342233173556435,20.64298080428982,11.1
5.384636168494481,20.34004237095794,11.1
7.685768357949614,21.663816103170596,11.1
6.689363839065355,25.481306697806982,11.100000000000003
5.128789240772692,20.267011605864457,11.100000000000001
4.125378375388845,29.207530461261012,11.1
4.125378002448188,29.207531710338927,11.1
7.615412222894231,24.03332816724617,11.100000000000001
8.707936005431364,18.77511669866661,11.099999999999996
7.654404322352288,24.04772558877365,11.099999999999998
8.399940974820852,19.005960361332576,11.099999999999994
7.654405176277595,24.04772642412017,11.099999999999998
7.635676768636142,24.04481399081639,11.100000000000003
7.85119475393035,19.531187767708296,11.100000000000001
7.498884831548801,19.796242538964993,11.100000000000003
7.634754293300601,23.990444669887655,11.176261639389121
7.4802191105045335,20.083067435406715,11.29225735287194
7.634754604176643,23.990447600763154,11.176261822443061
7.651864034359633,18.650998216338788,11.200063684468578
6.1132321742270355,18.59163185266767,11.1
7.647836602482569,24.363984996204,11.100000000000001
5.944189368547934,21.822809567409394,13.329839156710396
7.202673896291258,22.078193903899248,11.744481725911394
4.12537817312681,29.207531365239255,11.100000000000003
6.058009416797509,20.267011790067517,11.099999999999998
7.174447674088031,19.279170223345563,11.099999999999998
6.005077937199008,19.032233919369425,11.100000000000005
11.711750767438796,16.933731308427536,11.1
11.377311671173901,17.001849144044577,11.100000000000003
8.544174130004272,18.376083674317638,11.100000000000001
8.113836805465665,21.713726003957927,11.100000000000003
7.615417589726771,24.033334175154632,11.099999999999998
8.140222956185575,19.21763763865614,11.099999999999998
4.125378512786558,19.656520500835754,18.499999120102373
6.683205473188317,18.336935451649232,11.1
8.185410787510788,18.355069902623946,11.099999999999998
4.125378382676567,19.70496775582586,18.499999306926412
4.821121072939005,16.97421824503128,11.100000000000001
7.163989066251774,19.580107603673646,11.100000000000003
4.997824174823799,17.046199257926332,11.100000000000001
4.125378145774991,17.317848055082028,12.005363298219157
6.634629929082094,22.411764347193802,12.424947324819387
5.17885986429819,20.12108760135072,12.887934115203858
4.125378090706764,19.634470757475132,18.49999997939249
5.915416679179675,21.81230134393923,14.792971463125276
4.125378461639731,29.207530361761325,11.100000086735774
4.125378336841974,29.20753086060849,11.100000000000003
6.29639141335222,21.563193309508215,13.970147138504606
6.46131357041746,20.841894794537748,17.128429552408043
9.02297736150227,18.485610966575294,11.1
7.608429059983656,17.503202581927564,11.177375375880631
4.1253781266750895,19.62312891754509,18.499999920137114
4.125378549676926,19.73454107468717,18.49999906713563
4.770456248377558,17.193304729645323,11.688650356305423
4.125378572217154,19.648861486032715,18.499999034780465
9.549640174773455,22.04710551969786,13.98628036644091
8.968144858234815,18.395218651132115,11.1
9.990556985064995,20.550200658322105,13.34449355394455
9.295365859445456,20.811874855783575,12.963737354599468
8.096612065904308,19.099093239235202,11.286414876710156
7.5589719551728045,19.75908031963024,11.899807745185559
7.596009003999754,24.21221630104675,11.100000000000001
7.339203085475305,20.87641200852424,11.632598392028894
7.617337734071155,24.132394843093437,11.1
8.084222015933369,23.93092176999374,11.099999999999994
8.0842219939062,23.930915976668786,11.099999999999998
6.2402485465036825,20.26701157265586,11.1
7.615408842075597,24.03332616531464,11.100000000000003
8.456564910233503,20.48016184189242,11.099999999999996
9.461521807175766,22.587436134505605,11.223646678532736
5.435147086839835,20.267011828538298,11.099999999999998
8.750944719037989,22.431828512823895,11.1
8.514917780438344,21.528753444214274,11.099999999999996
9.473436111204771,20.808716286296587,11.599243878924888
9.282603760627092,21.75752584246954,11.27711485036976
8.9740065093534,21.25630031875168,11.100000000000001
9.391345668654958,21.95286285457706,11.182011808434426
8.212564653410316,18.63859805934932,11.099999999999998
10.568993205670559,17.534726097535476,11.099999999999998
7.277650223797378,24.391323987092697,11.099999999999994
7.189330215765653,20.541976420597575,11.099999999999993
8.089677568521793,25.095625711750504,11.100000000000001
8.010084462084444,25.006354313457607,11.099999999999996
8.383284218167676,25.387672699608032,11.100000000000001
7.773028208652798,24.429889177772747,11.1
10.870636095103725,19.43852266748303,11.100000000000001
7.905353948806699,24.32563764158227,11.099999999999994
8.103609042694048,24.10405473237931,11.100000000000001
8.185697562549857,24.32023443179171,11.100000000000001
8.29291197405233,23.893277471866927,11.099999999999998
5.649385378455437,20.267011633627334,11.099999999999998
9.549997902313876,18.824799552820917,11.100000000000001
7.988489487989316,19.972633224491346,11.1
8.552050477197644,21.145504606432674,11.19162125230892
12.363236001577999,24.370661552599483,11.1
8.252847859765303,20.006406955305316,11.099999999999996
11.377873213728758,18.34427235552714,11.099999999999998
4.12537800627631,23.84321961309122,11.100000000000003
6.123996038798601,20.741946394289,11.099999999999998
5.811744544220124,20.267011548335635,11.099999999999998
5.448589408199694,20.811296417641618,11.099999999999996
7.571035571050987,24.21327380870351,11.1
6.136602160511918,20.267011603382983,11.1
9.316349360154407,24.46128740310772,11.099999999999996
6.470381544558005,21.61714473341987,11.099999999999998
9.125349203254817,24.53640060944307,11.100000000000001
9.222341069436549,20.487994390311826,11.1
8.966156332841802,24.85171204978424,11.099999999999998
12.904457399376714,29.207531299014146,11.099999999999998
8.23871936102127,21.48022878881784,11.1
6.373569481259951,21.474884793023328,11.100000000000003
12.0349722510755,24.307228074679028,11.099999999999998
9.259599263750372,22.29200198561053,11.099999999999996
10.715942199249024,24.663209773707944,11.1
12.180921310184921,23.98946581138641,11.099999999999993
7.3353731376510005,24.44403229858824,11.099999999999996
6.910286557772723,24.728234976602256,11.100000000000001
7.400922058079054,22.638340015797894,11.099999999999998
7.525010374613104,24.499881658232223,11.099999999999998
8.02380098639368,24.37009996599863,11.099999999999994
7.862857813379942,24.63975701049647,11.099999999999996
9.109171941549741,25.171504102348393,11.099999999999998
9.416590406475864,25.353895635848307,11.1
7.692945885450322,23.517682704006837,11.099999999999996
9.551846771927275,23.85772004820918,11.099999999999998
9.82346963182104,25.886166174188613,11.100000000000001
8.651296188220547,25.343286175158347,11.100000000000007
11.101402521196166,24.648135268548064,11.1
11.63750727479409,25.25721447546587,11.190776521219702
11.569697927568678,25.199896046516578,11.195635284152234
11.775271689542446,25.341845982632456,11.24343618097186
12.904457055091939,26.360810157296193,18.499998881578918
11.591359168323836,24.548517681957463,11.206287801289273
9.695805171341446,26.295529083853644,11.100000000000005
8.14422493297572,26.26126708856128,11.1
9.248552970092348,26.035590501896493,11.1
6.451035234268186,22.165523087396213,11.099999999999998
8.894169282068038,25.66200270450057,11.100000000000001
8.514918199040281,25.631324002218765,11.099999999999998
6.5439603091608305,24.828442875549776,11.100000000000001
9.261558230588344,25.71832579353651,11.099999999999996
9.229992545840062,25.848768043098474,11.099999999999998
8.514917862554146,25.072528105525826,11.100000000000003
8.205002323657832,24.927045052099427,11.100000000000001
7.59714076334499,23.12631311028787,11.099999999999998
7.214456795667239,21.978287051809204,11.1
11.215626031073967,25.408102800092326,14.005916621277262
12.904454363412862,27.419426939523486,18.49999158279761
11.517567726757424,27.98438432893278,18.499998016357058
8.514920372456135,25.63132492775654,11.099999999999996
11.094275714378456,26.05128053292408,11.1
6.445978924076901,27.05129607192868,11.099999999999998
4.125377940092217,28.05781266467695,11.099999999999998
6.130733533650332,26.075141987544043,11.100000000000001
5.436204298704592,26.82314207496911,11.099999999999996
5.07563860261385,27.143143520784776,11.127694496495216
8.232128862094578,25.49678009020545,11.099999999999998
9.574503266270199,26.688886052469865,11.099999999999994
8.378019321820187,27.08408722836539,16.070327532954696
7.629987267940375,24.781062283850336,15.93467120398381
7.175293987001947,27.01066665826854,16.98951465636454
7.82565512280601,27.01630042263308,17.258827451295627
7.0052971543491624,27.111030783913986,18.157606208892464
9.76416259240733,26.21847230763134,11.84581492964298
8.810595002160657,25.423250842192036,11.31375484806032
8.51491867109782,26.894873708695528,11.100000025353896
9.030977926791909,26.073255747214947,13.193338043400221
8.924965848209915,25.057037230233664,13.424498895946641
12.904457015383695,26.332409177225337,16.3981324388735
4.125378074207262,28.67115299330485,11.100000000000001
7.055539438501926,27.32433139903996,11.099999999999998
4.125377913595627,28.566788123341528,11.100000000000001
4.125377908930469,28.913598880914094,11.100000000546059
4.1253779193520215,28.400147301569138,11.099999999999996
4.1253790179847885,27.41942758986741,11.100000000000005
8.514918465722797,25.631324386742374,11.10000058510202
8.553422066031748,25.850323117571154,11.525009878105172
7.584893480480887,26.20972687372445,12.065041038354256
6.96759963503972,26.31900683958257,17.612026257405578
6.490680302233629,25.05596829642962,11.099999999999998
8.145322172791296,25.96325497449002,13.375154541771447
12.904456749930441,26.59779006781071,18.499999320457338
11.712551516029249,28.21700271252561,18.499999999999993
10.718852384835033,28.60803056563796,15.238589385034718
11.58733967872755,28.13446063781209,11.100000048142062
8.514927991274416,25.631331489671226,11.100000291084017
5.611133476755369,29.207531402002704,18.49999982690632
4.968066714779033,23.265496013255,18.146209498693697
4.886725760957971,21.033170922012207,18.499999999999996
5.7086851744331755,20.83927205024754,18.49999999999999
4.777775533649711,23.220882379540416,18.5
5.603303169828515,20.891662649037343,18.50000000000001
4.8545504195651565,21.06913893796023,18.500000000000004
6.636649714950992,27.70439942184205,18.49999999999999
6.1906755696950855,28.876447807289136,18.5
4.806335320444569,21.071567416193126,18.500000000000004
5.8502149511402335,26.047199882709478,18.499999999999993
6.634092439055232,27.78594801174233,18.5
5.167302123118323,20.828302023900534,18.499999999999996
4.901748919548195,23.033799301962183,18.5
4.788915828251179,23.978447885208517,18.500000000000004
4.886560342115367,23.97385104894616,18.5
5.891964176884866,24.436760896095656,17.44071599523688
5.604185824124236,26.279815724334277,18.5
4.936606811898805,24.131526970841307,17.451796513483096
4.92828139009616,20.990353507743624,18.5
6.359474392689096,24.155657725222646,18.5
8.78250467740122,23.678808115657993,18.418937240383297
6.756835968017563,22.48377552317172,18.500000000000004
4.125377916361733,25.631323816016895,18.500000000000004
7.614924366083515,23.447389783610255,18.422568426863045
5.232783657186646,20.772185403628495,18.5
5.051111573906585,20.894370012000593,18.49999999999999
5.146194559320147,20.83042197862372,18.49999999999999
5.134577987003091,20.83449415910817,18.5
5.8363498975136086,19.60255374522032,18.5
5.065895127120099,20.886961828323695,18.500000000000004
4.533210470620159,23.79502272593523,18.499999999999996
4.538827855066174,23.872091408306453,18.500000000000004
4.5337573335420815,23.807695770084084,18.5
4.532443192372067,23.78836122503288,18.499999999999996
4.534947062034563,23.812814709926506,18.5
6.53151886850412,24.22236095357958,18.499999999999993
6.390912381829629,20.634336183166894,18.5
6.651897845907011,22.384448375182096,18.500000000000004
7.404659036404421,22.904180247216956,18.23279425182728
6.23040274049667,20.657029126268842,18.5
7.843680095312049,22.9841402109102,18.499999999999993
6.47098176441231,20.58892441286282,18.500000000000004
6.694896348546402,26.362439342968432,18.5
6.406560923573112,20.545814777512003,18.5
6.735927675779797,22.7773954270794,18.011823785893274
6.648086105485281,22.35017265176846,18.5
4.977859354762039,21.040570736775848,18.50000000000001
4.964750354908346,21.05388833555619,18.500000000000007
6.34796289725627,24.780356321106147,18.5
4.95335901149571,20.984781869746364,18.5
6.488649127240979,25.004003477682993,18.499999999999993
4.970128608773958,20.966950121787228,18.5
4.847641761275706,20.836910920314736,18.500000000000007
5.022739681969759,20.92607304171347,18.5
6.946949879447264,20.526760424066506,18.49999999999999
6.595639398875079,20.54422442598247,18.499999999999996
5.297186640378,20.711750452973124,18.499999999999996
8.323113558857452,23.228015878226845,18.499999999999996
6.404403452570035,20.595964106051312,18.5
7.386883335133342,23.123511390598278,18.5
7.417435778246304,23.392344792178147,18.500000000000007
7.002635436618118,23.511274565943467,18.5
7.118514433002565,25.333050933289496,18.500000000000014
7.026396704353441,24.851052944752194,18.499999999999996
6.73297539366111,26.86966892011635,18.499999999999996
5.991268278941357,19.377257154074826,18.5
4.4823284044527805,21.092214647218743,18.5
4.401933607932479,21.27740684722029,18.50000000000001
4.993780980470841,22.892216289167635,18.5
5.841727548294677,23.313902462073862,18.5
4.722091248311553,20.56417532291153,18.5
4.125378017815258,25.631323681698607,18.500000000000004
11.988148628154361,25.24020077977702,18.500000000000004
7.697086196771996,22.53293788821645,18.499999999999993
7.108973284465432,22.794722189514907,18.500000000000007
6.983790478066853,23.3025429431856,18.500000000000007
7.03864458770715,23.257852575249117,18.500000000000007
10.229455932106282,22.627925987788792,18.500000000000004
6.784471033975827,23.464930533015302,18.49999999999999
7.260967863636621,23.403616809416594,18.499999999999996
7.087001919260281,23.21845504062119,18.500000000000004
6.907979457836128,23.364306743502002,18.5
7.374045963271873,22.570584305330293,18.500000000000004
6.799157932648189,23.452964976795567,18.499999999999996
7.764146640057667,22.66677751548403,18.500000000000004
7.559807521885111,22.833254956401056,18.50000000000001
4.9971113008013885,21.6797906697949,18.499999999999996
7.0060859723076545,23.034820448130183,18.500000000000004
7.802774365089494,22.635307138723515,18.500000000000007
7.1964832910523135,23.129259426018745,18.499999999999996
6.756482019621304,20.746854420747162,18.499999999999993
7.436290308822944,22.93388633866265,18.500000000000007
8.370571883607983,22.780273108561076,18.5
7.393567142504404,22.968693470910182,18.500000000000007
7.9759612837979335,20.40493430872226,18.5
11.886674086122069,24.327374911724284,18.499999999999993
5.932935401056273,24.77714908109431,18.500000000000004
7.324613981808677,22.335733788664825,18.5
7.396566899004812,23.23283958519195,18.499999999999996
6.001032619106502,24.71167382708447,18.499999999999993
7.412455994762771,23.0362206589357,18.49999999999999
5.870129139466187,24.829247848297197,18.499999999999996
4.125378078651527,22.05511552779026,18.500000000000004
7.5835859433819435,22.813882396928044,18.500000000000004
7.3784875306776785,22.273929336125722,18.500000000000004
7.076144237533956,22.999817413294323,18.500000000000004
6.399962119970972,21.450416103359647,18.499999999999993
7.540136988146586,22.849280814649983,18.500000000000004
9.041319933626552,22.183870766595774,18.500000000000004
8.679159575935268,19.971062514025835,18.499999999999996
11.414618248433317,25.03720015354051,18.499999999999996
12.285022609178917,18.7312378320346,18.500000000000004
4.125383654594534,22.05511321293635,18.499999999999986
4.1253783860605004,18.67774556169125,18.499999999999996
6.710679019282934,23.52504981579361,18.5
6.653671026948851,23.571495457975875,18.499999999999996
6.672879735242944,23.555845464953123,18.49999999999999
6.670440630232016,23.557832805632685,18.499999999999993
6.698556775163638,23.53492608596462,18.499999999999993
8.634731929588053,23.103780706757227,18.50000000000001
7.279076288811483,23.06197002925446,18.500000000000004
10.022672430173754,22.620647233974893,18.499999999999993
7.251031917093102,22.38889172612059,18.5
5.810779017128276,21.140716281361183,18.499999999999996
7.361723985620177,22.994636116196677,18.5
7.218891641164835,22.12149968562509,18.499999999999996
5.440094348468362,18.643644579154973,18.5
7.821159170540035,20.791941255776145,18.500000000000004
7.364253034181046,17.212002686484343,18.499999999999996
7.398585520172431,22.964605560815738,18.499999999999996
7.013864726151584,23.27804141927208,18.500000000000004
4.438112340711054,18.229353814267803,18.50000000000001
6.956626097810884,21.540081019881764,18.5
6.587943171561562,23.625046687692702,18.5
8.07181074117738,20.102183870406233,18.500000000000007
6.832857851397073,21.40445837283119,18.499999999999993
6.630323324467676,23.59051752395108,18.5
6.758075355506773,23.48643616462978,18.500000000000004
11.725404975372792,24.185951583257705,18.49999999999999
11.644955557789753,24.230952112411153,18.499999999999993
7.8533553216117244,22.095835747979642,18.500000000000004
10.535251330902835,22.489334635684113,18.50000000000001
10.768197827029764,22.44046174972262,18.5
11.692586597354687,24.158400614309752,18.500000000000007
11.158860357965544,24.90107646525019,18.500000000000004
5.777732999666049,19.503132434693196,18.500000000000004
8.119945168339722,17.649610363982067,18.5
4.125378080999335,19.094461741436312,18.499999999999996
12.904457668317038,23.843219419264674,18.5
5.587384654404494,19.61001331209169,18.499999999999986
7.58974830358769,17.63985180589139,18.499999999999996
10.507178038895198,21.259991428225522,18.499999999999986
9.384887945099402,19.25931635138144,18.499999999999993
11.718988062587906,25.022817189631464,18.499999999999996
7.543531516636657,18.43447769038851,18.499999999999993
10.707059521043144,20.249928708958,18.5
4.125390645299619,22.05511030249007,18.49999999999999
11.86623440789742,20.077500625322198,18.5
12.904457694409334,23.843219512894905,18.499999989827796
12.053815561490088,22.71761986229007,18.440435721678007
11.699951410145486,20.266621186811687,18.500000000000004
10.370341156935366,18.570719733601784,18.5
7.326436131662226,20.619794081018572,18.5
10.441948827333425,22.55232309096781,18.499999999999996
9.85051154837578,21.13755430038041,18.5
11.902886831848527,23.851546673897438,18.5
11.982138137728748,24.011505766221834,18.500000000000007
11.86112753524327,24.11042060087552,18.500000000000004
9.210114214641303,19.000182339835703,18.5
11.985799888881271,25.19572311503922,18.500000000000004
10.091476067224347,21.660647267811054,18.499999999999996
10.615995142697374,21.584271942170208,18.499999999999996
11.904446485663687,25.148004102064395,18.5
11.661732977435324,24.2353176358507,18.500000000000004
11.919921651576688,22.812397112192535,18.46749963518363
11.301915678494751,19.898271767109076,18.499999999999996
12.062152030266612,22.64862780589143,18.423366111756323
11.587091009336403,22.32328193618111,18.33236942224034
12.05924675235107,22.920067295875878,18.499999999999993
12.90445752406223,23.84321917089174,18.500000000000004
7.356170067440182,22.20414569931036,18.500000000000004
11.032372473113902,22.366207400121745,18.5
10.464482017195468,22.49930722933597,18.499999999999982
10.596687756460206,22.446098206152264,18.499999999999996
11.092834779357739,22.32023214445123,18.499999999999996
7.69482247531432,22.057504907000276,18.500000000000004
7.6059143197795684,22.47593754816362,18.500000000000004
10.016091722429186,21.93392634171465,18.500000000000014
12.008387048232978,24.265777429575333,18.50000000000001
9.973639857633255,22.28200587562908,18.5
8.991817746931739,19.65532490826991,18.499999999999996
7.690189726023094,21.42530893421684,18.500000000000004
11.575815469510914,22.178456910865417,18.5
4.1253893348684,22.055113528661813,18.499999999999996
9.993268186303451,21.69725184680532,18.5
12.904457679190244,23.843219363433874,18.5
12.049141327721296,19.585585015346183,18.499999999999993
11.83765862699225,22.277550819945205,18.47293156994722
6.331958371146958,23.391911970314755,18.5
11.586367821321291,25.001096626746637,18.500000000000004
6.942154008956648,23.33646445153091,18.499999999999996
7.0752617436383645,23.228020015631326,18.499999999999996
7.056988193223103,23.242907943416014,18.499999999999996
7.304335479544943,23.041391003774407,18.5
9.707942480555767,22.445911800198466,18.5
9.738842894167234,22.738724232660367,18.499999999999993
9.6231720521378,22.542064600064275,18.499999999999996
10.112349754001698,22.627244912452966,18.499999999999993
6.998700536668983,23.29039596117071,18.500000000000004
6.859991235212887,23.403403684967195,18.500000000000007
11.705948138890495,24.29632115351927,18.50000000000001
11.372079178144258,22.88024324748192,18.500000000000004
8.090920948181065,23.023379406283237,18.499999999999993
10.675849087852793,22.04087648130696,18.500000000000004
9.128987086667536,22.211282002420777,18.49999999999999
6.894006690242677,23.375691935264587,18.5
7.3484880216907715,23.005419411521302,18.499999999999982
12.101883213274876,24.960420269915172,18.499999999999993
7.073070961959191,23.229804865684674,18.500000000000007
7.277356525212198,22.795913319049482,18.499999999999996
6.983517731681646,23.30276508654875,18.5
7.64878583613352,22.857469365828926,18.500000000000004
11.371930742499458,25.11752405806294,18.499999999999993
6.686371848946156,23.544854099722734,18.499999999999993
7.836878414281965,22.749119656495985,18.5
10.447255355424542,23.89799066102086,18.499999999999996
7.198312713155511,22.706388414678152,18.500000000000004
9.121183325763269,23.436254027411273,18.500000000000004
9.436813840858704,23.257213994629286,18.499999999999996
10.801730784275364,22.827890720463756,18.500000000000004
9.215329341580555,23.2677251623434,18.500000000000004
9.974701080494757,26.700048817541543,18.49999999999999
12.007138341245788,25.3723476211866,18.5
11.106666587327403,22.792313674209943,18.500000000000004
7.083397667443773,23.61633813827589,18.5
7.107175646283278,23.796869564186935,18.500000000000004
6.826832453267157,26.423448638405926,18.38606629375365
6.325081510065022,25.964870186234652,18.499999999999996
6.77989539801889,25.3009507465052,18.499999999999996
7.694187535822136,25.5270508502438,18.500000000000004
7.121983457077308,23.81633725585676,18.499999999999996
5.1596212463368785,25.293899591950055,18.500000000000004
5.100250328415137,25.347811990714675,18.5
6.709361397925547,24.690861649573502,18.5
5.47137704929657,25.241427812969725,18.49999999999999
6.520118952993621,26.159343635348407,18.5
8.603862656948621,23.901233510054745,18.5
9.877363676110479,22.36642188180136,18.445745831545864
8.879543071064642,22.472184680884705,18.425916512005305
5.008253510682235,20.955979605517253,18.500000000000004
8.29683576212465,25.896259620340686,18.500000000000004
9.061292042621377,22.950274738928755,18.499999999999996
4.978572031650286,23.160296443781444,18.09726545398069
5.675468314549321,20.86102390182098,18.5
6.285614232319261,27.679608252399102,18.499999999999993
4.918646809880746,23.9174731221769,18.437929806008714
5.778753316218767,24.449173332734414,17.079862511452486
5.727522218902117,20.847159881287222,18.5
5.644073188942993,22.764614963548958,18.500000000000004
7.301693828188775,28.056667930534037,18.5
8.34943426777435,25.200529326655083,15.780686638291535
4.799159453649622,21.085403912282,18.500000000000007
6.416160064129612,24.676711984895668,16.312633519326127
6.554816597844823,26.812156978776777,18.499999996523727
11.332000260671311,29.207531834229968,18.500000000000007
9.621911962995807,19.863321266052743,18.50000000000001
6.284358952236856,23.985528168759824,18.425030215362565
4.776308790535941,21.138992777367086,18.5
9.34795687846944,24.545098934963534,18.29437228644493
9.43204874419841,23.971504027336145,18.499999999999996
4.1253779176887,29.207531980061457,18.49999999999999
6.792619727257093,29.03798159600898,18.499999999999996
4.125377945356611,29.207531959248694,18.5
5.941954649395688,23.22025627369799,17.785532069855783
4.213118840222114,27.845018358344202,18.499999999999996
6.490767876751723,28.388143698659647,18.5
6.48087830645704,25.25161434494211,18.499999999999996
4.709150935025446,21.15188115848145,18.499999999999996
5.540417441473113,20.9455702507143,18.500000000000004
6.017529538131754,23.324094103962985,17.59475459745698
4.8301320519107955,21.084834005244527,18.500000000000004
4.711544960903387,21.161471495887326,18.5
7.370871753880455,24.670516218238784,18.417684124217228
5.729164069017325,23.778346226110646,18.499999999999996
8.130226392894523,23.97886049671733,18.08977616236974
7.469100223684108,25.348721045756573,17.84843856645986
4.125379791286681,25.93222144873573,18.5
4.746872757577946,21.150339890859446,18.499999999999996
11.599555589584787,25.63132391926086,11.100000001156031
9.260463150978625,25.6375002812866,11.1
9.264658931355134,25.806725240682336,11.1
9.135084638028818,26.143761508921514,11.099999999999996
8.876837578654158,25.275180712997763,11.099999999999996
9.704135981911811,25.69408720643481,11.099999999999994
7.2167695707079815,24.628214756451356,11.099999999999998
8.126772965962164,25.491177190091626,11.1
7.414764383127394,24.685548609202364,11.099999999999994
7.228130036380833,27.04481432433048,11.1
7.288275018047813,27.007467346137023,11.099999999999998
7.080169114322707,27.124276100204007,11.1
9.55375923067762,25.65345707905755,11.1
9.53513045802578,24.97412084883861,11.256051176023618
9.94802165870582,25.711155178474456,11.099999999999998
9.456928730733829,25.690258377226986,11.099999999999996
9.400263435972391,25.8643272435794,11.100000000000003
8.911210015826674,25.491146044569394,11.100000000000003
6.470941938252205,24.468762193299664,11.1
7.441014547139263,26.40592008952826,11.100000000000007
6.764567072381633,25.469891647256553,11.099999999999998
7.027495831452999,25.153144511885184,11.100000000000003
6.38680050310237,26.84283133396598,11.100000000000003
6.99885880049332,25.338265368212678,11.100000022154827
9.999072986597687,24.319158589106095,11.099999999999996
8.707420723080508,24.25152535103401,11.100000000000001
7.403609779099531,24.111178847909738,11.099999999999998
9.902293510836694,24.349036275712496,11.099999999999996
8.598438995511074,23.318051527227716,11.100000000000001
8.789229044694025,25.533891473410257,11.1
10.357006852159651,23.733112845044964,11.1
7.10899008946849,23.667998859198413,11.1
6.403613767697821,22.16601757772894,11.099999999999998
6.061946764221118,21.33776761882723,11.100000000000003
9.317654601229851,24.024128053181553,11.100000000000001
8.773349135244818,22.2241916474713,11.1
9.283330407184142,20.743221807214557,11.099999999999996
10.439632367620959,22.26759676033134,11.099999999999996
8.930783484757201,21.726565190573023,11.1
9.872445943513712,22.56895210687189,11.100000000000001
8.30836893302443,23.41113286849159,11.099999999999998
8.434513484075932,21.520339036787938,11.099999999999996
10.34153189889497,21.174864406378546,11.1
6.994103357264017,20.829546334877246,11.100000000000003
10.171956960136631,20.747625972621705,11.100000000000001
7.251258391411015,20.297078553103525,11.100000000000003
8.960610948413708,20.210711225536407,11.099999999999996
7.961999566123012,20.0883570234883,11.1
9.834272451617014,20.747886591792142,11.1
9.66996721129223,21.02555333902038,11.099999999999998
10.34951525227391,20.46768988200452,11.099999999999998
9.304784292519114,19.942738065183494,11.099999999999998
7.963433513641657,19.57055398905051,11.099999999999996
8.615945469159788,21.058161614978975,11.099999999999998
8.679275616650598,21.249931755905035,11.099999999999996
9.062320050160071,20.247672628890644,11.100000000000005
8.955480199708898,20.28667121736208,11.099999999999998
9.085700892469442,20.282416657019215,11.099999999999993
7.794352755974846,19.721665269956187,11.100000000000001
9.029076950494188,21.447474549166575,11.100000000000001
9.874334440374598,20.1713022489357,11.100000000000001
7.09303685756165,19.9263489618505,11.1
7.584820358525134,21.39423297348421,11.1
8.514917733207625,18.478907464828175,11.1
10.02442523826495,19.702577824756172,11.099999999999998
10.1406461039626,19.333794993145997,11.1
11.822439544468514,17.43024030223767,11.100000000000003
8.76940616164152,19.421698688581163,11.100000000000001
9.757877114936536,20.118549713435034,11.1
8.994447017524678,19.46156325589682,11.1
8.187226116045297,19.307388985534075,11.099999999999998
9.516966279132939,18.29882372895448,11.1
8.448550537998251,19.362621774019363,12.660908854744807
9.341199627348876,18.102383625529757,11.1
9.910623666887131,17.94588245725202,11.100000000000001
11.223155239777423,19.582123036338057,11.100000000000003
8.332483968827551,18.96783742407197,12.672822805375128
10.104901103443769,18.435383002660426,11.100000000000001
8.349583376855543,18.195069380464478,11.224787009877438
5.908164167885815,18.08305888092609,12.754822095103124
8.385539790168366,19.19957458414415,11.100000000000005
8.320841440294135,17.897622817878037,11.211449977396617
8.362450871712985,18.340620643933946,11.138672214479058
8.90789641731533,18.26334163425919,11.100000000000001
5.053031417578256,17.453200248726002,12.167530534009977
8.027836585485762,18.280492094496324,11.100000014250483
4.88443684211746,17.000010291793288,11.100000007533396
8.514917805403966,17.537565139606926,11.099999999999998
6.459482553444259,17.64161397560363,11.100000000000001
10.139756984542565,19.14079484157767,11.1
6.8464896368545585,18.7172307426878,13.675218343454455
8.405264933753578,18.16714262083733,11.342605676183842
10.395574118093466,19.24500355005275,11.100000029416293
8.979852839878507,18.401834913762933,11.099999999999998
9.015262124080577,18.36673869015824,11.1
9.06352348022956,18.276451180098878,11.099999999999998
4.906090136200847,17.008830790617825,11.1
4.9252864405966434,17.016650711299093,11.100000022261778
4.743699416677816,17.53947807295248,12.781435144792354
5.559229405934153,17.818782275608164,12.628825884823554
5.563160387245373,17.8097295419185,12.600903761584595
6.771794570736256,18.69235752699227,13.684644014160158
7.11913875382435,26.54286953877954,11.100000000000001
7.316546081484359,27.243562503922025,11.100000000000003
7.1624353493719255,27.146200299897956,11.099999999999998
7.207873244182442,27.184766964410613,11.100000000000003
6.983693343460771,26.43310383322727,11.100000000000005
7.217698251301988,27.20840836123877,11.1
6.529020212477148,24.551742517483486,11.204847618874865
6.948753402676569,26.349380794840762,11.1
6.6088062653374235,24.824917795969498,11.195723691698522
7.04435383829543,26.903430725483894,11.099999999999996
6.7380467189428135,26.29881101354804,11.100000000000001
6.963532897930616,26.910218474067396,11.099999999999998
7.547526583224633,25.73415839453711,11.1
7.293566865809491,26.983204362220874,11.100000000000003
7.0402176259932645,26.73904042147367,11.37058491178359
6.76024160794159,26.33596317595576,11.1
7.21111687621305,25.33301462913529,11.1
6.898940438785089,26.20188261458768,11.100000000000003
6.802431705461251,26.081741930288175,11.362052274007283
6.889841406265385,26.10594514438552,11.099999999999996
6.602884855932336,26.416362682915683,11.099999999999998
7.185552830647649,24.742846679980133,11.100000000000003
6.822328661943665,26.32568499598186,11.1
6.730926532589902,26.47074239296455,11.1
7.324319617057121,25.26243760493116,11.100000000000003
6.627491367557586,23.629308936028874,12.026953677231823
6.762362591840568,24.079157863601537,11.605087698419048
6.737187067934094,23.7950641374188,11.853118537891923
6.60996397838352,23.907302097794545,11.592938839520416
6.8794039559552385,25.703992193234225,11.209755424179097
6.840287622302433,25.434750643442836,11.412737264316087
7.045000616482865,23.103130576026814,11.971275611703488
6.965111122805926,25.71711809713293,11.099999999999998
5.430859702785499,21.194010393504414,12.15115232103448
6.981640747605279,25.60433097286074,11.1
7.47203176756053,23.70035244573163,11.099999999999998
5.4483971699076035,20.267012034094908,11.1
6.52995940100787,24.045693195977186,11.100000000000001
6.402847922047268,21.469087606799285,11.100000000000005
7.083118484343997,24.08034960949325,11.100000000000001
7.507279187175347,23.509425234090493,11.3917101043411
7.14674951190175,21.664034399372316,11.1
8.973475622114861,23.797995579664196,11.414905514773238
7.213633846303895,23.383333198391917,11.587141193498603
7.097683109153696,23.18097184916954,11.642836355690543
8.276378581506686,23.51886228759069,11.099999999999994
7.29015879415884,23.451586477516784,11.100000000000001
7.604307586153689,22.478021177731794,11.237703801362574
8.201235586201676,20.92464719074499,11.100000000000003
7.488981900242703,19.749846483922585,11.099999999999996
7.463744488811901,19.790769370698847,11.100000000000003
7.574700204304758,19.251999422017047,11.212008401347473
7.578364886944528,19.299334622730377,11.236338919772766
5.435829553472766,22.278237940957904,11.099999999999996
8.126092525324932,20.54127515465554,11.100000000000001
8.514915558946818,25.63131382432381,11.100000000000007
7.769706193842749,19.940950519172784,11.100000000000001
7.407122554600128,20.111042449048856,11.099999999999998
7.420248225960839,19.824199420763186,11.099999999999994
7.357577220511866,19.90859535121679,11.099999999999994
7.952484783164304,20.54490990015434,11.188103449588914
7.250566550926651,22.768457114100595,11.574307546445704
8.548508343905787,21.27522235607683,11.100000000000001
9.00276594977317,20.064422540889176,11.099999999999998
7.712620370084013,20.694951131798867,11.100000000000003
9.077187564330826,23.480983513779474,11.433578524306036
8.93343791731691,19.42903937092454,11.099999999999998
7.596650306769805,19.615835119126498,11.245029991126762
7.562489814339375,18.712099673408698,11.259378390972051
7.480123400423825,19.130053116428645,11.348108723129746
6.956332073035235,18.278041007818306,11.220566708793019
7.517973861902239,18.507812195474695,11.1
7.805955216508878,17.747140351862296,11.171221687470945
7.7382515086941215,17.90931181454212,11.18172614240929
8.175591723764239,18.80821149152922,11.099999999999996
8.02343190856661,18.482429722383028,11.1
8.197607338611364,18.908787345822176,11.1
7.739538554106048,17.960128279367552,11.1
8.023688513429592,17.89368426098306,11.204568534719243
8.03052230765855,17.93035867775558,11.207847307976529
8.372290890544223,18.581259737509725,11.099999999999996
8.008793183065078,18.015698521078285,11.199413482724975
8.28592228968345,18.53121424059786,11.099999999999998
8.24452142327077,18.595787686740604,11.1
8.009530803670778,17.9736727198757,11.230146015777258
7.587068552981654,20.05502022004326,11.099999999999996
7.269798809982405,19.420681145437314,11.38926762671243
7.40535432100155,19.890505880833658,11.434831622428485
7.580110897706279,21.057886930625756,11.387094184414634
7.497286985521398,18.03699972888928,11.234136480340002
8.221824162365122,19.065268774641748,11.100000000000005
8.633118923694825,18.575995681662878,11.100000000000001
8.13434134008407,18.82943894075326,11.1
7.917784936005898,18.992693304958085,11.099999999999996
8.63747910498832,18.562175297080284,11.099999999999994
7.522702772517293,19.130421893732002,11.1
7.307418316881114,17.89963300027986,11.264782989961805
7.94331405176684,17.77735676853322,11.24129223834826
7.1830417644330735,18.230083978468567,11.099999999999998
7.605436153883072,17.872864811690434,11.236628142633439
7.916258054549383,17.87064060503557,11.27194696520797
7.591209306166279,17.94090984969648,11.275094032071893
7.7141904507938515,18.45076885523704,11.302844451867143
7.350806052480359,18.01557187019593,11.225024680951394
8.08676457637573,17.979822102346343,11.218943356769898
7.8982964447179125,20.59074593446181,11.1
7.6287872577914975,19.062639715553463,11.244670927402336
7.602348776175178,19.197779232529093,11.251070931152134
7.995489465565545,18.226631979655913,11.28420685795909
8.099291226480807,18.156271332899365,11.235888703704024
7.853808989868492,18.163836506037786,11.243844295941733
8.096965460171484,18.050437545131107,11.22762447089769
7.595522049300479,18.40406681392287,11.266797473089502
7.819515083086798,18.10983966728213,11.222411487752879
8.024938431398443,19.586358622459212,11.1
7.591858888752893,20.043124783106315,11.099999999999998
7.47425410277139,19.478224189563843,11.21836696132863
7.473863192941485,19.578950829535803,11.1
7.895494021182103,18.420388994624112,11.099999999999998
8.298547979137656,19.02845710197096,11.099999999999998
7.603586315516543,21.031439337859833,11.099999999999998
7.527424552903694,20.092880657775957,11.099999999999998
7.966405802479065,20.713822399576635,11.099999999999996
7.716058848976402,21.325988153519447,11.099999999999996
7.9195279149930595,20.882972482030752,11.100000000000001
7.576892717939428,23.811569515268673,11.100000000000001
8.482771102776027,21.729428328703065,11.100000000000001
7.597349244235343,19.833245450455777,11.100000000000001
8.30696414978942,21.217664628708985,11.099999999999998
7.830581359711415,20.24369819282393,11.100000000000001
7.555489134471285,20.45508289657655,11.099999999999996
8.436573739959508,21.54876011921584,11.099999999999998
5.23561801269932,21.867694811057543,11.099999999999998
8.524187039673109,20.282145020056692,11.099999999999998
6.1540771852999505,20.9199825813123,11.099999999999994
7.967199833380267,20.459130468962115,11.100000000000003
7.4268065288160745,20.125572347344068,11.1
6.17622864424062,20.905713134641243,11.100000000000001
8.157446667430923,22.031138645836272,11.100000000000001
7.784025383804032,20.94185832009288,11.1
9.191226310528966,22.701778157693028,11.1
8.290170380918035,22.665300387368372,11.099999999999998
8.17146254275773,20.390310154527107,11.100000000000001
8.155428769793593,23.364933084517954,11.100000000000001
7.98599673162395,21.353968984896863,11.100000000000001
6.747364531794904,21.407400630987297,11.099999999999994
6.1989744866213625,21.394996894474872,11.100000000000001
7.662302706095489,20.848611678767696,11.099999999999998
7.892281674576261,24.987731851104922,11.100000000000001
5.1880231985758,21.97473881079785,11.10000006345936
5.934693980812884,22.45451912907481,11.100000087088233
5.4031117040856484,24.22151584977588,11.1
6.879469777927428,24.432230339661867,11.10000002950656
7.574124447090182,26.78434201748629,11.1
7.534059879970537,26.739795389461452,11.100000000000003
7.936705576424751,26.237463810138543,11.100000000000001
6.9482010260593405,24.603925328811783,11.100000000000005
6.822339832950852,25.05608495670781,11.100000017605959
8.42506034186291,23.724302492500385,11.100000032838029
7.122905218136893,22.841596822605474,11.100000000000003
8.22676384804528,24.84182992836848,11.100000000000001
7.8421253840894085,23.715180156982417,11.100000000000001
7.234037256962651,26.46943467658906,11.099999999999994
7.207550037976309,25.79081963541262,11.1
5.872670801769654,24.554988637476463,11.099999999999996
7.557469334371663,24.128256304167543,11.100000010310827
7.787328612263074,24.160191877591092,11.100000013455686
7.327702761511506,24.550302191012356,11.100000000000001
7.994364671382879,25.649354635305137,11.100000000000003
7.866369989163036,26.929135054935852,11.1
7.72076976653707,26.659079198721802,11.099999999999996
6.997344979173897,26.28307876149039,11.100000000000001
6.792542311511761,27.2163877548459,11.13535592018193
6.8144730652344485,26.832377394628196,11.099999999999996
6.7879626111331755,27.032850169669423,11.099999999999998
6.313940854428442,24.565861031347623,11.190715117671308
6.657287776188759,26.89844457493666,11.100000000000001
7.050555028249223,27.11268379501745,11.099999999999998
7.016882699285265,27.069739867949753,11.099999999999998
6.594286983661832,25.06496549614142,11.1
7.1717806642566995,27.026328584411168,11.100000000000001
7.632709012916196,27.046817689326932,11.099999999999996
7.053807549737725,26.875055324501975,11.1
6.62576946695551,27.02243153706247,11.099999999999994
6.873879569548739,26.748446567626683,11.099999999999998
6.9211969568045575,27.257675205765235,11.100000000000003
7.719322746144028,27.15036795498397,11.1
7.596115837043644,27.582763321305006,11.1
7.262495213106007,27.243865033997242,11.099999999999996
6.824520358459538,27.203657889783972,11.100000000000003
7.401322827820498,27.535335457027237,11.099999999999996
6.878607766412789,27.141201700989523,11.1
6.680264672790093,27.336391716974948,11.1
6.344662615061332,27.260559714456317,11.100000000000001
7.138065528917413,27.42334149557234,11.100000000000003
7.108938192522045,27.214798864908232,11.100000000000001
7.692749102192517,27.324035081008557,11.100000000000001
6.429178448342272,27.300867335177035,11.099999999999998
6.705301751109555,27.171987004181016,11.099999999999998
7.583697427464733,27.121184276028984,11.099999999999998
6.457777942767884,25.09154730664791,11.10000000560254
7.00197442575124,26.799425591623923,11.099999999999996
6.767261035301601,27.29494105704421,11.100000000000003
6.426754330347125,25.04922379015879,11.099999999999998
9.869042425052458,18.84460149155655,11.1
9.969447416876472,18.65732478096673,11.100000000000001
9.393710238979077,18.908614504595615,11.1
9.085411672142904,18.96739411338352,11.100000000000005
9.657040247378973,18.584362365502077,11.1
9.521413173115063,18.75293799151982,11.100000000000005
7.07966886492515,19.352701469618683,11.1
7.331661591370481,19.576782345642467,11.099999999999998
7.215094474782234,19.811865837122262,11.099999999999998
7.24390247781323,19.664037958262163,11.1
7.687414538008352,20.788485682902042,11.099999999999998
7.7997414293403,21.050175648798593,11.1
10.036720539523476,19.50409471064412,11.099999999999993
8.514917704494865,18.47890747164161,11.100000000000001
9.777748934191562,19.78750286439335,11.100000000000001
8.411574434022212,19.08605436829045,11.1
9.86363826544202,19.028316302233943,11.100000000000005
8.054585108365782,19.990469881683214,11.100000000000001
9.751400800447474,19.306494690226515,11.1
7.506515035236766,22.22574759591422,11.100000000000003
6.6463355986019135,20.79933250636634,11.100000000000001
8.639466601678084,20.195094419179963,11.1
9.818088662852732,20.251019179881702,11.100000000000001
8.474554710970752,20.341188290065226,11.099999999999998
8.95793516422171,19.94987624991356,11.099999999999993
7.834977924204092,20.058206542623537,11.099999999999998
9.511482495443458,19.75479900811406,11.099999999999998
9.056932078745112,19.94144826650989,11.099999999999996
9.322770105535389,19.83157835387805,11.100000000000003
8.980906354606152,19.929713039703863,11.100000000000001
7.651246366239035,21.023770678616728,11.1
9.550483615517297,19.19104605316374,11.099999999999998
9.296166668675253,19.591734036819872,11.1
9.01535192309909,19.191011149050286,11.099999999999998
5.78250805104409,20.26701176658725,11.099999999999998
9.458424476827862,19.4909010116741,11.099999999999996
6.587992129711642,22.06295284884174,11.100000000000001
8.329493657171891,22.213149190630304,11.099999999999996
5.991677624694856,20.912682409573726,11.100000000000001
7.911236897298075,20.54590509299678,11.1
8.096683994659278,20.768428637937557,11.100000000000001
7.8735140774271635,21.56614728982295,11.1
10.620839659416825,24.093550701099343,11.1
10.006799765794634,24.393074027016212,11.1
9.678887559550656,25.238805687883957,11.100000000000001
9.969283062027195,24.84610351466559,11.100000000000001
9.605422587052304,24.106809903860107,11.100000000000001
8.853276311646601,24.828936318361404,11.099999999999998
7.147247079299866,25.026226472137704,11.100000000000003
7.2018157921220975,25.054655912434853,11.1
7.382877888601804,24.718050968279698,11.100000000000001
9.753738763971743,25.632120669504673,11.100000000000005
7.056085129976266,25.03917903069125,11.100000000000001
8.211692291786646,24.664913971208144,11.100000000000003
7.44604810980159,24.92122692589413,11.099999999999996
7.324990053865388,25.14309749877844,11.100000000000001
7.294624232730344,25.05207701391855,11.100000000000001
6.524302157767373,21.34236223083847,11.100000000000003
6.8702877058949285,24.465358692090383,11.1
6.76341300280692,21.558726763498086,11.099999999999996
11.505789428337962,28.068020876739535,11.10000000973079
10.133164590993765,25.701011759916106,11.129233690905153
8.514917914018206,25.631323897874527,11.10000035303535
9.234828755663479,25.943498996492902,11.100000013415663
12.436814138852112,28.560113789111213,12.202583866741953
9.752954431159873,26.00545909636023,11.954247255391447
10.140432397594115,27.026245545772554,11.099999999999996
9.249433636816612,26.08792184197652,11.358810078362346
6.686320121192356,27.346089805674502,11.100000000000001
6.90565965387336,25.975833410650957,11.76035004210262
7.098476996315272,26.059987404767437,11.945836413100325
6.486444308237945,27.003076757122585,11.100000000000001
9.357522598362818,25.739825476232028,11.099999999999998
9.755293815608358,25.855238872023712,11.570444741653642
9.951895486497598,25.629338234933346,11.099999999999996
9.748939630572805,25.636042679466787,11.1
6.468775106908918,25.50870762499748,11.624733918647385
9.326372002316338,26.078280253531297,11.723979297016491
10.970024375865716,28.33728193445022,14.800917494892312
9.69833178165404,27.452786884304352,14.348740199029555
10.22106354110311,27.70977589392812,15.743393176651292
7.559001225326473,28.162394501852035,17.47476693095943
7.191669665362592,25.991123931649888,12.366022961576018
11.406024535231994,27.920099019763423,12.446959672069067
12.463059022780582,28.266549066241044,11.099999999999998
11.587065337039347,28.8191689426955,12.404266659719058
12.413675763199503,28.807686000345743,11.1
11.52042767782429,28.467389270783745,11.100000000000001
9.897811956223984,25.465272772226225,11.175504937799609
12.415858027091334,28.809463622683452,11.099999999999998
9.529817062125575,28.40495447347865,17.409900468411124
11.03751632924743,27.632074957710174,14.908723977263737
9.148737780522419,25.926414674335923,11.099999999999996
12.36088764687192,28.764678644480167,11.10000101224618
7.838092279779284,27.285990959170487,11.1
9.248543003697142,26.016503724101884,11.1
6.800779238364601,28.792676168634024,18.499999432960887
11.431734859274982,27.887298529915302,11.100000768587238
10.539386425554483,28.44328783697317,14.258146859456426
7.446392953652911,28.901895407667237,14.435812331948934
6.840365737618899,25.79928628542897,12.543127386085702
9.153031619346915,25.599704353205613,11.292314853495762
9.15104192755378,27.342879994054805,18.50000000000001
8.942233690355977,26.96119513378357,18.500000000000004
9.872756924206595,26.552619265427502,18.5
11.084422203249007,26.096248599326827,18.500000000000004
11.130559511357811,25.680741176709624,18.500000000000007
9.174434257213342,27.31930908409154,18.5
7.956131335652697,28.06344466136428,18.500000000000004
6.820481635659208,27.71531090539931,18.5
7.872508265529825,27.979245031273614,18.5
7.823053986630022,27.845973512187896,18.500000000000004
6.972150229323672,28.108315100509785,18.49999999999999
6.411325313971693,27.942706896591904,18.499999999999993
9.837774951353294,24.80433705342718,18.500000000000004
10.046267942240807,25.259020303460353,18.499999999999996
9.167058926758614,25.173658492753045,18.500000000000004
9.384295047746201,25.972489101384795,18.500000000000004
9.22177884871803,25.90887614766014,18.499999999999996
6.616460718728342,27.012396527532385,18.500000000000004
7.169481095222253,25.9879609028392,18.499999999999996
6.990566979690378,25.997024724322625,18.5
7.955019545941429,24.036047546088877,18.499999999999996
7.8298542571405365,24.51700590807201,18.499999999999996
7.830359591192387,23.759625331768657,18.5
8.103212671353369,26.56075901150139,18.500000000000004
7.118508648198067,23.012464185559264,18.500000000000004
7.291620968503606,22.895682788417844,18.5
6.953141010290901,22.93968147249928,18.499999999999996
10.181761474384173,22.752214722921035,18.500000000000007
9.860903245944193,22.932285230366794,18.5
8.840960974848809,23.955045720913372,18.500000000000007
9.996451119965561,22.983067801793702,18.500000000000004
8.198280026745977,22.50727940606798,18.499999999999996
9.99159407026102,22.746216969861834,18.499999999999996
7.666335682829134,23.177156069159466,18.500000000000007
9.501657123804973,23.360315670580672,18.5
8.010705193885702,23.431869589087206,18.5
9.906363621748529,22.388990814069,18.5
10.143357295767792,22.172313867722995,18.5
10.860488934524339,22.56494228711738,18.5
9.991027515273355,22.183817384048027,18.5
9.86059690056209,21.040956332494428,18.5
9.27269607989052,20.890853483834157,18.499999999999993
10.683238426144449,22.709389400654345,18.5
9.49750693739993,23.734810381011908,18.5
11.469198712681813,22.97404155159687,18.5
11.052165406713133,22.42322242452633,18.5
8.133990027548524,25.873929737596043,18.500000000000004
10.083955631923594,24.21384430971004,18.5
11.157833766997275,22.130155607104847,18.5
8.52845674604129,23.041352551369968,18.499999999999996
10.861362203217977,22.08644514020765,18.5
11.068439472117147,21.966692217664505,18.499999999999996
8.44231329972664,22.15593653440891,18.499999999999996
11.674935263067617,19.833805587782933,18.499999999999996
10.85603904217776,22.069706718110115,18.500000000000004
7.749974022559658,22.269165004018763,18.499999999999996
11.176768569905459,21.868583913363217,18.499999999999996
9.76660646162923,20.032212755748375,18.5
10.02831802860895,22.06461621896386,18.499999999999996
9.707645145927412,19.929879606128615,18.5
11.264500550831341,21.262507504139755,18.500000000000004
9.792894156346204,18.664970415976324,18.500000000000004
10.016064416051277,19.501167285390334,18.499999999999996
10.259367882310077,19.140298612052423,18.499999999999996
9.530529160266262,19.560365919063173,18.499999999999996
9.971866632756235,19.149736038081727,18.499999999999986
9.749336782376972,19.782675228744367,18.500000000000007
9.607849082038367,19.69228827449694,18.499999999999996
9.580001706617395,19.760633017272266,18.499999999999996
9.698967625342682,19.859818368237928,18.500000000000004
9.577307173206334,19.653171101042247,18.500000000000004
8.79695113987902,19.959332996510707,18.499999999999996
9.543688423056206,19.49583745532324,18.499999999999993
9.131242708067887,18.52875903719184,18.499999999999996
9.427134693208046,18.32407824862299,18.5
9.665598708348057,18.54183805924744,18.499999999999993
9.195272632640675,19.352425517160967,18.500000000000004
9.96139976973733,19.41814468770357,18.500000000000004
8.325869557386874,17.78646823733392,18.500000000000004
9.802830686095811,19.48264462864039,18.500000000000004
9.216686281221106,20.03097414608288,18.500000000000004
8.937321883987796,18.41208552986668,18.499999999999996
9.74016853216152,19.58053565466103,18.5
9.056757654575186,19.416721090366988,18.500000000000007
7.919466278159986,18.084079803139293,18.5
7.759510191708078,17.739998993078164,18.499999999999993
8.055785218671637,17.55955601649943,18.499999999999996
7.671901654316391,17.91155682510682,18.5
7.753113051912384,17.659017822769645,18.5
7.488958705548435,17.89021687798905,18.5
7.744091590494755,18.434280784292685,18.5
7.332800677101023,18.82002808996107,18.500000000000004
8.902425863131652,17.878637677176005,18.499999999999996
8.682627935122149,17.926414098207292,18.500000000000007
9.200267665088008,18.741371328350827,18.500000000000004
8.514198170808536,17.658037611648872,18.5
9.87588787824175,18.43241712610101,18.5
9.666488189516745,18.58297166330727,18.500000000000004
9.623082928122894,19.00558260971322,18.499999999999993
9.815201865335158,19.22375804287559,18.5
10.141870904846487,18.937518181529413,18.499999999999996
9.640917986658446,19.371431876796624,18.499999999999996
6.439848326412416,27.545677257447036,18.50000000000001
6.785186644010223,27.27474565974434,18.500000000000004
6.790349864234509,27.34616317295974,18.499999999999996
6.204189836953195,27.68197677256891,18.499999999999993
6.779492889397765,27.30236070499368,18.499999999999996
6.724043237768886,27.413055053750263,18.499999999999996
7.224062214677876,25.613847294295812,18.5
7.261061149578307,25.6265312150558,18.499999999999996
7.332998896024755,25.220642736492422,18.5
7.1324841683645035,27.05419604114082,18.499999999999996
7.1564810543829775,25.824925067058444,18.5
7.327144591543049,26.216123216838962,18.5
6.962737549432692,26.608641276571745,18.499999999999996
7.108084901227235,26.435885864011677,18.500000000000004
7.2566989497697465,25.589055824019997,18.499999999999996
7.234656209167712,23.681496032830136,18.500000000000004
7.490009890918366,23.053050343919303,18.499999999999993
7.3220815757671,24.94544835568165,18.500000000000004
6.592343637245243,24.01508549202825,18.500000000000004
6.956772793214786,26.68541343446062,18.499999999999996
6.975980367320697,25.703191102807487,18.5
6.9648418340538,25.600820939558737,18.5
7.072830418557209,26.129194500997855,18.5
7.071877231863929,25.37264944755728,18.499999999999993
8.200128483377602,22.93532152891731,18.499999999999996
6.943512231676337,26.365521873736032,18.5
6.935894278959346,26.19891530013679,18.500000000000007
8.287759006899664,23.985940033152186,18.5
8.24164849408277,23.520095581276106,18.500000000000007
8.071905174092704,23.85548097064396,18.500000000000004
6.632613918545608,22.895960482565958,18.49999999999999
8.520526949172847,22.64229563464775,18.500000000000004
8.398535542934663,21.540907206583498,18.5
8.286901969594886,23.091069435535235,18.5
8.004014033700997,21.775191333645587,18.5
8.763164500980706,23.06505906894022,18.5
7.554070803944262,22.979723936866993,18.5
7.424371522050956,22.037247838135514,18.5
7.444718301902336,22.99472822904111,18.5
7.246511440516074,21.80436666108934,18.5
7.252071514808768,21.733523246274064,18.499999999999993
7.213071016439954,22.827723478270695,18.500000000000004
7.474388001253581,22.004156473505013,18.5
7.04285014329612,21.688881703493482,18.500000000000007
7.178085868895597,22.646416037096426,18.5
7.45574473429975,22.9770414154307,18.5
7.000032285091582,21.8618205313169,18.499999999999993
6.999071004796669,21.81917922924604,18.499999999999996
6.847436546038115,22.301662675480205,18.5
7.159802342901836,20.890342120510624,18.5
8.043767218333352,20.88085157978039,18.5
7.0820092844807645,21.5623386139143,18.499999999999996
7.3824737947416,21.766848451331487,18.5
6.633574404202313,22.531242643927317,18.500000000000004
8.049136023112407,22.264028536853164,18.500000000000004
8.416917863171332,22.09711812770086,18.5
8.000090829163378,22.88593431587706,18.5
8.02532359652275,22.813100153143267,18.5
7.088933178076275,22.648070416862993,18.499999999999996
7.951808733372006,22.750597062914068,18.500000000000004
9.419496606985339,22.237582424499056,18.5
7.138417972691082,22.5921138175799,18.499999999999996
7.936476435751745,19.924900394888684,18.5
7.408406996152348,21.887210932062754,18.500000000000004
7.240533282369146,22.409889439962186,18.50000000000001
7.6820137412132805,21.55676126369001,18.5
9.691509156982358,20.715359379279466,18.500000000000004
7.902447968962377,22.592834063347432,18.499999999999996
7.13562841939841,22.691958316757336,18.50000000000001
7.582669699595676,18.439579213957014,18.5
7.6556158608346845,18.46019816950292,18.500000000000004
7.414368831635564,18.681893466002506,18.499999999999996
7.443684987285289,18.391348171275144,18.5
7.290809833074867,18.409287815214157,18.500000000000007
8.186951047698676,20.92588098317354,18.499999999999996
7.5885388370923685,18.2516677205236,18.499999999999996
7.695210798662258,18.251061644241002,18.499999999999996
7.413056262719416,17.897898183969218,18.5
7.425283803393194,18.304612784172416,18.500000000000004
7.449589422163666,18.24029037435264,18.500000000000004
7.17603915932437,18.204258861296406,18.5
7.403940154081425,18.02878420013117,18.5
7.769253651278048,17.973071058589838,18.499999999999996
7.847348444662687,18.122856378510363,18.5
8.004875856276758,18.86368003848082,18.5
7.468021089650718,17.86496223080576,18.500000000000004
7.83742088441105,18.85670028919006,18.500000000000004
7.960069630314542,19.193943107320628,18.500000000000004
7.473949505274357,17.85756988783936,18.499999999999993
7.674987557734596,17.960273652780625,18.5
7.3656984680062205,21.351421887553943,18.499999999999996
7.923503175397248,19.29906889523887,18.499999999999996
8.11928975855952,21.78352953792869,18.499999999999993
7.894815090970643,19.70533204675564,18.500000000000007
7.910163613654659,19.589491297368852,18.499999999999996
6.988602091610941,20.873137408880556,18.500000000000004
7.236172726628962,20.305148821777014,18.499999999999993
7.543044229349747,18.556507085620854,18.5
7.015544582478255,18.356948988770352,18.5
7.46087238340485,18.709588136621417,18.5
6.950954676988887,18.426019349447856,18.500000000000004
6.870242181041289,18.450702111054216,18.500000000000004
6.607875030860245,18.96390047457278,18.5
6.416442959796485,19.503753058873485,18.500000000000007
6.823151615463277,19.021318909067887,18.500000000000004
6.495146626849013,19.11559862628306,18.5
7.071401491466602,19.4097406862789,18.5
6.71794768689559,19.33998938749223,18.5
6.761062077550508,19.472741792281305,18.499999999999996
7.625065894029964,19.0351302616098,18.500000000000004
6.664440031812878,19.20891474855933,18.500000000000004
6.3041218453368355,19.445653808595992,18.500000000000004
6.781274340750487,19.18467402856544,18.500000000000004
6.544098551845021,19.18537087180537,18.5
8.994844869357756,20.287798831563574,18.500000000000004
7.635600392535764,21.23701185104264,18.5
8.116466088716944,21.377683292135398,18.500000000000004
7.721774936303993,19.063164927688373,18.500000000000004
7.637857288400648,19.594063899830267,18.499999999999996
7.602053729577281,19.58476919047293,18.500000000000004
9.68563341889144,19.7141735548637,18.500000000000004
8.278918461312724,19.746813305985544,18.5
8.072804427219614,19.682629374499427,18.499999999999996
8.007139689095592,19.342275939246168,18.5
8.369966152273191,19.302996118892754,18.500000000000007
7.767198315468936,19.612476555017295,18.500000000000004
7.1651598626629776,22.34086591327475,18.499999999999993
7.243970663233764,22.39171246937743,18.500000000000007
6.858647319708777,22.71022928300093,18.499999999999993
7.283499308860947,21.590050976604886,18.499999999999996
8.498609836291125,22.9276547166051,18.499999999999996
7.2374519199431875,22.002912567826428,18.500000000000004
9.09723265559159,20.300731944293503,18.499999999999996
8.124266501115317,20.95686864488737,18.500000000000004
9.157139847401227,21.10519412764149,18.5
7.487059497509926,21.368295606753545,18.499999999999996
8.296518346052672,22.30037825677463,18.499999999999996
7.234785164917494,20.593163361443008,18.500000000000007
6.57072759000965,24.78727487961556,18.499999999999993
6.366636193366146,24.885765801141,18.499999999999993
6.352189835575196,26.860790352485694,18.499999999999993
6.309799856962039,25.40903783419422,18.5
6.295827236169161,25.008672614290678,18.499999999999996
6.467356124557281,25.455915614812774,18.499999999999996
9.414822711604511,24.86991200898534,18.499999999999996
8.65300760643528,23.356697193206617,18.500000000000004
7.481232660653676,23.44665801533902,18.5
6.648344569310604,24.41699564037037,18.500000000000004
8.02957574001784,24.292513489580877,18.499999999999993
8.10483238665671,24.286192075728497,18.5
6.617417268336411,26.741507219923616,18.499999999999996
7.100831913772629,25.456893231822313,18.49999999999999
7.141958053004633,26.851823697916803,18.5
6.734646191681736,26.014063101341776,18.500000000000004
6.991815144781693,25.54682469565112,18.499999999999993
6.908535485922266,25.789307764084146,18.500000000000004
8.244680182894346,24.76379960287138,18.499999999999996
7.408214924761625,26.839560070118075,18.500000000000007
8.363259558918626,27.070084603696806,18.5
7.171194289903834,25.56562060627867,18.5
6.955425744249005,25.81973896030965,18.5
8.427065565725746,27.028952093106106,18.499999999999993
6.299832642332385,27.54199570008945,18.499999999999993
6.765037309413349,27.575070661775527,18.499999999999996
6.207122682831341,27.73518674936566,18.500000000000004
6.144603075784557,27.789463326924146,18.500000000000004
6.324456007009586,27.484654978529427,18.500000000000004
6.952630200908718,27.582895356886134,18.500000000000004
7.11188807828865,27.427928301163863,18.500000000000004
7.0408984528152185,27.315833378567742,18.5
7.23885371833671,26.785298771035926,18.5
7.423946952581017,24.296300439006654,18.5
6.647769563046333,26.874670952540335,18.5
6.951773739238921,27.383682549842604,18.500000000000004
6.456925934484601,27.445594111573154,18.500000000000004
6.189000770036023,27.7022227439527,18.499999999999996
6.762749700628402,27.04205748091026,18.499999999999996
6.943210001827214,26.015382537550742,18.500000000000004
6.968181066626123,26.161739288992802,18.5
6.895358004959244,26.150454784760402,18.500000000000004
6.448344562737242,27.686109975667645,18.499999999999993
6.932108709990914,27.985701808392726,18.500000000000007
6.700262507145667,27.51922551047777,18.499999999999996
7.325354721564361,27.47058068037278,18.500000000000004
6.413043254104767,27.684704101711997,18.5
7.863448048145559,27.73425806593393,18.499999999999996
7.242699101710486,27.67595213214799,18.499999999999993
6.625040150069515,27.409076632749386,18.499999999999996
6.271607576393033,27.892002227866413,18.5
6.583318768923939,27.463546943050318,18.500000000000004
6.693103197381759,27.443278802215477,18.5
6.558357912569444,27.41366885356986,18.5
7.166615322076796,27.801214443782193,18.500000000000004
6.33805977525525,28.110618987255055,18.499999999999996
6.213503704663955,27.869241770935794,18.500000000000007
6.486420802769891,27.35984946425372,18.500000000000004
6.497585361248377,27.31535185553202,18.5
6.504824833595573,27.343203195083223,18.5
7.395811249382572,25.130399621980246,18.5
6.5677472321561705,27.4172335042516,18.499999999999996
6.389899052819142,27.73685189984727,18.500000000000004
6.634130511794273,27.409125121099727,18.49999999999999
6.40413872613878,27.840521898596503,18.500000000000007
7.071672329257635,27.425859861373787,18.5
7.147117001159975,19.967309296443098,18.500000000000004
9.460794655235032,19.012304262374577,18.5
9.687532203301283,18.95405003443262,18.500000000000004
9.459600760771183,18.872009463144856,18.499999999999996
9.45237553010107,19.025436458171644,18.500000000000007
9.673672806522937,18.914800373658068,18.5
7.555733251602101,18.31738101496737,18.500000000000004
7.974423532175597,18.174754292047346,18.5
9.320184877182479,18.497008054727825,18.500000000000004
11.076332256242594,19.420843737119597,18.5
8.297118105870936,17.993815666818133,18.5
11.119834964798041,19.181526320394333,18.5
8.943073154007537,18.67145422084906,18.5
9.576618952684383,19.20492018456307,18.499999999999993
11.111955378992391,21.044919445704448,18.500000000000007
10.212205277214382,21.800161441160625,18.5
10.24002564069687,21.9203711998843,18.500000000000007
8.851410329051186,18.704059281019433,18.5
8.434645486923333,18.789310850630276,18.5
9.035144224374877,19.70176848765824,18.500000000000004
9.377895475048424,19.699958727452604,18.499999999999996
9.550171405772062,19.03708685198086,18.499999999999996
9.175034808397061,19.129012476477673,18.500000000000004
8.258621274790443,22.034366085356226,18.499999999999996
10.823765477373469,19.83350498143679,18.499999999999986
11.339462261568737,22.24790813615688,18.500000000000004
11.307159246473214,22.447318713840787,18.500000000000004
11.076523251537782,21.50253106365101,18.5
10.0682578452345,19.995459022416778,18.499999999999993
11.64141870156822,21.71081719637864,18.500000000000004
10.1416280664723,22.273400445732353,18.499999999999996
11.56618190560853,22.02362103565477,18.500000000000004
11.015866019445431,22.220095052172347,18.500000000000004
7.440304286142586,22.488831126801873,18.5
10.78854093853772,21.921616134062333,18.5
7.3616917044617445,23.05017560533113,18.500000000000004
9.994741364244442,21.46139763375904,18.500000000000004
10.210553675231253,22.667047560447855,18.5
9.9072107653784,22.372358803815857,18.5
10.890744024171306,22.65177167643036,18.500000000000004
9.89135455377713,21.33449778307856,18.5
10.12753422847843,22.48869523090115,18.499999999999996
10.0323227167482,22.919030250978874,18.500000000000004
9.895375431963366,22.878439763969702,18.5
8.494861299340702,23.35230119422317,18.499999999999993
8.254643783992908,23.958892236149563,18.499999999999996
6.895091395191515,23.590364260008304,18.499999999999993
8.082042779652783,22.690230169728093,18.499999999999996
10.821505335385009,23.369715783870834,18.500000000000004
9.152253200024635,24.37996897889695,18.500000000000004
9.744773988401999,24.992462302823093,18.499999999999996
9.0726544910181,24.424072987791284,18.500000000000007
8.981072393101067,24.571203419308116,18.500000000000004
7.336898313990503,24.60211591605519,18.5
11.028013433520625,23.721850705820977,18.500000000000004
12.626616096775885,26.544341439637744,18.500000000000004
11.13231409973022,24.24809086831762,18.5
9.882253807956408,24.9792976803755,18.500000000000004
10.765442666755565,23.896127414249595,18.5
9.896046187318804,23.364338284060317,18.5
10.689845984204004,20.399028211445177,18.500000000000004
6.597146501495193,25.902496142704088,18.499999999999993
8.508661140509362,24.447620519628313,18.500000000000007
8.298361647344526,25.242603919011064,18.499999999999996
10.06588410549032,24.018456367595398,18.500000000000004
9.57110504237186,24.366084981571138,18.500000000000004
8.83889362572322,24.510289626438578,18.500000000000007
9.203521196918599,23.7973530048465,18.5
10.546341899288231,26.50009008450178,18.500000000000018
9.946608276914926,24.352372652993147,18.5
10.233439785595547,24.119145285606976,18.5
9.916633365391034,23.728232107026194,18.499999999999996
8.163043964488892,27.68210221356254,18.5
7.468548710677492,27.56013946108521,18.499999999999996
7.782960581718562,27.16323890422594,18.499999999999996
9.702125237783394,26.87296818685542,18.5
10.014393908268516,27.030971263718147,18.5
7.480713946869189,27.601188837880713,18.500000000000004
8.109469862920227,24.934734664205003,18.500000000000004
11.705523132802785,26.029783073855256,18.499999999999993
10.813497499664466,26.258528713302926,18.500000000000004
11.319815617338092,26.378326275684067,18.5
9.001457582618864,28.11447795663446,18.499999999999993
8.878129910371984,27.992852279749474,18.5
8.560430846958726,28.353383121043066,18.499999999999996
8.343517610721964,28.145925248641735,18.5
6.588661320096934,28.21625060603582,18.5
6.26831905562166,27.99888271900813,18.500000000000004
7.09250556113339,28.173376431815246,18.499999999999996
6.138547463163554,28.195492160084243,18.5
9.018901650168521,28.083744860849947,18.5
9.243453626566467,28.261733154196534,18.500000000000004
9.024482191678086,28.06407101139469,18.499999999999996
9.240254653506797,28.26149185057017,18.500000000000004
7.9594416327919415,28.0011810193319,18.5
8.908246175058974,28.203456529156714,18.499999999999996
9.588674360211355,26.71514610770739,18.5
8.312101153201944,28.199424559562008,18.499999970386614
7.166374829388719,27.518197940114014,18.499999999999996
9.574802115616047,27.077517217323688,18.499999999999993
9.070141054318686,26.92440868036179,18.5
8.51222294616332,28.165712966181278,18.499999999999993
9.288989016484859,27.048202170186418,16.380847875601635
8.595596689287465,27.18548712285828,18.500000000000004
9.257469703276222,27.41441482266981,15.781924088154195
12.02150414175026,27.965412845714557,13.263451323641945
12.008033586836115,27.013243170526906,15.23237707368206
11.225392232845778,27.770012326628827,14.65730263349206
6.968389019540915,25.183421665833325,11.100000010456544
4.1253781898480675,28.851315745976738,11.100000199268907
8.076309576103151,27.144798399421067,15.40801083190185
4.125378205579641,28.59782134794364,11.100000000000001
8.936510470148049,27.20592550727849,13.418996165023302
9.128054975938563,27.26606900736933,12.858484062256778
4.125378125671896,27.079814608070706,11.099999999999996
4.125377959575415,29.020909265604867,11.1
4.1253779196970815,28.799755670485283,11.099999999999994
6.727717891589045,27.52266709293857,11.099999999999998
4.125377932099545,28.838645412772536,11.1
6.8446909186396265,27.496235910447442,11.099999999999998
12.904456016358738,27.419428046986898,18.49999972241789
12.904454326120826,27.41942753913412,18.49999831736391
8.514923948110035,25.631327973875855,11.100000000000003
11.598765528725721,27.951308452885733,18.49999918348739
8.514922675949768,25.631326985484197,11.100000226012659
10.686816222482435,26.507837780074752,12.627393090411674
6.167588123540135,26.58752276880275,11.100000015619004
5.129682035863013,27.419427680229074,11.946539553734548
9.515348632803056,25.02796910450257,11.100000000000005
8.261965052667074,24.84641200505576,11.100000000000003
8.352878446375788,26.411788601060177,11.100000000000001
8.931890417613841,25.1099676005475,11.099999999999996
6.706114130267775,27.057973296039812,11.099999999999996
6.450083257555374,25.833727748669816,11.1
4.125379142928926,26.480130870921553,11.1
8.217508870826967,25.47482387878203,11.099999999999998
8.514915851021524,25.631320900548403,11.100000000000001
7.268172608406443,25.411382388332008,11.1
10.447623866570309,25.681012421471724,11.1
10.30148707560679,25.79372370968099,11.100000000000007
11.336811611345615,24.329295993756563,11.67088534773883
10.567209423710807,26.137094285582304,11.260919816429652
12.153509840943173,26.201362491633652,11.100000000000001
10.272577648989879,25.26805691529552,11.099999999999994
8.607514053140608,25.43096582541449,11.099999999999998
8.443624476088017,25.95886096525896,11.099999999999998
7.382212624181521,22.93153089294316,11.18513612398944
11.131162597544972,28.30761223432543,11.100000000000001
8.10624274364555,25.53442523578214,11.099999999999998
7.742555880609886,28.06188923449744,11.099999999999998
5.746268584704168,21.317540440370657,11.47268394569614
8.514917838494197,24.780245761598696,11.099999999999996
7.58415515904538,26.357770780754215,11.1
8.514917858076874,25.006508100573893,11.1
5.851474858054995,21.365065858093907,11.1
8.51491714200449,25.631322371046476,11.099999999999998
11.700034826512892,24.184666465601065,13.001362744444416
9.697520836945735,24.82696852408879,11.100000000000001
9.96528549879524,24.12265422151957,11.702070202999261
7.627535364662721,23.843219558136333,11.099999999999994
6.340538202169517,21.545412794604083,11.099999999999996
7.792434718188759,23.843219388194594,11.100000000000005
5.693733867307388,21.745552476297362,11.100000000000001
10.106222244727402,23.712335604932374,11.099999999999996
8.21429879057871,24.56689913620898,11.100000000000007
8.770075703231157,25.206855710486984,11.099999999999996
9.267540793058162,25.045370763970315,11.099999999999998
9.207790866683325,24.99502730682709,11.100000000000005
6.268112382224583,20.838560917347834,11.1
8.017799825669625,24.472801133864692,11.100000000000001
5.810478906669551,21.465176341878966,11.1
7.901259341058852,25.747941267084215,11.099999999999998
8.42507090291855,24.857980352092376,11.100000000000001
8.452490642951238,24.822064831451176,11.099999999999994
10.626569526694935,24.428325084095455,11.689833194872932
10.083680308627823,24.420224816067574,11.900831996242472
7.599933728034103,22.027709964541476,11.099999999999993
10.767550331785317,26.083469109496715,11.374305430849445
7.881184356700967,19.92980983449012,11.099999999999996
11.91211556544708,24.391989665426184,12.25744067670142
5.676925720609427,23.84321935325256,11.100000000000001
12.904456678265284,29.20752949653485,11.1
7.186074043031005,24.09101007295967,11.099999999999993
11.00050691366127,24.7630094153714,11.099999999999998
6.311364894308607,21.9204346302159,11.1
8.99007798042044,20.67468083597638,11.099999999999998
9.378221639043158,25.423187115746696,11.100000000000001
7.3374184550146,24.93914695999416,11.099999999999998
5.257940966843788,21.127167271998402,11.100000000000005
4.125377968994035,29.20753186704488,11.099999999999996
8.600623170498473,24.96065552272467,11.1
4.125379302728053,29.207527429063575,11.100000000000001
12.904456926911662,22.055117966028906,11.100000000000001
12.274786761871521,23.011845854206857,14.48356785849904
9.892965545167074,22.469800073334554,12.097258780906023
8.514019939940047,21.47908693670215,11.1
10.245380156339492,21.65386606169697,12.406312884918679
10.62609531195091,19.338907750496045,11.099999999999998
7.914348930623074,20.972579735102492,11.100000000000003
9.695150469380913,24.525972734844693,11.100000000000003
9.34422822893687,19.84162525251397,11.100000000000007
11.40119673909103,24.39756476522153,11.1
11.160913189493757,24.474065809510332,11.100000000000003
11.213628857995673,24.598660007752137,11.1
7.998373962178318,26.816222185816507,11.1
5.916383657331321,20.483390276489867,11.100000000000001
8.699512698201952,25.266334690876565,11.099999999999998
8.688667000970572,24.334630050464813,11.1
9.911968802189907,25.837625537234942,11.099999999999998
7.5367009165380425,24.546395929236677,11.100000000000003
8.514930218604503,18.47890698356369,11.099999999999993
7.231167516589809,19.82715458759432,11.1
11.03813210039148,17.97641761990249,11.099999999999998
9.388063761072178,22.758253583476968,11.21307798919868
9.551212110877897,18.802437096797917,11.100000000000001
10.218785298167516,18.225237768835218,11.100000000000005
8.514917837635727,18.478907385579756,11.100000000000003
8.510073766586071,25.26664231333085,11.100000000000001
7.161923875338369,21.750520015870293,11.343347669706946
8.514917923932156,18.47890737966252,11.100000000000003
7.630592818166018,22.52772355991653,11.100000000000001
8.514917841627476,18.478907386426837,11.1
5.751873241069261,25.19069906537388,11.100000000000003
7.583493618575072,19.05236116192347,11.099999999999998
6.58357365529249,19.773075840284744,11.100000000000001
6.019537431616072,20.267011995953936,11.100000000000003
6.419934437432417,19.803366447469653,11.1
4.125378169668854,29.207531434677627,11.100000000000001
9.245788842874678,18.3897671900222,11.100000000000005
8.514918729181273,18.47890722222848,11.1
8.736771813698114,18.393687564550756,11.100000000000005
9.096801329564995,21.25025765746065,12.03591049765437
8.661460201646747,21.377291687770946,11.589122173685269
8.514918704530775,18.478907381660036,11.1
7.321309895190072,20.889425194495256,11.222158803193562
7.944475087925795,24.11379904772552,11.099999999999996
8.106003587130777,23.91753770482007,11.100000000000003
8.522869786661813,23.90719427101592,11.100000000000005
9.026332549049673,22.105412909382082,11.234756618009529
10.469331910778786,17.806020232125356,11.100000000000001
9.24756225989026,18.070676558976796,11.100000000000003
8.514917685885315,18.4789073353951,11.099999999999996
6.686411548660233,20.55216199530286,11.100000000000005
7.634738196378342,23.990404253803455,11.17626597507098
7.614990960329042,23.989561152948227,11.175838353137111
7.566941472074188,24.18329132913771,11.180549273626703
5.225911224772863,16.98479056383887,11.1
7.501256533090668,19.417006033958753,11.1
4.12537819853019,17.160895389766065,11.099999999999993
7.165394470935357,23.954488539958017,12.041527353582893
6.623950668106159,21.90590754164572,11.89111402497545
6.557275021578929,22.23645343678116,12.417898124426433
8.419751483544434,23.865118011199787,11.260684414594612
8.292920090246696,23.89324818780775,11.100000000000001
8.29291771057746,23.893256631772687,11.099999999999996
8.270895251835912,23.883539859092455,11.099999999999998
8.139447477397821,21.869913629375663,11.9401176750187
8.29292015385178,23.89324280908963,11.099999999999996
7.775094998230568,20.768975869720375,13.57676740814013
9.309264678284062,18.103604284541415,11.1
9.068368975525928,22.17417290192561,11.502649963093162
10.325510798751827,18.259694724876674,11.100000000000001
8.074471235612299,18.299488905301583,11.100000015381262
8.979528879785244,24.39293154676644,11.100000000000003
6.420220822395182,21.679284097141654,11.197923641323515
6.245224998896167,20.425550065412384,11.100000000000001
6.294631043113502,20.45122628203233,11.1
5.745694761403315,20.4238361030367,11.100000000000005
6.044354856420093,20.44050213301347,11.1
6.930066458565277,19.282465682561003,11.100000000000003
7.62191214262048,19.17736769114173,11.099999999999993
7.63554917009798,21.921638445919626,11.100000000000001
8.335121657307067,24.11682204147545,11.100000000000001
7.374410085581391,22.008776960381542,11.099999999999998
8.292913083898556,23.893264724746416,11.100000000000003
7.565496995736141,19.620070631621303,11.1
8.76326634544924,23.877583894313844,11.100000000000001
8.890042866078232,20.92921281942612,11.706976058358006
9.425964235048097,22.165824327230055,11.459390250204056
9.0096420707471,20.83351645987173,11.703046820807847
8.48863462162983,23.88822663919864,11.099999999999996
8.703856570129778,19.308952710926746,11.099999999999998
6.639481362602514,24.65180975194461,11.1
6.495483349540942,24.51613997050209,11.099999999999996
6.502593647832962,24.51814591288232,11.100000000000003
4.125378044632657,29.207531694627786,11.100000000000001
8.514917871136749,21.455892159709155,11.1
5.419808265021634,19.996245401009322,11.099999999999998
8.522867441024383,23.907235147527885,11.099999999999998
7.638775726148183,24.145174923601846,11.100000000000003
7.73240454907448,24.3596782227578,11.100000000000001
8.11817021992552,24.624334440054508,11.100000000000001
8.235611343838823,23.939821679911308,11.099999999999994
8.566594024803901,24.481258870077053,11.100000000000001
7.77046405905648,20.243578521669296,11.099999999999998
10.221477885229339,23.523554870775772,11.459842305755748
10.694717483171955,23.039607526830444,11.100000000000005
10.956987971803594,23.05134792031337,11.997540036274177
10.157567815692158,22.555386003896018,11.616835075720944
11.640152365122292,28.177486290012595,11.100000000000001
4.697497090437049,20.71218657905949,11.100000000000003
5.6845967218695455,21.88867578985697,11.100000000000001
5.6378581926103175,22.541419109673974,11.100000000000001
6.08804735103702,22.95056711484232,11.1
6.405638033490145,24.84691150508767,11.099999999999994
4.125377967864709,29.20753184894417,11.099999999999998
8.477890825055356,23.88931507150152,11.100000000000001
6.026424051934541,21.045402497569285,11.100000000000001
12.145724562938359,28.589382994039365,11.099999999999996
9.28522444988203,24.604018353041067,11.1
6.348761843767268,22.14829466927929,11.100000000000003
7.901314517977951,24.270619124505743,11.099999999999998
12.9044559838648,29.207526276755694,11.099999999999998
6.798381999827301,24.932081679243563,11.1
7.99500420037084,21.62546707390454,11.100000000000003
8.198411912308094,22.13862277626959,11.099999999999998
11.558065676135941,24.521483383393228,11.1
11.371026991729854,24.614399380889765,11.099999999999996
7.192167718079054,25.71217832177798,11.100000000000001
4.125378245982135,27.41942758759974,11.1
4.125378141832007,27.4194277627815,11.100000000000001
7.528367234925805,26.459435019665754,11.099999999999996
7.729772103218028,26.459373558858356,11.099999999999998
7.443370425097676,26.399342710520838,11.100000000000003
7.06599829501036,22.72181602482034,11.1
7.700544511939439,25.7750481620665,11.100000000000003
7.945791269944111,24.664155192567765,11.1
12.904457522059845,29.207531666912722,11.1
7.659967247439492,25.075933365356363,11.099999999999996
6.400796231680303,24.833635050043167,11.099999999999994
10.949760012832515,24.94529562826481,11.100000000000001
11.280462276707008,24.575617151518916,11.100000000000005
8.377187049076007,22.79615158135607,11.09999999999999
5.780712515944284,22.33002109660193,11.100000000000001
11.372656879563053,24.624436761625336,11.142864148775526
7.481923733392496,23.843219446908662,11.100000000000005
5.2945723801729425,21.6993828639762,11.100000000000005
8.5149178203153,24.909651047948618,11.1
7.630434331847348,26.687677608753845,11.100000000000003
5.3083131410902755,21.990390511012723,11.099999999999996
5.474864446501337,21.849751159805635,11.1
7.892395705175043,27.126365585817375,11.099999999999998
8.309200875626862,25.573307912863715,11.100000000000003
7.895673349136454,22.98343063870196,11.1
8.51491785307513,23.84321959716227,11.100000000000003
6.534208359188121,21.628532458903695,11.100000000000001
6.070281849822443,21.377390551633376,11.100000000000001
7.969146541728061,24.664963244019262,11.100000000000007
12.199993269429193,28.633596413699628,11.100000000000003
11.37838166902432,26.111753269260397,11.1
8.514917850217243,23.84321951617902,11.100000000000003
9.816152576622938,23.948209384798997,11.1
11.283977393506065,25.61491552152301,11.100000000000001
10.154535283681092,23.997122810284754,11.310301229661752
5.796807013132069,24.959309234787614,12.888104521908673
4.125377943140367,28.061605830338056,11.099999999999996
4.12537793218888,28.458378014756466,11.10000001478542
6.507813236278021,24.577591129820643,11.485997625872756
4.600957638286594,28.532637040437308,11.100000003032507
5.211430722476141,26.135399870668547,16.74897063549607
5.49191079731729,22.949845733463874,12.920620558145458
6.414288347956879,25.850611857823726,11.1
4.638015530619308,28.417226407404247,11.100000004543434
6.6180431677556,26.24450258773134,16.924678703103453
8.144663045458985,26.23526369422036,13.350822408007303
8.514917717451834,25.039865534365116,11.100000018944664
10.766219244191632,24.518160141238464,11.87351427863872
10.917118293297534,24.732046033831036,12.91011157176457
12.90445672144087,27.419427778292835,18.4999999798457
10.224973346906376,25.98066607994493,11.268399734636487
12.904456255635823,27.419427734091308,18.49999994273278
12.904456105964886,27.41942747651487,18.49999933869828
4.125377905853945,28.55336278696109,11.099999999999998
5.292294913643907,26.207719237728053,17.18988509911843
5.799827008605656,24.16403075675849,11.099999999999994
4.125377907299582,28.70054530498681,11.100000000000001
5.3949519081198,26.569174817326978,18.012755327241067
5.2257396453768585,26.19106536492837,17.143502769606997
7.44977844076789,24.740462294647124,12.045872934241952
7.212367052062832,25.1122882816937,12.679784379632308
7.183002976891508,24.984689083647815,13.383000926338015
7.198318066182026,24.096766589883476,11.419480895615225
4.125377990335993,28.538203786611973,11.1
6.942761896045824,24.988456489332478,13.423460618845253
9.54119200806941,25.384839209323985,15.879629565362565
11.432603155092131,24.7506759472259,12.80798685558906
10.762699163959594,25.720687368346375,15.444948561607088
9.62853819741748,26.762365456924854,11.099999999999994
10.766614526035816,26.260629151115776,11.129251968899482
11.274097685830512,25.958068796642408,11.338099410539279
9.870219600527763,27.704844441548346,18.5
11.530990753902332,28.621535898876864,18.5
10.131522683263713,27.82757184903588,18.500000000000004
12.904453475377432,28.02870550846719,18.49999999999999
12.904454724838368,27.419429380560896,18.499999999999996
11.547992249170282,28.831854322579172,18.499999999999996
6.226442671879543,28.62089383655481,18.500000000000007
6.245802052646579,28.573934767157063,18.499999999999993
5.799945935717854,28.652061836041863,18.5
6.421348981422326,28.364090122813963,18.499999999999996
6.732864505681438,26.68588759215177,18.500000000000004
6.222026735163038,28.52690130888354,18.500000000000004
4.861452432487284,26.587632912682977,18.500000000000004
6.969492646808112,28.38430065784913,18.499999999999993
6.068247398445164,28.531699477352753,18.5
6.369901766295379,28.02626799852716,18.5
6.63536078867096,27.201852096261526,18.500000000000004
6.210382370581203,28.69559136518553,18.499999999999996
10.188275077818208,27.786577765374354,18.499999999999996
9.760042506299705,28.76875761300613,18.499999968537587
10.049830933939491,27.84856005002812,18.499999999999996
9.577372064897341,28.71744861692913,18.499999999999996
10.25557673354671,27.842948122282397,18.500000000000004
10.077675282712127,27.88165470994624,18.499999999999993
7.658435382823112,27.643578898704035,18.5
6.981128591090626,23.702172899487195,18.500000000000004
7.41709117995074,25.843789983949343,18.500000000000004
7.846170622789843,26.194060446201984,18.5
6.71628352930776,26.11557427913428,18.5
6.807072949803797,26.0701227166264,18.500000000000004
6.578986875481969,27.6817694959668,18.500000000000007
6.719252240484092,27.596970909532754,18.500000000000004
7.433827271481683,27.781203818547503,18.500000000000007
5.9264466114627234,27.30885430814128,18.500000000000007
6.846999759641488,24.727733431576844,18.500000000000004
7.029683375660597,26.290983580159683,18.500000000000004
10.916364042136891,25.34295505465982,18.500000000000004
10.534007179666958,27.394536843897374,18.5
9.75673905774444,27.010015157908214,18.500000000000007
7.731191720901406,22.0551131619027,18.5
12.202959372460128,24.462011379373056,18.5
10.087059570425957,24.422641871155395,18.500000000000004
6.309112847569545,25.66298025547855,18.5
4.883675493962766,21.03689157795862,18.5
6.397500103391129,25.733648277908152,18.5
6.456353965785644,23.885418872854544,18.500000000000007
4.9185600589349265,21.012731390909387,18.500000000000004
7.0991300128667465,20.964004407485724,18.499999999999993
6.991755603964819,24.058949110976645,18.5
6.618404156766486,25.754626891495583,18.499999999999996
6.774010666971219,24.236333268759463,18.500000000000004
6.618148385665431,24.12898403386034,18.5
6.566569320505213,25.93592334456994,18.49999999999999
6.490033245747275,23.882688890420567,18.500000000000004
11.382197504438098,20.915055386980185,18.499999999999996
11.871861794265378,23.184819191146293,18.499999999999996
10.680039707307799,24.350248493141255,18.5
12.535942859903999,26.44592335877236,18.499999999999996
12.570100602957199,26.421301509269686,18.500000000000004
12.522653359479825,24.128802052813835,18.354658113057415
6.770545126275579,23.50757541697024,18.500000000000004
6.657776287782904,23.853702198362676,18.5
6.65828827264442,23.87107088542374,18.500000000000007
6.604080098184571,24.851999473082994,18.500000000000004
6.242455108662148,25.167107254835333,18.5
6.316431834910426,25.255440605069317,18.499999999999996
7.0454562323435965,22.853435347325895,18.500000000000004
6.786005936565671,23.52518671980356,18.499999999999993
6.377439374223827,23.518938723350733,18.500000000000004
7.447082823463343,23.06202651202482,18.5
7.168103224666399,22.81873794514766,18.500000000000004
7.300026758088173,22.70772958887013,18.5
5.486123419304542,24.39752679332494,18.5
6.979841909035991,20.825909974470033,18.499999999999996
9.873654775161754,22.189355656596355,18.499999999999996
10.200524271591911,21.651994526005794,18.499999999999996
10.13506550898377,22.39462261724334,18.499999999999996
10.8031390880778,22.402277061818165,18.5
8.366274201722732,22.76354942880815,18.500000000000004
4.125378015362253,23.843219789668034,18.500000000000007
6.355074786603877,23.389075563491335,18.5
7.762052004103173,22.682455075907903,18.5
10.469943851802823,22.371855631003,18.499999999999996
7.985224894176133,22.399049089416103,18.499999999999996
9.011169227171155,23.358811038681875,18.499999999999993
7.097676756600495,22.903289449215166,18.499999999999996
9.510024327440869,22.526795881798723,18.499999999999993
7.98891474591469,22.362917195343567,18.5
6.6158815718135005,23.229129270387023,18.499999999999993
6.1793727922053545,23.190137271466316,18.499999999999993
11.190214145187174,19.657581939105345,18.5
12.28730318212675,19.288394372561317,18.500000000000007
11.335363570406939,19.206425458088056,18.500000000000004
11.090780578479048,19.721844719107064,18.49999999999999
8.678718327631396,20.65444775434431,18.50000000000001
11.360194007120896,20.72784520694931,18.5
7.455973375259935,22.396801245269344,18.5
10.073641459626904,21.548963148062626,18.499999999999993
9.964641765414163,21.482933737258378,18.500000000000007
11.277770365196107,19.830577519485033,18.500000000000004
7.269714435783281,22.152260448401115,18.5
7.654598600896026,20.617467438959864,18.499999999999993
5.311570627230252,20.704735119181002,18.499999999999996
6.453163274931014,22.682521139657897,18.499999999999993
8.214399035727684,22.65159596646557,18.499999999999996
8.284251059672382,22.798835160034763,18.5
6.50671079177419,23.33892861397654,18.500000000000007
5.387171056954703,20.654973741861685,18.50000000000001
11.850171343405432,20.463969728267728,18.5
11.094201099883946,19.7331909154969,18.500000000000004
11.5949758545087,19.75130142673938,18.499999999999996
12.248247107418493,20.3744948286577,18.500000000000004
11.588106120023756,19.70474426241753,18.5
11.209007403502207,19.6415022341967,18.5
7.400066533774973,20.21948569243971,18.5
8.044585260512818,22.283933570369992,18.5
11.32781486609396,20.76642052371256,18.500000000000004
7.337453040975938,21.69585659211007,18.42961209572019
7.676782388839688,20.356882813520084,18.499999999999996
5.203081704837508,19.45155073255384,18.499999999999996
8.232826402811728,22.207136767798435,18.499999999999996
9.780343615453846,18.941767830914205,18.500000000000004
9.919152423713907,21.165609085837385,18.499999999999996
7.6467515525397625,22.397439224026957,18.5
10.576920135899673,20.717308738405322,18.499999999999996
8.597727085089298,22.419946601545234,18.5
12.12739693227985,19.427585860659427,18.50000000000001
9.268288966129743,20.88741238878044,18.500000000000004
11.555003347607236,20.258592324584313,18.49999999999999
10.07937811477223,18.453797587121525,18.500000000000004
10.894028814778958,19.484006275787838,18.500000000000007
10.180278590836496,19.106762185341356,18.499999999999996
5.413362988018575,24.367887376226122,18.499999999999996
5.427747361402402,24.37374692481459,18.49999999999999
7.7892698687602655,18.607809257879747,18.500000000000004
6.619112124704763,18.406709613796814,18.500000000000004
7.451374548050418,18.03379574613161,18.5
7.090966946075899,19.47004930366622,18.5
7.708009432724316,18.219412071831915,18.500000000000007
7.920270357951877,21.866431303896253,18.5
7.108091456165398,18.449883963364883,18.5
7.231697914216646,18.55892536925564,18.500000000000004
5.435977739028411,24.37709972358495,18.5
5.377327128310817,24.353208123284617,18.500000000000004
5.285973000052044,18.32078520781305,18.500000000000007
4.12537791755625,18.92727827197007,18.5
4.125377923636713,18.855444522386197,18.499999999999996
4.667191243248937,19.246858624752488,18.5
4.125378485656387,22.05511526016569,18.499999999999996
5.980544009965898,19.546900988652418,18.499999999999993
7.866119424149457,19.523826454031106,18.500000000000004
8.083654074891717,22.049330342640644,18.500000000000007
7.509640361925539,18.163341493261044,18.500000000000004
7.494073893382209,18.255038304070037,18.499999999999996
4.125378503935388,18.81322730535301,18.5
7.745246131917214,18.763880288377948,18.5
10.55859150213951,22.406357198502803,18.443913017254896
12.217936414870666,24.760851007532384,18.499999999999993
12.108495301854749,24.653102583461234,18.49999999999999
11.026392818861453,20.799255486488864,18.499999999999996
11.539829378809008,19.563552656543923,18.500000000000004
8.070710387259973,22.218105838864627,18.499999999999996
8.136533707425853,20.421148420896387,18.500000000000007
7.316986604856567,23.031084186366748,18.5
9.61602959899681,21.444362075975594,18.500000000000004
6.994054851498703,19.627746251342696,18.500000000000004
7.346673934233846,23.00689795980619,18.5
11.600964152627418,22.991554235191636,18.500000000000007
10.564914873310748,21.357862135052066,18.499999999999993
9.092780619951263,19.416500771217862,18.5
7.914527299162849,20.866273495988228,18.5
9.38912876231251,19.149422741684383,18.499999999999993
12.025958504950252,24.962970919696453,18.5
12.186961386969708,24.901211293534214,18.499999999999996
7.626731279802569,20.62881978305704,18.499999999999996
9.063343916624623,19.63475074897797,18.499999999999993
12.313047605432066,24.43097044829658,18.50000000000001
10.077167316837832,19.064148075697734,18.5
11.96773967167375,20.06629995373047,18.499999999999996
9.975053777098823,19.01588786754474,18.500000000000004
10.30043299640111,24.36942636195247,18.5
7.232814003158678,22.09293743251415,18.500000000000007
11.561233768036965,24.973321101258655,18.5
8.210162119990606,22.17207615189783,18.499999999999986
7.52038272191938,22.08264870481696,18.499999999999996
8.337396891571903,22.691749793333287,18.500000000000004
10.366037646418242,22.099618373580714,18.499999999999996
10.239037332069515,21.885823519120375,18.499999999999996
11.829885752367193,24.677768962703194,18.5
10.056311720267091,22.283415785288064,18.5
9.83124113860543,22.170440658288822,18.499999999999993
8.01165718276795,22.332872809575626,18.499999999999996
12.297845819120166,24.929366252524655,18.499999999999993
11.266373423248881,20.700545116694954,18.5
10.831125026822205,23.47406388857044,18.500000000000004
7.906925745569618,22.005384122943436,18.499999999999996
10.907348318214643,23.446869565624112,18.500000000000007
12.17058563159564,24.681780540368905,18.5
7.4161963377322495,22.950256695659604,18.500000000000007
7.223144955487804,23.1075378010536,18.5
7.363594125717917,22.9931122806332,18.5
7.410677512689351,22.33242003460722,18.50000000000001
11.516318459960104,25.001767510295526,18.500000000000004
7.51369055914997,22.870827105343057,18.5
6.911096135702326,23.361768223452682,18.50000000000001
11.825241799246784,24.705695632738205,18.499999999999996
11.771801349988358,25.144110605253253,18.499999999999996
6.897508560944851,23.372837995103694,18.499999999999996
11.842143780621527,25.16452568816502,18.5
9.482429460649524,23.273964439393374,18.500000000000004
12.290224738795905,25.158328971838948,18.5
8.969107441634556,21.647798253732,18.499999999999996
12.204977635297348,25.07323526819327,18.5
10.820247761538255,22.418867558456324,18.499999999999996
11.305784045970917,22.35700888781469,18.499999999999996
12.106451203705838,24.91278715839322,18.499999999999993
9.822142216083092,24.780140772573514,18.5
6.748903281145984,22.867990199064074,18.500000000000004
11.555810661076096,25.219821533053036,18.5
11.43653718630504,25.192771568789713,18.499999999999996
7.989117815750588,23.70369536267436,18.500000000000004
7.836887731139026,25.835890791312604,18.5
6.777661251019281,23.470478716344296,18.49999999999999
6.138961020358041,23.597126496573868,18.500000000000004
6.9934197840789,23.2946975044583,18.50000000000001
11.862764195336002,25.275639434266367,18.50000000000001
10.909900224355187,24.890749222338897,18.500000000000004
6.828690387220239,23.77994534360947,18.500000000000004
11.014808294948914,22.380343678583717,18.500000000000004
12.276086697629724,25.219220736912277,18.500000000000007
12.904457648820776,23.843219535907195,18.499999999999996
10.753886721574162,22.83657736249299,18.5
11.41166969846793,23.40281312839522,18.499999999999996
10.904901177779188,22.65273243628305,18.500000000000004
9.280116170834333,26.47291857665442,18.499999999999993
6.640570616701818,23.582167941379584,18.499999999999996
8.343216242875306,23.848174570599163,18.5
7.2929896837115304,24.051169853120978,18.499999999999996
10.654356404606917,25.015569369950512,18.499999999999993
6.503228932621852,23.78229228827595,18.5
5.790769838331213,24.90287282844444,18.499999999999996
7.781309839429215,25.65729885888477,18.500000000000004
6.524137978712293,23.863282070797876,18.499999999999996
7.230554359554705,23.666088015614942,18.499999999999996
6.703178390364035,23.531160612467943,18.5
9.879570366799815,23.975927290558783,18.500000000000004
12.105438286414236,25.487954719982334,18.500000000000007
10.659988011275326,25.6772403334,18.499999999999996
11.707495124594798,25.610862537027355,18.499999999999996
12.90445692321934,25.631323974916622,18.499999999999993
11.601787421521918,26.34388967714825,18.499999999999996
12.90445717227528,25.631324106995827,18.5
7.060635256016909,28.972967013774095,18.5
6.730694640162832,24.289977560605486,18.499999999999996
7.149138168017422,27.538457608764936,18.500000000000007
7.4553973592826415,27.91272687634443,18.499999998913346
6.685001904959281,28.784459044632854,18.499999999999993
6.721909995728051,28.82176528261611,18.50000000000001
6.714388325544022,24.63343959530477,18.500000000000004
7.616411308710569,24.355545388089734,18.500000000000004
8.221729491056172,25.310166014630145,18.5
7.244968151408686,23.24990173114319,18.500000000000004
7.275568704499917,23.751026199729033,18.500000000000004
7.205065930478655,23.913323336682485,18.499999999999996
8.543940772702946,26.901859564864807,18.499999984226076
8.568326725611712,28.166169372166912,18.499999999999996
9.168511960503604,28.57931187681626,18.500000000000007
10.446343759708633,25.05941445871521,13.724374047977774
9.805625719023377,25.935569343253462,12.336923118273006
10.193722066716608,26.194690616943006,11.648481869104481
6.244997154144269,28.014735437508147,18.5
6.855401769338255,28.937153182234344,18.499999999999996
6.8477370003444555,28.667129449106778,18.499999999999996
7.089291745796905,28.49607488471503,18.500000000000004
6.5255891087911575,28.760214959218295,18.5
6.9535017990116925,28.71302801065958,18.499999999999993
5.863881379228855,28.482546568558448,18.499999998346993
6.871890584756168,26.183316132401302,18.500000000000004
6.650781808542508,25.286702977874853,18.5
8.48481665725827,28.423982642054156,18.5
7.137016288325362,26.694918493534725,18.500000000000004
9.138715656373146,28.001819398388673,18.5
8.007749009951839,27.794406485241957,18.499999999999993
8.15814152769235,27.850643952303955,18.499999999999996
9.800596806760453,28.727157618496005,18.499999999999996
8.51491820426697,28.916981888377478,18.499999999999993
9.803300958586949,28.80198861759669,18.500000000000004
12.404599159114888,28.481456593844158,18.499999999999996
