11.59346447629404,28.491967409902173,11.1
10.28132819156757,28.49461507191464,11.1
11.158077824905654,27.951446378917765,11.099999999999998
9.83951583151305,27.95486699270247,11.100000000000001
11.15218382598496,28.314097550233157,11.099999999999998
9.844357007210569,28.49449945871062,11.100000000000001
7.197219381370513,28.67312408299765,11.099999999999998
6.759142499269738,28.672517861786513,11.1
7.2027426367451675,28.137434726982324,11.099999999999998
7.208054380437919,28.497395141549013,11.099999999999998
6.759325214785655,28.673439144226897,11.099999999999998
7.642427239584541,28.497909408034012,11.100000000000001
4.1253779,26.70468271658057,11.1
4.125377899999999,28.138121787987778,11.1
4.560467500402679,26.339292285964532,11.100000000000001
4.1253779,27.957217792488628,11.1
5.000163313747933,26.880027169365185,11.100000000000001
4.1253779,26.70358855115714,11.1
10.275113803065972,26.348349638157107,11.100000000000001
10.278822284419396,26.88375541733288,11.100000000000001
10.713525644860203,26.70457918546005,11.1
10.276713204311312,26.882619692595366,11.1
11.15441436594357,27.59782933565366,11.1
10.267379499161368,26.701412754622766,11.100000000000001
6.321849751651011,28.13424666295701,11.1
6.757222855949363,27.59939864429519,11.099999999999998
5.882971227807153,27.05979802228401,11.100000000000001
8.51491789,26.16555576454262,11.1
6.315279873839762,27.598122106950722,11.1
6.759033537376947,27.9541488366822,11.099999999999998
4.125377900000001,26.52475933510714,11.100000000000001
4.563879576848927,26.348169919703025,11.1
4.5607353493294465,26.168673031424994,11.1
4.1253779,26.52508314076067,11.099999999999998
5.8774690984195805,27.240847143602164,11.1
5.000889583359041,27.775551531962428,11.100000000000001
5.881385271838141,23.665452979510242,11.1
8.081519907426808,24.91824443243791,11.1
7.1898545064777135,25.986695973541032,11.1
8.076431664807613,25.27453677302613,11.099999999999998
8.956813149710634,25.452344598914756,11.099999999999996
8.953166196408883,25.273787991524994,11.1
5.8820405407619,24.7377707237278,11.100000000000001
6.320983526690124,26.346904995086277,11.100000000000001
6.317389187133221,26.343106329690297,11.1
6.318159644247666,26.343228887582704,11.100000000000003
5.880361467041847,25.988075610799957,11.099999999999998
6.314699568613455,26.343039002283884,11.099999999999998
4.998730834511823,25.274183979038472,11.1
4.1253779,25.80461044650184,11.1
4.560228676365926,25.983856125373364,11.099999999999998
4.561135728005892,25.628334172612714,11.099999999999998
4.1253779,26.164923228088366,11.1
4.125377900000001,25.093427800266937,11.100000000000001
10.269119771208763,24.558933876558328,11.100000000000003
10.279788842867147,24.733853730691905,11.1
8.961216287013563,22.771339644847796,11.099999999999998
10.266109211940083,24.917396277973197,11.1
10.27409542790223,24.91651241337867,11.099999999999998
11.15182952455141,24.913752269430823,11.1
5.440992788828177,24.917188189392625,11.1
7.202172345383019,23.667861685374696,11.1
6.76230302001199,24.73765464616557,11.100000000000001
5.880577950779664,24.200998950989852,11.1
6.322974950227576,23.306932497083228,11.099999999999996
5.4400880145435515,24.0223822196315,11.099999999999998
4.1253779,24.19995241420507,11.1
4.1253779,24.55734501688928,11.1
4.5627143690574625,24.021901800547393,11.099999999999998
4.561749251109206,24.91345754085142,11.1
4.1253779,24.738317423475166,11.1
4.125377899999999,24.201913362679633,11.099999999999998
9.831453409435127,22.770480254515256,11.1
10.714880048821957,22.23414748897812,11.100000000000001
10.27390475964762,22.94687928455725,11.100000000000001
5.877530924175967,24.3791197967785,11.100000000000001
8.953981898035757,22.771381389561927,11.099999999999998
11.149660524133573,22.41019293767293,11.1
5.880911972668788,22.589490899402808,11.099999999999998
5.889607480403095,21.876558990704442,11.100000000000001
5.001835198942338,23.12647522376771,11.099999999999998
6.3263186848704445,22.234756128153688,11.1
7.1977890625050325,23.663297055627677,11.1
6.758755770343547,23.66526240997095,11.100000000000001
5.002179892465256,23.12611067190111,11.1
5.001321750076354,23.127388841405192,11.099999999999998
4.562112635767311,22.593240391211307,11.099999999999998
4.998490408532539,22.769824696745452,11.1
4.125377900000001,22.054773420930964,11.1
4.125377900000001,21.339660900801636,11.100000000000001
11.150841769778488,20.445411578756843,11.099999999999998
9.401931999716922,19.554745483835205,11.1
11.593215416546773,19.73222039717669,11.1
9.391623902953835,18.836010708646615,11.100000000000001
8.076340943677197,18.83671390977058,11.099999999999998
10.263311195160348,20.267369542451608,11.099999999999998
8.51491789,19.192822602425238,11.1
8.51491789,19.191942621627746,11.1
7.199311999805328,19.016229104197684,11.1
7.632851529575105,20.44815708658948,11.099999999999998
7.632152902668244,20.091110068473647,11.099999999999998
8.952155200331921,19.013822438218483,11.099999999999998
4.1253779,20.627812342877824,11.1
4.999329712999064,20.807598564705852,11.099999999999998
4.1253779,20.444971123929403,11.1
6.317892824250359,20.984524359291946,11.1
4.125377900000001,20.62316485768465,11.100000000000001
4.125377899999999,20.62430183788377,11.099999999999998
9.391888153207868,19.1930487729571,11.1
8.072181773167555,18.29855629916704,11.099999999999998
8.950848050712171,18.834463458803683,11.100000000000001
8.517724211176446,18.480050548009263,11.100000000000001
8.514708330278152,18.30044373876024,11.099999999999998
8.076726877710186,18.656868974652337,11.099999999999998
8.9525412025886,18.835620107519723,11.1
8.51491789,19.01298631635705,11.1
8.514917890000001,19.015066866644172,11.100000000000001
7.198579086939834,19.015595231552652,11.099999999999998
8.514917890000001,19.012698831427844,11.100000000000001
8.51491789,19.0124376765953,11.1
4.562210793392349,18.836782055779054,11.099999999999998
8.95300055087272,18.658504377775195,11.1
4.125377900000001,18.660473802592634,11.1
4.563365769797686,19.192122317369293,11.099999999999998
4.1253779,18.660111482519113,11.1
4.1253779,19.00841571992065,11.1
8.963164607648116,17.40624942002829,11.1
9.397869790838088,17.227518449829986,11.100000000000001
8.51848346464811,17.405350866225664,11.1
10.706735533567715,17.763553408192184,11.1
10.70996128808266,17.58474395119764,11.1
10.711216356075642,17.405606012783796,11.100000000000001
5.878362582208037,16.86930868963532,11.099999999999996
8.514226327629007,17.047899476408208,11.100000000000001
7.195485248876032,16.690803270000004,11.100000000000001
8.952488167838416,16.69080327,11.1
7.714471338093083,17.33832276823144,11.100000000000001
8.07762547705066,17.404269154234786,11.1
4.562297246625007,17.225587040924825,11.1
4.1253779,17.589454893871142,11.1
4.563024223862242,17.40341527004563,11.1
4.559762607572673,17.40356457856469,11.100000000000001
4.125377899999999,17.943252920796198,11.099999999999998
4.1253779,17.76328309242533,11.100000000000001
7.636627586073084,16.69080327,11.1
6.317640236071462,16.69080327,11.099999999999998
7.199269649976175,17.225154864476266,11.100000000000001
8.073226680896394,17.403476379171213,11.1
6.751347578697358,16.690803269999996,11.1
6.7519180264732634,16.690803269999996,11.099999999999998
8.08119994111669,16.868848854855337,11.099999999999998
8.077538333059303,16.69080327,11.099999999999998
8.51491789,17.581812477447674,11.099999999999998
8.515122753240412,16.867913313259734,11.1
6.7575030525972775,16.86825028179549,11.1
8.076731746412394,17.763957792837832,11.1
12.90445788,17.765059014267884,11.1
12.904457879999999,18.122455058677627,11.099999999999998
12.90445788,18.12205868713517,11.099999999999996
12.90445788,17.59022469125037,11.100000000000001
12.904457879999999,17.944404697658285,11.1
12.904457879999999,17.941420032690274,11.1
8.076856946382911,18.300460757494886,11.1
7.6392719372775515,19.016769827537257,11.099999999999998
8.952378424115407,19.01277536165385,11.1
8.076501754449117,18.834883367769773,11.1
8.515456812861592,18.300215581451287,11.1
6.321675171083044,18.657500021112334,11.1
8.951786730807262,19.195885908071816,11.1
9.829231574033162,19.372978473791296,11.1
9.824351915168494,19.193492388997026,11.1
10.263922651702142,18.656733382389014,11.1
9.387340659495367,18.658297860763522,11.1
10.70206456237431,19.37022819378073,11.1
12.031774822071673,19.547684539445324,11.100000000000001
12.904457880000002,19.19451847309071,11.100000000000001
12.90445788,20.800662477551676,11.1
12.467251143329944,19.72966836163822,11.099999999999998
12.904457879999999,19.72084694858432,11.099999999999998
12.90445788,19.189104429975522,11.099999999999998
8.51360729637155,20.44249530617388,11.1
5.439430541811427,21.161155940554963,11.1
9.392353311410325,19.551695723367676,11.1
5.877854962143081,17.94362862977372,11.099999999999998
5.876141367778877,18.835236079126613,11.1
6.315003832639238,20.08584293472989,11.1
8.519628473049393,19.555096019493995,11.1
9.82929637916373,20.267458405814388,11.1
8.95685816128759,19.732500540187385,11.1
11.581985620960893,20.26707300440292,11.100000000000001
10.703352380321046,20.44601442721259,11.099999999999998
11.585887001776843,19.91017618532173,11.099999999999998
12.90445788,20.621432992921193,11.1
12.90445788,19.369253647567987,11.099999999999998
12.90445788,20.26832339682438,11.1
12.465259446728606,20.803283926202216,11.099999999999998
12.904457879999999,20.084713432723795,11.100000000000001
12.90445788,20.0882819476817,11.099999999999998
4.1253779,22.767244307962926,11.1
7.633701743178175,19.551182897532648,11.100000000000001
10.273568288605716,20.26700123048117,11.100000000000003
7.195928632150377,22.94748185466639,11.099999999999998
8.0745834252839,21.876650031815952,11.1
6.758839933001832,21.87468455004232,11.1
8.51491789,22.769808165488282,11.1
10.267170962101552,20.803660932799165,11.099999999999998
8.953457201841378,21.520423221545983,11.1
8.082213561896978,21.338983208164294,11.099999999999998
9.8253154977321,20.623906958719676,11.1
9.833295630900547,20.26635744043449,11.100000000000001
12.90445788,21.341896692971083,11.100000000000003
12.468740525074427,20.98803979188783,11.1
12.904457880000002,20.808800887551314,11.100000000000001
12.466821367824839,20.090312435418625,11.100000000000001
12.904457880000002,20.62551095473774,11.100000000000001
12.90445788,20.802577543493967,11.099999999999998
5.001739826580234,24.55676270143911,11.099999999999998
5.873952031760749,24.734752155136977,11.100000000000001
8.06905904215627,23.486089804732345,11.099999999999998
5.874196931808344,23.843906584386826,11.100000000000001
5.880862252805942,23.127868793990913,11.1
6.311770413970929,24.556942160975908,11.099999999999998
7.192337107742847,23.843651478825443,11.1
8.0701307275469,23.844549279488874,11.100000000000001
8.958024378202618,23.128481964744083,11.1
8.075985974288642,24.557954906736356,11.100000000000001
5.876779340085935,24.378763085263333,11.1
5.876055311383794,24.378687194266387,11.1
12.467485252877664,23.661872754959646,11.100000000000001
12.904457879999999,23.840376637424548,11.099999999999998
12.90445788,24.022958449970474,13.325146984082386
12.90445788,23.127679676893365,11.1
12.467703892081266,23.489912798701923,11.1
12.904457880000002,22.41243771274236,11.100000000000001
8.076053670770346,25.45149797734553,11.099999999999998
8.5198066006695,25.990166250407704,11.1
6.757720991397264,26.34571322465184,11.099999999999998
5.437784409638239,24.562895837132338,11.099999999999998
7.637360329113518,26.347063306294906,11.099999999999998
8.957730477881986,26.882142849742987,11.099999999999998
10.701367568275266,26.165745494194958,11.099999999999998
9.39077817160344,25.808901692954503,11.1
7.637191967114802,25.63132267130614,11.099999999999998
6.7558324474500715,25.093248358549424,11.1
10.267799331889988,26.167496959553823,11.099999999999998
10.700475089021653,26.3432458350328,11.1
12.904457880000002,23.847855096433797,11.100000000000001
12.904457879999995,23.84267214337299,11.099999999999998
12.90445788,25.451059559985776,11.1
12.90445788,24.560890591986215,11.1
12.904457880000004,24.20404551148031,11.100000000000001
12.904457880000002,26.16343581714489,11.1
4.9963661545160125,27.42201803670021,11.100000000000001
4.994721616149836,27.77773242526397,11.099999999999998
5.434380740234483,27.24673239202749,11.100000000000001
4.99904296476696,27.778764832941878,11.100000000000001
5.433666376644134,27.421112602679486,11.100000000000001
7.193119304254974,26.350261186333185,11.100000000000001
9.382504031451006,27.773076775726675,11.1
10.26907646651697,27.77435345857222,11.100000000000001
10.692951041564125,27.596437329463452,11.099999999999998
8.51491789,27.950666368478387,11.100000000000001
8.51491789,27.954197884979184,11.100000000000001
10.262497114692906,27.419024034680348,11.1
12.904457879999999,27.951314768599538,11.828721810863788
12.904457879999999,27.2379310791788,11.099999999999998
12.90445788,27.236050088657084,11.1
12.904457880000004,27.417084805461627,11.100000000000001
11.15809871720228,27.239926082010797,11.099999999999998
12.031530680510444,26.883751319108846,11.100000000000001
5.435388684116722,28.495663810155815,11.100000000000001
6.758751832196542,28.852749980745887,11.1
7.1907451594007075,29.03023308355888,11.1
5.438309063011204,28.49542673611044,11.1
6.318675495781339,27.42094963907306,11.1
5.440350683978279,28.315750939933828,11.099999999999998
6.756342911469604,27.597715352918275,11.100000000000001
10.267716815203412,27.77925938904111,11.1
8.51491789,28.137273062144992,11.1
8.51491789,28.312172408233877,11.1
8.95145967354816,28.135713726243,11.100000000000001
8.51491789,28.314731051010664,11.1
12.904457879999999,27.784818099133474,11.1
12.90445788,27.610939845817455,11.836230748710177
12.904457879999999,27.96146151020593,11.099999999999998
12.904457879999999,27.955621106429884,11.838041754360567
12.904457880000002,27.786347397844114,11.83239610704813
12.90445788,27.966945234712114,11.83004146249366
9.385069794564885,27.595530105537534,18.5
9.401474407529014,27.77706594231622,18.499999999999996
7.196128090267676,27.061801972698284,18.5
7.642780121619625,27.242265786254105,18.499999999999996
11.593362724950795,28.315675959520554,18.499999999999996
9.395245210541525,27.417438561457416,18.5
6.773819220975557,29.20753202,18.5
6.766991842167248,29.20753201999999,18.499999999999996
6.765393574717731,29.20753202,18.5
8.079922522842915,28.67379119438622,18.5
7.208194427429424,29.030215869115935,18.500000000000004
7.208663145636163,29.030344742618688,18.5
6.321290282114281,28.133864641761484,18.499999999999993
4.996760294362496,28.14032339925204,18.5
7.1991413973304965,27.597482942337614,18.500000000000004
4.562687906115218,28.135212970416305,18.5
6.321090050224463,28.134449266684282,18.500000000000004
6.761259780867562,28.134975878339013,18.499999999999996
7.195437765688375,27.061918714032604,18.500000000000004
8.511513859541187,25.09330137285781,18.5
8.512607565526496,27.59792627200071,18.500000000000004
8.081002485095851,27.06325069598611,18.5
9.400561713730893,27.42040663982211,18.499999999999996
9.391219220938819,25.27339301662792,18.5
7.639477249054308,27.241432779916572,18.5
8.077472531121503,26.705539566887495,18.500000000000004
8.508983940673021,26.523216759837947,18.5
8.51491789,26.170510069075945,18.5
8.076899515836983,26.70625960628038,18.5
7.637203235242693,24.200985032213595,18.5
4.999021212936084,28.132260690228016,18.5
4.56260731242895,27.41665225053969,18.499999999999996
4.562067529782741,27.77638175952008,18.5
5.001196384177312,27.9555331526897,18.5
6.320541203780413,27.23989779713636,18.5
6.766293546203183,26.34735498857434,18.5
10.268561293241142,22.94725108769457,18.5
10.273674424278157,22.7693871301356,18.5
9.39375302057174,22.233243620464595,18.500000000000004
11.148141464788434,22.946881057689787,18.500000000000004
9.83432540620179,22.411677888711772,18.499999999999996
11.14782545945408,23.485521189714806,18.5
8.514917889999998,26.344223095073563,18.499999999999996
7.201417275075076,26.88065808783577,18.499999999999996
8.080050719584271,25.09791092782997,18.5
7.640022211936859,24.55717307617669,18.5
8.07540066641808,24.202640636212656,18.5
8.077691753194063,26.34498347233828,18.5
7.201686571962112,26.349300427519513,18.5
6.327275836184328,26.528989617332257,18.499999999999996
5.438526113307388,24.20356562665947,18.500000000000004
6.326795726722244,27.24113544206065,18.499999999999996
6.321149461572594,27.060929632541423,18.500000000000004
6.319027302897805,27.239043816651254,18.499999999999996
9.835274368670404,23.12828617806385,18.5
10.70974537720721,22.950098011940305,18.500000000000004
10.27776913922333,23.12765720397138,18.5
9.833503017553147,22.233959963655252,18.5
10.708989952172931,23.12793330661087,18.5
10.709330504710362,24.023250012832737,18.5
7.636355483477283,23.12969703573581,18.499999999999996
9.830145342497199,22.949668603080497,18.5
8.513204905495966,23.66392759152065,18.5
8.953515939769703,24.01936815680253,18.500000000000004
8.515658371938311,22.5922926311352,18.5
8.517728037666384,22.770596133745155,18.499999999999996
4.565889517213465,23.126709648693854,18.500000000000004
4.564478472678289,23.665850644999924,18.5
4.56522952305349,23.664771540232547,18.5
5.000594220486578,23.84398262405103,18.5
4.561068355615807,24.55653752106275,18.499999999999996
7.716681788227309,23.5179631002099,18.5
10.717344857414428,21.877053361985382,18.499999999999996
11.591528574909377,23.127141411007294,18.5
12.028593184802885,23.129481271350848,18.499999999999996
11.150501969974593,22.949546770091914,18.5
12.027319140225499,23.48571426605749,18.499999999999996
10.711529376492173,22.94986897088204,18.5
8.07743111863969,21.876662255461465,18.500000000000004
8.514615857652776,22.054694324198643,18.499999999999996
8.94990737281055,23.125830675848142,18.5
8.077899593854841,22.770336425905377,18.5
7.199422940014209,22.413467282339546,18.5
6.757615108000885,22.233982493853368,18.5
5.002172101304284,22.055352048248725,18.5
8.07851900670087,22.234393050571313,18.5
5.002587549093526,23.125252958744777,18.500000000000004
4.565362529766574,23.12533422211913,18.499999999999996
6.315959416177529,22.948087350470917,18.499999999999996
7.196097802386979,22.23444606672735,18.500000000000004
8.51287327653802,18.657715505028282,18.5
9.832023301572226,19.909240860671723,18.5
9.832716149951542,20.088047304502158,18.499999999999996
5.879973870765851,18.655757739443626,18.499999999999996
7.633851152790543,17.941282704384253,18.5
5.879922164369014,18.47729452629858,18.500000000000004
7.1996653416757725,21.51855444952277,18.5
8.51278972126547,21.87552814985061,18.500000000000004
8.51141857710082,21.87429450187237,18.5
8.954768138611978,22.41300343436356,18.5
8.949363280554595,22.409132211063977,18.500000000000004
8.51264297220372,21.697471145543282,18.5
6.323055122583342,17.763042131820775,18.5
4.56383633952274,21.33935046765182,18.5
4.56419526451783,21.340861022752996,18.5
4.1253779,19.732167941078348,18.5
5.8783575846967056,21.517996351639287,18.499999999999996
5.000376601620678,20.267139023679114,18.5
11.586800675317896,20.803369472630923,18.500000000000004
9.836067705631075,20.086589937071285,18.5
5.881225001753822,20.803906870740597,18.5
8.505137591716132,18.660413984559458,18.5
10.26917461874028,19.19386693661651,18.499999999999996
10.272390464507186,20.266265074695973,18.500000000000004
5.441656058037545,20.44782911147454,18.500000000000004
5.87880631589948,21.876020946105367,18.500000000000004
7.195811016498579,22.05424401305202,18.5
8.073637825341322,21.33970228270038,18.5
8.948216247886707,20.09050493150894,18.500000000000004
5.882955485519804,21.875769286835308,18.5
5.8821326371850065,17.94244558399636,18.5
6.757117333252865,17.58550023328304,18.5
5.004613757798408,17.405090779660842,18.500000000000004
5.003456089954618,17.405997094530907,18.499999999999996
8.5145799953485,18.122152209025927,18.499999999999996
5.877286498482936,17.40694828894073,18.5
8.954995062877584,17.942062332337763,18.5
8.073490195907667,17.404827515909812,18.5
6.523937958470695,17.666154503594672,18.499999999999993
8.07410334101777,17.048370966164995,18.5
7.633347785601405,17.227159308022628,18.499999999999996
7.1961194527906915,17.226611400935205,18.5
6.320074775244902,16.69080327,18.499999999999996
7.638882992181912,17.582180664839374,18.499999999999996
6.325421064993387,18.293823549576768,18.500000000000004
7.202191552409331,17.40191688901728,18.499999999999996
6.768387890346845,17.224104552582144,18.500000000000004
7.6366998007236,17.22475879034413,18.5
5.869855826122838,17.046426665873547,18.5
4.996486775049005,17.222825295122465,18.499999999999996
4.996510944693309,17.755062062974293,18.499999999999996
5.866632093710768,17.046028417185077,18.499999999999996
5.86725443353404,17.045918051170947,18.499999999999996
6.753673630068067,17.047642233752615,18.5
6.315788048756871,17.22615372278374,18.5
7.195828116458833,16.690803270000004,18.500000000000004
5.004085118389879,17.04775050272454,18.5
6.762365597916701,16.690803269999996,18.5
6.320988285962347,17.046783808393844,18.5
5.8779973767690326,16.868506867085536,18.5
8.514917890000001,17.764057421725795,18.500000000000004
8.073763540438156,17.405039528951963,18.500000000000004
7.635142452782258,17.76307533687582,18.5
8.077606709843163,17.404633861825598,18.5
7.637223480134602,17.76316996038509,18.5
8.516842021227948,18.118948492134926,18.5
12.90445788,18.65279145362179,18.499999999999996
12.904457880000002,18.284993008254197,18.5
12.90445788,18.477657656503542,18.5
12.904457879999999,18.291573699460578,18.5
12.904457880000002,18.287640489348775,18.500000000000004
12.90445788,18.114677464506762,18.5
6.757462088190965,20.26735653805019,18.5
9.828777860967612,20.625897233782432,18.5
8.515929214709928,17.942023123427052,18.500000000000004
6.759071257929072,17.227688340004747,18.500000000000004
11.590477252294095,20.62381237830358,18.5
8.953863126752589,20.26703306501475,18.500000000000007
9.394287261937382,18.47881008879544,18.500000000000004
8.07219888972929,17.76291962504062,18.499999999999996
9.389399889043982,17.406938547701454,18.5
9.833847290400817,18.658442686960967,18.5
8.515933378460009,18.8361503644082,18.5
6.756595506126187,17.22793110303434,18.5
12.904457880000002,19.544685380063147,18.5
12.904457880000002,19.183023401114365,18.5
12.90445788,19.01375277614558,18.5
12.904457879999999,19.553205655973574,18.499999999999996
12.904457880000002,20.2618319668185,16.284934533024966
12.02711158950509,19.73255780607153,18.5
5.723586707833332,20.592407376186674,18.500000000000004
6.754549313805564,18.838627140776985,18.499999999999996
6.761044068915449,20.80353290081236,18.5
5.877786559441874,20.08797485162311,18.5
5.440996591693872,19.37317889083218,18.5
6.320886629158324,19.551948835943026,18.5
9.835802852906566,21.340557692786422,18.5
10.710406595209992,21.513858481780776,18.499999999999996
8.955157994902061,20.087415981143614,18.500000000000004
9.830871812158886,22.769594166100212,18.5
10.269522115050629,20.981353814838723,17.761984462485078
10.266860153315047,21.340377492275124,18.5
12.904457880000002,20.267170645733867,18.5
12.904457879999999,19.545673188544054,18.5
12.904457879999999,20.985621593263815,18.499999999999996
12.904457880000002,18.847663928686238,18.5
12.904457879999999,20.272730981986875,18.5
12.90445788,21.518211731766414,18.5
9.824206476474664,23.661470815852528,18.499999999999996
9.39390040722922,23.125553907005003,18.5
8.066888011408338,22.94686226247172,18.5
8.514726460399386,22.23325528978975,18.5
8.517042533668096,22.2336374015878,18.5
8.507392175226789,23.304572319679384,18.5
10.709885300311951,22.770667960280576,18.5
9.841182902046949,22.233904739691184,18.5
10.279705730904107,21.877435563502154,18.500000000000004
10.711922100323363,23.1269285304357,18.499999999999996
9.39612388525405,22.41051366600732,18.499999999999996
10.70957167619978,22.41179426035675,18.500000000000004
12.904457880000002,20.444800131458386,18.500000000000004
12.90445788,22.045883317116562,18.5
12.904457879999999,20.26730062367656,18.5
12.904457879999999,21.523539835564378,18.5
12.904457880000002,22.051141908166315,18.5
12.90445788,19.9014029583958,18.500000000000004
10.275547671958119,22.95026412396224,18.499999999999996
9.835681385145755,23.13014570623953,18.5
10.271810260490588,23.129774817316324,18.5
10.71112207579429,23.3079330089932,18.5
10.71776557235621,23.128025992304877,18.5
10.714417752703726,23.483749903692743,18.5
8.953614732335062,23.30575123826599,18.5
11.590643288078125,21.87771157352909,18.5
10.273290987784348,22.412210299917536,18.5
10.70711489698467,22.591282796862238,18.5
10.270418295020354,22.41215067839449,18.5
10.27056940552699,22.947691667795585,18.5
12.90445788,21.35647944555907,18.5
12.904457880000002,21.5142144199927,18.5
12.904457880000002,24.02707375483387,16.28582367027117
12.904457879999999,24.733162839048425,18.5
12.904457880000002,24.203210291326805,17.765526788260317
12.030319640977252,22.947949876519946,18.499999999999996
10.715536746035047,24.381077159103377,18.5
6.758230844735079,26.347307122339892,18.5
9.834750389106613,24.1998054413899,18.499999999999996
10.706190206110135,25.632580595101853,18.5
8.952252347982565,25.628490532518846,18.499999999999996
6.760969760795944,27.06299295115596,18.5
9.828195347606009,24.91892369509415,18.500000000000004
10.27129991540989,24.736939446332777,18.5
10.27286786655021,23.30525211520203,18.5
11.148742869747224,23.664089092917525,18.500000000000004
9.833506125974223,24.021895148749415,18.499999999999996
10.273439815005881,23.484262054094252,18.5
12.904457879999999,24.5627268030592,18.499999999999996
12.028338307688028,23.84877450348022,17.75396672690144
12.467289295727138,21.336870818328855,18.500000000000007
11.589739719868252,24.204113821506017,18.5
12.467325017331957,24.199506487011412,18.499999999999996
11.59065300032352,23.665910326178338,17.756298371269118
7.632490689183571,27.241257841297518,18.499999999999996
8.075932515158664,27.59874470921387,18.5
7.634514384044771,27.419427920000008,18.5
7.640806662379823,26.885760361476045,18.5
5.443038320661719,27.062878585292665,18.5
6.760592977023773,27.419427920000004,18.500000000000004
7.634264958464298,27.240568252133137,18.499999999999996
8.512371574115141,26.348195875839295,18.499999999999996
8.076376691381288,27.063450533393368,18.499999999999996
8.517051246214232,26.344081877302294,18.499999999999996
8.073788617201004,26.524753231775478,18.5
8.514350638354626,26.882019917108778,18.5
12.90445788,27.77790007170269,18.5
12.46929539768257,27.954671137542626,18.5
12.90445788,27.239091951087644,18.5
12.028758938554,27.241898908122952,18.500000000000004
12.90445788,28.13745309788324,17.01946725276055
12.90445788,27.242009522567496,17.76147888508448
6.74584441188917,28.851768778198196,18.500000000000004
6.300520303876957,29.20753202,18.5
5.880504277182849,29.029718033635373,18.5
6.760031607809523,28.85154306254652,18.5
4.995879335926977,28.851221226935383,18.5
6.758660923367851,28.851397566931496,18.499999999999996
11.150866044182624,28.133859758893394,18.500000000000004
7.206823011045461,27.780158837354975,18.500000000000004
7.64119302518923,27.42055237424326,18.499999999999996
11.589752870020707,28.316116278285143,18.5
11.588554828674162,28.672456310215765,18.499999999999996
8.957914939131287,28.134799318766746,18.5
12.90445788,27.598764981178043,18.5
12.466734284812572,28.311078338380092,16.285744549535682
12.904457879999999,27.782997775819084,18.5
12.90445788,27.597839284957928,17.01676598011957
12.904457880000002,26.532036489251507,17.021979108620457
12.468633344575279,28.132832688694766,18.500000000000004
10.717665540152616,27.063813788553738,11.099999999999998
10.27820935857773,28.49420176953239,11.100000000000001
10.70623874161263,28.6709597765163,11.099999999999998
11.156681687757004,28.849674049219907,11.100000000000001
10.27217128994566,28.31399476404119,11.1
11.59500904506211,28.85220863027365,11.100000000000001
6.320343402417981,28.49529591806583,11.100000000000001
6.754319856707447,28.852428757382775,11.099999999999998
6.754315054386571,28.49798387252052,11.100000000000001
6.755621100545586,28.497371517891036,11.100000000000001
6.756059342144296,28.497388101837156,11.099999999999998
7.192415978940295,28.67220169256077,11.1
5.876115438221927,27.05835163442377,11.1
4.561952754947571,25.628844031713808,11.1
4.564536080314108,26.52551408111367,11.100000000000001
4.563838606179758,27.242634745974883,11.099999999999998
4.563531634891802,27.778374276522918,11.100000000000001
5.44242907252461,28.137621783424787,11.1
11.149384261863604,26.88316398137013,11.1
12.033675324744548,27.06384281616093,11.1
12.465589366754006,25.991151262608543,11.1
12.465137129487529,25.991886352814355,11.1
12.02960869562737,27.062017825413562,11.100000000000001
10.732297599788279,26.711210642209863,11.100000000000001
4.565540879378554,27.240271392635947,11.1
5.439906564141991,26.705213749434137,11.099999999999998
5.87912714145444,27.41987836675618,11.1
5.43974546852104,27.23908708513305,11.099999999999998
6.313090399783881,27.238883475199703,11.1
5.875516861934347,27.238403221192055,11.099999999999998
5.441277489029724,27.776610845184795,11.100000000000001
5.880904481156763,27.776895256996124,11.1
6.318587612825759,28.132473589033104,11.1
5.4427905220407755,26.704059193715306,11.099999999999998
5.440962810719682,27.599322161530925,11.100000000000001
6.31893005338457,28.133812494988227,11.1
9.394401453074739,26.16744269811275,11.1
10.263944816323338,26.16718788871041,11.100000000000001
9.824127118798962,25.988335494678743,11.100000000000003
9.833614091522554,25.80930466288843,11.1
10.275091777635776,26.8823688730362,11.1
10.70921767408439,26.525611263000933,11.100000000000001
5.43704511797943,26.70228273266642,11.100000000000001
6.320571592757992,27.06095361654186,11.099999999999998
5.453506555251108,25.269197457396757,11.100000000000001
6.316441228290085,26.52956154759767,11.1
5.4479871138188845,23.125123127086326,11.1
6.321741134569839,25.271073088183805,11.099999999999998
4.563370066926339,26.166999764633346,11.1
6.320311982373617,25.989797734893177,11.100000000000001
4.998016784616962,25.630032773211184,11.1
5.001341916422329,25.63175260412718,11.099999999999998
5.004169061033505,26.348682900165024,11.1
5.4369301738589755,25.45240013592495,11.099999999999998
10.70964833577208,24.915868068489363,11.1
11.149196139186955,24.736623907938878,11.1
10.70755955912762,25.094830327102255,11.1
10.709384566515837,25.09440879716736,11.099999999999998
10.709990821687375,25.094684039718146,11.1
10.70765568999847,24.738190133183075,11.1
6.32314336774578,23.663625645263107,11.1
5.44959455836169,23.663404532493747,11.099999999999998
6.762379688764996,23.485877787705565,11.099999999999998
5.882344719070584,22.592816737984,11.100000000000001
5.88549922800722,23.305295104753682,11.100000000000001
6.325006241001997,23.128157503037016,11.099999999999998
5.0019482062841645,24.022470028537278,11.099999999999998
4.5642646258750545,24.02270690212894,11.1
5.881735577674073,23.843495056219467,11.1
5.005665352943937,24.021684157234166,11.1
4.125377900000001,24.330737445985957,11.099999999999998
4.125377899999999,24.557141366529294,11.099999999999998
11.14557181363688,22.592862051250737,11.100000000000001
9.830493096838852,21.158630065695935,11.099999999999998
9.390605395061339,21.33886895204648,11.1
12.02547361256678,20.08803066659023,11.1
10.262476716480442,20.9801109341735,11.099999999999998
9.827706875823521,20.980835291525004,11.100000000000001
6.312908566391883,21.15811455677399,11.1
6.316938910477083,21.15975634038407,11.1
6.3170381389433565,21.159796761664772,11.100000000000001
6.316792040440851,21.1596965120386,11.099999999999998
6.314761819177248,21.158869489847703,11.1
6.316224888838553,21.1594654796043,11.1
5.440640690591451,22.052781988605005,11.099999999999998
6.32128017290946,21.1615247783531,11.099999999999998
6.314434218613541,21.15873603989286,11.1
6.315281078265926,21.1590810129939,11.100000000000001
6.313862679645239,21.15850322024004,11.1
6.312637246524964,21.15800403308143,11.1
10.714117216602226,19.732146753761835,11.100000000000001
9.391369843999433,20.80182309570966,11.100000000000001
9.829501865195226,20.80170001285091,11.1
9.830198230210945,22.23065002698412,11.099999999999998
11.583784432256348,21.15921595016481,11.099999999999998
8.953423314837673,21.698820791045875,11.1
8.953509748824123,18.83587905962348,11.100000000000001
7.198536234390714,19.551886922009373,11.100000000000001
8.07588342790225,20.089193941790615,11.100000000000001
8.075903884675363,19.910040985163867,11.100000000000001
7.638092858420695,19.372751110692487,11.1
7.638443528448752,19.3728996486991,11.1
5.4362127379568275,21.34318907504985,11.100000000000001
7.198493285976117,19.731461321751542,11.1
5.43895360221188,20.62443094392181,11.1
6.757167240154631,19.73074673806719,11.100000000000001
5.003047005054644,20.803621201745468,11.1
5.877704717955711,20.803081074690873,11.1
12.02831141247226,19.373792186479843,11.100000000000001
9.83430709616342,19.55072992662682,11.099999999999998
9.391589155523802,19.732616210677186,11.1
10.276965960769102,19.911253533012136,11.099999999999998
11.14758694201956,19.19559318132089,11.1
11.149116832505875,19.910641791117428,11.099999999999998
8.51491789,19.013663343808393,11.1
9.389939759631778,19.01415238670715,11.1
8.07646168730413,19.194633215117733,11.100000000000001
8.51491789,19.014721234180783,11.100000000000001
8.953153582484308,19.0152103603281,11.099999999999996
8.51491789,19.01621055790914,11.1
4.125377900000001,19.191462174725018,11.100000000000001
4.562353779938852,19.016278846824598,11.099999999999998
4.996695464683109,18.831411689002913,11.100000000000001
6.747492966871967,18.477033500180088,11.099999999999998
8.51491789,19.016168180824824,11.1
8.51491789,19.015742459576266,11.1
9.826419751040685,17.766267862681268,11.100000000000001
10.277140402720956,17.40508605660982,11.099999999999998
10.708363210012967,18.475663160589235,11.1
10.705608536481405,17.586427123117808,11.100000000000001
10.716138895504859,17.40368788767687,11.100000000000001
10.274521960309343,17.583709307149366,11.099999999999998
8.517511722423315,16.69080327,11.1
8.519763970426602,16.69080327,11.1
8.07646426570154,16.869029991130244,11.099999999999998
7.630863355351263,16.86875701037456,11.099999999999998
8.069349540930775,16.868858794439713,11.1
8.079284449527002,16.69080327,11.1
4.5594745420604825,17.93924410678429,11.100000000000001
8.052008482555307,17.049140399524745,11.100000000000001
7.639914261873223,17.764252591831024,11.100000000000001
4.999921632920956,17.582117733194973,11.1
7.633906538813101,17.940965514761263,11.1
8.513690755520656,17.942534988899755,11.1
6.75366598700601,16.69080327,11.100000000000001
6.750682092779511,16.69080327,11.100000000000001
7.199663878217449,16.690803270000004,11.1
7.192043386329055,16.69080327,11.099999999999998
6.312719214301929,16.69080327,11.1
6.3201183620192865,16.69080327,11.1
10.707128430051378,17.58493070792412,11.1
9.831131226140357,17.581388853175376,11.100000000000001
10.271345012017552,17.9433188714577,11.1
9.831544796321472,18.11769446908552,11.1
10.252741887844868,17.044782001180263,11.1
9.389400764602003,17.048737036651502,11.099999999999998
12.90445788,18.475472929656057,11.1
12.90445788,17.59109953756445,11.1
12.904457880000002,17.767609732453714,11.1
12.90445788,17.591828033491147,11.1
12.904457879999999,17.937061361442776,11.099999999999998
12.904457880000002,17.766443897524127,11.100000000000001
6.755156656532628,18.47733396076418,11.099999999999998
7.200105321054465,18.30051304761961,11.100000000000001
7.196559065547822,17.40578493269101,11.099999999999996
8.078761464059456,18.30180544544344,11.099999999999998
8.078443371142882,17.942502065599747,11.1
8.074837307131318,18.299104468404646,11.1
9.393117276664325,17.76165148846324,11.1
11.149541098272637,17.40441312620157,11.100000000000003
9.390184684597488,19.371969928609627,11.1
9.386277535972091,19.013635294401574,11.099999999999998
10.706458847583297,17.405588973560107,11.1
9.828704457139239,17.943821831977214,11.100000000000001
12.90445788,18.477124383921378,11.1
12.904457880000002,19.012722081671647,11.100000000000001
12.904457879999999,17.762448799792008,11.1
12.90445788,18.472838225019995,11.1
12.904457880000002,19.184448986702158,11.1
12.904457879999999,19.184223474595207,11.1
4.563118219183024,21.6983114811479,11.100000000000001
8.51491789,19.016921827549506,11.1
9.391371096694856,19.731194527801648,11.100000000000001
9.39414793815475,19.550698750802937,11.099999999999998
9.391665230337377,18.836272450009687,11.1
9.83201782450771,19.550741842396057,11.1
12.025852238498885,19.195275744587207,11.100000000000001
9.825164525089855,19.552702693191176,11.099999999999998
10.263075539810211,19.554965028209004,11.1
9.82290312601273,19.911542556132442,11.100000000000001
11.591348089991246,19.551167320515784,11.1
9.827434446253275,19.554518777303606,11.1
10.708977564972736,19.372731346431955,11.099999999999998
12.904457880000004,20.07906888633646,11.100000000000001
12.90445788,19.193043462539666,11.1
12.904457880000004,18.29861457804008,11.100000000000001
12.904457880000002,19.36969729375254,11.100000000000001
12.904457880000002,18.835807609221916,11.1
8.951772703718095,20.80431894447025,11.1
5.878922146128117,22.948735020167067,11.099999999999998
6.756939959874291,22.054521565606997,11.099999999999998
5.882358293954311,22.233913189210625,11.100000000000003
6.760259257422693,21.876982054800415,11.1
6.319107681372792,22.412158160369327,11.100000000000003
10.2642567143105,21.33747945865467,11.099999999999998
10.706147710405729,21.521139009112222,11.1
9.386805637630706,21.161562972138107,11.099999999999998
9.710782585577016,21.893605556736247,11.100000000000001
10.272913141817655,19.730637794401392,11.100000000000001
10.702655621094241,21.161502464240268,11.099999999999998
11.5926997321972,20.443399576322783,11.1
12.90445788,24.740292542268293,11.1
12.904457880000004,24.376971182744594,13.3187028212902
12.904457879999999,22.404455426337943,12.571710400799743
12.904457879999999,22.950086549030146,12.577346720499042
12.904457879999999,23.66893656791543,13.322971318612812
5.000727651165229,23.48402134152737,11.099999999999998
5.4345915214722265,23.66622146968522,11.100000000000001
4.998494883579479,23.665811635979235,11.100000000000001
4.999869132567502,23.84353126961684,11.1
9.393674905609357,25.45406181338643,11.100000000000001
6.757459468712058,24.379780745460984,11.099999999999998
9.825174154377992,24.02257657933715,11.1
11.150759438289553,24.38123144433297,11.1
9.392623139869944,24.381956164058526,11.1
10.710023621763359,24.01967199984313,11.100000000000001
9.83158990344689,23.12936250532017,11.1
11.137313044548984,25.09851231346223,11.099999999999996
12.904457879999999,23.834488699756697,11.099999999999998
12.904457880000004,22.055498271037028,12.57549584042043
12.90445788,25.264428796360654,11.1
12.90445788,23.658490071265046,11.833090891253896
12.90445788,25.270170263284086,11.1
12.904457880000002,22.595062649738637,11.100000000000003
4.125377900000002,25.274796162760367,11.100000000000003
5.4374952487837795,24.381226145359868,11.1
4.566198249140572,25.273366254885627,11.1
6.3190441308521095,25.095754457629383,11.099999999999998
5.443470762345364,25.097313447439767,11.099999999999998
6.316909101436673,24.20281421585588,11.1
10.704298608280908,25.09561850334781,11.100000000000001
10.704173647893999,25.095352055147966,11.1
10.705202216393214,25.094620215618928,11.100000000000001
10.705203505501462,25.81116574948038,11.1
10.703666661752106,25.093896120064212,11.100000000000001
10.701595381012567,25.631207837673468,11.1
12.904457879999999,24.908583605656865,11.099999999999998
12.904457879999997,26.34500100230403,11.099999999999998
12.904457880000002,25.811990857520748,11.100000000000001
12.904457879999999,23.48295144869779,11.1
12.904457879999999,25.990348248165525,11.1
12.90445788,22.953773549390174,11.099999999999998
5.419290938774303,27.776450977041495,11.099999999999998
5.427446887247225,27.77614937388989,11.100000000000001
4.558009362193802,27.954797057462688,11.100000000000003
5.862093283608219,27.952170720590278,11.1
5.435019107759497,28.133174795680347,11.100000000000001
4.993155970643039,27.953212945949304,11.099999999999998
7.6358560433683875,27.598671720505827,11.099999999999998
9.388257635543825,27.419427920000004,11.100000000000003
10.255126597964,27.596928662858726,11.1
9.384464776152907,27.774885079360715,11.100000000000001
10.698093661469649,27.242678885329198,11.1
10.256722663092562,27.419427919999997,11.099999999999998
12.904457879999999,27.97423430918397,11.099999999999998
12.90445788,27.422394988570673,11.099999999999998
12.90445788,27.421750658901605,11.100000000000001
12.904457879999999,28.49466385242564,11.099999999999998
12.90445788,27.959841952272182,11.099999999999998
12.90445788,27.7775348343829,11.099999999999998
6.753124188784323,28.674725912381458,11.1
8.51338338267994,28.49557113026485,11.099999999999998
7.6284590249953546,28.494485047702845,11.1
7.19026308148471,28.851803428406807,11.1
7.615107487048415,28.49639227281621,11.099999999999998
6.749957460026013,28.3188512917618,11.1
5.8838249638317945,27.42052012797608,11.099999999999998
8.951585515344412,27.77769752664307,11.100000000000001
8.950793087997576,27.955894669161964,11.099999999999998
9.389476647315457,27.95645060083931,11.099999999999998
9.392103465565791,27.776328686899944,11.1
9.825311718172557,27.95710500445155,11.100000000000001
11.58956696656053,27.060196986603824,11.099999999999998
12.90445788,28.494684116103667,12.578340581006861
12.90445788,28.32878072129283,11.100000000000001
12.90445788,28.673815642471308,13.307828533280752
12.904457879999999,28.14301088254961,11.099999999999998
12.904457879999999,28.33040760250807,11.100000000000001
8.960494356022219,27.597761462869308,18.499999999999996
8.961266413298405,27.78236829557183,18.499999999999996
9.403875103883445,27.95914050811918,18.5
9.834575072352763,27.778547626427713,18.5
7.631007322516116,26.52353336928109,18.499999999999996
8.0752152075498,26.881820899368723,18.5
6.325595197110092,28.85100048616104,18.499999999999996
6.762560881158753,29.207532019999995,18.5
5.88122103771292,29.20753202,18.5
6.765422343595342,29.207532019999995,18.5
6.762847204945833,29.20753202,18.5
7.204831944348716,29.20753201999999,18.499999999999996
8.514917890000001,28.39513498104668,18.5
8.077136739391461,28.493240115540893,18.499999999999996
7.6390071541469915,28.3132444994999,18.5
7.202734276961077,28.311705038011567,18.5
7.198778414594315,28.85097582253497,18.5
8.51634155263164,28.492496070226526,18.5
11.587434372584008,27.420588299451275,18.500000000000004
10.711507241128423,27.241898711554455,18.500000000000004
10.710454247314708,26.523751710438408,18.500000000000004
9.39383152295361,26.882896941009406,18.499999999999996
10.265008348770984,25.634153286626535,17.761071982462784
9.832498033414629,23.484750530514063,18.499999999999996
6.7671985382594855,26.88536278953387,18.5
6.330021308826109,26.88509150703874,18.5
6.766639926153598,26.885200247803184,18.5
7.6415929229159065,27.419427920000004,18.5
7.201290352090338,27.062384955302424,18.5
7.198619826489078,27.419427920000004,18.500000000000004
7.206853658451952,27.41942792,18.5
5.441033062014828,28.314299096258402,18.499999999999996
5.440756669852942,28.31502608644663,18.5
5.441483088584017,28.31429445296358,18.499999999999996
6.325662055456,28.133726440093188,18.5
6.769870273597319,27.775125190189538,18.5
12.02865097151964,23.31104093918257,18.5
12.90445788,23.488283238820344,18.5
11.588250724002608,23.485466560351067,18.5
10.268540978507305,23.484481544346348,18.5
11.150104187371415,23.3087879047104,18.5
11.151871304910994,23.3081819619862,18.499999999999996
7.63934490364575,25.98779438845076,18.5
8.076825706810261,26.88396155417421,18.499999999999993
8.07669123149032,25.98627201421369,18.5
7.634708212314166,25.808060103081562,18.499999999999996
7.204532605936405,27.062667036646385,18.499999999999996
8.514917889999998,26.882618556762203,18.499999999999996
8.076491487539252,27.240832428454528,18.500000000000004
6.5261985773822255,27.41942792000001,18.500000000000004
6.327562822553889,27.419427919999997,18.5
7.200831098746626,27.419427919999997,18.5
7.200954104101292,27.41942792,18.5
7.202030200867487,27.419427919999997,18.499999999999996
11.151749399553236,22.77244132896722,18.499999999999996
11.587196669281349,23.844751046916308,18.500000000000004
11.590504743037489,23.305643970552993,18.500000000000004
11.587169861841765,23.48343927797297,18.5
12.02768109047306,23.6654262210509,18.499999999999996
12.028146116858586,23.1295598384878,18.5
9.392392072821822,23.12775730155177,18.5
9.833135040573493,22.949036971212067,18.5
10.71503449772374,24.200334623832422,18.5
9.82961489085571,23.841683571429808,18.499999999999996
6.319249848717474,25.454194158061444,18.500000000000004
9.833625497179678,23.12806914026447,18.5
6.320374211785145,22.59181271235758,18.500000000000004
5.881246538567931,22.770320179373243,18.5
7.6368506957858315,22.591978743939848,18.5
7.636642252494331,22.59207451975549,18.5
7.641908007983073,22.771559318928233,18.500000000000004
6.757375221987652,22.413639508578797,18.500000000000004
11.58692271452219,22.94712176284362,18.500000000000004
11.151303190186216,22.05617536769182,18.5
8.071380310883853,20.62427811200747,18.5
11.150698581554641,21.340454770375377,18.5
11.590627191107878,22.768557130647253,17.760933378885603
12.025646499453245,22.589531554397624,18.5
7.638718846350425,21.877686397914278,18.5
9.38889442401209,23.48347029140151,18.5
7.195533337362507,22.5908031807463,18.500000000000004
8.951025386722169,22.231352594628063,18.499999999999996
9.831885454938265,23.486198512030896,18.5
6.318513274353567,22.412165178415727,18.500000000000004
5.443297582359666,22.41377512229328,18.5
5.005436148986424,22.59195468108663,18.5
7.191471670119991,22.947676043462682,18.5
6.3172149827182515,22.76997534973758,18.5
6.318532172742221,22.413851982349694,18.5
5.8790926795527385,22.769498517467923,18.500000000000004
9.392534165803077,20.267345871507413,18.500000000000004
7.197848208240719,18.299574661164748,18.499999999999996
9.834276056464692,19.5517856886264,18.5
8.955367870634154,19.73037227431134,18.5
8.075662341579937,19.732325200365153,18.500000000000004
8.517286539682448,19.73079957750385,18.500000000000004
8.96914685879657,19.013448018790157,18.499999999999996
6.760333154339044,20.624436598452622,18.5
6.7581325065605515,21.69564721390726,18.5
8.512424531421653,20.80258660738897,18.499999999999996
7.1954131792189955,21.161659793503674,18.5
7.192064755968682,21.696217486716872,18.500000000000004
5.4408514721643995,22.056095734474802,18.5
8.076635682874588,18.300039340807484,18.5
8.95569156717829,17.94274835980574,18.499999999999996
8.514920461976322,18.478628544192986,18.500000000000004
7.63765164868594,18.300542697063914,18.500000000000004
5.882314022770556,19.19388165449301,18.499999999999996
7.639225217637652,18.65593752521541,18.5
8.957951032329616,18.835174614411972,18.499999999999996
9.834863055677108,19.374501275590212,18.5
9.836940083059247,19.731195043122618,18.5
8.953649922684129,19.552137438688817,18.5
10.27286937959988,18.83787916398474,18.5
10.716009281602696,18.835108061622517,18.500000000000004
6.323446811110912,18.655795290673122,18.5
7.198257997541885,17.942594646560735,18.5
7.196741513526699,18.121255770762506,18.5
5.440506616295432,17.584376044093702,18.500000000000004
6.318698719722589,18.299679682832377,18.500000000000004
6.760874906082718,18.837422548289116,18.5
7.636000718287759,19.014764056109918,18.500000000000004
7.1965004353927275,18.83847324282541,18.5
7.635973040164945,18.658650316922678,18.500000000000004
7.199335911695962,18.47874185009595,18.499999999999996
6.758842962292682,20.80402572299585,18.5
8.520053290234035,17.939952551741065,18.500000000000004
8.072689964423965,18.3008993169877,18.5
8.518664046942721,17.584092314320223,18.500000000000004
6.756831416480342,18.301623851267312,18.5
8.958213612400213,18.118954877553023,18.499999999999996
8.95541246754911,17.405992200287933,18.5
7.196780766421836,16.69080327,18.5
7.202349258042492,16.69080327,18.499999999999996
7.195017039821643,16.69080327,18.5
7.201139340806869,16.69080327,18.5
7.195089678893476,16.69080327,18.499999999999996
7.19811722542618,16.690803270000004,18.500000000000004
6.318551463716107,17.76446675101165,18.5
6.318773264645292,16.869971024518946,18.5
7.196533965939848,17.764505509275857,18.500000000000004
5.004424736280137,17.227583444713364,18.5
5.439926577780047,17.227410143075197,18.5
5.443446389587022,17.227181318197598,18.5
9.831013896667763,17.9418969773118,18.5
7.1989146454233195,16.690803270000004,18.500000000000004
7.196367792009154,16.69080327,18.5
7.208025077398399,16.69080327,18.499999999999996
6.323698299281381,16.69080327,18.500000000000004
7.195463167024912,16.690803270000004,18.5
7.196717431868116,17.225426614210683,18.500000000000004
8.077679832481367,17.22692183321685,18.5
8.073901214803737,17.406382094131406,18.5
7.199793954876029,18.121704582846185,18.5
8.507544579635493,16.868854317176798,18.499999999999996
7.192650157183788,17.047009000875153,18.5
12.904457880000002,17.764065812778618,18.5
12.904457879999999,18.298551371831877,18.5
12.904457879999999,18.301407855490904,18.499999999999996
12.904457879999999,18.47522570797407,18.5
12.90445788,20.25403230391593,18.5
12.466139534278602,20.08083296604594,18.5
6.7626748676862,18.825005394562286,18.5
6.325038983741017,16.69080327,18.5
6.758212214962854,17.044797263618403,18.499999999999996
7.629735128134168,17.40122291161448,18.5
7.636717619211325,16.69080327,18.5
7.197143087670138,16.69080327,18.500000000000004
7.197789231447057,17.228398225680248,18.5
6.321322586227131,18.835928338278944,18.499999999999996
8.075778099471139,19.730896303562,18.5
8.516279962173849,18.655960170548436,18.5
8.08077191370862,19.9076550207901,18.500000000000004
8.514118057745597,17.943942162740733,18.5
12.468381333057625,18.477464144275178,18.5
12.90445788,18.11298308397921,18.5
12.904457880000004,18.834509188756165,18.500000000000004
12.90445788,18.47853092964288,18.5
12.90445788,17.941170778372037,18.500000000000004
12.466236638372362,20.269249965237275,18.500000000000004
7.197316285640421,19.9094142637617,18.5
6.319593765843073,19.013896269349065,18.5
6.31953052135288,19.01517434364099,18.5
7.633728664915203,19.372796857117354,18.5
7.195633108576403,20.268601386451273,18.5
8.073010002427619,19.55118067370803,18.499999999999996
7.199773572304539,19.731037859916643,18.5
8.516964326266674,19.731653241260933,18.499999999999996
9.831443169892044,20.267229667359796,18.5
9.395662192261666,20.80289049685846,18.5
9.396387556447108,20.62359513930939,18.5
9.835028814262703,20.982114013928403,18.5
12.904457880000002,19.900058498121783,18.5
12.90445788,19.193031641455196,18.5
12.90445788,18.826620432410213,18.5
12.904457879999999,19.55029279915142,18.5
12.904457879999999,20.268603949561538,18.5
12.904457880000002,18.83893464107756,18.5
8.514315556507515,22.41192357622687,18.5
7.192125280694304,21.51887399704426,18.500000000000004
7.634101198109973,22.05349104422574,18.499999999999996
6.760675891574861,22.41025609816813,18.5
7.196387327762385,21.51739962763473,18.500000000000004
7.1963750797511645,21.875716446460576,18.5
8.960815398611851,20.62632078373725,18.5
9.38838750411708,21.340583501004563,18.5
8.514462392240322,20.630045555805165,18.500000000000004
9.82517367320991,21.700721774822348,18.5
9.830962876323154,22.05634064476652,18.5
11.144601998364424,20.806084435899,18.500000000000004
12.90445788,20.977524827799357,18.499999999999996
12.90445788,21.163930824009675,18.500000000000004
12.90445788,20.985579492556532,18.500000000000004
12.90445788,20.62996418210343,18.5
12.904457879999999,18.47862347234395,18.5
12.904457879999999,18.657935929393112,18.499999999999996
6.757564695106055,24.023060895345218,18.500000000000004
7.631689822823984,21.875598567247344,18.500000000000004
6.757016166236031,24.197891682131885,18.499999999999993
7.191651772422711,22.05591807178948,18.499999999999996
7.194227508654557,21.875199576758483,18.5
8.074829431015702,22.412270912093355,18.5
11.149930682740095,22.95011052980384,18.5
11.584338968017462,23.66350833648894,18.500000000000007
10.711184726195675,22.59156869349383,18.5
11.145063354388771,22.588700866292662,18.5
10.708021983325757,23.124455896156093,18.500000000000004
10.709028000970907,22.948647559781072,18.5
12.904457879999999,21.695277893426983,18.5
12.90445788,22.768537165423023,17.0210776576237
12.90445788,24.734760005263006,18.499999999999996
12.904457880000002,22.773381704169875,18.500000000000004
12.904457880000002,23.307147469356003,17.018516215687647
12.904457880000002,25.800785780514854,16.28622656655003
6.755326768294301,26.525980574820885,18.5
6.3185631214118,26.703813422797413,18.5
8.076814612757463,26.167439062590738,18.500000000000004
8.954567114922902,26.704854631921343,18.499999999999996
7.19795730021638,27.241026499283745,18.5
8.509728575407895,26.879292770888323,18.5
8.078235505996858,22.94947504420295,18.5
11.585153442956965,25.272017501802235,18.500000000000004
5.887815048217347,25.632417518676846,18.499999999999996
8.504253302448232,27.060867259632545,18.500000000000004
8.074719373718219,24.38137861159998,18.500000000000004
8.072019070725283,26.523685640768434,18.5
12.90445788,27.421671329326585,17.764587242909837
12.904457880000002,23.66329790543658,18.500000000000004
12.904457879999999,24.201419989429915,18.499999999999996
12.90445788,25.45143992772548,17.76610514209721
12.904457880000002,23.853538689434753,18.5
12.90445788,25.098008746550732,18.5
7.636859767207893,29.207532020000002,18.5
6.317897624282017,29.207532020000006,18.5
5.863978114387637,29.032045237297854,18.5
5.439679816477931,28.494819913811924,18.499999999999996
5.879216628313098,28.49688077211479,18.500000000000004
6.317816864457088,28.851766631626752,18.500000000000004
7.636117917611908,26.882390236354812,18.500000000000004
6.323800829772619,26.704800084949362,18.499999999999996
6.759419186618063,26.704359376305938,18.500000000000004
6.761790678603688,26.70662628584221,18.5
9.389776527583754,27.06287702629674,18.5
7.199804517145735,26.885644585871464,18.500000000000004
12.90445788,28.134677977917377,18.500000000000004
12.904457880000002,28.30896988344868,18.500000000000004
12.904457880000002,28.138919582020755,18.5
12.904457879999999,27.05811548283693,18.5
12.470072945246493,27.41632602447178,18.5
12.466754656139855,27.60043710970147,18.5
6.312473291628782,29.20753202,18.5
5.876120478286832,29.207532019999995,18.5
5.87771604600949,29.207532020000002,18.5
5.437409294693451,28.85149702193573,18.5
6.302677025656685,29.207532019999995,18.499999999999996
5.87920226861562,28.135886146732616,18.500000000000004
8.078292048975912,27.59948547002901,18.499999999999996
9.399681975264208,27.598006388267777,18.499999999999996
9.389050158984837,27.597608566029773,18.5
10.276391090810778,27.59704263027066,18.5
11.145728590692311,28.493828461027302,18.499999999999996
11.579439712615473,28.138534628383418,18.5
11.59059197518693,28.31304697090438,18.500000000000004
12.904457879999999,28.138843127366872,18.499999999999996
12.904457879999997,28.142038123849137,18.499999999999996
12.90445788,27.78057631189029,18.5
12.90445788,27.242109209628573,16.293819203120048
12.904457879999999,28.317857015898724,18.499999999999996
9.829773591254085,28.49157539900217,11.100000000000001
7.632334674907463,28.316264947731778,11.1
7.194925114442198,27.954502697644244,11.100000000000001
8.514746090294611,28.493486123163187,11.100000000000001
10.26391271815251,28.672757428927472,11.100000000000001
9.389700692731335,28.493460195077002,11.1
5.891941245429021,28.32077904594172,11.1
5.883755354807227,28.31658564731874,11.100000000000001
6.3230968100060965,28.673950458193218,11.100000000000001
6.329061203670561,28.675346112751065,11.100000000000001
6.751602797423721,28.320258808550907,11.1
6.321996597730533,28.852847184299485,11.1
4.564360791847433,27.416436120677243,11.1
5.0039749859893305,27.41605811652452,11.100000000000001
4.564803463252844,27.41758886927413,11.100000000000001
5.443340075322784,27.780381864279036,11.100000000000001
5.0059217599851005,27.422641448731163,11.099999999999998
5.001740510129433,27.420790054432004,11.099999999999998
11.582969751890131,26.34680769637711,11.1
6.75815507040795,27.24098165587983,11.099999999999998
6.759708022390585,27.597896681011257,11.099999999999998
5.876397329079003,26.881529677613532,11.099999999999998
6.762648292106798,27.597822201232933,11.1
7.193795319496098,27.775256363862013,11.1
5.878836812208607,26.704647546405567,11.100000000000001
5.435328002862806,29.029472072827392,11.099999999999996
6.320052793823166,28.31656022092394,11.1
5.882884248303267,28.67473623971403,11.100000000000001
6.318822305180266,27.9579520159887,11.1
6.517399811491764,28.557899976972106,11.100000000000001
4.1253779,26.16649510073628,11.1
4.5627125850993995,26.168397205270296,11.1
4.1253779,27.24269095294034,11.1
4.561962157488172,27.23684415570196,11.1
4.559010226688969,25.62946972210574,11.1
4.1253779,25.8075077336885,11.1
10.271164440805915,26.346740842951874,11.1
6.3199819543085605,26.70523051568823,11.1
8.077666096677186,25.631551702096687,11.099999999999998
8.5177619963009,25.810531881101152,11.1
9.835277584167086,25.80950754227653,11.1
11.140513407143736,25.45266866189238,11.1
6.759120167348895,27.956130698855592,11.099999999999998
6.323631171232519,27.59567300919753,11.099999999999998
6.319628794261824,27.953954714951642,11.1
6.759744036609846,28.134052975787377,11.1
6.3190056421932805,27.234357907306013,11.1
6.318295370661818,26.166089854658843,11.099999999999998
4.56428819076837,26.16735913815461,11.1
5.001296206574929,27.241404651251994,11.1
4.125377900000001,25.630387469699453,11.100000000000001
4.562095667971818,25.80926179646448,11.099999999999998
4.559286106739763,25.629659706443167,11.1
4.1253779,25.983399987980413,11.1
9.833564730125834,24.735026241813298,11.100000000000001
7.190879526781807,23.12479221198657,11.100000000000001
9.398200165597057,23.30554980239212,11.1
8.075981333117767,22.412470860814288,11.1
8.95353744017126,24.02014063451398,11.099999999999998
8.949449538952665,23.48581293653146,11.1
5.447171695574444,24.200104947751527,11.100000000000001
8.077518071431607,25.451550628673672,11.1
6.324016452791505,25.095590832879886,11.1
6.760547173930277,23.307448185525622,11.1
5.44075298833554,26.883559580345562,11.099999999999998
7.198045690904419,24.199201556800677,11.100000000000001
4.1253779,24.91478684894068,11.100000000000001
4.564000219399966,24.91248182377278,11.099999999999998
4.1253779,24.559094392024125,11.099999999999998
4.1253779,24.559895071213745,11.1
4.561143947023303,24.55632574347989,11.1
4.1253779,24.199711766143558,11.100000000000001
9.391288226482153,21.69568576135852,11.1
9.82989816455432,20.44708124428067,11.099999999999998
7.198223326805951,22.77150584408751,11.099999999999998
7.193727363733137,21.159026547538893,11.1
8.957749760243763,24.55844761316077,11.100000000000001
9.83670160505746,23.66718555799751,11.1
6.310011080557303,20.623540269106385,11.1
6.326475220477945,23.844537926345733,11.1
6.760537477877512,23.488325970874143,11.100000000000001
7.202571883590725,24.025483535796553,11.099999999999998
6.3330614607860225,24.380522026501986,11.1
6.326764649957293,24.74005501754523,11.099999999999998
4.1253779,23.483859345101664,11.100000000000001
4.1253779,23.48799018765823,11.1
4.1253779,24.200711072010407,11.099999999999998
4.1253779,22.95184910542654,11.099999999999998
4.1253779,23.842562585778307,11.099999999999998
4.1253779,22.0513473379642,11.1
9.830998995780922,19.015729957784917,11.1
8.51491789,19.01352356485056,11.099999999999998
9.390840639995693,19.01470025661637,11.099999999999998
9.39322497817331,19.01556538814307,11.1
8.95228539185684,19.01468920242003,11.100000000000001
11.153664817266288,19.37367239816212,11.100000000000001
7.637841805216337,19.55238400215179,11.1
7.195961874360932,19.19664818319338,11.100000000000001
6.749266612570389,20.273553302370082,11.1
5.43686932049728,20.450439919939203,11.099999999999998
6.3168400974474785,20.626789208896717,11.100000000000001
6.756160957447823,19.91239608052578,11.1
4.5633280098277,22.412903078076795,11.099999999999998
4.567039369540091,22.590830380934545,11.099999999999998
5.007375433892603,22.59038186959245,11.1
4.567083057492596,22.231895252993407,11.100000000000001
4.564423356586815,22.054894167164804,11.1
4.566347861307794,22.76941124861462,11.099999999999998
9.38659529742987,18.65535679281516,11.099999999999998
9.390858328067567,18.47894412316439,11.100000000000001
8.516621003014562,17.406845933690864,11.1
9.39079422414102,18.121859823154498,11.099999999999998
8.95317489478935,18.47915388836298,11.099999999999998
8.950508705198695,17.944322396987836,11.099999999999998
6.757194015852226,18.299500304089605,11.1
8.078881176142387,19.190374231639804,11.1
8.076402072470827,19.014607862634588,11.099999999999998
8.51491789,19.012766017968207,11.1
8.51491789,18.299408546670602,11.1
8.514917889999998,18.65820781568302,11.099999999999998
4.1253779,19.735542658957073,11.1
4.125377900000001,20.26864928395048,11.1
4.1253779,19.727908948456015,11.1
4.125377900000001,18.657989341473844,11.100000000000001
4.565184438190554,20.800005210746093,11.099999999999998
4.1253779,18.837458159892577,11.1
8.513140192067903,17.227084500769152,11.1
9.393317363541787,16.869841849566285,11.099999999999998
7.640848373253935,16.690803270000004,11.1
8.070281148218713,16.8691090711216,11.1
8.075105777166444,16.69080327,11.100000000000001
8.07618626249047,17.047446834621404,11.100000000000001
7.2027195995977245,16.690803270000004,11.100000000000001
7.192793515141263,16.69080327,11.099999999999998
7.202208584398438,16.690803269999996,11.099999999999996
8.074930201233059,16.69080327,11.099999999999998
8.070392380572542,16.690803270000004,11.099999999999998
7.200162467736367,17.224039185572067,11.100000000000001
4.995996012538942,16.868893381022513,11.1
5.43129692163053,17.049710820083522,11.1
4.1253779,17.402631397548483,11.1
4.1253779,17.939699220995713,11.100000000000001
4.560605471938107,17.40131231447947,11.1
4.5580156537296705,17.224304682920458,11.1
6.317929747343323,16.869797526588993,11.1
5.430645557943903,16.869513388733672,11.100000000000001
5.440456439962208,16.69080327,11.100000000000001
6.761371277883387,16.69080327,11.1
5.005659108424134,16.870664006582455,11.1
5.001723247105247,16.868023922889595,11.1
8.946401788920713,16.8674762357617,11.1
6.758799998603362,17.04816071213983,11.1
8.075974243910624,17.227551010545692,11.1
8.513340898199838,16.86964613182939,11.1
7.626198731686752,16.868608550086943,11.1
8.952794046892222,17.04758408113943,11.099999999999998
12.028913443448717,17.58403402359695,11.1
12.90445788,17.763669740340003,11.1
12.904457880000002,17.75927466489259,11.099999999999998
12.904457879999999,17.583964504488627,11.1
11.150899277340677,17.405116350928516,11.099999999999998
12.904457880000002,17.761533461315736,11.1
4.1253779,20.08730730301254,11.1
5.8744231632199755,19.540968376693293,11.1
4.9953165568899385,18.1193747807848,11.100000000000003
6.317273058093747,18.121075612955757,11.1
4.125377900000001,19.191855421739703,11.1
4.1253779,17.943537919601756,11.1
8.515978413145225,19.016557742090146,11.100000000000001
8.51491789,19.01641315105115,11.100000000000001
8.951888726450512,18.835654709936726,11.1
7.6383026660508575,18.836021390255254,11.099999999999998
8.077494203220972,18.657170889658097,11.1
8.51491789,19.373810222405083,11.099999999999998
11.147645811129713,18.657950785756807,11.1
12.465764874624966,17.76656315840716,11.099999999999998
12.467299290077015,17.75975687115168,11.1
12.46683221572218,18.11722498846317,11.100000000000003
12.037067313204622,17.758695374217826,11.099999999999998
11.14782936086192,18.47744724088157,11.099999999999998
8.517583766652317,20.624894058995572,11.100000000000001
5.8783292468495985,21.161143076951408,11.100000000000001
4.125377899999999,20.98499034150198,11.099999999999998
4.1253779,19.016935704910477,11.099999999999998
4.1253779,19.19452093462308,11.1
4.562880374579144,20.26806149798241,11.099999999999996
9.39362814603541,19.552325883263777,11.099999999999998
8.077161837804464,19.91232107696297,11.1
9.831286179737432,20.26674059089309,11.1
8.51491789,19.912291522896002,11.1
8.51608656977169,19.01570700148966,11.100000000000001
8.07565426754422,21.337435438807297,11.100000000000001
10.706404804482478,19.909917680872894,11.1
10.707972019083494,19.373230978378626,11.100000000000001
11.587711097743155,19.19583094882254,11.100000000000001
11.584702139052794,19.73102217086794,11.100000000000001
11.144969801064722,20.622775715062115,11.100000000000001
11.579840763541979,18.484025674210095,11.1
5.440232396417294,22.94774676457856,11.1
4.1253779,19.726992637280073,11.099999999999998
4.125377900000001,21.338765602214682,11.1
4.564291480035924,21.33908635268927,11.1
4.562846750895432,21.51821818526102,11.1
5.001599380169654,22.411664740666833,11.1
8.513824080587641,22.768803583594465,11.100000000000001
7.635415495796856,21.875535965474057,11.1
8.520952149386792,22.23276549695798,11.100000000000001
7.641184428113698,20.979935314007264,11.099999999999998
8.077294092792606,22.234540963632732,11.1
10.706427217992278,21.699042560948584,11.100000000000001
12.904457879999997,20.626363701672734,11.099999999999998
12.90445788,20.980796941675308,11.100000000000003
12.468857981478196,22.053131277898746,11.100000000000001
12.465027733958552,21.87352195770252,11.1
12.904457880000002,20.97618422369681,11.1
12.904457879999999,21.164334838344352,11.1
4.125377900000001,23.48924361610758,11.100000000000001
4.125377900000001,23.661771593541566,11.100000000000001
5.000473975107434,23.30596412663698,11.099999999999998
4.563145651777555,23.484333267051166,11.100000000000001
4.99935658026153,23.304426812002568,11.1
5.437159207400637,23.4832850313244,11.100000000000001
6.758720160210187,24.201135918158965,11.100000000000001
8.077593417784785,23.84551645011799,11.099999999999998
8.951808446743515,24.55781321411691,11.100000000000001
7.201093594136441,24.199687071195694,11.100000000000001
5.87694567703524,24.556726870484745,11.099999999999998
7.634466525996968,24.37896700561421,11.099999999999996
11.584413373265406,22.949150225014577,11.1
12.031019922539397,23.13114024272074,11.099999999999998
11.586959336323233,23.84417991944708,11.100000000000001
11.149110475626133,23.665093986358006,11.099999999999998
11.588400919217996,23.12778252990766,11.099999999999998
11.59071882688008,23.665975227402992,11.1
4.562263617085656,26.16776433638969,11.1
4.562595300581925,25.987465785366666,11.1
4.564170779445927,27.238811844248424,11.100000000000001
5.439382976891068,26.524631401408055,11.1
4.563188735306828,26.161916297605558,11.099999999999998
4.563362531741701,26.346824310738313,11.099999999999998
10.270444199287201,27.23950171223423,11.1
8.076058571740656,27.95649795774816,11.099999999999998
5.887023002767096,27.59844002487807,11.100000000000001
9.394943518136115,27.59730016439212,11.1
10.278984370767136,27.955952910605138,11.100000000000001
9.834797591597017,28.13426324946985,11.099999999999998
11.15202492975941,23.127158557228995,11.099999999999998
10.268680193047912,24.73826397871784,11.100000000000001
8.510406795667143,24.738183491458457,11.1
9.39411264036539,23.845981783118848,11.099999999999998
10.709825034202751,24.201591978070745,11.100000000000001
11.586328042762085,25.098022019842197,11.1
4.1253779,26.70287292752442,11.099999999999996
4.563839757940468,26.341732234586885,11.1
4.125377899999999,27.063215667517476,11.099999999999998
5.881009204358419,27.59879978173112,11.1
5.001938901060926,27.419910102885453,11.1
5.440838934327438,27.42317840110057,11.100000000000001
5.426116814915596,27.956678819640608,11.099999999999998
6.75633089129787,27.597771299839245,11.1
7.201072174207988,27.775452186232098,11.1
6.760046326067172,27.59740111716944,11.1
4.558599705698497,27.955369526417375,11.099999999999998
6.759380941301056,27.599464336849927,11.1
12.46680810750048,27.06256758480319,11.1
12.030137137131835,27.599622731888225,11.1
11.585071419142817,27.776701266374292,11.100000000000001
12.023298674130587,27.77795304816599,11.1
12.03439164615652,27.4193370496374,11.1
11.590416424289302,27.241663820397733,11.099999999999998
4.561634841541809,28.67363016884911,11.099999999999998
4.1253779,28.85142564853637,11.1
6.309737796851781,28.67357679966672,11.099999999999998
5.875824091557534,28.67312145752007,11.100000000000001
6.754889120960936,28.67327485517032,11.1
5.875896650453951,28.851517977344976,11.100000000000001
8.06824400339397,27.960091244604026,11.1
6.755926571135461,28.135257095383725,11.099999999999998
6.315623190104014,28.494312034830127,11.1
5.001493855582981,28.315031830401107,11.099999999999998
5.439451541455834,28.13669215500784,11.1
7.1971933494077,28.136877282619405,11.099999999999998
12.904457880000004,28.13712918267529,11.100000000000003
12.90445788,26.707949559951413,11.1
11.144175237907422,27.23939312215663,11.100000000000001
12.904457879999999,27.25112564033334,11.1
11.15118244068837,27.239152190764475,11.099999999999998
12.46795797645435,27.95922092715066,11.100000000000001
6.752899919098699,29.029502442143556,18.499999999999996
7.1984243681723985,28.670826340925245,18.499999999999996
6.312565236126013,27.7761507489089,18.5
7.194997314452964,29.02936970617372,18.5
8.075793622584024,28.49330238045966,18.500000000000004
7.193091062836599,27.06072076893887,18.499999999999996
6.772148998407471,29.207532020000006,18.5
6.770371735571764,29.20753202,18.5
6.770496620263987,29.20753202,18.5
6.762072793225446,29.207532020000002,18.500000000000004
6.762227598244641,29.029579635121596,18.5
6.762065799987133,29.207532020000002,18.499999999999996
7.203982481603952,27.95289298082227,18.5
7.204664315050587,27.952027045319383,18.5
6.769579120252737,28.13031024593191,18.5
6.3196346710238505,28.313689034707934,18.5
8.075931641650744,28.13120449727961,18.5
6.333416870993952,27.597113218159215,18.5
5.880785116044935,26.346112087679344,18.5
7.634519434846777,27.240587847495767,18.5
6.320425189297832,27.24126611719415,18.5
6.757671859104555,26.882444667276403,18.5
6.748750401909488,26.344992979327746,18.5
7.632319742301694,27.240378699023378,18.499999999999996
7.642795495303093,27.24112603671862,18.500000000000004
6.760907329464897,29.02880712985383,18.500000000000004
7.2007958962954035,28.491893177003316,18.500000000000004
6.761001889960689,29.207532020000002,18.5
7.201052277062323,28.492452871791006,18.5
6.761614275114253,29.02893505870502,18.499999999999996
4.9993472396034315,28.313377319604758,18.5
5.441837584612468,28.1339115190753,18.500000000000004
4.1253779,27.77580488630709,18.5
4.99957791437065,28.31297200470376,18.5
5.8810947951208625,27.777117453018025,18.5
4.561808798219586,27.777964434417754,18.5
10.709073973530277,24.5578485127961,18.5
7.198851859613217,26.16622804348127,18.500000000000004
8.074731225396455,23.664588085127455,18.5
7.201070782863447,26.16799520479539,18.5
7.198199009897405,25.45055919222213,18.5
8.515420696881867,24.021724436524806,18.500000000000004
8.514917889999998,26.703881524728345,18.499999999999996
8.51491789,26.704545561408498,18.5
8.078498034003747,26.882091497209238,18.499999999999996
8.51491789,25.272723487706802,18.5
8.51491789,25.27228093346344,18.5
8.51491789,26.704460754593924,18.5
6.760924241205816,27.419427920000004,18.5
4.998198265085446,26.880766502116757,18.5
5.87379920375694,27.241817557616283,18.5
6.756946411036465,26.167337131630568,18.5
4.1253779,26.529009936479536,18.500000000000004
6.317116921610453,24.91750837462165,18.499999999999996
12.027403266634598,23.485140763560096,18.500000000000004
10.27060254012635,23.126602370173195,18.5
9.83330303787399,23.48663207380977,18.5
8.948751992259366,23.48376420579335,18.5
8.953673809291136,23.12755755667547,18.500000000000004
9.387617597809179,23.48373779759827,18.5
8.952506470538069,25.09463419804569,18.5
7.199201773955337,24.558591590715636,18.5
8.076102186369807,25.09593711784952,18.5
8.51491789,26.52415136772859,18.5
7.19997677544903,25.273088425734656,18.500000000000004
7.636191428071524,24.73691470100175,18.499999999999996
6.757317505888328,25.453386504208165,18.499999999999996
9.396046815684452,23.84402767689705,18.5
9.39464457343631,23.484437487603113,18.5
5.444128263417759,25.988811208304075,18.500000000000004
5.884710221339621,25.63310868868718,18.500000000000004
10.71014663180513,23.48601008369218,18.5
9.833891331942086,23.48641233540859,18.5
10.26593337861053,22.767748690814827,18.5
10.713089250183932,23.48814195425792,18.5
11.591236519014739,23.12726698479958,18.499999999999996
10.276789247683418,22.946824333488017,18.5
9.82598489023352,22.768702069266062,18.499999999999996
7.633795297583298,22.41365742553134,18.5
7.634907544556811,22.59229324016127,18.5
7.197484259778717,22.592509689984755,18.499999999999996
7.196342851612384,22.413997118456518,18.499999999999996
7.1977895080032885,21.51824822361366,18.500000000000004
7.636969048880597,22.77089241018477,18.5
8.947523243053755,22.05459457165958,18.5
7.630858933548286,23.30809336823467,18.5
5.441446074324428,23.306420689882955,18.5
8.952606239617342,22.23245619319994,18.5
7.197665287518861,23.128395923252043,18.5
5.438544243282793,23.486871807458964,18.5
8.966903052392016,19.547954755976857,18.5
11.155156829247863,19.54912674374784,18.500000000000004
9.833920621159436,19.73086273334684,18.499999999999996
8.51716595218891,18.47613250523675,18.499999999999996
11.150588917516234,18.65856477312739,18.500000000000004
8.953364448163162,19.90836314793146,18.5
7.202674943466099,21.517128302962156,18.500000000000004
8.07387684831741,19.732752993906622,18.500000000000004
7.635233743921756,21.69775245737592,18.5
8.073215182327912,21.51711087621882,18.5
7.635276652586526,22.05519916143569,18.499999999999996
8.07767528815856,21.161399807654796,18.5
9.827871349887133,20.44604046670552,18.5
8.072268590864581,20.805158942421613,18.5
7.19967762877155,21.517517828438063,18.5
7.636037197471727,22.053491928230322,18.5
7.636174583305676,21.517827168907278,18.500000000000004
7.193987594223687,21.875681757353572,18.5
8.507356108740117,19.016523326827,18.499999999999996
8.953140146476718,18.83609838491971,18.499999999999996
9.3955553094113,18.119775502826094,18.5
8.95420120537596,18.657388821789816,18.499999999999996
8.953125662067489,18.657531203718246,18.499999999999996
8.515303626046661,18.65749682613859,18.500000000000004
7.641887090316713,17.757448451127107,18.499999999999996
7.198986810855736,19.013090752758632,18.500000000000004
7.634745416915088,19.01531654440803,18.5
7.636036630695013,20.6265099774904,18.5
7.6379282497864756,19.193162670297358,18.499999999999996
7.198612293215071,18.835397744089462,18.500000000000004
7.200377871592276,17.763336608716834,18.5
5.002932658677818,17.226273325079237,18.5
6.759656478928982,18.4774575884354,18.5
5.879288925391971,17.226402686379238,18.5
5.879988890793329,17.226362649350968,18.5
6.761627891656717,17.405527186648538,18.5
6.7597466895772325,17.942202768324833,18.5
6.7623537544986405,17.584909505925836,18.499999999999996
6.760405131776123,18.120696552133115,18.500000000000004
6.757225638571943,17.04886284524379,18.5
6.760328029815854,17.942331283290706,18.5
8.953515389748173,18.299428025539925,18.5
7.198710852520799,16.690803269999996,18.499999999999996
6.768627760305967,16.690803270000004,18.5
7.204839118218611,16.69080327,18.5
6.332560210154822,16.69080327,18.5
6.763227936427775,16.690803270000004,18.5
7.199742205084146,16.69080327,18.5
4.999344320065864,17.22530540417885,18.5
5.0016935420978,17.406358003595,18.5
5.002074092111745,17.40690199356274,18.5
6.756013897961768,17.228352227760187,18.500000000000004
5.440269408572445,17.406674797151528,18.5
5.883145350214805,17.047389391851336,18.5
5.880370733579095,17.585167869716912,18.5
5.878889773269041,17.2277228216545,18.5
5.880298302575136,17.04844861687924,18.5
5.00382128209688,17.04834447066685,18.499999999999996
6.754968658358081,17.22789285418934,18.499999999999996
5.002536072735967,17.227717405110827,18.5
7.194385405211848,16.69080327,18.500000000000004
6.317686920623209,17.047780811422,18.5
6.759533182244876,16.69080327,18.5
7.201642357405256,16.690803269999996,18.499999999999996
7.19414138570162,16.69080327,18.499999999999996
6.75880163456951,16.690803269999996,18.5
7.199504569466933,19.372161472944555,18.499999999999996
11.151157054183102,19.011255629619303,18.500000000000004
7.196099969906488,18.658424580282226,18.499999999999996
10.271477079895638,18.121785964733995,18.5
11.147580978040546,19.908840708589473,18.5
7.196932462970994,19.374542765021054,18.5
6.760267498186494,17.9422387371491,18.5
5.8817580772162,17.22754930216645,18.499999999999996
6.766036975870398,17.58535568119839,18.5
8.076229680663891,18.12176635098732,18.5
6.322401393777012,18.833860140181137,18.5
6.761775808056625,18.119935128778327,18.5
7.203966143350159,19.1947827214115,18.5
7.63086426418322,19.911944135278826,18.5
7.633084123289842,20.804299060201092,18.5
7.633690871629809,19.375315224987993,18.500000000000004
6.75896911513578,18.477451720914935,18.5
7.634917851112311,18.836704628366693,18.5
12.027796946741244,19.183435845012273,18.5
9.82834208305578,19.728898808294147,18.500000000000004
11.145994131852186,20.081261385286684,18.5
10.71071199020841,19.550070052095258,18.499999999999996
9.83045242942797,19.55009565827926,18.500000000000004
12.02706213161681,18.119143065368924,18.5
5.882859533938064,20.803225574362102,18.5
6.3216196859644445,20.44496716408656,18.5
6.760398262536125,20.26618881632208,18.499999999999996
7.200165566784063,20.44490645796696,18.500000000000004
4.1253779,20.98105032317753,18.500000000000004
8.076429663029602,20.445089885982622,18.499999999999996
10.704454214282675,20.268201933442718,18.500000000000004
8.516184415941611,19.372778498263305,18.500000000000004
8.951450760705706,20.0891873341958,18.5
10.712336820608387,21.341643180407964,18.5
10.271357292208442,21.3409163396821,18.500000000000004
9.393758806536889,21.160736264627104,18.5
8.954344565027506,19.19339683119347,18.499999999999996
12.465902801628756,19.3721021232903,18.500000000000004
10.712605998199306,19.54996336256109,18.499999999999996
11.585390494422537,18.833977343887156,18.5
11.592218633383414,19.722915296483464,18.5
11.58834110247283,18.476273986717324,18.5
8.957068647392036,22.053929818587765,18.499999999999996
9.833154839681173,21.697506409878656,18.5
8.954853427901092,22.410235668264466,18.5
9.394801827752934,22.234932653528755,18.499999999999996
8.077631113734622,20.265888309567448,18.500000000000004
9.397682279914259,22.057393607325494,18.5
10.275274884831763,22.234567172813584,18.5
9.829580818815955,22.950305253696012,18.499999999999993
10.715589537954287,22.591043664667854,18.5
11.147931020333562,22.4125624281357,18.5
9.835971194467687,22.592084054163863,18.499999999999996
9.836362881739767,22.5920482940687,18.5
10.263384997831508,21.699809690923427,18.5
10.706760919632597,21.69978526240599,18.500000000000004
11.144190724293443,21.342259863927886,18.5
9.828584988862652,23.123374647135726,18.5
11.589535192334568,21.159017382526276,18.5
9.827998685147271,21.878558218769815,18.5
9.833266923356897,23.130538216127817,18.5
11.148868080567528,22.95215171171635,18.5
9.830325642643214,22.589721015171623,18.5
8.513934809330978,23.30712639645656,18.5
10.27419189680615,23.128888251242422,18.499999999999996
8.950036802896381,23.844461720429493,18.499999999999996
10.271886242129085,24.202393601180386,18.500000000000004
9.834096233707509,21.69799576329489,18.5
9.833532172266676,22.589080923763927,18.5
9.833216063873822,23.129488815379176,18.5
8.957786009416331,22.77039772328719,18.5
9.83334583153063,22.588561711762036,18.5
12.026888959484653,23.481878659874237,18.5
11.149735305466228,23.664420421749696,18.500000000000004
12.904457880000004,25.455748963745187,14.798624422191788
12.027027230860199,22.76991310613544,18.499999999999996
11.58887544106409,24.017636811715974,18.499999999999996
10.708355044037965,23.484615206870508,18.5
7.193976493564406,25.988428325534684,18.5
6.752062204071836,26.52352400129253,18.499999999999996
8.50920856738274,25.987906703213532,18.500000000000004
8.069953551031563,25.631314302370217,18.5
7.197956098906859,26.16494849096876,18.500000000000004
6.314772611122198,26.344353942317653,18.5
9.39312505683145,24.380674467555306,18.500000000000004
9.835333112003514,24.201205639023122,18.5
8.078642976364346,24.024492088025738,18.5
7.635360990619822,23.842813534648116,18.5
8.51139313894185,25.273953284494873,18.5
7.203856994165265,24.379906543600836,18.500000000000004
12.029660932745996,24.02022343815723,17.76293293620509
11.594724240338442,24.208480361348073,17.760025598221073
12.46768127703178,24.0214290205608,18.499999999999996
12.904457879999999,24.734929408151324,18.499999999999996
10.27297402681997,25.453305938412655,18.499999999999996
12.030327188472869,23.84874187097636,17.012762957765112
7.6375539774803505,27.419427920000004,18.5
7.637127534429751,26.884199115157724,18.499999999999996
8.077917525188841,27.419427919999997,18.5
6.7590987881046125,27.062116952401652,18.5
7.204408760027595,27.41942792,18.5
7.202682133117877,27.419427919999997,18.5
6.313043343458758,26.34488175668377,18.5
7.6378675170688535,27.062054776229925,18.5
10.272698943976849,27.957022397755583,18.5
7.19847383904455,26.70232398388453,18.5
8.94921313018416,26.703222627592865,18.499999999999996
8.513148246242704,26.881556563002754,18.5
10.272225050437623,24.380912211102377,18.5
11.148721729783528,27.238803167809756,17.761036595492843
12.464735933495945,27.41867216491352,17.754678137620886
12.025714103712689,27.954135840122653,17.75830838439048
11.152545957770375,27.41982935976749,18.5
12.027646430526103,27.77834726132511,18.5
5.874645526243312,28.852487128747338,18.5
6.764976499514695,29.207532020000002,18.5
6.323508102730364,29.02908710274388,18.5
6.317102865381147,29.20753202,18.5
5.8663225371247965,29.207532020000006,18.5
6.315003157352493,29.20753202,18.5
10.275200770112583,28.137193406842233,18.5
7.638038526483587,27.240934131214935,18.499999999999996
6.319977181355046,27.24261574761524,18.5
7.19961799086317,28.134256733413295,18.5
7.196401527721706,27.59808050243277,18.5
7.198871762108161,27.239890196212645,18.5
12.014777846458761,28.49717314630629,18.5
12.023980230591683,28.13680684699633,18.5
12.020058754027156,27.958662511748138,18.5
12.027709069713454,28.13414795142718,18.5
12.025510461020733,27.77599781192163,18.5
9.833763306192274,27.241481401233504,17.75884221947127
7.640460971600104,27.955645095549734,11.099999999999998
8.954920337027907,27.416695589918042,11.1
9.389015804063986,27.42061209656444,11.1
8.956424850112027,28.132971292514622,11.1
9.388047859681663,27.421051599096415,11.100000000000001
9.383308850926504,27.775102766522256,11.100000000000001
8.074472741774212,28.135169163140336,11.100000000000001
7.627058716150418,28.316548644892862,11.1
5.881470063982203,27.95859313871863,11.099999999999998
9.39241208438178,28.849978487368304,11.100000000000001
8.5070160933756,28.137401724050733,11.1
8.514446105363023,28.13619773368421,11.1
9.397593696878202,28.495626609111074,11.099999999999998
10.711487042052113,27.2419021115075,11.099999999999998
10.709453382982494,26.16688518982004,11.100000000000001
9.396757219041799,26.3481932466308,11.100000000000003
10.2678431892594,25.9871591988413,11.099999999999998
9.396487797746534,26.524502039530482,11.1
8.51869070723616,27.24249423997102,11.1
5.882002908430872,27.59914783668489,11.1
7.205065770860179,27.59711672317185,11.1
9.395411477507935,27.062273963659635,11.099999999999998
6.318045207035347,27.596506585932584,11.100000000000001
9.832931620056353,26.526351038864867,11.1
8.94988534687179,25.99128207872846,11.1
9.389350693805932,24.559368967066078,11.099999999999998
9.387831180228495,25.808280118913725,11.1
10.698784231092132,25.45275012350762,11.1
10.701183043971369,26.165940518724195,11.100000000000001
9.829085996450011,23.31321461146017,11.1
8.077862910310072,24.0223918088848,11.1
10.708378694645301,26.34722016766264,11.099999999999994
7.198251977232239,22.593191047975434,11.100000000000003
7.194977614211155,24.379039387057396,11.099999999999998
9.833178541646099,24.202762426470066,11.1
7.634629531992962,24.202382101825357,11.100000000000001
8.071081774274385,24.02367710143463,11.1
9.391888591521905,20.446021467887995,11.100000000000001
9.39159800630153,20.268057411809245,11.1
9.833319379530458,21.69246735240845,11.1
8.51491789,19.553312408863924,11.1
9.828253258101569,19.91110083924481,11.1
9.82752064453387,20.089848034068,11.1
8.95130065084702,22.95917064957729,11.1
6.318831922702175,22.233216285689455,11.100000000000001
9.831301664753205,22.771995260285728,11.1
9.834496974487474,20.62619276358842,11.100000000000003
7.1964590058328906,23.84264507435533,11.099999999999998
9.393559382215631,20.266655409071127,11.100000000000001
10.707094432093811,22.411617719424434,11.1
10.265716923138434,22.7645859991445,11.1
10.267424347281345,21.33828489978146,11.099999999999998
11.147549601989283,20.445436145531303,11.1
10.270318147889657,24.199498419928787,11.100000000000003
7.639147324284325,21.518094544006118,11.100000000000001
10.26907024020693,24.739103345774517,11.099999999999998
8.950060704247282,24.021647311506268,11.099999999999998
9.394220586485531,22.051293188328387,11.099999999999996
8.953061381312953,20.62337434996116,11.1
8.512761675884141,22.942679026284996,11.1
8.514917889999998,19.552948436630576,11.099999999999998
9.39142580793172,18.480594129008086,11.100000000000001
7.638767234886593,19.55311631981986,11.1
9.829160393909174,19.552769756353502,11.099999999999998
9.390612642376349,19.729696529834634,11.1
8.514289059373821,19.55281466723807,11.100000000000001
8.952064890423133,19.372647248608626,11.1
9.829760221700415,18.840603938797994,11.099999999999998
9.39029588617229,19.196402274659032,11.1
10.709089278931867,19.553274125549507,11.099999999999998
8.953563336557785,19.91136027499554,11.1
9.38767449448384,20.091452088013394,11.1
10.705457480358596,18.656956659864743,11.100000000000001
8.953349013148623,19.55199523861357,11.100000000000001
10.70694688917871,19.19284748612006,11.099999999999998
10.266309396881535,19.372859156876352,11.1
10.269102152584761,19.550066006587585,11.099999999999998
10.267972496196904,19.193942204415794,11.1
9.394090215241865,19.194820570695775,11.100000000000001
10.266288865675879,19.013030115773876,11.1
12.02704818952548,17.048221102992354,11.1
9.828647902731996,19.373968740187685,11.099999999999998
9.828304956977064,18.65817679645127,11.1
11.145854198655506,18.298367039945134,11.1
8.95102586505673,16.86837054871578,11.1
10.72030478391985,16.868498004381706,11.100000000000001
8.952511662054265,16.87058246446537,11.100000000000001
10.273751731945907,17.04687168964196,11.099999999999998
10.273599317215954,16.690803270000004,11.100000000000001
10.27073281327381,16.69080327,11.1
8.075504798120795,17.406922400722017,11.100000000000001
8.074957785400066,17.586322174102694,11.099999999999998
8.953897481307589,17.407157945887068,11.099999999999998
8.952063774832308,17.76482420391741,11.099999999999998
9.391323322381734,17.226945219691565,11.100000000000003
8.950225846895584,17.047722613992093,11.1
9.828266267899952,17.048155303234477,11.1
10.710295478098827,16.690803270000004,11.100000000000003
8.953358846405091,16.69080327,11.099999999999998
8.95741603896707,16.69080327,11.1
9.83388401934585,16.690803269999996,11.1
10.263253764095735,16.690803269999996,11.099999999999998
5.88114576877763,28.315441124119346,11.100000000000003
6.318837401895078,28.134404802562955,11.1
5.88169404940914,28.3147806200726,11.099999999999996
7.6252246549733735,28.49244745099075,11.100000000000001
6.326111720709627,28.314208098248873,11.099999999999998
6.760359594346992,28.13371788303109,11.1
6.752593880312442,28.13733799379239,11.099999999999998
6.32006772999541,28.137749297261276,11.1
6.321480449306681,28.312814736271857,11.099999999999998
7.635900231270777,27.599514806103386,11.099999999999996
6.323090896907845,28.13793492979974,11.099999999999998
8.514917889999998,27.41521379394731,11.1
7.641645089220038,26.346670228628845,11.100000000000001
6.326755307416181,24.735678129068134,11.1
7.190758537637509,26.705271603156344,11.100000000000003
5.880004926377072,25.809649999427617,11.100000000000001
5.885871157031469,26.882201550328954,11.100000000000001
5.88415356664491,27.060967417804825,11.099999999999998
7.195891657610902,27.59554597708996,11.100000000000001
6.323650051756156,26.523965244888252,11.1
7.189130510926889,26.174342602425174,11.1
6.757157268610733,26.349284608171494,11.100000000000001
6.324306326808314,26.166910264315057,11.099999999999998
6.756292568404336,26.170856216112618,11.100000000000001
6.318776230758815,26.1709097153717,11.099999999999998
5.880120739034457,25.270209270303866,11.100000000000001
5.883902912344769,27.05985260321874,11.1
5.442751125982762,25.27371615414133,11.099999999999998
5.007917479457457,21.712539609204274,11.1
6.759814709931044,25.276626415628165,11.1
6.755974713602735,24.01348157626717,11.1
7.633445300369359,23.48622396019945,11.100000000000001
5.005004144314495,26.169934930499533,11.100000000000001
7.640876922170487,25.09520948295044,11.099999999999998
6.758838440109136,26.709499428803536,11.099999999999998
7.203636317193454,25.45664859794002,11.099999999999996
6.319651188800626,24.386308371840794,11.1
6.756611099000964,22.59025556209579,11.100000000000003
6.317582038792613,23.841979808728485,11.1
7.19884741647231,24.56114073659141,11.099999999999998
5.004767668992074,21.87863934532773,11.100000000000001
6.755955524685078,25.093702635575333,11.1
5.444498290933903,22.950902143646665,11.100000000000001
6.756237922248644,24.01546379679054,11.099999999999998
4.564260060732822,20.26348664697982,11.100000000000001
8.083760934754846,20.08688655523994,11.099999999999998
5.439158499804185,19.37335141402672,11.099999999999998
5.002891132020837,21.339763514417527,11.099999999999998
5.876789908928082,20.089481615553783,11.1
5.8816724326819925,22.412930994315712,11.1
6.755552860184955,19.193806726738355,11.099999999999998
5.881592989678889,19.195558466703545,11.1
5.446681779396628,19.558001753791167,11.1
5.004180974512782,18.478467952592883,11.099999999999998
6.758964578338601,19.55235113899264,11.100000000000001
5.8803502779442995,16.86971120327717,11.099999999999998
5.001071211738131,17.76344322534953,11.099999999999998
6.760109622003434,19.554290957141006,11.100000000000001
4.1253779,18.120694464855255,11.1
5.001326758162134,18.656814442213633,11.100000000000001
8.51491789,18.66164066528091,11.100000000000001
6.757902200028918,18.120190278875523,11.1
5.005321332116118,18.835101221656622,11.100000000000003
7.198736820380143,18.299522726922326,11.1
4.5618647777308405,17.048346797089334,11.099999999999998
6.758368344517157,17.942231349224134,11.1
7.196577234972773,17.942188881966082,11.100000000000001
6.7590547154173874,17.76364613282439,11.1
8.51491789,18.478765642428677,11.099999999999998
8.07764068597678,17.762320703542443,11.099999999999998
8.076657452719443,18.657374669873068,11.099999999999998
8.515683089792262,18.479543030555114,11.1
8.076552250646792,19.01571882679797,11.100000000000001
7.638453670910827,18.11991758663636,11.099999999999998
6.321170689030302,17.58317142305723,11.099999999999998
6.754843187769223,17.224481697661254,11.1
7.635532430612731,16.869186118039757,11.1
6.314570132927448,17.046249369330482,11.099999999999998
8.071698788508206,17.223758627454462,11.1
7.1940211833481715,17.046606163960952,11.099999999999998
7.193918984355085,16.69080327,11.099999999999998
6.319635001753104,17.22421326017576,11.100000000000001
6.758513060286317,17.046760944182385,11.1
6.748219553038935,16.690803269999996,11.099999999999998
7.631738820061425,17.046912843188334,11.100000000000001
6.321475886998239,16.690803270000004,11.100000000000001
7.635902162456022,16.690803270000004,11.100000000000001
7.637944124350092,17.406037932569372,11.099999999999998
8.075810112460365,17.224345748577957,11.100000000000001
8.515894290421311,16.69080327,11.099999999999998
6.756363408975458,17.226342845506974,11.099999999999998
8.072923480440457,16.69080327,11.1
6.76220765950465,16.690803269999996,11.099999999999998
6.323616776782094,16.69080327,11.100000000000001
7.6357191916676515,16.69080327,11.099999999999998
7.203964346855568,16.69080327,11.1
7.199917944321822,16.868791996050014,11.099999999999998
7.194032429357302,16.690803270000004,11.1
6.761038058717343,16.690803270000004,11.1
8.075197034894922,16.690803270000004,11.100000000000001
7.200577015126984,16.69080327,11.099999999999998
7.202329578576667,16.69080327,11.1
7.1959135039170175,17.583382210452363,11.099999999999998
5.00343232282309,17.584112055509618,11.099999999999998
7.633342441259248,17.226465212598093,11.100000000000003
7.63078187676412,16.86913407432756,11.099999999999998
7.188497034571749,17.936515065592147,11.1
9.393852044652613,17.585362209630862,11.100000000000001
6.7513562381765215,16.690803269999996,11.099999999999998
8.954722783463948,17.226190007272482,11.100000000000001
8.953064371634301,16.869256180973856,11.099999999999998
8.953271985749184,18.30080623913429,11.1
8.075939041424567,17.58421855847516,11.1
8.076683711222651,17.04833461613816,11.1
8.516681570942964,17.048869069430843,11.099999999999998
7.197564276326204,17.763421097170394,11.099999999999998
8.077179269947964,17.764281573315152,11.100000000000001
8.51751494049476,18.65979941334084,11.099999999999998
6.760524090007737,20.625265831973582,11.100000000000001
6.318039290058643,23.306760779627858,11.1
8.951078832071593,19.192478867398282,11.100000000000001
7.636680950238333,18.12289975912939,11.1
9.830632152108773,18.657793585912874,11.100000000000001
6.760174392964679,19.72861931289176,11.1
8.95129080258701,18.835539903285742,11.100000000000001
8.952173008784596,18.658099803947493,11.1
7.192744159617749,17.9402857629983,11.100000000000001
5.4442833154782715,20.98540234905364,11.099999999999998
5.881158987953436,20.26468682878567,11.100000000000001
5.445547762101639,24.74044853893809,11.099999999999998
5.879645398656841,24.016519508668203,11.1
6.7595848380118,20.983275443225157,11.099999999999998
6.321898977658331,20.090524925001546,11.1
8.950075872179493,26.87930438542598,11.1
11.146142131175846,19.194090090484913,11.100000000000001
9.829451473722234,20.26538966336874,11.099999999999998
8.513601813221825,20.623753149123843,11.1
9.832610139761593,19.373555258221966,11.1
9.825862483913344,20.09171656519796,11.100000000000001
7.200730939785199,24.556864404414714,11.100000000000001
7.196747826710898,26.34558907118432,11.1
7.19740309193047,26.52391254862707,11.1
7.6349311599390175,25.810702972637714,11.1
7.198348690904231,26.70516668914938,11.099999999999998
7.637623976457248,26.523444934927383,11.099999999999998
8.518452858882402,25.80984740092744,11.1
8.076750122426288,24.738033238993314,11.1
6.755641087168495,25.45661506069855,11.100000000000003
8.513916176816453,27.95616785234547,11.1
8.94661312443294,26.70187530248001,11.100000000000001
7.200675798154279,24.377831767913595,11.1
6.322121192061997,27.596514490809884,11.1
6.7579176697628665,27.061823620533918,11.1
7.198873306148693,27.419785500387,11.099999999999998
7.633150626213593,28.13263173860301,11.100000000000001
6.321609880445392,27.95515904221843,11.1
6.319493825840633,27.776610255840335,11.099999999999998
9.392110027156756,28.314019770230697,11.1
9.399188498934683,28.851419035783906,11.099999999999998
10.7206231483183,29.030529302028967,11.099999999999998
8.076198520780077,28.673105878793574,11.1
7.1943078360118236,27.956413764414478,11.100000000000001
6.3272895951559835,27.95830173752182,11.099999999999998
5.883510836903932,28.312825444654788,11.1
5.878224670287019,27.779161756754952,11.100000000000001
6.7536152614387355,28.13632188333479,11.099999999999998
5.442267858786587,27.599302165916203,11.1
6.756229531355563,28.13608419993286,11.1
6.3145806271778495,27.957710509378913,11.099999999999998
8.074647029113171,28.849914493703608,11.099999999999998
7.6277544617279744,28.8493841580426,11.099999999999998
7.61900649635648,28.315182992580187,11.1
6.753872804883105,28.137681163512653,11.099999999999998
6.315053800785992,28.137637254866153,11.1
6.751783513039604,28.140527482804224,11.099999999999998
6.315050027702659,28.49203553605102,11.1
5.444170718048063,28.13533780833431,11.1
6.321705849310793,28.31606511510294,11.1
6.317193839208497,28.669669698404835,11.100000000000001
6.758128230465156,28.315858793795634,11.1
6.755264969273871,28.316473474928014,11.1
6.317883644793459,28.495621450384874,11.1
5.872784081262227,28.13853132286854,11.1
6.316517022282762,28.672465690754393,11.1
5.868520021771486,28.319423253909783,11.099999999999998
6.754238003222146,28.85099951443417,11.099999999999998
6.308137899691181,28.67334257526089,11.1
5.878860561104315,28.494020048504275,11.099999999999998
6.7551939444683615,28.31680720989707,11.100000000000001
6.3142915288266455,28.494613069438756,11.1
6.321451022043769,28.314388844368494,11.1
5.4425802478495156,27.958031957751896,11.100000000000001
5.875760545445097,28.497817864316303,11.100000000000001
6.312937357191554,28.673158907925615,11.100000000000001
6.755296769446036,28.85116062991223,11.1
8.941911908230493,29.207532019999995,11.1
7.629750503104214,29.02946569269318,11.099999999999998
6.750378547497456,28.85025879047148,11.099999999999996
7.179186879030706,28.8505981655707,11.099999999999998
5.4358978006378145,28.67354487750473,11.1
5.429674629605702,28.851996369389667,11.099999999999998
5.873628339218594,28.850911311262532,11.1
6.737379572226553,28.8533660725839,11.1
5.866011284057834,28.674536635934786,11.1
8.958870159639167,17.584999192295093,11.099999999999998
8.52114499421542,17.04726444643325,11.1
9.830986679642109,18.658002449435596,11.1
8.956482180393449,18.120456485502967,11.100000000000001
8.085961296592847,16.86931760130261,11.100000000000001
9.403293834066337,17.04660766201392,11.100000000000003
10.268301729046792,18.121406028011407,11.100000000000001
8.9517603258934,18.479812470451762,11.1
8.953306413269422,19.01674308692998,11.100000000000001
9.39031690201392,17.586477069027055,11.100000000000001
7.6336375449280744,17.22896083190718,11.099999999999998
8.953235105833388,18.837098465084832,11.100000000000001
9.831285469419313,18.12162674480526,11.1
9.829234805803328,18.8384434539582,11.1
9.389260236122428,19.373395192711644,11.099999999999998
11.140745075038206,18.48040593728808,11.099999999999998
9.825608684269982,19.195581363555586,11.100000000000001
9.8256389889086,19.37352299496644,11.099999999999998
9.389851895555307,19.374410237210373,11.100000000000001
9.836002917586239,19.731990217678863,11.1
8.953938462440203,19.374570003276858,11.1
9.82421124933511,19.373187672989808,11.100000000000001
9.391051174562696,19.015942035752133,11.1
10.269407853920377,19.19484049373061,11.099999999999998
10.706151160265744,19.369847403325142,11.1
9.38787962041143,22.405566776889472,11.099999999999998
9.826062478170705,19.734567902529292,11.1
9.822483057015658,21.50956580712595,11.1
10.701889992561627,19.373493049288925,11.1
9.830127879543065,19.912263939935425,11.100000000000001
10.265156831549533,19.37267372382452,11.099999999999998
10.266139753313608,21.515754619803165,11.1
11.144603673327982,20.08952302861315,11.099999999999998
9.835510843117167,20.80524683546894,11.100000000000001
10.706638979767234,20.62357526922576,11.100000000000001
10.714469275047168,20.984386346939434,11.100000000000001
9.825221955955367,19.732094680370917,11.1
9.389974284425403,20.97992114509083,11.100000000000001
9.38899369233079,20.98119498053251,11.1
9.829890227542904,22.593737575144296,11.1
10.265689566333373,21.15868887748223,11.100000000000001
9.826182169627401,21.516381630595514,11.099999999999998
10.272806629606597,24.022286118973327,11.100000000000001
11.590762907858135,24.018932976078414,11.1
9.394949522559049,23.84626863604063,11.099999999999998
9.833396356660703,24.380100358534847,11.1
10.707963126452889,23.84128463859384,11.100000000000001
9.824758973201286,22.405889419845874,11.1
12.46462825708009,23.66403375862297,11.099999999999998
11.14704100879268,23.66596397485326,11.1
10.266576157116482,25.63270892518148,11.1
8.9538305589306,25.275041435426147,11.1
9.829525194655943,25.09653783761389,11.1
8.951935085780399,24.3849804911053,11.100000000000001
8.952613297553246,21.702013037635353,11.1
9.389042144918768,24.023721569076002,11.1
9.828045669318294,23.48493954991131,11.099999999999998
9.38893509078656,21.516631240740242,11.1
10.27432405342205,23.663706800765752,11.1
11.151361909989339,23.84475813291189,11.1
9.841992696482569,23.844751733582374,11.1
10.2657119997652,26.165540357286332,11.1
8.513644520187777,25.809804367443085,11.099999999999998
9.822631247712847,25.987649377592767,11.099999999999998
9.824681766872601,25.98764450874853,11.1
10.261412983855951,26.16865048677519,11.099999999999998
10.270449157110836,24.73842959669086,11.099999999999998
9.391765931383066,25.810219157615133,11.1
8.956307592651873,25.27510844350433,11.099999999999998
11.584020246638365,25.09234444737029,11.099999999999998
11.590672720753064,22.59308226146079,11.100000000000001
11.579447364855803,25.808996470094016,11.099999999999998
10.709932921276915,26.705490051346594,11.099999999999998
10.715462134748313,27.062191079837337,11.1
9.392578113967048,27.241589406653127,11.099999999999998
9.389305990968214,27.598219188516627,11.099999999999998
9.829214289991532,27.24093257231315,11.100000000000001
9.829214289991532,27.24093257231315,11.100000000000001
8.956482147652645,26.703320210432658,11.1
11.145432373825887,27.065075924581325,11.1
10.272204553776055,27.41942792,11.099999999999998
8.0738572108927,27.419427919999997,11.1
8.080808034735671,27.59703793018412,11.099999999999998
11.15018014097579,27.419380254784855,11.099999999999998
9.83463716546619,27.9559702207,11.1
10.271064922831638,27.419215471148146,11.100000000000001
10.711783230532898,27.41919522841762,11.1
9.833645946624126,27.776423465565728,11.099999999999998
10.712110421551468,27.59576755593382,11.1
10.274386271948503,26.704768491654317,11.099999999999998
8.96196617555258,27.77664078551715,11.1
12.032683651644769,28.4898102905188,11.1
9.389846512367138,28.49318350220192,11.100000000000003
12.024867500443916,27.77584882046008,11.1
12.024429164067257,28.319785643441765,11.099999999999998
11.592319003937462,28.49485061492584,11.1
11.584407050812313,28.673329295883864,11.835243856270857
9.829020285732412,27.9536701784131,11.100000000000001
9.393526431615573,27.596883100773162,11.1
10.26850376944925,27.063221605236315,11.1
9.396148543686818,27.24226223770367,11.100000000000001
10.263671377269896,27.78294316794701,11.100000000000001
6.321755993526611,26.883914255973195,18.5
6.753736587517036,26.880945361895368,18.5
5.882844018091024,27.419427919999997,18.500000000000004
8.073329534761335,27.23949654905498,18.5
8.075051438425563,27.241837731193026,18.499999999999996
9.839104821709542,27.776130304201807,18.5
5.8790645769406975,28.67247875784819,18.499999999999996
6.759028556917416,28.672058654422003,18.5
5.875844363215622,28.850755319814226,18.5
6.315858297239247,29.029265380848802,18.5
6.319065504464882,28.133905479540413,18.5
7.197822421015578,27.59834882095368,18.5
5.892002603355605,27.419709473783804,18.5
9.82913904442011,24.73859382934947,18.5
6.3196908183427105,26.882460349452735,18.5
8.95200908865885,26.88303995178778,18.500000000000004
7.63713981706922,27.062313907840977,18.5
10.273514380220208,25.0915698144637,18.499999999999996
8.514004825371243,26.527096577776817,18.5
8.517635191015733,27.420001028127697,18.5
9.835266175253404,27.418670576753424,18.5
7.201844607226225,27.418226355417048,18.5
8.95973405463101,27.7777380197519,18.5
7.203660483503659,27.418677330749265,18.5
8.511520792451755,26.887158042903554,18.499999999999993
8.954186677305684,25.27423165682416,18.5
11.148957352810953,23.844309808535353,18.5
11.14787710844582,23.666885498533247,18.5
8.953853208182013,24.917803631193966,18.5
9.392260414391613,26.883693208148635,18.499999999999996
11.589637482062098,23.844187836297998,18.5
10.720839961964701,23.665126530589376,18.5
11.154377267979495,23.483607115070342,18.5
10.71332804045099,24.733472764938465,18.499999999999996
12.027949142951707,23.661796271570037,18.5
7.636866465200821,25.450456841877035,18.500000000000004
8.51601468816843,21.696913294240183,18.499999999999996
10.709162599941656,22.94682272363566,18.499999999999996
10.268683640891778,22.232129475251984,18.500000000000004
9.831503441786994,23.126161178587914,18.5
10.708209674259482,22.946598034186174,18.500000000000004
9.829865830565536,22.768707942627213,18.5
10.26821128315369,22.58971606089215,18.499999999999996
9.835767058306493,22.233212482832215,18.5
8.512878857487372,24.561332765765396,18.5
10.710395653223951,23.30702231609514,18.5
11.143485146062977,23.304979553964284,18.499999999999996
10.710071449140568,22.412863300933484,18.5
10.269265044815405,23.30609639622899,18.5
9.393102881075261,20.625317889009665,18.499999999999996
10.710467467930345,20.44809754811017,18.5
11.586288147710954,22.233027125523318,18.5
11.145444298515912,22.588976763364926,18.5
11.143483080436457,20.802492639110547,18.5
11.148821131072816,20.982612889017496,18.5
10.275568077355269,21.34118969974568,18.500000000000004
9.395531739738626,21.161380914408085,18.5
9.836764466389962,21.520616933485265,18.5
9.83326326094757,22.949864921763186,17.760345271197398
10.712285890104365,22.765761298385563,18.5
10.266826673751487,20.624583126266792,18.499999999999996
10.71455786349683,19.725777545186972,18.499999999999996
12.023653761004082,21.16113112515189,18.500000000000004
11.583585362016596,19.908757962188922,18.5
9.835544284488023,19.729550989765567,18.5
7.6401623788975535,19.729193070263797,18.5
7.197273231160164,18.83808213940007,18.5
7.190222944631976,19.196592467277206,18.5
6.314873989871785,18.660056817326847,18.5
7.196278947050298,19.73225436801967,18.5
5.879923839464597,19.731416851875146,18.5
5.8789328458294445,19.195843755639675,18.5
8.955729393793892,19.730276514637207,18.499999999999996
9.833754566119183,17.942706011911074,18.500000000000004
9.392395969906818,19.19454373913693,17.020732872634863
10.271212278038066,19.37582713247245,18.5
8.95459641372982,18.837000163216686,18.5
12.028662185766795,19.19297348956046,18.5
10.268282081937667,18.839192275655122,18.5
8.07641945593708,18.657560886936196,18.5
7.635255976188391,18.65246921757566,18.5
5.0056695852636075,18.65274867005378,18.5
8.953369802778075,20.266292319570987,18.499999999999996
11.590454522680929,20.453208287839765,18.5
7.6334121220636595,17.9416549355543,18.5
5.88408426878197,16.868307097699834,18.5
6.328157839408334,16.86797983283924,18.499999999999996
7.635824400111765,16.8682477893215,18.500000000000004
8.514668437725483,17.22699037656384,18.5
7.204572804522281,17.22411093203233,18.499999999999996
6.75738316549252,16.86882672390554,18.5
8.080693448443768,17.761305277186004,17.760739584396823
5.879978135722555,17.046732195425573,18.5
6.3242798739705615,16.86791075361501,18.500000000000007
8.513262632876891,18.111025494651354,17.030616251825254
9.832867674128572,17.943164273147822,18.5
12.027810856442862,21.523163545254533,16.277009303368114
7.190516961221539,16.690803269999996,18.5
8.51312153654365,17.22621509294062,18.5
9.390548965694599,18.475509460440556,18.5
8.5180386493681,18.30089885438496,18.500000000000004
8.953004767892757,18.65178483849872,18.5
8.956292150161625,29.207532020000002,18.5
7.20729797457722,29.20753202,18.5
6.757923475349149,29.20753202,18.5
8.95311231827534,29.20753202,18.499999999999996
8.078800044423966,28.850677412024893,18.5
6.762976184160218,29.207532019999995,18.499999999999996
7.639561445615278,29.207532020000002,18.500000000000004
8.528480965247368,28.85103862759839,18.5
7.638345780123503,27.600112767033693,18.5
8.080152322060545,29.207532019999995,18.499999999999996
8.513139241779646,29.028396345471155,18.5
6.76184725045928,29.02833896982625,18.499999999999996
8.961542298354214,29.029641717515766,18.500000000000004
7.639703050847547,27.235205274936902,18.5
8.074477980827403,28.49282145694018,18.5
8.51798540364338,28.13720744344439,18.5
6.7601473552860405,27.776530180339428,18.5
6.3214913081910415,28.67002396074058,18.5
6.759647414863766,23.842014928923717,18.5
9.397917355744115,27.240597298522264,18.5
9.830644498854985,27.418593440982967,18.500000000000004
7.1950572972775255,27.23902285465232,18.5
7.642163204455271,26.34947434730392,18.500000000000004
10.279029472441202,27.959523777022298,18.5
9.394807636180035,27.242126416992456,18.5
8.95178707503212,27.06155941826266,18.5
10.70144100873326,28.134601879101098,18.500000000000004
9.391955712687265,27.776117635104022,18.500000000000004
10.267046204968018,27.77628817747395,18.5
8.509168887475122,27.774498070478863,18.5
8.073426697050339,22.413075950736015,18.5
8.52340970565919,24.748165283940317,18.500000000000004
8.077671681718591,23.487069194609,18.5
10.713377346284668,26.170591055784165,18.5
9.394798692206823,27.4193982367807,18.5
8.516651304111754,23.6659003441287,18.5
9.833277046877381,27.420376095842034,18.5
8.517661878029442,24.029831322549143,18.5
6.323927017879004,19.897773945891053,18.499999999999996
8.0749873136397,23.127595299531425,18.5
7.637495506248649,19.903789743514224,18.499999999999996
8.077111745839273,26.525567939791394,18.500000000000004
7.200615020637071,20.980801948411298,18.499999999999996
6.760394203951531,21.162684411657402,18.5
6.760923220774809,18.65549767756629,18.5
9.391301356024838,21.51367683873921,18.5
8.0750759189392,19.0157245617145,18.499999999999996
8.513334609471066,21.15860233378627,18.5
7.200324685261289,20.265913973179707,18.5
8.077526015176517,19.19450724585314,18.5
7.638795414503547,20.624163282785567,18.5
7.200774167839493,22.770345334915955,18.5
6.762865319301251,19.008287877789304,18.5
7.198504635551837,18.833877159249337,18.5
6.7616917559604515,17.582136177490327,18.500000000000004
7.639336623370642,18.118057154932846,18.500000000000004
6.760385036963654,16.690803269999996,18.499999999999996
8.955767741140408,22.054894020072137,18.5
6.320266041761691,16.86909847744154,18.500000000000004
6.760167594261244,17.40201302621213,18.5
8.07697498912361,20.084437437226867,18.5
9.836466012140287,24.742253387305418,18.5
9.393141148067683,24.021845968839905,18.5
8.513647101746745,19.90049496808593,18.5
8.076497163677672,19.373604056436932,18.5
7.200773978531968,20.08725315891962,18.499999999999996
7.200148305656251,20.803817889378312,18.5
6.761109194809974,21.33709593159649,18.5
5.880745800352311,20.267366025832608,18.5
5.879990996308533,16.868937276748145,18.5
7.198359509779006,19.361594415733954,18.500000000000004
6.3200219877114145,20.803780470006313,18.499999999999996
6.758975656525146,17.58167960676638,18.500000000000004
7.203112181123769,18.29799592363777,18.499999999999996
8.077534584118933,20.969777510780496,18.5
7.20191893322713,16.690803270000004,18.500000000000004
7.199969114385205,17.04652068147139,18.499999999999996
6.324700553857978,17.403157679214807,18.5
7.199350231036078,16.69080327,18.499999999999996
6.325178214705688,17.757443899470896,18.500000000000004
7.200200348807977,19.546994406003847,18.5
7.20506531137571,17.399093979461053,18.5
7.201886899787507,17.934665039669945,18.5
7.203629585162913,17.400882607480003,18.500000000000004
7.6418996429883865,17.573453794850863,18.5
6.32160272121887,17.224855639983666,18.5
5.885043887337368,17.04714996657557,18.499999999999996
6.759935588383809,17.761755157582183,18.5
7.201786710845655,17.402219628923216,18.5
6.318678071360004,16.690803270000004,18.5
6.32347244328708,16.69080327,18.499999999999996
7.200318081432706,16.690803269999996,18.5
7.19642358722041,16.690803270000004,18.500000000000004
7.195218889017439,16.690803270000004,18.500000000000004
6.763505392287258,16.690803270000004,18.500000000000004
7.202320534940689,16.69080327,18.5
6.321032728014817,16.690803269999996,18.499999999999996
7.193831219248334,16.69080327,18.5
6.320507653325847,16.690803270000004,18.500000000000004
7.198074453891935,16.690803270000004,18.500000000000004
7.194065938208435,16.690803270000004,18.500000000000004
6.7658001591753605,16.69080327,18.5
5.8867443586080235,17.226915608640955,18.5
5.8893997962648905,16.869292894646556,18.500000000000004
6.762561656755801,16.690803269999996,18.5
6.767271961091303,17.046632211001718,18.499999999999996
7.207391947605754,17.046420731814298,18.499999999999996
9.38728018177698,20.070876016302748,18.5
5.884061858068614,16.86958540068982,18.5
5.443353241828889,18.120882138233217,18.499999999999996
5.886148595027598,16.869524059076298,18.5
5.44628807387013,17.226976161036422,18.5
6.323125013692272,18.474459324408286,17.762263839561395
6.319129454905626,17.22821145931074,18.500000000000004
8.951718922805806,20.972614860688623,18.5
6.760794015876966,17.761791149964466,18.5
7.200674613540039,18.653154286767545,18.5
5.880152516071033,20.449390116377636,18.5
7.638743627086733,23.842508584649202,18.500000000000004
5.880008740859628,20.451405175563266,18.5
6.7601422076969975,19.90741493959071,18.500000000000004
8.49471227192919,27.05522569448355,18.500000000000004
8.062133490765193,27.234002526178024,18.500000000000004
8.05208886062605,26.87548197806466,18.5
7.612615768484254,26.51904482746012,18.499999999999996
8.064134071678993,26.70126426737815,18.5
6.312690865265632,22.4205116841599,18.5
7.196611061454202,22.9533191735182,18.5
7.622341633447036,25.63226498703818,18.5
6.31724221127365,23.48527865153288,18.499999999999996
6.762069947867065,20.978187168095168,18.5
5.877007369462109,22.062465471326767,18.500000000000004
7.627713433994169,25.09829428272839,18.5
8.49664352444053,26.877925282549917,18.5
5.873988520161048,24.739003292636166,18.5
7.615889775450709,25.63233150203084,18.5
7.182304651969805,26.16437480490669,18.5
6.75274622041871,24.560119973726948,18.5
4.562987167152244,22.960444101779355,18.500000000000004
7.18507313018077,27.05640362286945,18.5
7.197328753388523,26.703157944964868,18.5
6.752437136046202,26.34475895754404,18.500000000000004
6.750563921653706,26.523358465181822,18.500000000000004
6.315479948063308,26.703745274944477,18.5
8.055633188264887,27.055246256399485,18.499999999999996
6.746512385468856,26.69791527059217,18.500000000000004
5.865705021361143,26.51797344824632,18.500000000000004
6.31160085416048,26.343502855184592,18.499999999999996
6.318027361151307,24.20254597690735,18.5
6.314526451866131,23.312223439541732,18.500000000000004
7.16705843342208,26.516332182851492,18.5
5.876343764856724,25.452265604773935,18.5
6.306517542322705,26.698180080316668,18.5
5.001821516152221,27.41894818814614,18.5
6.3165071269466395,27.4174089428766,18.5
5.439961232379271,27.238689422314575,18.5
7.184892203592617,26.879602161566062,18.5
7.638383690824802,27.0635650746261,18.5
8.070637529746685,27.239586705134627,18.500000000000004
4.999129923075243,26.87956400378011,18.500000000000004
6.752737654714313,26.8814920158923,18.499999999999996
7.630630218884509,27.059968970832358,18.500000000000004
5.876722084864037,28.136957936919185,18.499999999999996
6.754228334178198,27.06331684267051,18.5
7.624637761408539,27.237293611816753,18.5
6.318001618748384,25.809932326802922,18.500000000000004
6.7467751653104076,26.701502102829256,18.5
5.43735643700478,27.058057784533787,18.5
6.315957818769297,27.772756673091145,18.5
7.639174339522701,28.492869488763063,18.500000000000004
5.882428712376186,26.702175592077687,18.5
6.318035428591527,28.31406467295663,18.5
5.8778285987994625,27.059568922677514,18.5
7.196703653884707,27.77685766098522,18.5
7.635418741219202,27.061158867384588,18.5
6.762804068616901,27.42050743307404,18.5
6.75843362190737,27.42005506586769,18.499999999999996
6.317100925018253,28.313096852719102,18.5
6.311632099692737,26.699829234501458,18.5
5.002905300908145,27.954801869744017,18.5
5.443995072898213,28.316623025154467,18.499999999999996
6.760343980970707,28.851468863567803,18.5
6.322228393227778,28.67232697724613,18.499999999999996
6.746655259920118,28.85235142850261,18.5
6.755457932191803,29.207532020000002,18.5
6.315492817113377,29.207532019999995,18.5
5.004355150752645,28.136090968169498,18.5
6.764647960915307,29.029514526478074,18.5
5.880234701452224,29.02802407237928,18.5
5.88168631027574,29.029456685520646,18.499999999999996
6.760950748176849,29.02930591344084,18.5
6.319217381199361,29.029045871315613,18.499999999999996
7.199853819592998,29.02923351116511,18.5
5.436814763007576,29.02923022168401,18.5
5.436811558695249,29.029681110371897,18.5
6.319058111877115,29.207532019999995,18.5
6.3246548351237015,29.20753202,18.5
5.87180397532465,29.20753202,18.5
6.760088579728127,29.207532019999995,18.5
6.774237230395539,29.20753202,18.5
6.767442006158491,29.207532020000002,18.5
6.324326636597094,29.207532020000002,18.5
6.323317684209022,29.207532019999995,18.499999999999996
6.757701157779965,28.85123233265268,18.5
9.830434376679346,17.942169060105762,18.5
7.19767124912258,18.47990858639526,18.5
8.952110859284224,17.405781712367897,18.5
8.948278232344608,17.94236701252463,18.5
5.881942452033683,17.94226880664943,18.5
5.886506348299204,17.408143827138435,18.500000000000004
10.271485936168377,18.29978142090478,18.499999999999996
10.712706148177274,19.553789345536686,17.762918974978
9.392208127331907,17.764332937077135,18.5
9.834496951119103,19.015180832396034,17.020198894298865
8.952458982904538,18.300681573573367,18.5
9.831019843057465,19.37494324786372,18.5
9.832377668890686,18.662567825139107,17.755594334668416
11.590726270728727,19.730446072723907,18.5
11.588215208205838,20.443327709772873,18.5
10.2699415800983,20.266139126179617,18.500000000000004
12.904457880000002,21.70113237484427,18.5
12.466293768263872,22.413226553685945,18.5
10.713730559872513,21.703028927733158,18.499999999999996
11.148916633997537,20.44636003788552,18.5
10.705829306412069,19.908792451701018,18.499999999999996
9.829451494405369,17.94460662826909,18.500000000000004
12.030395088922706,22.059400285943386,18.5
10.270790926898217,20.265977719278723,18.5
11.587738322521766,22.056182631655588,18.5
10.718921796704453,22.593849151181622,18.5
11.587091288226272,22.054726632517518,18.5
12.466716447049928,24.202239509949678,18.500000000000004
11.595619916766287,24.208300637019555,18.5
12.464941414234836,23.663721459959394,18.5
9.836359458538274,22.235877325888538,18.5
8.954031106777794,20.79628733972613,18.5
10.708098014549865,19.37390839853892,18.5
10.708716737747276,20.266409427386623,18.5
8.514390688331286,20.086396020522287,18.5
10.266575829794084,21.336423387780133,18.5
9.827058115635323,19.909980364701656,18.5
7.19698529538123,22.94869452325212,18.5
8.518565646588844,22.23620607927107,18.5
9.388842839865587,23.12831332724641,18.5
10.26887864101772,24.38103146467293,18.5
11.146540430675744,24.73717199936844,18.5
8.519552926056473,21.875241419817897,18.5
9.839998861062366,22.592101648718298,18.5
12.02661991298355,23.665087382424687,18.500000000000004
11.588247627860321,22.950437197483215,18.500000000000004
11.147659315264868,22.59044944738064,18.499999999999996
10.712429409099688,24.199737925545946,18.5
11.147062721855225,22.9471350691126,18.5
11.150409609439269,22.952672263265285,18.5
12.02964557363993,23.84713771183765,17.763236556222274
12.030467601593925,24.382499389191214,18.5
10.274879639905087,22.414229412562612,18.499999999999996
10.270862867216374,25.27314163078842,18.500000000000004
11.591336529581643,26.52449843015771,18.5
9.830686847904623,23.48515525007125,18.5
9.392390402454673,23.487420080553726,18.5
8.077195319360845,24.38095591143842,18.5
11.586162720542308,23.486279886427152,18.499999999999996
7.637743868177888,24.92022517000233,18.5
12.028450911595257,24.025298627157557,18.5
8.512154460778257,26.704513859907944,18.499999999999996
8.071287214891552,26.34646221762179,18.500000000000004
7.190530407709242,25.809697864720036,18.5
8.517254996655181,25.459643023248844,18.500000000000004
10.704586805678648,25.633630223814066,18.5
7.19924529283745,26.88260166659503,18.499999999999996
10.709977978119046,25.631866867574548,18.5
8.513486943801526,26.704752841108835,18.5
10.268106804696185,26.347442654816085,18.5
9.39541889867812,27.41887873080885,18.5
7.643432875417734,27.240994584086152,18.5
10.709565603769056,24.379202213548123,18.500000000000004
7.197409990103576,26.88258145723619,18.5
8.509231044038989,27.23962582411896,18.5
6.32282976573881,26.704321765088405,18.500000000000004
7.638726137794169,27.419536860241585,18.5
7.2002651049163875,27.24031537271862,18.5
7.639548776739057,27.4195762245808,18.500000000000004
11.585222923552408,27.061050837966857,18.500000000000004
9.392321567531138,27.062510133119545,18.5
9.392246179546108,27.2406080035313,18.5
7.6299799218587445,27.419427920000004,18.5
7.6435389575475,27.240653422456546,18.499999999999996
7.637080653984118,27.42003762742674,18.500000000000004
8.519926924296104,27.599823376557737,18.499999999999996
8.077067799556817,27.419409616659546,18.5
7.2009010365842165,27.778125290052817,18.5
9.83922310783798,27.598735836420534,18.5
7.63977205118604,27.42090618577056,18.500000000000004
8.080777341584971,28.493106442107152,18.499999999999996
9.828810561236095,27.955969048867612,18.5
7.210475250857618,28.487688946389756,18.5
7.641622406801806,27.955726460892475,18.5
9.399286026597645,27.601801152988262,18.500000000000004
9.827729721335608,28.133200149076238,18.500000000000004
10.275735659461342,28.136605168594627,18.5
8.521850489493401,27.95672705417388,18.499999999999996
8.515328601027523,27.41942792,18.5
7.637130503243341,27.241546621378255,18.5
8.076291440575059,27.062282976299507,18.5
8.072191884563273,27.23955700231589,18.5
8.97322298528505,28.8511776501603,11.1
12.90445788,28.32481006871103,11.1
12.904457879999999,27.96127855092402,11.099999999999998
12.90445788,28.144328441309856,11.100000000000001
12.90445788,28.328768032211475,11.1
12.031816370788526,28.32077508674467,11.1
7.191134376617601,27.780157237157677,11.1
8.071625764441915,28.313696387159332,11.099999999999998
7.634150498343378,28.31331808365729,11.099999999999998
10.708470260032593,27.956521183353402,11.1
8.061692184658623,28.490748642428997,11.1
6.746294679225736,28.495656496829664,11.1
6.310529369631734,28.672612195399065,11.1
5.436421709523167,28.496115076246284,11.1
7.187671451669305,28.49496205684128,11.100000000000001
7.186969058700951,28.85172626018467,11.1
7.623990014769699,29.20753202,11.1
7.18983662113554,29.207532020000006,11.100000000000001
12.467972895202198,28.672271916115484,11.099999999999998
11.599151417123684,27.777814117007285,11.1
11.589041270397601,27.419448224872653,11.1
12.469643633372812,27.78041483611593,11.099999999999998
11.154007730412285,27.60257401280566,11.100000000000001
12.029411232803284,27.954919963879526,11.1
8.512443536930567,27.953186335012116,11.100000000000001
8.07342890476221,27.95777524257394,11.1
6.321898067397239,27.779387845202784,11.1
7.641922644540055,27.59721252497543,11.1
9.829633106776113,27.599842787727113,11.1
7.185952939464008,27.776977622785886,11.1
5.879940982734634,27.06341471004742,11.1
5.441061017794644,27.95686097811429,11.100000000000001
6.320143046417418,25.988408211649052,11.1
5.877822276921821,27.421241131425052,11.1
6.763162785857314,27.598227341160346,11.099999999999996
5.878402272961645,25.453363305090804,11.100000000000001
11.589025695458046,24.55612939317143,11.099999999999998
11.148103248847196,25.633881128665294,11.099999999999998
11.706926079025125,24.814231980922248,11.100000000000001
12.90445788,23.130269509838815,11.1
12.904457880000002,24.7385010219419,11.100000000000001
11.590734936387697,24.020242507648675,11.100000000000001
8.948629644034835,25.45558798878934,11.099999999999998
5.8828112406099455,24.20147905581291,11.1
9.835765739718845,25.634664429079752,11.1
10.2665372815174,26.69985676420891,11.099999999999998
10.716275103721998,26.168160141085462,11.099999999999998
10.705146374052903,26.169402690523246,11.099999999999998
5.878634936350141,25.99047388153391,11.1
7.198792040993581,26.705931353670838,11.099999999999998
6.762056895332639,26.524277029907402,11.1
6.758624158747379,25.27289194939346,11.1
6.321729913195326,24.736212620908194,11.1
5.4435242211286035,25.8096682399659,11.099999999999998
12.90445788,23.839353419048326,11.100000000000001
11.592486369219628,23.48471891738094,11.100000000000001
12.904457879999997,23.31053752321336,11.099999999999998
11.151067960220312,23.483726327344492,11.1
12.90445788,22.05938800578446,11.1
12.904457879999999,23.6592360187509,11.099999999999998
10.711502061644014,24.558632240503837,11.100000000000001
10.276230746111086,24.19902827945808,11.100000000000001
9.83557883001464,24.37810769151023,11.099999999999998
9.396798505250539,23.842880990578497,11.099999999999998
9.831081278288185,23.66804835042829,11.1
8.955332165752537,24.379314441841558,11.1
8.516278294024243,24.73843022549232,11.100000000000003
6.759967260343004,24.02374055258793,11.100000000000001
9.394138082337554,23.84619427748654,11.1
8.96237212210941,24.37962947858715,11.1
8.956260521697532,23.666959225905984,11.1
7.203616733230393,24.0219372626036,11.1
12.026082522527815,21.340909914811974,11.1
12.904457880000002,22.236231416340896,11.099999999999998
12.90445788,22.06148688627408,11.100000000000001
11.589852938983793,22.05558696848165,11.099999999999998
12.904457880000002,21.341167317745384,11.099999999999998
12.46832556619518,22.056843669525968,11.099999999999998
9.391378673413344,22.234348882122415,11.1
9.391699485600423,23.84589800361889,11.1
9.834479358828357,22.77110955712783,11.100000000000001
8.51491789,22.765867794055225,11.099999999999998
8.953750171025955,23.13015335910358,11.1
8.076439864390817,22.950036762140787,11.1
7.1982012065630085,23.306395858303368,11.1
8.516328470212306,22.412403953960524,11.100000000000001
8.953243302848174,23.30530485840153,11.099999999999998
10.270039095490914,22.412596602157738,11.100000000000001
8.952664945368717,22.94921781130244,11.1
9.392941317640279,22.41179293344212,11.100000000000001
12.028460589451461,20.8017549034149,11.099999999999998
12.904457880000002,19.550735673684063,11.1
12.90445788,20.086736571284984,11.100000000000001
12.90445788,21.875376789161955,11.100000000000001
11.590294506207103,19.73212086823062,11.100000000000001
12.466668789621776,20.80430642990962,11.099999999999998
8.952720582017974,19.374605804422156,11.099999999999998
10.268643466416329,19.55239266830799,11.1
10.268683595026742,19.73055946690737,11.1
9.829857818111174,19.910499832664556,11.1
9.833810292485369,20.088954996516165,11.100000000000001
9.39154778680573,19.55257246720699,11.1
9.391986491651402,20.26754764134107,11.1
8.078055701996862,20.446372513131422,11.1
8.51491789,19.01744964586871,11.099999999999998
6.320292055970217,19.19266337245105,11.1
8.079371009734077,20.44478184227866,11.099999999999998
4.5620754122424945,20.444816941655304,11.1
12.468346328847248,17.939287876713635,11.1
12.027142601603078,18.297703992645346,11.1
12.904457879999999,19.01015266584408,11.099999999999998
12.029433727981212,17.759466594674755,11.100000000000001
12.032354487626234,18.120300906283592,11.1
12.465751718147704,18.297546637197247,11.100000000000001
8.954056096573902,19.731374839460308,11.1
9.390033693781533,19.015225552452566,11.099999999999998
8.955947065122237,19.55446810392951,11.100000000000001
10.707210788341218,19.37180732964248,11.1
8.954225281547965,19.193882223257873,11.1
8.517556465963638,19.194590447643805,11.099999999999996
7.63990619637941,18.83732504507517,11.099999999999998
6.7595731744203285,18.83694809169318,11.100000000000001
7.638392888064025,18.657914829427714,11.100000000000001
5.876707255486522,18.118925397354165,11.1
6.759095130676416,18.30257622454443,11.099999999999998
7.639982843214865,18.83761736104106,11.100000000000001
12.90445788,17.58482023623084,11.099999999999998
9.827335454458753,16.869714326496243,11.099999999999998
12.467496854634064,17.764077037261977,11.100000000000001
12.031873950359468,18.122564988557006,11.099999999999998
12.029101719281963,17.764790992329115,11.1
12.904457879999999,17.585805595242473,11.099999999999996
6.758419835977667,17.048855018687917,11.099999999999998
8.951587742590988,17.048493375794536,11.099999999999998
8.955528770364404,17.04844064231444,11.1
7.197799628657202,17.58454331038528,11.1
8.955542587536574,17.04786564463794,11.099999999999998
8.51491789,18.12154422955472,11.1
6.312069384418466,17.225246087518588,11.1
4.125377899999999,17.0486730147562,11.100000000000001
5.878389757794347,16.86859744792613,11.1
5.8773276917897705,16.86827647960802,11.1
5.000881591510154,16.69080327,11.100000000000001
5.0029027184802395,16.69080327,11.100000000000001
5.877613504988465,16.690803269999996,11.100000000000001
4.56384644227838,17.40744775585987,11.1
6.3108096201337975,16.86807649938618,11.1
6.318503657207434,16.69080327,11.1
6.755883348039076,16.869460995101228,11.099999999999998
4.997189015464337,17.0493788948984,11.099999999999998
8.075088853343908,16.69080327,11.099999999999998
8.517546693994115,16.69080327,11.100000000000001
8.956358155615534,16.69080327,11.099999999999998
8.07654679402732,16.690803270000004,11.100000000000001
8.078444950592962,16.690803270000004,11.1
9.392873348994378,16.8686918305989,11.100000000000001
11.144580495429793,17.941607668542634,11.099999999999998
11.589606246155828,17.583989052727752,11.1
12.90445788,17.22768055604108,11.1
11.149989687048645,17.58630418338743,11.1
11.156674083500501,18.656738765280867,11.099999999999998
11.147439775846003,18.121017335521977,11.100000000000001
5.001820173846762,18.656020817968482,11.1
7.185984862285033,18.117151786104507,11.1
6.75046578211972,18.117829723092385,11.1
4.1253779,18.119886538121133,11.1
4.558282482443232,17.576674182480293,11.1
7.636583401086921,18.478853154385643,11.1
8.077619239300766,18.8366213744489,11.1
8.515040994439927,18.121066258622456,11.100000000000001
9.392006239388657,18.836194310071267,11.1
8.51491789,18.65618388640369,11.100000000000001
10.266251833854398,18.12358617681556,11.100000000000001
8.95287723318161,18.479332762225088,11.100000000000001
11.58559713362326,19.909691087427255,11.1
11.587878355009588,19.73101921921553,11.099999999999996
9.39153385080212,19.552117126727126,11.1
9.390848392015839,19.550234879805416,11.1
11.589438779310143,19.374035452334063,11.100000000000001
8.95321947453441,19.374429818619696,11.100000000000001
4.5638800967482815,20.623716981784295,11.099999999999998
5.0000525339202975,20.98032499854332,11.099999999999998
4.56369373736063,22.05481421582257,11.100000000000001
4.1253779,20.088388151493778,11.1
4.1253779,20.09177972630366,11.1
4.999067008097972,19.193694545739817,11.1
8.516507776742168,20.444946177359093,11.1
8.077259764832286,19.550407493963412,11.1
9.390512984934645,19.910757060776092,11.099999999999998
8.95334455332536,19.55189360736952,11.099999999999998
7.638294786186463,20.983178767122844,11.099999999999998
7.201155972099294,21.16119818148394,11.1
9.828734784846915,20.088852616556682,11.1
11.589399895936594,20.267011485,11.1
12.026788451294735,20.805156408577986,11.100000000000001
11.587470108992772,21.517744384171188,11.100000000000001
12.466712245680093,20.808070327370345,11.099999999999998
10.26376974192934,20.80119806162999,11.1
5.006272640279258,22.414258957119024,11.099999999999998
4.125377899999999,22.585649338899113,11.1
4.563166638648875,22.409428082156552,11.099999999999998
4.9996407825894345,20.088709866542967,11.1
4.560957306600589,21.865788377273063,11.1
4.56119674695203,21.86624395079025,11.100000000000001
9.390792027981181,21.341882758351993,11.1
8.074424370039674,22.94834474495303,11.100000000000001
8.075871189049819,22.949570131147865,11.1
8.074498535927123,22.94957076616323,11.1
7.195671027394611,22.77135415363137,11.1
8.513635187383576,21.51938565638351,11.099999999999998
11.587421124175728,22.768584354831848,11.100000000000001
10.26968737277319,21.87842035731575,11.100000000000001
12.466270029238693,20.980501807618396,11.1
11.582745364359795,22.05760955525936,11.1
10.707849779438476,22.947569787671416,11.1
11.59001468762619,22.77332222193147,11.1
4.125377900000001,23.31094377843091,11.100000000000001
4.563573791089371,24.021944369799726,11.1
5.002306280762097,24.022198945722888,11.100000000000001
4.1253779,24.022776688107978,11.1
4.1253779,23.84319544050084,11.1
4.1253779,23.489966693988947,11.100000000000001
5.0043807249591845,23.663315484204723,11.099999999999998
8.51733759660473,25.095227227124106,11.100000000000001
7.637452446753438,24.737639942348714,11.1
9.394830676576746,24.91769693872971,11.1
5.879301351195243,24.55944609957338,11.100000000000001
8.07648604526145,23.484631662948562,11.100000000000001
12.024023746153178,24.38146794847275,11.099999999999998
12.028798373590028,22.94621308614526,11.100000000000001
12.03018427042704,24.02259696172915,11.099999999999998
10.268662221502314,24.024017509981565,11.099999999999998
10.270382444906009,24.917271771058317,11.1
12.026676647299098,24.0214180789957,11.1
7.199644093132694,25.63190058129064,11.100000000000001
5.001317850403798,25.449790598630763,11.1
5.000232108107898,24.558427972388685,11.099999999999998
4.562854052373761,24.201838284128847,11.1
5.883050375691865,24.556980127109924,11.1
5.44300096357043,23.845328550464327,11.099999999999998
6.3204500228233735,25.63141292135645,11.100000000000001
7.187465987411312,25.269674298940924,11.1
5.878869479988108,25.453084451362813,11.100000000000001
6.319808814738572,26.52203016401566,11.099999999999998
8.946472069149483,26.165583056883936,11.1
6.314888761735595,25.63089622587557,11.1
8.077156833423707,24.917148892677453,11.100000000000001
10.267131021462992,24.38313478139896,11.099999999999996
9.392874448739052,24.200586886713715,11.100000000000001
12.0251561030779,23.845225981002194,11.100000000000001
10.702696541555587,24.740694536988325,11.099999999999996
11.14260241252125,24.204492040769633,11.100000000000001
5.435532555917775,27.77600211197844,11.100000000000001
4.995782249984555,25.63164275278561,11.1
4.125377899999999,27.599387741991336,11.099999999999998
4.565017615978454,27.599100868662298,11.099999999999998
4.1253779,27.237797098022252,11.099999999999998
5.877660758310295,27.776034113264892,11.099999999999998
6.764293576095408,27.77742153304397,11.100000000000001
6.309486281702985,27.778978519014483,11.100000000000001
7.18689887386555,27.24438175333727,11.1
6.751104771980975,27.778418059562096,11.100000000000001
5.444744747290771,27.423659824640232,11.100000000000003
6.315201154646823,27.59978507792618,11.1
9.818708400121832,27.596633422841183,11.099999999999998
9.395620069980719,27.955866936541796,11.1
9.397159570093619,27.59744864715946,11.099999999999998
9.830063773030563,27.59731666695199,11.099999999999998
9.388069041459268,27.776052196723462,11.099999999999996
9.834667450102536,27.957355306518902,11.100000000000001
4.562785428914163,27.77876103509393,11.1
5.878836521509234,27.41691450026211,11.1
6.3139562058345,28.67421868893628,11.100000000000001
5.439619367055759,28.852479684221922,11.1
6.322268207020306,28.491738238080444,11.1
5.881098472325452,28.318827964061793,11.100000000000001
6.31528841188725,28.67477343700604,11.1
7.633184295692611,28.314518570823118,11.1
7.1957674431959795,28.494825116536738,11.100000000000003
6.3241320980502636,28.312314203311793,11.1
6.316382252292166,28.850126987623742,11.1
6.313122626455323,28.318101015553115,11.1
10.275349250978906,28.491114101551652,11.099999999999998
10.716926778971935,28.133447932489815,11.100000000000001
11.596173433147722,28.12825983901367,11.099999999999998
11.590454215072844,28.309885330089994,11.1
12.02396107105401,28.13269163141508,11.1
11.585347652654672,28.849731899165285,11.099999999999998
12.468415728095778,27.95883671755477,18.5
12.028647199267684,27.599680853459155,18.5
12.464878762337932,27.597333052069526,18.5
9.389546715571914,27.06403576642789,18.5
11.587255611506455,27.416782486048263,18.5
12.467753772685178,27.41496244486035,17.76511570307869
5.44252658244373,28.313537525862408,18.5
6.3219156729579025,28.135568246474982,18.5
6.760574008016888,27.24408145311114,18.5
7.639240785544096,28.672599069300183,18.500000000000004
5.877936383770327,28.315362936872994,18.500000000000004
6.765821648252262,28.491730071358127,18.5
6.312150973322568,29.20753202,18.5
5.869974254883834,29.207532019999995,18.5
4.995257764027792,28.673959630023738,18.5
5.435309691887357,29.03029198135062,18.500000000000004
6.32263373683887,28.85179666708906,18.5
6.318878258216763,28.85146939333447,18.5
11.588819085805047,26.702168683783277,18.5
12.466151275726657,26.345905711190753,18.5
12.030868324574659,26.170678930929995,18.499999999999996
12.904457879999999,26.342077341614882,17.031228872343668
12.465889032222726,27.24216417063508,18.499999999999996
12.46673370505167,25.273936498127483,14.800054601785606
8.086282268365203,26.88484333466646,18.5
8.962333499248,26.883160162940452,18.500000000000004
7.641478824761392,27.063093573759037,18.5
8.520393168091765,26.70648546851538,18.5
7.195245757160978,26.702046023125966,18.500000000000004
8.078058308130881,26.525940219137706,18.5
6.756822517230543,27.95706446411503,18.499999999999996
7.197301713380779,27.95422892264758,18.499999999999996
8.076063176581698,27.061420167542362,18.5
7.637236662625352,27.241066902110184,18.500000000000004
7.2041311715616105,26.88524382340405,18.5
8.51872494176245,27.240918533730866,18.5
11.152164465325463,24.3833877549162,18.5
12.465912747826748,25.096224696265896,18.5
12.022288360921948,24.201919763614725,18.5
12.025794167520253,24.73428996082022,17.764154117378087
11.58794123517825,25.27373869367541,18.5
12.463254962647786,24.387001727322872,18.5
8.952080236648971,23.48682873626922,18.499999999999996
7.639282042725159,24.5579053084208,18.499999999999996
9.839465228787708,23.125572383855918,18.500000000000004
10.714326032694421,23.662577254554552,18.5
8.95701200631567,24.560365630979703,18.5
10.277526023508027,24.019615567604635,18.5
8.07310888010002,27.062214513966904,18.499999999999996
6.752703147074472,26.348079250700295,18.5
5.881369988971058,25.632396569541427,18.5
9.394359402497999,22.234011269678053,18.500000000000004
9.393083729012632,23.1266297466322,18.500000000000004
8.514815628626334,25.09607959045083,18.499999999999996
11.15162327106497,22.592949899573753,18.500000000000004
11.59355575849495,21.17508785797765,18.5
11.590772196261504,23.308258604796873,18.5
11.146677052688098,22.23353402896715,18.5
12.026255435468531,23.669452361265137,18.499999999999996
11.582943996308527,22.40937442921086,18.5
10.709903293015268,23.307337991501267,18.5
10.706565528612433,23.844402894885246,18.5
11.146919976207325,23.130921695795024,18.5
10.71588952774386,22.234931389896445,18.499999999999996
12.027621439193524,23.12821490408142,18.500000000000004
10.709587109743945,23.48491568624836,18.5
9.82761692906059,22.9494141834459,18.5
10.27024235753469,23.126340099386354,18.500000000000004
9.82742663607349,23.306390459289325,18.500000000000004
9.832147894259167,22.233506031509084,18.5
9.395158040362745,22.770479858552314,18.500000000000004
9.395698487582829,22.768922339075832,18.5
11.580922871873579,21.338659764111764,18.500000000000004
12.024152222646723,20.9859267838239,18.5
12.904457879999997,20.985118807104072,18.499999999999996
11.58868680792926,21.70247191182336,18.5
11.589673798470026,22.94850790981861,18.5
12.0270049225722,22.591629327061252,18.5
10.27029181021016,23.12682966001157,18.5
10.70820731495516,22.59209640624502,18.500000000000004
8.077421708680564,23.485495795247473,18.5
9.824000293653656,22.76845774583021,18.5
9.826544193545839,22.94778074499552,18.5
8.066421570846412,22.767756620683883,18.499999999999996
9.398068481013944,22.054146612134577,18.500000000000004
10.708920268669614,22.9498889077094,18.5
9.398510557657612,22.590372458025737,18.5
10.71250644828791,22.946717036409215,18.500000000000004
10.2753665162369,22.946139274087336,18.5
10.713714022342591,22.947805764833998,18.5
6.760974255190324,18.657722035229607,18.5
9.395603071437177,20.983063933131014,18.5
8.953468252596208,18.83577565430237,18.5
12.027385097378465,19.190156648403416,18.500000000000004
12.025196717576883,18.657668233086337,18.5
10.713293850336987,19.192010885012532,18.5
12.026902760988301,19.197393780473302,17.756040787153516
11.154308044348932,18.12164951411434,18.5
9.393668949196364,21.33976399463515,18.499999999999996
9.838224374957363,19.727955053537325,18.5
7.63838208955819,19.192755232623302,18.500000000000004
10.27254812853162,18.298682160625813,18.5
7.633194996474475,20.626788279897156,18.5
9.830851493255357,19.195315924842973,18.5
8.070734912248895,21.87453357952992,18.5
8.072845472728227,19.01683600984746,18.5
7.199392426686087,18.835870196838673,18.5
6.320394474524889,19.193795469209665,18.499999999999996
9.391367068605808,19.19297770332819,18.5
9.836420273918193,18.121355845226205,18.500000000000007
12.031017388381906,18.481857069094755,18.5
10.271457094396153,18.834054797179007,18.5
12.90445788,18.83380460228727,18.5
12.467433083821126,18.481097984215722,18.5
10.275202255844881,19.193441228031265,18.5
9.828810458676385,19.910898684636507,18.499999999999996
10.26868748779682,19.73149706065142,18.500000000000004
10.274975120969954,19.729094973354492,18.500000000000004
8.956473092494425,20.264029023773325,18.5
11.585276149896258,20.62280681866169,18.5
8.51579346877858,17.763282168496385,18.5
8.514214515766794,18.83562579143366,18.5
8.516180578800197,19.729481471424148,18.5
5.4390716972892985,19.01622381191505,18.500000000000004
6.322635372320306,20.623984612266195,18.5
8.517442564232772,19.015614523970847,18.5
10.269959510559344,17.58478306728045,18.500000000000004
9.83153924008274,17.9433790220834,18.5
12.904457880000002,18.65080889302261,18.500000000000004
10.909740394370253,18.802470166596247,18.5
11.148918551817985,18.122219855847195,18.5
10.710022838020489,18.83340643869149,18.5
7.194676273088718,17.22794081986173,18.5
8.5080477678571,18.470128345695457,17.027266337431133
7.641587698559023,17.224707199368204,18.5
7.197777260909267,17.226960601964894,18.5
6.121020105382234,17.34073068050126,18.5
9.385416866103073,17.40412095211887,18.5
5.881687522202539,18.120958275324735,18.5
10.272317722524036,18.656573550425513,18.5
6.761919948910088,17.22641807732337,18.5
6.761086596344929,17.048337421326853,18.5
8.956562206333247,18.30218426395755,18.499999999999996
7.638343194262627,18.299141831241144,18.5
5.881775959319199,16.69080327,18.5
5.883035348210748,18.657368745468844,18.499999999999996
8.07647107569835,17.76379319110752,18.5
5.877916040062551,17.04911938003715,18.499999999999996
5.001124504631652,17.226858037430397,18.500000000000004
5.441746430385774,17.585582421366915,18.500000000000004
7.193618863903405,16.69080327,18.5
8.947853980945338,18.82533565275112,17.026837418563215
7.20370395249982,16.690803270000004,18.5
6.3273972420876365,16.69080327,18.5
6.76242933930422,16.69080327,18.499999999999996
7.640161643413796,16.690803269999996,18.5
8.076657375843942,17.04911403250222,18.5
8.516192224868014,18.121174380831803,18.500000000000004
10.271759187101217,18.838475582582014,18.500000000000004
8.953156760162761,18.3008254011301,18.499999999999996
6.762283662845937,17.405825858719357,18.5
10.270290886018136,20.26479897068792,14.801501846411975
5.884775884297362,18.477491143024945,18.5
8.509745075253457,18.3013442239062,18.5
7.197454421842015,18.29874901323346,18.5
5.882594934931557,18.657466214796095,18.5
5.8826106970565455,18.835253126221676,18.499999999999996
5.881392165141447,17.584937502292835,18.5
9.828836837878782,19.910517469696618,18.5
6.322177191676505,19.911247994083386,18.500000000000004
9.403441890338092,19.01345942707763,18.5
8.075849006473941,18.120581602471052,18.5
8.078196084647521,18.119446154752005,18.5
10.270174675478076,17.40599771490666,18.500000000000004
9.83536433043295,19.014846259630048,18.5
11.153346975849956,19.553899520831983,18.500000000000004
11.149157448111477,20.087194645814623,18.499999999999996
9.390431054013527,18.48173751564951,18.5
11.1529532711864,20.088952178435328,18.5
10.270283604681357,21.157089969159536,17.76238567871771
6.916033131022878,21.892841403973144,18.499999999999996
10.268847103107374,20.444235798388334,18.499999999999996
9.83094416679235,19.90947321660766,18.5
5.004392122965911,19.3727439847139,18.5
5.002302216130946,19.73109271768429,18.5
5.002108447224197,18.47873856828706,18.5
10.706137952236878,21.161070208927757,18.500000000000004
9.389919595065425,21.87631936320225,18.499999999999996
9.394898941266554,20.265908805595853,18.500000000000004
8.946792150479611,20.626369623956652,18.499999999999996
9.393241271768568,19.015744579458016,18.5
8.11627159804002,19.454757780272946,18.5
6.760150877508498,18.837782061071827,18.5
9.82833389780533,21.156559985088983,18.5
6.7601817281272485,19.908971967236088,18.499999999999996
10.71199132392317,21.161263457209913,18.5
11.14759411621763,20.62506376373282,18.5
10.268149077604447,20.266234737050194,18.5
8.06746973884551,22.410485807842495,18.500000000000004
8.957187158702885,21.875912626133804,18.500000000000004
8.95946188516864,22.23295237184555,18.5
10.715811294706848,22.949225062343793,18.499999999999996
9.839066106867694,22.948611125498577,18.499999999999996
9.83188453712296,23.486747562402268,18.5
8.0759639102161,22.233467024737003,18.5
9.825512381188572,22.948296787137615,18.499999999999996
8.514127959474713,22.411504257818063,18.5
9.39270706064085,22.769983558320458,18.500000000000004
9.829823273655807,22.949721600391896,18.5
5.441120353510537,21.87620817470675,18.5
12.025631569194374,19.910345397254112,18.5
11.14924635275001,21.162327879181294,18.5
11.588446087398125,20.803594645262883,18.499999999999996
10.707253721265284,21.345491678761313,18.5
10.27566151048917,22.77062299442488,18.5
11.156484369857457,22.055881263049738,18.499999999999996
8.074882588319381,22.413515337935614,18.5
8.077538078122554,22.234578154808005,18.5
9.831059831165845,22.411226754680435,18.499999999999996
8.507451966792205,22.41118644042389,18.500000000000004
8.95288249802962,23.485440831389795,18.500000000000004
10.272313210142112,23.12578602277943,18.5
9.40142561675487,22.770574610325635,18.5
9.83511483429731,21.87701211718132,18.499999999999996
12.028079392317231,23.660259324479103,18.499999999999996
8.075944474084013,22.591053539113815,18.5
10.276341739470988,21.876917167837966,18.499999999999996
9.826503593500085,22.94880412034796,18.5
12.026934371566048,23.48359476481016,17.7627242219187
11.588856055015263,24.37874950236309,17.76248690078629
10.713137638849542,24.381098753214292,18.5
11.590106698090528,24.55805212440922,17.018736785354502
11.155946503790963,22.233416280500737,18.5
12.02884317022129,24.201490992546045,17.75693395685499
7.196404186047654,25.451629377744496,18.499999999999996
8.95649140000985,24.556119070774734,18.5
8.079117336781094,25.273796679428763,18.5
6.759102543269627,26.882902954138473,18.5
7.194753505251386,26.703428401337618,18.5
6.75659740900905,26.16832979995759,18.5
7.633345950667364,25.80935373977518,18.5
7.196434803628288,25.807721361495737,18.500000000000004
6.321646227645687,26.883458593555407,18.5
7.636099986771018,25.628474200392393,18.500000000000004
7.200298351265308,25.989123225560792,18.5
7.198203627580356,26.34635264833016,18.499999999999996
9.838808501082658,22.593299865938103,18.5
8.949652832424794,25.095586046274644,18.5
10.27396101025626,25.094342107198685,18.5
11.593211716546335,24.913693633742714,18.500000000000004
8.516444363594825,26.703665394120677,18.5
10.713934899453664,22.9481820150072,18.5
7.638325004358632,27.419427919999997,18.499999999999996
7.194367003551015,27.24049349039354,18.5
7.19779784527744,27.061611324767533,18.499999999999996
7.636989110451877,27.418775351794462,18.5
7.200073669244112,27.776559369499118,18.5
7.636824323989526,27.2400108047718,18.5
8.081227049564534,27.42070585322275,18.5
7.194212081699963,26.882740536058247,18.500000000000004
8.075720900764647,27.4192211306783,18.5
7.636409263790532,26.705201508240876,18.500000000000004
7.199575689956014,26.88322121595322,18.499999999999996
8.513399131224944,27.240804270456525,18.5
8.517505586475206,26.531129132902795,18.5
9.384419780459178,26.70569162798741,18.5
9.831091965403619,27.59889204008062,18.500000000000004
8.51159985448996,27.241229964346807,18.500000000000004
7.209606950639165,26.88569346715687,18.5
10.26751996239164,27.597401178376447,18.5
7.193667923362435,28.672670481085092,18.5
5.430627511882009,28.673845763232702,18.500000000000004
6.761868128002164,28.671007323416877,18.499999999999996
6.754982653686122,28.493380027556604,18.5
6.316896706423985,28.850635692180592,18.499999999999996
5.000995759607455,29.20753202,18.5
6.313068104832053,28.13807405555915,18.500000000000004
7.1974859915243865,28.133558674345178,18.499999999999996
6.75616832117058,27.421291302359116,18.5
6.752790613273584,28.67309760127637,18.5
6.750439936583028,27.599289128381763,18.5
6.315391488287436,28.671404000012544,18.500000000000004
9.390265196036507,28.31328104482554,18.5
6.7577126211097305,27.59660730619623,18.5
8.072883778509256,27.595791922856208,18.5
8.95836442709826,28.848067087086584,18.5
9.393429665413763,27.243330939776115,18.5
8.51946244476531,27.95454047149112,18.5
