12.904457880000002,28.573634472982985,11.1
11.40804162132095,28.881962731204073,11.1
12.258553686232908,27.156315168738526,11.099999999999998
11.562417853463057,27.70811099841612,11.1
12.90445788,28.857070346403056,11.100000000000001
11.58862349058379,28.87803502675943,11.1
5.5661301092839865,28.92380533809587,11.1
5.623442990454705,28.623408878528956,11.1
7.695375124308299,27.979569636461584,11.100000000000001
7.84290809779942,28.13146181964819,11.1
6.275927749513434,28.653935213249515,11.100000000000001
7.204576017324063,29.207532019999995,11.1
4.1253779,28.03950090209064,11.099999999999998
4.1253779,28.66604042069737,11.1
4.1253779,25.296943728058004,11.1
4.125377899999999,28.05089869106502,11.1
4.125377899999999,26.19804249144746,11.099999999999998
4.125377899999999,28.316211375309855,11.1
11.469081019172794,26.834718982368468,11.1
12.191369877476149,27.128947461681047,11.100000000000001
10.786935728476275,26.55684321390746,11.100000000000001
11.498818849645017,26.846832856945532,11.1
12.286779584152633,27.16781314898103,11.1
8.545724698242855,25.34164832155308,11.1
7.136207385810469,27.327205179969653,11.100000000000001
4.799415890792285,26.99608228792676,11.100000000000001
6.312473185744504,26.517054946690727,11.1
7.833028007990838,25.79164593915168,11.099999999999998
6.989855528418101,25.965100781461594,11.099999999999998
8.51491789,25.909899838090027,11.099999999999998
4.125377899999999,26.75065701098958,11.1
4.1253779,26.951436669863934,11.100000000000001
4.125377900000001,26.220626568441965,11.1
4.1253779,26.29437308648897,11.1
4.804778136345934,27.160465878753918,11.100000000000001
4.125377900000001,26.876827890901012,11.099999999999998
7.119302007716834,23.85001960610444,11.1
6.385492023489925,24.13073175203546,11.099999999999998
5.680455591628124,24.72385496484558,11.1
7.787632316646402,24.428035459165876,11.1
7.003251584021297,24.429884049670488,11.100000000000001
5.535583681293366,24.39106281907706,11.1
6.3315825366979706,24.698043259724717,11.1
7.2025764024563514,24.952012340234006,11.099999999999998
7.111623877236342,25.307404498683322,11.100000000000001
7.751226087006452,25.36922859863345,11.099999999999998
7.808616762662364,25.3078324281028,11.1
6.36497089209195,25.631323809999994,11.1
4.1253779,25.323221403425958,11.1
4.1253779,25.077541638849514,11.099999999999998
4.1253779,25.56779059273233,11.1
4.1253779,25.063876037185075,11.100000000000001
4.1253779,25.911332801778812,11.1
4.125377900000001,24.454031973845996,11.1
9.915458558770236,24.427635351631924,11.1
10.925865573979591,24.376166462649685,11.099999999999998
8.541006835174999,23.267714994221826,11.1
7.790134378598525,25.021928443334737,11.099999999999998
9.110761144350679,24.850707038306385,11.100000000000001
10.139853771864695,24.408261211783643,11.099999999999998
5.613230923181309,26.468003422670492,11.100000000000001
7.88788053786303,23.891720830357805,11.1
7.849267688194295,23.84169910550702,11.099999999999998
6.340032501685828,23.84321969999999,11.1
7.816920310188211,23.843219699999995,11.099999999999998
4.1253779,24.145791278290933,11.1
4.1253779,24.178081599254654,11.100000000000001
4.125377899999999,24.382465010768634,11.1
4.1253779,24.135085213004977,11.099999999999998
4.1253779,24.101080426633438,11.099999999999996
4.1253779,24.449936755318276,11.100000000000001
4.1253779,24.403006350776582,11.099999999999998
7.064302866915221,22.636423633668247,11.099999999999998
10.06165645408455,21.47166882310901,11.1
8.52494719960503,22.37668175828685,11.099999999999998
4.1253779,24.41640412917772,11.1
7.141271491440298,21.411449810275535,11.099999999999998
7.79093535711279,21.16699799630549,11.100000000000001
7.169954216985865,22.757055598454162,11.1
7.844029004212532,22.319314204322517,11.1
5.563925795586984,23.513049412936667,11.099999999999998
8.51491789,22.60296714169219,11.1
6.372690823477586,23.832807259481267,11.100000000000001
7.122701151737966,23.84408854352933,11.099999999999998
4.795879875213802,23.138691784936125,11.1
4.1253779,22.91309711453995,11.1
4.1253779,22.927953338052646,11.1
4.125377899999999,22.32765312284611,11.099999999999998
4.1253779,22.051664801637926,11.1
4.125377899999999,21.21967942707877,11.099999999999998
9.326170435765123,19.39421962121947,11.100000000000001
8.721185325340228,19.131975077791648,11.1
8.568198580644669,19.118569806113776,11.1
8.514917890000003,18.478907377000002,11.100000000000001
7.792635237197835,18.478907377,11.1
7.806388648974961,18.791735953030326,11.1
8.51491789,18.85275148550452,11.100000000000001
8.51491789,18.770651116059533,11.1
7.801943064488507,19.0956961118445,11.1
7.7652445464765325,20.57239518978833,11.1
7.073160899371125,20.26644735400197,11.1
8.514917890000001,18.478907377,11.100000000000001
4.1253779,22.03216980262692,11.1
5.542382687739071,21.191477970859353,11.1
4.827323127536356,20.857216753695614,11.100000000000001
6.333165048551949,21.155760926886778,11.1
4.125377899999998,19.645219920441047,11.099999999999996
4.1253779,19.62969680573914,11.1
8.51491789,18.478907377,11.1
8.51491789,18.478907377000002,11.1
8.514917889999998,18.478907376999995,11.099999999999998
8.51491789,18.478907377000002,11.1
8.51491789,18.478907376999995,11.099999999999998
8.51491789,18.478907376999995,11.099999999999998
8.51491789,18.478907377,11.099999999999998
8.51491789,18.478907377,11.1
8.51491789,18.768949953273193,11.1
7.795523656733372,19.06518883770267,11.099999999999998
8.51491789,18.478907377,11.1
8.51491789,18.478907377,11.099999999999998
5.44631344814208,18.478907377,11.100000000000001
7.780529050491548,19.061902729142368,11.099999999999998
4.125377900000001,19.32484156113614,11.100000000000001
4.788509859536459,19.297417874296514,11.100000000000001
4.1253779,18.472816012179305,11.1
4.764046090014555,18.734130413908154,11.100000000000001
10.004895428429059,17.592379064585245,11.100000000000001
10.735148507137662,17.289305556307156,11.1
8.51491789,17.86410777941741,11.100000000000001
10.00786076645539,17.87074859612823,11.100000000000001
10.886986453899805,17.51263174200007,11.099999999999998
10.786805723152899,17.270422938250555,11.099999999999998
7.108535211313444,17.29326499155798,11.1
9.276664260972467,16.982192734122496,11.1
9.831346558644873,16.951887014369298,11.100000000000001
9.24201139197149,16.69080327,11.1
8.51491789,17.2526319859246,11.100000000000001
8.51491789,17.257024902717106,11.1
4.1253779,17.556420547669724,11.100000000000001
4.1253779,18.214873555652424,11.100000000000001
4.1253779,17.317655679122566,11.099999999999998
4.125377900000001,17.31990415248623,11.100000000000001
4.1253779,18.478907377000002,11.100000000000001
4.1253779,17.724880427014412,11.1
7.765578612589254,16.690803269999996,11.099999999999998
7.077783184832412,16.690803270000004,11.100000000000001
8.51491789,17.689671743540277,11.100000000000001
8.51491789,17.56858798916576,11.099999999999998
5.62868945009129,16.69080327,11.099999999999998
5.533748942014487,16.690803270000004,11.100000000000001
10.022118411993501,16.958690334501412,11.1
8.514917890000001,16.69080327,11.100000000000001
8.51491789,17.324668779924664,11.100000000000001
8.51491789,17.26681483508434,11.1
6.267327874039343,16.983563249248807,11.100000000000001
8.51491789,18.478907377,11.1
12.904457880000002,17.299894337954928,11.100000000000001
12.904457879999999,17.65387917207408,11.1
12.90445788,17.90037524228605,11.100000000000001
12.90445788,17.89536303469194,11.1
12.90445788,17.35371474103919,11.099999999999998
12.90445788,17.58443050454079,11.099999999999998
8.51491789,18.478907376999995,11.099999999999998
7.03972249143014,18.478907377,11.1
8.51491789,18.781202003448286,11.100000000000001
8.51491789,18.478907377,11.1
8.514917890000001,18.478907377000002,11.100000000000001
4.873186694408551,18.478907377,11.100000000000001
7.815195753477056,18.478907377,11.1
8.51491789,18.478907376999995,11.099999999999998
9.188902788631887,18.204355791174336,11.1
9.309675151883106,18.15515848138024,11.1
9.235671896932816,18.185304128625614,11.100000000000001
10.527106363163593,18.204626745924728,11.099999999999998
12.218683227916378,18.197165644162173,11.1
12.90445788,19.558093028422565,11.100000000000001
12.904457879999999,19.90653208375457,11.1
12.904457880000002,18.171740242248227,11.099999999999998
12.90445788,18.209809047601613,11.100000000000001
12.90445788,18.21675535266177,11.1
7.785375806037857,19.93472003728742,11.100000000000001
4.125377900000001,20.231518462549566,11.100000000000001
8.514917889999998,18.478907377,11.1
6.825444226820539,18.478907377,11.1
6.154731594743769,18.478907377,11.1
7.02023160765741,19.09236103004568,11.1
7.776161101297283,19.08485350516243,11.1
7.723432522485733,19.98195993915311,11.1
9.254814909488797,19.67128009453796,11.1
10.76174002626248,19.670468579205412,11.1
10.636740239995557,20.267011485,11.100000000000001
12.90445788,19.695358827290004,11.1
12.904457880000002,19.39703341088479,11.1
12.904457879999999,18.491895010764807,11.099999999999998
12.904457880000002,19.67825187731872,11.100000000000001
12.90445788,19.700792677604593,11.1
12.904457880000002,19.378051360413515,11.100000000000001
12.90445788,19.98559986853937,11.100000000000001
4.1253779,22.63614414088594,11.1
7.057570118218017,19.094950042334773,11.1
7.8197761752074655,20.568680759748265,11.100000000000001
5.4758154250499205,23.552591172774843,11.1
5.543810841874564,21.183425046714078,11.1
7.047862791984761,22.315789613998344,11.099999999999998
7.779520505004557,22.649830837348453,11.1
6.372185532274275,20.840906828440097,11.100000000000001
8.539551084764133,22.333358919876726,11.1
8.525727326086576,20.857139326156595,11.100000000000001
9.907368407940874,20.267011485000005,11.1
7.810040234300798,21.175584133735757,11.100000000000001
12.90445788,21.427021010998583,11.1
12.904457880000002,20.920321119147935,11.100000000000001
12.90445788,21.19144722742121,11.100000000000001
12.904457879999999,20.28467327927132,11.099999999999998
12.90445788,20.56876462472664,11.1
12.90445788,20.54979907688168,11.100000000000001
4.125377899999999,24.112909905867888,11.1
4.1253779,24.133863985885196,11.099999999999998
4.125377900000001,24.108946820113218,11.1
4.125377900000001,24.12987842656146,11.100000000000001
6.377624154259573,23.567823513449472,11.099999999999998
4.1253779,24.1256972294539,11.099999999999998
4.1253779,24.13380562425567,11.1
4.788519838049668,23.84857550848529,11.1
7.141640739741473,23.586313464786386,11.1
6.3059179037341435,23.8432197,11.1
4.125377900000001,24.138321290209767,11.100000000000001
4.125377900000001,24.136497142376214,11.100000000000001
12.206985566751374,23.822574806245836,11.1
12.90445788,23.264164168636345,11.1
12.904457880000002,23.868240025541535,14.800147293275195
12.904457880000002,22.69250013477746,11.100000000000001
12.177983753416498,24.147683991560335,11.099999999999998
12.90445788,22.05803105984622,11.1
4.850460166211201,23.8432197,11.1
5.57389641937728,24.427701380295606,11.1
4.1253779,24.442330785641776,11.099999999999998
5.5031116346158,24.75211564755955,11.099999999999998
9.199260003269382,25.02991574686397,11.100000000000001
8.5546169396344,25.053228067866257,11.099999999999998
9.858197270395896,25.905439062670236,11.099999999999998
7.0245845625612455,25.024228042759205,11.100000000000001
6.317576810577069,24.452391257818412,11.1
4.1253779,24.120187093490486,11.100000000000001
8.506888307514584,25.628052913852233,11.099999999999998
8.520355625187774,25.633538902392488,11.1
12.90445788,23.271427383268016,11.1
12.904457879999999,24.12752940724084,11.099999999999998
12.90445788,23.60906757000653,11.099999999999998
12.90445788,24.458104923236085,11.1
12.904457880000002,24.20636619328401,11.100000000000001
12.904457880000002,25.89464054038137,11.1
4.1253779,27.964146748560907,11.1
4.125377900000001,27.94978124682516,11.100000000000001
4.1253779,28.311622667700984,11.100000000000001
4.125377900000001,28.016376746601257,11.1
4.1253779,27.675653375500225,11.1
7.666065596106084,25.996377592283984,11.1
8.51491789,27.674715160114264,11.100000000000001
8.51491789,27.680305249312095,11.1
8.51491789,27.419427919999997,11.099999999999998
8.51491789,27.175187831121455,11.099999999999998
8.51491789,27.430309653550463,11.1
8.51491789,26.8573804659759,11.1
12.904457880000004,27.66520537126596,11.100000000000001
12.904457880000002,26.52456556669992,11.100000000000001
12.904457880000002,26.83853057453085,11.1
12.904457880000002,27.41942792,11.1
10.149838564244634,27.419427920000004,11.100000000000001
11.470428290571782,27.124038128042258,11.099999999999998
4.1253779,28.48341053503536,11.1
4.825037834766941,29.207532019999995,11.1
4.790115253932854,28.92661173650057,11.1
4.1253779,28.041628075767477,11.099999999999998
4.810352439760211,26.610330452332065,11.099999999999998
4.1253779,27.217243250116393,11.099999999999998
6.4874259047854395,27.41942792,11.1
9.956944103727599,28.02256267040043,11.100000000000001
8.514917889999998,28.597608892902766,11.099999999999998
8.51491789,28.014768027506125,11.1
8.51491789,27.72324318105525,11.1
8.51491789,28.615769893917047,11.099999999999998
12.90445788,28.37375066571428,11.1
12.904457880000002,28.9301628671423,12.247881564136575
12.90445788,28.376823600462885,11.1
12.90445788,28.593990962834226,11.1
12.90445788,28.13391011011287,11.099999999999998
12.904457879999999,28.239501024136043,11.1
6.906640632969564,29.207532020000002,18.5
6.3795329462523345,28.37828376553776,18.5
6.236776536348456,28.291133213295325,18.500000000000004
6.834162172162543,29.207532019999995,18.5
8.453090727724847,29.20753202,18.5
8.325617167384827,28.65972418542458,18.5
8.514917889999998,29.207532019999995,18.5
8.514917889999998,29.207532019999995,18.5
8.51491789,29.20753202,18.5
8.51491789,29.20753202,18.5
8.51491789,29.20753201999999,18.499999999999996
8.51491789,29.20753202,18.5
4.76733678411168,28.33229477612369,18.5
4.1253779,29.018825080439267,18.500000000000004
5.565227049319243,28.265233042254394,18.5
4.1253779,28.71992169419745,18.5
4.125377900000001,28.93167560634734,18.5
4.1253779,28.71954407094991,18.5
7.100142857272592,27.122379836141768,18.499999999999996
7.134637778896519,24.344219305853926,18.5
7.202719654897052,28.051579472820737,18.499999999999996
9.735521017280343,27.735323845771195,18.5
8.946092439643582,27.99561025875068,18.500000000000004
8.411355694854137,25.586479160857508,18.500000000000007
7.848938578891296,27.419427919999997,18.499999999999996
8.51491789,26.879690816850733,18.499999999999996
7.759352246088563,25.970858310097732,18.5
7.767053416890821,25.957734944517853,18.5
8.51491789,27.389874826220534,18.5
8.51491789,22.996097833786006,18.5
4.1253779,28.02593282293751,18.5
4.125377900000001,27.641256393670922,18.500000000000004
4.1253779,27.580888672795147,18.5
4.797325558508362,28.026604842992825,18.5
5.496311474125156,27.671675929911395,18.5
6.322938551815114,26.810774268624456,18.499999999999996
8.525587256095815,22.32378957632884,18.5
10.602091927069798,22.588991851289254,18.499999999999996
9.452325721984971,22.049191584814245,18.499999999999996
10.68982096816615,22.086563896076022,18.499999999999996
9.95552526085754,21.824595812219563,18.5
10.80238867042114,22.662145600994567,18.499999999999996
8.51491789,26.203338564081836,18.5
8.51491789,26.480703112376165,18.5
8.51491789,25.381753738814798,18.5
8.514917889999998,24.09673378741415,18.5
7.831548159479009,23.2337807838811,18.5
8.514917889999998,26.216065075510777,18.5
4.8346940791360495,26.26266812758463,18.500000000000004
4.8146104191981625,25.224680272499658,18.5
4.1253779,24.55978091177549,18.5
4.781792398884956,25.927026109921243,18.5
4.1253779,26.572450365813417,18.5
4.739302493149505,26.48574964327004,18.500000000000004
7.812309895504832,22.93115904162391,18.5
10.01440683933261,22.08334440262437,18.5
12.90445788,22.925116635692387,18.5
9.854320096025539,22.659272041323618,18.5
10.135014997585134,22.98337964505426,18.500000000000004
11.599965339303392,23.574338123826525,18.5
7.833989608118818,23.190893038955057,18.5
7.769588544146387,22.915714946292983,18.499999999999996
7.884406669439137,22.96441798448812,18.5
7.198927051983601,23.19175717491005,18.5
7.631452306543801,22.649704297378165,18.5
6.375620625903425,23.207616489819692,18.500000000000004
4.817397917167249,23.37803049996232,18.500000000000004
4.125377900000001,24.150046889611424,18.5
4.1253779,23.88157520199391,18.5
4.1253779,24.150456785640845,18.5
4.125377899999999,23.843219699999995,18.499999999999996
4.125377899999999,23.833441025256395,18.499999999999996
12.258319792579982,21.791907563268765,18.500000000000004
11.580508996307797,22.60168618949245,18.5
10.124261899298215,22.63076903182182,18.5
11.560902765685004,21.77744976017419,18.5
11.604551546145052,22.341940366424616,18.500000000000004
9.853832508000206,22.33009984079905,18.5
8.51491789,22.347611468388592,18.5
9.143104918220585,22.299960908168995,18.5
6.386892353836113,22.387328011700227,18.5
8.51491789,22.509530374563855,18.5
7.200898823959938,22.753693414012385,18.5
7.132295232208809,22.402108584089675,18.5
4.813171405652916,22.06434358898494,18.5
5.864860755223109,22.72656911336201,18.5
4.8717102302390005,22.606328639556263,18.5
4.828350308597429,22.8794627885335,18.499999999999996
4.804100212533891,22.857754347692033,18.5
4.916604874818623,22.63023256965975,18.5
8.29392265784784,18.138882887391272,18.5
9.323525864945504,18.756127739942354,18.5
9.941829926576728,19.27733359658948,18.499999999999996
8.31596093046899,16.979508404210957,18.5
9.73979543222277,16.982233250627427,18.5
8.284453532313567,16.97561934958147,18.5
7.893930911937103,22.19567250874785,18.5
8.530629799878513,21.752997069996315,18.5
9.867136215002525,21.710882874304325,18.500000000000004
11.328170036768286,22.876887289748357,18.5
9.825225280158165,22.04912241993127,18.5
9.784277052215138,22.04969631528282,18.5
6.375486250053874,18.717282957058792,18.5
4.1253779,20.88436716171184,18.5
4.763295566312657,21.66381578593217,18.5
4.125377900000001,19.687351656845955,18.5
4.1253779,21.115019442080342,18.5
4.1253779,20.832655350935568,18.5
11.45781800540765,19.659320289857916,18.5
8.54018088127456,19.369692748440745,18.5
4.1253779,20.290363643497656,18.5
5.478854120971224,19.421434594644733,18.5
8.43274434283333,18.659454431149676,18.5
11.448222464734219,19.899440826784836,18.5
5.639422836221231,20.53747896869558,18.500000000000004
6.4313639597107946,22.076008063578797,18.499999999999996
6.361599904606306,22.113741263107254,18.5
8.459180412548234,21.692158131718475,18.5
7.095609020491171,20.867538502370614,18.5
7.165547435559329,22.115955149350203,18.5
5.504798316770181,17.90842154242539,18.5
5.632956941079393,18.168032061298366,18.5
5.612782458890006,17.867760298974638,18.5
4.1253779,17.3142828716608,18.5
7.002036716018473,19.09518813723343,18.5
4.1253779,17.610321345642113,18.5
7.8052893129573375,18.14769549072907,18.5
8.302345989400973,16.975295191358303,18.500000000000004
5.6909727750042824,17.313481360945755,18.5
8.282785622048419,17.252734473175007,18.5
6.79670471556272,17.277897725442127,18.5
6.862141151158479,17.246105069158943,18.5
4.827175911590957,17.26379262700312,18.500000000000004
8.51491789,16.690803269999996,18.5
8.51491789,17.243069857659965,18.5
8.514917889999998,17.511508993089606,18.499999999999996
7.226756495782056,16.946869635308538,18.5
8.51491789,17.000760536665368,18.499999999999996
4.125377899999999,16.690803269999996,18.499999999999996
4.1253779,16.690803269999996,18.5
4.1253779,16.69080327,18.5
4.125377899999999,16.690803269999996,18.5
4.125377900000001,16.69080327,18.5
4.1253779,16.97047552253736,18.5
4.1253779,16.950002619319363,18.5
7.679902835621027,16.69080327,18.5
4.1253779,17.260235170487718,18.5
5.5978694770173805,16.960298389981695,18.5
5.499053343778206,17.26638505411843,18.499999999999996
5.528886867984198,16.979975044656843,18.500000000000004
7.107697356848795,17.265179248925104,18.499999999999996
7.667332152252574,17.264868741470945,18.5
7.6717078348486805,16.97948214583662,18.5
8.49259132467192,16.69080327,18.5
7.612923153831165,16.985522970998275,18.5
8.537939969364913,17.772107422896376,18.5
12.904457880000004,18.37131739578614,18.500000000000004
12.90445788,17.232187367910527,18.5
12.904457879999999,18.132406515355004,18.5
12.90445788,17.219698534182797,18.5
12.90445788,17.459508047751363,18.5
12.904457880000002,16.972837758689977,18.500000000000004
7.641185305076373,19.054215656133362,18.5
10.68609196638538,21.16116083263713,18.499999999999996
7.759311241420651,17.879901408504455,18.499999999999996
6.982750021592786,17.892023068497295,18.5
10.198592487124824,21.228345405728025,18.5
6.912528021939951,21.4204759107708,18.5
9.27224134393005,17.837066523255654,18.499999999999996
8.431473259449456,17.5410141992655,18.5
9.290849158700615,16.98521036880442,18.5
10.721130162638325,18.45140061807728,18.5
8.511283775694016,18.69300562648962,18.5
8.335823146771302,17.547477804679392,18.5
12.904457879999999,18.78822782038274,18.5
12.904457880000002,18.401209322272912,18.500000000000004
12.90445788,18.726241622278636,18.5
12.904457880000004,18.46966076535904,18.500000000000004
12.90445788,18.131685373038053,18.5
12.149855353091711,18.464039825531163,18.5
5.535578696267174,19.98180989041677,18.500000000000004
5.4509370771175325,19.1313616600338,18.5
9.118670286219716,21.03158413958547,18.500000000000007
4.1253779,20.560360732912486,18.5
6.918221583906336,19.61585287866383,18.5
6.989980291258761,19.683192930355656,18.5
9.976677023683092,20.567738300137705,18.5
9.978372762729471,20.257178623772944,18.5
8.472074263731265,19.006406838408964,18.5
8.449163164098941,20.815015726981972,18.500000000000004
10.016253406272645,19.36120814455996,18.5
10.285042691072038,21.078048024052325,18.5
12.904457880000002,18.822817754341674,18.5
12.904457879999999,17.901399350619453,18.499999999999996
12.90445788,20.264239463591426,18.5
12.904457879999999,20.000942507198907,18.5
12.904457880000004,20.04266896636944,18.5
12.904457879999999,20.828773336839028,18.5
5.574506957839695,21.74486053912295,18.5
8.458944397806842,22.04057173836983,18.5
6.204017880821632,21.769090168285445,18.5
8.50393225721789,22.37651864803666,18.5
8.506290559427189,21.75160401934353,18.499999999999996
8.318500376901518,22.60769628209451,18.5
12.137706494990745,22.36745613439696,18.5
11.541425432557253,22.329148117592823,18.5
11.606029366811436,21.79396358837912,18.5
8.461385573024192,22.055115592000003,18.5
12.904457880000002,22.055115592000003,18.5
11.435460695593106,22.055115592,18.5
12.90445788,20.542688240416282,18.5
12.90445788,20.161607478899512,18.5
12.904457879999999,20.043884111252613,18.5
12.904457879999999,21.146176725303874,18.5
12.904457880000002,20.231641297202003,18.500000000000004
12.90445788,18.81532724371527,18.5
10.105300061963817,22.116824411020488,18.5
9.326771369047895,23.57667110709571,18.5
10.71216449531012,22.695021831471912,18.499999999999996
10.07983281216705,23.856546654035615,18.5
9.938356639497066,23.472243823127087,18.5
9.202679868650348,22.649634143457973,18.5
10.756158652783554,22.350454031548033,18.5
12.256971369354273,22.31887290875706,18.5
12.200208096766119,21.768235433117027,18.5
11.408667306088097,22.11516977062503,18.5
11.37700296081287,22.102225279872897,18.5
12.085129453500569,22.38887369161007,18.499999999999996
12.90445788,22.096268044788363,18.5
12.904457880000002,20.28058451834242,18.500000000000004
12.21486624142875,23.33820582880566,18.5
12.90445788,24.378276833233173,18.5
12.185214501616379,23.844056479725463,18.5
12.15396235868535,22.928377026938506,18.5
9.313530610303866,24.441008317082897,18.5
7.82888587693345,25.20391463870024,18.5
7.67282276819182,25.683202529023312,18.499999999999996
9.161946493490882,23.796632288983954,18.500000000000004
6.250629954634745,25.24260561033557,18.499999999999996
8.514917889999998,24.689471219533445,18.499999999999996
10.549867056541254,23.3028983616645,18.5
9.301558700476303,24.430209621332793,18.499999999999996
12.030920790297113,22.881278284052442,18.5
10.695736351004761,24.431794182318264,18.5
10.675503446604678,23.223756281671097,18.5
9.867428652295667,22.893221651894773,18.500000000000004
12.90445788,25.634594070969094,18.5
10.710252593986317,22.65722164937948,18.5
12.18743858380289,20.560011342029775,18.5
11.335045794657505,22.69442454085087,18.5
12.169178107686143,23.820090143915404,18.500000000000004
10.24326175393555,23.14648432676247,18.5
7.209861454320752,27.419427919999997,18.499999999999996
8.359916618178804,27.688000347699013,18.5
7.873555433344352,27.419427920000004,18.500000000000004
7.82336332467859,27.137719229941915,18.5
7.267719126531193,27.419427919999997,18.5
7.843784114063154,27.419427919999997,18.499999999999996
4.828260876267333,26.819341816223183,18.499999999999996
8.26986917929539,26.155995780153713,18.5
8.519762991698851,27.421401598129524,18.5
7.822265802196097,25.9070385004649,18.500000000000004
4.125377900000001,27.684797499265063,18.5
6.983378843078748,26.580942188348395,18.5
12.221948423628072,27.695815927599018,18.499999999999996
12.904457880000002,27.695996397492003,18.5
12.210829130001166,27.419427920000004,18.5
12.197603192302807,27.71017799368348,18.499999999999996
12.904457880000002,27.722965014519215,18.500000000000004
12.904457879999999,27.412650390147192,18.5
7.139325562507682,28.92237999220982,18.500000000000004
6.302679215359611,29.20753202,18.5
7.902327341457423,29.207532019999995,18.5
8.514917889999998,28.95261883696656,18.5
7.069814117526835,28.954611263485496,18.5
7.902301994469516,29.207532020000002,18.500000000000004
5.498835157869591,27.996500569471728,18.5
5.6852876090056785,28.64563906658163,18.5
8.489703130360846,27.40915653911094,18.5
10.136903578737467,28.92690935584019,18.5
11.66940023365571,29.207532020000006,18.500000000000004
8.5089130173176,28.021764322015894,18.5
11.461928397263367,28.61263867686988,18.500000000000004
12.14878915924493,28.300915787689824,18.5
12.90445788,28.270229463728413,18.499999999999993
12.904457880000002,28.28286086019557,18.500000000000004
12.904457879999999,27.723675630966927,18.5
12.21470613900106,28.594120212032585,18.499999999999996
12.198688563925225,27.131928770280396,11.1
12.904457879999999,28.89963094869585,11.099999999999998
10.73581485869115,28.314665549456265,11.100000000000001
12.90445788,28.60046410199173,11.099999999999998
12.195818888901734,27.985467600103128,11.1
12.904457880000002,28.92088028672739,11.1
5.472045155493676,28.928205746513566,11.099999999999998
4.775654387443159,29.207532020000002,11.100000000000001
4.779865352308804,29.20753202,11.1
6.0853421814959034,28.945388261109564,11.1
4.821098855794526,29.20753202,11.099999999999998
6.182147232811029,28.668962935252,11.100000000000001
4.1253779,25.324604037347942,11.1
4.1253779,25.032623809916693,11.100000000000001
4.1253779,26.14914346453094,11.100000000000001
4.125377899999999,26.274920853514335,11.099999999999998
4.1253779,26.24656871530803,11.100000000000001
4.125377899999999,26.329505409287318,11.1
11.522792916645937,27.41942792,11.100000000000001
12.335638911629662,27.651139564458845,11.099999999999998
12.22332502102841,26.855940803711743,11.100000000000001
12.209330303799558,27.13626374361478,11.100000000000001
12.279916111700388,27.16501727439538,11.1
12.90445788,27.419427920000004,11.1
5.651944891734877,27.075800611049587,11.1
5.74284869548841,26.674609306683138,11.100000000000001
5.573306021721295,26.885877354506828,11.099999999999998
6.348255457839524,26.19997433079725,11.100000000000001
6.342747107888662,26.207583321466217,11.1
6.380584395219936,26.166520011121854,11.099999999999998
4.1253779,27.41942792,11.099999999999998
4.1253779,28.000387864407585,11.1
4.872265024681083,27.99202576968441,11.1
5.527891112186726,26.217894251655526,11.099999999999998
4.1253779,26.059101797485337,11.1
5.45868236734786,28.05395537766353,11.099999999999998
8.535234462434724,25.639599881468627,11.100000000000001
9.183758498549652,25.631323810000005,11.100000000000001
8.51491789,25.63132381,11.1
9.961357118240704,25.631323809999998,11.099999999999998
10.746362500561029,26.540315478482675,11.1
10.72687330457304,26.532376443520903,11.100000000000001
4.800055900702022,25.6661290404508,11.100000000000001
5.6511458085694315,25.890153893698624,11.099999999999998
7.193154001470979,24.37196813752728,11.1
5.632479577643075,26.191575019641082,11.1
6.345800647807328,23.819119540930394,11.1
8.51491789,24.134731915944318,11.1
4.1253779,26.163199642794687,11.099999999999998
5.6799900785220405,25.587307780101405,11.100000000000001
4.1253779,25.095355403409197,11.099999999999998
4.125377900000001,25.071881032875552,11.100000000000001
4.1253779,26.220294768677224,11.1
4.1253779,25.07147135914424,11.1
9.981087309751862,25.031184391015262,11.100000000000001
9.26893171693524,25.06114049915831,11.100000000000001
9.897255093632607,25.350046910291578,11.1
8.51491789,25.351971691757058,11.1
8.559584207403761,25.349599550265857,11.100000000000003
9.238432700126324,25.339970102353917,11.100000000000001
7.87865415510175,23.58403404484369,11.100000000000001
7.848976678197266,23.843219700000002,11.1
7.878706057221003,24.10238421282239,11.1
7.030631993881922,23.522241941264625,11.100000000000001
7.787516642255289,23.546908660068762,11.099999999999998
7.256059827651774,23.330416700642026,11.100000000000001
4.1253779,24.424402430338876,11.100000000000001
4.1253779,24.443497428976748,11.1
7.055203801434032,23.8432197,11.1
5.615927882796642,24.112725369270578,11.100000000000003
4.1253779,24.39563408710251,11.100000000000001
4.1253779,24.104739302328625,11.1
10.686601624713411,22.393323708355105,11.1
10.75609399648203,20.83386521468733,11.1
7.799766078028644,21.13543121167993,11.100000000000001
10.787206431697086,19.68855003621172,11.1
9.910753560150976,21.11028659283794,11.100000000000001
9.199315380928049,20.831122903710387,11.100000000000001
5.42763190761928,20.79749206945442,11.100000000000001
6.963230217316028,21.42302678391798,11.100000000000001
6.99825431913236,21.437294051204397,11.1
7.013818398918202,21.44363416772006,11.1
6.209697683712891,21.11607101607819,11.099999999999998
6.958525250204841,21.42111018877726,11.100000000000001
4.846078599930562,22.34944272408356,11.1
7.029049612465273,21.449838689278163,11.1
6.165765297955625,21.098174908608648,11.099999999999998
6.222654724411368,21.1213491403783,11.099999999999998
6.191540621811358,21.10867463353443,11.1
5.4303686930156445,20.798606914567664,11.100000000000001
11.569301106809526,19.992663216308813,11.099999999999998
7.902319905566793,20.267011485000005,11.1
10.628530055251481,20.267011485,11.1
10.693587957150323,20.267011485,11.1
11.477267919345316,20.267011485,11.1
8.51491789,21.389234142851958,11.099999999999998
8.514917890000001,18.478907377,11.100000000000001
4.856818702003535,19.079339075217767,11.099999999999998
7.808522627257095,19.695892542329588,11.1
8.51491789,19.09891319593346,11.1
7.822996422091652,19.383787229883247,11.1
7.815092193648379,19.371272311773787,11.100000000000001
6.174045394619476,21.490294914550965,11.1
8.51491789,19.37660945870151,11.099999999999998
6.9324319670022385,20.541658605554062,11.1
7.797144447031702,19.379534644715594,11.1
5.612875750759738,20.339969996157002,11.1
6.17553556198088,21.102154881286847,11.100000000000001
12.904457880000002,19.36977833612616,11.100000000000001
11.4827670369665,18.185945056004964,11.1
10.72092455747531,18.18868604113496,11.1
10.930912796883142,19.463076658461503,11.1
12.160852428946253,19.08977586827561,11.1
12.904457880000002,19.3752516070995,11.1
8.51491789,18.478907377,11.1
8.51491789,18.478907377,11.100000000000001
8.51491789,19.092851500060796,11.1
8.51491789,18.768317063771846,11.099999999999998
8.514917890000001,18.77314302805102,11.100000000000001
8.51491789,19.097668032650887,11.1
4.1253779,19.276194805569844,11.100000000000001
4.840958166301477,18.478907377,11.1
6.756811067605322,18.478907377,11.100000000000001
6.74499387053475,18.478907377,11.1
8.514917890000001,19.06597974842746,11.100000000000001
8.51491789,18.786647640249075,11.1
9.956443563082887,17.891693686668532,11.100000000000001
12.189612045339059,16.981999790760952,11.099999999999998
11.448324292591675,17.283967577402855,11.1
11.47181073738484,17.274400240395064,11.1
12.2533070088863,16.956053284709412,11.1
11.581246790803293,17.229820840955217,11.1
9.223918875594217,16.690803269999996,11.1
9.985832059906317,16.690803269999996,11.099999999999998
9.195667481690393,16.69080327,11.1
9.210889675072046,16.69080327,11.1
9.228558990692992,16.69080327,11.1
10.0004511451671,16.690803270000004,11.1
4.1253779,17.30664333046118,11.100000000000001
7.804528685317291,17.29686648804395,11.1
9.319136540378077,18.151304330907912,11.1
5.598064068365499,17.589971617868517,11.1
8.51491789,18.478907377,11.100000000000001
9.261588168497488,17.611641130590073,11.100000000000001
5.485271611872719,16.69080327,11.1
7.0287797029005405,16.69080327,11.099999999999998
7.757501478715112,16.690803270000004,11.1
7.1874671045155285,16.69080327,11.100000000000001
6.292692169709275,16.69080327,11.1
7.048582083309951,16.69080327,11.1
10.762124813096756,17.56349484228742,11.100000000000001
9.195819857398662,17.51891127577663,11.1
10.066367271062077,17.84691563836688,11.1
10.634213719773271,16.986553711754816,11.1
9.213140638444594,16.690803269999996,11.099999999999998
10.579992503918634,17.323192567017962,11.100000000000001
12.90445788,17.548880079336744,11.100000000000001
12.904457879999999,17.63500596621287,11.100000000000001
12.904457879999999,17.633896388488033,11.099999999999998
12.904457879999999,17.889968494962954,11.1
12.90445788,17.245666441208552,11.100000000000001
12.904457879999999,17.585336359130068,11.1
7.072912165111094,18.478907377000002,11.1
7.746049807089735,18.478907377,11.1
8.51491789,18.478907377,11.1
8.51491789,18.478907377,11.1
8.51491789,18.478907377,11.1
8.51491789,18.478907377,11.1
8.51491789,17.917459334550202,11.1
9.175367682003424,17.906416542390325,11.1
9.257617878463122,18.17636430809866,11.099999999999998
8.51491789,18.47824489071613,11.1
8.51491789,17.904066968308097,11.099999999999998
9.748282739687996,17.683189013461952,11.1
12.904457880000002,17.846096399034977,11.099999999999998
12.90445788,17.600292954028426,11.1
12.90445788,17.549455451684146,11.099999999999998
12.904457880000002,17.570771738076054,11.100000000000001
12.904457879999999,17.91830156913275,11.1
12.904457880000002,17.90225442594208,11.100000000000001
4.850588785918349,22.35053437556983,11.1
8.51491789,18.478907377,11.1
7.043141388621462,19.076184006114673,11.1
7.793164604540063,18.772917687336278,11.1
8.51491789,18.478907377,11.100000000000001
8.518188156618114,19.371401460860987,11.100000000000001
12.129987617163433,19.379542255267424,11.1
9.817315932998007,19.336273607604973,11.1
9.1974540471289,19.365769406712715,11.1
7.815680121033148,19.672297604904916,11.099999999999998
12.220443125901703,19.350728876704494,11.100000000000003
8.51491789,18.784806058033006,11.1
11.360869474659589,19.064677070056078,11.100000000000001
12.904457879999999,17.905755527268678,11.1
12.904457879999999,18.451853998160527,11.099999999999998
12.90445788,17.646721361248353,11.1
12.90445788,18.793480822784414,11.100000000000001
12.904457879999999,18.467382842217376,11.099999999999998
8.51491789,21.721834643752175,11.1
4.826675423302978,22.05794841137515,11.100000000000001
5.439192491914956,22.07562102631784,11.1
4.1253779,22.05781174961518,11.1
5.5361528763285515,22.055115592,11.099999999999998
4.831780656439936,21.75424845527263,11.100000000000001
8.514917889999998,21.967707639619857,11.099999999999998
9.923101831877538,21.488546123030122,11.1
8.51491789,21.213028287219796,11.1
7.828262334354824,21.800440169467407,11.1
9.284104344061168,20.502011348609173,11.100000000000001
9.87628485754266,21.464571405648186,11.1
11.47544640897199,21.15769989701255,11.1
12.904457879999999,19.698387803755313,11.099999999999998
12.90445788,22.593552038339404,12.322784652765911
12.90445788,19.989822857416186,11.099999999999998
12.904457879999999,22.55582207964781,11.099999999999998
12.904457879999999,21.417805548248854,12.299690411028218
4.1253779,23.8432197,11.1
4.733012922602448,24.133308209184076,11.100000000000001
4.1253779,24.11802075915101,11.1
4.1253779,24.13074356202945,11.1
6.9470808116779486,25.460481408346514,11.100000000000001
5.612964201856044,23.85375978513073,11.100000000000001
4.125377900000001,23.845638854614513,11.100000000000001
10.751691845702219,24.453288417801012,11.1
6.300759426336136,24.139649411352025,11.100000000000001
8.49918801791066,23.576863633894202,11.1
4.878330252649248,24.137512257037756,11.1
9.263694980820743,25.63132381,11.099999999999998
12.904457879999999,22.93060608863232,11.099999999999998
12.90445788,21.268942548351106,12.466314237834313
12.904457880000002,24.7691857165111,11.100000000000003
12.904457880000002,23.268750253927564,12.290252078034795
12.90445788,24.81194234482276,11.1
12.904457879999999,23.569248656700946,11.099999999999998
4.125377899999999,24.41905350382812,11.1
4.125377899999999,24.455385067208532,11.099999999999998
5.5499498661673305,25.02135764182824,11.099999999999998
7.099044987221546,24.719288877209813,11.099999999999998
7.048019474354142,24.77656706950583,11.099999999999998
6.237566881911878,24.191159073087768,11.099999999999998
9.195840608523,25.63132381,11.1
9.18982704420285,25.63132381,11.1
9.206234039123348,25.912935379862212,11.1
9.935733757601211,26.210101244127202,11.1
9.175510068643407,25.63132381,11.1
9.183698182945454,25.631323809999998,11.099999999999998
12.904457879999999,23.543097195372845,11.099999999999998
12.904457880000002,26.75355221702361,11.100000000000001
12.904457880000002,24.48957269794095,13.416564150071803
12.904457880000002,22.141893033975173,11.1
12.904457880000002,25.912949415897653,11.100000000000001
12.90445788,22.707870884504157,11.1
4.1253779,27.72779267170968,11.099999999999998
4.1253779,27.69830689558581,11.1
4.125377899999999,28.0362094997671,11.099999999999998
4.1253779,27.419427920000004,11.100000000000001
4.125377900000001,28.038757661793593,11.1
4.1253779,27.719343476835476,11.100000000000001
6.459275139837139,27.702797512659576,11.099999999999998
7.2035080471747746,27.419427920000004,11.1
9.128472754375764,27.41942792,11.100000000000001
8.514917889999998,27.41942792,11.099999999999998
9.097619458944807,27.41942792,11.1
8.51491789,27.41942792,11.1
12.90445788,28.943498444234333,11.1
12.186115748060518,28.3020283719967,11.099999999999998
12.904457879999999,27.691321844444566,11.099999999999998
12.198840554482235,28.01056220591076,11.100000000000001
12.90445788,28.005820020368503,11.1
12.221966576416195,28.5677855683807,11.1
4.125377899999999,28.8983802625146,11.1
6.909615516496287,28.647283333610062,11.099999999999998
5.447327386051782,28.380448272983752,11.099999999999998
5.441706094191994,28.658143604963104,11.1
4.125377900000001,28.945335997608016,11.1
5.3824593164325965,28.679600311884226,11.100000000000001
4.125377900000001,28.922655426816082,11.1
8.514917890000001,28.306329012718287,11.1
8.51491789,28.041081920208804,11.099999999999998
8.51491789,28.04381727251641,11.099999999999998
9.949731418033632,27.721858109877292,11.099999999999998
11.39935729740979,27.7402753927439,11.099999999999998
9.961269233355893,26.50211664363333,11.1
12.904457879999999,28.89846557238742,12.379059598562014
12.904457880000002,28.94380398396189,11.1
12.904457879999999,28.341935357065083,14.682238475779103
12.904457879999999,29.20753202,11.099999999999998
12.90445788,29.207532020000002,11.099999999999998
5.4971649379178285,27.96199749578165,18.5
5.491225798147583,28.937017331781842,18.5
6.941912468343993,28.954001219939283,18.499999999999996
10.101789242576574,28.607090647208153,18.5
6.953375397519004,27.545934870910912,18.5
8.566027910793684,27.721760657166136,18.499999999999996
8.51491789,28.926775493860823,18.5
8.51491789,29.20753202,18.5
8.51491789,29.20753202,18.5
8.51491789,29.207532019999995,18.5
8.514917889999998,28.93235602777875,18.5
8.51491789,29.20753202,18.5
7.802344143170201,28.298150368677963,18.5
8.51491789,28.657277494096938,18.5
7.0411970125573315,28.028474980609865,18.5
6.374944316355897,27.722886053226194,18.499999999999996
7.103362551361529,28.632526918293127,18.5
5.44525736477134,28.943626827962262,18.5
12.90445788,28.06102747218062,18.5
10.128536358372607,28.63201662020839,18.5
11.47603744450028,28.030081046758497,18.5
11.440544798505305,28.02884254976365,18.499999999999996
8.515809208964985,26.211834400554586,18.499999999999996
8.503845253447897,23.539535198549693,18.5
8.51491789,27.18377323132054,18.5
7.931691031124404,27.419427920000004,18.5
7.877383580130523,27.419427920000004,18.5
7.289299615913763,27.41942792,18.500000000000004
7.1597144292849295,27.41942792,18.499999999999996
8.51491789,27.419427919999997,18.5
7.946847574456044,27.65083459646872,18.499999999999996
4.1253779,28.38867601430659,18.5
4.125377899999999,28.461509653672213,18.5
4.1253779,28.65965347412173,18.5
5.622284293749219,28.33291923943199,18.499999999999996
6.567592820445691,27.933524445977355,18.5
10.831761655440035,23.006968970911352,18.5
12.241442865321835,23.29323341755594,18.5
12.904457880000004,22.337555875281247,18.500000000000004
8.723960963268867,22.90659020292936,18.5
11.545811324139182,23.710194566773833,18.499999999999996
11.533398338089496,23.404214473157946,18.5
8.51491789,25.384638101449198,18.500000000000004
7.133262590665862,27.41942792,18.500000000000004
5.57211923080531,27.419427920000004,18.5
6.4778520337984205,25.48583190961252,18.5
6.306740581548086,27.41942792,18.500000000000004
6.345560107431632,27.419427919999997,18.5
7.854303156619762,26.548283607469298,18.5
7.1154441424194665,27.164109215605823,18.5
7.027831207106161,27.13768652408348,18.500000000000004
7.824036193420394,27.419427919999997,18.499999999999996
7.159031617949467,27.153685576118495,18.5
7.8536944794056796,27.419427919999993,18.499999999999996
12.90445788,22.630522856549874,18.5
12.90445788,22.63194992246697,18.5
12.904457879999999,22.055115592,18.5
12.904457880000002,22.055115592,18.5
12.904457879999999,22.055115592,18.5
12.904457879999999,22.909772030272716,18.5
8.439170321497368,23.18217037107987,18.5
9.128726740277301,23.114616273480003,18.5
10.038291485902846,22.976067725520217,18.5
7.066950713560189,24.403896234256912,18.5
5.468558944081396,24.209307852924667,18.499999999999996
8.489365760673705,23.21504445577608,18.499999999999996
5.043209953479786,23.222418703858832,18.5
4.977338416828299,23.454156079047248,18.5
7.785553099102246,22.68755060350195,18.500000000000004
7.75541238893848,22.70136734028874,18.500000000000004
7.242036620594659,22.58194197625787,18.5
5.590706153953892,22.39846858925694,18.5
12.90445788,22.055115592,18.499999999999996
10.174194129167894,21.21163079344302,18.500000000000004
6.922878800376746,21.421827270441234,18.5
12.90445788,22.055115591999996,18.5
11.640826651174383,21.797741904193984,18.499999999999996
12.203953849049274,22.055115592,18.5
8.51491789,22.39960927080739,18.500000000000004
7.082076983413781,22.083345666837182,18.5
6.8903359384889376,22.652001586908725,18.5
9.564111758432558,21.854595296511928,18.5
9.162000764622407,22.3507517876709,18.5
7.015537650116542,22.661648075127196,18.5
6.152384296235963,22.89401093472583,18.5
5.439413238860985,22.842148177489545,18.500000000000004
5.353448641492241,22.34043503138672,18.5
4.904153052423668,22.91153114017342,18.5
5.720053099291624,22.957074006958948,18.5
5.1107777022578755,23.16299760009645,18.5
7.090772564371178,20.273171396081,18.499999999999996
8.511514820753327,17.837798758803906,18.5
9.98264409034476,18.790537520944053,18.5
8.612661527527171,19.015895725059238,18.5
9.340314818851528,19.662228073617936,18.5
7.12609226237504,19.03856128409498,18.5
9.195663200878151,19.989706006264488,18.5
6.303504891745817,20.885373321925165,18.500000000000004
6.938212243222303,21.18820055886983,18.5
6.484104108569016,21.10297093280868,18.5
5.575101478407773,21.464562438259243,18.5
5.575059683548585,21.4645794636331,18.500000000000004
4.880973420390031,22.117474166334887,18.500000000000004
7.8346619802880895,19.015059447458913,18.5
7.145843659664297,19.036607559934254,18.5
7.004748605079432,19.91327099660437,18.5
4.1253779,20.22829824780076,18.5
4.125377899999999,20.845858011642733,18.5
8.449995267376258,18.202766661807207,18.5
7.1501140028808114,18.425160062835655,18.5
11.47078507435268,18.80162673821626,18.499999999999996
11.492062196941939,18.82789612230486,18.5
7.092895968027322,18.794905169576406,18.500000000000004
11.456791454247728,18.197101409781943,18.499999999999996
10.806873433635035,19.33337034425049,18.5
6.263248762308092,19.094150162414152,18.5
5.540133106221783,18.518583717196208,18.5
6.2663256832138385,19.079084658256203,18.5
6.072903952095555,17.35091566505612,18.499999999999996
6.1483857113802545,17.940217138257708,18.5
7.115452789772635,19.903577193683343,18.5
7.7457656891977384,19.37723665082566,18.5
5.564407508970135,20.29732440218606,18.5
7.847423039994339,19.598930374334557,18.499999999999996
5.507609918549161,19.161737753606655,18.5
5.547146770572343,21.566806212973486,18.500000000000004
8.507667671439252,17.259349268782735,18.5
7.029267219388955,18.501022855421777,18.5
9.940989012386998,17.29439622794289,18.499999999999996
5.622919967378094,18.780419443617102,18.500000000000004
10.714830908174852,17.279864325378615,18.5
9.867489227600064,17.30936650584679,18.5
7.784559498190097,16.69080327,18.500000000000004
7.882047175062558,16.690803270000004,18.500000000000004
7.743945817214403,16.690803270000004,18.500000000000004
7.895516095924968,16.69080327,18.5
7.81470667416671,16.69080327,18.5
7.8181260845557805,16.69080327,18.5
6.158014712708321,17.35563031640986,18.5
4.817501712177178,17.302869049807814,18.5
6.218210500388936,17.901764798429596,18.5
6.030067061907199,16.96493672804963,18.5
4.8481279389850584,16.982375027874248,18.5
6.379938437043922,16.988974224364295,18.499999999999996
8.470730475522219,17.2919523035136,18.5
7.801430635903039,16.69080327,18.5
7.822346666514697,16.69080327,18.5
8.514917890000001,16.690803270000004,18.500000000000004
7.0931002031419075,16.690803270000004,18.5
7.792245752070198,16.69080327,18.5
8.434414411146143,17.619296320837922,18.5
7.757317169157787,17.27925431442318,18.5
6.957103788047471,17.300045052941663,18.5
8.542304517607791,17.303126505125835,18.5
7.107587598732166,16.965383570639094,18.5
7.085654315133168,16.69080327,18.500000000000004
12.904457880000002,17.595908369430518,18.500000000000004
12.90445788,17.8822664417335,18.5
12.90445788,18.526144847976628,18.5
12.904457879999999,17.613298049368716,18.5
12.904457879999999,18.736361297717316,18.5
12.171497974185986,19.063091231638293,18.5
7.795421446545799,20.514694057430674,18.5
6.438765608424509,17.522115346086395,18.5
7.0587880593907055,18.671432598071394,18.5
7.067798354644539,18.727494201413457,18.499999999999996
7.8428068770176615,16.69080327,18.5
7.7580270011196575,16.69080327,18.5
7.047464584614762,17.579802976935266,18.499999999999996
7.172689625770403,18.421063482449647,18.5
6.321611743233172,20.267011484999998,18.5
7.747758035870422,18.7612951509638,18.500000000000004
7.136729881568494,19.652840198724558,18.5
8.430624771166432,17.889320001351404,18.5
12.904457879999999,19.090059599373408,18.499999999999996
12.904457879999999,17.275979098713222,18.5
12.904457879999999,18.526007164066765,18.5
12.904457880000002,18.53258965252453,18.500000000000004
12.904457880000002,18.160988031838716,18.500000000000004
12.196512539863361,20.31725378124213,18.500000000000004
7.034913284515997,21.151083833845732,18.499999999999996
7.033858741084807,20.296128789667957,18.5
7.034482181474883,20.28639030719523,18.5
7.007118132315434,20.327384053739493,18.5
7.778854653415935,21.151208124384425,18.5
7.78817326928471,21.152777183313177,18.5
7.344536519218223,19.47087462881295,18.5
8.465780200098212,19.988302788193174,18.5
9.956584995203551,19.68679906247585,18.5
9.316822798681587,20.008817974584833,18.499999999999996
7.890768023291736,19.987722273945646,18.5
9.943478943798743,20.83463294308072,18.5
12.904457880000002,18.13674903207963,18.5
12.904457879999999,18.814729012242836,18.499999999999996
12.90445788,17.554747995095454,18.5
12.90445788,19.39669195112741,18.5
12.904457880000002,20.855087782942036,18.5
12.904457879999999,19.075653983671224,18.5
9.163745482580271,22.56450289673787,18.5
7.088548776224862,21.466055857694325,18.499999999999996
7.7918903126883965,22.344173243755357,18.5
8.51491789,21.497075049393196,18.500000000000004
8.51491789,22.062544203092674,18.5
7.777763675603687,22.36625507340765,18.5
9.295488436810176,20.582780118768188,18.5
8.509164728795634,21.1626636818436,18.5
7.77066683815533,20.634960504028957,18.5
9.1920931434563,21.22756200676222,18.5
11.476932273461486,22.056805521516253,18.500000000000004
10.093978353400365,21.489618960805466,18.5
12.90445788,19.115559670125805,18.5
12.904457880000002,19.162959650422838,18.5
12.90445788,20.233885066161157,18.5
12.904457879999999,20.525439653061387,18.499999999999996
12.904457880000002,18.451697510265827,18.500000000000004
12.904457880000002,19.388756393455356,18.5
7.833346692174121,22.65011240445915,18.5
7.230913378777807,22.31857256339682,18.499999999999996
7.113192881325003,22.901581884016682,18.5
7.818549428831423,21.49294996814115,18.5
7.819181136236555,21.508697572849087,18.5
8.541120603665037,21.768083262143094,18.5
10.76556788020457,22.971618730647716,18.5
12.148791378780267,23.85550106285125,18.499999999999996
10.112539279293392,22.047533537849127,18.499999999999996
12.202386270228688,21.76912272447855,18.499999999999996
9.959713494064134,22.629782369630462,18.499999999999996
10.677691503481208,22.06733704439595,18.499999999999996
12.90445788,20.24527291203719,18.5
12.904457879999999,19.359800254171883,18.5
12.904457880000002,24.37975712324986,18.5
12.904457879999999,20.320314927880766,18.5
12.90445788,22.002963760444878,18.5
12.90445788,23.3977827388847,17.309772649257233
4.832860014322164,26.208249907746882,18.5
4.841270492124882,26.213428325854185,18.500000000000004
7.859468891992142,25.734573928901675,18.499999999999996
7.81208103089925,24.988148166016025,18.499999999999996
8.51491789,27.41942792,18.5
7.597175052853908,26.189369006709057,18.5
9.21473636374367,22.946380281457284,18.5
9.270016661153436,24.47606584481048,18.499999999999996
7.181966066733082,24.278089982552935,18.499999999999996
8.52065999127429,26.182467383892998,18.5
7.7271214772011785,22.709583427508708,18.5
7.100582342622089,24.841458816229355,18.5
12.904457880000002,25.35371952458705,18.5
12.904457879999999,22.61928481665756,18.5
12.904457880000002,23.871272316662388,18.5
12.904457880000002,25.62934963807712,18.5
12.90445788,24.469155474425992,18.5
12.904457879999999,24.78208858755861,18.499999999999996
8.514917890000001,29.207532020000002,18.500000000000004
8.51491789,29.207532020000002,18.5
4.726344819091557,29.20753202,18.5
6.323841970888585,29.207532019999995,18.499999999999996
6.447104244952129,29.20753202,18.5
6.314561116200739,29.20753202,18.5
6.335207870015988,26.23634678926299,18.5
7.7512743241782225,26.510422041978,18.5
6.38387332841977,26.551334783171153,18.500000000000004
7.8200424483216615,27.13636645204807,18.5
9.252195548558971,27.41942792,18.5
9.418154184058517,27.457791157565765,18.5
12.90445788,27.987284963746617,18.500000000000004
12.90445788,27.690838118813122,18.5
12.90445788,28.89676368727357,18.5
12.186282708405287,27.69650320904921,18.5
11.511946556048365,27.419427919999997,18.5
12.081377293759335,27.71690006106119,18.5
7.205436257000058,29.20753202,18.5
7.100241463259881,29.207532019999995,18.5
7.832971454980479,29.207532019999995,18.5
6.412802951989775,29.207532020000002,18.500000000000004
5.608401487138332,29.20753202,18.5
7.785193808312378,29.20753202,18.5
7.028340318557763,28.627347577781347,18.499999999999996
9.99139354628889,28.269016614257417,18.5
9.202877888056697,27.70684401303395,18.5
11.4779260232865,28.05811697288233,18.5
12.280705441983912,28.697004938493006,18.5
9.27655589705337,29.207532020000002,18.5
11.550134704392695,28.65784620247683,18.5
12.904457879999999,28.623671696625163,18.5
12.904457880000002,28.61781810395018,18.5
12.904457880000002,28.318386704205913,18.500000000000004
12.904457880000002,27.981117692876353,18.5
12.90445788,28.6332702043045,18.500000000000004
7.879259456420095,28.021671423423655,11.1
7.7850510792883885,27.71880802557062,11.1
7.088748381626989,28.011414872452413,11.1
9.938596281606085,28.329019380556062,11.099999999999998
9.214161681407404,28.624411207521753,11.099999999999998
8.561794954008873,28.900020672298112,11.100000000000001
5.544970643352393,27.130596992789567,11.1
4.874136483636168,26.872458563745003,11.1
4.884729527335308,27.42826361052006,11.1
4.946683763396996,26.907684000007375,11.1
4.820012265416695,28.6861124522069,11.1
4.811111752892209,28.07641765914348,11.1
4.1253779,26.501083301065457,11.100000000000001
4.125377900000001,26.784851023561956,11.100000000000001
4.1253779,26.528622499403568,11.100000000000001
4.1253779,26.830345614875483,11.1
4.813217331500015,27.71813890322306,11.099999999999998
4.125377899999999,26.563239423871018,11.1
10.799437017773341,26.561935685287903,11.100000000000001
6.325653541254844,26.800396996508,11.099999999999998
7.049104259412092,26.769062732680315,11.100000000000001
6.3871672564053386,26.14176880136442,11.099999999999998
7.229141969507447,27.419427919999997,11.1
7.136073551384181,27.689405793486202,11.1
5.702562313972991,27.022062878403503,11.100000000000001
4.125377900000001,28.426111769751056,11.100000000000001
5.464860682005512,27.857867607862254,11.099999999999998
5.463587920325251,28.656495819614744,11.100000000000001
4.916558065064991,28.562948530991942,11.1
6.196690903245785,27.483886116232743,11.1
4.1253779,26.144459629083816,11.100000000000001
4.1253779,25.874414293500102,11.1
4.1253779,26.88513664574824,11.099999999999998
4.1253779,26.248030541489662,11.1
4.125377899999999,25.107731000803028,11.099999999999998
4.125377900000001,24.72513177790436,11.100000000000001
10.683194241732064,26.514583528553768,11.1
6.433547166434909,26.41411190298465,11.1
8.51491789,24.945401298300286,11.1
9.1866997720602,24.981317810841535,11.1
8.453026886989191,25.037481278547734,11.100000000000001
7.034896349689756,25.33310417571154,11.099999999999998
5.399641857263115,26.38921791092904,11.1
7.187158202045643,27.244957884961643,11.100000000000001
4.9743469086673375,27.62531772434094,11.099999999999998
7.111916654712809,27.38426210885443,11.099999999999998
6.458478270781359,25.64884982509965,11.1
7.0926112440883715,26.200832976006254,11.100000000000001
4.1253779,25.035607347716475,11.1
4.1253779,26.505691729751845,11.1
4.125377900000001,26.14858878574629,11.1
4.125377899999999,25.6047404544158,11.1
4.1253779,24.762135816466714,11.1
4.1253779,25.06565872767675,11.1
7.632402040272632,24.130676917505504,11.100000000000001
5.494557505452767,22.345523262106255,11.100000000000001
6.986113505261506,22.686453262209678,11.1
5.528226912119528,22.07802396062579,11.100000000000001
7.040216254439555,23.500576452969383,11.1
5.459903464070371,22.980595698308747,11.1
7.100081887192943,24.15265199294204,11.1
7.850416694547292,25.24163699991638,11.1
5.658349868861328,24.445590703045525,11.099999999999998
6.359229642038203,22.966699080789944,11.1
7.639071531243749,24.846716805968903,11.1
7.211453986285916,24.096976507564403,11.1
4.125377900000001,24.42510984802249,11.100000000000001
4.1253779,24.099578150323865,11.099999999999998
4.1253779,24.3617116532105,11.099999999999998
4.1253779,23.843219699999995,11.1
4.1253779,24.082121274635373,11.099999999999998
4.1253779,23.8432197,11.1
8.495888044480013,22.05225314745394,11.100000000000001
8.51491789,19.991215431706753,11.100000000000001
7.662981105806601,22.92577591368233,11.100000000000001
6.351781950184652,22.03826328613657,11.1
7.790177569754267,24.135231180475845,11.1
8.57806480694556,23.90944481915416,11.1
4.85721946277437,20.565131312374017,11.1
6.997395876794398,23.776810112108475,11.1
7.046527899408728,23.562847509118527,11.1
6.370793005394863,23.600504962323587,11.099999999999998
7.805764355319724,24.190001188474234,11.1
7.113613659142898,25.059691929030706,11.1
4.1253779,23.849549932605917,11.100000000000001
4.1253779,24.421150084366367,11.1
4.1253779,24.10932853814793,11.1
4.1253779,23.555920680709477,11.1
4.1253779,24.40258113154235,11.1
4.1253779,22.098717757034933,11.099999999999998
8.51491789,18.478907377000002,11.100000000000001
8.514917889999998,18.478907376999995,11.1
8.51491789,18.478907377,11.1
8.51491789,18.478907377,11.1
8.51491789,18.76445678758285,11.1
9.921076133528405,18.75238235626079,11.1
7.06325891829175,19.983688637334584,11.099999999999998
8.51491789,18.778024309879005,11.1
7.789981945585806,19.069520946000157,11.100000000000001
7.034375529847258,19.68512209724309,11.1
8.51491789,19.66275107001974,11.1
8.51491789,18.478907377,11.1
4.1253779,23.84664088800335,11.1
4.125377899999999,23.029280042114017,11.1
4.1253779,22.980861058989444,11.100000000000001
4.1253779,22.414434961977044,11.099999999999998
4.1253779,22.735240135825553,11.099999999999998
4.1253779,23.04346319771561,11.099999999999998
8.51491789,18.478907377,11.1
9.926505999553308,18.182038934176173,11.1
8.51491789,18.1921821674175,11.100000000000001
9.923951453693537,18.46427830373819,11.099999999999998
9.24299465177069,18.18232116274992,11.099999999999998
9.893830412936834,18.454779007095617,11.1
6.302111765433912,18.478907377,11.1
8.51491789,18.478907376999995,11.1
8.51491789,18.478907377,11.099999999999998
8.514917889999998,18.478907377,11.1
8.51491789,18.478907377,11.099999999999998
8.51491789,18.478907377,11.100000000000001
4.1253779,22.259457946653416,11.099999999999998
4.1253779,22.033821969103514,11.100000000000001
4.125377899999999,19.869672276165463,11.099999999999998
4.1253779,18.522809142497387,11.099999999999998
4.1253779,19.923224494184787,11.1
4.1253779,19.442946816424232,11.099999999999998
9.301140963296191,16.96721181689761,11.099999999999998
9.997178018804625,16.69080327,11.099999999999998
10.001613995506407,16.69080327,11.1
10.722345622863426,16.690803270000004,11.100000000000001
9.305462072215736,16.69080327,11.1
10.504379528417461,16.690803270000004,11.100000000000001
8.4690422158518,16.69080327,11.1
7.122312470719399,16.69080327,11.1
7.8051039877508925,16.69080327,11.100000000000001
9.184498430119378,16.690803269999996,11.099999999999998
7.84615913003655,16.69080327,11.099999999999998
8.514917890000001,17.243176520200006,11.100000000000001
4.1253779,16.69080327,11.100000000000001
4.1253779,17.28799145597866,11.100000000000001
4.1253779,16.950302208597055,11.1
4.1253779,17.619641971619494,11.099999999999998
4.125377900000001,17.240006269489253,11.1
4.1253779,16.94728197309476,11.100000000000001
4.907210032861134,17.276823246851627,11.1
5.488844771710138,16.69080327,11.099999999999998
4.848104505770533,16.690803270000004,11.100000000000001
7.017619698802809,16.69080327,11.1
4.914094011993267,17.00016270232232,11.099999999999998
4.820477743323119,16.69080327,11.1
9.998407805747043,16.69080327,11.1
8.479313805467891,16.69080327,11.1
9.310491168176329,16.98345597620755,11.100000000000001
9.950745330103967,16.690803269999996,11.099999999999998
9.231741639617066,16.69080327,11.1
9.964757188613346,16.979095409436763,11.100000000000001
11.338261984000187,17.328802085453056,11.1
12.223683281320026,17.244653600799403,11.1
12.22508508808059,17.254993810319025,11.099999999999998
11.467081654884947,17.57450719183802,11.099999999999998
9.953085317059264,17.614711006755403,11.100000000000001
12.26736533936759,17.2430206386477,11.1
4.791852869213184,19.39019897173941,11.100000000000001
4.803063050116532,18.44742580830225,11.1
6.2309243934931295,18.190160582336517,11.099999999999996
7.020442053130229,18.478907377,11.099999999999998
5.556095110731971,18.77001649495595,11.099999999999998
4.1253779,18.201286283885675,11.1
7.059891692916522,18.478907377,11.099999999999998
8.514917890000001,18.478907377,11.100000000000001
8.51491789,18.478907377,11.099999999999998
8.51491789,18.478907377,11.1
8.51491789,18.478907377,11.1
8.51491789,18.478907377,11.099999999999998
11.359038652905081,18.789436705857877,11.099999999999998
12.215774152729574,17.8730076448039,11.1
12.18552500270997,17.283840505860592,11.099999999999998
12.904457879999999,17.58054240277558,11.099999999999998
12.191442220162067,17.58008910019926,11.099999999999998
10.59990635415193,18.47897915581139,11.100000000000001
7.0870684094494525,19.377396909111486,11.100000000000001
6.274481671451443,20.012916933699422,11.100000000000001
4.1253779,21.476876840958354,11.100000000000001
4.1253779,19.280306490899093,11.099999999999998
4.125377900000001,19.968812719313,11.1
5.490189869493866,20.0646794502139,11.1
8.514917889999998,18.478907376999995,11.099999999999996
7.807488907967758,19.096768018754236,11.100000000000001
8.51491789,19.085375010659018,11.1
8.51491789,19.07740003998848,11.1
8.514917890000001,18.80966437435653,11.1
7.063964762785243,20.28684607319653,11.100000000000003
9.965885186017632,19.674996292496118,11.1
11.368047529605564,19.069299690311656,11.1
10.70578943977432,19.071719876608135,11.1
11.380246874921175,19.948014692812883,11.1
11.425139400285229,20.267011485,11.1
10.625350611743677,18.204461016747096,11.1
4.803804159392387,22.620714567210328,11.1
4.1253779,21.408915018108395,11.100000000000001
4.1253779,21.747637117696595,11.099999999999998
4.1253779,23.269081126895294,11.1
4.125377899999999,22.593373827873222,11.1
4.1253779,22.330535508027253,11.1
8.447833245906914,22.35082293726355,11.100000000000001
4.887745294963958,21.18558796030401,11.100000000000001
8.452621556415986,21.442396699664314,11.1
7.052632706958894,19.96476557185153,11.099999999999998
6.309331218398855,22.046129643704834,11.1
8.525985288058255,20.529888756074186,11.100000000000001
12.90445788,20.8404226926918,11.1
10.695337754176357,22.04688081236927,11.1
12.198378481987966,22.066774306388368,11.099999999999998
12.185212405373925,21.727984178463572,11.099999999999998
12.90445788,20.59520647901479,11.1
12.904457879999999,21.20145736733292,11.099999999999998
4.1253779,24.145123818480926,11.1
4.1253779,23.573278164428025,11.1
4.1253779,23.55164983844316,11.1
4.1253779,24.12612480423924,11.100000000000001
4.1253779,23.004005476997808,11.1
4.125377900000001,23.555491986996596,11.1
4.125377900000001,24.108449703808816,11.100000000000001
4.7946901333061875,23.83855098202918,11.099999999999998
4.752546494076328,23.842319130156316,11.1
5.653599103897324,23.843219699999995,11.099999999999998
4.1253779,24.096889521371327,11.1
4.1253779,24.103253744482398,11.1
11.298351259152264,22.391714530483252,11.100000000000001
12.222633876612893,24.120964590246036,11.1
9.955553902814286,24.423455329922092,11.1
10.718217271286868,24.128733243704986,11.1
11.40873417033386,22.94225328101571,11.1
10.705551108454966,24.16545746073729,11.100000000000001
4.125377900000001,25.842116377727507,11.100000000000001
4.1253779,25.899706259563896,11.1
5.52676526928207,25.354080828675325,11.1
4.825379779899371,24.720868128776086,11.1
4.1253779,24.967875787188035,11.099999999999998
4.1253779,24.988827965740533,11.1
7.0594986710783605,26.249092420977362,11.1
5.659632294595516,26.892680641973797,11.1
4.1253779,25.229856705721755,11.1
5.640911824578017,26.20216641773055,11.1
10.837622513614802,27.145058858940843,11.1
8.492516144017804,27.501044334728356,11.1
9.22120851879321,22.96269610420622,11.1
9.171289365839769,24.73988570114469,11.100000000000001
7.6579933698724485,25.282250727196203,11.100000000000001
7.7146779059150195,23.855166056775662,11.1
8.51491789,24.163367777467435,11.099999999999998
8.51491789,25.34894281006758,11.1
4.125377900000001,26.465193308348763,11.100000000000001
4.769763673312852,25.82813727462611,11.099999999999998
4.125377900000001,26.578192217247555,11.1
4.1253779,26.839882836218614,11.1
4.125377899999999,26.836302774044253,11.099999999999998
4.844337794698688,28.33050733961621,11.1
4.1253779,27.782645325025438,11.100000000000001
6.099652860302033,27.419427920000004,11.1
7.1028431724536905,27.420193160779597,11.1
7.0275550548710894,26.879608285555445,11.1
4.1253779,28.01117417891866,11.1
7.007900810711569,27.174909926647974,11.100000000000001
12.15084603236588,27.112815376510238,11.1
11.404506466104536,27.702956793239657,11.099999999999998
9.19709640200291,27.419427920000004,11.1
9.856666788979682,27.68813640387623,11.1
11.486708147441426,27.41942792,11.1
9.194110674999425,27.419427920000004,11.1
4.1253779,28.01992318073156,11.099999999999998
4.1253779,28.35858434543889,11.1
4.1253779,28.893188271478643,11.1
4.1253779,28.628642190971245,11.1
4.825120935976656,28.90515086191688,11.1
4.125377900000001,28.899037972025344,11.100000000000001
4.1253779,28.945696789430674,11.1
4.1253779,28.9447817788348,11.100000000000001
4.797435635520864,29.207532020000002,11.099999999999998
4.1253779,28.662952478806368,11.1
4.125377899999999,28.91739538581846,11.099999999999998
5.52122633953303,28.651513583694413,11.1
12.904457879999999,28.630967824366103,11.099999999999998
12.90445788,27.1230594630636,11.100000000000001
8.51491789,26.55237046931962,11.1
12.197738124583868,28.08931881145267,11.1
8.51491789,27.422411602427083,11.1
10.736487034018436,27.46932438096973,11.100000000000001
7.12895285264873,28.93888671962941,18.5
8.51491789,28.543088895084566,18.499999999999996
6.25975525483262,28.589780926227647,18.5
8.51491789,28.644811394789365,18.5
8.514917889999998,28.597405033018198,18.499999999999996
7.647566195017925,25.963487339764402,18.500000000000004
8.514917890000001,29.207532020000002,18.500000000000004
8.51491789,29.20753202,18.5
8.51491789,29.20753202,18.5
8.51491789,29.20753202,18.5
8.51491789,28.950562331387186,18.5
8.51491789,29.207532019999995,18.5
5.482587629838877,27.669798689788415,18.5
5.763947750084516,27.942329588496904,18.5
5.702023802732675,28.01542868595887,18.5
4.640572359889461,28.997664624299233,18.499999999999996
5.42460572481286,28.38405143258404,18.499999999999996
5.796564228602925,28.263448078500364,18.5
5.540164578494846,26.20764521800156,18.499999999999996
7.151193021684635,27.419427919999997,18.499999999999996
6.413640878651751,27.419427919999997,18.5
5.671287014828383,27.11484992337484,18.5
5.466938185752629,26.703525110311453,18.5
7.824171307673971,27.41942792,18.5
8.51491789,27.41942792,18.5
8.514917889999998,28.684460482549017,18.499999999999996
8.51491789,28.57577583118242,18.5
8.51491789,29.20753202,18.5
8.514917890000001,28.579427046191665,18.5
8.514917889999998,28.683422530160833,18.5
4.125377899999999,28.317397396121635,18.5
4.125377900000001,28.552043399712947,18.5
4.1253779,28.19720702179903,18.5
4.1253779,28.32182701592953,18.5
4.1253779,28.625347807980773,18.5
4.125377899999999,28.211573593473073,18.499999999999996
12.90445788,22.344725331292615,18.5
8.51491789,25.48570462371137,18.5
7.776898230655229,23.233400646161996,18.500000000000004
7.789252596016486,24.67983758344051,18.5
7.779865875248118,24.669758642262792,18.5
8.51491789,23.993046848836574,18.5
8.51491789,26.838855076687103,18.5
8.51491789,26.86968811303523,18.5
8.51491789,27.114322006101833,18.499999999999996
8.514917890000001,25.640778523899176,18.500000000000004
7.873983985344691,25.625076075849606,18.499999999999996
8.51491789,26.63147339803656,18.5
5.484835005881971,27.41942792,18.5
4.125377899999999,27.2131358267741,18.5
4.537604359387007,27.419427920000004,18.5
4.804724627111069,26.792018206225602,18.499999999999996
4.125377899999999,27.41986706840427,18.499999999999996
4.695052119614985,26.02486467397474,18.5
12.904457880000002,22.953892917763383,18.5
9.187339219926779,22.554926628108298,18.5
7.052043871501354,23.20487496419163,18.5
7.667776462844854,22.053464446934658,18.5
7.094962187867156,22.10347608357587,18.499999999999996
7.0507064295064,21.4973660068555,18.499999999999996
8.401156288560868,23.566771745454496,18.5
7.839693071676497,24.138018269023455,18.5
8.51491789,25.965306873066467,18.5
8.51491789,26.51303606350473,18.5
8.514917889999998,25.839883057643977,18.499999999999996
7.828765794147866,25.005887980702557,18.5
5.742649933429137,24.86007302401097,18.499999999999996
6.033407110118757,24.075906094933213,18.5
8.552857130393122,23.375409842421025,18.5
4.1253779,24.975022214243243,18.499999999999996
5.602042362259408,24.140771231079544,18.500000000000004
8.579248456293314,23.20420973649473,18.5
9.211502850421994,22.974636077722682,18.5
9.229554064005946,21.791322016226527,18.499999999999996
11.474524325677924,23.30035928892053,18.500000000000004
12.148574061326656,23.176277809996524,18.5
10.120093911232832,22.06586054625383,18.5
8.48604738893005,21.758224389703763,18.5
8.51491789,22.699304442261084,18.5
8.51491789,22.62970971635633,18.5
8.51491789,22.67861517617016,18.5
8.51491789,22.671683783077683,18.5
8.514917889999998,22.581161605206773,18.5
8.51491789,22.662731482372653,18.500000000000004
7.787906012389032,22.372183066112754,18.5
4.893050458480566,23.66170765740502,18.5
4.979764978183896,23.54657563007703,18.5
7.153995068774475,22.126154367967953,18.5
6.372945122966948,22.95899504473907,18.5
4.1253779,24.131274556065435,18.500000000000004
7.753286056845496,19.695657816197667,18.5
7.788879588510972,20.56276732068336,18.5
9.20206676118172,20.29001247679952,18.5
9.92307583611405,17.00125876491877,18.500000000000004
8.543421056279541,18.1684721085528,18.5
9.808446022102775,18.124638704384445,18.5
8.51491789,21.235137281860315,18.500000000000004
8.51491789,22.68119894853648,18.5
8.51491789,22.408193271834506,18.500000000000004
8.51491789,22.63674380808224,18.5
8.51491789,22.40170068307627,18.5
8.51491789,22.598923743561958,18.5
6.374220273431538,20.854157422885578,18.5
5.55484106992955,21.472815631006533,18.5
7.815181912691974,21.81828732910509,18.5
7.01473324864062,21.76876671557545,18.5
7.1018262881965,21.781254613519422,18.5
6.280593187046195,21.47524370804412,18.5
5.424940584482667,19.42549792689344,18.5
7.720125885550136,19.06554903005032,18.5
10.05189836563464,17.271806449686107,18.5
8.455589246889758,18.774329236084228,18.5
7.708983896389078,19.06704100535761,18.499999999999996
6.958793868306768,19.092464168300538,18.5
8.51491789,18.426734877612923,18.5
8.51491789,19.747908051547384,18.5
7.8120137636538125,20.36229945555315,18.5
8.514917890000001,20.974726155669998,18.5
8.51491789,21.46380985754606,18.5
8.51491789,21.127420697993173,18.5
5.572240954371493,18.17942619518731,18.5
4.1253779,16.968066371224257,18.5
6.3599958771751055,19.608844208203053,18.499999999999993
4.1253779,17.25366438780062,18.5
4.1253779,17.257291955767627,18.499999999999996
7.706452707629493,17.59996767866837,18.5
6.293892798085938,18.17933992146425,18.500000000000004
7.806145003424662,17.013596624184995,18.5
6.304749465404369,19.039315292915447,18.5
7.680271050519249,17.60794713954431,18.5
5.607154347777356,18.747283114646184,18.5
8.523897265218553,18.467378975188872,18.5
6.391730892102593,16.69080327,18.5
7.894088876334619,16.69080327,18.500000000000004
8.514917890000001,16.690803270000004,18.500000000000004
7.866917950871255,16.690803270000004,18.500000000000004
7.832454741067074,16.69080327,18.5
7.854675070545401,16.69080327,18.499999999999996
4.1253779,16.9552170538037,18.5
4.1253779,17.326015340454237,18.5
4.125377899999999,17.337349643075378,18.499999999999996
5.456310702955519,17.349201794968742,18.5
6.107900824067327,17.577866890626197,18.5
4.832296321944994,17.305552228487887,18.5
6.222365712622071,17.29078478537246,18.5
4.1253779,17.284975903120667,18.5
4.8260859095212325,17.28799087388904,18.499999999999996
5.514189454670799,17.28195471053925,18.5
4.1253779,17.57765358774455,18.5
4.125377899999999,17.27879588385832,18.5
6.947439268984642,16.69080327,18.5
6.287414456165339,17.293452868854224,18.5
6.377230590660091,16.69080327,18.499999999999996
7.798049785076451,16.69080327,18.5
6.991266166250885,16.69080327,18.5
7.028871008598758,16.69080327,18.5
7.731749231998041,18.228374032064337,18.5
10.695917612618778,17.59046472252085,18.5
5.606902124892593,18.497526808579394,18.5
8.547286999721852,17.890261897536377,18.5
9.983864867963606,18.468780998788503,18.499999999999996
7.696061299465967,18.793394086436805,18.499999999999996
6.952139005436753,17.625272893126073,18.5
5.505733458760247,17.30463200767303,18.5
8.394113216151815,17.88502786407373,18.5
6.265158461853925,18.443750337190583,18.5
5.529915972805121,19.07788502131111,18.499999999999996
7.016584231176169,18.1685884651827,18.5
6.20928696666678,19.675922392684647,18.500000000000004
6.263247167791877,21.18424237369547,18.5
6.989763303257191,20.888291889456394,18.5
5.595335620401824,20.836336982273355,18.5
6.9143713185524875,18.776467072959242,18.5
7.042705282929817,19.0588113123604,18.5
12.210549703049766,18.15169808786235,18.5
9.97213574105341,19.092880492740075,18.5
9.230392925652975,18.76121418388426,18.5
8.439825709662257,19.674468921919186,18.500000000000004
8.557000039694081,19.670228078029066,18.5
11.474067035502294,17.56165710626619,18.5
9.333115040996763,20.86471158200473,18.5
7.162266762019177,19.894634821388788,18.5
7.118397463114036,19.918185872692646,18.5
7.811676617504328,20.232706280186488,18.5
4.1253779,20.83276442619784,18.5
7.748349516915232,19.387957664159654,18.5
8.41056404030458,22.02820485319356,18.500000000000004
6.371664030744343,19.010628176432636,18.5
7.0250357555350575,21.449428234479697,18.500000000000004
9.360603179241613,21.771280795656885,18.500000000000007
9.206854489415841,22.023773933051608,18.500000000000004
9.212999026912389,21.456932402752955,18.500000000000004
9.242592897915928,17.880181666088017,18.5
10.687151959217783,18.507073098356372,18.5
7.007267988608962,19.676487189417763,18.500000000000004
8.513735041527994,19.955643281396284,18.5
10.710252784451143,19.364251085844177,18.499999999999996
11.395386868609204,18.769236831222678,18.5
8.422318746852682,20.59445925667004,18.5
9.251660410052862,21.98728007048204,18.5
6.242808902468814,21.778766582342822,18.5
6.995321583314343,21.477303186288587,18.5
7.772943392660265,19.366329432746923,18.5
8.564405201518548,21.476483122433756,18.5
10.010512678507201,21.71764851835524,18.5
9.071932534228683,22.32173544466914,18.5
9.987335341036571,22.059278535873236,18.500000000000004
9.871356557258057,21.76470606217185,18.5
9.11758896342934,22.03640439232844,18.5
9.222022650251864,22.060850904421947,18.5
9.897217023125986,21.756455837837365,18.499999999999996
9.994677109197346,20.246750562585287,18.500000000000004
9.205144599820608,21.439179479332797,18.5
9.209778123086755,22.042770894991854,18.5
9.219891954599778,20.85489497527832,18.499999999999996
10.649557740179054,20.326349785224778,18.5
7.852979658880596,23.187367169301755,18.500000000000004
9.99073055065799,22.848588650305892,18.5
9.190377672819038,21.797079520494844,18.499999999999996
8.464951747209192,23.198623671054456,18.5
10.613134846951798,23.164663490322614,18.5
8.543210852899836,23.749202518041162,18.5
9.989378457964076,22.63416775308134,18.500000000000004
10.605993080835036,21.768233018433726,18.5
9.25143074647683,22.066892112042638,18.500000000000004
9.265498540277376,22.37054583528632,18.499999999999996
9.23620315485349,22.63421823577707,18.500000000000004
9.183102917922778,22.049817357162848,18.5
12.904457879999999,22.055115591999996,18.499999999999996
9.264657140741209,23.281232866931045,18.500000000000004
11.524718103129366,23.18397865480408,18.5
11.415197406389685,22.078715237280825,18.500000000000004
11.32935366325136,22.05341663747705,18.5
12.090573247656824,22.97453780229029,18.499999999999996
6.209231174291357,25.35732507525271,18.5
4.1253779,26.190636458477407,18.499999999999996
8.29198121279186,23.652792898618586,18.500000000000004
6.845836272962753,25.09085594046703,18.499999999999996
8.55628948551886,23.566975996040007,18.5
4.741228513685418,25.631323810000005,18.5
8.423232055106226,24.14156221303621,18.5
9.380675981691235,22.720878779030752,18.5
8.54224703885584,24.173601185346453,18.5
7.664319166811749,23.345378432249362,18.5
8.479446171920205,24.155034280273956,18.5
8.410182807660089,23.604350512984436,18.499999999999996
12.278839963833802,22.309964612280865,18.5
12.19378410994541,23.538203257386037,18.5
12.904457879999999,22.332486602137646,18.5
12.90445788,24.12023575717899,18.5
9.14053156913673,26.157343980649905,18.5
12.194598481571528,23.474681074468272,17.310232861872382
7.967766234711504,27.41942792,18.5
8.51491789,27.159025102091924,18.5
7.865758161499407,27.130468659837017,18.499999999999996
7.897264042251879,27.16782310805347,18.5
6.389720212210352,27.419427919999993,18.5
6.491111155026812,27.419427919999997,18.500000000000004
5.444228407166345,26.168565072437037,18.5
8.43992355050923,27.38887854717789,18.5
7.115351584925929,28.93875351783329,18.499999999999996
7.776912098079668,25.38795190884258,18.5
7.656247014158658,25.322239919026806,18.5
8.51491789,26.326731347403797,18.499999999999996
7.620364466269331,24.401567423680547,18.5
12.184074604699456,27.435676181308,18.5
12.201435269688128,28.01980285227784,18.5
12.904457880000004,28.319690579642806,18.500000000000004
12.904457879999999,28.014792361695935,18.5
12.239839965111418,27.967979128517264,18.499999999999996
7.145774082418363,28.386620525369622,18.5
8.514917890000001,29.207532020000002,18.5
7.820256103403525,28.38274665729744,18.5
8.514917890000001,29.207532020000006,18.500000000000004
7.030520781028702,29.207532020000002,18.500000000000004
7.959587598204846,29.207532020000002,18.5
5.816908661934623,28.310670048471163,18.500000000000004
7.794189291584658,28.292629585426027,18.5
6.297991420412222,28.571991954194008,18.5
7.119306764509898,28.60691863608437,18.500000000000004
7.813613963932607,27.701400598968892,18.5
7.808163350580054,28.60015820854774,18.5
11.212936390698363,28.733515516972446,18.499999999999996
11.603543647199697,28.684986157650826,18.5
11.98396754532837,28.651387312017096,18.5
12.180816097566066,28.645917574688784,18.5
12.904457880000002,28.323390748601447,18.5
9.256078799657322,28.01643238704841,18.5
6.974898320650729,28.336516808437203,11.100000000000001
9.087061948293215,26.85772555763606,11.1
8.446600382018222,27.74658369622705,11.099999999999998
9.17709887413767,28.310723431470045,11.100000000000001
7.833712541695862,27.728489288548232,11.1
7.023120204721106,28.027120198346843,11.1
8.394123247839513,28.622208765309832,11.1
6.290982146740129,28.356274948780055,11.1
6.9982055692521445,28.29950960651915,11.1
5.530711908633914,29.20753202,11.1
6.912657468060147,28.312469599083943,11.1
7.783214995467924,28.30447485415424,11.1
9.173261656893422,28.320282755868377,11.1
12.904457880000002,26.82537714267672,11.100000000000001
9.233318566513132,25.619989163351875,11.100000000000001
8.450522420978817,25.604598808293137,11.1
11.403714292950987,25.631323810000005,11.099999999999998
9.060242943670326,24.70383120218173,11.100000000000001
7.850016932092276,26.23759905221359,11.1
4.125377899999999,28.017695257579586,11.099999999999998
6.411272433718523,27.705587273436457,11.1
6.285605661842963,27.41942792,11.1
5.487406887570965,27.419427920000004,11.099999999999998
9.23496268615764,25.916897236198952,11.100000000000001
7.126898280865643,24.99192008098561,11.100000000000001
5.542877706050745,24.684151043060496,11.100000000000001
7.60384063511675,25.25876946421043,11.1
8.525421607216986,25.073260357403615,11.100000000000001
7.775242439940742,25.043073630471376,11.100000000000001
9.261378004456706,23.29882217214994,11.099999999999998
5.456852623320623,23.18933038284862,11.100000000000001
10.061581003900285,26.26136583651096,11.1
5.536012624276921,22.092896728559452,11.1
5.590944786559871,23.85914582308603,11.1
8.523143463212396,24.750684802718546,11.1
4.805418418091439,22.649585522688067,11.1
4.780292671281411,23.84361438651311,11.1
7.788009477022967,19.97778925094741,11.1
9.202195067623965,19.983927542847983,11.1
7.784640233740136,20.56449424615115,11.1
8.51491789,19.072647831032697,11.1
9.964378349226578,19.98976356254342,11.1
9.195429861714224,19.98334618561757,11.100000000000001
7.0864792168945545,23.91189435638498,11.100000000000001
6.295742309091487,22.366068180450213,11.1
5.558409638404861,22.665633299855372,11.099999999999998
7.018714983174114,22.355714545961472,11.1
4.8915620588939746,23.794455129999896,11.1
8.501176676376392,20.55974638607329,11.100000000000001
9.245637518093105,21.781747804929413,11.100000000000001
7.80535169065762,22.90231849083878,11.1
9.986389949861588,21.1613455279969,11.099999999999998
10.782676519865724,20.267011485000005,11.100000000000001
7.135288613178777,24.43402678195244,11.1
7.8307398347279555,22.12280663947863,11.099999999999998
8.533954669056959,25.03646570002785,11.100000000000001
7.591755401472565,24.97846595983684,11.100000000000001
7.06711037520972,22.67794384886648,11.100000000000001
8.51491789,19.396169194510158,11.099999999999998
6.952384381274964,22.70309435777931,11.100000000000001
8.51491789,18.478907377,11.1
8.514917890000001,18.478907377000002,11.1
8.51491789,19.082213238335097,11.100000000000001
8.51491789,18.478907377000002,11.100000000000003
8.51491789,18.478907377,11.1
8.51491789,18.478907376999995,11.099999999999998
8.514917890000001,18.195871800317,11.100000000000001
8.51491789,18.196293377773838,11.100000000000001
8.51491789,19.073317301434663,11.1
12.18090082930836,19.37395401491375,11.099999999999998
8.51491789,18.778821082655067,11.100000000000001
8.514917890000001,18.776158103910515,11.100000000000001
9.293759341692635,18.161641877278825,11.100000000000001
7.819928860014699,19.057611414278817,11.099999999999998
9.980074731918192,18.75651980482039,11.099999999999996
8.51491789,18.193658109481145,11.1
10.603613562520895,19.04725954904785,11.1
10.518959233318116,18.762169627217567,11.099999999999998
8.51491789,18.478907377,11.1
9.221063937254113,18.19125476417191,11.1
12.904457880000002,16.69080327,11.100000000000001
8.51491789,18.478907377,11.099999999999998
9.217558094053382,18.19268288936043,11.100000000000001
10.65475487783435,17.60723259673285,11.1
10.767073689788454,16.69080327,11.100000000000001
12.904457880000002,16.69080327,11.100000000000001
9.207379333781473,16.99591420835833,11.1
12.268083719015538,16.9500339077063,11.099999999999998
11.590246398775227,16.69080327,11.1
12.197842485107664,16.690803269999996,11.1
9.241721942832603,17.590315808502325,11.1
10.010682122034536,17.57879685530196,11.1
10.793481226865161,17.550721628609487,11.099999999999998
9.19428920148815,17.5989801117639,11.1
10.769427880005187,17.275183907079594,11.100000000000001
9.89687275680173,17.27576948711524,11.100000000000001
10.834933554682943,17.25325257834886,11.1
12.199085701176854,16.69080327,11.100000000000001
9.280112896890525,16.69080327,11.1
9.93401075699294,16.69080327,11.099999999999998
10.07860678426391,16.69080327,11.1
11.486340883008719,16.690803269999996,11.1
5.47643170516799,28.662424793976122,11.099999999999998
5.55989728436788,28.5812580065207,11.1
5.510497047090263,28.63056670785255,11.100000000000001
5.5180018320432485,28.3221435299097,11.100000000000001
6.279552653340187,28.602811342795192,11.099999999999998
5.543419148706311,28.05075818619499,11.099999999999998
4.748424683402606,28.93031732474366,11.100000000000001
6.209733340840467,28.639009402441356,11.1
5.581283885170982,28.58828578252203,11.1
7.147529206180451,28.21560196140587,11.1
6.303631642288731,28.61457795325463,11.1
8.51491789,27.390244537549705,11.100000000000001
8.51491789,26.140271290177708,11.100000000000001
8.51491789,25.852522827639262,11.099999999999998
5.560717459621795,27.987319734127112,11.1
6.275756255622258,26.60220402347933,11.099999999999998
6.271810671768506,27.17817522768638,11.1
6.444948212116782,27.638928181611032,11.1
7.058536148671374,27.095022609785467,11.100000000000001
6.37379248942934,26.79825146193108,11.1
6.217243118782466,26.866358312585994,11.1
6.408535687690881,26.396721655254936,11.1
7.096628135740042,25.903171451595902,11.1
6.27594767417726,26.593155663276733,11.099999999999998
6.997543537432424,25.96019298048433,11.1
6.399683021591167,26.540450631381987,11.100000000000001
6.332693553990663,27.66506566595197,11.1
7.706660242179577,25.949802674901346,11.099999999999998
7.757633329353384,26.537189110414236,11.100000000000001
7.699635882802989,25.079108005005292,11.1
7.113610649866083,24.122057637904287,11.1
6.959863392341931,24.410705767515616,11.099999999999998
5.605699636945747,25.637561482802923,11.099999999999998
8.51491789,25.61436535094846,11.1
7.777256395607793,25.9683907699079,11.099999999999998
7.0937668847507265,24.464090693649002,11.099999999999998
8.51491789,18.478907377,11.1
7.069579179526492,22.95319548900652,11.1
7.047375629528248,23.254637481458225,11.1
7.081871883731044,24.75905466419442,11.1
7.002422640512232,21.68148196973198,11.099999999999998
7.767724423545067,26.814534397641907,11.1
7.754695070037553,24.4275886427926,11.099999999999998
7.824456839693565,25.254242738515202,11.1
5.598992087856585,20.0242329898144,11.099999999999998
7.76574795628723,19.98065744906703,11.1
4.880808235214953,20.611608924211872,11.099999999999998
6.336474654643243,21.77943293590705,11.099999999999998
6.283016290884423,19.339516068820767,11.100000000000001
7.752480258679601,23.532636389729756,11.099999999999998
7.753722756460793,18.478907377,11.099999999999998
7.050824121489994,19.69151072235093,11.1
7.032395080208001,22.031477377156776,11.099999999999998
5.592767662997789,20.83571349205264,11.099999999999998
7.055218010160563,21.17183406967733,11.1
7.807546141771456,18.14054785293364,11.099999999999998
5.60222893073411,18.16400792215865,11.099999999999998
7.093164678375249,24.170808840675626,11.099999999999998
4.125377900000001,18.795373046596087,11.1
7.04530465398193,17.875847360216895,11.100000000000001
8.51491789,18.17217179687522,11.100000000000001
7.017659001205354,18.478907377,11.1
7.001940368304885,18.804061581249492,11.1
7.087052312714748,18.470040906561536,11.099999999999998
5.569236575284231,18.184150402020556,11.1
7.0361003273376195,18.478907377,11.1
7.752392823189051,18.478907377000002,11.100000000000001
7.773168408658888,18.478907377000002,11.1
8.51491789,18.478907377000002,11.1
8.51491789,17.568346771258916,11.099999999999998
7.792704692293783,18.478907377,11.1
7.780545826774927,18.478907377,11.100000000000001
7.75045596440877,18.478907377,11.1
8.514917890000001,18.758441888531387,11.100000000000001
7.057526300478214,18.478907377,11.1
7.078741654035442,16.97721542779684,11.1
8.51491789,17.89287663421968,11.1
7.079040230482153,17.585038214941626,11.1
8.51491789,17.563735991577026,11.1
8.51491789,17.55139695586662,11.100000000000001
7.851624816212486,17.241644526213285,11.099999999999998
7.791754777432186,17.276479945392076,11.1
7.819345293614475,17.256152678930498,11.1
7.0720240528995095,16.690803270000004,11.1
8.51491789,17.287129868680505,11.100000000000001
7.790441870741799,17.264074636561972,11.1
7.130684143226685,16.690803270000004,11.1
7.77364024373275,18.16524246521935,11.1
8.51491789,16.95820120570791,11.1
8.51491789,17.54540657340395,11.099999999999998
8.51491789,17.583364754469123,11.100000000000001
7.826957179297034,16.69080327,11.1
7.822103414317189,16.69080327,11.100000000000001
8.514917889999998,17.26881917553017,11.099999999999998
8.497812730511932,16.690803270000004,11.1
7.144080566723901,16.690803269999996,11.099999999999998
8.51491789,16.69080327,11.1
6.996639870411592,16.69080327,11.1
6.3852945389101885,16.69080327,11.1
7.019728078689726,16.690803270000004,11.100000000000001
7.7231635866370905,16.69080327,11.100000000000001
5.647574005156492,16.690803269999996,11.099999999999998
8.51491789,18.17592399303545,11.100000000000001
6.3061034865470145,17.8943533295877,11.1
8.51491789,18.15846567984197,11.1
7.805921197637061,16.9749630032231,11.099999999999998
6.591954187556093,17.452823759358157,11.100000000000001
8.514917890000001,18.183985337744275,11.1
6.274417520257007,16.69080327,11.1
8.514917890000001,16.984212219936317,11.100000000000001
8.51491789,17.560216424463185,11.1
8.51491789,18.199908767186816,11.100000000000001
8.514917889999998,18.171874705926363,11.1
8.51491789,16.982880229236216,11.1
8.51491789,18.1760261617768,11.1
8.514917889999998,17.965093492838964,11.099999999999998
8.51491789,18.478907377,11.1
7.791703373757535,18.78034951141185,11.1
7.805107972412399,19.089934473331418,11.1
6.301411377950201,19.397957846017924,11.1
8.51491789,18.77562569961429,11.1
8.51491789,18.772058307066104,11.1
8.51491789,18.785474151180686,11.1
8.51491789,18.478907377000002,11.1
8.51491789,18.478907376999995,11.1
8.51491789,18.478907377,11.099999999999998
8.51491789,18.478907377,11.100000000000001
6.964106516779894,19.05191878605076,11.1
4.82713486792448,17.587418130585533,11.1
6.322802402946194,23.756971400753425,11.1
7.065847511173448,18.18376384241384,11.1
8.51491789,19.060443010644093,11.1
6.978108351706185,18.773076528391147,11.100000000000001
7.7828483952720875,23.83831223037792,11.1
9.226241234502496,19.37869552743136,11.099999999999998
8.51491789,18.82030452673307,11.1
8.51491789,19.074361294595942,11.099999999999998
8.51491789,18.478907377,11.1
5.528305363792472,22.410207352313172,11.100000000000001
7.0326702635916725,23.843219700000006,11.1
7.804558499680036,26.22128497911707,11.100000000000001
7.767032025974579,26.519905945960687,11.1
6.305013817803069,24.763202453041128,11.099999999999998
7.7725323761936185,25.90983024742647,11.1
7.772771969365094,26.52285663732053,11.1
7.8222117146493035,24.702139783827814,11.1
8.51491789,24.44998453778002,11.1
5.60591802917726,26.320140908587323,11.1
4.819720538540159,27.704156586544933,11.1
5.55283108688305,25.638812426039028,11.100000000000001
7.787346309632246,24.413139565330418,11.100000000000001
6.2398087777517555,26.65938800293091,11.099999999999998
4.8985974554815,27.671842001480194,11.099999999999998
5.56103487171278,27.74346169313068,11.1
4.941711760881164,27.38889204917245,11.1
5.591347203286633,26.859422743756564,11.1
6.976237964375188,26.844013502648135,11.099999999999998
9.273914567735908,26.844758051276212,11.099999999999998
7.041774008530848,28.913169105530606,11.100000000000001
10.079427642905301,28.33413921049669,11.099999999999998
7.072821158136122,28.37753074414836,11.1
6.38219820764951,27.392216734643746,11.1
7.133209754346546,27.686758627928164,11.099999999999998
6.390699303142813,28.1945607133322,11.099999999999998
4.867983433846639,27.184101757054,11.1
5.559297007094455,28.015577767906617,11.1
5.617285657314159,27.41259912577308,11.100000000000001
6.982284554490535,27.989493409551322,11.100000000000001
5.544946822626674,27.491295507786013,11.099999999999998
5.507754983535573,28.3723581522679,11.100000000000001
4.787414215748568,28.363952249764473,11.099999999999998
4.1253779,28.666528422876038,11.1
5.56878583431456,28.35840143928895,11.1
5.528957413055904,28.63577591624224,11.1
4.745780290426552,28.417542839552404,11.100000000000001
5.523264667485477,27.745268217275903,11.1
4.875652236264034,28.32474013044193,11.099999999999998
5.579276844500726,28.574975790794138,11.1
4.1253779,28.867108307776785,11.100000000000001
6.330656901036554,28.318136089955637,11.1
6.979871933978002,28.34419591103767,11.1
5.444878019585463,28.66016756323834,11.1
4.7612741270459225,28.689460123388887,11.100000000000003
4.8328161262395595,28.63117404205485,11.099999999999998
4.7030497253887384,28.736896206373228,11.099999999999998
4.1253779,29.207532020000002,11.100000000000001
4.725846644523061,29.20753202,11.1
4.1253779,29.207532020000002,11.099999999999998
5.520401624637025,28.613424218720404,11.099999999999998
4.125377899999999,28.12492273937198,11.099999999999998
4.902232183739569,28.301288075507447,11.1
4.887405937513172,28.080142609977802,11.099999999999998
5.376920240797516,28.693696734457955,11.099999999999998
4.787081719949037,28.66843438360049,11.099999999999998
4.789719752360924,28.11871050667907,11.100000000000001
4.788260048856092,28.947424202330357,11.099999999999998
5.521618606271677,29.207532020000002,11.1
4.748936232265001,29.20753202,11.1
4.1253779,28.932541030105135,11.099999999999998
4.7617710356461895,28.689055286294344,11.1
4.1253779,28.978199521009078,11.1
4.125377900000001,28.378408548748354,11.1
4.1253779,28.965481113722568,11.1
4.1253779,28.96270071468348,11.1
9.969535501273299,17.298568753802638,11.099999999999998
9.966510685454162,16.69080327,11.100000000000001
10.694563809466741,17.59101620177818,11.1
9.882086075112724,17.31925903148867,11.1
9.379126917769536,16.978058827210656,11.100000000000001
10.735947722588682,16.960817210390942,11.1
10.14691245953644,17.81410509725364,11.100000000000001
7.156813205283944,18.478907377,11.100000000000001
8.51491789,18.478907377,11.099999999999998
8.51491789,17.636554563654368,11.1
7.826641881534076,17.637686810952907,11.1
8.51491789,18.478907377,11.1
9.994590903218741,17.303365734726082,11.1
10.702541611265973,18.16986580292752,11.099999999999998
8.51491789,18.478907376999995,11.099999999999998
10.592469763421944,18.460144984927,11.1
9.21325275300084,19.04971845129584,11.099999999999996
9.220287534170874,19.05964164561509,11.100000000000001
9.223430365539263,19.32091072846497,11.1
10.035419884769485,19.37234334161327,11.1
8.51491789,18.77165080287429,11.1
9.199694734407954,19.066565184939243,11.100000000000001
9.234630570493644,18.185728318879452,11.1
8.51491789,18.76557948904733,11.100000000000001
10.513322796136467,18.196789105730087,11.099999999999998
8.508870759791293,22.2387757315148,11.1
9.958016427682033,21.117434362330243,11.1
9.89514248886271,20.267011484999998,11.099999999999998
9.96889991799216,19.64988863095031,11.099999999999998
9.97785350299058,19.992026316098524,11.1
9.93350781273429,19.32852424279555,11.099999999999998
8.514917890000001,20.569883048540625,11.100000000000001
8.506363957859278,19.670566404938526,11.1
9.24579971898959,20.545501925679808,11.1
10.679329665098013,20.267011485,11.1
9.97824710085413,20.581999729643965,11.1
8.51491789,19.686047848815225,11.1
8.51491789,19.37403521893891,11.099999999999998
8.51491789,19.406963770995745,11.1
7.824383230155934,23.237261988257266,11.1
9.337114196929363,21.403420918060693,11.1
9.225771327320365,22.071414966718294,11.099999999999998
8.4801440012163,24.45790018931071,11.1
10.540954548618739,24.79471219248617,11.1
7.123885233346126,25.345872202210305,11.099999999999998
8.51491789,25.08077737110771,11.1
8.51491789,23.591564414383495,11.100000000000001
9.240375402404775,22.75790474008222,11.099999999999998
11.091627989218287,23.602245550525495,11.099999999999996
9.940817596564536,23.850495549093377,11.1
9.249602173132539,25.631323809999998,11.099999999999998
8.36320243870264,25.295690427989207,11.1
9.228739412699621,25.340544548060606,11.100000000000001
8.479057953618367,25.343547551253174,11.099999999999998
8.51491789,24.15138130865796,11.1
6.341959078918381,24.144426367212052,11.1
9.20033413119776,24.15944731015287,11.1
8.51491789,21.137568409447166,11.1
9.373343828167881,25.059597684657216,11.1
7.924238693739857,24.184876541216056,11.099999999999998
4.1253779,23.849171379472427,11.1
7.840799180753427,25.356717715197867,11.1
7.642681042666595,25.008671927989866,11.100000000000001
6.952504740063531,25.00871624511135,11.100000000000001
7.641338553788561,25.008778671417357,11.1
9.982424038224421,25.34642843075243,11.099999999999998
9.196689562129002,25.61182281535904,11.1
6.254672883803856,24.728066797980865,11.099999999999998
8.501596192326403,25.04423253610659,11.1
7.0328774152867535,24.75165431414302,11.100000000000001
7.759504383267238,23.586895860421265,11.1
9.86678985677954,25.9107435940193,11.1
9.974914170443158,26.530423565559865,11.1
10.126354323185792,27.663154183448256,11.1
8.508391715367074,27.110160446799004,11.099999999999998
8.535893856993455,26.23318978285029,11.099999999999998
9.961824138208662,27.386090428333805,11.100000000000003
9.961824138208662,27.386090428333805,11.100000000000003
8.524638925923119,26.540928627039946,11.099999999999998
9.938111402018226,27.41942792,11.1
9.887590200634648,27.419427920000004,11.100000000000001
6.385782463266091,27.419427920000004,11.1
6.3141772637447495,27.419427919999997,11.1
10.744953450542095,27.41487369770437,11.100000000000001
11.537617216482296,27.976218244282414,11.1
10.771775031682125,26.552001041679468,11.100000000000001
11.508710084996583,26.8536140038421,11.1
11.465755262578224,27.70802825134412,11.099999999999998
10.86923131467408,27.142873745589473,11.1
11.538213553239185,27.395868666810237,11.1
10.814122038356448,27.700823909144795,11.1
12.205445818490158,28.277192050055536,11.099999999999998
8.515616343471125,28.91090061271764,11.099999999999998
10.702745139833604,28.607500429493257,11.1
9.974005358542458,29.20753202,11.100000000000001
10.68008713842752,28.91236713272988,11.099999999999998
10.67176435208901,29.20753202,11.100000000000001
9.206605244603196,28.283158478791265,11.100000000000001
9.996448330602732,28.003673014953236,11.1
9.310866526583235,27.411725907838886,11.1
10.057480497992241,27.425135674614676,11.1
9.204812674227414,28.926499452793415,11.099999999999998
7.067840541812786,27.140654330989804,18.499999999999996
6.409066150653887,27.367523257441746,18.500000000000004
7.089375892647886,27.710474802052488,18.499999999999996
8.639467688648963,27.470163986076972,18.5
7.85953914297819,27.450699929063738,18.5
11.519028470218018,28.32510392115273,18.5
7.849483068247589,29.207532020000002,18.5
7.063394957676581,29.207532020000002,18.500000000000004
7.035382464748508,29.207532020000002,18.5
6.396296888655408,29.20753202,18.500000000000004
7.150035776907706,29.20753202,18.5
6.389642269109281,28.926978082018138,18.5
6.310689804345272,28.343681174600558,18.5
9.667309458684894,23.978013941111232,18.5
6.185970924430191,26.470718112003148,18.5
8.45075740062235,25.949393424446484,18.5
7.814209721689841,26.84855299528336,18.499999999999996
10.820105559998254,23.46939953807905,18.5
9.894660789528665,24.113173043297294,18.5
7.756454474250644,27.110463528725354,18.5
9.981019295821584,27.694765053232732,18.5
8.447328666095164,26.820226427323234,18.5
8.63389908136653,29.207532019999995,18.499999999999996
7.81996131186717,27.73419834704358,18.5
7.77090486472053,26.287659979677965,18.5
9.999354577588935,23.47223914451011,18.5
10.793477543644796,23.459488311740813,18.500000000000004
9.825995402728491,23.617956383665046,18.5
9.910109426103425,24.750884792826103,18.499999999999996
9.215227152042601,25.04157568865754,18.500000000000004
10.682182384581798,23.468271423674157,18.5
12.131994370095946,22.920768792496702,18.499999999999996
10.706408909239906,22.950860277264564,18.500000000000004
9.909685030100226,23.574472277888486,18.5
11.512938760105051,22.902745286122162,18.5
6.991656389986954,24.463728946492683,18.500000000000004
8.60552614752193,21.74987235305496,18.5
10.794348012122164,22.710952404488467,18.499999999999996
9.876665733228448,21.755495586946058,18.5
7.780420390590068,22.361385718900536,18.500000000000004
10.748202620279764,22.662354456607943,18.499999999999996
7.067719657296983,21.45474371431949,18.5
9.962028585616794,21.446487855972602,18.5
9.218912905947334,22.054651075968806,18.500000000000004
7.010050917841953,24.464360005329983,18.5
9.302898090804868,22.333565570993233,18.5
10.844822560403932,24.143912555415472,18.5
10.108026214508653,22.977892323920393,18.5
9.16983995116928,21.767799215371273,18.5
9.212554686853931,21.126733871506524,18.5
9.410234091678198,21.16979649494448,18.5
9.836516260641568,22.055115591999996,18.5
10.10138760029642,22.666224777110177,18.5
10.68425588077465,20.84866033946921,18.5
11.498173106858326,21.779870963528825,18.5
10.082145649568155,21.753514123794716,18.5
9.397152503744767,21.479195770033357,18.5
10.039856406252053,21.76424672566616,18.5
10.799909525093065,23.19659897758755,18.5
10.837730341978897,21.775966995909442,18.500000000000004
11.300129026016139,20.58977537921021,18.5
11.518021494683683,19.043680132621887,18.5
9.923717026620103,20.25587012461458,18.5
11.416630502356934,19.670482898369915,18.5
10.675565967912776,18.6557098144581,18.5
8.557006090268178,18.470908086305663,18.5
8.522430834014042,18.126686940337592,18.5
4.1253779,20.256216838423608,18.5
4.816924734816256,20.554583507359695,18.5
5.641149240454566,19.977169785220767,18.5
4.1253779,19.97255303584414,18.5
4.125377900000001,19.977470220403923,18.5
7.075266287897194,19.973423680725325,18.500000000000004
9.909888957527642,17.898852391082997,18.5
7.804205825633628,17.87523302642448,18.5
10.728098384646703,19.590669074671823,18.5
7.927740885111875,18.706974336240776,18.500000000000004
12.90445788,18.47449937627275,18.5
9.977055107091093,18.760835121563826,18.5
9.210273771319747,18.77085893102597,18.5
5.58183406342464,19.043647636169894,18.5
4.1253779,19.33040169971427,18.5
9.9106354089509,19.36859290879963,18.5
10.745197821907958,19.689848014157793,18.499999999999996
5.532707713088499,18.440638069339975,18.499999999999996
7.040085547987762,16.69080327,18.5
7.0653013380875285,16.690803270000004,18.500000000000004
7.757009461022284,16.96562888727422,18.5
8.500197389805134,17.282441475973314,18.5
8.458040712451222,16.978832511362814,18.5
6.230451123888891,16.990509061825787,18.5
7.150669556637669,17.24653759601376,18.500000000000004
5.594174598680087,16.986775164094077,18.500000000000004
7.074501557460846,16.690803270000004,18.500000000000004
7.1451493576268685,17.248786280510345,18.5
7.827857848603437,18.169349731736418,18.5
8.553234093388042,17.876297766951396,18.5
6.303908939094079,16.69080327,18.5
8.536747127670502,17.004822034760032,18.5
9.237162696299896,17.8680491343295,18.499999999999996
9.955369718141892,17.873874163001485,18.499999999999996
8.51491789,17.866024725729606,18.5
8.514917890000001,29.20753202,18.5
8.514917889999998,29.207532019999995,18.5
7.862210639800274,29.207532020000006,18.500000000000004
8.514917889999998,29.207532019999995,18.5
7.128858617837842,29.20753202,18.5
8.51491789,29.207532019999995,18.5
8.51491789,29.207532020000002,18.5
7.124055612421723,29.207532020000002,18.5
6.333192754202399,29.207532019999995,18.499999999999996
8.51491789,29.20753202,18.5
8.514917890000001,29.207532020000002,18.500000000000004
7.060078635287817,29.20753201999999,18.5
7.174359634424423,29.20753202,18.5
8.51491789,27.43913684786289,18.5
8.514917889999998,28.929298781501792,18.5
8.514917889999998,29.20753201999999,18.499999999999996
7.860760104049258,28.60576992092495,18.5
7.836233513694907,28.612158772665865,18.500000000000004
7.797624313217772,23.81676721236725,18.5
7.822184804069884,26.218681514663302,18.5
6.377376592113501,26.833847526462225,18.5
7.811726367887771,27.124616214252477,18.5
7.752985297178254,26.194175292087344,18.5
9.207707820848565,27.701639839969296,18.5
7.645984521505665,27.065462962897804,18.5
7.773999644559,24.14270974183916,18.5
6.961532521532653,25.900905146917374,18.5
8.217065842360126,26.17891083700955,18.500000000000004
6.209193125922937,23.659794590333814,18.5
7.602032928588968,23.690114891287823,18.5
7.835071520864443,22.345104110748508,18.499999999999996
7.771512062833083,25.24212369496218,18.5
7.845170391858914,24.980346438455904,18.5
9.196548117367291,23.495067429509245,18.5
8.51491789,25.554229588436513,18.5
7.109630570571625,22.34232567772994,18.500000000000004
7.655530260588082,25.347912709310215,18.5
7.777941613579395,23.788169349353065,18.5
7.8170163986459436,22.952556810129032,18.5
7.0807303746088825,23.580207081694844,18.5
8.51491789,23.222889706893746,18.5
4.882073229214379,25.014835508031332,18.5
7.836282359196953,22.877745155577774,18.499999999999996
7.72920672807814,22.96321462594266,18.5
7.033063945856287,19.972537326089952,18.5
7.751395985062126,22.382950389374223,18.5
8.51491789,22.363660874473155,18.5
7.704383757593626,22.166184641680744,18.499999999999996
7.825435463321831,20.598142218207933,18.5
8.51491789,22.593454733895758,18.5
8.51491789,22.59199827580931,18.5
8.51491789,22.649388085050365,18.5
7.831754299059358,22.3379190690633,18.499999999999996
7.813545675102375,22.927828354253393,18.5
7.758995567220179,18.805154924140766,18.5
7.8249116592875545,20.91493440885927,18.5
7.807521479698182,20.027108049581713,18.499999999999996
8.51491789,22.89943282427538,18.5
7.7946753074402,21.204070628489745,18.5
7.798647214108065,20.547248204221496,18.500000000000004
7.760065452254334,22.648929145529664,18.5
7.7753978067703855,23.76852250625529,18.500000000000004
7.845616779907175,23.17939786696376,18.5
8.51491789,22.355589418842758,18.5
7.733794257673021,22.96738003617538,18.5
7.820651996626399,20.5995000711586,18.5
7.8494728573246055,22.323514088704588,18.5
7.103908519078239,21.745601478150085,18.5
6.972766600253362,22.714852043146163,18.500000000000004
6.361301255137517,19.141823403902393,18.5
7.793912858866804,21.174601820220598,18.499999999999996
7.100096800570219,23.47866975440232,18.5
7.0380037023319035,18.480618415200265,18.5
7.845211501747164,20.208433694932936,18.500000000000004
7.823510121150921,22.61388351304565,18.5
8.51491789,18.396125238148404,18.5
8.51491789,19.39869067926222,18.5
7.8089026515165845,20.86992520197002,18.5
7.8319357182595155,18.698370893927226,18.5
7.802794591938655,22.35423249366063,18.5
7.031316577734646,20.89034287194722,18.500000000000004
7.855525002396906,18.37654666859804,18.5
7.842142309975742,18.45253978923004,18.5
7.847492040897082,18.43169897383922,18.499999999999996
8.514917889999998,17.573445283683558,18.499999999999996
7.098744770596007,18.98339475252671,18.5
7.123406870757374,17.241027599852476,18.5
7.79638244992003,20.07899984562672,18.499999999999996
8.51491789,21.173193813267247,18.5
7.800875453570076,18.15969904110102,18.5
7.799148883720479,16.69080327,18.5
7.816578293451152,16.69080327,18.5
7.782667513185573,16.69080327,18.5
7.757073971286442,16.69080327,18.5
7.806067392532496,17.604157314930276,18.500000000000004
8.514917890000001,16.690803270000004,18.5
7.062037351262443,16.69080327,18.5
7.7388490153972676,16.69080327,18.5
6.462282269624204,16.690803270000004,18.500000000000004
7.207424846614678,16.69080327,18.5
7.140042972138593,16.690803270000004,18.5
7.869663993918116,16.69080327,18.5
7.05073312095158,19.211302615446296,18.5
6.43683513805601,16.993405082588886,18.5
7.851347628576833,16.690803270000004,18.500000000000004
8.51491789,17.786910236907175,18.5
8.51491789,17.543269915130026,18.500000000000004
8.51491789,19.715675242298058,18.499999999999996
5.671077186715011,16.97790013522494,18.499999999999996
5.594419423263269,18.442616416919172,18.499999999999996
6.366690442929847,16.98288332614442,18.5
4.903705239258046,18.50410730314949,18.499999999999996
7.0731763227180835,18.443810870707264,18.5
7.096420354270023,16.97942385878244,18.5
7.757584330040044,23.258209178943712,18.5
7.809470587382869,18.088539822235845,18.5
7.785310225853117,19.335727104973135,18.499999999999996
6.250769968529832,22.42536945460966,18.499999999999996
7.824716227923796,24.36093868875206,18.5
5.546335857037429,23.014663664453742,18.499999999999996
7.081726482226623,21.75611363584156,18.500000000000004
4.125377900000001,25.631323810000005,18.500000000000004
4.125377900000001,25.89112244745868,18.5
4.1253779,25.890965910623805,18.5
4.1253779,25.63132381,18.5
5.480431338056608,26.183312542441953,18.499999999999996
5.60172704593465,24.739374788092103,18.5
6.3447735380598695,22.014990009840698,18.5
4.853227526065507,25.03833643088202,18.5
7.028474510014246,23.53748115715298,18.5
7.778055440283774,21.196538944700958,18.500000000000004
5.63926259403056,24.1546183784868,18.5
4.806142643703854,25.0766970207454,18.5
5.428179034482239,26.162027269103547,18.5
9.813836231391928,22.7332549440374,18.499999999999996
4.1253779,25.63132381,18.5
4.1253779,25.631323810000005,18.5
9.820784634847294,22.73133479831265,18.499999999999996
4.808015648373872,22.532754126038743,18.500000000000004
6.183038198938218,26.192215668452576,18.5
4.865221019907398,26.557134032944695,18.5
6.193780038113069,25.9067953528635,18.499999999999996
6.275710123469773,27.10545173655676,18.5
7.076341398306685,27.74563684867986,18.500000000000004
4.818556849186487,26.196064592571133,18.5
4.1253779,25.10117391430236,18.500000000000004
4.1253779,25.631323809999998,18.499999999999996
4.1253779,25.63132381,18.5
7.717881957674787,22.118977593125702,18.5
7.6220800067653,22.430746419055463,18.500000000000004
4.1253779,25.63132381,18.500000000000004
7.055174128512185,22.68328780807848,18.5
6.293779768253373,23.890844840939064,18.499999999999996
6.36573478345541,26.79965327351899,18.5
7.105880465797264,28.02375491980086,18.500000000000004
6.306832445187937,27.945597558278333,18.5
6.167306328893126,22.580812416037475,18.5
7.704665883525767,28.561254841073126,18.5
6.956823402749998,27.363179947107533,18.5
7.669440137103665,26.242899941254578,18.500000000000004
6.206783059360012,25.872021641415312,18.5
6.942264891829503,26.543546298953245,18.499999999999996
7.782172242320832,28.93357837233516,18.499999999999996
6.254839823334498,27.356139087077654,18.5
7.094493451240913,28.3206690037295,18.5
7.8113604659336255,26.163527279554167,18.5
7.113915114918427,28.034758565202146,18.5
6.958151241568337,27.92086606535236,18.5
7.841140320801269,28.6156061710418,18.500000000000004
7.868425676350026,29.207532019999995,18.499999999999996
8.51491789,26.57488120886582,18.5
7.085163175966464,28.93275632373466,18.500000000000004
7.8232459454923315,28.08183314504128,18.5
7.867649673932888,28.588509115574468,18.5
6.955780682498499,26.784304500430153,18.5
8.522218609093565,29.207532019999995,18.5
7.766101334558591,28.925226511093822,18.5
8.51491789,28.31586592009874,18.5
7.7022626769817215,28.938776648187293,18.500000000000004
7.815318654472572,29.20753202,18.5
7.1049518330816595,28.95432654198405,18.5
7.127259559999501,29.20753202,18.5
7.817808817007748,29.207532019999995,18.5
6.200151311038618,29.207532020000002,18.5
7.807387193077243,29.20753202,18.5
7.079322659724021,29.20753202,18.5
7.116422847185625,29.207532019999995,18.499999999999996
8.51491789,29.20753202,18.5
7.163269981894553,29.207532020000002,18.500000000000004
7.120317393051991,29.20753202,18.5
7.82202319783331,29.207532020000002,18.500000000000004
7.844077432226603,29.207532019999995,18.499999999999996
7.841401256332503,29.207532019999995,18.5
7.7252162657868055,29.207532020000002,18.5
7.00959626915815,29.207532019999995,18.499999999999996
7.123388545400897,29.20753202,18.5
7.8524827279439755,29.207532019999995,18.5
6.351687065832466,29.207532019999995,18.499999999999996
7.805570141752833,29.20753202,18.5
8.51491789,29.20753202,18.499999999999996
8.514917890000001,29.20753202,18.5
8.51491789,29.207532019999995,18.499999999999996
8.51491789,29.207532020000002,18.5
8.51491789,29.207532020000002,18.5
9.244531128760975,17.276956138460836,18.5
6.25777848507337,18.76533756542012,18.5
7.092174821755535,17.27291889509301,18.5
8.330150453176701,17.622488357186473,18.5
5.594445340642509,17.60322479519523,18.5
5.61089956383531,17.901874999317425,18.499999999999996
10.636702685170308,18.178190135729942,18.499999999999996
8.516028730842876,17.003578853493345,18.500000000000004
9.22132177830623,17.287040100606454,18.5
7.093614504055907,17.003643744320904,18.5
8.51491789,18.458275287806146,18.5
9.302388261095908,18.745794983884593,18.5
8.441962216177975,17.595020422590714,18.5
12.197918702099022,18.46627172647599,18.5
12.195499141209643,20.276747175492595,18.499999999999996
5.553897076015617,20.530627805538764,18.5
9.983930104021127,18.47306702116241,18.5
10.715603716169282,20.859346308703323,18.5
7.743120876777371,18.799024824550326,18.5
6.268776443261618,18.75586041449177,18.5
8.498168386226343,19.39513641856515,18.500000000000004
7.104591458683948,17.58233844326409,18.5
10.748568714143374,20.62696758240049,18.5
6.333216508491527,19.954569667945005,18.5
10.678029387082884,20.840967210476947,18.499999999999996
6.366381789900304,20.881992696797322,18.499999999999996
8.450695975792373,20.293172647240823,18.500000000000004
8.438435237960327,21.455357368838982,18.5
7.691126100991617,21.182243794634793,18.5
7.730748261513532,21.173068630574754,18.500000000000004
9.190443635475303,20.84817443777176,18.5
7.0081479885252085,21.167753811057842,18.499999999999996
9.940442792484031,19.423075323908254,18.5
7.783397291189832,20.841758375473976,18.5
7.780761435738592,20.550785168568677,18.500000000000004
9.184033435966882,21.166678144969662,18.5
8.51491789,19.983341821650274,18.5
8.438673301798799,22.63223209443853,18.5
9.946614094648343,22.043510572699464,18.5
8.403414824112751,21.46707338302142,18.5
7.7667409154642915,24.472448093225502,18.5
10.132622180052959,23.485678107519703,18.500000000000004
10.722035633402001,21.510139376393834,18.5
10.779092060607779,22.304504401714926,18.5
10.716972995075766,22.04562621781715,18.5
9.326150665765196,22.952877880106268,18.5
11.498257001281116,22.628451376624657,18.5
9.420514624612888,23.199514410409673,18.5
10.105186384928302,22.351194994595456,18.5
10.816241594391014,23.29340761957125,18.5
11.467816765702702,22.03867001116642,18.500000000000004
9.976591114521394,25.035458130957856,18.5
10.675169518890883,21.744480596647882,18.500000000000004
9.176100603951834,25.03116707592093,18.5
9.199967459317007,26.258748960463866,18.499999999999996
8.470604367506777,21.748129461010844,18.5
9.153424529028213,21.462297858087815,18.499999999999996
6.391610774200536,24.47332172982464,18.5
9.097082107417325,22.041710359022762,18.5
4.9670434587195365,25.105122939181058,18.499999999999996
9.967155377164458,23.31881345616727,18.5
7.686829859483282,25.075308216313996,18.5
9.777329274683712,24.192485948307052,18.500000000000004
6.165530012850629,25.083871161066757,18.499999999999996
8.536573929638552,25.338967396768787,18.5
9.797461292607966,25.324117272428524,18.5
7.778024280631891,27.097013196271334,18.5
9.187105272545866,24.497922685572703,18.5
6.350333270232902,26.831848848938535,18.5
8.53217896083153,27.12138465831326,18.5
10.800897233233542,27.45861694734864,18.5
7.914385020413778,27.734184202122663,18.5
10.751674940581673,22.935106130944085,18.5
6.254662305967221,26.49869993586754,18.499999999999996
6.98374402163113,26.795695524292668,18.499999999999996
6.245942537273609,26.495147888391443,18.499999999999996
7.249316032519216,27.45319235360369,18.5
7.73993668343903,27.122659355216875,18.5
7.97771399179585,27.47296330978522,18.5
11.501037771267105,28.049535005798738,18.5
10.83429510906983,28.34086165075552,18.5
12.904457880000002,28.33822082815871,18.5
8.97743942700813,27.698371858507855,18.5
7.736740912201944,27.41942792,18.5
9.365785060387998,28.373806392192655,18.5
8.881145638058445,28.649290274865002,18.5
7.7503010532359395,28.015939144405017,18.5
7.780139618828664,28.90767953565431,18.5
11.516975545617575,28.34061455881259,18.5
8.63445710946866,28.633804405403176,18.5
6.347585864866533,28.643416383111422,18.5
8.576653871993008,27.73842797237727,18.5
8.610461101906816,28.92224462666465,18.5
8.63311589427279,29.207532019999995,18.5
9.685013696176654,28.934038837888373,18.499999999999996
7.814107138309697,28.56593308003314,18.5
9.940844828709782,28.032613779240314,18.500000000000004
8.796762687541571,28.363748366727595,18.5
9.224417838096473,27.712279931724613,18.5
7.139163585658674,27.715695976417138,18.5
7.0802264894925,27.435335814758076,18.5
4.895859536015575,26.535184238220367,18.5
7.072162409567375,28.624526050839542,11.1
12.904457880000002,28.671905582508856,11.100000000000001
12.904457880000002,28.297228581913135,11.100000000000001
12.904457880000002,28.647487752764796,11.100000000000001
12.90445788,28.962782972028055,11.100000000000001
12.232039920491308,28.65923203311781,11.099999999999998
6.28039447671531,28.329673751213022,11.099999999999998
7.692310696637957,28.620882725959035,11.1
7.75139000052498,28.320722139371856,11.1
10.816164052793452,27.982236821857228,11.099999999999998
5.487413422557404,28.65269909723842,11.1
5.506793137811874,28.661836373808335,11.1
4.1253779,29.207532020000002,11.1
4.7889128696201935,28.353851113753933,11.1
6.2301084075819855,28.644026379903362,11.1
4.1253779,28.645281076083013,11.1
6.160234611568358,29.207532019999995,11.1
4.1253779,28.91341190229246,11.100000000000001
12.20821880579409,28.890540161796253,11.1
10.767288838519525,27.711888234583192,11.1
9.995951535852717,27.419427920000004,11.100000000000001
12.90445788,28.038243402069696,11.100000000000001
9.228654168724471,27.12486620873443,11.099999999999998
10.643959389938589,27.419427919999997,11.1
9.224477280361349,27.419427919999997,11.099999999999998
6.973421481532102,28.081357844110276,11.099999999999998
5.576722207164432,28.320301606274317,11.099999999999998
8.46482781896052,27.72385626293433,11.1
9.385748062092317,27.993550348729677,11.1
5.470323680849769,27.751832286980154,11.100000000000001
6.371429010676103,26.471641842052584,11.1
4.125377899999999,26.88194962448905,11.099999999999998
5.551067062938023,25.915791160298028,11.1
4.125377899999999,27.133295124655156,11.1
7.740440209941687,27.69462044082851,11.1
6.243803709490623,25.335827883735984,11.1
9.240845093096265,25.63132381,11.1
9.94206712965448,25.93908646156932,11.100000000000001
10.638882571125176,25.06027998245419,11.1
12.904457880000002,23.300919084999556,11.100000000000001
12.90445788,26.233648694880603,11.1
9.970482834082086,23.85215825952025,11.1
6.963815259076064,24.728838502580118,11.1
5.6053448130591175,23.545328938314903,11.100000000000001
7.834813538681992,24.74398172425026,11.099999999999998
9.886059745074126,26.189866252268775,11.1
7.72508125995302,25.004498372683706,11.100000000000001
9.253543853584766,25.932207302176284,11.1
5.5793909253620555,25.308108163660144,11.099999999999998
5.6404575016841605,25.35992460420506,11.1
7.108817171683275,24.464372072244466,11.099999999999998
7.834344270373759,23.853454670345513,11.099999999999998
6.388073723747448,24.370679523814438,11.1
5.64282141569518,25.052029354767317,11.099999999999998
12.904457880000002,22.43953091365983,11.100000000000001
10.714094420727251,23.537588426667185,11.099999999999998
12.90445788,23.57504154736187,11.1
9.276939663841198,22.94901018529653,11.1
12.904457879999999,22.951364273570455,11.099999999999998
12.90445788,22.950892607463068,11.1
8.462579778253314,25.599816732651014,11.1
7.797603699238119,23.8432197,11.099999999999998
6.1949856263267975,24.389368045301616,11.1
7.075369782652917,24.14142795920909,11.1
6.388784949271399,24.154629551668975,11.099999999999998
5.505279812769914,24.128990860091207,11.100000000000001
6.2551349693433025,24.722202742038817,11.100000000000001
5.533278868742206,23.88424203355248,11.099999999999998
4.835684013647864,24.117285127474297,11.100000000000001
4.816718587458674,24.686740570676335,11.100000000000001
4.1253779,23.231344217264507,11.1
4.7746287767162645,23.77206520743291,11.099999999999998
11.369393497575514,21.766154477273787,11.1
12.904457879999999,22.06105842743209,11.099999999999998
12.904457880000002,22.65156706819404,11.100000000000001
10.695060025665592,21.765803846234725,11.1
12.904457879999999,21.439470604819025,11.1
12.203117886133716,21.8030479830065,11.100000000000001
7.813463967246021,23.306620550313912,11.099999999999998
7.797326329908374,24.445470594893564,11.099999999999998
8.523768699989379,22.371393130903527,11.1
8.51491789,22.317463792892692,11.1
7.807892672589759,24.439656822522583,11.099999999999998
7.79776177028706,23.266556140466683,11.1
6.211869117466533,23.85124777709825,11.1
5.587779158655915,23.241393485504418,11.100000000000001
7.0639544335554145,22.949046944935876,11.1
7.781918687747608,22.060947794439386,11.1
7.016739321771993,23.84586617148412,11.099999999999998
7.786285504335031,22.345902962559062,11.1
12.904457880000002,19.982829830835644,11.100000000000001
12.214876948748374,19.12552018054392,11.1
11.48452652248527,19.373067559202667,11.1
12.90445788,20.858342276927964,11.099999999999998
10.66961007409151,18.790132758136945,11.1
12.90445788,20.544258487246527,11.1
8.51491789,19.077730663590703,11.100000000000001
9.96480126389478,19.636865531822046,11.1
9.94945425973292,19.64111789596672,11.100000000000001
8.514917889999998,19.09648207934459,11.099999999999998
10.696121877112187,19.661863101538085,11.1
8.51491789,18.776379772140555,11.1
9.271505349057586,19.70404108098285,11.1
7.78271181420358,18.773924386034125,11.1
8.51491789,19.081902032612014,11.099999999999998
8.51491789,18.782577847341734,11.1
8.51203273197361,19.070551371304422,11.1
4.82835253341339,20.597323719530443,11.099999999999998
12.205898566926875,16.975365383464002,11.100000000000001
12.208559637899489,17.827285428929642,11.1
12.90445788,17.57666237440785,11.1
11.485414386162557,17.006610155483873,11.1
11.444916774549394,18.144897004057757,11.100000000000001
11.41306959172434,18.1687936877605,11.100000000000001
8.51491789,18.478907377,11.099999999999998
8.514917889999998,18.478907377,11.100000000000001
8.479689326275013,19.063246233053004,11.1
8.51491789,18.478907377,11.100000000000001
6.947848127210019,18.478907377,11.1
7.761103214797391,18.478907377,11.1
6.296882104464284,18.478907377,11.1
7.01959443800303,18.478907377,11.099999999999998
8.514917889999998,18.478907376999995,11.099999999999998
4.815524478777008,18.478907377,11.1
4.921396851330363,18.478907377,11.100000000000001
6.319069937467327,18.478907377,11.099999999999998
12.178823444386511,17.289790796072776,11.100000000000001
10.645789023488454,17.304924140642648,11.1
12.199697042026706,17.84879777279577,11.1
11.465161431156663,17.885505231250246,11.1
10.754545448841679,17.56658233947023,11.1
12.90445788,17.300155380154266,11.1
9.225169428953949,17.299979001474924,11.100000000000001
10.75332910642844,16.985823118472446,11.100000000000001
10.725453855437483,16.69080327,11.1
9.264267453684074,17.570975279628527,11.1
9.250620209785911,16.969811153639828,11.099999999999998
9.33132429426523,17.852481147143905,11.1
6.428535150809943,16.964319342375155,11.1
4.1253779,17.30068052424989,11.1
6.40804635998247,16.69080327,11.1
6.3399794804797125,16.690803270000004,11.1
5.5416048911338365,16.69080327,11.1
4.845742246310848,16.69080327,11.1
7.123895458883626,16.69080327,11.099999999999998
4.78363356429347,17.888865007508876,11.1
7.65023885868588,16.69080327,11.1
5.646194665350984,16.69080327,11.100000000000001
7.742311295402857,17.26002783351253,11.1
4.1253779,17.284673729690404,11.1
7.837733990268536,16.96535231115291,11.099999999999998
10.737518038931443,16.98292306875848,11.099999999999998
10.634341364608758,16.69080327,11.1
8.562790178684466,16.69080327,11.1
9.1970696542602,16.690803269999996,11.099999999999998
10.81050299155433,16.971344258666964,11.1
10.646862228160659,17.610447712514638,11.099999999999998
10.723278303964335,17.579319188957122,11.1
12.904457879999999,16.690803269999996,11.099999999999998
9.260385603518792,17.309375006003037,11.100000000000001
10.687286560377851,17.89642544634835,11.100000000000001
9.326360619358828,17.607209799366693,11.1
6.306556747882596,18.766975471858736,11.100000000000001
6.250867179402505,17.903489548379163,11.1
7.643392514738366,18.478907377,11.1
4.1253779,18.478907377,11.1
4.1253779,17.039608822815193,11.1
7.794365579458356,18.478907376999995,11.099999999999998
8.51491789,18.478907377,11.100000000000001
9.290212914650866,18.163086534526048,11.099999999999998
8.51491789,18.478907376999995,11.1
8.51491789,18.478907377,11.1
9.213182319960914,18.194465385850688,11.1
8.51491789,18.478907376999995,11.099999999999998
12.90445788,19.969386187559685,11.1
12.26224989937044,20.00540440749981,11.1
9.21988472290504,19.041682862823404,11.1
8.589434638253044,17.904603611978338,11.1
11.490086018566824,19.40453547268539,11.1
9.158392592799967,18.21678429315785,11.099999999999998
5.595951362242073,20.279687284101897,11.100000000000001
4.1253779,20.26914043175787,11.1
4.8026796224698085,21.73908908895591,11.100000000000001
4.1253779,20.000624408810655,11.100000000000001
4.1253779,20.975144926490394,11.1
5.479853699906583,19.960695023580996,11.1
8.443264255365648,19.097094726084674,11.100000000000001
8.51491789,18.79208212519751,11.099999999999998
8.51491789,19.056071704151737,11.1
8.51491789,19.11757580948754,11.1
6.288459107096935,19.97129217239309,11.1
6.275512937249399,20.612116074103376,11.100000000000001
10.558383049130356,20.267011485000005,11.100000000000003
12.904457879999999,20.267011485,11.1
12.206191708989255,20.54581579604378,11.1
12.195259670034075,20.267011485,11.100000000000001
12.904457880000002,20.861049450322948,11.100000000000001
9.200489800914855,19.99770101574988,11.100000000000001
6.012679076707686,22.823918472208923,11.1
4.1253779,23.18057533502221,11.1
4.843463835059273,22.349386687752745,11.099999999999998
4.1253779,21.155149223553018,11.1
4.1253779,21.108473628411545,11.099999999999998
4.1253779,21.17427612981775,11.100000000000001
9.295352636439214,21.176656401522468,11.100000000000001
4.1253779,22.981884095771324,11.1
4.1253779,22.979373876040015,11.1
4.1253779,22.998560840484856,11.1
5.582754750538289,22.674498525633272,11.099999999999998
6.3529416018283875,21.15148007354651,11.1
10.704041834491782,21.993073079902135,11.1
9.206261550317883,22.38976846099556,11.100000000000001
12.198548351776903,20.84364175915289,11.099999999999998
10.6059574036732,22.376087995176096,11.1
10.633790436999128,22.65559047787018,11.100000000000001
10.133760711117542,22.968980016155406,11.099999999999998
4.1253779,23.906171142377932,11.1
4.1253779,24.401623362856817,11.1
4.1253779,24.43075398253163,11.100000000000001
4.1253779,24.456526049048115,11.1
4.1253779,24.143867493991845,11.1
4.125377900000001,24.18409760152438,11.100000000000001
5.5952669528463606,23.842734885236133,11.100000000000001
5.645904499842758,24.397222869773312,11.1
4.845308379761184,23.85426280078715,11.099999999999998
6.338642817894827,24.709651817218173,11.1
5.621217012343696,24.734866403436186,11.100000000000001
4.1253779,24.083725574648494,11.1
8.58400316106379,24.180889692169238,11.100000000000001
10.927660055336899,21.824956757712485,11.1
5.566373875060425,24.12450848011946,11.1
8.514917889999998,24.415950961449635,11.1
5.566231188147661,23.85650249652518,11.100000000000001
10.635839346250116,24.124652191382413,11.1
5.4895506393892735,24.183371597182308,11.1
4.1253779,24.471637831778025,11.100000000000001
4.1253779,24.990299373200607,11.1
4.1253779,25.007498311004152,11.1
5.655744902140458,24.416268701329066,11.1
5.577824928192099,24.137059662056444,11.1
4.868566899569408,24.140380840485534,11.099999999999998
5.596792511842295,24.744294439052435,11.1
6.3488740607427285,24.472477022323,11.1
7.107015128606557,25.315397846832326,11.099999999999998
7.832844213004962,24.747943027588992,11.099999999999998
6.4005809483228715,25.053863181839123,11.1
6.976860775511442,24.710487032968224,11.1
7.881859440583009,25.08234895307881,11.1
7.801341555932892,24.135527328332394,11.1
10.578965371606461,23.94972082133166,11.100000000000001
9.18712964783279,25.631323810000005,11.1
7.807620374477359,25.07186710562251,11.1
4.1253779,27.99217462775293,11.1
4.1253779,25.090347813685458,11.1
4.1253779,28.321112587371314,11.099999999999998
4.1253779,28.301913646869025,11.1
4.1253779,26.826462553150215,11.1
4.125377899999999,28.599046732227823,11.099999999999998
4.1253779,26.483018274079154,11.1
4.1253779,28.074503581229003,11.1
4.8206289100968185,27.54894871428906,11.099999999999998
4.775903682355833,27.7440999764652,11.1
4.840559987759612,28.03626824952805,11.1
5.476596193333691,27.721387028309756,11.1
8.51491789,27.419427919999997,11.1
10.71660193987411,28.019799206062533,11.1
12.200099320846421,27.41942792,11.100000000000001
8.51491789,27.41942792,11.100000000000001
9.173980420496383,27.701864481871063,11.1
10.641294197987081,28.049703251767983,11.100000000000001
4.1253779,27.62303347224106,11.1
4.1253779,25.348805695549004,11.100000000000001
4.1253779,28.389669032230763,11.1
4.1253779,28.9193423302468,11.1
5.564719920324522,28.289971045337694,11.100000000000001
4.7942059424103745,29.207532019999995,11.099999999999998
4.807936862612467,27.465880220486056,11.1
6.985641728382419,28.933460252091898,11.1
7.054632517780502,28.92128783079285,11.099999999999998
6.290547172226363,28.928393250229483,11.099999999999998
5.526177190740647,28.923762844968106,11.1
4.801356368756116,28.67531586117786,11.1
12.189559220441742,28.29944354145153,11.100000000000001
10.82865778663071,28.547342908518026,11.1
12.904457879999999,27.41942792,11.1
11.500677959208119,27.705346790494858,11.099999999999998
11.508818129491791,27.703688818145586,11.1
9.946785906520285,28.62780405812122,11.100000000000001
9.3391126431933,27.73412355358797,18.5
12.152557878283218,28.29796469132796,18.5
12.11638376114377,27.99132602598712,18.499999999999996
8.479644916064245,27.405059271564323,18.5
10.052696620288696,27.75627794801979,18.5
12.17747995013892,27.39305876299508,18.5
5.652617828439176,29.20753202,18.5
6.980526891319865,29.207532020000002,18.5
6.254517716485495,28.054421756580822,18.500000000000004
7.161602029730965,28.929030835319363,18.5
7.00445435364979,28.924857375591994,18.5
7.122628465628519,29.20753202,18.499999999999996
6.887509525467112,29.20753202,18.500000000000004
6.352461898333077,29.20753202,18.5
6.177754644432109,28.953682192302843,18.500000000000004
6.191953695747305,29.20753202,18.5
7.8770443513624935,28.938158946962595,18.5
7.89263519791293,28.954041623371914,18.5
9.244939845981033,26.539143345203012,18.5
9.980915080922268,26.555971166415805,18.499999999999996
12.204996929529766,27.41942792,18.5
12.904457879999999,26.17840386898002,18.5
9.348389741588656,26.53743088469975,18.5
9.299757711400503,24.676914460456917,18.5
7.901521427273442,26.83515444310109,18.5
9.999090290419225,26.831254672406658,18.5
7.719284172952976,25.454279606963244,18.5
7.632958960598097,26.487349535752827,18.5
4.743588350985526,25.88315535744472,18.5
6.107141719997278,25.63024897346458,18.5
6.425990206432488,28.270364501988077,18.5
7.041143192437418,27.70159190965775,18.5
7.0499476419624125,26.8217813146654,18.5
8.51491789,27.419427919999997,18.5
7.81277924835721,27.133407746184183,18.5
7.785800958621604,27.122417986239654,18.500000000000004
10.620951397009437,24.489876436007734,18.5
8.041626076121457,25.631323809999998,18.5
10.57717950845347,24.50057412255545,18.5
7.823731629982863,23.874185185656863,18.499999999999996
10.756553948334396,25.339433495689825,18.5
7.840064412307323,25.63132381,18.5
8.514917890000001,22.33083937451719,18.500000000000004
7.83869946530224,23.245894385295312,18.5
10.042772713147572,22.344935687957268,18.5
12.210054890737933,22.93737086069676,18.499999999999996
8.4603556746679,24.772732154078636,18.500000000000004
10.001225091296885,23.328010934027045,18.5
7.793691207767785,27.125632124158287,18.500000000000004
6.9381506600795735,24.397198935594474,18.500000000000004
7.723900090119515,23.279213023216464,18.5
9.203382674403423,22.372746575215505,18.499999999999996
9.158998523786412,22.381272869900425,18.5
6.997327816954726,23.01230148000318,18.5
10.839380700050896,21.779846890363316,18.499999999999996
11.407218124414308,21.191524886694484,18.5
9.940892467673358,21.743116170824976,18.5
9.2616301024517,21.743570297783187,18.500000000000004
12.115069107894909,23.015610306647126,18.5
10.605843568079564,21.741846200040598,18.499999999999996
8.55071939288978,21.80578415156732,18.499999999999996
9.821490384133282,22.92184751452911,18.5
11.37170974747638,22.959733991482334,18.5
10.12094751422389,21.78215801686904,18.499999999999996
10.628525076714494,22.63139897501471,18.500000000000004
10.656894174930814,22.648037722462348,18.5
9.049972230033577,22.309437286252486,18.499999999999996
7.839903910722157,21.473238451768875,18.5
5.536499446431231,21.765179582659847,18.5
7.833839453665033,22.327130024426104,18.499999999999996
7.732971348639138,22.951093490081647,18.5
8.354170513831184,22.359543995930967,18.5
11.420173532717174,18.78891785320671,18.5
11.339979984570235,22.314228982006842,18.5
12.196587855336514,21.711742992434203,18.5
10.69593811803146,20.015719817846,18.5
11.47113303863791,22.08243023963306,18.5
12.205630325878365,21.770444209017644,18.500000000000004
6.3251974552505,22.062862896164244,18.5
7.844823306668861,22.070389748491458,18.5
8.496634075986258,23.540056623720112,18.5
7.003282479252463,22.0241765935716,18.5
8.536693337512538,21.77247936582156,18.5
7.723456884547748,21.77918939976807,18.5
10.070538470386966,21.492761085542707,18.5
9.196130512675008,21.762146884254168,18.5
9.457184053633684,21.774772892737982,18.5
9.501273441289676,21.773488246588833,18.5
8.783005734908883,22.055115592,18.500000000000004
9.467892775483962,21.509889797466844,18.5
8.534617240010196,18.154626552880643,18.5
7.13530771708406,19.36439986671584,18.5
10.687333810480087,18.489082594141657,18.5
10.73895380621402,17.852138317703282,18.5
10.732268423380548,19.095890814176975,18.5
9.948856113403032,19.06713634076906,18.5
12.904457879999999,17.56931566413374,18.5
11.477761290398282,17.867018060974537,18.5
7.721720698865049,20.875342582373133,18.5
9.994548466469324,19.66427554481866,18.5
7.187826031810129,19.022010369324306,18.5
9.98115717532766,17.580167997110934,18.5
6.93997321828244,20.908574164053288,18.5
5.56549040400278,20.595110226482326,18.500000000000004
7.00490504890669,20.882123813155754,18.5
4.822012604331645,20.873357199357347,18.5
7.077622706170899,19.068922665177094,18.5
5.555987562042497,19.04635508381716,18.5
9.282489283186415,18.480975695620945,18.5
8.518395105117675,17.2842899846521,18.5
12.203710402665578,18.830312285739243,18.5
9.378151821390711,17.5464775793823,18.5
12.904457880000004,18.480315537240124,18.5
12.219485668930101,18.529522336360863,18.5
11.441418849399845,18.767250996510178,18.5
9.258442777342932,19.067366254573358,18.499999999999996
9.982263517582142,19.409408515248625,18.5
11.382887185330784,19.372676509628143,18.5
9.994981952704487,20.517610132911816,18.5
9.223482246831297,20.262052404881338,18.5
8.500889592642764,17.87116357051762,18.500000000000004
4.85275734571438,19.083967064855308,18.499999999999996
9.908471975135722,20.50720837361277,18.5
5.57327321567623,19.658965825038486,18.5
9.870249488656539,20.52067538458455,18.5
5.5188468315638035,19.68323632655683,18.5
9.919815213122947,17.016213421518394,18.5
10.652854740327616,17.022751322070977,18.5
11.519787415605068,16.976769888863764,18.5
10.046158145783062,17.274685180300555,18.5
9.260895389965546,18.47235318188734,18.5
10.116850034741223,17.80831854737593,18.5
5.643812827935744,17.26586986184101,18.5
6.370365311372166,16.977108997475902,18.5
7.804063929806983,16.690803269999996,18.499999999999996
6.32764004079888,17.275979239856305,18.5
6.285660319124942,18.18790499496943,18.5
7.812545159873579,16.968954554500062,18.499999999999996
5.483629335454002,18.839593109102744,18.500000000000004
9.993748720091777,17.543948898802743,18.499999999999996
7.581068598845782,17.255159566740318,18.5
7.601330013302192,17.260594335049984,18.5
7.9350358020485094,18.736291532592297,18.5
6.332692986771384,18.46011109387352,18.5
4.1253779,16.969622559412986,18.5
5.54013290378033,19.090541407675392,18.5
7.158345534907692,17.599792995295314,18.5
4.1253779,17.272743318054804,18.5
4.838084893405784,16.97704455831721,18.499999999999996
6.2623189314961545,17.285955691877007,18.5
7.056835835851281,16.69080327,18.500000000000004
7.119370648589098,16.690803269999996,18.5
7.860685663789591,16.69080327,18.5
7.153116634746244,16.690803270000004,18.5
7.076748261146919,16.69080327,18.5
8.51491789,16.69080327,18.500000000000004
6.348939313955135,17.285958546615035,18.5
7.844232490786497,18.449982580680313,18.5
10.714981943896248,18.527501914684816,18.5
8.522532359525473,17.857825231674642,18.5
5.600808084892777,17.288167448604796,18.500000000000004
8.503646290855407,17.26476285131617,18.5
5.519336636950278,18.78578434680228,18.5
6.188525067132033,19.114382078233792,18.500000000000004
8.333625502739162,17.53159377224082,18.5
6.83158274366872,18.528914386739267,18.5
6.9039215697717005,18.491803083675844,18.5
5.550306139791864,17.884136028942923,18.5
8.557601649181205,19.606764210675593,18.5
7.027832268052066,19.632365582680862,18.499999999999996
7.029388361496517,19.66622849276574,18.5
6.332984326030873,17.86455206762859,18.5
7.80311310607308,17.26491910265513,18.5
7.805117109325278,17.56857475529856,18.5
6.937549052071675,19.40410535396439,18.5
11.459035130806447,20.281734884677086,18.499999999999996
11.468302481964823,19.38815017162618,18.5
10.670707275891193,19.041649174633843,18.5
12.904457880000002,18.512960181019384,18.5
9.957153008255213,19.678842643748297,18.5
5.509660208717782,22.058427183411677,18.5
9.249005264386263,20.207158429513267,18.5
7.813254067242761,19.276995759554932,18.499999999999996
4.1253779,19.39659008388782,18.5
4.1253779,19.715556167897333,18.5
4.125377900000001,17.871451531183375,18.5
9.906144093873777,21.17104283679607,18.5
8.469577042533704,21.449493805492736,18.499999999999996
5.55498912123692,19.691292806960078,18.5
7.103220509015211,19.996300050262505,18.5
7.005153458330692,19.66935827184342,18.5
6.257501428442278,19.674414902250607,18.5
7.81182426609171,18.70646446633336,18.500000000000004
9.877060029665385,19.708590807200068,18.500000000000004
6.389079005202356,20.220888416724613,18.5
9.978120138257204,20.261676830891872,18.5
10.710556322167289,20.54929020050956,18.5
7.832058482729308,19.978816598584913,18.5
5.564321923674433,21.468953551253826,18.500000000000004
7.67027621111979,20.87366811856116,18.499999999999996
8.561617218747433,20.896122609650547,18.5
7.938364490606579,21.77365017969875,18.5
9.387482618693157,21.77462378721491,18.5
7.766798216757456,22.364427250805086,18.5
7.764881940100163,21.756625796626622,18.5
7.773978727221981,21.736750023014494,18.5
7.806217291443123,21.760699547945773,18.5
8.463907367638248,21.78736672210758,18.5
7.785349791864718,21.49694459168094,18.5
5.535252374173928,22.04588165880941,18.500000000000004
10.74548697920588,19.975375059855836,18.5
11.478005684147709,20.576078995991672,18.5
8.563875489502557,20.23835493389443,18.5
9.157685196512986,21.78052859381093,18.5
10.89523078615174,22.331600923516497,18.500000000000004
11.579845152439784,22.055115592000003,18.500000000000004
5.5713401928539925,23.22393888645242,18.5
6.2565639876634185,23.153251304074075,18.5
7.688013363743724,22.383375391680424,18.5
6.714396808853801,22.33157626814324,18.500000000000004
6.959068129709954,22.96690762884068,18.5
9.982493706299584,22.08656787079786,18.500000000000004
8.520694532442732,22.365778948116972,18.5
9.216668064490852,21.77845691613278,18.5
10.77605210469811,21.78294443881048,18.500000000000004
6.968649640246545,21.765503350203197,18.500000000000004
9.974807934358697,21.74755675664876,18.5
7.599127766135215,22.019614765194557,18.499999999999996
12.904457880000002,22.34680534563525,18.5
12.90445788,22.979875576488467,18.5
6.987892573845986,22.3475521816027,18.5
10.129969922956747,23.179850541645592,18.5
11.570391607471745,22.326835337996894,18.5
11.523568423139192,22.065177634295175,18.5
7.059405905448742,24.162862463130267,18.5
7.763672463032378,24.075429808692597,18.5
8.603148653569285,24.080820526971472,18.5
7.087506772411759,26.486432641288058,18.5
5.5380043696077745,26.48704958334602,18.5
5.424759004034578,26.360807336579565,18.5
6.936426189449928,24.462376081589085,18.5
7.069494969024302,24.63090798260413,18.5
7.0567242336905975,27.13945020220035,18.499999999999996
8.443094488165851,24.334509016594815,18.5
7.7082456638858785,24.66233052114209,18.5
8.51491789,25.677137970368378,18.5
10.768993865981384,22.08030424358247,18.5
6.425602631117656,25.048606566012733,18.5
6.435691117094727,25.012358211328664,18.499999999999996
9.961135871596351,23.56166714560495,18.5
9.32491874469052,28.02521496951513,18.5
12.223363752286874,21.77766802123133,18.5
5.524676847594757,27.419427920000004,18.500000000000004
7.167396060015365,27.419427920000004,18.5
5.6126132973841605,27.41942792,18.5
6.3877913816812235,27.1458281785063,18.499999999999996
7.176990006796862,27.937844152281674,18.5
7.853093737316197,27.149830082821808,18.5
9.215057403880877,27.704633736143485,18.5
6.336476395399497,26.532027372616064,18.5
7.78371644008303,27.121568844065038,18.5
7.5377983890298506,25.676144199067778,18.5
6.9755346588078275,26.792351395163553,18.5
7.773241742391083,27.11730191645179,18.5
9.294957789610056,25.990721046971828,18.5
9.09572094232844,27.656021347297337,18.5
7.7050976708762136,27.153433692041467,18.499999999999996
7.874361043145554,27.158493439304568,18.5
7.0464634772830195,26.8212446532548,18.499999999999996
7.831632374195858,27.41860247275217,18.5
6.372941639472522,28.628101511156487,18.5
4.823803122562002,29.207532020000002,18.5
7.041725430075324,28.038859471184104,18.5
7.8334992706907345,28.299988370445988,18.5
5.607941467305812,28.3097170830718,18.5
5.55185649204817,29.207532020000002,18.5
6.40478725151595,28.66056272978438,18.5
4.8237719571139746,29.20753202,18.5
5.5362406378407805,28.347075956991127,18.5
7.772694615874444,28.66375150200591,18.499999999999996
6.10221762800464,28.017972965957277,18.5
5.497695827959235,28.927003009729006,18.5
8.53075173774727,29.207532019999995,18.5
7.077799787413417,28.273929583758765,18.5
7.870748076687382,27.44527312753656,18.5
7.041257161089786,28.34096076352311,18.499999999999996
9.392808544206016,27.498482064555823,18.5
8.626775531101169,27.757388018992504,18.5
